-1.40313214872069	-0.210082916316083	2.26617591409702	-2.63411473174541	0.420045317560535	2.7378912072444	2.05512981394311
-1.40313201530594	-0.210082933354169	2.26617578334883	-2.63411471082235	0.420045305159746	2.73789114967771	2.05512983536611
-1.4031310835847	-0.210083052405266	2.26617487010862	-2.63411456465224	0.420045218546408	2.73789074751488	2.05512998485368
-1.40312856125094	-0.210083374889754	2.26617239737626	-2.63411416878916	0.42004498403649	2.73788965837098	2.05513038916841
-1.40312366254461	-0.210084001581497	2.26616759414284	-2.63411339966112	0.420044528522521	2.7378875422732	2.05513117365261
-1.40311560825162	-0.210085032607853	2.26615969539062	-2.63411213457009	0.420043779473597	2.73788406166096	2.05513246222825
-1.40310362570387	-0.210086567449666	2.26614794209306	-2.634110251692	0.420042664935373	2.73787888138584	2.05513437739698
-1.40308694877919	-0.210088704941273	2.26613158121482	-2.63410763007671	0.420041113530069	2.73787166871158	2.05513704024015
-1.40306481790141	-0.210091543270498	2.26610986571172	-2.63410414964803	0.420039054456468	2.73786209331414	2.05514057041879
-1.40303648004033	-0.210095179978655	2.2660820545308	-2.63409969120374	0.420036417489915	2.73784982728164	2.05514508617361
-1.40300118871169	-0.210099711960547	2.26604741261027	-2.63409413641555	0.420033132982318	2.73783454511436	2.05515070432501
-1.40295820397723	-0.210105235464469	2.26600521087954	-2.63408736782911	0.42002913186215	2.7378159237248	2.05515754027306
-1.40290679244465	-0.210111846092201	2.2659547262592	-2.63407926886405	0.420024345634445	2.7377936424376	2.05516570799752
-1.40284622726761	-0.210119638799017	2.26589524166103	-2.63406972381392	0.4200187063808	2.73776738298961	2.05517532005786
-1.40277578814574	-0.210128707893677	2.26582604598802	-2.63405861784624	0.420012146759376	2.73773682952986	2.05518648759319
-1.40269476132465	-0.210139147038433	2.26574643413431	-2.63404583700246	0.420004600004896	2.73770166861953	2.05519932032233
-1.40260243959591	-0.210151049249025	2.26565570698528	-2.634031268198	0.419995999928646	2.737661589232	2.05521392654379
-1.40249812229705	-0.210164506894683	2.26555317141745	-2.6340147992222	0.419986280918477	2.73761628275284	2.05523041313574
-1.4023811153116	-0.210179611698126	2.26543814029856	-2.63399631873837	0.419975377938799	2.73756544297979	2.05524888555605
-1.40225073106902	-0.210196454735563	2.26530993248752	-2.63397571628378	0.419963226530589	2.73750876612275	2.05526944784228
-1.40210628854477	-0.210215126436693	2.26516787283446	-2.63395288226962	0.419949762811385	2.73744595080384	2.05529220261166
-1.40194711326026	-0.210235716584702	2.26501129218067	-2.63392770798104	0.419934923475289	2.73737669805733	2.05531725106111
-1.40177253728288	-0.210258314316269	2.26483952735864	-2.63390008557716	0.419918645792963	2.73730071132968	2.05534469296724
-1.40158189922597	-0.210283008121559	2.26465192119204	-2.63386990809101	0.419900867611636	2.73721769647952	2.05537462668633
-1.40137454424886	-0.21030988584423	2.26444782249575	-2.6338370694296	0.419881527355098	2.73712736177768	2.05540714915435
-1.40114982405685	-0.210339034681426	2.26422658607582	-2.63380146437387	0.419860564023702	2.73702941790715	2.05544235588696
-1.40090709690119	-0.210370541183783	2.26398757272951	-2.63376298857873	0.419837917194364	2.73692357796312	2.0554803409795
-1.4006457275791	-0.210404491255425	2.26373014924523	-2.63372153857302	0.419813527020564	2.73680955745293	2.055521197107
-1.4003650874338	-0.210440970153967	2.26345368840263	-2.63367701175954	0.419787334232342	2.73668707429614	2.05556501552415
-1.40006455435445	-0.210480062490511	2.26315756897252	-2.63362930641503	0.419759280136305	2.73655584882445	2.05561188606536
-1.39974351277617	-0.210521852229651	2.2628411757169	-2.63357832169018	0.419729306615621	2.73641560378176	2.0556618971447
-1.39940135368008	-0.210566422689469	2.26250389938896	-2.63352395760963	0.41969735613002	2.73626606432415	2.05571513575593
-1.39903747459324	-0.210613856541537	2.26214513673309	-2.63346611507199	0.419663371715796	2.73610695801989	2.05577168747249
-1.3986512795887	-0.210664235810917	2.26176429048486	-2.63340469584978	0.419627296985807	2.7359380148494	2.05583163644751
-1.39824217928548	-0.210717641876158	2.26136076937104	-2.63333960258949	0.419589076129472	2.73575896720531	2.0558950654138
-1.39780959084854	-0.210774155469302	2.26093398810957	-2.63327073881157	0.419548653912774	2.73556954989242	2.05596205568387
-1.39735293798884	-0.210833856675878	2.26048336740959	-2.6331980089104	0.41950597567826	2.73536950012769	2.05603268714988
-1.39687165096329	-0.210896824934906	2.26000833397144	-2.63312131815432	0.419460987345038	2.73515855754029	2.0561070382837
-1.39636516657479	-0.210963139038894	2.25950832048664	-2.6330405726856	0.419413635408779	2.73493646417156	2.05618518613689
-1.39583292817218	-0.211032877133839	2.2589827656379	-2.63295567952049	0.419363866941719	2.73470296447501	2.05626720634066
-1.39527438565028	-0.211106116719231	2.25843111409911	-2.63286654654917	0.419311629592656	2.73445780531635	2.05635317310595
-1.3946889954499	-0.211182934648046	2.25785281653536	-2.63277308253577	0.41925687158695	2.73420073597344	2.05644315922335
-1.39407622055779	-0.21126340712675	2.25724732960293	-2.63267519711837	0.419199541726524	2.73393150813634	2.05653723606314
-1.39343553050667	-0.2113476097153	2.25661411594929	-2.632572800809	0.419139589389867	2.7336498759073	2.05663547357529
-1.39276640137526	-0.21143561732714	2.25595264421309	-2.63246580499363	0.419076964532027	2.73335559580073	2.05673794028946
-1.39206831578822	-0.211527504229207	2.25526238902419	-2.6323541219322	0.419011617684617	2.73304842674322	2.05684470331497
-1.39134076291618	-0.211623344041924	2.2545428310036	-2.63223766475858	0.418943499955813	2.73272813007356	2.05695582834086
-1.39058323847575	-0.211723209739205	2.25379345676357	-2.6321163474806	0.418872563030352	2.73239446954269	2.05707137963582
-1.3897952447295	-0.211827173648454	2.2530137589075	-2.63199008498003	0.418798759169538	2.73204721131377	2.05719142004825
-1.38897629048597	-0.211935307450564	2.25220323603	-2.63185879301259	0.418722041211235	2.7316861239621	2.05731601100621
-1.38812589109969	-0.212047682179916	2.25136139271686	-2.63172238820795	0.418642362569869	2.73131097847517	2.05744521251746
-1.38724356847112	-0.212164368224383	2.25048773954506	-2.63158078806974	0.418559677236432	2.73092154825268	2.05757908316944
-1.38632885104672	-0.212285435325325	2.24958179308277	-2.63143391097553	0.418473939778476	2.73051760910647	2.05771768012928
-1.3853812738189	-0.212410952577594	2.24864307588936	-2.63128167617684	0.418385105340119	2.73009893926057	2.05786105914378
-1.38440037832606	-0.21254098842953	2.24767111651538	-2.63112400379912	0.418293129642041	2.72966531935122	2.05800927453944
-1.38338571265254	-0.212675610682961	2.24666544950256	-2.63096081484181	0.418197968981482	2.72921653242679	2.05816237922243
-1.38233683142868	-0.212814886493209	2.24562561538383	-2.63079203117826	0.418099580232249	2.72875236394788	2.05832042467862
-1.38125329583076	-0.21295888236908	2.24455116068333	-2.6306175755558	0.41799792084471	2.72827260178723	2.05848346097355
-1.38013467358104	-0.213107664172873	2.24344163791634	-2.63043737159567	0.417892948845796	2.72777703622978	2.05865153675244
-1.37898053894777	-0.213261297120375	2.24229660558938	-2.6302513437931	0.417784622839002	2.72726545997265	2.05882469924021
-1.37779047274513	-0.213419845780864	2.24111562820012	-2.63005941751725	0.417672902004385	2.72673766812514	2.05900299424146
-1.37656406233331	-0.213583374077106	2.23989827623745	-2.62986151901123	0.417557746098565	2.72619345820871	2.05918646614046
-1.37530090161842	-0.213751945285356	2.23864412618143	-2.62965757539209	0.417439115454726	2.72563263015702	2.05937515790119
-1.37400059105259	-0.213925622035361	2.23735276050332	-2.62944751465086	0.417316970982613	2.72505498631592	2.05956911106728
-1.37266273763388	-0.214104466310355	2.23602376766555	-2.62923126565247	0.417191274168537	2.72446033144342	2.05976836576208
-1.37128695490634	-0.214288539447062	2.23465674212178	-2.62900875813584	0.417061987075368	2.7238484727097	2.0599729606886
-1.36987286295998	-0.214477902135696	2.23325128431681	-2.62877992271382	0.416929072342542	2.72321921969716	2.06018293312953
-1.36842008843079	-0.21467261441996	2.23180700068666	-2.62854469087323	0.416792493186057	2.72257238440033	2.06039831894727
-1.36692826450071	-0.214872735697048	2.23032350365854	-2.6283029949748	0.416652213398475	2.72190778122597	2.06061915258388
-1.36539703089766	-0.21507832471764	2.22880041165083	-2.62805476825325	0.416508197348919	2.72122522699298	2.06084546706112
-1.36382603389553	-0.21528943958591	2.22723734907312	-2.62779994481722	0.416360409983077	2.72052454093246	2.06107729398042
-1.36221492631419	-0.215506137759517	2.22563394632618	-2.62753845964931	0.416208816823198	2.71980554468768	2.0613146635229
-1.36056336751944	-0.215728476049613	2.22398983980197	-2.62727024860607	0.416053383968095	2.71906806231411	2.06155760444938
-1.35887102342309	-0.215956510620838	2.22230467188364	-2.62699524841801	0.415894078093145	2.71831192027937	2.06180614410032
-1.35713756648291	-0.21619029699132	2.22057809094553	-2.62671339668956	0.415730866450286	2.71753694746328	2.06206030839592
-1.35536267570261	-0.21642989003268	2.21880975135316	-2.62642463189912	0.41556371686802	2.71674297515783	2.06232012183602
-1.35354603663191	-0.216675343970025	2.21699931346326	-2.62612889339904	0.415392597751412	2.71592983706721	2.06258560750017
-1.35168734136648	-0.216926712381954	2.21514644362373	-2.62582612141561	0.41521747808209	2.71509736930776	2.0628567870476
-1.34978628854794	-0.217184048200553	2.21325081417367	-2.62551625704907	0.415038327418245	2.71424541040802	2.0631336807172
-1.34784258336391	-0.217447403711401	2.21131210344336	-2.62519924227361	0.41485511589463	2.7133738013087	2.06341630732758
-1.34585593754797	-0.217716830553562	2.20932999575428	-2.62487501993737	0.414667814222563	2.7124823853627	2.06370468427701
-1.34382606937966	-0.217992379719593	2.2073041814191	-2.62454353376245	0.414476393689923	2.7115710083351	2.06399882754345
-1.3417527036845	-0.218274101555539	2.20523435674167	-2.62420472834488	0.414280826161152	2.71063951840314	2.06429875168454
-1.33963557183396	-0.218562045760935	2.20312022401703	-2.62385854915465	0.414081084077257	2.70968776615627	2.06460446983763
-1.3374744117455	-0.218856261388805	2.20096149153142	-2.62350494253569	0.413877140455806	2.70871560459609	2.06491599371971
-1.33526896788253	-0.219156796845663	2.19875787356226	-2.62314385570589	0.413668968890931	2.70772288913641	2.06523333362749
-1.33301899125446	-0.219463699891511	2.19650909037817	-2.62277523675708	0.413456543553326	2.70670947760319	2.06555649843734
-1.33072423941662	-0.219777017639842	2.19421486823893	-2.62239903465505	0.413239839190249	2.70567523023459	2.06588549560534
-1.32838447647036	-0.22009679655764	2.19187493939555	-2.62201519923952	0.413018831125521	2.70462000968094	2.06622033116722
-1.32599947306297	-0.220423082465374	2.18948904209021	-2.62162368122418	0.412793495259526	2.70354368100476	2.06656100973844
-1.32356900638771	-0.220755920537005	2.18705692055627	-2.62122443219666	0.412563808069208	2.70244611168075	2.06690753451409
-1.32109286018381	-0.221095355299986	2.18457832501829	-2.62081740461854	0.412329746608079	2.70132717159576	2.06725990726899
-1.31857082473648	-0.221441430635254	2.18205301169203	-2.62040255182534	0.412091288506211	2.70018673304887	2.06761812835761
-1.31600269687689	-0.221794189777241	2.17948074278442	-2.61997982802653	0.411848411970239	2.69902467075131	2.06798219671413
-1.31338827998217	-0.222153675313864	2.17686128649359	-2.61954918830556	0.411601095783361	2.69784086182647	2.0683521098524
-1.31072738397544	-0.222519929186532	2.17419441700885	-2.61911058861978	0.411349319305339	2.69663518580997	2.06872786386596
-1.30801982532577	-0.222892992690143	2.17147991451072	-2.61866398580052	0.411093062472498	2.69540752464958	2.06910945342803
-1.30526542704821	-0.223272906473083	2.16871756517088	-2.61820933755306	0.410832305797724	2.69415776270524	2.06949687179151
-1.30246401870377	-0.223659710537231	2.16590716115223	-2.61774660245662	0.410567030370468	2.69288578674909	2.069890110789
-1.29961543639944	-0.224053444237951	2.16304850060884	-2.61727573996436	0.410297217856743	2.69159148596545	2.07028916083276
-1.29671952278817	-0.2244541462841	2.16014138768596	-2.61679671040341	0.410022850499126	2.6902747519508	2.07069401091476
-1.29377612706888	-0.224861854738023	2.15718563252006	-2.61630947497483	0.409743911116756	2.68893547871383	2.07110464860663
-1.29078510498646	-0.225276607015554	2.15418105123879	-2.61581399575364	0.409460383105334	2.68757356267538	2.0715210600597
-1.28774631883177	-0.225698439886017	2.15112746596096	-2.6153102356888	0.409172250437127	2.68618890266849	2.07194323000499
-1.28465963744163	-0.226127389472227	2.1480247047966	-2.61479815860324	0.408879497660962	2.68478139993837	2.07237114175318
-1.28152493619885	-0.226563491250485	2.14487260184693	-2.61427772919381	0.408582109902231	2.68335095814241	2.07280477719465
-1.27834209703219	-0.227006780050585	2.14167099720434	-2.61374891303133	0.408280072862887	2.68189748335019	2.07324411679946
-1.27511100841638	-0.227457290055809	2.13841973695243	-2.61321167656056	0.407973372821448	2.68042088404346	2.07368913961736
-1.27183156537213	-0.227915054802927	2.13511867316597	-2.6126659871002	0.407661996632994	2.67892107111615	2.07413982327778
-1.2685036694661	-0.228380107182201	2.13176766391093	-2.61211181284293	0.407345931729168	2.67739795787437	2.07459614398983
-1.26512722881095	-0.228852479437381	2.12836657324447	-2.61154912285534	0.407025166118175	2.67585146003642	2.0750580765423
-1.26170215806527	-0.229332203165706	2.12491527121495	-2.61097788707799	0.406699688384785	2.67428149573277	2.07552559430369
-1.25822837843365	-0.229819309317907	2.12141363386189	-2.6103980763254	0.40636948769033	2.67268798550608	2.07599866922216
-1.25470581766663	-0.230313828198202	2.11786154321602	-2.60980966228601	0.406034553772705	2.67107085231116	2.07647727182555
-1.25113441006073	-0.230815789464299	2.11425888729926	-2.60921261752223	0.405694876946368	2.66943002151505	2.0769613712214
-1.24751409645844	-0.231325222127396	2.11060556012471	-2.60860691547042	0.405350448102339	2.66776542089692	2.07745093509693
-1.2438448242482	-0.231842154552179	2.10690146169667	-2.60799253044087	0.405001258708202	2.66607698064816	2.07794592971904
-1.24012654736445	-0.232366614456826	2.10314649801063	-2.60736943761783	0.404647300808105	2.66436463337231	2.07844631993431
-1.23635922628756	-0.232898628913003	2.09934058105325	-2.60673761305951	0.404288567022757	2.66262831408511	2.07895206916902
-1.23254282804391	-0.233438224345865	2.0954836288024	-2.60609703369806	0.40392505054943	2.66086796021446	2.07946313942911
-1.22867732620581	-0.233985426534058	2.09157556522714	-2.60544767733957	0.403556745161962	2.65908351160047	2.07997949130023
-1.22476270089158	-0.234540260609715	2.0876163202877	-2.60478952266409	0.403183645210749	2.65727491049539	2.0805010839477
-1.22079893876546	-0.23510275105846	2.08360582993551	-2.60412254922562	0.402805745622755	2.65544210156369	2.08102787511652
-1.21678603303771	-0.235672921719408	2.0795440361132	-2.60344673745209	0.402423041901503	2.653585031882	2.08155982113139
-1.21272398346452	-0.236250795785161	2.07543088675458	-2.60276206864541	0.402035530127082	2.65170365093912	2.08209687689667
-1.20861279634806	-0.236836395801811	2.07126633578465	-2.60206852498141	0.401643206956142	2.64979791063605	2.08263899589643
-1.20445248453649	-0.23742974366894	2.06705034311959	-2.60136608950989	0.401246069621897	2.64786776528597	2.0831861301944
-1.2002430674239	-0.23803086063962	2.06278287466678	-2.60065474615459	0.400844115934123	2.64591317161421	2.08373823043402
-1.19598457095038	-0.238639767320411	2.0584639023248	-2.5999344797132	0.400437344279159	2.64393408875832	2.08429524583839
-1.19167702760197	-0.239256483671363	2.05409340398339	-2.59920527585735	0.400025753619909	2.641930478268	2.08485712421031
-1.1873204764107	-0.239881029006017	2.04967136352352	-2.59846712113263	0.399609343495838	2.63990230410514	2.08542381193225
-1.18291496295455	-0.240513421991401	2.0451977708173	-2.59772000295858	0.399188114022975	2.63784953264383	2.08599525396638
-1.17846053935747	-0.241153680648034	2.04067262172807	-2.59696390962869	0.39876206589391	2.6357721326703	2.08657139385454
-1.17395726428938	-0.241801822349924	2.03609591811035	-2.59619883031038	0.398331200377798	2.63367007538299	2.08715217371827
-1.16940520296619	-0.242457863824568	2.03146766780983	-2.59542475504505	0.397895519320357	2.63154333439252	2.08773753425877
-1.16480442714974	-0.243121821152954	2.02678788466341	-2.59464167474801	0.397455025143867	2.62939188572166	2.08832741475695
-1.16015501514788	-0.243793709769559	2.02205658849918	-2.59384958120856	0.397009720847172	2.6272157078054	2.08892175307339
-1.15545705181439	-0.244473544462347	2.0172738051364	-2.59304846708993	0.396559610005677	2.62501478149088	2.08952048564835
-1.15071062854905	-0.245161339372775	2.01243956638555	-2.59223832592928	0.396104696771352	2.62278909003743	2.09012354750178
-1.14591584329759	-0.245857107995788	2.00755391004826	-2.59141915213776	0.39564498587273	2.62053861911657	2.09073087223332
-1.14107280055172	-0.246560863179819	2.00261687991739	-2.59059094100043	0.395180482614905	2.61826335681198	2.09134239202229
-1.13618161134911	-0.247272617126794	1.99762852577696	-2.58975368867632	0.394711192879536	2.61596329361954	2.09195803762768
-1.1312423932734	-0.247992381392124	1.99258890340219	-2.58890739219841	0.394237123124844	2.6136384224473	2.09257773838819
-1.12625527045421	-0.248720166884712	1.9874980745595	-2.58805204947362	0.393758280385614	2.61128873861548	2.09320142222218
-1.12122037356712	-0.249455983866952	1.98235610700647	-2.58718765928283	0.393274672273191	2.6089142398565	2.09382901562772
-1.11613783983367	-0.250199841954725	1.9771630744919	-2.58631422128084	0.392786306975487	2.60651492631494	2.09446044368253
-1.11100781302138	-0.250951750117401	1.97191905675577	-2.58543173599644	0.392293193256975	2.60409080054759	2.09509563004404
-1.10583044344375	-0.251711716677842	1.96662413952924	-2.58454020483234	0.391795340458691	2.60164186752338	2.09573449694935
-1.10060588796022	-0.252479749312398	1.96127841453467	-2.58363963006521	0.391292758498233	2.59916813462345	2.09637696521527
-1.09533430997622	-0.253255855050908	1.9558819794856	-2.58273001484567	0.390785457869764	2.59666961164111	2.09702295423825
-1.09001587944315	-0.254040040276701	1.95043493808678	-2.58181136319829	0.390273449644009	2.59414631078184	2.09767238199446
-1.08465077285836	-0.254832310726596	1.94493740003412	-2.58088368002157	0.389756745468255	2.59159824666332	2.09832516503975
-1.07923917326518	-0.255632671490901	1.93938948101473	-2.57994697108799	0.389235357566354	2.5890254363154	2.09898121850963
-1.07378127025293	-0.256441127013413	1.93379130270693	-2.57900124304395	0.38870929873872	2.58642789918011	2.09964045611932
-1.06827725995686	-0.257257681091419	1.92814299278021	-2.57804650340982	0.388178582362329	2.58380565711165	2.10030279016372
-1.06272734505821	-0.258082336875696	1.92244468489524	-2.5770827605799	0.387643222390722	2.58115873437643	2.10096813151739
-1.05713173478419	-0.258915096870509	1.9166965187039	-2.57611002382247	0.387103233354001	2.57848715765299	2.10163638963461
-1.05149064490797	-0.259755962933614	1.91089863984926	-2.57512830327972	0.386558630358833	2.5757909560321	2.10230747254932
-1.0458042977487	-0.260604936276255	1.90505119996555	-2.57413760996781	0.386009429088445	2.57307016101669	2.10298128687516
-1.0400729221715	-0.261462017463167	1.89915435667822	-2.57313795577686	0.385455645802629	2.57032480652186	2.10365773780542
-1.03429675358743	-0.262327206412574	1.89320827360391	-2.57212935347091	0.384897297337742	2.56755492887491	2.10433672911313
-1.02847603395356	-0.263200502396188	1.88721312035042	-2.57111181668797	0.384334401106699	2.5647605668153	2.10501816315095
-1.02261101177289	-0.264081904039213	1.88116907251677	-2.57008535993999	0.383766975098982	2.56194176149468	2.10570194085125
-1.01670194209443	-0.26497140932034	1.87507631169316	-2.56904999861288	0.383195037880635	2.55909855647688	2.10638796172609
-1.01074908651312	-0.265869015571751	1.86893502546097	-2.56800574896648	0.382618608594264	2.55623099773791	2.10707612386719
-1.00475271316989	-0.266774719479117	1.86274540739278	-2.56695262813461	0.382037706959039	2.55333913366596	2.10776632394599
-0.99871309675164	-0.267688517081599	1.85650765705235	-2.56589065412499	0.381452353270692	2.5504230150614	2.10845845721358
-0.992630518491227	-0.268610403771846	1.85022197999464	-2.56481984581935	0.380862568401519	2.54748269513677	2.10915241750074
-0.986505266167486	-0.269540374295999	1.8438885877658	-2.56374022297331	0.380268373800379	2.54451822951681	2.10984809721795
-0.980337634105216	-0.270478422753686	1.83750769790316	-2.56265180621648	0.379669791492692	2.54152967623843	2.11054538735537
-0.974127923175188	-0.271424542598025	1.83107953393524	-2.5615546170524	0.379066844080445	2.5385170957507	2.11124417748282
-0.967876440794139	-0.272378726635624	1.82460432538176	-2.56044867785856	0.378459554742183	2.53548055091491	2.11194435574984
-0.961583500924778	-0.273340967026581	1.81808230775362	-2.55933401188641	0.377847947233018	2.5324201070045	2.11264580888564
-0.95524942407578	-0.274311255284482	1.8115137225529	-2.55821064326135	0.377232045884623	2.5293358317051	2.11334842219909
-0.94887453730179	-0.275289582276404	1.8048988172729	-2.5570785969827	0.376611875605234	2.52622779511451	2.11405207957878
-0.942459174203422	-0.276275938222913	1.79823784539808	-2.55593789892376	0.37598746187965	2.52309606974273	2.11475666349297
-0.936003674927258	-0.277270312698063	1.79153106640411	-2.55478857583177	0.375358830769235	2.51994073051192	2.1154620549896
-0.929508386165851	-0.278272694629399	1.78477874575783	-2.55363065532791	0.374726008911913	2.51676185475643	2.1161681336963
-0.922973661157719	-0.279283072297956	1.77798115491727	-2.55246416590733	0.374089023522173	2.51355952222279	2.11687477782037
-0.916399859687352	-0.280301433338257	1.77113857133168	-2.5512891369391	0.373447902391065	2.51033381506971	2.11758186414881
-0.909787348085208	-0.281327764738315	1.76425127844147	-2.55010559866626	0.372802673886205	2.50708481786807	2.11828926804831
-0.903136499227714	-0.282362052839633	1.75731956567824	-2.5489135822058	0.372153366951769	2.50381261760095	2.11899686346522
-0.896447692537265	-0.283404283337202	1.7503437284648	-2.54771311954864	0.371500011108498	2.50051730366359	2.11970452292559
-0.889721313982224	-0.284454441279505	1.74332406821512	-2.54650424355967	0.370842636453694	2.49719896786341	2.12041211753515
-0.882957756076927	-0.285512511068511	1.73626089233438	-2.54528698797772	0.370181273661224	2.49385770442003	2.12111951697932
-0.876157417881673	-0.286578476459682	1.72915451421896	-2.54406138741556	0.369515953981517	2.49049360996524	2.1218265895232
-0.869320705002734	-0.287652320561968	1.7220052532564	-2.54282747735993	0.368846709241565	2.487106783543	2.12253320201157
-0.862448029592349	-0.288734025837807	1.71481343482544	-2.54158529417149	0.368173571844924	2.48369732660945	2.1232392198689
-0.855539810348728	-0.289823574103129	1.70757939029603	-2.54033487508489	0.367496574771711	2.48026534303294	2.12394450709933
-0.848596472516046	-0.290920946527351	1.70030345702928	-2.53907625820868	0.366815751578606	2.47681093909395	2.12464892628671
-0.841618447884451	-0.292026123633383	1.6929859783775	-2.5378094825254	0.366131136398855	2.47333422348519	2.12535233859455
-0.834606174790055	-0.29313908529762	1.6856273036842	-2.53653458789152	0.365442763942265	2.46983530731152	2.12605460376606
-0.827560098114945	-0.294259810749949	1.67822778828407	-2.53525161503745	0.364750669495204	2.46631430408998	2.12675558012412
-0.820480669287171	-0.295388278573747	1.67078779350298	-2.53396060556757	0.364054888920606	2.4627713297498	2.1274551245713
-0.813368346280755	-0.296524466705879	1.66330768665802	-2.5326616019602	0.363355458657968	2.45920650263239	2.12815309258987
-0.806223593615688	-0.297668352436701	1.65578784105743	-2.53135464756761	0.362652415723347	2.45561994349134	2.12884933824175
-0.799046882357928	-0.298819912410057	1.64822863600066	-2.53003978661601	0.361945797709365	2.45201177549241	2.12954371416858
-0.791838690119402	-0.29997912262328	1.64063045677836	-2.52871706420557	0.361235642785209	2.44838212421355	2.13023607159166
-0.784599501058008	-0.301145958427195	1.63299369467235	-2.52738652631041	0.360521989696624	2.44473111764489	2.13092626031198
-0.77732980587761	-0.302320394526114	1.62531874695565	-2.52604821977858	0.359804877765922	2.44105888618873	2.13161412871021
-0.770030101828043	-0.30350240497784	1.61760601689247	-2.52470219233211	0.359084346891977	2.43736556265956	2.13229952374673
-0.76270089270511	-0.304691963193665	1.60985591373819	-2.52334849256695	0.358360437550226	2.43365128228405	2.13298229096156
-0.755342688850582	-0.305889041938369	1.60206885273941	-2.52198716995302	0.357633190792668	2.42991618270104	2.13366227447444
-0.747956007152201	-0.307093613330225	1.5942452551339	-2.52061827483417	0.356902648247865	2.42616040396156	2.13433931698478
-0.740541371043675	-0.308305648840992	1.58638554815063	-2.51924185842821	0.356168852120944	2.42238408852882	2.13501325977167
-0.733099310504683	-0.309525119295919	1.57849016500974	-2.5178579728269	0.355431845193593	2.4185873812782	2.1356839426939
-0.725630362060871	-0.310751994873747	1.57055954492258	-2.51646667099596	0.354691670824063	2.41477042949726	2.13635120418993
-0.718135068783857	-0.311986245106704	1.56259413309168	-2.51506800677502	0.35394837294717	2.41093338288576	2.1370148812779
-0.710613980291224	-0.313227838880507	1.55459438071077	-2.5136620348777	0.353201996074291	2.40707639355562	2.13767480955565
-0.703067652746525	-0.314476744434366	1.54656074496476	-2.51224881089156	0.352452585293365	2.40319961603095	2.13833082320069
-0.695496648859285	-0.315732929360975	1.53849368902974	-2.51082839127809	0.351700186268898	2.39930320724803	2.13898275497022
-0.687901537884993	-0.316996360606524	1.530393682073	-2.50940083337274	0.350944845241955	2.39538732655532	2.13963043620113
-0.680282895625109	-0.318267004470686	1.52226119925304	-2.50796619538492	0.350186609030165	2.39145213571349	2.14027369680998
-0.672641304427062	-0.319544826606629	1.5140967217195	-2.50652453639797	0.349425525027721	2.38749779889534	2.14091236529303
-0.66497735318425	-0.320829792021006	1.50590073661326	-2.50507591636919	0.348661641205379	2.38352448268588	2.14154626872621
-0.65729163733604	-0.322121865073963	1.49767373706636	-2.50362039612983	0.347895006110456	2.37953235608231	2.14217523276514
-0.649584758867765	-0.323421009479132	1.48941622220204	-2.50215803738509	0.347125668866835	2.37552159049398	2.14279908164512
-0.641857326310731	-0.324727188303639	1.48112869713472	-2.50068890271411	0.346353679174959	2.37149235974245	2.14341763818115
-0.634109954742211	-0.326040363968094	1.47281167297002	-2.49921305556999	0.345579087311836	2.36744484006143	2.14403072376789
-0.626343265785446	-0.327360498246601	1.46446566680475	-2.49773056027976	0.344801944131035	2.36337921009683	2.14463815837971
-0.618557887609646	-0.328687552266752	1.45609120172689	-2.49624148204442	0.344022301062691	2.35929565090675	2.14523976057063
-0.610754454929991	-0.330021486509627	1.44768880681565	-2.49474588693891	0.3432402101135	2.35519434596143	2.14583534747438
-0.602933609007628	-0.331362260809798	1.43925901714137	-2.49324384191212	0.342455723866719	2.35107548114333	2.14642473480438
-0.595095997649676	-0.332709834355325	1.43080237376564	-2.49173541478688	0.341668895482173	2.34693924474708	2.14700773685371
-0.58724227520922	-0.334064165687756	1.42231942374121	-2.49022067426	0.340879778696245	2.34278582747948	2.14758416649516
-0.579373102585314	-0.335425212702132	1.413810720112	-2.48869968990219	0.340088427821885	2.33861542245951	2.14815383518117
-0.571489147222982	-0.336792932646981	1.40527682191317	-2.48717253215815	0.339294897748602	2.33442822521833	2.14871655294389
-0.563591083113215	-0.33816728212432	1.39671829417102	-2.48563927234652	0.338499243942472	2.3302244336993	2.14927212839516
-0.555679590792975	-0.339548217089659	1.38813570790307	-2.48409998265986	0.337701522446131	2.32600424825794	2.14982036872648
-0.547755357345192	-0.340935692851992	1.37952964011802	-2.48255473616473	0.336901789878779	2.32176787166195	2.15036107970905
-0.539819076398765	-0.342329664073808	1.37090067381575	-2.48100360680159	0.336100103436178	2.31751550909121	2.15089406569375
-0.531871448128561	-0.343730084771082	1.36224939798735	-2.47944666938489	0.335296520890657	2.3132473681378	2.15141912961115
-0.523913179255415	-0.345136908313278	1.35357640761508	-2.47788399960299	0.334491100591102	2.30896365880595	2.15193607297148
-0.515944983046135	-0.346550087423353	1.3448823036724	-2.47631567401822	0.333683901462966	2.30466459351209	2.1524446958647
-0.507967579313492	-0.34796957417775	1.33616769312396	-2.47474177006687	0.332874983008263	2.30035038708483	2.1529447969604
-0.49998169441623	-0.349395320006403	1.32743318892558	-2.47316236605916	0.332064405305573	2.29602125676494	2.15343617350789
-0.491988061259062	-0.350827275692736	1.31867941002431	-2.47157754117926	0.331252229010035	2.2916774222054	2.15391862133616
-0.483987419292666	-0.352265391373661	1.30990698135835	-2.46998737548529	0.330438515353353	2.28731910547135	2.15439193485387
-0.475980514513692	-0.35370961653958	1.30111653385711	-2.46839194990934	0.329623326143794	2.2829465310401	2.15485590704938
-0.467968099464759	-0.355159900034385	1.29230870444118	-2.46679134625742	0.328806723766188	2.27855992580117	2.15531032949071
-0.459950933234452	-0.356616190055458	1.28348413602234	-2.4651856472095	0.327988771181927	2.27415951905624	2.1557549923256
-0.451929781457329	-0.358078434153668	1.27464347750357	-2.4635749363195	0.327169531928968	2.26974554251918	2.15618968428145
-0.443905416313913	-0.359546579233376	1.26578738377903	-2.46195929801529	0.326349070121829	2.26531823031602	2.15661419266534
-0.435878616530697	-0.361020571552431	1.25691651573408	-2.46033881759869	0.325527450451591	2.26087781898499	2.15702830336405
-0.427850167380144	-0.362500356722172	1.24803154024524	-2.45871358124546	0.324704738185899	2.25642454747649	2.15743180084403
-0.419820860680684	-0.363985879707428	1.23913313018025	-2.45708367600532	0.323880999168961	2.25195865715311	2.15782446815143
-0.411791494796718	-0.365477084826517	1.23022196439804	-2.45544918980193	0.323056299821548	2.24748039178961	2.15820608691206
-0.403762874638613	-0.366973915751246	1.22129872774871	-2.45381021143291	0.322230707140992	2.24298999757294	2.15857643733144
-0.395735811662708	-0.368476315506912	1.21236411107356	-2.45216683056982	0.321404288701191	2.23848772310221	2.15893529819476
-0.387711123871308	-0.369984226472302	1.20341881120507	-2.45051913775816	0.320577112652603	2.23397381938874	2.1592824468669
-0.379689635812688	-0.37149759037969	1.19446353096693	-2.44886722441741	0.319749247722252	2.229448539856	2.15961765929241
-0.371672178581093	-0.373016348314843	1.18549897917401	-2.44721118284096	0.318920763213723	2.22491214033965	2.15994070999554
-0.363659589816735	-0.374540440717015	1.17652587063235	-2.44555110619618	0.318091729007164	2.22036487908755	2.16025137208022
-0.355652713705795	-0.37606980737895	1.1675449261392	-2.44388708852438	0.317262215559287	2.21580701675971	2.16054941723006
-0.347652400980424	-0.377604387446882	1.15855687248301	-2.4422192247408	0.316432293903366	2.21123881642834	2.16083461570836
-0.33965950891874	-0.379144119420534	1.14956244244339	-2.44054761063465	0.315602035649238	2.20666054357782	2.1611067363581
-0.331674901344832	-0.380688941153119	1.14056237479115	-2.43887234286909	0.314771512983304	2.20207246610471	2.16136554660195
-0.323699448628757	-0.382238789851339	1.13155741428831	-2.43719351898122	0.313940798668527	2.19747485431776	2.16161081244224
-0.315734027686539	-0.383793602075384	1.12254831168805	-2.43551123738209	0.313109966044433	2.19286798093788	2.16184229846102
-0.307779521980174	-0.385353313738938	1.11353582373476	-2.43382559735671	0.312279089027112	2.18825212109818	2.16205976782001
-0.299836821517623	-0.386917860109169	1.10452071316401	-2.43213669906401	0.311448242109215	2.18362755234395	2.16226298226059
-0.291906822852821	-0.388487175806738	1.09550374870256	-2.4304446435369	0.310617500359959	2.17899455463264	2.16245170210386
-0.283990429085667	-0.390061194805794	1.08648570506835	-2.42874953268223	0.30978693942512	2.17435341033391	2.16262568625059
-0.276088549862031	-0.391639850433976	1.07746736297054	-2.42705146928079	0.308956635527041	2.16970440422956	2.16278469218123
-0.268202101373751	-0.393223075372413	1.06844950910944	-2.42535055698733	0.308126665464625	2.1650478235136	2.16292847595591
-0.260332006358634	-0.394810801655722	1.05943293617658	-2.42364690033054	0.307297106613339	2.16038395779222	2.16305679221446
-0.252479194100457	-0.39640296067201	1.05041844285467	-2.42194060471306	0.306468036925214	2.15571309908378	2.16316939417637
-0.244644600428965	-0.397999483162874	1.04140683381761	-2.42023177641149	0.305639534928842	2.15103554181881	2.16326603364085
-0.236829167719871	-0.399600299223401	1.03239891973047	-2.41852052257637	0.304811679729381	2.14635158284005	2.16334646098676
-0.229033844894859	-0.401205338302167	1.02339551724954	-2.41680695123218	0.303984551008547	2.14166152140239	2.16341042517267
-0.221259587421578	-0.402814529201235	1.01439744902228	-2.41509117127737	0.303158229024624	2.13696565917292	2.1634576737368
-0.21350735731365	-0.404427800076161	1.00540554368736	-2.41337329248432	0.302332794612457	2.13226430023089	2.16348795279709
-0.205778123130662	-0.40604507843599	0.996420635874603	-2.41165342549938	0.301508329183453	2.12755775106775	2.16350100705114
-0.198072859978174	-0.407666291143253	0.987443566205057	-2.40993168184282	0.300684914725583	2.12284632058712	2.16349657977625
-0.190392549507712	-0.409291364413976	0.978475181290941	-2.40820817390888	0.299862633803382	2.11813032010481	2.16347441282939
-0.182738179916772	-0.410920223817669	0.969516333735671	-2.40648301496574	0.299041569557945	2.11341006334878	2.16343424664723
-0.175110745948816	-0.412552794277336	0.960567882133846	-2.40475631915554	0.298221805706933	2.10868586645922	2.16337582024611
-0.167511248893279	-0.414189000069467	0.951630691071261	-2.40302820149436	0.297403426544569	2.10395804798845	2.16329887122206
-0.159940696585563	-0.415828764824043	0.942705631124895	-2.40129877787223	0.296586516941638	2.099226928901	2.16320313575079
-0.152400103407037	-0.417472011524535	0.933793578862919	-2.39956816505312	0.295771162345489	2.09449283257356	2.1630883485877
-0.144890490285043	-0.419118662507902	0.924895416844695	-2.39783648067497	0.294957448780034	2.08975608479503	2.16295424306787
-0.137412884692887	-0.420768639464595	0.91601203362077	-2.39610384324965	0.294145462845748	2.08501701376646	2.16280055110607
-0.129968320649847	-0.42242186343855	0.907144323732885	-2.39437037216299	0.293335291719668	2.08027595010109	2.16262700319675
-0.122557838721169	-0.424078254827198	0.898293187713967	-2.39263618767476	0.292527023155394	2.07553322682435	2.16243332841403
-0.115182486018069	-0.425737733381455	0.889459532088135	-2.39090141091869	0.291720745483091	2.07078917937383	2.16221925441174
-0.107843316197729	-0.427400218205729	0.880644269370696	-2.38916616390244	0.290916547609485	2.06604414559931	2.16198450742337
-0.100541389463302	-0.429065627757916	0.871848318068146	-2.38743056950765	0.290114519017865	2.06129846576277	2.16172881226212
-0.0932777725639085	-0.430733879849403	0.863072602678172	-2.38569475148989	0.289314749768085	2.05655248253833	2.16145189232085
-0.0860535387946395	-0.432404891645064	0.854318053689649	-2.38395883447866	0.288517330496559	2.05180654101232	2.16115346957211
-0.0788697679965542	-0.434078579663265	0.845585607582642	-2.38222294397745	0.287722352416266	2.04706098868323	2.16083326456815
-0.0717275465566787	-0.435754859775861	0.836876206828404	-2.38048720636366	0.286929907316748	2.04231617546176	2.16049099644088
-0.0646279674080106	-0.437433647208196	0.828190799889381	-2.37875174888867	0.286140087564108	2.03757245367076	2.16012638290191
-0.057572130029516	-0.439114856539102	0.819530341219206	-2.37701669967779	0.285352986101015	2.03283017804526	2.15973914024252
-0.0505611404461281	-0.440798401700903	0.8108957912627	-2.37528218773029	0.284568696446699	2.0280897057325	2.1593289833337
-0.0435961112287493	-0.442484195979412	0.802288116455876	-2.37354834291937	0.283787312696953	2.02335139629187	2.1588956256261
-0.0366781614942515	-0.444172152013929	0.793708289225936	-2.3718152959922	0.283008929524133	2.01861561169494	2.15843877915006
-0.0298084169054764	-0.445862181797247	0.78515728799127	-2.3700831785699	0.28223364217716	2.01388271632549	2.1579581545156
-0.0229880096712334	-0.447554196675645	0.77663609716146	-2.36835212314752	0.281461546481514	2.00915307697946	2.15745346091244
-0.0162180785463	-0.449248107348895	0.768145707137274	-2.36662226309406	0.280692738839241	2.00442706286495	2.15692440610996
-0.00949976883142201	-0.450943823870257	0.75968711431067	-2.3648937326525	0.27992731622895	1.99970504560227	2.15637069645726
-0.00283423237331748	-0.452641255646478	0.7512613210648	-2.36316666693973	0.279165376205812	1.99498739922391	2.15579203688308
0.00377737243532916	-0.454340311437798	0.742869335774	-2.36144120194661	0.278407016901561	1.99027450017451	2.15518813089588
0.0103338806558653	-0.456040899357945	0.734512172803798	-2.35971747453795	0.277652337024494	1.98556672731093	2.15455868058377
0.0168341208036686	-0.457742926874137	0.72619085251091	-2.3579956224525	0.276901435859471	1.98086446190217	2.15390338661459
0.0232769148481475	-0.459446300807081	0.717906401243242	-2.35627578430296	0.276154413267915	1.97616808762945	2.15322194823582
0.0296610782127433	-0.461150927330972	0.709659851339891	-2.35455809957599	0.275411369687813	1.97147799058614	2.15251406327465
0.0359854197749248	-0.462856711973498	0.701452241131143	-2.35284270863218	0.274672406133714	1.96679455927779	2.15177942813793
0.0422487418661963	-0.464563559615833	0.69328461493847	-2.35112975270609	0.273937624196728	1.96211818462216	2.15101773781223
0.0484498402720899	-0.466271374492643	0.685158023074538	-2.34941937390621	0.273207126044533	1.95744925994915	2.15022868586378
0.0545875042321726	-0.467980060192082	0.677073521843199	-2.34771171521499	0.272481014421364	1.95278818100087	2.14941196443848
0.0606605164400387	-0.469689519655793	0.669032173539496	-2.34600692048882	0.271759392648024	1.94813534593159	2.14856726426195
0.0666676530433157	-0.47139965517891	0.661035046449663	-2.34430513445806	0.271042364621877	1.94349115530778	2.14769427463948
0.0726076836436618	-0.473110368410056	0.65308321485112	-2.342606502727	0.270330034816849	1.93885601210808	2.14679268345602
0.0784793712967669	-0.474821560351344	0.645177759012477	-2.34091117177387	0.26962250828343	1.9342303217233	2.14586217717624
0.0842814725123522	-0.476533131358374	0.637319765193537	-2.33921928895088	0.268919890648672	1.92961449195644	2.14490244084446
0.0900127372541681	-0.478244981140238	0.629510325645289	-2.33753100248416	0.268222288116193	1.92500893302268	2.14391315808473
0.0956719089399987	-0.479957008759516	0.621750538609912	-2.3358464614738	0.267529807466171	1.92041405754938	2.14289401110073
0.101257724441658	-0.48166911263228	0.614041508320774	-2.33416581589384	0.266842556055346	1.91583028057609	2.14184468067586
0.106768914084991	-0.483381190528087	0.606384345002436	-2.33248921659228	0.266160641817025	1.91125801955451	2.14076484617319
0.112204201649876	-0.485093139569989	0.598780164870641	-2.33081681529104	0.265484173261075	1.90669769434854	2.13965418553549
0.117562304370219	-0.486804856234522	0.591230090132331	-2.32914876458601	0.264813259473926	1.90214972723427	2.13851237528519
0.122841932933959	-0.488516236351715	0.583735248985631	-2.32748521794702	0.264148010118573	1.89761454289996	2.13733909052442
0.128041791483067	-0.490227175105086	0.576296775619854	-2.32582632971787	0.263488535434571	1.89309256844603	2.13613400493498
0.133160577613544	-0.491937567031641	0.568915810215509	-2.32417225511628	0.262834946238041	1.88858423338512	2.13489679077839
0.138196982375423	-0.493647306021876	0.561593498944288	-2.32252315023394	0.262187353921665	1.88408996964202	2.1336271188958
0.143149690272768	-0.495356285319778	0.554330993969077	-2.32087917203647	0.261545870454689	1.8796102115537	2.13232465870808
0.148017379263671	-0.497064397522822	0.547129453443949	-2.31924047836345	0.260910608382921	1.87514539586932	2.13098907821579
0.152798720760262	-0.498771534581973	0.539990041514167	-2.31760722792842	0.260281680828733	1.87069596175023	2.12962004399915
0.15749266289097	-0.500477597016865	0.532913694513479	-2.31597955616267	0.259659176783146	1.86626228331046	2.12821730549536
0.162099282469339	-0.502182521776844	0.525900417558953	-2.31435750245543	0.259043086789903	1.86184446643419	2.12678094830392
0.166618939025692	-0.503886254972561	0.518949982464213	-2.31274108211258	0.25843337673288	1.85744254974718	2.12531114218325
0.17105199209035	-0.505588742714666	0.512062161042887	-2.31113031044	0.257830012495956	1.85305657187513	2.12380805689179
0.175398801193634	-0.50728993111381	0.505236725108603	-2.30952520274357	0.257232959963006	1.84868657144379	2.12227186218796
0.179659725865864	-0.508989766280643	0.498473446474987	-2.30792577432916	0.256642185017907	1.84433258707888	2.12070272783017
0.183835125637363	-0.510688194325815	0.491772096955667	-2.30633204050267	0.256057653544537	1.83999465740612	2.11910082357687
0.187925360038451	-0.512385161359978	0.48513244836427	-2.30474401656996	0.255479331426771	1.83567282105126	2.11746631918648
0.191930788599451	-0.514080613493781	0.478554272514424	-2.30316171783691	0.254907184548488	1.83136711664002	2.11579938441741
0.195851770850681	-0.515774496837874	0.472037341219754	-2.30158515960942	0.254341178793562	1.82707758279812	2.11410018902811
0.199688666322466	-0.51746675750291	0.465581426293889	-2.30001435719335	0.253781280045872	1.8228042581513	2.11236890277698
0.203441834545124	-0.519157341599537	0.459186299550456	-2.29844932589458	0.253227454189294	1.81854718132529	2.11060569542247
0.207111635048978	-0.520846195238406	0.452851732803082	-2.296890081019	0.252679667107705	1.81430639094581	2.10881073672299
0.210698427364349	-0.522533264530168	0.446577497865394	-2.29533663787248	0.252137884684982	1.81008192563859	2.10698419643697
0.214202571021558	-0.524218495585473	0.44036336655102	-2.29378901176091	0.251602072805001	1.80587382402937	2.10512624432284
0.217624425550926	-0.525901834514971	0.434209110673586	-2.29224721799016	0.251072197351639	1.80168212474387	2.10323705013903
0.220964350482774	-0.527583227429314	0.42811450204672	-2.29071127186611	0.250548224208774	1.79750686640782	2.10131678364395
0.224222705347425	-0.529262620439151	0.422079312484048	-2.28918118869465	0.250030119260281	1.79334808764695	2.09936561459604
0.227399849675198	-0.530939959655133	0.416103313799199	-2.28765698378164	0.249517848390038	1.78920582708699	2.09738371275372
0.230496142996415	-0.53261519118791	0.4101862778058	-2.28613867243298	0.249011377481921	1.78508012335367	2.09537124787542
0.233511944841397	-0.534288261148133	0.404327976317476	-2.28462626995454	0.248510672419808	1.78097101507272	2.09332838971956
0.236447614740466	-0.535959115646453	0.398528181147857	-2.2831197916522	0.248015699087575	1.77687854086986	2.09125530804458
0.239303512223943	-0.537627700793519	0.392786664110569	-2.28161925283183	0.247526423369098	1.77280273937083	2.08915217260888
0.242079996822149	-0.539293962699982	0.387103197019238	-2.28012466879933	0.247042811148255	1.76874364920135	2.08701915317091
0.244777428065405	-0.540957847476493	0.381477551687493	-2.27863605486056	0.246564828308923	1.76470130898715	2.08485641948909
0.247396165484032	-0.542619301233702	0.375909499928961	-2.27715342632142	0.246092440734978	1.76067575735397	2.08266414132184
0.249936568608352	-0.544278270082259	0.370398813557269	-2.27567679848777	0.245625614310297	1.75666703292753	2.08044248842759
0.252398996968686	-0.545934700132815	0.364945264386043	-2.27420618666549	0.245164314918756	1.75267517433356	2.07819163056477
0.254783810095355	-0.547588537496021	0.359548624228911	-2.27274160616048	0.244708508444233	1.74870022019779	2.07591173749179
0.257091367518681	-0.549239728282527	0.354208664899501	-2.2712830722786	0.244258160770605	1.74474220914595	2.0736029789671
0.259322028768983	-0.550888218602982	0.34892515821144	-2.26983060032573	0.243813237781748	1.74080117980377	2.07126552474911
0.261476153376585	-0.552533954568039	0.343697875978354	-2.26838420560776	0.243373705361539	1.73687717079698	2.06889954459625
0.263554100871806	-0.554176882288346	0.338526590013871	-2.26694390343057	0.242939529393854	1.7329702207513	2.06650520826694
0.265556230784969	-0.555816947874555	0.333411072131618	-2.26550970910002	0.242510675762571	1.72908036829247	2.06408268551962
0.267482902646394	-0.557454097437317	0.328351094145223	-2.26408163792202	0.242087110351567	1.72520765204621	2.0616321461127
0.269334475986403	-0.559088277087281	0.323346427868312	-2.26265970520242	0.241668799044718	1.72135211063825	2.05915375980462
0.271111310335316	-0.560719432935097	0.318396845114513	-2.26124392624712	0.2412557077259	1.71751378269433	2.05664769635379
0.272813765223456	-0.562347511091417	0.313502117697453	-2.25983431636199	0.240847802278992	1.71369270684017	2.05411412551865
0.274442200181143	-0.563972457666891	0.308662017430759	-2.25843089085291	0.240445048587869	1.7098889217015	2.05155321705763
0.275996974738698	-0.56559421877217	0.303876316128058	-2.25703366502576	0.240047412536408	1.70610246590404	2.04896514072914
0.277478448426443	-0.567212740517902	0.299144785602978	-2.25564265418642	0.239654860008487	1.70233337807354	2.04635006629162
0.278886980774699	-0.568827969014741	0.294467197669146	-2.25425787364077	0.239267356887981	1.69858169683572	2.04370816350348
0.280222931313787	-0.570439850373334	0.289843324140189	-2.25287933869469	0.238884869058768	1.6948474608163	2.04103960212316
0.281486659574028	-0.572048330704334	0.285272936829733	-2.25150706465406	0.238507362404725	1.69113070864102	2.03834455190908
0.282678525085744	-0.57365335611839	0.280755807551407	-2.25014106682476	0.238134802809728	1.6874314789356	2.03562318261967
0.283798887379256	-0.575254872726154	0.276291708118838	-2.24878136051267	0.237767156157654	1.68374981032578	2.03287566401336
0.284848105984885	-0.576852826638275	0.271880410345652	-2.24742796102366	0.23740438833238	1.68008574143728	2.03010216584856
0.285826540432952	-0.578447163965403	0.267521686045478	-2.24608088366362	0.237046465217783	1.67643931089584	2.02730285788371
0.286734550253778	-0.58003783081819	0.263215307031941	-2.24474014373843	0.236693352697739	1.67281055732717	2.02447790987723
0.287572494977686	-0.581624773307285	0.25896104511867	-2.24340575655396	0.236345016656126	1.66919951935702	2.02162749158755
0.288340734134995	-0.58320793754334	0.254758672119291	-2.2420777374161	0.23600142297682	1.6656062356111	2.01875177277309
0.289039627256027	-0.584787269637005	0.250607959847432	-2.24075610163072	0.235662537543697	1.66203074471516	2.01585092319228
0.289669533871103	-0.586362715698929	0.24650868011672	-2.2394408645037	0.235328326240635	1.65847308529491	2.01292511260355
0.290230813510545	-0.587934221839764	0.242460604740782	-2.23813204134093	0.234998754951511	1.65493329597608	2.00997451076532
0.290723825704674	-0.58950173417016	0.238463505533246	-2.23682964744829	0.234673789560201	1.65141141538442	2.00699928743602
0.291148929983811	-0.591065198800767	0.234517154307738	-2.23553369813165	0.234353395950582	1.64790748214564	2.00399961237407
0.291506485878277	-0.592624561842237	0.230621322877886	-2.23424420869688	0.234037540006531	1.64442153488547	2.0009756553379
0.291796852918393	-0.594179769405218	0.226775783057316	-2.23296119444988	0.233726187611924	1.64095361222965	1.99792758608594
0.292020390634481	-0.595730767600363	0.222980306659657	-2.23168467069653	0.233419304650639	1.63750375280389	1.99485557437661
0.292177458556862	-0.59727750253832	0.219234665498535	-2.23041465274269	0.233116857006553	1.63407199523394	1.99175978996833
0.292268416215857	-0.598819920329741	0.215538631387578	-2.22915115589425	0.232818810563541	1.63065837814552	1.98864040261954
0.292293623141788	-0.600357967085276	0.211891976140412	-2.22789419545709	0.232525131205481	1.62726294016436	1.98549758208866
0.292253438864974	-0.601891588915576	0.208294471570665	-2.22664378673709	0.23223578481625	1.62388571991619	1.98233149813412
0.292148222915739	-0.603420731931291	0.204745889491965	-2.22539994504013	0.231950737279724	1.62052675602673	1.97914232051433
0.291978334824402	-0.604945342243071	0.201246001717937	-2.22416268567209	0.23166995447978	1.61718608712173	1.97593021898774
0.291744134121286	-0.606465365961567	0.19779458006221	-2.22293202393885	0.231393402300296	1.61386375182689	1.97269536331276
0.291445980336711	-0.60798074919743	0.194391396338411	-2.22170797514628	0.231121046625147	1.61055978876796	1.96943792324781
0.291084233000999	-0.609491438061309	0.191036222360167	-2.22049055460027	0.230852853338211	1.60727423657067	1.96615806855134
0.29065925164447	-0.610997378663856	0.187728829941105	-2.2192797776067	0.230588788323364	1.60400713386074	1.96285596898176
0.290171395797447	-0.61249851711572	0.184468990894852	-2.21807565947144	0.230328817464483	1.6007585192639	1.95953179429749
0.28962102499025	-0.613994799527552	0.181256477035036	-2.21687821550037	0.230072906645446	1.59752843140588	1.95618571425697
0.2890084987532	-0.615486172010003	0.178091060175284	-2.21568746099939	0.229821021750128	1.59431690891241	1.95281789861861
0.288334176616619	-0.616972580673722	0.174972512129222	-2.21450341127435	0.229573128662407	1.59112399040922	1.94942851714086
0.287598418110828	-0.618453971629361	0.171900604710479	-2.21332608163115	0.229329193266159	1.58794971452204	1.94601773958212
0.286801582766148	-0.619930290987571	0.168875109732681	-2.21215548737566	0.229089181445261	1.5847941198766	1.94258573570083
0.285944030112901	-0.621401484859	0.165895799009455	-2.21099164381377	0.228853059083591	1.58165724509862	1.93913267525542
0.285026119681407	-0.6228674993543	0.162962444354429	-2.20983456625134	0.228620792065024	1.57853912881384	1.93565872800431
0.284048211001988	-0.624328280584122	0.16007481758123	-2.20868426999427	0.228392346273437	1.57543980964798	1.93216406370592
0.283010663604965	-0.625783774659115	0.157232690503485	-2.20754077034843	0.228167687592708	1.57235932622678	1.92864885211868
0.281913837020659	-0.62723392768993	0.154435834934821	-2.2064040826197	0.227946781906713	1.56929771717595	1.92511326300102
0.280758090779391	-0.628678685787218	0.151684022688866	-2.20527422211396	0.227729595099329	1.56625502112124	1.92155746611137
0.279543784411483	-0.630117995061629	0.148977025579247	-2.20415120413709	0.227516093054433	1.56323127668838	1.91798163120815
0.278271277447256	-0.631551801623813	0.14631461541959	-2.20303504399497	0.227306241655901	1.56022652250308	1.91438592804978
0.276940929417032	-0.632980051584421	0.143696564023524	-2.20192575699347	0.227100006787611	1.55724079719108	1.91077052639469
0.27555309985113	-0.634402691054104	0.141122643204675	-2.20082335843849	0.226897354333439	1.55427413937811	1.90713559600131
0.274108148279873	-0.635819666143511	0.13859262477667	-2.19972786363589	0.226698250177261	1.55132658768989	1.90348130662807
0.272606434233582	-0.637230922963294	0.136106280553137	-2.19863928789156	0.226502660202956	1.54839818075216	1.89980782803338
0.271048317242578	-0.638636407624102	0.133663382347703	-2.19755764651138	0.226310550294398	1.54548895719065	1.89611532997568
0.269434156837182	-0.640036066236587	0.131263701973995	-2.19648295480122	0.226121886335467	1.54259895563108	1.89240398221339
0.267764312547716	-0.641429844911398	0.128907011245641	-2.19541522806697	0.225936634210037	1.53972821469919	1.88867395450494
0.2660391439045	-0.642817689759186	0.126593081976267	-2.1943544816145	0.225754759801986	1.53687677302069	1.88492541660876
0.264259010437856	-0.644199546890601	0.1243216859795	-2.1933007307497	0.225576228995191	1.53404466922133	1.88115853828326
0.262424271678105	-0.645575362416295	0.122092595068969	-2.19225399077844	0.225401007673528	1.53123194192683	1.87737348928688
0.260535287155568	-0.646945082446917	0.119905581058299	-2.1912142770066	0.225229061720875	1.52843862976292	1.87357043937804
0.258592416400567	-0.648308653093117	0.117760415761119	-2.19018160474007	0.225060357021107	1.52566477135533	1.86974955831517
0.256596018943423	-0.649666020465547	0.115656870991056	-2.18915598928472	0.224894859458103	1.52291040532978	1.8659110158567
0.254546454314457	-0.651017130674857	0.113594718561736	-2.18813744594643	0.224732534915738	1.52017557031201	1.86205498176104
0.252444082043989	-0.652361929831696	0.111573730286787	-2.18712599003108	0.224573349277889	1.51746030492775	1.85818162578663
0.250289261662343	-0.653700364046717	0.109593677979836	-2.18612163684456	0.224417268428434	1.51476464780273	1.85429111769189
0.248082352699837	-0.655032379430568	0.10765433345451	-2.18512440169273	0.224264258251249	1.51208863756266	1.85038362723525
0.245823714686795	-0.656357922093901	0.105755468524437	-2.18413429988148	0.224114284630211	1.5094323128333	1.84645932417513
0.243513707153537	-0.657676938147366	0.103896855003243	-2.1831513467167	0.223967313449196	1.50679571224035	1.84251837826997
0.241152689630384	-0.658989373701613	0.102078264704557	-2.18217555750425	0.223823310592082	1.50417887440955	1.83856095927817
0.238741021647657	-0.660295174867293	0.100299469442004	-2.18120694755002	0.223682241942745	1.50158183796664	1.83458723695819
0.236279062735678	-0.661594287755057	0.0985602410292127	-2.18024553215989	0.223544073385062	1.49900464153733	1.83059738106842
0.233767172424768	-0.662886658475554	0.0968603512798099	-2.17929132663973	0.223408770802909	1.49644732374737	1.82659156136732
0.231205710245249	-0.664172233139435	0.0951995720074228	-2.17834434629544	0.223276300080165	1.49390992322247	1.82256994761329
0.22859503572744	-0.665450957857351	0.0935776750256785	-2.17740460643288	0.223146627100705	1.49139247858836	1.81853270956477
0.225935508401664	-0.666722778739952	0.0919944321482044	-2.17647212235793	0.223019717748406	1.48889502847079	1.81448001698018
0.223227487798242	-0.667987641897888	0.0904496151886275	-2.17554690937648	0.222895537907145	1.48641761149547	1.81041203961795
0.220471333447495	-0.669245493441811	0.0889429959605751	-2.17462898279441	0.222774053460798	1.48396026628813	1.8063289472365
0.217667404879745	-0.670496279482369	0.0874743462776743	-2.17371835791758	0.222655230293244	1.4815230314745	1.80223090959426
0.214816061625311	-0.671739946130215	0.0860434379535525	-2.1728150500519	0.222539034288357	1.47910594568032	1.79811809644966
0.211917663214517	-0.672976439495998	0.0846500428018367	-2.17191907450322	0.222425431330016	1.47670904753131	1.79399067756112
0.208972569177682	-0.674205705690369	0.0832939326361542	-2.17103044657744	0.222314387302097	1.4743323756532	1.78984882268707
0.205981139045128	-0.675427690823977	0.0819748792701321	-2.17014918158043	0.222205868088477	1.47197596867172	1.78569270158593
0.202943732347177	-0.676642341007475	0.0806926545173977	-2.16927529481808	0.222099839573032	1.46963986521259	1.78152248401613
0.199860708614149	-0.677849602351511	0.0794470301915782	-2.16840880159625	0.221996267639639	1.46732410390156	1.7773383397361
0.196732427376366	-0.679049420966737	0.0782377781063009	-2.16754971722083	0.221895118172176	1.46502872336434	1.77314043850426
0.19355924816415	-0.680241742963803	0.0770646700751926	-2.16669805699771	0.221796357054519	1.46275376222666	1.76892895007904
0.19034153050782	-0.68142651445336	0.0759274779118809	-2.16585383623275	0.221699950170544	1.46049925911426	1.76470404421886
0.187079633937698	-0.682603681546057	0.0748259734299929	-2.16501707023185	0.221605863404129	1.45826525265287	1.76046589068215
0.183773917984107	-0.683773190352545	0.0737599284431557	-2.16418777430087	0.22151406263915	1.4560517814682	1.75621465922734
0.180424742177366	-0.684934986983476	0.0727291147649966	-2.1633659637457	0.221424513759484	1.453858884186	1.75195051961285
0.177032466047797	-0.686089017549498	0.0717333042091427	-2.16255165387222	0.221337182649008	1.45168659943199	1.74767364159711
0.173597449125722	-0.687235228161263	0.0707722685892214	-2.16174485998631	0.221252035191599	1.4495349658319	1.74338419493854
0.170120050941461	-0.688373564929422	0.0698457797188597	-2.16094559739384	0.221169037271133	1.44740402201146	1.73908234939557
0.166600631025336	-0.689503973964623	0.0689536094116848	-2.1601538814007	0.221088154771488	1.4452938065964	1.73476827472663
0.163039548907668	-0.690626401377519	0.068095529481324	-2.15936972731276	0.22100935357654	1.44320435821245	1.73044214069014
0.159437164118778	-0.69174079327876	0.0672713117414046	-2.15859315043591	0.220932599570166	1.44113571548533	1.72610411704452
0.155793836188987	-0.692847095778995	0.0664807280055533	-2.15782416607602	0.220857858636242	1.43908791704077	1.72175437354822
0.152109924648617	-0.693945254988875	0.065723550087398	-2.15706278953898	0.220785096658646	1.43706100150452	1.71739307995964
0.148385789027989	-0.695035217019051	0.0649995498005655	-2.15630903613066	0.220714279521254	1.43505500750228	1.71302040603722
0.144621788857424	-0.696116927980174	0.0643084989586828	-2.15556292115695	0.220645373107943	1.4330699736598	1.70863652153938
0.140818283667243	-0.697190333982893	0.0636501693753776	-2.15482445992372	0.22057834330259	1.4311059386028	1.70424159622454
0.136975632987768	-0.698255381137859	0.0630243328642767	-2.15409366773684	0.220513155989072	1.42916294095701	1.69983579985115
0.133094196349319	-0.699312015555722	0.0624307612390076	-2.15337055990222	0.220449777051265	1.42724101934816	1.69541930217761
0.129174333282218	-0.700360183347134	0.0618692263131973	-2.15265515172571	0.220388172373046	1.42534021240197	1.69099227296236
0.125216403316787	-0.701399830622744	0.061339499900473	-2.1519474585132	0.220328307838292	1.42346055874419	1.68655488196382
0.121220765983346	-0.702430903493203	0.060841353814462	-2.15124749557057	0.220270149330881	1.42160209700053	1.68210729894041
0.117187780812216	-0.703453348069161	0.0603745598687914	-2.1505552782037	0.220213662734688	1.41976486579673	1.67764969365058
0.113117807333719	-0.70446711046127	0.0599388898770884	-2.14987082171848	0.22015881393359	1.41794890375852	1.67318223585273
0.109011205078176	-0.705472136780178	0.0595341156529804	-2.14919414142077	0.220105568811464	1.41615424951162	1.6687050953053
0.104868333575909	-0.706468373136537	0.0591600090100944	-2.14852525261645	0.220053893252188	1.41438094168176	1.66421844176671
0.100689552357238	-0.707455765640997	0.0588163417620576	-2.14786417061142	0.220003753139637	1.41262901889468	1.65972244499539
0.0964752209524846	-0.708434260404209	0.0585028857224971	-2.14721091071154	0.219955114357689	1.41089851977609	1.65521727474976
0.0922256988919701	-0.709403803536823	0.0582194127050405	-2.1465654882227	0.21990794279022	1.40918948295174	1.65070310078825
0.0879413457060157	-0.710364341149489	0.0579656945233146	-2.14592791845077	0.219862204321108	1.40750194704735	1.64618009286929
0.0836225209249427	-0.711315819352858	0.0577415029909469	-2.14529821670164	0.219817864834228	1.40583595068864	1.6416484207513
0.0792695840790723	-0.71225818425758	0.0575466099215643	-2.14467639828119	0.219774890213459	1.40419153250136	1.63710825419271
0.0748828946987256	-0.713191381974307	0.057380787128794	-2.14406247849529	0.219733246342675	1.40256873111122	1.63255976295194
0.0704628123142239	-0.714115358613687	0.0572438064262636	-2.14345647264982	0.219692899105756	1.40096758514395	1.62800311678742
0.0660096964558885	-0.715030060286372	0.0571354396275999	-2.14285839605067	0.219653814386576	1.3993881332253	1.62343848545758
0.0615239066540405	-0.715935433103013	0.0570554585464301	-2.14226826400371	0.219615958069013	1.39783041398097	1.61886603872085
0.0570058024390011	-0.716831423174258	0.0570036349963817	-2.14168609181482	0.219579296036945	1.39629446603671	1.61428594633563
0.0524557433410916	-0.71771797661076	0.0569797407910819	-2.14111189478989	0.219543794174246	1.39478032801824	1.60969837806038
0.0478740888906329	-0.718595039523169	0.0569835477441574	-2.14054568823478	0.219509418364795	1.39328803855129	1.6051035036535
0.043261198617947	-0.719462558022134	0.0570148276692357	-2.13998748745539	0.219476134492468	1.3918176362616	1.60050149287343
0.0386174320533544	-0.720320478218307	0.0570733523799443	-2.13943730775758	0.219443908441142	1.39036915977488	1.59589251547859
0.0339431487271765	-0.721168746222337	0.0571588936899102	-2.13889516444725	0.219412706094694	1.38894264771687	1.59127674122741
0.0292387081697346	-0.722007308144876	0.0572712234127601	-2.13836107283027	0.219382493337001	1.3875381387133	1.58665433987832
0.02450446991135	-0.722836110096573	0.057410113362122	-2.13783504821251	0.219353236051938	1.38615567138989	1.58202548118973
0.0197407934823436	-0.72365509818808	0.0575753353516226	-2.13731710589987	0.219324900123384	1.38479528437238	1.57739033492008
0.014948038413037	-0.724464218530046	0.0577666611948894	-2.13680726119821	0.219297451435215	1.3834570162865	1.57274907082779
0.010126564233751	-0.725263417233122	0.0579838627055491	-2.13630552941342	0.219270855871307	1.38214090575797	1.56810185867129
0.00527673047480715	-0.726052640407959	0.0582267116972294	-2.13581192585137	0.219245079315538	1.38084699141252	1.56344886820901
0.000398896666526705	-0.726831834165206	0.0584949799835574	-2.13532646581795	0.219220087651784	1.37957531187589	1.55879026919936
-0.00450657766076917	-0.727600944615515	0.0587884393781601	-2.13484916461904	0.219195846763923	1.37832590577379	1.55412623140078
-0.00943933297675953	-0.728359917869536	0.0591068616946647	-2.13438003756051	0.21917232253583	1.37709881173197	1.5494569245717
-0.014399009751123	-0.729108700037919	0.0594500187466987	-2.13391909994825	0.219149480851383	1.37589406837614	1.54478251847053
-0.0193852484535381	-0.729847237231315	0.0598176823478891	-2.13346636708813	0.219127287594458	1.37471171433205	1.5401031828557
-0.0243976895536839	-0.730575475560374	0.0602096243118633	-2.13302185428604	0.219105708648932	1.37355178822541	1.53541908748565
-0.0294359735212394	-0.731293361135747	0.0606256164522479	-2.13258557684785	0.219084709898683	1.37241432868196	1.53073040211879
-0.0344997408258826	-0.732000840068083	0.0610654305826707	-2.13215755007944	0.219064257227587	1.37129937432742	1.52603729651356
-0.0395886319372932	-0.732697858468034	0.0615288385167588	-2.13173778928669	0.21904431651952	1.37020696378753	1.52133994042837
-0.0447022873251494	-0.73338436244625	0.0620156120681394	-2.13132630977549	0.219024853658359	1.36913713568801	1.51663850362165
-0.04984034745913	-0.734060298113382	0.0625255230504394	-2.13092312685171	0.219005834527982	1.36808992865459	1.51193315585184
-0.055002452808914	-0.734725611580079	0.0630583432772862	-2.13052825582122	0.218987225012265	1.36706538131301	1.50722406687735
-0.0601882438441802	-0.735380248956993	0.0636138445623072	-2.13014171198992	0.218968990995085	1.36606353228899	1.50251140645662
-0.0653973610346069	-0.736024156354773	0.0641917987191294	-2.12976351066368	0.218951098360318	1.36508442020826	1.49779534434806
-0.0706294448498737	-0.73665727988407	0.0647919775613798	-2.12939366714838	0.218933512991842	1.36412808369654	1.49307605031011
-0.0758841357596587	-0.737279565655536	0.0654141529026857	-2.12903219674989	0.218916200773533	1.36319456137958	1.48835369410119
-0.081161074233641	-0.737890959779819	0.0660580965566746	-2.12867911477411	0.218899127589268	1.36228389188309	1.48362844547972
-0.0864599007414995	-0.738491408367571	0.0667235803369736	-2.1283344365269	0.218882259322924	1.36139611383281	1.47890047420414
-0.0917802557529125	-0.739080857529441	0.0674103760572097	-2.12799817731415	0.218865561858377	1.36053126585446	1.47416995003286
-0.0971217797375592	-0.739659253376081	0.0681182555310102	-2.12767035244173	0.218849001079505	1.35968938657378	1.46943704272432
-0.102484113165119	-0.740226542018141	0.0688469905720025	-2.12735097721553	0.218832542870184	1.35887051461649	1.46470192203694
-0.107866896505268	-0.740782669566271	0.0695963529938133	-2.12704006694143	0.218816153114291	1.35807468860832	1.45996475772914
-0.113269770227689	-0.741327582131122	0.0703661146100705	-2.1267376369253	0.218799797695703	1.35730194717501	1.45522571955936
-0.118692374802057	-0.741861225823344	0.0711560472344004	-2.12644370247303	0.218783442498296	1.35655232894228	1.45048497728601
-0.124134350698054	-0.742383546753588	0.0719659226804309	-2.12615827889049	0.218767053405948	1.35582587253585	1.44574270066753
-0.129595338385356	-0.742894491032504	0.0727955127617892	-2.12588138148357	0.218750596302535	1.35512261658147	1.44099905946234
-0.135074978333644	-0.743394004770743	0.0736445892921019	-2.12561302555813	0.218734037071934	1.35444259970485	1.43625422342887
-0.140572911012595	-0.743882034078954	0.0745129240849969	-2.12535322642007	0.218717341598021	1.35378586053173	1.43150836232554
-0.146088776891889	-0.744358525067789	0.0754002889541009	-2.12510199937527	0.218700475764674	1.35315243768784	1.42676164591078
-0.151622216441204	-0.744823423847898	0.0763064557130416	-2.12485935972959	0.21868340545577	1.3525423697989	1.42201424394301
-0.157172870130219	-0.74527667652993	0.0772311961754457	-2.12462532278893	0.218666096555184	1.35195569549064	1.41726632618066
-0.162740378428614	-0.745718229224538	0.0781742821549405	-2.12439990385915	0.218648514946795	1.3513924533888	1.41251806238215
-0.168324381806066	-0.746148028042371	0.0791354854651533	-2.12418311824615	0.218630626514478	1.3508526821191	1.40776962230592
-0.173924520732255	-0.74656601909408	0.0801145779197115	-2.12397498125579	0.218612397142111	1.35033642030728	1.40302117571039
-0.179540435676858	-0.746972148490314	0.0811113313322419	-2.12377550819397	0.21859379271357	1.34984370657905	1.39827289235398
-0.185171767109556	-0.747366362341726	0.0821255175163721	-2.12358471436655	0.218574779112732	1.34937457956016	1.39352494199513
-0.190818155500027	-0.747748606758964	0.0831569082857287	-2.12340261507942	0.218555322223475	1.34892907787632	1.38877749439224
-0.19647924131795	-0.74811882785268	0.0842052754539397	-2.12322922563846	0.218535387929674	1.34850724015327	1.38403071930377
-0.202154665033003	-0.748476971733523	0.0852703908346317	-2.12306456134954	0.218514942115206	1.34810910501673	1.37928478648812
-0.207844067114865	-0.748822984512145	0.0863520262414321	-2.12290863751856	0.218493950663949	1.34773471109245	1.37453986570372
-0.213547088033215	-0.749156812299196	0.087449953487968	-2.12276146945137	0.218472379459778	1.34738409700613	1.369796126709
-0.219263368257731	-0.749478401205325	0.0885639443878669	-2.12262307245388	0.218450194386572	1.34705730138353	1.36505373926239
-0.224992548258093	-0.749787697341185	0.0896937707547553	-2.12249346183195	0.218427361328206	1.34675436285035	1.36031287312232
-0.23073426850398	-0.750084646817425	0.0908392044022613	-2.12237265289146	0.218403846168558	1.34647532003234	1.3555736980472
-0.23648816946507	-0.750369195744695	0.0920000171440118	-2.12226066093829	0.218379614791504	1.34622021155522	1.35083638379546
-0.242253891611041	-0.750641290233646	0.0931759807936338	-2.12215750127833	0.218354633080921	1.34598907604471	1.34610110012554
-0.248031075411574	-0.750900876394929	0.0943668671647544	-2.12206318921746	0.218328866920686	1.34578195212656	1.34136801679585
-0.253819361336345	-0.751147900339193	0.0955724480710009	-2.12197774006154	0.218302282194676	1.34559887842649	1.33663730356482
-0.259618389855035	-0.75138230817709	0.0967924953260009	-2.12190116911647	0.218274844786767	1.34543989357022	1.33190913019088
-0.265427801437322	-0.75160404601927	0.0980267807433811	-2.12183349168812	0.218246520580836	1.34530503618349	1.32718366643246
-0.271247236552885	-0.751813059976383	0.0992750761367687	-2.12177472308237	0.218217275460761	1.34519434489203	1.32246108204798
-0.277076335671402	-0.75200929615908	0.100537153319791	-2.1217248786051	0.218187075310417	1.34510785832156	1.31774154679586
-0.282914739262552	-0.75219270067801	0.101812784106076	-2.12168397356219	0.218155886013682	1.34504561509782	1.31302523043454
-0.288762087796015	-0.752363219643826	0.10310174030925	-2.12165202325952	0.218123673454432	1.34500765384653	1.30831230272243
-0.294618021741468	-0.752520799167176	0.104403793742939	-2.12162904300297	0.218090403516544	1.34499401319342	1.30360293341797
-0.300482181568592	-0.752665385358712	0.105718716220773	-2.12161504809841	0.218056042083896	1.34500473176422	1.29889729227958
-0.306354207747064	-0.752796924329084	0.107046279556377	-2.12161005385174	0.218020555040363	1.34503984818466	1.29419554906568
-0.312233740746563	-0.752915362188942	0.10838625556338	-2.12161407556882	0.217983908269823	1.34509940108047	1.28949787353471
-0.318120421036768	-0.753020645048937	0.109738416055407	-2.12162712855554	0.217946067656152	1.34518342907738	1.28480443544509
-0.324013889087358	-0.753112719019719	0.111102532846087	-2.12164922811777	0.217906999083228	1.34529197080112	1.28011540455524
-0.329913785368011	-0.753191530211939	0.112478377749047	-2.12168038956141	0.217866668434926	1.34542506487741	1.27543095062359
-0.335819750348407	-0.753257024736246	0.113865722577913	-2.12172062819231	0.217825041595124	1.34558274993199	1.27075124340857
-0.341731424498224	-0.753309148703293	0.115264339146313	-2.12176995931637	0.217782084447699	1.34576506459058	1.26607645266859
-0.347648448287141	-0.753347848223729	0.116673999267874	-2.12182839823947	0.217737762876527	1.34597204747892	1.2614067481621
-0.353570462184836	-0.753373069408204	0.118094474756224	-2.12189596026748	0.217692042765486	1.34620373722273	1.25674229964751
-0.359497106660989	-0.753384758367369	0.119525537424989	-2.12197266070628	0.217644889998451	1.34646017244774	1.25208327688326
-0.365428022185278	-0.753382861211874	0.120966959087797	-2.12205851486175	0.2175962704593	1.34674139177968	1.24742984962776
-0.371362849227383	-0.75336732405237	0.122418511558275	-2.12215353803978	0.21754615003191	1.34704743384428	1.24278218763944
-0.377301228256981	-0.753338092999508	0.12387996665005	-2.12225774554624	0.217494494600157	1.34737833726728	1.23814046067673
-0.383242799743752	-0.753295114163937	0.125351096176749	-2.12237115268701	0.217441270047918	1.34773414067439	1.23350483849805
-0.389187204157375	-0.753238333656308	0.126831671952001	-2.12249377476797	0.21738644225907	1.34811488269134	1.22887549086184
-0.395134081967527	-0.753167697587272	0.12832146578943	-2.122625627095	0.217329977117489	1.34852060194388	1.22425258752651
-0.401083073643889	-0.753083152067479	0.129820249502666	-2.12276672497399	0.217271840507054	1.34895133705771	1.21963629825049
-0.407033819656138	-0.752984643207579	0.131327794905335	-2.1229170837108	0.217211998311639	1.34940712665859	1.21502679279221
-0.412985960473954	-0.752872117118224	0.132843873811064	-2.12307671861132	0.217150416415123	1.34988800937222	1.2104242409101
-0.418939136567015	-0.752745519910063	0.134368258033481	-2.12324564498142	0.217087060701382	1.35039402382435	1.20582881236257
-0.424892988405	-0.752604797693746	0.135900719386212	-2.123423878127	0.217021897054292	1.3509252086407	1.20124067690807
-0.430847156457588	-0.752449896579925	0.137441029682886	-2.12361143335392	0.216954891357731	1.351481602447	1.196660004305
-0.436801281194457	-0.75228076267925	0.138988960737129	-2.12380832596807	0.216886009495575	1.35206324386899	1.19208696431181
-0.442755003085287	-0.752097342102371	0.140544284362567	-2.12401457127532	0.216815217351701	1.35267017153238	1.18752172668691
-0.448707962599757	-0.751899580959938	0.14210677237283	-2.12423018458156	0.216742480809986	1.3533024240629	1.18296446118872
-0.454659800207544	-0.751687425362602	0.143676196581543	-2.12445518119267	0.216667765754307	1.3539600400863	1.17841533757569
-0.460610156378328	-0.751460821421014	0.145252328802334	-2.12468957641452	0.21659103806854	1.35464305822829	1.17387452560623
-0.466558671581788	-0.751219715245824	0.146834940848831	-2.12493338555299	0.216512263636563	1.35535151711461	1.16934219503876
-0.472504986287602	-0.750964052947683	0.148423804534659	-2.12518662391397	0.216431408342251	1.35608545537098	1.16481851563172
-0.478448740965449	-0.75069378063724	0.150018691673448	-2.12544930680333	0.216348438069483	1.35684491162313	1.16030365714354
-0.484389576085008	-0.750408844425147	0.151619374078823	-2.12572144952696	0.216263318702134	1.3576299244968	1.15579778933262
-0.490327132115958	-0.750109190422053	0.153225623564411	-2.12600306739072	0.216176016124081	1.3584405326177	1.15130108195741
-0.496261049527977	-0.749794764738609	0.154837211943841	-2.12629417570051	0.216086496219202	1.35927677461158	1.14681370477633
-0.502190968790744	-0.749465513485466	0.156453911030739	-2.1265947897622	0.215994724871373	1.36013868910416	1.1423358275478
-0.508116530373939	-0.749121382773274	0.158075492638733	-2.12690492488167	0.21590066796447	1.36102631472117	1.13786762003026
-0.514037374747239	-0.748762318712684	0.15970172858145	-2.1272245963648	0.215804291382372	1.36193969008833	1.13340925198212
-0.519953142380325	-0.748388267414345	0.161332390672517	-2.12755381951747	0.215705561008953	1.36287885383138	1.12896089316181
-0.525863473742872	-0.74799917498891	0.162967250725561	-2.12789260964555	0.215604442728092	1.36384384457605	1.12452271332776
-0.531768009304563	-0.747594987547026	0.164606080554208	-2.12824098205494	0.215500902423665	1.36483470094806	1.1200948822384
-0.537666389535074	-0.747175651199347	0.166248651972087	-2.12859895205151	0.215394905979549	1.36585146157315	1.11567756965214
-0.543558254904085	-0.746741112056521	0.167894736792826	-2.12896653494113	0.21528641927962	1.36689416507704	1.11127094532742
-0.549443245881275	-0.746291316229199	0.16954410683005	-2.12934374602969	0.215175408207756	1.36796285008546	1.10687517902267
-0.555321002936321	-0.745826209828032	0.171196533897388	-2.12973060062306	0.215061838647833	1.36905755522414	1.1024904404963
-0.561191166538904	-0.74534573896367	0.172851789808466	-2.13012711402713	0.214945676483728	1.37017831911881	1.09811689950675
-0.567053377158702	-0.744849849746763	0.17450964637691	-2.13053330154778	0.214826887599317	1.3713251803952	1.09375472581244
-0.572907275265393	-0.744338488287962	0.17616987541635	-2.13094917849088	0.214705437878479	1.37249817767905	1.0894040891718
-0.578752501328657	-0.743811600697918	0.177832248740412	-2.13137476016232	0.214581293205088	1.37369734959606	1.08506515934324
-0.584588695818172	-0.743269133087281	0.179496538162723	-2.13181006186797	0.214454419463023	1.37492273477199	1.08073810608521
-0.590415499203617	-0.742711031566701	0.181162515496911	-2.13225509891371	0.21432478253616	1.37617437183255	1.07642309915612
-0.59623255195467	-0.742137242246829	0.182829952556601	-2.13270988660543	0.214192348308375	1.37745229940347	1.0721203083144
-0.602039494541011	-0.741547711238315	0.184498621155423	-2.133174440249	0.214057082663546	1.37875655611049	1.06782990331848
-0.607835967432319	-0.74094238465181	0.186168293107002	-2.1336487751503	0.21391895148555	1.38008718057934	1.06355205392678
-0.613621611098271	-0.740321208597963	0.187838740224967	-2.13413290661521	0.213777920658262	1.38144421143573	1.05928692989773
-0.619396066008548	-0.739684129187427	0.189509734322943	-2.13462684994962	0.21363395606556	1.38282768730541	1.05503470098975
-0.625158972632827	-0.73903109253085	0.19118104721456	-2.13513062045939	0.213487023591322	1.38423764681409	1.05079553696127
-0.630909971440787	-0.738362044738884	0.192852450713443	-2.13564423345041	0.213337089119422	1.38567412858752	1.04656960757073
-0.636648702902108	-0.737676931922179	0.19452371663322	-2.13616770422857	0.213184118533739	1.38713717125141	1.04235708257653
-0.642374807486468	-0.736975700191384	0.196194616787518	-2.13670104809973	0.213028077718149	1.3886268134315	1.03815813173711
-0.648087925663545	-0.736258295657152	0.197864922989964	-2.13724428036978	0.212868932556529	1.39014309375352	1.0339729248109
-0.653787697903019	-0.735524664430133	0.199534407054186	-2.1377974163446	0.212706648932756	1.39168605084319	1.02980163155631
-0.659473764674569	-0.734774752620975	0.201202840793811	-2.13836047133006	0.212541192730706	1.39325572332625	1.02564442173179
-0.665145766447872	-0.734008506340331	0.202869996022465	-2.13893346063205	0.212372529834257	1.39485214982842	1.02150146509574
-0.670803343692608	-0.73322587169885	0.204535644553777	-2.13951639955645	0.212200626127284	1.39647536897543	1.01737293140661
-0.676446136878457	-0.732426794807184	0.206199558201373	-2.14010930340914	0.212025447493666	1.39812541939301	1.01325899042281
-0.682073786475095	-0.731611221775982	0.20786150877888	-2.14071218749599	0.211846959817278	1.3998023397069	1.00915981190277
-0.687685932952203	-0.730779098715895	0.209521268099927	-2.14132506712288	0.211665128981998	1.40150616854282	1.00507556560491
-0.693282216779458	-0.729930371737573	0.211178607978139	-2.1419479575957	0.211479920871702	1.40323694452649	1.00100642128767
-0.698862278426541	-0.729064986951667	0.212833300227144	-2.14258087422033	0.211291301370267	1.40499470628365	0.996952548709469
-0.704425758363129	-0.728182890468827	0.214485116660569	-2.14322383230263	0.211099236361569	1.40677949244003	0.992914117628731
-0.709972297058902	-0.727284028399704	0.216133829092042	-2.1438768471485	0.210903691729487	1.40859134162136	0.988891297803884
-0.715501534983537	-0.726368346854948	0.21777920933519	-2.14453993406381	0.210704633357896	1.41043029245336	0.984884258993353
-0.721013112606715	-0.725435791945209	0.219421029203639	-2.14521310835444	0.210502027130673	1.41229638356177	0.980893170955565
-0.726506670398114	-0.724486309781139	0.221059060511018	-2.14589638532628	0.210295838931695	1.41418965357231	0.976918203448945
-0.731981848827411	-0.723519846473387	0.222693075070953	-2.14658978028519	0.210086034644839	1.41611014111071	0.972959526231921
-0.737438288364287	-0.722536348132604	0.224322844697072	-2.14729330853707	0.209872580153982	1.4180578848027	0.969017309062917
-0.742875629478421	-0.72153576086944	0.225948141203001	-2.14800698538778	0.209655441343	1.42003292327402	0.965091721700359
-0.748293512639489	-0.720518030794547	0.227568736402368	-2.14873082614322	0.20943458409577	1.42203529515038	0.961182933902675
-0.753691578317173	-0.719483104018573	0.2291844021088	-2.14946484610925	0.20920997429617	1.42406503905752	0.957291115428288
-0.75906946698115	-0.71843092665217	0.230794910135925	-2.15020906059176	0.208981577828075	1.42612219362118	0.953416436035627
-0.7644268191011	-0.717361444805988	0.232400032297368	-2.15096348489663	0.208749360575362	1.42820679746706	0.949559065483116
-0.769763275146699	-0.716274604590678	0.233999540406759	-2.15172813432974	0.20851328842191	1.43031888922092	0.945719173529181
-0.77507847558763	-0.71517035211689	0.235593206277724	-2.15250302419696	0.208273327251593	1.43245850750847	0.94189692993225
-0.780372060893568	-0.714048633495274	0.237180801723889	-2.15328816980418	0.208029442948289	1.43462569095544	0.938092504450747
-0.785643671534194	-0.712909394836482	0.238762098558883	-2.15408358645727	0.207781601395875	1.43682047818757	0.934306066843099
-0.790892947979186	-0.711752582251163	0.240336868596332	-2.15488928946212	0.207529768478228	1.43904290783058	0.930537786867731
-0.796119530698222	-0.710578141849967	0.241904883649865	-2.15570529412461	0.207273910079224	1.4412930185102	0.92678783428307
-0.801323060160983	-0.709386019743546	0.243465915533106	-2.1565316157506	0.20701399208274	1.44357084885216	0.923056378847542
-0.806503176837145	-0.70817616204255	0.245019736059685	-2.157368269646	0.206749980372653	1.44587643748219	0.919343590319573
-0.811659521196389	-0.706948514857628	0.246566117043228	-2.15821527111666	0.20648184083284	1.44820982302602	0.915649638457588
-0.816791733708393	-0.705703024299433	0.248104830297364	-2.15907263546848	0.206209539347177	1.45057104410937	0.911974693020013
-0.821899454842836	-0.704439636478613	0.249635647635717	-2.15994037800733	0.205933041799542	1.45296013935799	0.908318923765276
-0.826982325069396	-0.70315829750582	0.251158340871916	-2.16081851403909	0.205652314073811	1.45537714739759	0.904682500451801
-0.832039984857753	-0.701858953491704	0.252672681819589	-2.16170705886964	0.205367322053861	1.4578221068539	0.901065592838015
-0.837072074677584	-0.700541550546915	0.254178442292362	-2.16260602780487	0.205078031623568	1.46029505635266	0.897468370682343
-0.84207823499857	-0.699206034782104	0.255675394103861	-2.16351543615064	0.20478440866681	1.46279603451959	0.893891003743213
-0.847058106290389	-0.697852352307922	0.257163309067716	-2.16443529921284	0.204486419067464	1.46532507998042	0.890333661779049
-0.852011329022718	-0.696480449235018	0.258641958997553	-2.16536563229735	0.204184028709405	1.46788223136089	0.886796514548278
-0.856937543665238	-0.695090271674043	0.260111115706999	-2.16630645071005	0.203877203476512	1.47046752728671	0.883279731809325
-0.861836390687628	-0.693681765735648	0.26157055100968	-2.16725776975682	0.20356590925266	1.47308100638363	0.879783483320618
-0.866707510559564	-0.692254877530483	0.263020036719226	-2.16821960474354	0.203250111921726	1.47572270727736	0.87630793884058
-0.871550543750728	-0.690809553169198	0.264459344649262	-2.16919197097608	0.202929777367588	1.47839266859364	0.87285326812764
-0.876365130730796	-0.689345738762445	0.265888246613416	-2.17017488376033	0.202604871474122	1.4810909289582	0.869419640940222
-0.88115091196945	-0.687863380420873	0.267306514425316	-2.17116835840217	0.202275360125205	1.48381752699676	0.866007227036753
-0.885907527936365	-0.686362424255133	0.268713919898587	-2.17217241020747	0.201941209204714	1.48657250133506	0.862616196175659
-0.890634619101222	-0.684842816375875	0.270110234846858	-2.17318705448211	0.201602384596525	1.48935589059882	0.859246718115366
-0.8953318259337	-0.683304502893749	0.271495231083756	-2.17421230653198	0.201258852184515	1.49216773341377	0.855898962614299
-0.899998788903478	-0.681747429919407	0.272868680422907	-2.17524818166296	0.200910577852561	1.49500806840565	0.852573099430885
-0.904635148480234	-0.680171543563499	0.27423035467794	-2.17629469518092	0.200557527484541	1.49787693420018	0.84926929832355
-0.909240545133645	-0.678576789936675	0.27558002566248	-2.17735186239174	0.200199666964329	1.50077436942309	0.84598772905072
-0.913814619333394	-0.676963115149585	0.276917465190156	-2.1784196986013	0.199836962175805	1.5037004127001	0.84272856137082
-0.918357011549156	-0.67533046531288	0.278242445074595	-2.17949821911549	0.199469379002843	1.50665510265696	0.839491965042277
-0.922867362250612	-0.673678786537211	0.279554737129424	-2.18058743924017	0.199096883329322	1.50963847791938	0.836278109823517
-0.927345311907439	-0.672008024933227	0.280854113168269	-2.18168737428124	0.198719441039117	1.5126505771131	0.833087165472966
-0.931790500989317	-0.67031812661158	0.282140345004759	-2.18279803954457	0.198337018016106	1.51569143886384	0.829919301749049
-0.936202569965924	-0.66860903768292	0.283413204452521	-2.18391945033604	0.197949580144166	1.51876110179734	0.826774688410193
-0.94058115930694	-0.666880704257897	0.284672463325181	-2.18505162196152	0.197557093307172	1.52185960453932	0.823653495214824
-0.944925909482043	-0.665133072447161	0.285917893436367	-2.18619456972691	0.197159523389003	1.52498698571552	0.820555891921368
-0.949236460960913	-0.663366088361363	0.287149266599706	-2.18734830893807	0.196756836273534	1.52814328395165	0.817482048288251
-0.953512454213226	-0.661579698111155	0.288366354628826	-2.1885128549009	0.196348997844644	1.53132853787346	0.814432134073898
-0.957753529708662	-0.659773847807185	0.289568929337352	-2.18968822292126	0.195935973986207	1.53454278610667	0.811406319036736
-0.961959327916902	-0.657948483560104	0.290756762538913	-2.19087442830503	0.195517730582102	1.53778606727701	0.808404772935192
-0.966129489307622	-0.656103551480564	0.291929626047137	-2.1920714863581	0.195094233516204	1.5410584200102	0.805427665527689
-0.970263654350502	-0.654238997679214	0.293087291675649	-2.19327941238635	0.194665448672392	1.54435988293198	0.802475166572656
-0.974361463515221	-0.652354768266704	0.294229531238078	-2.19449822169566	0.194231341934541	1.54769049466808	0.799547445828517
-0.978422557271456	-0.650450809353686	0.295356116548049	-2.1957279295919	0.193791879186528	1.55105029384422	0.7966446730537
-0.982446576088888	-0.64852706705081	0.296466819419192	-2.19696855138095	0.19334702631223	1.55443931908614	0.793767018006629
-0.986433160437194	-0.646583487468725	0.297561411665133	-2.1982201023687	0.192896749195525	1.55785760901956	0.790914650445731
-0.990381950786055	-0.644620016718083	0.298639665099498	-2.19948259786102	0.192441013720288	1.56130520227021	0.788087740129431
-0.994292587605148	-0.642636600909534	0.299701351535916	-2.20075605316379	0.191979785770397	1.56478213746383	0.785286456816157
-0.998164711364152	-0.640633186153729	0.300746242788013	-2.2020404835829	0.191513031229728	1.56828845322614	0.782510970264333
-1.00199796253275	-0.638609718561317	0.301774110669417	-2.20333590442421	0.191040715982158	1.57182418818286	0.779761450232386
-1.00579198158061	-0.63656614424295	0.302784726993755	-2.20464233099362	0.190562805911564	1.57538938095973	0.777038066478742
-1.00954640897742	-0.634502409309278	0.303777863574654	-2.205959778597	0.190079266901823	1.57898407018249	0.774340988761828
-1.01326088519286	-0.63241845987095	0.30475329222574	-2.20728826254023	0.189590064836812	1.58260829447685	0.771670386840067
-1.0169350506966	-0.630314242038619	0.305710784760644	-2.20862779812919	0.189095165600407	1.58626209246854	0.769026430471888
-1.02056854595833	-0.628189701922934	0.306650112992989	-2.20997840066976	0.188594535076484	1.5899455027833	0.766409289415715
-1.02416101144771	-0.626044785634545	0.307571048736403	-2.21134008546781	0.188088139148922	1.59365856404686	0.763819133429976
-1.02771208763444	-0.623879439284103	0.308473363804515	-2.21271286782924	0.187575943701597	1.59740131488493	0.761256132273095
-1.03122141498819	-0.621693608982259	0.309356830010951	-2.21409676305991	0.187057914618385	1.60117379392326	0.758720455703499
-1.03468863397864	-0.619487240839663	0.310221219169339	-2.21549178646571	0.186534017783163	1.60497603978757	0.756212273479614
-1.03811338507547	-0.617260280966965	0.311066303093305	-2.21689795335252	0.186004219079808	1.6088080911036	0.753731755359866
-1.04149530874835	-0.615012675474816	0.311891853596477	-2.21831527902621	0.185468484392197	1.61266998649706	0.751279071102681
-1.04483404546697	-0.612744370473866	0.312697642492482	-2.21974377879267	0.184926779604207	1.61656176459369	0.748854390466484
-1.04812923570101	-0.610455312074765	0.313483441594946	-2.22118346795778	0.184379070599715	1.62048346401921	0.746457883209703
-1.05138051992013	-0.608145446388165	0.314249022717501	-2.2226343618274	0.183825323262596	1.62443512339937	0.744089719090762
-1.05458753859403	-0.605814719524716	0.314994157673767	-2.22409647570744	0.183265503476729	1.62841678135988	0.741750067868088
-1.05774993219238	-0.603463077595067	0.315718618277376	-2.22556982490375	0.182699577125989	1.63242847652647	0.739439099300108
-1.06086734118486	-0.601090466709871	0.316422176341954	-2.22705442472223	0.182127510094255	1.63647024752488	0.737156983145246
-1.06393940604115	-0.598696832979775	0.317104603681129	-2.22855029046876	0.181549268265401	1.64054213298083	0.734903889161928
-1.06696576723092	-0.596282122515433	0.317765672108526	-2.2300574374492	0.180964817523306	1.64464417152006	0.732679987108582
-1.06994606522386	-0.593846281427493	0.318405153437775	-2.23157588096945	0.180374123751846	1.64877640176828	0.730485446743633
-1.07287994048964	-0.591389255826606	0.319022819482502	-2.23310563633537	0.179777152834898	1.65293886235124	0.728320437825507
-1.07576703349795	-0.588910991823423	0.319618442056333	-2.23464671885286	0.179173870656338	1.65713159189466	0.72618513011263
-1.07860698471845	-0.586411435528595	0.320191792972896	-2.23619914382779	0.178564243100044	1.66135462902426	0.724079693363427
-1.08139943462084	-0.583890533052771	0.320742644045819	-2.23776292656603	0.177948236049892	1.66560801236578	0.722004297336326
-1.08414402367479	-0.581348230506601	0.321270767088728	-2.23933808237348	0.177325815389759	1.66989178054495	0.719959111789751
-1.08684039234998	-0.578784474000738	0.321775933915252	-2.240924626556	0.176696947003522	1.67420597218749	0.71794430648213
-1.08948818111608	-0.57619920964583	0.322257916339017	-2.24252257441949	0.176061596775057	1.67855062591914	0.715960051171887
-1.09208703044278	-0.573592383552529	0.322716486173649	-2.24413194126981	0.175419730588242	1.68292578036562	0.714006515617449
-1.09463658079976	-0.570963941831484	0.323151415232777	-2.24575274241285	0.174771314326953	1.68733147415266	0.712083869577242
-1.09713647265669	-0.568313830593348	0.323562475330028	-2.24738499315448	0.174116313875067	1.691767745906	0.710192282809693
-1.09958634648325	-0.565641995948768	0.323949438279028	-2.24902870880059	0.173454695116461	1.69623463425136	0.708331925073226
-1.10198584274912	-0.562948384008397	0.324312075893406	-2.25068390465706	0.172786423935011	1.70073217781447	0.706502966126268
-1.10433460192398	-0.560232940882885	0.324650159986787	-2.25235059602976	0.172111466214595	1.70526041522105	0.704705575727245
-1.10663226447751	-0.557495612682881	0.3249634623728	-2.25402879822457	0.171429787839088	1.70981938509685	0.702939923634583
-1.10887847087938	-0.554736345519037	0.325251754865072	-2.25571852654738	0.170741354692369	1.71440912606758	0.701206179606708
-1.11107286159929	-0.551955085502003	0.32551480927723	-2.25741979630406	0.170046132658314	1.71902967675898	0.699504513402046
-1.11321507710689	-0.549151778742429	0.3257523974229	-2.2591326228005	0.169344087620799	1.72368107579677	0.697835094779023
-1.11530475787189	-0.546326371350967	0.325964291115711	-2.26085702134256	0.168635185463701	1.72836336180669	0.696198093496065
-1.11734154436394	-0.543478809438265	0.326150262169289	-2.26259300723614	0.167919392070898	1.73307657341446	0.694593679311598
-1.11932507705274	-0.540609039114975	0.326310082397261	-2.26434059578711	0.167196673326265	1.73782074924582	0.693022021984048
-1.12125499640795	-0.537717006491748	0.326443523613256	-2.26609980230136	0.16646699511368	1.74259592792648	0.69148329127184
-1.12313094289927	-0.534802657679233	0.3265503576309	-2.26787064208475	0.16573032331702	1.74740214808219	0.689977656933402
-1.12495255699636	-0.531865938788081	0.326630356263819	-2.26965313044317	0.164986623820161	1.75223944833867	0.688505288727159
-1.12671947916891	-0.528906795928943	0.326683291325643	-2.2714472826825	0.16423586250698	1.75710786732164	0.687066356411537
-1.12843134988659	-0.525925175212468	0.326708934629996	-2.27325311410862	0.163478005261355	1.76200744365685	0.685661029744962
-1.13008780961909	-0.522921022749309	0.326707057990507	-2.27507064002741	0.16271301796716	1.76693821597001	0.68428947848586
-1.13168849883608	-0.519894284650113	0.326677433220804	-2.27689987574475	0.161940866508275	1.77190022288686	0.682951872392657
-1.13323305800724	-0.516844907025534	0.326619832134513	-2.27874083656651	0.161161516768574	1.77689350303312	0.681648381223779
-1.13472112760225	-0.513772835986219	0.326534026545261	-2.28059353779859	0.160374934631936	1.78191809503453	0.680379174737652
-1.13615234809079	-0.510678017642822	0.326419788266676	-2.28245799474684	0.159581085982236	1.78697403751681	0.679144422692702
-1.13752635994254	-0.507560398105991	0.326276889112384	-2.28433422271717	0.158779936703352	1.79206136910569	0.677944294847355
-1.13884280362718	-0.504419923486377	0.326105100896013	-2.28622223701544	0.157971452679161	1.7971801284269	0.676778960960037
-1.14010131961438	-0.50125653989463	0.325904195431191	-2.28812205294753	0.157155599793539	1.80233035410618	0.675648590789174
-1.14130154837382	-0.498070193441402	0.325673944531544	-2.29003368581933	0.156332343930363	1.80751208476924	0.674553354093192
-1.14244313037519	-0.494860830237342	0.325414120010699	-2.29195715093671	0.15550165097351	1.81272535904183	0.673493420630517
-1.14352570608816	-0.4916283963931	0.325124493682285	-2.29389246360555	0.154663486806856	1.81797021554966	0.672468960159576
-1.14454891598241	-0.488372838019328	0.324804837359927	-2.29583963913174	0.153817817314279	1.82324669291847	0.671480142438793
-1.14551240052762	-0.485094101226676	0.324454922857254	-2.29779869282115	0.152964608379655	1.82855482977398	0.670527137226596
-1.14641580019347	-0.481792132125795	0.324074521987892	-2.29976963997966	0.152103825886862	1.83389466474193	0.669610114281408
-1.14725875544964	-0.478466876827333	0.323663406565469	-2.30175249591316	0.151235435719775	1.83926623644804	0.66872924336166
-1.1480409067658	-0.475118281441943	0.323221348403611	-2.30374727592751	0.150359403762272	1.84466958351805	0.667884694225772
-1.14876189461163	-0.471746292080275	0.322748119315945	-2.3057539953286	0.149475695898228	1.85010474457768	0.667076636632176
-1.14942135945682	-0.468350854852978	0.322243491116102	-2.30777266942232	0.148584278011523	1.85557175825266	0.666305240339293
-1.15001894177104	-0.464931915870704	0.321707235617704	-2.30980331351453	0.147685115986031	1.86107066316872	0.665570675105552
-1.15055428202397	-0.461489421244103	0.321139124634381	-2.31184594291112	0.14677817570563	1.86660149795159	0.664873110689378
-1.15102702068529	-0.458023317083825	0.320538929979762	-2.31390057291797	0.145863423054197	1.872164301227	0.664212716849196
-1.15143679822468	-0.454533549500521	0.319906423467469	-2.31596721884096	0.144940823915608	1.87775911162068	0.663589663343435
-1.15178325511181	-0.451020064604841	0.319241376911133	-2.31804589598596	0.14401034417374	1.88338596775835	0.663004119930518
-1.15206603181638	-0.447482808507436	0.318543562124382	-2.32013661965887	0.14307194971247	1.88904490826575	0.662456256368872
-1.15228476880804	-0.443921727318956	0.31781275092084	-2.32223940516554	0.142125606415676	1.8947359717686	0.661946242416924
-1.15243933497235	-0.440336896767226	0.317048853545492	-2.32435419942984	0.141171322284047	1.90045901368777	0.66147412614793
-1.15253051084522	-0.436728909369949	0.316252332714232	-2.32648067677376	0.140209273286796	1.90621315911479	0.661039469985398
-1.15255929984269	-0.433098482645252	0.315423786124385	-2.32861844568468	0.139239676138416	1.91199735678438	0.660641717667683
-1.15252669934175	-0.429446329074807	0.314563807709722	-2.33076711742894	0.138262746057188	1.91781056290188	0.660280316205886
-1.15243370068039	-0.425773156103831	0.313672987640459	-2.33292630605188	0.137278696765172	1.92365174114319	0.659954715883854
-1.15228128915756	-0.422079666141086	0.312751912323262	-2.3350956283778	0.136287740488215	1.92951986265483	0.659664370258184
-1.15207044403319	-0.418366556558879	0.311801164401238	-2.33727470401001	0.135290087955948	1.9354139060539	0.659408736158214
-1.15180213852821	-0.41463451969306	0.310821322753943	-2.33946315533076	0.134285948401784	1.94133285742813	0.659187273686033
-1.15147733982452	-0.410884242843027	0.309812962497379	-2.34166060750132	0.133275529562921	1.9472757103358	0.658999446216474
-1.15109700906498	-0.40711640827172	0.308776654983994	-2.3438666884619	0.132259037680342	1.95324146580584	0.658844720397116
-1.15066210135346	-0.403331693205627	0.30771296780268	-2.34608102893173	0.131236677498811	1.95922913233774	0.658722566148285
-1.15017356575479	-0.399530769834777	0.306622464778778	-2.348303262409	0.130208652266879	1.96523772590159	0.658632456663055
-1.14963234529479	-0.395714305312748	0.305505705974074	-2.35053302517088	0.12917516373688	1.9712662699381	0.658573868407243
-1.14903937696024	-0.391882961756659	0.304363247686798	-2.35276995627353	0.12813641216493	1.97731379535856	0.658546281119414
-1.14839559169892	-0.388037396247177	0.303195642451629	-2.35501369755207	0.127092596310931	1.98337934054486	0.65854917781088
-1.14770191441958	-0.384178260828513	0.302003439039691	-2.35726389362062	0.126043913438568	1.98946195134949	0.658582044765699
-1.14695926399196	-0.380306202508422	0.300787182458554	-2.35952019187228	0.124990559315311	1.99556068109554	0.658644371540675
-1.14616855324677	-0.376421863258204	0.299547413952233	-2.36178224247911	0.123932728212412	2.00167459057668	0.658735650965357
-1.14533068897569	-0.372525880012706	0.298284671001192	-2.36404969839219	0.122870612904909	2.00780274805721	0.658855379142044
-1.14444657193139	-0.368618884670317	0.296999487322336	-2.36632221534153	0.121804404671623	2.013944229272	0.659003055445778
-1.14351709682753	-0.364701504092972	0.295692392869022	-2.36859945183616	0.120734293295158	2.02009811742653	0.659178182524347
-1.14254315233874	-0.360774360106152	0.294363913831049	-2.37088106916407	0.119660467061903	2.02626350319686	0.659380266298289
-1.14152562110062	-0.356838069498881	0.293014572634663	-2.37316673139224	0.11858311276203	2.03243948472969	0.659608815960884
-1.14046537970975	-0.35289324402373	0.291644887942556	-2.37545610536663	0.117502415689497	2.03862516764226	0.659863343978162
-1.13936329872371	-0.348940490396812	0.290255374653867	-2.37774886071217	0.116418559642043	2.04481966502246	0.660143366088897
-1.13822024266105	-0.344980410297789	0.288846543904181	-2.38004466983277	0.115331726921193	2.05102209742873	0.66044840130461
-1.13703707000128	-0.341013600369864	0.287418903065527	-2.38234320791135	0.114242098332255	2.05723159289016	0.660777971909568
-1.13581463318491	-0.337040652219787	0.285972955746383	-2.38464415290977	0.113149853184322	2.06344728690639	0.661131603460786
-1.13455377861342	-0.333062152417852	0.28450920179167	-2.38694718556889	0.112055169290268	2.06966832244768	0.661508824788023
-1.13325534664929	-0.329078682497899	0.283028137282758	-2.38925198940856	0.110958222966755	2.07589384995489	0.661909167993785
-1.13192017161595	-0.325090818957311	0.28153025453746	-2.39155825072759	0.109859189034226	2.08212302733946	0.662332168453326
-1.13054908179783	-0.321099133257018	0.280016042110039	-2.39386565860378	0.108758240816908	2.08835501998345	0.662777364814644
-1.12914289944032	-0.317104191821493	0.278485984791199	-2.39617390489391	0.107655550142814	2.09458900073951	0.663244298998484
-1.1277024407498	-0.313106556038756	0.276940563608095	-2.39848268423374	0.106551287343739	2.10082414993088	0.66373251619834
-1.12622851589365	-0.309106782260369	0.275380255824326	-2.40079169403801	0.105445621255262	2.1070596553514	0.664241564880447
-1.12472192900019	-0.305105421801443	0.273805534939935	-2.40310063450044	0.104338719216747	2.1132947122655	0.664770996783791
-1.12318347815875	-0.30110302094063	0.272216870691414	-2.40540920859374	0.103230747071341	2.11952852340824	0.665320366920103
-1.12161395541963	-0.297100120920128	0.2706147290517	-2.40771712206958	0.102121869165975	2.12576029898523	0.66588923357386
-1.1200141467941	-0.293097257945682	0.268999572230176	-2.41002408345862	0.101012248351364	2.13198925667273	0.666477158302284
-1.11838483225442	-0.289094963186578	0.267371858672672	-2.41232980407052	0.0999020459820079	2.13821462161754	0.667083705935346
-1.11672678573382	-0.285093762775651	0.265732043061462	-2.41463399799388	0.0987914219161883	2.1444356264371	0.667708444575762
-1.11504077512653	-0.281094177809279	0.264080576315267	-2.41693638209632	0.0976805345159725	2.15065151121945	0.668350945598993
-1.11332756228774	-0.277096724347383	0.262417905589256	-2.41923667602442	0.0965695406472112	2.15686152352318	0.66901078365325
-1.11158790303362	-0.273101913413432	0.26074447427504	-2.42153460220373	0.095458595679539	2.16306491837754	0.669687536659485
-1.10982254714133	-0.269110250994439	0.25906072200068	-2.42382988583881	0.0943478534863742	2.16926095828233	0.670380785811403
-1.10803223834899	-0.265122238040962	0.257367084630681	-2.42612225491318	0.0932374664449194	2.17544891320797	0.671090115575449
-1.10621771435574	-0.261138370467102	0.255663994265995	-2.42841144018933	0.0921275854361607	2.18162806059547	0.671815113690818
-1.10437970682164	-0.257159139150507	0.253951879244019	-2.43069717520877	0.0910183598448685	2.18779768535644	0.67255537116945
-1.10251894136779	-0.253185029932369	0.252231164138596	-2.43297919629195	0.0899099375595967	2.19395707987309	0.673310482296032
-1.10063613757622	-0.249216523617426	0.250502269760017	-2.43525724253831	0.0888024649726834	2.20010554399822	0.674080044627997
-1.09873200898997	-0.24525409597396	0.248765613155016	-2.43753105582629	0.0876960869802504	2.20624238505524	0.674863658995525
-1.09680726311305	-0.241298217733797	0.247021607606777	-2.43980038081329	0.0865909469822036	2.21236691783814	0.67566092950154
-1.09486260141045	-0.23734935459231	0.245270662634926	-2.44206496493569	0.0854871868822327	2.21847846461152	0.676471463521716
-1.09289871930813	-0.233407967208414	0.243513183995537	-2.44432455840887	0.0843849470878113	2.22457635511059	0.67729487170447
-1.09091630619304	-0.229474511204573	0.24174957368113	-2.44657891422717	0.0832843665101969	2.23065992654112	0.678130767970967
-1.08891604541312	-0.225549437166791	0.239980229920672	-2.44882778816391	0.0821855825644308	2.23672852357951	0.678978769515118
-1.08689861427726	-0.221633190644622	0.238205547179574	-2.45107093877141	0.0810887311693385	2.24278149837276	0.679838496803581
-1.08486468405536	-0.217726212151161	0.236425916159695	-2.45330812738096	0.0799939467475292	2.24881821053843	0.680709573575759
-1.08281491997828	-0.213828937163049	0.234641723799338	-2.45553911810282	0.0789013622253959	2.25483802716472	0.681591626843802
-1.08074998123786	-0.209941796120472	0.232853353273253	-2.45776367782623	0.0778111090331158	2.2608403228104	0.682484286892607
-1.07867052098692	-0.206065214427162	0.231061183992637	-2.45998157621944	0.0767233171046496	2.26682447950486	0.683387187279816
-1.07657718633928	-0.202199612450394	0.229265591605133	-2.46219258572965	0.0756381148777424	2.27278988674806	0.684299964835819
-1.07447061836971	-0.198345405520989	0.227466947994828	-2.46439648158305	0.0745556292939227	2.27873594151058	0.68522225966375
-1.07235145211398	-0.194503003933314	0.225665621282256	-2.4665930417848	0.0734759857985033	2.2846620482336	0.686153715139492
-1.07022031656882	-0.190672812945278	0.223861975824399	-2.46878204711907	0.0723993083405807	2.29056761882887	0.687093977911671
-1.06807783469196	-0.186855232778336	0.222056372214683	-2.47096328114898	0.0713257193730353	2.29645207267876	0.688042697901664
-1.06592462340211	-0.183050658617491	0.22024916728298	-2.47313653021664	0.0702553398525315	2.30231483663624	0.688999528303591
-1.06376129357892	-0.179259480611285	0.218440714095608	-2.47530158344315	0.0691882892395175	2.30815534502487	0.689964125584317
-1.06158845006308	-0.175482083871811	0.216631361955333	-2.47745823272857	0.0681246854982256	2.3139730396388	0.690936149483458
-1.05940669165621	-0.171718848474703	0.214821456401366	-2.47960627275196	0.0670646450966717	2.31976736974279	0.691915263013372
-1.05721661112093	-0.167970149459141	0.213011339209362	-2.48174550097135	0.0660082830066559	2.32553779207219	0.692901132459166
-1.05501879518085	-0.164236356827849	0.211201348391425	-2.48387571762376	0.0649557127037619	2.33128377083296	0.693893427378692
-1.05281382452053	-0.160517835547098	0.209391818196103	-2.48599672572517	0.0639070461673576	2.33700477770163	0.694891820602548
-1.05060227378553	-0.156814945546702	0.207583079108392	-2.48810833107057	0.0628623938805946	2.34270029182536	0.69589598823408
-1.04838471158239	-0.153128041720021	0.205775457849733	-2.49021034223389	0.0618218648304085	2.34836979982188	0.696905609649379
-1.04616170047863	-0.149457473923959	0.203969277378011	-2.49230257056809	0.0607855665075189	2.35401279577955	0.697920367497283
-1.04393379700273	-0.145803586978966	0.202164856887562	-2.49438483020507	0.059753604906429	2.35962878125729	0.698939947699375
-1.04170155164417	-0.142166720669036	0.200362511809163	-2.49645693805573	0.0587260845254261	2.36521726528465	0.699964039449987
-1.0394655088534	-0.138547209741708	0.198562553810039	-2.49851871380994	0.0577031083665816	2.37077776436174	0.700992335216194
-1.03722620704186	-0.134945383908066	0.196765290793863	-2.50056997993656	0.0566847779357503	2.37630980245932	0.70202453073782
-1.03498417858196	-0.131361567842738	0.19497102690075	-2.50261056168343	0.0556711932425714	2.3818129110187	0.703060325027435
-1.03273994980708	-0.1277960811839	0.193180062507266	-2.50464028707736	0.0546624528004678	2.3872866289518	0.704099420370353
-1.0304940410116	-0.124249238533269	0.191392694226418	-2.50665898692415	0.0536586536266462	2.39273050264116	0.705141522324637
-1.02824696645086	-0.120721349456109	0.189609214907662	-2.50866649480857	0.0526598912420973	2.39814408593989	0.706186339721095
-1.0259992343412	-0.117212718481229	0.187829913636901	-2.51066264709439	0.0516662596715958	2.40352694017171	0.707233584663282
-1.02375134685993	-0.113723645100982	0.186055075736481	-2.51264728292433	0.0506778514437002	2.40887863413094	0.708282972527499
-1.02150380014533	-0.110254423771267	0.184284982765195	-2.51462024422013	0.0496947575907528	2.41419874408248	0.709334221962794
-1.01925708429666	-0.106805343911526	0.182519912518284	-2.51658137568247	0.0487170676488801	2.41948685376186	0.710387054890959
-1.01701168337419	-0.103376689904748	0.180760139027434	-2.51853052479104	0.0477448696579922	2.42474255437517	0.711441196506535
-1.01476807539912	-0.0999687410974651	0.179005932560775	-2.52046754180449	0.0467782501617832	2.42996544459913	0.712496375276809
-1.01252673235367	-0.0965817717997562	0.177257559622887	-2.52239227976046	0.0458172942077313	2.43515513058103	0.713552322941813
-1.01028812018102	-0.0932160512852438	0.175515282954791	-2.52430459447558	0.0448620853470982	2.44031122593879	0.714608774514325
-1.00805269878533	-0.0898718437910953	0.17377936153396	-2.52620434454544	0.0439127056349299	2.44543335176089	0.715665468279872
-1.00582092203175	-0.0865494085180236	0.172050050574308	-2.52809139134463	0.042969235630056	2.45052113660643	0.716722145796726
-1.00359323774641	-0.083248999630286	0.170327601526197	-2.5299655990267	0.0420317543950903	2.4555742165051	0.717778551895903
-1.0013700877164	-0.0799708662556849	0.168612262076436	-2.53182683452419	0.0411003394964303	2.4605922349572	0.718834434681169
-0.999151907689796	-0.0767152524855676	0.166904276148278	-2.53367496754864	0.0401750670042573	2.46557484293362	0.719889545529034
-0.996939127375672	-0.0734823973748263	0.165203883901424	-2.53550987059053	0.0392560114925369	2.47052169887583	0.720943639088755
-0.994732170444063	-0.0702725349418981	0.16351132173202	-2.53733141891935	0.0383432460390182	2.47543246869593	0.721996473282336
-0.992531454525989	-0.0670858941687647	0.161826822272659	-2.53913949058357	0.0374368422252344	2.4803068257766	0.723047809304526
-0.990337391213449	-0.0639226990009533	0.160150614392378	-2.54093396641062	0.0365368701365025	2.48514445097111	0.724097411622821
-0.98815038605942	-0.0607831683475353	0.158482923196662	-2.54271473000693	0.0356433983619235	2.48994503260333	0.725145047977463
-0.985970838577861	-0.0576675160811277	0.156823970027441	-2.5444816677579	0.0347564939943823	2.49470826646775	0.726190489381442
-0.983799142243708	-0.0545759510378917	0.155173972463092	-2.54623466882792	0.0338762226305476	2.49943385582943	0.727233510120492
-0.981635684492879	-0.0515086770175341	0.153533144318438	-2.54797362516035	0.0330026483708722	2.50412151142405	0.728273887753095
-0.979480846722267	-0.0484658927833059	0.151901695644746	-2.54969843147754	0.0321358338195926	2.50877095145786	0.729311403110478
-0.97733500428975	-0.0454477920620035	0.150279832729732	-2.5514089852808	0.0312758400847292	2.51338190160773	0.730345840296615
-0.975198526514181	-0.042454563543968	0.148667758097556	-2.55310518685045	0.0304227267780865	2.51795409502113	0.731376986688227
-0.973071776675394	-0.0394863908830853	0.147065670508825	-2.55478693924577	0.0295765520152528	2.52248727231611	0.73240463293478
-0.970955112014203	-0.0365434526967866	0.145473764960592	-2.55645414830503	0.0287373724156002	2.52698118158132	0.733428572958488
-0.9688488837324	-0.0336259225660474	0.143892232686355	-2.55810672264546	0.0279052431022848	2.53143557837603	0.734448603954309
-0.966753436992757	-0.0307339690353886	0.14232126115606	-2.55974457366331	0.0270802177022467	2.53585022573008	0.735464526389949
-0.964669110919025	-0.0278677556128758	0.140761034076097	-2.56136761553377	0.0262623483462097	2.54022489414392	0.736476144005861
-0.962596238595935	-0.0250274407701194	0.139211731389304	-2.56297576521103	0.0254516856686816	2.54455936158859	0.737483263815243
-0.960535147069197	-0.0222131779422748	0.137673529274963	-2.56456894242827	0.0246482788079542	2.54885341350575	0.738485696104039
-0.958486157345501	-0.0194251155280424	0.136146600148804	-2.56614706969762	0.023852175406103	2.55310684280763	0.739483254430941
-0.956449584392516	-0.0166633968896672	0.134631112663001	-2.56771007231021	0.0230634216089875	2.55731944987707	0.740475755627385
-0.954425737138889	-0.0139281603529395	0.133127231706176	-2.56925787833617	0.0222820620662513	2.56149104256751	0.741463019797556
-0.952414918474248	-0.0112195392071943	0.131635118403397	-2.57079041862456	0.0215081399313216	2.56562143620298	0.742444870318383
-0.950417425249201	-0.00853766170531119	0.130154930116176	-2.57230762680347	0.0207416968614095	2.56971045357812	0.743421133839543
-0.948433548275333	-0.00588265106371522	0.128686820442473	-2.57380943927994	0.0199827730175103	2.57375792495814	0.744391640283458
-0.94646357232521	-0.00325462546237578	0.127230939216693	-2.57529579524	0.019231407064403	2.57776368807888	0.745356222845298
-0.944507776132378	-0.000653698044807798	0.125787432509687	-2.57676663664866	0.0184876361706505	2.58172758814677	0.746314717992977
-0.942566432391361	0.00192002308192959	0.124356442628754	-2.57822190824992	0.0177514960085997	2.58564947783881	0.747266965467159
-0.940639807757662	0.00446643484723189	0.122938108117637	-2.57966155756674	0.0170230207543812	2.58952921730264	0.748212808281249
-0.938728162847764	0.00698543921694993	0.121532563756525	-2.58108553490107	0.0163022430879098	2.59336667415647	0.749152092721404
-0.936831752239132	0.00947694319338944	0.120139940562055	-2.58249379333385	0.0155891941928839	2.59716172348912	0.750084668346523
-0.934950824470205	0.0119408588153114	0.118760365787307	-2.58388628872499	0.014883903756786	2.60091424785998	0.751010387988253
-0.933085622040406	0.014377103157932	0.117393962921809	-2.58526297971337	0.0141863999708825	2.60462413729908	0.751929107750988
-0.931236381410134	0.0167855983329223	0.116040851691537	-2.58662382771689	0.0134967095302236	2.60829128930702	0.752840687011868
-0.929403333000772	0.0191662714884086	0.114701148058908	-2.58796879693237	0.0128148576336436	2.61191560885501	0.753744988420779
-0.927586701194677	0.0215190548089722	0.11337496422279	-2.58929785433567	0.0121408679837603	2.61549700838484	0.754641877900352
-0.925786704335188	0.0238438855156497	0.112062408618494	-2.59061096968159	0.0114747627869759	2.61903540780891	0.755531224645967
-0.924003554726623	0.0261407058659326	0.110763585917778	-2.59190811550392	0.0108165627534762	2.62253073451023	0.756412901125748
-0.922237458634281	0.0284094631537677	0.109478597028847	-2.59318926711545	0.0101662870972309	2.62598292334238	0.757286783080567
-0.920488616284438	0.0306501097095566	0.10820753909635	-2.59445440260792	0.0095239535359937	2.62939191662956	0.758152749524042
-0.91875722186435	0.0328626029001564	0.106950505501384	-2.59570350285207	0.0088895782913022	2.63275766416656	0.759010682742537
-0.917043463522253	0.0350469051288789	0.105707585861491	-2.59693655149761	0.0082631760884779	2.63608012321876	0.759860468295161
-0.915347523367362	0.0372029838354914	0.104478866030659	-2.59815353497325	0.0076447601566262	2.63935925852215	0.760701995013772
-0.913669577469871	0.0393308114962159	0.103264428099323	-2.59935444248666	0.00703434222863635	2.64259504228331	0.761535155002972
-0.912009795860954	0.0414303656237301	0.102064350394363	-2.60053926602449	0.00643193254118149	2.64578745417941	0.762359843640111
-0.910368342532764	0.0435016287671659	0.100878707479105	-2.60170800035237	0.00583753983471881	2.64893648135825	0.763175959575285
-0.908745375438433	0.0455445885121111	0.0997075701533227	-2.60286064301494	0.00525117135348923	2.65204211843818	0.763983404731336
-0.907141046492075	0.0475592374806084	0.0985510054532338	-2.60399719433578	0.00467283284551772	2.65510436750819	0.764782084303851
-0.905555501568779	0.0495455733311553	0.097409076651503	-2.60511765741747	0.00410252856261309	2.65812323812783	0.765571906761166
-0.903988880504616	0.0515035987587048	0.0962818432572411	-2.60622203814157	0.00354026126036794	2.66109874732729	0.766352783844362
-0.902441317096637	0.0534333214946648	0.0951693610160048	-2.60731034516862	0.00298603219815899	2.66403091960732	0.767124630567265
-0.90091293910287	0.0553347543068984	0.0940716819097968	-2.60838258993813	0.00243984113914667	2.66691978693928	0.76788736521645
-0.899403868242324	0.0572079149997236	0.0929888541570661	-2.60943878666862	0.00190168635027545	2.66976538876514	0.768640909351237
-0.897914220194988	0.0590528264139137	0.0919209222127074	-2.61047895235754	0.00137156460227366	2.67256777199745	0.769385187803692
-0.896444104601829	0.0608695164266972	0.0908679267680617	-2.61150310678138	0.00084947116965349	2.67532699101937	0.770120128678627
-0.894993625064794	0.0626580179517574	0.0898299047509161	-2.61251127249555	0.000335399830711056	2.67804310768465	0.770845663353601
-0.893562879146808	0.0644183689392328	0.0888068893255034	-2.6135034748345	-0.000170657132473571	2.68071619131763	0.771561726478921
-0.892151958371779	0.0661506123757172	0.0877989098925029	-2.6144797419116	-0.000668708934036484	2.68334631871327	0.772268255977637
-0.890760948224589	0.0678547962842594	0.0868059920890397	-2.61544010461926	-0.00115876628432979	2.6859335741371	0.772965193045548
-0.889389928151105	0.0695309737243632	0.0858281577886848	-2.61638459662882	-0.00164084138992188	2.68847804932528	0.773652482151198
-0.888038971558169	0.0711792027919875	0.0848654251014556	-2.61731325439063	-0.00211494795359701	2.69097984348454	0.774330071035877
-0.886708145813605	0.0727995466195467	0.0839178083738155	-2.61822611713402	-0.00258110117435566	2.69343906329222	0.774997910713623
-0.885397512246214	0.0743920733759096	0.0829853181886738	-2.61912322686728	-0.00303931774741432	2.69585582289626	0.775655955471219
-0.884107126145779	0.0759568562664006	0.0820679613653857	-2.6200046283777	-0.00348961586420572	2.69823024391518	0.776304162868194
-0.882837036763062	0.0774939735327994	0.0811657409597528	-2.62087036923153	-0.00393201521237863	2.70056245543811	0.776942493736825
-0.881587287309802	0.07900350845334	0.0802786562640226	-2.62172049977403	-0.00436653697579781	2.70285259402479	0.777570912182134
-0.880357914958719	0.0804855493427124	0.0794067028068888	-2.62255507312942	-0.00479320383454424	2.70510080370553	0.77818938558189
-0.879148950843513	0.081940189552061	0.0785498723534908	-2.6233741452009	-0.00521203996491491	2.70730723598127	0.778797884586606
-0.877960420058862	0.083367527468986	0.0777081529054143	-2.62417777467066	-0.00562307103942301	2.70947204982351	0.779396383119546
-0.876792341660425	0.0847676665175418	0.0768815287006911	-2.62496602299985	-0.00602632422679773	2.71159541167438	0.779984858376717
-0.875644728664839	0.0861407151582389	0.0760699802137991	-2.62573895442863	-0.00642182819198441	2.7136774954466	0.780563290826871
-0.87451758804972	0.0874867868880422	0.0752734841556618	-2.62649663597612	-0.00680961309614447	2.71571848252347	0.781131664211511
-0.873410920753665	0.0888060002403719	0.0744920134736492	-2.62723913744043	-0.00718971059665542	2.7177185617589	0.781689965544883
-0.872324721676249	0.0900984787851035	0.0737255373515771	-2.62796653139865	-0.00756215384711089	2.71967792947741	0.782238185113978
-0.871258979678027	0.0913643511285672	0.0729740212097078	-2.62867889320683	-0.00792697749732062	2.72159678947409	0.782776316478538
-0.870213677580534	0.0926037509135488	0.0722374267047493	-2.62937630100003	-0.00828421769331031	2.72347535301465	0.783304356471047
-0.869188792166283	0.0938168168192886	0.0715157117298554	-2.63005883569227	-0.008633912077322	2.72531383883539	0.783822305196738
-0.868184294178767	0.0950036925614829	0.0708088304146263	-2.63072658097656	-0.00897609978781362	2.72711247314321	0.784330166033588
-0.867200148322458	0.0961645268922819	0.0701167331251082	-2.63137962332489	-0.00931082145945927	2.7288714896156	0.784827945632323
-0.866236313262809	0.0972994736002921	0.0694393664637936	-2.63201805198822	-0.00963811922314917	2.73059112940066	0.785315653916413
-0.86529274162625	0.0984086915105742	0.0687766732696205	-2.63264195899652	-0.0099580367059896	2.73227164111707	0.785793304082076
-0.864369380000191	0.0994923444846446	0.0681285926179735	-2.63325143915869	-0.0102706190313029	2.73391328085412	0.786260912598276
-0.863466168933024	0.100550601420474	0.0674950598206827	-2.63384659006266	-0.0105759128186276	2.73551631217171	0.786718499206722
-0.862583042934115	0.10158363625249	0.0668760064260247	-2.63442751207531	-0.0108739661837183	2.7370810061003	0.787166086921871
-0.861719930473816	0.102591627951573	0.0662713602187219	-2.63499430834252	-0.0111648287385458	2.73860764114098	0.787603702030925
-0.860876753983453	0.10357476052506	0.0656810452199432	-2.63554708478912	-0.0114485515912966	2.74009650326543	0.788031374093834
-0.860053429855334	0.104533223016742	0.0651049816873027	-2.63608595011896	-0.0117251873463737	2.74154788591593	0.788449135943292
-0.859249868442745	0.105467209506867	0.0645430861148615	-2.63661101581485	-0.0119947901043962	2.74296209000534	0.788857023684742
-0.858465974059953	0.106376919112136	0.0639952712331259	-2.63712239613857	-0.0122574154621989	2.74433942391714	0.789255076696371
-0.857701644982203	0.107262555985707	0.063461446009049	-2.63762020813089	-0.0125131205128333	2.7456802035054	0.789643337629114
-0.856956773445719	0.108124329317191	0.0629415156460295	-2.63810457161158	-0.0127619638455664	2.74698475209477	0.790021852406651
-0.856231245647707	0.108962453332655	0.0624353815839125	-2.63857560917935	-0.0130040055458815	2.74825340048053	0.790390670225409
-0.85552494174635	0.109777147294623	0.0619429414989882	-2.63903344621193	-0.0132393071954784	2.74948648692853	0.790749843554563
-0.85483773586081	0.11056863550207	0.0614640893039946	-2.639478210866	-0.0134679318722722	2.75068435717523	0.79109942813603
-0.85416949607123	0.11133714729043	0.0609987151481138	-2.63991003407725	-0.013689944150395	2.75184736442769	0.791439482984478
-0.853520084418731	0.112082917031591	0.0605467054169753	-2.64032904956031	-0.0139054101001943	2.75297586936356	0.791770070387318
-0.852889356905415	0.112806184133895	0.0601079427326545	-2.64073539380884	-0.0141143972882338	2.75407024013109	0.79209125590471
-0.852277163494362	0.113507193042141	0.059682305953672	-2.64112920609543	-0.0143169747772938	2.75513085234913	0.792403108369558
-0.851683348109633	0.11418619323758	0.0592696701749954	-2.64151062847169	-0.01451321312637	2.75615808910712	0.792705699887513
-0.851107748636265	0.114843439237921	0.0588699067280378	-2.64187980576819	-0.0147031843906748	2.75715234096511	0.792999105836974
-0.850550196920278	0.115479190597327	0.0584828831806588	-2.64223688559448	-0.0148869621216361	2.75811400595374	0.793283404869083
-0.850010518768669	0.116093711906416	0.0581084633371635	-2.64258201833911	-0.0150646213668986	2.75904348957424	0.793558678907733
-0.849488533949416	0.116687272792263	0.0577465072383035	-2.64291535716959	-0.0152362386703224	2.75994120479845	0.793825013149558
-0.848984056191476	0.117260147918394	0.0573968711612763	-2.6432370580324	-0.0154018920719843	2.76080757206881	0.794082496063943
-0.848496893184784	0.117812616984795	0.0570594076197254	-2.64354727965304	-0.0155616611081767	2.76164301929834	0.794331219393016
-0.848026846580256	0.118344964727902	0.0567339653637405	-2.64384618353596	-0.0157156268114085	2.76244798187068	0.794571278151654
-0.847573711989786	0.118857480920611	0.0564203893798572	-2.64413393396459	-0.0158638717104042	2.76322290264005	0.794802770627477
-0.847137278986249	0.11935046037227	0.056118520891057	-2.64441069800135	-0.0160064798301051	2.76396823193126	0.795025798380855
-0.846717331103499	0.119824202928683	0.0558281973567679	-2.64467664548764	-0.0161435366916678	2.76468442753975	0.795240466244902
-0.846313645836368	0.120279013472109	0.0555492524728638	-2.64493194904384	-0.0162751293124658	2.76537195473154	0.795446882325479
-0.845925994640668	0.120715201921263	0.0552815161716642	-2.6451767840693	-0.016401346206088	2.76603128624323	0.795645158001193
-0.845554142933191	0.121133083231313	0.0550248146219353	-2.64541132874238	-0.0165222773823398	2.76666290228204	0.795835407923398
-0.845197850091709	0.121532977393884	0.0547789702288892	-2.64563576402037	-0.0166380143472425	2.76726729052578	0.796017750016194
-0.844856869454971	0.121915209437055	0.0545438016341835	-2.64585027363959	-0.0167486501030338	2.76784494612286	0.796192305476428
-0.844530948322707	0.122280109425362	0.0543191237159226	-2.64605504411532	-0.016854279148167	2.76839637169228	0.796359198773692
-0.844219827955626	0.122628012459793	0.0541047475886564	-2.64625026474181	-0.016954997477312	2.76892207732366	0.796518557650324
-0.843923243575417	0.122959258677794	0.0539004806033812	-2.64643612759231	-0.0170509025813545	2.76942258057718	0.796670513121411
-0.843640924364748	0.123274193253265	0.0537061263475394	-2.64661282751903	-0.0171420934473963	2.76989840648366	0.796815199474783
-0.843372593467265	0.12357316639656	0.0535214846450187	-2.64678056215318	-0.0172286705587557	2.77035008754448	0.79695275427102
-0.843117967987596	0.12385653335449	0.0533463515561542	-2.64693953190494	-0.0173107358949663	2.77077816373163	0.797083318343444
-0.842876758991347	0.124124654410319	0.0531805193777259	-2.64708993996348	-0.0173883929317785	2.77118318248772	0.797207035798128
-0.842648671505102	0.124377894883769	0.0530237766429601	-2.64723199229693	-0.0174617466411584	2.77156569872592	0.797324054013887
-0.842433404516426	0.124616625131015	0.0528759081215295	-2.64736589765241	-0.0175309034912886	2.77192627483003	0.797434523642285
-0.842230650973865	0.124841220544687	0.0527366948195525	-2.64749186755603	-0.0175959714465675	2.77226548065442	0.797538598607633
-0.84204009778694	0.12505206155387	0.0526059139795941	-2.64761011631288	-0.0176570599676095	2.77258389352408	0.797636436106984
-0.841861425826155	0.125249533624106	0.0524833390806644	-2.64772086100701	-0.0177142800112454	2.77288209823459	0.797728196610143
-0.841694309922992	0.125434027257391	0.0523687398382203	-2.64782432150148	-0.0177677440305218	2.77316068705212	0.797814043859658
-0.841538418869912	0.125605937992175	0.0522618822041648	-2.6479207204383	-0.0178175659747016	2.77342025971345	0.797894144870823
-0.841393415420358	0.125765666403365	0.0521625283668464	-2.64801028323848	-0.0178638612892639	2.77366142342595	0.79796866993168
-0.841258956288748	0.125913618102321	0.0520704367510602	-2.648093238102	-0.0179067469159035	2.77388479286758	0.798037792603017
-0.841134692150483	0.12605020373686	0.0519853620180465	-2.64816981600784	-0.0179463412925316	2.77409099018692	0.798101689718367
-0.841020267641941	0.126175838991253	0.051907055065493	-2.64824025071393	-0.0179827643532755	2.77428064500312	0.798160541384012
-0.840915321360481	0.126290944586227	0.0518352630275325	-2.6483047787572	-0.0180161375284784	2.77445439440595	0.798214530978977
-0.840819485864441	0.126395946278964	0.051769729274744	-2.64836363945357	-0.0180465837446998	2.77461288295577	0.798263845155035
-0.840732387673138	0.126491274863099	0.0517101934141526	-2.64841707489791	-0.0180742274247152	2.77475676268353	0.798308673836705
-0.840653647266868	0.126577366168725	0.0516563912892294	-2.64846532996409	-0.0180991944875163	2.77488669309079	0.798349210221255
-0.840582879086908	0.126654661062389	0.051608054979892	-2.64850865230496	-0.0181216123483108	2.7750033411497	0.798385650778695
-0.840519691535513	0.126723605447093	0.0515649128025032	-2.64854729235235	-0.0181416099185222	2.775107381303	0.798418195251783
-0.840463686975917	0.126784650262293	0.0515266893098725	-2.64858150331706	-0.0181593176057908	2.77519949546405	0.798447046656026
-0.840414461732334	0.126838251483903	0.0514931052912553	-2.64861154118889	-0.0181748673139725	2.77528037301678	0.798472411279672
-0.840371606089958	0.126884870124288	0.0514638777723534	-2.6486376647366	-0.0181883924431391	2.77535071081575	0.79849449868372
-0.840334704294961	0.126924972232273	0.0514387200153131	-2.64866013550795	-0.0182000278895794	2.77541121318608	0.798513521701913
-0.840303334554496	0.126959028893134	0.0514173415187293	-2.64867921782965	-0.0182099100457971	2.77546259192352	0.798529696440742
-0.840277069036695	0.126987516228603	0.0513994480176413	-2.64869517880743	-0.0182181768005128	2.7755055662944	0.798543242279441
-0.840255473870668	0.127010915396869	0.0513847414835341	-2.64870828832597	-0.018224967538663	2.77554086303565	0.798554381869996
-0.840238109146504	0.127029712592575	0.05137292012434	-2.64871881904894	-0.0182304231414005	2.77556921635479	0.798563341137133
-0.840224528915275	0.127044399046818	0.0513636783844365	-2.648727046419	-0.0182346859860935	2.77559136792996	0.798570349278329
-0.840214281189029	0.127055471027151	0.0513567069446474	-2.64873324865776	-0.0182378999463272	2.77560806690989	0.798575638763805
-0.840206907940794	0.127063429837583	0.0513516927222426	-2.64873770676586	-0.0182402103919021	2.77562006991388	0.798579445336529
-0.840201945104578	0.127068781818577	0.051348318870938	-2.64874070452287	-0.0182417641888357	2.77562814103187	0.798582008012215
-0.840198922575368	0.127072038347051	0.0513462647808958	-2.64874252848737	-0.0182427096993605	2.77563305182436	0.798583569079324
-0.840197364209131	0.127073715836378	0.0513452060787235	-2.64874346799691	-0.018243196781926	2.77563558132248	0.798584374099064
-0.840196787822812	0.127074335736387	0.0513448146274752	-2.64874381516803	-0.0182433767911974	2.77563651602793	0.798584671905386
-0.840196705194337	0.127074424533363	0.0513447585266518	-2.64874386489624	-0.018243402578056	2.77563664991302	0.798584714604992
