0	0	0	0	0	0	0
2.84261608677259e-06	-2.00486910383193e-05	4.6888755121194e-06	1.16881660515677e-05	4.47571990636346e-06	-3.15318636548889e-05	5.27585404095712e-06
1.12977156980781e-05	-8.00076564625349e-05	1.87002154685479e-05	4.66440376605896e-05	1.78540606155031e-05	-0.000125833957469863	2.10137856270071e-05
2.5256175860398e-05	-0.000179596234736533	4.19510899993908e-05	0.000104704675008544	4.00617936124927e-05	-0.000282466035720386	4.70793489529181e-05
4.46088736002139e-05	-0.0003185337643242	7.43585692347536e-05	0.000185707138276909	7.10256903824062e-05	-0.000500987852681917	8.33380982134581e-05
6.92466859440073e-05	-0.000496539583689423	0.000115839723304742	0.000289488487647162	0.000110672522410317	-0.00078095916262992	0.000129655587603395
9.90604899182598e-05	-0.000713333031296087	0.00016631162233946	0.000415885783300783	0.0001589290611813	-0.00112193971983986	0.000185897371317497
0.000133941162549453	-0.00096863344560808	0.000225691336469015	0.000564736085419248	0.000215722078180429	-0.00152348927858719	0.000251929003550532
0.000173779580864068	-0.00126216016508929	0.000293895935823511	0.000735876454184037	0.000280978344892776	-0.00198516759314737	0.000327616038497268
0.000218466621888587	-0.0015936325282036	0.000370842490533054	0.000929143949776627	0.000354624632803417	-0.00250653441779588	0.000412824030352473
0.000267893162649491	-0.00196276987341489	0.000456448070727749	0.0011443756323785	0.000436587713397425	-0.00308714950680817	0.000507418533310915
0.000321950080173262	-0.00236929153918706	0.000550629746537702	0.00138140856217112	0.000526794358159874	-0.0037265726144597	0.000611265101567363
0.000380528251486382	-0.00281291686398399	0.000653304588093018	0.00164007979933599	0.000625171338575837	-0.00442436349502593	0.000724229289316583
0.000443518553615331	-0.00329336518626957	0.000764389665523802	0.00192022640405457	0.000731645426130389	-0.00518008190278234	0.000846176650753345
0.000510811863586592	-0.00381035584450768	0.00088380204896016	0.00222168543650834	0.000846143392308604	-0.00599328759200436	0.000976972740072416
0.000582299058426646	-0.0043636081771622	0.0010114588085322	0.00254429395687878	0.000968592008595555	-0.00686354031696748	0.00111648311146856
0.000657871015161974	-0.00495284152269704	0.00114727701437002	0.00288788902534737	0.00109891804647632	-0.00779039983194715	0.00126457331913656
0.000737418610819058	-0.00557777521957606	0.00129117373660373	0.00325230770209558	0.00123704827743596	-0.00877342589121884	0.00142110891727116
0.00082083272242438	-0.00623812860626317	0.00144306604536344	0.00363738704730491	0.00138290947295956	-0.009812178249058	0.00158595546006715
0.000908004227004422	-0.00693362102122224	0.00160287101077924	0.00404296412115681	0.0015364284045322	-0.0109062166597401	0.00175897850171929
0.000998824001585664	-0.00766397180291716	0.00177050570298126	0.00446887598383278	0.00169753184363894	-0.0120551008775406	0.00194004359642234
0.00109318292319459	-0.00842890028981182	0.00194588719209958	0.00491495969551428	0.00186614656176486	-0.0132583906567349	0.00212901629837108
0.00119097186885768	-0.0092281258203701	0.00212893254826433	0.0053810523163828	0.00204219933039503	-0.0145156457515986	0.00232576216176028
0.00129208171560141	-0.0100613677330559	0.00231955884160559	0.00586699090661982	0.00222561692101453	-0.0158264259164071	0.00253014674078469
0.00139640334045227	-0.0109283453663331	0.00251768314225348	0.00637261252640682	0.00241632610510843	-0.0171902909054358	0.0027420355896391
0.00150382762043674	-0.0118287780586656	0.00272322252033811	0.00689775423592526	0.00261425365416181	-0.0186068004729602	0.00296129426251826
0.0016142454325813	-0.0127623851485172	0.00293609404598957	0.00744225309535664	0.00281932633965973	-0.0200755143732558	0.00318778831361695
0.00172754765391243	-0.0137288859743519	0.00315621478933798	0.00800594616488243	0.00303147093308728	-0.021595992360598	0.00342138329712993
0.00184362516145661	-0.0147279998746335	0.00338350182051344	0.0085886705046841	0.00325061420592953	-0.0231677941892624	0.00366194476725197
0.00196236883224033	-0.015759446187826	0.00361787220964605	0.00919026317494313	0.00347668292967154	-0.0247904796135242	0.00390933827817784
0.00208366954329006	-0.0168229442523932	0.00385924302686592	0.00981056123584102	0.0037096038757984	-0.0264636083876591	0.00416342938410231
0.00220741817163229	-0.017918213406799	0.00410753134230316	0.0104494017475592	0.00394930381579518	-0.0281867402659425	0.00442408363922015
0.00233350559429351	-0.0190449729895073	0.00436265422608787	0.0111066217702792	0.00419570952114695	-0.0299594350026498	0.00469116659772612
0.00246182268830018	-0.0202029423389819	0.00462452874835015	0.0117820583641825	0.00444874776333878	-0.0317812523520565	0.00496454381381499
0.00259226033067879	-0.0213918407936868	0.00489307197922012	0.0124755485894505	0.00470834531385576	-0.0336517520684381	0.00524408084168153
0.00272470939845583	-0.0226113876920859	0.00516820098882787	0.0131869295062648	0.00497442894418294	-0.03557049390607	0.00552964323552051
0.00285906076865778	-0.023861302372643	0.00544983284730352	0.0139160381748068	0.00524692542580542	-0.0375370376192277	0.00582109654952669
0.00299520531831111	-0.025141304173822	0.00573788462477716	0.014662711655258	0.00552576153020825	-0.0395509429621867	0.00611830633789485
0.00313303392444231	-0.0264511124340868	0.00603227339137891	0.0154267870077998	0.00581086402887653	-0.0416117696892223	0.00642113815481975
0.00327243746407786	-0.0277904464919013	0.00633291621723886	0.0162081012926138	0.00610215969329531	-0.0437190775546102	0.00672945755449616
0.00341330681424424	-0.0291590256857294	0.00663973017248713	0.0170064915698814	0.00639957529494967	-0.0458724263126256	0.00704313009111885
0.00355553285196793	-0.030556569354035	0.00695263232725382	0.0178217948997841	0.00670303760532469	-0.0480713757175442	0.00736202131888258
0.00369900645427542	-0.0319827968352819	0.00727153975166903	0.0186538483425034	0.00701247339590544	-0.0503154855236414	0.00768599679198213
0.00384361849819319	-0.033437427467934	0.00759636951586288	0.0195024889582208	0.00732780943817699	-0.0526043154851925	0.00801492206461225
0.00398925986074771	-0.0349201805904553	0.00792703868996546	0.0203675538071177	0.00764897250362443	-0.0549374253564732	0.00834866269096773
0.00413582141896547	-0.0364307755413096	0.00826346434410688	0.0212488799493756	0.00797588936373281	-0.0573143748917587	0.00868708422524333
0.00428319404987296	-0.0379689316589607	0.00860556354841725	0.022146304445176	0.00830848678998722	-0.0597347238453247	0.00903005222163381
0.00443126863049664	-0.0395343682818727	0.00895325337302666	0.0230596643547003	0.00864669155387273	-0.0621980319714466	0.00937743223433395
0.00457993603786301	-0.0411268047485093	0.00930645088806524	0.0239887967381302	0.00899043042687442	-0.0647038590243998	0.00972908981753851
0.00472908714899855	-0.0427459603973345	0.00966507316366308	0.0249335386556469	0.00933963018047735	-0.0672517647584598	0.0100848905254423
0.00487861284092973	-0.0443915545668121	0.0100290372699503	0.0258937271674321	0.0096942175861666	-0.069841308927902	0.01044469991224
0.00502840399068305	-0.0460633065954061	0.010398260277057	0.0268691993336671	0.0100541194154273	-0.072472051287002	0.0108083835321264
0.00517835147528497	-0.0477609358215803	0.0107726592551132	0.0278597922145335	0.0104192624397444	-0.0751435515900351	0.0111758069392963
0.00532834617176198	-0.0494841615837986	0.0111521512742492	0.0288653428702128	0.010789573430603	-0.0778553695912769	0.0115468356879445
0.00547827895714057	-0.0512327032205248	0.0115366534045949	0.0298856883608864	0.0111649791594883	-0.0806070650450028	0.0119213353322657
0.00562804070844721	-0.053006280070223	0.0119260827162805	0.0309206657467357	0.0115454063978853	-0.0833981977054882	0.0122991714264548
0.00577752230270839	-0.0548046114713569	0.0123203562794362	0.0319701120879424	0.011930781917279	-0.0862283273270087	0.0126802095247063
0.00592661461695058	-0.0566274167623904	0.0127193911641919	0.0330338644446878	0.0123210324891546	-0.0890970136638397	0.0130643151812153
0.00607520852820028	-0.0584744152817875	0.0131231044406778	0.0341117598771534	0.0127160848849971	-0.0920038164702566	0.0134513539501763
0.00622319491348396	-0.060345326368012	0.0135314131790241	0.0352036354455208	0.0131158658762915	-0.0949482955005349	0.0138411913857842
0.0063704646498281	-0.0622398693595278	0.0139442344493608	0.0363093282099713	0.0135203022345231	-0.0979300105089501	0.0142336930422337
0.00651690861425918	-0.0641577635947989	0.014361485321818	0.0374286752306865	0.0139293207311767	-0.100948521249778	0.0146287244737196
0.00666241768380369	-0.0660987284122889	0.0147830828665258	0.0385615135678478	0.0143428481377376	-0.104003387477293	0.0150261512344367
0.00680688273548811	-0.068062483150462	0.0152089441536144	0.0397076802816368	0.0147608112256907	-0.107094168945772	0.0154258388785798
0.00695019464633891	-0.0700487471477819	0.0156389862532138	0.0408670124322348	0.0151831367665213	-0.110220425409489	0.0158276529603436
0.00709224429338259	-0.0720572397427126	0.0160731262354542	0.0420393470798235	0.0156097515317142	-0.11338171662272	0.0162314590339228
0.00723292255364562	-0.0740876802737178	0.0165112811704656	0.0432245212845842	0.0160405822927546	-0.116577602339742	0.0166371226535123
0.00737212030415448	-0.0761397880792616	0.0169533681283782	0.0444223721066984	0.0164755558211277	-0.119807642314828	0.0170445093733068
0.00750972842193565	-0.0782132824978078	0.0173993041793221	0.0456327366063477	0.0169145988883183	-0.123071396302255	0.0174534847475011
0.00764563778401563	-0.0803078828678203	0.0178490063934273	0.0468554518437134	0.0173576382658117	-0.126368424056298	0.0178639143302899
0.00777973926742088	-0.0824233085277629	0.018302391840824	0.0480903548789771	0.0178046007250929	-0.129698285331232	0.0182756636758681
0.00791192374917788	-0.0845592788160996	0.0187593775916423	0.0493372827723203	0.018255413037647	-0.133060539881333	0.0186885983384303
0.00804208210631314	-0.0867155130712942	0.0192198807160122	0.0505960725839244	0.018710001974959	-0.136454747460877	0.0191025838721714
0.00817010521585311	-0.0888917306318107	0.019683818284064	0.0518665613739709	0.019168294308514	-0.139880467824138	0.0195174858312861
0.00829588395482429	-0.0910876508361129	0.0201511073659276	0.0531485862026413	0.0196302168097971	-0.143337260725393	0.0199331697699692
0.00841930920025315	-0.0933029930226647	0.0206216650317333	0.054441984130117	0.0200956962502934	-0.146824685918917	0.0203495012424155
0.00854027182916619	-0.0955374765299299	0.0210954083516111	0.0557465922165796	0.020564659401488	-0.150342303158985	0.0207663458028197
0.00865866271858987	-0.0977908206963726	0.021572254395691	0.0570622475222105	0.0210370330348658	-0.153889672199873	0.0211835690053766
0.00877437274555068	-0.100062744860456	0.0220521202341033	0.0583887871071912	0.0215127439219121	-0.157466352795856	0.0216010364042809
0.0088872927870751	-0.102352968360646	0.0225349229369781	0.0597260480317031	0.0219917188341118	-0.161071904701209	0.0220186135537275
0.00899731372018962	-0.104661210535404	0.0230205795744453	0.0610738673559279	0.02247388454295	-0.164705887670209	0.0224361660079111
0.00910432642192071	-0.106987190723195	0.0235090072166352	0.0624320821400468	0.0229591678199118	-0.16836786145713	0.0228535593210265
0.00920822176929486	-0.109330628262483	0.0240001229336778	0.0638005294442415	0.0234474954364824	-0.172057385816248	0.0232706590472683
0.00930889063933854	-0.111691242491731	0.0244938437957033	0.0651790463286933	0.0239387941641467	-0.175774020501839	0.0236873307408315
0.00940622390907825	-0.114068752749404	0.0249900868728417	0.0665674698535838	0.0244329907743898	-0.179517325268178	0.0241034399559108
0.00950011245554046	-0.116462878373966	0.0254887692352232	0.0679656370790945	0.0249300120386968	-0.18328685986954	0.0245188522467009
0.00959044715575165	-0.11887333870388	0.0259898079529779	0.0693733850654068	0.0254297847285529	-0.187082184060201	0.0249334331673966
0.0096771188867383	-0.12129985307761	0.0264931200962358	0.0707905508727021	0.0259322356154429	-0.190902857594437	0.0253470482721927
0.0097600185255269	-0.12374214083362	0.0269986227351271	0.0722169715611621	0.0264372914708521	-0.194748440226522	0.0257595631152839
0.00983903694914393	-0.126199921310374	0.0275062329397818	0.0736524841909681	0.0269448790662655	-0.198618491710732	0.026170843250865
0.00991406503461587	-0.128672913846337	0.0280158677803302	0.0750969258223016	0.0274549251731682	-0.202512571801343	0.0265807542331308
0.00998499365896919	-0.131160837779971	0.0285274443269022	0.0765501335153441	0.0279673565630452	-0.206430240252631	0.0269891616162761
0.0100517136992304	-0.13366341244974	0.029040879649628	0.0780119443302772	0.0284821000073816	-0.21037105681887	0.0273959309544956
0.0101141160324259	-0.136180357194109	0.0295560908186378	0.0794821953272822	0.0289990822776626	-0.214334581254336	0.027800927801984
0.0101720915355823	-0.138711391351542	0.0300729949040615	0.0809607235665407	0.0295182301453731	-0.218320373313305	0.0282040177129362
0.010225531085726	-0.141256234260502	0.0305915089760293	0.0824473661082341	0.0300394703819983	-0.222327992750051	0.028605066241547
0.0102743255598835	-0.143814605259453	0.0311115501046714	0.0839419600125438	0.0305627297590231	-0.226356999318852	0.029003938942011
0.0103183658350813	-0.14638622368686	0.0316330353601178	0.0854443423396515	0.0310879350479328	-0.230406952773981	0.029400501368523
0.0103575427883459	-0.148970808881185	0.0321558818124986	0.0869543501497385	0.0316150130202123	-0.234477412869715	0.0297946190752779
0.0103917472967037	-0.151568080180893	0.0326800065319439	0.0884718205029864	0.0321438904473468	-0.238567939360328	0.0301861576164704
0.0104208702371812	-0.154177756924448	0.0332053265885839	0.0899965904595766	0.0326744941008213	-0.242678092000097	0.0305749825462953
0.0104448024868049	-0.156799558450314	0.0337317590525486	0.0915284970796906	0.0332067507521209	-0.246807430543297	0.0309609594189472
0.0104634349226013	-0.159433204096954	0.0342592209939682	0.0930673774235098	0.0337405871727307	-0.250955514744203	0.0313439537886211
0.0104766584215969	-0.162078413202832	0.0347876294829727	0.0946130685512158	0.0342759301341356	-0.25512190435709	0.0317238312095116
0.0104843638608181	-0.164734905106413	0.0353169015896923	0.09616540752299	0.0348127064078209	-0.259306159136235	0.0321004572358136
0.0104864421172915	-0.16740239914616	0.0358469543842571	0.097724231399014	0.0353508427652716	-0.263507838835913	0.0324736974217218
0.0104827840680434	-0.170080614660537	0.0363777049367971	0.0992893772394691	0.0358902659779727	-0.267726503210399	0.0328434173214309
0.0104732805901005	-0.172769270988008	0.0369090703174425	0.100860682104537	0.0364309028174094	-0.271961712013968	0.0332094824891357
0.0104578225604891	-0.175468087467037	0.0374409675963234	0.102437983054399	0.0369726800550666	-0.276213025000896	0.0335717584790311
0.0104363008562358	-0.178176783436088	0.0379733138435698	0.104021117149236	0.0375155244624296	-0.280480001925459	0.0339301108453118
0.0104086063543671	-0.180895078233624	0.038506026129312	0.105609921449231	0.0380593628109833	-0.284762202541932	0.0342844051421724
0.0103746299319093	-0.18362269119811	0.0390390215236799	0.107204233014564	0.0386041218722128	-0.28905918660459	0.0346345069238079
0.0103342624658891	-0.186359341668009	0.0395722170968038	0.108803888905417	0.0391497284176032	-0.293370513867709	0.034980281744413
0.0102873948333329	-0.189104748981786	0.0401055299188136	0.110408726181972	0.0396961092186396	-0.297695744085565	0.0353215951581824
0.0102339179112671	-0.191858632477904	0.0406388770598396	0.11201858190441	0.0402431910468071	-0.302034437012432	0.0356583127193109
0.0101737225767182	-0.194620711494826	0.0411721755900118	0.113633293132912	0.0407909006735907	-0.306386152402586	0.0359902999819933
0.0101066997067128	-0.197390705371018	0.0417053425794603	0.115252696927661	0.0413391648704754	-0.310750450010304	0.0363174225004243
0.0100327401782773	-0.200168333444942	0.0422382950983153	0.116876630348836	0.0418879104089465	-0.315126889589859	0.0366395458287988
0.00995173486843824	-0.202953315055064	0.0427709502167067	0.118504930456621	0.0424370640604888	-0.319515030895528	0.0369565355213115
0.00986357465422201	-0.205745369539846	0.0433032250047649	0.120137434311196	0.0429865525965876	-0.323914433681587	0.0372682571321571
0.00976815041265514	-0.208544216237752	0.0438350365326197	0.121773978972743	0.0435363027887279	-0.328324657702309	0.0375745762155304
0.0096653530207641	-0.211349574487247	0.0443663018704014	0.123414401501443	0.0440862414083948	-0.332745262711972	0.0378753583256262
0.00955507335557539	-0.214161163626794	0.0448969380882401	0.125058538957478	0.0446362952270733	-0.337175808464851	0.0381704690166392
0.00943720229411547	-0.216978702994857	0.0454268622562658	0.12670622840103	0.0451863910162485	-0.34161585471522	0.0384597738427643
0.00931163071341082	-0.2198019119299	0.0459559914446087	0.128357306892279	0.0457364555474055	-0.346064961217356	0.0387431383581962
0.00917824949048796	-0.222630509770387	0.0464842427233989	0.130011611491407	0.0462864155920293	-0.350522687725534	0.0390204281171296
0.00903694950237333	-0.225464215854782	0.0470115331627665	0.131668979258597	0.0468361979216051	-0.354988593994029	0.0392915086737594
0.00888762162609343	-0.228302749521548	0.0475377798328415	0.133329247254028	0.0473857293076179	-0.359462239777117	0.0395562455822803
0.00873015673867473	-0.231145830109151	0.0480628998037541	0.134992252537883	0.0479349365215528	-0.363943184829073	0.039814504396887
0.00856444571714372	-0.233993176956052	0.0485868101456344	0.136657832170343	0.0484837463348948	-0.368430988904173	0.0400661506717743
0.0083903794385269	-0.236844509400717	0.0491094279286126	0.138325823211591	0.0490320855191291	-0.372925211756692	0.0403110499611371
0.0082078487798507	-0.239699546781609	0.0496306702228186	0.139996062721806	0.0495798808457407	-0.377425413140905	0.04054906781917
0.00801674461814166	-0.242558008437193	0.0501504540983826	0.14166838776117	0.0501270590862146	-0.381931152811089	0.0407800698000679
0.00781695783042624	-0.245419613705931	0.0506686966254348	0.143342635389866	0.050673547012036	-0.386441990521519	0.0410039214580255
0.0076083792937309	-0.248284081926288	0.0511853148741051	0.145018642668075	0.05121927139469	-0.39095748602647	0.0412204883472375
0.00739089988508214	-0.251151132436729	0.0517002259145238	0.146696246655977	0.0517641590056615	-0.395477199080217	0.0414296360218988
0.00716441048150644	-0.254020484575715	0.0522133468168209	0.148375284413755	0.0523081366164357	-0.400000689437036	0.041631230036204
0.00692880196003029	-0.256891857681713	0.0527245946511266	0.15005559300159	0.0528511309984976	-0.404527516851202	0.0418251359443481
0.00668396519768016	-0.259764971093184	0.0532338864875709	0.151737009479664	0.0533930689233324	-0.409057241076992	0.0420112193005257
0.00642979107148253	-0.262639544148594	0.053741139396284	0.153419370908157	0.0539338771624251	-0.413589421868679	0.0421893456589316
0.0061661704584639	-0.265515296186407	0.0542462704473959	0.155102514347252	0.0544734824872607	-0.418123618980541	0.0423593805737606
0.00589299423565072	-0.268391946545085	0.0547491967110367	0.15678627685713	0.0550118116693244	-0.422659392166852	0.0425211895992075
0.0056101532800695	-0.271269214563093	0.0552498352573367	0.158470495497972	0.0555487914801012	-0.427196301181887	0.042674638289467
0.00531753846874671	-0.274146819578896	0.0557481031564258	0.16015500732996	0.0560843486910761	-0.431733905779923	0.0428195921987338
0.00501504067870882	-0.277024480930956	0.0562439174784342	0.161839649413276	0.0566184100737344	-0.436271765715235	0.0429559168812028
0.00470255078698233	-0.279901917957737	0.0567371952934919	0.1635242588081	0.057150902399561	-0.440809440742097	0.0430834778910687
0.00437995967059373	-0.282778849997705	0.0572278536717291	0.165208672574615	0.057681752440041	-0.445346490614786	0.0432021407825263
0.00404715820656949	-0.285654996389321	0.057715809683276	0.166892727773001	0.0582108869666594	-0.449882475087578	0.0433117711097704
0.00370403727193607	-0.288530076471051	0.0582009803982625	0.168576261463441	0.0587382327509015	-0.454416953914747	0.0434122344269957
0.00335048774371998	-0.291403809581358	0.0586832828868189	0.170259110706115	0.0592637165642522	-0.458949486850568	0.043503396288397
0.00298640049894768	-0.294275915058707	0.0591626342190751	0.171941112561206	0.0597872651781965	-0.463479633649319	0.043585122248169
0.00261166641464568	-0.29714611224156	0.0596389514651613	0.173622104088894	0.0603088053642197	-0.468006954065273	0.0436572778605066
0.00222617636784042	-0.300014120468382	0.0601121516952077	0.175301922349362	0.0608282638938067	-0.472531007852706	0.0437197286796045
0.00182982123555843	-0.302879659077636	0.0605821519793443	0.17698040440279	0.0613455675384427	-0.477051354765894	0.0437723402596574
0.00142249189482617	-0.305742447407788	0.0610488693877012	0.17865738730936	0.0618606430696126	-0.481567554559113	0.0438149781548601
0.00100407922267011	-0.3086022047973	0.0615122209904086	0.180332708129254	0.0623734172588016	-0.486079166986637	0.0438475079194075
0.000574474096116745	-0.311458650584636	0.0619721238575965	0.182006203922653	0.0628838168774948	-0.490585751802743	0.0438697951074943
0.00013356739219253	-0.314311504108261	0.062428495059395	0.183677711749739	0.0633917686971772	-0.495086868761705	0.0438817052733151
-0.000318750012075986	-0.317160484706638	0.0628812516659343	0.185347068670693	0.0638971994893339	-0.499582077617799	0.0438831039710649
-0.000782587239662402	-0.32000531171823	0.0633303107473444	0.187014111745696	0.06440003602545	-0.504070938125302	0.0438738567549384
-0.00125805341354018	-0.322845704481503	0.0637755893737555	0.18867867803493	0.0649002050770105	-0.508553010038487	0.0438538291791303
-0.00174525765668287	-0.32568138233492	0.0642170046152977	0.190340604598576	0.0653976334155005	-0.51302785311163	0.0438228867978353
-0.002244309092064	-0.328512064616944	0.0646544735421011	0.191999728496817	0.0658922478124051	-0.517495027099008	0.0437808951652484
-0.00275531684265704	-0.33133747066604	0.0650879132242957	0.193655886789833	0.0663839750392094	-0.521954091754895	0.0437277198355642
-0.00327839003143554	-0.334157319820672	0.0655172407320117	0.195308916537806	0.0668727418673985	-0.526404606833567	0.0436632263629776
-0.00381363778137303	-0.336971331419302	0.0659423731353792	0.196958654800918	0.0673584750684573	-0.530846132089299	0.0435872803016832
-0.00436116921544299	-0.339779224800397	0.0663632275045283	0.198604938639349	0.0678411014138711	-0.535278227276367	0.0434997472058759
-0.00492109345661901	-0.342580719302418	0.0667797209095891	0.200247605113282	0.0683205476751248	-0.539700452149046	0.0434004926297503
-0.0054935196278745	-0.34537553426383	0.0671917704206917	0.201886491282897	0.0687967406237035	-0.544112366461613	0.0432893821275014
-0.00607855685218306	-0.348163389023097	0.0675992931079662	0.203521434208377	0.0692696070310924	-0.548513529968341	0.0431662812533238
-0.00667631425251819	-0.350944002918683	0.0680022060415427	0.205152270949902	0.0697390736687764	-0.552903502423507	0.0430310555614124
-0.0072869009518534	-0.353717095289052	0.0684004262915513	0.206778838567655	0.0702050673082407	-0.557281843581386	0.0428835706059618
-0.00791042607316222	-0.356482385472667	0.0687938709281222	0.208400974121817	0.0706675147209704	-0.561648113196254	0.0427236919411669
-0.00854699873941818	-0.359239592807993	0.0691824570213854	0.210018514672569	0.0711263426784504	-0.566001871022386	0.0425512851212224
-0.00919672807359476	-0.361988436633493	0.069566101641471	0.211631297280092	0.0715814779521659	-0.570342676814057	0.0423662157003231
-0.0098597231986655	-0.364728636287632	0.0699447218585092	0.213239159004569	0.072032847313602	-0.574670090325544	0.0421683492326638
-0.0105360932376039	-0.367459911108872	0.07031823474263	0.21484193690618	0.0724803775342436	-0.57898367131112	0.0419575512724392
-0.0112259473133835	-0.370181980435679	0.0706865573639636	0.216439468045108	0.072923995385576	-0.583282979525063	0.0417336873738441
-0.0119293945489779	-0.372894563606515	0.07104960679264	0.218031589481533	0.0733636276390842	-0.587567574721647	0.0414966230910732
-0.0126465440673604	-0.375597379959845	0.0714073000987894	0.219618138275637	0.0737992010662532	-0.591837016655148	0.0412462239783214
-0.0133775049915048	-0.378290148834133	0.0717595543525418	0.221198951487601	0.0742306424385682	-0.596090865079841	0.0409823555897834
-0.0141223864443843	-0.380972589567843	0.0721062866240275	0.222773866177608	0.0746578785275141	-0.600328679750002	0.040704883479654
-0.0148812975489727	-0.383644421499437	0.0724474139833764	0.224342719405839	0.0750808361045761	-0.604550020419906	0.0404136732021279
-0.0156543474282434	-0.386305363967381	0.0727828535007187	0.225905348232474	0.0754994419412392	-0.608754446843829	0.0401085903113998
-0.0164416452051699	-0.388955136310139	0.0731125222461845	0.227461589717696	0.0759136228089886	-0.612941518776047	0.0397895003616647
-0.0172433000027258	-0.391593457866173	0.0734363372899039	0.229011280921686	0.0763233054793093	-0.617110795970833	0.0394562689071172
-0.0180594209438845	-0.394220047973949	0.073754215702007	0.230554258904625	0.0767284167236864	-0.621261838182465	0.0391087615019522
-0.0188901171516196	-0.39683462597193	0.0740660745526239	0.232090360726695	0.0771288833136048	-0.625394205165217	0.0387468437003643
-0.0197354977489046	-0.399436911198579	0.0743718309118847	0.233619423448077	0.0775246320205498	-0.629507456673365	0.0383703810565484
-0.020595671858713	-0.40202662299236	0.0746714018499195	0.235141284128954	0.0779155896160064	-0.633601152461185	0.0379792391246992
-0.0214707486040183	-0.404603480691739	0.0749647044368584	0.236655779829505	0.0783016828714596	-0.637674852282952	0.0375732834590114
-0.0223608371077942	-0.407167203635178	0.0752516557428317	0.238162747609914	0.0786828385583946	-0.641728115892941	0.0371523796136799
-0.0232660464930139	-0.409717511161141	0.0755321728379692	0.239662024530361	0.0790589834482964	-0.645760503045428	0.0367163931428994
-0.0241864858826512	-0.412254122608092	0.0758061727924011	0.241153447651028	0.07943004431265	-0.649771573494688	0.0362651896008647
-0.0251222643996795	-0.414776757314495	0.0760735726762576	0.242636854032096	0.0797959479229406	-0.653760886994997	0.0357986345417705
-0.0260734911670723	-0.417285134618815	0.0763342895596688	0.244112080733746	0.0801566210506533	-0.65772800330063	0.0353165935198117
-0.0270402753078031	-0.419778973859514	0.0765882405127647	0.245578964816161	0.0805119904672731	-0.661672482165863	0.034818932089183
-0.0280227259448455	-0.422257994375057	0.0768353426056754	0.247037343339522	0.080861982944285	-0.665593883344971	0.0343055158040791
-0.0290209522011731	-0.424721915503907	0.0770755129085312	0.248487053364009	0.0812065252531742	-0.669491766592229	0.0337762102186949
-0.0300350631997592	-0.427170456584529	0.0773086684914619	0.249927931949806	0.0815455441654257	-0.673365691661914	0.033230880887225
-0.0310651680635774	-0.429603336955387	0.0775347264245979	0.251359816157092	0.0818789664525246	-0.6772152183083	0.0326693933638643
-0.0321113759156013	-0.432020275954944	0.0777536037780692	0.252782543046051	0.082206718885956	-0.681039906285663	0.0320916132028075
-0.0331737958788043	-0.434420992921664	0.0779652176220058	0.254195949676862	0.0825287282372049	-0.684839315348279	0.0314974059582495
-0.03425253707616	-0.436805207194011	0.078169485026538	0.255599873109708	0.0828449212777565	-0.688613005250422	0.0308866371843849
-0.0353477086306418	-0.439172638110449	0.0783663230617957	0.256994150404769	0.0831552247790957	-0.692360535746369	0.0302591724354085
-0.0364594196652235	-0.441523005009441	0.0785556487979092	0.258378618622229	0.0834595655127078	-0.696081466590395	0.0296148772655151
-0.0375877793028783	-0.443856027229453	0.0787373793050085	0.259753114822267	0.0837578702500777	-0.699775357536775	0.0289536172288996
-0.0387328966665799	-0.446171424108947	0.0789114316532236	0.261117476065066	0.0840500657626904	-0.703441768339785	0.0282752578797565
-0.0398948808793018	-0.448468914986388	0.0790777229126848	0.262471539410807	0.0843360788220312	-0.7070802587537	0.0275796647722808
-0.0410738410640175	-0.450748219200239	0.0792361701535221	0.263815141919671	0.0846158361995851	-0.710690388532796	0.026866703460667
-0.0422698863437004	-0.453009056088964	0.0793866904458656	0.26514812065184	0.084889264666837	-0.714271717431348	0.0261362394991102
-0.0434831258413241	-0.455251144991027	0.0795292008598456	0.266470312667496	0.0851562909952722	-0.717823805203632	0.025388138441805
-0.0447136686798623	-0.457474205244893	0.0796636184655918	0.267781555026819	0.0854168419563757	-0.721346211603922	0.0246222658429462
-0.0459616239822883	-0.459677956189024	0.0797898603332347	0.269081684789992	0.0856708443216325	-0.724838496386495	0.0238384872567284
-0.0472271008715756	-0.461862117161885	0.0799078435329042	0.270370539017196	0.0859182248625278	-0.728300219305627	0.0230366682373466
-0.0485102084706979	-0.46402640750194	0.0800174851347306	0.271647954768612	0.0861589103505466	-0.731730940115592	0.0222166743389956
-0.0498110559026286	-0.466170546547653	0.0801187022088437	0.272913769104422	0.086392827557174	-0.735130218570665	0.0213783711158699
-0.0511297522903412	-0.468294253637487	0.0802114118253738	0.274167819084807	0.0866199032538949	-0.738497614425123	0.0205216241221645
-0.0524664067568092	-0.470397248109906	0.0802955310544509	0.275409941769948	0.0868400642121947	-0.741832687433241	0.019646298912074
-0.0538211284250062	-0.472479249303375	0.0803709769662053	0.276639974220028	0.0870532372035583	-0.745134997349294	0.0187522610397933
-0.0551940264179057	-0.474539976556356	0.080437666630767	0.277857753495228	0.0872593489994707	-0.748404103927558	0.0178393760595172
-0.0565852098584813	-0.476579149207315	0.080495517118266	0.279063116655729	0.0874583263714171	-0.751639566922308	0.0169075095254403
-0.0579947878697064	-0.478596486594715	0.0805444454988326	0.280255900761712	0.0876500960908825	-0.75484094608782	0.0159565269917575
-0.0594228695745545	-0.480591708057019	0.0805843688425967	0.28143594287336	0.087834584929352	-0.758007801178369	0.0149862940126634
-0.0608695640959991	-0.482564532932692	0.0806152042196885	0.282603080050853	0.0880117196583107	-0.76113969194823	0.0139966761423531
-0.0623349805570139	-0.484514680560198	0.0806368687002382	0.283757149354373	0.0881814270492436	-0.76423617815168	0.012987538935021
-0.0638192280805722	-0.486441870278	0.0806492793543758	0.284897987844102	0.0883436338736358	-0.767296819542993	0.0119587479448621
-0.0653224157896476	-0.488345821424562	0.0806523532522314	0.286025432580221	0.0884982669029725	-0.770321175876445	0.0109101687260711
-0.0668446528072138	-0.490226253338349	0.0806460074639351	0.287139320622912	0.0886452529087386	-0.773308806906312	0.00984166683284277
-0.0683860482562441	-0.492082885357823	0.080630159059617	0.288239489032355	0.0887845186624192	-0.776259272386869	0.00875310781937183
-0.069946711259712	-0.49391543682145	0.0806047251094073	0.289325774868733	0.0889159909354995	-0.779172132072391	0.00764435723985313
-0.0715267509405911	-0.495723627067693	0.0805696226834361	0.290398015192227	0.0890395964994644	-0.782046945717154	0.00651528064848139
-0.0731262764218549	-0.497507175435015	0.0805247688518334	0.291456047063018	0.0891552621257992	-0.784883273075433	0.00536574359945136
-0.074745396826477	-0.499265801261881	0.0804700806847293	0.292499707541288	0.0892629145859887	-0.787680673901504	0.00419561164695786
-0.0763842212774308	-0.500999223886754	0.080405475252254	0.293528833687219	0.0893624806515181	-0.790438707949642	0.00300475034519571
-0.0780428588976899	-0.5027071626481	0.0803308696245376	0.294543262560992	0.0894538870938726	-0.793156934974123	0.0017930252483595
-0.0797214188102278	-0.50438933688438	0.0802461808717101	0.295542831222788	0.0895370606845372	-0.795834914729222	0.000560301910644101
-0.081420010138018	-0.506045465934059	0.0801513260639017	0.296527376732788	0.0896119281949968	-0.798472206969215	-0.000693554113755712
-0.0831387420040339	-0.507675269135602	0.0800462222712426	0.297496736151175	0.0896784163967367	-0.801068371448377	-0.00196867727064504
-0.0848777235312493	-0.509278465827472	0.0799307865638627	0.29845074653813	0.0897364520612418	-0.803622967920983	-0.00326520200582936
-0.0866370638426374	-0.510854775348132	0.0798049360118921	0.299389244953834	0.0897859619599973	-0.806135556141309	-0.00458326276511389
-0.088416872061172	-0.512403917036047	0.0796685876854611	0.300312068458469	0.0898268728644882	-0.808605695863631	-0.00592299399430363
-0.0902172573098265	-0.513925610229681	0.0795216586546997	0.301219054112216	0.0898591115461996	-0.811032946842224	-0.00728453013920399
-0.0920383287115744	-0.515419574267497	0.079364065989738	0.302110038975256	0.0898826047766166	-0.813416868831363	-0.0086680056456202
-0.0938801953893892	-0.51688552848796	0.079195726760706	0.302984860107772	0.0898972793272242	-0.815757021585324	-0.0100735549593575
-0.0957429664662445	-0.518323192229533	0.0790165580377341	0.303843354569945	0.0899030619695076	-0.818052964858383	-0.0115013125262209
-0.0976267510651137	-0.51973228483068	0.0788264768909521	0.304685359421955	0.0898998794749518	-0.820304258404813	-0.012951412792016
-0.0995316583089704	-0.521112525629865	0.0786254003904903	0.305510711723985	0.0898876586150418	-0.822510461978893	-0.0144239902025477
-0.101457797320788	-0.522463633965552	0.0784132456064787	0.306319248536217	0.0898663261612628	-0.824671135334896	-0.0159191792036214
-0.10340527722354	-0.523785329176205	0.0781899296090474	0.30711080691883	0.0898358088850997	-0.826785838227098	-0.0174371142410424
-0.105374207140201	-0.525077330600288	0.0779553694683267	0.307885223932009	0.0897960335580379	-0.828854130409775	-0.0189779297606157
-0.107364696193743	-0.526339357576265	0.0777094822544464	0.308642336635932	0.0897469269515621	-0.830875571637202	-0.0205417602081468
-0.10937685350714	-0.527571129442598	0.0774521850375368	0.309381982090782	0.0896884158371576	-0.832849721663655	-0.0221287400294408
-0.111410788203365	-0.528772365537754	0.077183394887728	0.310103997356741	0.0896204269863094	-0.834776140243408	-0.0237390036703028
-0.113466609405393	-0.529942785200194	0.0769030288751501	0.31080821949399	0.0895428871705027	-0.836654387130738	-0.0253726855765382
-0.115544426236196	-0.531082107768384	0.0766110040699331	0.31149448556271	0.0894557231612224	-0.83848402207992	-0.0270299201939523
-0.117644347818748	-0.532190052580786	0.0763072375422071	0.312162632623084	0.0893588617299536	-0.840264604845229	-0.0287108419683502
-0.119766483276024	-0.533266338975866	0.0759916463621025	0.312812497735291	0.0892522296481814	-0.841995695180941	-0.0304155853455371
-0.121910941730995	-0.534310686292086	0.075664147599749	0.313443917959515	0.0891357536873909	-0.843676852841332	-0.0321442847713183
-0.124077832306636	-0.535322813867911	0.075324658325277	0.314056730355936	0.0890093606190671	-0.845307637580676	-0.0338970746914991
-0.12626726412592	-0.536302441041805	0.0749730956088164	0.314650771984735	0.0888729772146952	-0.846887609153249	-0.0356740895518845
-0.128479346311821	-0.537249287152232	0.0746093765204975	0.315225879906095	0.0887265302457602	-0.848416327313328	-0.0374754637982799
-0.130714187987312	-0.538163071537654	0.0742334181304503	0.315781891180197	0.0885699464837472	-0.849893351815186	-0.0393013318764907
-0.132971898275367	-0.539043513536537	0.0738451375088049	0.316318642867222	0.0884031527001412	-0.851318242413101	-0.0411518282323218
-0.13525258629896	-0.539890332487344	0.0734444517256914	0.316835972027352	0.0882260756664274	-0.852690558861346	-0.0430270873115787
-0.137556361181063	-0.540703247728539	0.07303127785124	0.317333715720767	0.0880386421540907	-0.854009860914197	-0.0449272435600665
-0.13988333204465	-0.541481978598585	0.0726055329555806	0.317811711007651	0.0878407789346164	-0.855275708325931	-0.0468524314235905
-0.142233608012696	-0.542226244435948	0.0721671341088436	0.318269794948184	0.0876324127794893	-0.856487660850822	-0.0488027853479557
-0.144607298208173	-0.54293576457909	0.0717159983811588	0.318707804602547	0.0874134704601948	-0.857645278243146	-0.0507784397789676
-0.147004511754054	-0.543610258366476	0.0712520428426566	0.319125577030923	0.0871838787482176	-0.858748120257179	-0.0527795291624313
-0.149425357773314	-0.54424944513657	0.0707751845634668	0.319522949293492	0.0869435644150431	-0.859795746647195	-0.0548061879441522
-0.151869945388926	-0.544853044227834	0.0702853406137197	0.319899758450436	0.0866924542321562	-0.860787717167471	-0.0568585505699352
-0.154338383723864	-0.545420774978734	0.0697824280635454	0.320255841561937	0.086430474971042	-0.861723591572281	-0.058936751485586
-0.1568307819011	-0.545952356727733	0.069266363983074	0.320591035688176	0.0861575534031857	-0.862602929615903	-0.0610409251369095
-0.159347249043609	-0.546447508813295	0.0687370654424356	0.320905177889335	0.0858736163000722	-0.863425291052609	-0.0631712059697109
-0.161887894274364	-0.546905950573884	0.0681944495117602	0.321198105225594	0.0855785904331866	-0.864190235636676	-0.0653277284297956
-0.164452826716338	-0.547327401347964	0.067638433261178	0.321469654757136	0.0852724025740141	-0.864897323122381	-0.0675106269629687
-0.167042155492506	-0.547711580473998	0.0670689337608191	0.321719663544142	0.0849549794940396	-0.865546113263997	-0.0697200360150356
-0.16965598972584	-0.548058207290451	0.0664858680808136	0.321947968646793	0.0846262479647483	-0.866136165815801	-0.0719560900318013
-0.172294438539314	-0.548367001135786	0.0658891532912916	0.322154407125271	0.0842861347576252	-0.866667040532068	-0.0742189234590713
-0.174957611055901	-0.548637681348467	0.0652787064623832	0.322338816039757	0.0839345666441554	-0.867138297167074	-0.0765086707426507
-0.177645616398576	-0.548869967266959	0.0646544446642184	0.322501032450434	0.083571470395824	-0.867549495475093	-0.0788254663283446
-0.180358563690312	-0.549063578229725	0.0640162849669276	0.322640893417482	0.0831967727841161	-0.867900195210402	-0.0811694446619584
-0.183096562054081	-0.549218233575228	0.0633641444406407	0.322758236001082	0.0828104005805167	-0.868189956127276	-0.0835407401892974
-0.185859720612858	-0.549333652641935	0.0626979401554878	0.322852897261417	0.082412280556511	-0.86841833797999	-0.0859394873561667
-0.188648148489617	-0.549409554768306	0.062017589181599	0.322924714258668	0.0820023394835838	-0.868584900522819	-0.0883658206083714
-0.19146195480733	-0.549445659292807	0.0613230085891045	0.322973524053016	0.0815805041332205	-0.868689203510041	-0.0908198743917171
-0.194301248688971	-0.549441685553901	0.0606141154481344	0.322999163704643	0.0811467012769059	-0.868730806695929	-0.0933017831520086
-0.197166139257515	-0.549397352890053	0.0598908268288186	0.323001470273729	0.0807008576861253	-0.868709269834759	-0.0958116813350515
-0.200056735635933	-0.549312380639727	0.0591530598012875	0.322980280820458	0.0802429001323637	-0.868624152680806	-0.0983497033866507
-0.2029731469472	-0.549186488141385	0.0584007314356709	0.32293543240501	0.079772755387106	-0.868475014988347	-0.100915983752612
-0.20591548231429	-0.549019394733493	0.0576337588020991	0.322866762087566	0.0792903502218375	-0.868261416511656	-0.10351065687874
-0.208883850860175	-0.548810819754513	0.0568520589707023	0.322774106928308	0.0787956114080433	-0.86798291700501	-0.10613385721084
-0.211878361707829	-0.54856048254291	0.0560555490116104	0.322657303987419	0.0782884657172082	-0.867639076222682	-0.108785719194718
-0.214899123980227	-0.548268102437148	0.0552441459949536	0.322516190325078	0.0777688399208175	-0.86722945391895	-0.111466377276178
-0.217946246800341	-0.547933398775691	0.054417766990862	0.322350603001468	0.0772366607903562	-0.866753609848088	-0.114175965901026
-0.221019839291145	-0.547556090897002	0.0535763290694657	0.322160379076769	0.0766918550973095	-0.866211103764372	-0.116914619515067
-0.224120010575612	-0.547135898139546	0.0527197493008947	0.321945355611165	0.0761343496131622	-0.865601495422078	-0.119682472564107
-0.227246869776716	-0.546672539841786	0.0518479447552794	0.321705369664835	0.0755640711093997	-0.86492434457548	-0.12247965949395
-0.23040052601743	-0.546165735342185	0.0509608325027495	0.321440258297962	0.0749809463575068	-0.864179210978854	-0.125306314750402
-0.233581088420729	-0.545615203979209	0.0500583296134354	0.321149858570726	0.0743849021289687	-0.863365654386476	-0.128162572779268
-0.236788666109585	-0.545020665091321	0.0491403531574672	0.320834007543311	0.0737758651952706	-0.862483234552622	-0.131048568026353
-0.240023368206972	-0.544381838016985	0.0482068202049749	0.320492542275896	0.0731537623278973	-0.861531511231566	-0.133964434937463
-0.243285303835863	-0.543698442094664	0.0472576478260885	0.320125299828663	0.072518520298334	-0.860510044177584	-0.136910307958403
-0.246574582119233	-0.542970196662824	0.0462927530909384	0.319732117261795	0.0718700658780658	-0.859418393144952	-0.139886321534977
-0.249891312180054	-0.542196821059926	0.0453120530696544	0.319312831635471	0.0712083258385777	-0.858256117887944	-0.142892610112992
-0.2532356031413	-0.541378034624436	0.0443154648323668	0.318867280009875	0.0705332269513549	-0.857022778160838	-0.145929308138252
-0.256607564125945	-0.540513556694817	0.0433029054492057	0.318395299445186	0.0698446959878825	-0.855717933717907	-0.148996550056562
-0.260007304256962	-0.539603106609533	0.0422742919903012	0.317896727001588	0.0691426597196454	-0.854341144313428	-0.152094470313729
-0.263434932657324	-0.538646403707048	0.0412295415257832	0.317371399739261	0.0684270449181286	-0.852891969701675	-0.155223203355557
-0.266890558450006	-0.537643167325827	0.0401685711257821	0.316819154718386	0.0676977783548175	-0.851369969636925	-0.158382883627851
-0.27037429075798	-0.536593116804331	0.0390912978604279	0.316239828999146	0.0669547868011969	-0.849774703873452	-0.161573645576417
-0.273886238704221	-0.535495971481027	0.0379976387998506	0.315633259641721	0.0661979970287521	-0.848105732165533	-0.164795623647059
-0.277426511411701	-0.534351450694377	0.0368875110141804	0.314999283706294	0.065427335808968	-0.846362614267443	-0.168048952285584
-0.280995218003395	-0.533159273782846	0.0357608315735474	0.314337738253045	0.0646427299133296	-0.844544909933457	-0.171333765937795
-0.284592467602275	-0.531919160084896	0.0346175175480817	0.313648460342157	0.0638441061133222	-0.84265217891785	-0.1746501990495
-0.288218369331315	-0.530630828938994	0.0334574860079135	0.31293128703381	0.0630313911804308	-0.840683980974898	-0.177998386066502
-0.29187303231349	-0.529293999683601	0.0322806540231726	0.312186055388186	0.0622045118861403	-0.838639875858878	-0.181378461434607
-0.295556565671771	-0.527908391657182	0.0310869386639895	0.311412602465466	0.061363395001936	-0.836519423324063	-0.18479055959962
-0.299269078529134	-0.526473724198201	0.029876257000494	0.310610765325833	0.0605079672993029	-0.834322183124729	-0.188234815007347
-0.30301068000855	-0.524989716645122	0.0286485261028163	0.309780381029467	0.059638155549726	-0.832047715015153	-0.191711362103593
-0.306781479232995	-0.523456088336409	0.0274036630410867	0.30892128663655	0.0587538865246905	-0.829695578749609	-0.195220335334162
-0.310581585325441	-0.521872558610525	0.0261415848854351	0.308033319207264	0.0578550869956815	-0.827265334082373	-0.19876186914486
-0.314411107408861	-0.520238846805935	0.0248622087059915	0.30711631580179	0.0569416837341839	-0.82475654076772	-0.202336097981493
-0.318270154606231	-0.518554672261102	0.0235654515728862	0.306170113480309	0.0560136035116828	-0.822168758559926	-0.205943156289865
-0.322158836040522	-0.51681975431449	0.0222512305562492	0.305194549303002	0.0550707730996634	-0.819501547213267	-0.209583178515783
-0.326077260834708	-0.515033812304563	0.0209194627262109	0.304189460330053	0.0541131192696107	-0.816754466482017	-0.21325629910505
-0.330025538111764	-0.513196565569785	0.0195700651529008	0.303154683621641	0.0531405687930097	-0.813927076120452	-0.216962652503473
-0.333978911161428	-0.511331518412755	0.0182149199500356	0.302103659386902	0.0521625220512131	-0.811055892030901	-0.220675043744403
-0.337912550524792	-0.509462362243764	0.0168659645179112	0.301049936461516	0.0511884282445833	-0.808177723612844	-0.22436618823066
-0.341826456201856	-0.507589097062812	0.0155231988565276	0.299993514845483	0.0502182873731201	-0.805292570866281	-0.228036085962242
-0.34572062819262	-0.505711722869899	0.0141866229658848	0.298934394538802	0.0492520994368238	-0.802400433791212	-0.231684736939148
-0.349595066497084	-0.503830239665025	0.0128562368459829	0.297872575541475	0.0482898644356942	-0.799501312387637	-0.235312141161381
-0.353449771115247	-0.501944647448189	0.0115320404968217	0.296808057853501	0.0473315823697313	-0.796595206655555	-0.238918298628938
-0.35728474204711	-0.500054946219392	0.0102140339184014	0.29574084147488	0.0463772532389352	-0.793682116594967	-0.24250320934182
-0.361099979292673	-0.498161135978634	0.00890221711072188	0.294670926405612	0.0454268770433059	-0.790762042205873	-0.246066873300028
-0.364895482851935	-0.496263216725914	0.00759659007378316	0.293598312645696	0.0444804537828433	-0.787834983488273	-0.249609290503561
-0.368671252724897	-0.494361188461234	0.00629715280758526	0.292523000195134	0.0435379834575475	-0.784900940442166	-0.253130460952419
-0.372427288911559	-0.492455051184591	0.00500390531212815	0.291444989053925	0.0425994660674184	-0.781959913067553	-0.256630384646603
-0.376163591411921	-0.490544804895988	0.00371684758741186	0.290364279222069	0.0416649016124561	-0.779011901364433	-0.260109061586111
-0.379880160225983	-0.488630449595424	0.00243597963343638	0.289280870699566	0.0407342900926605	-0.776056905332807	-0.263566491770945
-0.383576995353744	-0.486711985282898	0.0011613014502017	0.288194763486416	0.0398076315080317	-0.773094924972675	-0.267002675201104
-0.387254096795205	-0.484789411958411	-0.000107186962292161	0.287105957582618	0.0388849258585697	-0.770125960284037	-0.270417611876589
-0.390911464550366	-0.482862729621962	-0.00136948560404521	0.286014452988174	0.0379661731442744	-0.767150011266893	-0.273811301797398
-0.394549098619227	-0.480931938273553	-0.00262559447505746	0.284920249703083	0.0370513733651459	-0.764167077921241	-0.277183744963533
-0.398166999001787	-0.478997037913182	-0.0038755135753289	0.283823347727345	0.0361405265211841	-0.761177160247084	-0.280534941374993
-0.401765165698047	-0.47705802854085	-0.00511924290485953	0.28272374706096	0.0352336326123891	-0.758180258244421	-0.283864891031778
-0.405343598708007	-0.475114910156556	-0.00635678246364935	0.281621447703928	0.0343306916387608	-0.755176371913251	-0.287173593933888
-0.408902298031667	-0.473167682760302	-0.00758813225169835	0.280516449656249	0.0334317036002994	-0.752165501253575	-0.290461050081324
-0.412441263669026	-0.471216346352086	-0.00881329226900656	0.279408752917923	0.0325366684970046	-0.749147646265392	-0.293727259474084
-0.415960495620085	-0.469260900931909	-0.010032262515574	0.27829835748895	0.0316455863288766	-0.746122806948704	-0.29697222211217
-0.419459993884844	-0.46730134649977	-0.0112450429914005	0.27718526336933	0.0307584570959154	-0.743090983303509	-0.300195937995581
-0.422939758463303	-0.46533768305567	-0.0124516336964863	0.276069470559062	0.0298752807981209	-0.740052175329807	-0.303398407124318
-0.426399789355462	-0.463369910599609	-0.0136520346308313	0.274950979058148	0.0289960574354932	-0.7370063830276	-0.306579629498379
-0.42984008656132	-0.461398029131587	-0.0148462457944354	0.273829788866587	0.0281207870080323	-0.733953606396886	-0.309739605117766
-0.433260650080878	-0.459422038651604	-0.0160342671872988	0.272705899984379	0.0272494695157381	-0.730893845437665	-0.312878333982478
-0.436661479914136	-0.457441939159659	-0.0172160988094213	0.271579312411524	0.0263821049586106	-0.727827100149939	-0.315995816092515
-0.440042576061093	-0.455457730655753	-0.018391740660803	0.270450026148022	0.0255186933366499	-0.724753370533706	-0.319092051447878
-0.44340393852175	-0.453469413139886	-0.019561192741444	0.269318041193873	0.024659234649856	-0.721672656588967	-0.322167040048565
-0.446745567296107	-0.451476986612057	-0.0207244550513441	0.268183357549077	0.0238037288982288	-0.718584958315721	-0.325220781894578
-0.450067462384164	-0.449480451072267	-0.0218815275905034	0.267045975213634	0.0229521760817684	-0.71549027571397	-0.328253276985916
-0.453369623785921	-0.447479806520516	-0.0230324103589219	0.265905894187544	0.0221045762004748	-0.712388608783712	-0.331264525322579
-0.456652051501377	-0.445475052956804	-0.0241771033565996	0.264763114470807	0.0212609292543479	-0.709279957524947	-0.334254526904568
-0.459914745530533	-0.44346619038113	-0.0253156065835364	0.263617636063423	0.0204212352433877	-0.706164321937677	-0.337223281731881
-0.463157705873389	-0.441453218793495	-0.0264479200397325	0.262469458965392	0.0195854941675943	-0.7030417020219	-0.34017078980452
-0.466380932529945	-0.439436138193899	-0.0275740437251878	0.261318583176714	0.0187537060269677	-0.699912097777616	-0.343097051122484
-0.4695844255002	-0.437414948582341	-0.0286939776399022	0.260165008697389	0.0179258708215078	-0.696775509204827	-0.346002065685774
-0.472768184784155	-0.435389649958823	-0.0298077217838758	0.259008735527417	0.0171019885512147	-0.693631936303531	-0.348885833494388
-0.47593221038181	-0.433360242323343	-0.0309152761571087	0.257849763666798	0.0162820592160884	-0.690481379073729	-0.351748354548328
-0.479076502293165	-0.431326725675902	-0.0320166407596007	0.256688093115532	0.0154660828161288	-0.68732383751542	-0.354589628847593
-0.482201060518219	-0.429289100016499	-0.0331118155913519	0.255523723873619	0.0146540593513359	-0.684159311628606	-0.357409656392183
-0.485305885056974	-0.427247365345135	-0.0342008006523623	0.254356655941059	0.0138459888217098	-0.680987801413285	-0.360208437182098
-0.488390975909427	-0.42520152166181	-0.0352835959426319	0.253186889317852	0.0130418712272505	-0.677809306869457	-0.362985971217339
-0.491456333075581	-0.423151568966524	-0.0363602014621607	0.252014424003998	0.0122417065679579	-0.674623827997124	-0.365742258497905
-0.494501956555435	-0.421097507259277	-0.0374306172109487	0.250839259999497	0.0114454948438321	-0.671431364796284	-0.368477299023796
-0.497527846348988	-0.419039336540068	-0.0384948431889958	0.249661397304349	0.010653236054873	-0.668231917266937	-0.371191092795012
-0.500534002456241	-0.416977056808898	-0.0395528793963022	0.248480835918555	0.00986493020108072	-0.665025485409085	-0.373883639811553
-0.503520424877194	-0.414910668065766	-0.0406047258328677	0.247297575842113	0.00908057728245519	-0.661812069222726	-0.37655494007342
-0.506487113611846	-0.412840170310674	-0.0416503824986925	0.246111617075024	0.0083001772989964	-0.658591668707861	-0.379204993580612
-0.509434068660199	-0.41076556354362	-0.0426898493937764	0.244922959617288	0.00752373025070437	-0.655364283864489	-0.381833800333129
-0.512361290022251	-0.408686847764605	-0.0437231265181195	0.243731603468905	0.00675123613757909	-0.652129914692612	-0.384441360330971
-0.515268777698002	-0.406604022973628	-0.0447502138717218	0.242537548629875	0.00598269495962057	-0.648888561192227	-0.387027673574139
-0.518156531687454	-0.404517089170691	-0.0457711114545833	0.241340795100198	0.00521810671682881	-0.645640223363337	-0.389592740062631
-0.521024551990605	-0.402426046355792	-0.046785819266704	0.240141342879874	0.0044574714092038	-0.64238490120594	-0.392136559796449
-0.523872838607456	-0.400330894528932	-0.0477943373080839	0.238939191968903	0.00370078903674555	-0.639122594720038	-0.394659132775592
-0.526701391538007	-0.39823163369011	-0.048796665578723	0.237734342367286	0.00294805959945406	-0.635853303905628	-0.397160459000061
-0.529510210782258	-0.396128263839328	-0.0497928040786213	0.236526794075021	0.00219928309732933	-0.632577028762713	-0.399640538469854
-0.532299296340208	-0.394020784976584	-0.0507827528077787	0.235316547092109	0.00145445953037136	-0.629293769291291	-0.402099371184973
-0.535068648211858	-0.391909197101878	-0.0517665117661954	0.23410360141855	0.000713588898580145	-0.626003525491363	-0.404536957145417
-0.537818266397208	-0.389793500215212	-0.0527440809538712	0.232887957054344	-2.33287980443237e-05	-0.622706297362928	-0.406953296351186
-0.540548150896258	-0.387673694316584	-0.0537154603708062	0.231669613999491	-0.00075629355950203	-0.619402084905987	-0.40934838880228
-0.543258301709007	-0.385549779405995	-0.0546806500170005	0.230448572253992	-0.00148530538579298	-0.61609088812054	-0.4117222344987
-0.545948718835457	-0.383421755483445	-0.0556396498924539	0.229224831817845	-0.00221036427691716	-0.612772707006587	-0.414074833440445
-0.548619402275606	-0.381289622548933	-0.0565924599971665	0.227998392691051	-0.0029314702328746	-0.609447541564127	-0.416406185627515
-0.551270352029454	-0.37915338060246	-0.0575390803311383	0.22676925487361	-0.00364862325366527	-0.606115391793161	-0.41871629105991
-0.553901568097003	-0.377013029644026	-0.0584795108943693	0.225537418365522	-0.0043618233392892	-0.602776257693689	-0.42100514973763
-0.556513050478251	-0.374868569673631	-0.0594137516868594	0.224302883166788	-0.00507107048974636	-0.599430139265711	-0.423272761660676
-0.559104799173199	-0.372720000691274	-0.0603418027086088	0.223065649277406	-0.00577636470503677	-0.596077036509226	-0.425519126829047
-0.561676814181847	-0.370567322696957	-0.0612636639596173	0.221825716697377	-0.00647770598516042	-0.592716949424235	-0.427744245242743
-0.564229095504194	-0.368410535690677	-0.0621793354398851	0.220583085426701	-0.0071750943301173	-0.589349878010737	-0.429948116901764
-0.566761643140242	-0.366249639672437	-0.063088817149412	0.219337755465378	-0.00786852973990745	-0.585975822268733	-0.432130741806111
-0.569274457089989	-0.364084634642235	-0.0639921090881982	0.218089726813409	-0.00855801221453082	-0.582594782198223	-0.434292119955782
-0.571767537353436	-0.361915520600072	-0.0648892112562435	0.216838999470792	-0.00924354175398745	-0.579206757799207	-0.436432251350779
-0.574240883930582	-0.359742297545948	-0.065780123653548	0.215585573437528	-0.00992511835827731	-0.575811749071684	-0.438551135991101
-0.576694496821428	-0.357564965479863	-0.0666648462801117	0.214329448713617	-0.0106027420274004	-0.572409756015655	-0.440648773876749
-0.579128376025974	-0.355383524401816	-0.0675433791359346	0.21307062529906	-0.0112764127613568	-0.56900077863112	-0.442725165007721
-0.58154252154422	-0.353197974311808	-0.0684157222210167	0.211809103193855	-0.0119461305601464	-0.565584816918078	-0.444780309384019
-0.583936933376166	-0.351008315209839	-0.069281875535358	0.210544882398003	-0.0126118954237692	-0.562161870876531	-0.446814207005642
-0.586311611521811	-0.348814547095908	-0.0701418390789584	0.209277962911505	-0.0132737073522253	-0.558731940506477	-0.44882685787259
-0.588666555981157	-0.346616669970016	-0.0709956128518181	0.208008344734359	-0.0139315663455146	-0.555295025807916	-0.450818261984864
-0.591001766754201	-0.344414683832163	-0.0718431968539369	0.206736027866566	-0.0145854724036372	-0.551851126780849	-0.452788419342462
-0.593317243840946	-0.342208588682349	-0.072684591085315	0.205461012308126	-0.015235425526593	-0.548400243425276	-0.454737329945386
-0.595612987241391	-0.339998384520573	-0.0735197955459522	0.20418329805904	-0.015881425714382	-0.544942375741197	-0.456664993793635
-0.597888996955535	-0.337784071346837	-0.0743488102358486	0.202902885119306	-0.0165234729670043	-0.541477523728611	-0.458571410887209
-0.600145272983379	-0.335565649161139	-0.0751716351550043	0.201619773488925	-0.0171615672844599	-0.538005687387519	-0.460456581226109
-0.602381815324923	-0.333343117963479	-0.0759882703034191	0.200333963167898	-0.0177957086667486	-0.534526866717921	-0.462320504810333
-0.604598623980166	-0.331116477753859	-0.0767987156810931	0.199045454156223	-0.0184258971138707	-0.531041061719816	-0.464163181639883
-0.606795698949109	-0.328885728532277	-0.0776029712880263	0.197754246453901	-0.0190521326258259	-0.527548272393205	-0.465984611714758
-0.608973040231752	-0.326650870298733	-0.0784010371242186	0.196460340060933	-0.0196744152026144	-0.524048498738088	-0.467784795034958
-0.611130647828095	-0.324411903053229	-0.0791929131896702	0.195163734977317	-0.0202927448442362	-0.520541740754465	-0.469563731600484
-0.613268521738138	-0.322168826795763	-0.0799785994843809	0.193864431203055	-0.0209071215506912	-0.517027998442335	-0.471321421411335
-0.61538666196188	-0.319921641526336	-0.0807580960083509	0.192562428738145	-0.0215175453219794	-0.513507271801699	-0.473057864467511
-0.617485068499322	-0.317670347244948	-0.08153140276158	0.191257727582588	-0.0221240161581009	-0.509979560832557	-0.474773060769012
-0.619563741350464	-0.315414943951599	-0.0822985197440684	0.189950327736385	-0.0227265340590556	-0.506444865534908	-0.476467010315838
-0.621622680515305	-0.313155431646288	-0.0830594469558159	0.188640229199534	-0.0233250990248436	-0.502903185908753	-0.47813971310799
-0.623661885993847	-0.310891810329016	-0.0838141843968226	0.187327431972037	-0.0239197110554648	-0.499354521954092	-0.479791169145466
-0.625681357786088	-0.308624079999783	-0.0845627320670885	0.186011936053892	-0.0245103701509193	-0.495798873670924	-0.481421378428268
-0.627681095892029	-0.306352240658588	-0.0853050899666136	0.1846937414451	-0.025097076311207	-0.49223624105925	-0.483030340956395
-0.629661100311669	-0.304076292305432	-0.0860412580953979	0.183372848145662	-0.0256798295363279	-0.48866662411907	-0.484618056729848
-0.63162137104501	-0.301796234940315	-0.0867712364534414	0.182049256155576	-0.0262586298262821	-0.485090022850384	-0.486184525748625
-0.63356190809205	-0.299512068563237	-0.0874950250407441	0.180722965474844	-0.0268334771810695	-0.481506437253191	-0.487729748012728
-0.63548271145279	-0.297223793174197	-0.0882126238573059	0.179393976103464	-0.0274043716006902	-0.477915867327492	-0.489253723522156
-0.637383781127229	-0.294931408773196	-0.088924032903127	0.178062288041438	-0.0279713130851441	-0.474318313073287	-0.490756452276909
-0.639265117115369	-0.292634915360234	-0.0896292521782072	0.176727901288764	-0.0285343016344313	-0.470713774490575	-0.492237934276988
-0.641126719417208	-0.290334312935311	-0.0903282816825466	0.175390815845443	-0.0290933372485516	-0.467102251579357	-0.493698169522392
-0.642968588032747	-0.288029601498426	-0.0910211214161453	0.174051031711476	-0.0296484199275053	-0.463483744339633	-0.49513715801312
-0.644790722961986	-0.28572078104958	-0.0917077713790031	0.172708548886861	-0.0301995496712922	-0.459858252771402	-0.496554899749174
-0.646593124204924	-0.283407851588773	-0.0923882315711201	0.1713633673716	-0.0307467264799123	-0.456225776874665	-0.497951394730554
-0.648375791761562	-0.281090813116005	-0.0930625019924963	0.170015487165691	-0.0312899503533657	-0.452586316649422	-0.499326642957258
-0.6501387256319	-0.278769665631275	-0.0937305826431317	0.168664908269136	-0.0318292212916523	-0.448939872095673	-0.500680644429288
-0.651881925815938	-0.276444409134584	-0.0943924735230262	0.167311630681933	-0.0323645392947721	-0.445286443213417	-0.502013399146643
-0.653605392313676	-0.274115043625932	-0.09504817463218	0.165955654404084	-0.0328959043627252	-0.441626030002655	-0.503324907109323
-0.655309125125113	-0.271781569105318	-0.095697685970593	0.164596979435587	-0.0334233164955116	-0.437958632463386	-0.504615168317328
-0.65699312425025	-0.269443985572744	-0.0963410075382651	0.163235605776444	-0.0339467756931312	-0.434284250595612	-0.505884182770659
-0.658657389689087	-0.267102293028208	-0.0969781393351965	0.161871533426653	-0.034466281955584	-0.430602884399331	-0.507131950469315
-0.660301921441623	-0.26475649147171	-0.097609081361387	0.160504762386216	-0.0349818352828701	-0.426914533874543	-0.508358471413296
-0.66192671950786	-0.262406580903252	-0.0982338336168367	0.159135292655132	-0.0354934356749894	-0.42321919902125	-0.509563745602602
-0.663531783887796	-0.260052561322832	-0.0988523961015456	0.1577631242334	-0.0360010831319419	-0.41951687983945	-0.510747773037233
-0.665117114581432	-0.257694432730451	-0.0994647688155137	0.156388257121022	-0.0365047776537277	-0.415807576329144	-0.51191055371719
-0.666682711588767	-0.255332195126108	-0.100070951758741	0.155010691317996	-0.0370045192403468	-0.412091288490331	-0.513052087642472
-0.668228574909803	-0.252965848509805	-0.100670944931228	0.153630426824324	-0.0375003078917991	-0.408368016323013	-0.514172374813079
-0.669754704544538	-0.25059539288154	-0.101264748332973	0.152247463640004	-0.0379921436080846	-0.404637759827187	-0.515271415229011
-0.671261100492973	-0.248220828241314	-0.101852361963978	0.150861801765038	-0.0384800263892034	-0.400900519002856	-0.516349208890268
-0.672747762755108	-0.245842154589126	-0.102433785824242	0.149473441199424	-0.0389639562351554	-0.397156293850018	-0.517405755796851
-0.674214691330942	-0.243459371924978	-0.103009019913765	0.148082381943164	-0.0394439331459406	-0.393405084368674	-0.518441055948759
-0.675661886220476	-0.241072480248868	-0.103578064232548	0.146688623996257	-0.0399199571215592	-0.389646890558824	-0.519455109345992
-0.67708934742371	-0.238681479560797	-0.104140918780589	0.145292167358702	-0.0403920281620109	-0.385881712420468	-0.52044791598855
-0.678497074940644	-0.236286369860764	-0.10469758355789	0.143893012030501	-0.0408601462672959	-0.382109549953605	-0.521419475876434
-0.679885068771278	-0.23388715114877	-0.10524805856445	0.142491158011653	-0.0413243114374141	-0.378330403158236	-0.522369789009642
-0.681253328915611	-0.231483823424815	-0.10579234380027	0.141086605302157	-0.0417845236723656	-0.37454427203436	-0.523298855388176
-0.682601855373644	-0.229076386688899	-0.106330439265348	0.139679353902015	-0.0422407829721503	-0.370751156581978	-0.524206675012035
-0.683930648145377	-0.226664840941022	-0.106862344959686	0.138269403811225	-0.0426930893367683	-0.36695105680109	-0.52509324788122
-0.685239707230809	-0.224249186181183	-0.107388060883282	0.136856755029789	-0.0431414427662195	-0.363143972691696	-0.525958573995729
-0.686529032629941	-0.221829422409383	-0.107907587036138	0.135441407557706	-0.0435858432605039	-0.359329904253795	-0.526802653355564
-0.687798624342774	-0.219405549625621	-0.108420923418253	0.134023361394975	-0.0440262908196216	-0.355508851487388	-0.527625485960724
-0.689048482369305	-0.216977567829899	-0.108928070029628	0.132602616541598	-0.0444627854435725	-0.351680814392475	-0.528427071811209
-0.690278606709537	-0.214545477022215	-0.109429026870261	0.131179172997574	-0.0448953271323567	-0.347845792969055	-0.52920741090702
-0.691488997363468	-0.21210927720257	-0.109923793940154	0.129753030762902	-0.0453239158859741	-0.344003787217129	-0.529966503248155
-0.692679654331099	-0.209668968370964	-0.110412371239306	0.128324189837584	-0.0457485517044248	-0.340154797136697	-0.530704348834616
-0.69385057761243	-0.207224550527396	-0.110894758767717	0.126892650221619	-0.0461692345877087	-0.336298822727759	-0.531420947666402
-0.695001767207461	-0.204776023671867	-0.111370956525387	0.125458411915006	-0.0465859645358258	-0.332435863990314	-0.532116299743513
-0.696133223116191	-0.202323387804377	-0.111840964512317	0.124021474917747	-0.0469987415487762	-0.328565920924363	-0.53279040506595
-0.697244945338621	-0.199866642924925	-0.112304782728506	0.122581839229841	-0.0474075656265599	-0.324688993529906	-0.533443263633712
-0.698336933874751	-0.197405789033513	-0.112762411173953	0.121139504851288	-0.0478124367691767	-0.320805081806942	-0.534074875446798
-0.699409188724581	-0.194940826130139	-0.113213849848661	0.119694471782087	-0.0482133549766269	-0.316914185755472	-0.53468524050521
-0.700461709888111	-0.192471754214804	-0.113659098752627	0.11824674002224	-0.0486103202489102	-0.313016305375496	-0.535274358808948
-0.70149449736534	-0.189998573287507	-0.114098157885852	0.116796309571746	-0.0490033325860268	-0.309111440667013	-0.53584223035801
-0.702507551156269	-0.187521283348249	-0.114531027248337	0.115343180430605	-0.0493923919879767	-0.305199591630024	-0.536388855152398
-0.703500871260897	-0.18503988439703	-0.114957706840081	0.113887352598816	-0.0497774984547598	-0.301280758264529	-0.536914233192111
-0.704474457679226	-0.18255437643385	-0.115378196661084	0.112428826076381	-0.0501586519863761	-0.297354940570528	-0.537418364477149
-0.705428310411254	-0.180064759458708	-0.115792496711346	0.110967600863299	-0.0505358525828257	-0.29342213854802	-0.537901249007512
-0.706362429456982	-0.177571033471606	-0.116200606990867	0.10950367695957	-0.0509091002441085	-0.289482352197006	-0.538362886783201
-0.70727681481641	-0.175073198472542	-0.116602527499648	0.108037054365193	-0.0512783949702246	-0.285535581517485	-0.538803277804215
-0.708171466489537	-0.172571254461516	-0.116998258237688	0.10656773308017	-0.0516437367611739	-0.281581826509459	-0.539222422070554
-0.709046384476365	-0.17006520143853	-0.117387799204987	0.1050957131045	-0.0520051256169564	-0.277621087172926	-0.539620319582218
-0.709901568776892	-0.167555039403582	-0.117771150401545	0.103620994438183	-0.0523625615375722	-0.273653363507886	-0.539996970339207
-0.710737019391119	-0.165040768356673	-0.118148311827362	0.102143577081219	-0.0527160445230213	-0.269678655514341	-0.540352374341522
-0.711552736319045	-0.162522388297802	-0.118519283482439	0.100663461033607	-0.0530655745733035	-0.265696963192289	-0.540686531589162
-0.712348719560672	-0.159999899226971	-0.118884065366775	0.0991806462953492	-0.0534111516884191	-0.261708286541731	-0.540999442082127
-0.713124969115998	-0.157473301144178	-0.11924265748037	0.097695132866444	-0.0537527758683678	-0.257712625562666	-0.541291105820417
-0.713881484985024	-0.154942594049424	-0.119595059823224	0.0962069207468918	-0.0540904471131498	-0.253709980255095	-0.541561522804032
-0.714618267167749	-0.152407777942708	-0.119941272395337	0.0947160099366927	-0.0544241654227651	-0.249700350619018	-0.541810693032973
-0.715335315664175	-0.149868852824031	-0.12028129519671	0.0932224004358465	-0.0547539307972136	-0.245683736654435	-0.542038616507239
-0.7160326304743	-0.147325818693393	-0.120615128227341	0.0917260922443534	-0.0550797432364953	-0.241660138361345	-0.54224529322683
-0.716710211598125	-0.144778675550794	-0.120942771487232	0.0902270853622132	-0.0554016027406103	-0.237629555739749	-0.542430723191746
-0.717368059035649	-0.142227423396234	-0.121264224976382	0.0887253797894261	-0.0557195093095585	-0.233591988789647	-0.542594906401988
-0.718006172786874	-0.139672062229712	-0.121579488694791	0.087220975525992	-0.05603346294334	-0.229547437511038	-0.542737842857555
-0.718624552851798	-0.137112592051229	-0.12188856264246	0.0857138725719108	-0.0563434636419547	-0.225495901903923	-0.542859532558447
-0.719223199230422	-0.134549012860784	-0.122191446819388	0.0842040709271827	-0.0566495114054026	-0.221437381968302	-0.542959975504664
-0.719802111922746	-0.131981324658379	-0.122488141225574	0.0826915705918076	-0.0569516062336838	-0.217371877704175	-0.543039171696206
-0.720361290928769	-0.129409527444012	-0.12277864586102	0.0811763715657855	-0.0572497481267983	-0.213299389111541	-0.543097121133074
-0.720900736248492	-0.126833621217684	-0.123062960725726	0.0796584738491164	-0.0575439370847459	-0.209219916190401	-0.543133823815267
-0.721420447881916	-0.124253605979395	-0.12334108581969	0.0781378774418003	-0.0578341731075269	-0.205133458940754	-0.543149279742784
-0.721920425829038	-0.121669481729144	-0.123613021142914	0.0766145823438373	-0.058120456195141	-0.201040017362602	-0.543143488915628
-0.722400670089861	-0.119081248466932	-0.123878766695397	0.0750885885552271	-0.0584027863475884	-0.196939591455943	-0.543116451333796
-0.722861180664383	-0.116488906192759	-0.124138322477139	0.0735598960759701	-0.0586811635648691	-0.192832181220778	-0.54306816699729
-0.723301957552605	-0.113892454906625	-0.12439168848814	0.072028504906066	-0.058955587846983	-0.188717786657106	-0.542998635906109
-0.723723000754527	-0.111291894608529	-0.1246388647284	0.070494415045515	-0.0592260591939301	-0.184596407764928	-0.542907858060253
-0.724124310270149	-0.108687225298472	-0.12487985119792	0.0689576264943169	-0.0594925776057105	-0.180468044544244	-0.542795833459722
-0.72450588609947	-0.106078446976454	-0.125114647896698	0.0674181392524719	-0.0597551430823242	-0.176332696995053	-0.542662562104516
-0.724867728242491	-0.103465559642474	-0.125343254824736	0.0658759533199798	-0.060013755623771	-0.172190365117357	-0.542508043994636
-0.725209836699212	-0.100848563296534	-0.125565671982033	0.0643310686968408	-0.0602684152300511	-0.168041048911153	-0.542332279130081
-0.725532211469633	-0.0982274579386315	-0.12578189936859	0.0627834853830547	-0.0605191219011645	-0.163884748376444	-0.542135267510851
-0.725834852553753	-0.0956022435687683	-0.125991936984405	0.0612332033786217	-0.0607658756371111	-0.159721463513228	-0.541917009136946
-0.726117759951573	-0.0929729201869438	-0.12619578482948	0.0596802226835417	-0.0610086764378909	-0.155551194321506	-0.541677504008367
-0.726380933663093	-0.090339487793158	-0.126393442903814	0.0581245432978147	-0.061247524303504	-0.151373940801278	-0.541416752125113
-0.726624373688313	-0.0877019463874109	-0.126584911207407	0.0565661652214407	-0.0614824192339503	-0.147189702952543	-0.541134753487184
-0.726848080027232	-0.0850602959697026	-0.126770189740259	0.0550050884544197	-0.0617133612292299	-0.142998480775303	-0.54083150809458
-0.727052052679852	-0.082414536540033	-0.126949278502371	0.0534413129967517	-0.0619403502893427	-0.138800274269555	-0.540507015947301
-0.72723629164617	-0.0797646680984021	-0.127122177493741	0.0518748388484367	-0.0621633864142887	-0.134595083435302	-0.540161277045348
-0.727400796926189	-0.07711069064481	-0.127288886714371	0.0503056660094747	-0.0623824696040681	-0.130382908272542	-0.539794291388719
-0.727545568519908	-0.0744526041792567	-0.12744940616426	0.0487337944798658	-0.0625975998586806	-0.126163748781276	-0.539406058977416
-0.727670606427326	-0.071790408701742	-0.127603735843409	0.0471592242596098	-0.0628087771781264	-0.121937604961504	-0.538996579811439
-0.727775910648444	-0.0691241042122661	-0.127751875751816	0.0455819553487069	-0.0630160015624054	-0.117704476813225	-0.538565853890786
-0.727861481183262	-0.066453690710829	-0.127893825889483	0.044001987747157	-0.0632192730115177	-0.11346436433644	-0.538113881215459
-0.727927318031779	-0.0637791681974305	-0.128029586256408	0.04241932145496	-0.0634185915254632	-0.109217267531149	-0.537640661785456
-0.727973421193997	-0.0611005366720708	-0.128159156852593	0.0408339564721161	-0.0636139571042419	-0.104963186397351	-0.537146195600779
-0.727999790669914	-0.0584177961347498	-0.128282537678038	0.0392458927986251	-0.063805369747854	-0.100702120935047	-0.536630482661428
-0.728006426459531	-0.0557309465854677	-0.128399728732741	0.0376551304344872	-0.0639928294562992	-0.0964340711442371	-0.536093522967401
-0.727993328562847	-0.0530399880242241	-0.128510730016704	0.0360616693797023	-0.0641763362295777	-0.0921590370249204	-0.5355353165187
-0.727960496979864	-0.0503449204510194	-0.128615541529925	0.0344655096342704	-0.0643558900676894	-0.0878770185770976	-0.534955863315324
-0.72790793171058	-0.0476457438658535	-0.128714163272406	0.0328666511981915	-0.0645314909706344	-0.0835880158007687	-0.534355163357273
-0.727835632754995	-0.0449424582687261	-0.128806595244146	0.0312650940714656	-0.0647031389384126	-0.0792920286959332	-0.533733216644547
-0.727743600113111	-0.0422350636596375	-0.128892837445146	0.0296608382540927	-0.0648708339710241	-0.0749890572625915	-0.533090023177147
-0.727631833784927	-0.0395235600385877	-0.128972889875404	0.0280538837460728	-0.0650345760684687	-0.0706791015007434	-0.532425582955071
-0.727500333770442	-0.0368079474055767	-0.129046752534922	0.026444230547406	-0.0651943652307467	-0.0663621614103893	-0.531739895978322
-0.727349100069657	-0.0340882257606044	-0.129114425423699	0.0248318786580921	-0.0653502014578579	-0.0620382369915287	-0.531032962246897
-0.727178132682571	-0.0313643951036707	-0.129175908541735	0.0232168280781313	-0.0655020847498023	-0.0577073282441617	-0.530304781760797
-0.726987431609186	-0.0286364554347758	-0.12923120188903	0.0215990788075234	-0.06565001510658	-0.0533694351682885	-0.529555354520022
-0.7267769968495	-0.0259044067539197	-0.129280305465585	0.0199786308462686	-0.0657939925281909	-0.049024557763909	-0.528784680524574
-0.726546828403514	-0.0231682490611024	-0.129323219271399	0.0183554841943668	-0.0659340170146351	-0.0446726960310233	-0.527992759774449
-0.726296926271228	-0.0204279823563238	-0.129359943306471	0.0167296388518179	-0.0660700885659124	-0.0403138499696312	-0.527179592269651
-0.726027290452641	-0.0176836066395838	-0.129390477570803	0.0151010948186221	-0.0662022071820231	-0.0359480195797328	-0.526345178010177
-0.725737920947755	-0.0149351219108826	-0.129414822064395	0.0134698520947793	-0.066330372862967	-0.031575204861328	-0.525489516996029
-0.725428817756567	-0.0121825281702202	-0.129432976787245	0.0118359106802895	-0.0664545856087441	-0.0271954058144172	-0.524612609227205
-0.72509998087908	-0.00942582541759647	-0.129444941739355	0.0101992705751527	-0.0665748454193545	-0.0228086224389998	-0.523714454703707
-0.724751410315293	-0.00666501365301145	-0.129450716920724	0.00855993177936885	-0.0666911522947981	-0.0184148547350762	-0.522795053425535
-0.724383106065205	-0.00390009287646517	-0.129450302331352	0.00691789429293803	-0.066803506235075	-0.0140141027026463	-0.521854405392687
-0.723995068128817	-0.00113106308795778	-0.129443697971239	0.00527315811586029	-0.0669119072401851	-0.00960636634171022	-0.520892510605165
-0.723587296506129	0.00164207571251104	-0.129430903840385	0.0036257232481355	-0.0670163553101284	-0.00519164565226757	-0.519909369062968
-0.723159791197141	0.00441932352494112	-0.129411919938791	0.00197558968976369	-0.067116850444905	-0.000769940634318733	-0.518904980766096
-0.722712552201852	0.00720068034933236	-0.129386746266456	0.000322757440744975	-0.0672133926445148	0.00365874871213623	-0.51787934571455
-0.722245579520263	0.00998614618568491	-0.129355382823379	-0.00133277349892082	-0.0673059819089579	0.00809442238709768	-0.516832463908328
-0.721758873152374	0.0127757210339988	-0.129317829609563	-0.00299100312923357	-0.0673946182382343	0.0125370803905654	-0.515764335347432
-0.721252433098185	0.0155694048942739	-0.129274086625005	-0.00465193145019337	-0.0674793016323438	0.0169867227225395	-0.514674960031861
-0.720726259357695	0.0183671977665102	-0.129224153869707	-0.00631555846180004	-0.0675600320912866	0.0214433493830196	-0.513564337961615
-0.720180351930905	0.0211690996507079	-0.129168031343667	-0.00798188416405379	-0.0676368096150626	0.0259069603720063	-0.512432469136694
-0.719614710817815	0.0239751105468668	-0.129105719046887	-0.00965090855695455	-0.0677096342036719	0.0303775556894992	-0.511279353557099
-0.719029336018425	0.0267852304549868	-0.129037216979366	-0.0113226316405022	-0.0677785058571145	0.0348551353354982	-0.510104991222829
-0.718424227532734	0.0295994593750683	-0.128962525141105	-0.0129970534146969	-0.0678434245753902	0.0393396993100038	-0.508909382133884
-0.717799385360744	0.032417797307111	-0.128881643532102	-0.0146741738795387	-0.0679043903584993	0.0438312476130157	-0.507692526290264
-0.717154809502452	0.035240244251115	-0.128794572152359	-0.0163539930350274	-0.0679614032064415	0.0483297802445339	-0.506454423691969
-0.716490499957861	0.0380668002070801	-0.128701311001875	-0.018036510881163	-0.0680144631192171	0.0528352972045581	-0.505195074339
-0.71580645672697	0.0408974651750066	-0.12860186008065	-0.0197217274179458	-0.0680635700968258	0.0573477984930889	-0.503914478231356
-0.715102679809778	0.0437322391548944	-0.128496219388684	-0.0214096426453754	-0.0681087241392678	0.0618672841101259	-0.502612635369037
-0.714379169206286	0.0465711221467434	-0.128384388925977	-0.0231002565634521	-0.068149925246543	0.0663937540556693	-0.501289545752043
-0.713635924916494	0.0494141141505536	-0.12826636869253	-0.0247935691721758	-0.0681871734186515	0.0709272083297187	-0.499945209380374
-0.712872946940401	0.0522612151663251	-0.128142158688342	-0.0264895804715465	-0.0682204686555932	0.0754676469322747	-0.498579626254031
-0.712090235278009	0.055112425194058	-0.128011758913413	-0.0281882904615641	-0.0682498109573682	0.0800150698633369	-0.497192796373013
-0.711287789929316	0.0579677442337521	-0.127875169367743	-0.0298896991422288	-0.0682752003239764	0.0845694771229055	-0.49578471973732
-0.710465610894323	0.0608271722854073	-0.127732390051333	-0.0315938065135404	-0.0682966367554179	0.0891308687109802	-0.494355396346953
-0.709623698173029	0.0636907093490239	-0.127583420964181	-0.033300612575499	-0.0683141202516925	0.0936992446275614	-0.49290482620191
-0.708762051765436	0.0665583554246017	-0.127428262106289	-0.0350101173281046	-0.0683276508128005	0.0982746048726487	-0.491433009302193
-0.707880671671542	0.0694301105121408	-0.127266913477656	-0.0367223207713573	-0.0683372284387417	0.102856949446242	-0.489939945647801
-0.706979557891348	0.0723059746116412	-0.127099375078282	-0.0384372229052569	-0.0683428531295161	0.107446278348342	-0.488425635238734
-0.706058710424853	0.0751859477231029	-0.126925646908167	-0.0401548237298035	-0.0683445248851238	0.112042591578949	-0.486890078074993
-0.705118129272059	0.0780700298465258	-0.126745728967312	-0.0418751232449971	-0.0683422437055647	0.116645889138061	-0.485333274156576
-0.704157814432964	0.0809582209819101	-0.126559621255716	-0.0435981214508378	-0.0683360095908388	0.12125617102568	-0.483755223483485
-0.703177765907569	0.0838505211292554	-0.126367323773379	-0.0453238183473253	-0.0683258225409462	0.125873437241805	-0.482155926055719
-0.702177983695873	0.0867469302885621	-0.126168836520301	-0.0470522139344599	-0.0683116825558868	0.130497687786437	-0.480535381873278
-0.701158467797878	0.08964744845983	-0.125964159496482	-0.0487833082122415	-0.0682935896356607	0.135128922659575	-0.478893590936163
-0.700119218213582	0.0925520756430593	-0.125753292701923	-0.05051710118067	-0.0682715437802678	0.139767141861219	-0.477230553244372
-0.699060234942986	0.0954608118382498	-0.125536236136622	-0.0522535928397456	-0.0682455449897082	0.144412345391369	-0.475546268797907
-0.69798151798609	0.0983736570454016	-0.125312989800581	-0.0539927831894682	-0.0682155932639818	0.149064533250026	-0.473840737596767
-0.696883067342894	0.101290611264515	-0.125083553693799	-0.0557346722298378	-0.0681816886030887	0.153723705437189	-0.472113959640952
-0.695764883013397	0.104211674495589	-0.124847927816277	-0.0574792599608542	-0.0681438310070288	0.158389861952858	-0.470365934930463
-0.6946269649976	0.107136846738624	-0.124606112168013	-0.0592265463825178	-0.0681020204758021	0.163063002797034	-0.468596663465298
-0.693469313295502	0.110066127993621	-0.124358106749009	-0.0609765314948283	-0.0680562570094087	0.167743127969716	-0.46680614524546
-0.692291927907105	0.112999518260579	-0.124103911559263	-0.0627292152977858	-0.0680065406078485	0.172430237470904	-0.464994380270946
-0.691094808832408	0.115937017539499	-0.123843526598778	-0.0644845977913904	-0.0679528712711216	0.177124331300599	-0.463161368541757
-0.689877956071409	0.118878625830379	-0.123576951867551	-0.0662426789756419	-0.0678952489992279	0.181825409458799	-0.461307110057893
-0.688641369624111	0.121824343133221	-0.123304187365583	-0.0680034588505404	-0.0678336737921674	0.186533471945507	-0.459431604819355
-0.687385049490513	0.124774169448024	-0.123025233092875	-0.0697669374160858	-0.0677681456499402	0.19124851876072	-0.457534852826142
-0.686108995670614	0.127728104774789	-0.122740089049426	-0.0715331146722784	-0.0676986645725463	0.19597054990444	-0.455616854078254
-0.684813208164416	0.130686149113514	-0.122448755235236	-0.0733019906191178	-0.0676252305599855	0.200699565376666	-0.453677608575692
-0.683497686971916	0.133648302464201	-0.122151231650305	-0.0750735652566043	-0.0675478436122581	0.205435565177398	-0.451717116318455
-0.682162432093117	0.136614564826849	-0.121847518294633	-0.0768478385847378	-0.0674665037293639	0.210178549306636	-0.449735377306542
-0.680807443528017	0.139584936201459	-0.121537615168221	-0.0786248106035183	-0.0673812109113028	0.214928517764381	-0.447732391539955
-0.679432721276617	0.14255941658803	-0.121221522271067	-0.0804044813129457	-0.0672919651580751	0.219685470550633	-0.445708159018694
-0.678038265338917	0.145538005986562	-0.120899239603173	-0.0821868507130202	-0.0671987664696806	0.22444940766539	-0.443662679742757
-0.676624075714917	0.148520704397055	-0.120570767164539	-0.0839719188037416	-0.0671016148461194	0.229220329108654	-0.441595953712146
-0.675190152404617	0.151507511819509	-0.120236104955163	-0.08575968558511	-0.0670005102873913	0.233998234880424	-0.43950798092686
-0.673736495408016	0.154498428253925	-0.119895252975046	-0.0875501510571255	-0.0668954527934965	0.2387831249807	-0.437398761386899
-0.672263104725115	0.157493453700302	-0.119548211224189	-0.0893433152197879	-0.066786442364435	0.243574999409483	-0.435268295092263
-0.670769980355914	0.160492588158641	-0.119194979702591	-0.0911391780730973	-0.0666734790002067	0.248373858166772	-0.433116582042952
-0.669257122300412	0.16349583162894	-0.118835558410252	-0.0929377396170538	-0.0665565627008117	0.253179701252568	-0.430943622238967
-0.66772453055861	0.166503184111201	-0.118469947347172	-0.0947389998516572	-0.0664356934662499	0.257992528666869	-0.428749415680307
-0.666172205130508	0.169514645605423	-0.118098146513352	-0.0965429587769076	-0.0663108712965213	0.262812340409677	-0.426533962366972
-0.664600146016106	0.172530216111606	-0.11772015590879	-0.098349616392805	-0.066182096191626	0.267639136480991	-0.424297262298963
-0.663008353215404	0.175549895629751	-0.117335975533488	-0.100158972699349	-0.066049368151564	0.272472916880812	-0.422039315476278
-0.661396826728401	0.178573684159857	-0.116945605387445	-0.101971027696541	-0.0659126871763351	0.277313681609139	-0.419760121898919
-0.659765566555098	0.181601581701924	-0.116549045470662	-0.103785781384379	-0.0657720532659395	0.282161430665972	-0.417459681566885
-0.658114572695495	0.184633588255952	-0.116146295783137	-0.105603233762864	-0.0656274664203772	0.287016164051311	-0.415137994480176
-0.656443845149591	0.187669703821942	-0.115737356324872	-0.107423384831997	-0.065478926639648	0.291877881765157	-0.412795060638792
-0.654753383917388	0.190709928399893	-0.115322227095865	-0.109246234591776	-0.0653264339237522	0.296746583807509	-0.410430880042734
-0.653043188998884	0.193754261989805	-0.114900908096118	-0.111071783042203	-0.0651699882726896	0.301622270178367	-0.408045452692001
-0.65131326039408	0.196802704591679	-0.114473399325631	-0.112900030183276	-0.0650095896864603	0.306504940877732	-0.405638778586593
-0.649563598102976	0.199855256205513	-0.114039700784402	-0.114730976014996	-0.0648452381650641	0.311394595905603	-0.40321085772651
-0.647794202125571	0.202911916831309	-0.113599812472433	-0.116564620537364	-0.0646769337085012	0.31629123526198	-0.400761690111753
-0.646005072461866	0.205972686469067	-0.113153734389722	-0.118400963750378	-0.0645046763167716	0.321194858946864	-0.39829127574232
-0.644196209111861	0.209037565118785	-0.112701466536271	-0.120240005654039	-0.0643284659898752	0.326105466960253	-0.395799614618213
-0.642367612075556	0.212106552780465	-0.112243008912079	-0.122081746248347	-0.0641483027278121	0.33102305930215	-0.393286706739431
-0.64051928135295	0.215179649454106	-0.111778361517147	-0.123926185533303	-0.0639641865305821	0.335947635972552	-0.390752552105974
-0.638651216944044	0.218256855139708	-0.111307524351473	-0.125773323508905	-0.0637761173981855	0.34087919697146	-0.388197150717843
-0.636763418848839	0.221338169837272	-0.110830497415059	-0.127623160175154	-0.063584095330622	0.345817742298876	-0.385620502575037
-0.634855887067332	0.224423593546797	-0.110347280707904	-0.129475695532051	-0.0633881203278918	0.350763271954797	-0.383022607677556
-0.632928621599526	0.227513126268283	-0.109857874230008	-0.131330929579594	-0.0631881923899949	0.355715785939225	-0.3804034660254
-0.630981622445419	0.23060676800173	-0.109362277981371	-0.133188862317784	-0.0629843115169312	0.360675284252159	-0.377763077618569
-0.629014889605012	0.233704518747139	-0.108860491961994	-0.135049493746621	-0.0627764777087007	0.365641766893599	-0.375101442457064
-0.627028423078305	0.236806378504509	-0.108352516171875	-0.136912823866106	-0.0625646909653035	0.370615233863545	-0.372418560540884
-0.625022222865297	0.23991234727384	-0.107838350611016	-0.138778852676237	-0.0623489512867396	0.375595685161998	-0.369714431870029
-0.62299628896599	0.243022425055132	-0.107317995279416	-0.140647580177015	-0.0621292586730089	0.380583120788957	-0.366989056444499
-0.620950621380382	0.246136611848386	-0.106791450177076	-0.14251900636844	-0.0619056131241113	0.385577540744423	-0.364242434264294
-0.618885220108474	0.249254907653601	-0.106258715303994	-0.144393131250513	-0.0616780146400471	0.390578945028394	-0.361474565329415
-0.616800085150265	0.252377312470777	-0.105719790660172	-0.146269954823232	-0.0614464632208161	0.395587333640872	-0.358685449639861
-0.614695216505757	0.255503826299915	-0.105174676245608	-0.148149477086598	-0.0612109588664184	0.400602706581857	-0.355875087195632
-0.612570614174948	0.258634449141014	-0.104623372060304	-0.150031698040611	-0.0609715015768539	0.405625063851347	-0.353043477996728
-0.610426278157839	0.261769180994074	-0.10406587810426	-0.151916617685272	-0.0607280913521226	0.410654405449344	-0.350190622043149
-0.60826220845443	0.264908021859095	-0.103502194377474	-0.153804236020579	-0.0604807281922246	0.415690731375847	-0.347316519334896
-0.60607840506472	0.268050971736078	-0.102932320879948	-0.155694553046533	-0.0602294120971598	0.420734041630857	-0.344421169871968
-0.60387486798871	0.271198030625021	-0.10235625761168	-0.157587568763134	-0.0599741430669282	0.425784336214373	-0.341504573654365
-0.6016515972264	0.274349198525927	-0.101774004572672	-0.159483283170382	-0.0597149211015299	0.430841615126395	-0.338566730682087
-0.599408592777789	0.277504475438793	-0.101185561762924	-0.161381696268277	-0.0594517462009649	0.435905878366923	-0.335607640955135
-0.597145854642879	0.280663861363621	-0.100590929182434	-0.16328280805682	-0.0591846183652331	0.440977125935958	-0.332627304473508
-0.594863382821668	0.283827356300409	-0.0999901068312034	-0.165186618536009	-0.0589135375943345	0.446055357833499	-0.329625721237206
-0.592561177314157	0.286994960249159	-0.0993830947092321	-0.167093127705845	-0.0586385038882692	0.451140574059546	-0.326602891246229
-0.590239238120346	0.290166673209871	-0.09876989281652	-0.169002335566328	-0.0583595172470371	0.4562327746141	-0.323558814500577
-0.587897565240235	0.293342495182544	-0.0981505011530671	-0.170914242117458	-0.0580765776706383	0.46133195949716	-0.320493491000251
-0.585536158673823	0.296522426167177	-0.0975249197188734	-0.172828847359235	-0.0577896851590727	0.466438128708726	-0.317406920745249
-0.583155018421111	0.299706466163773	-0.0968931485139389	-0.174746151291659	-0.0574988397123403	0.471551282248799	-0.314299103735573
-0.580754144482098	0.302894615172329	-0.0962551875382636	-0.176666153914731	-0.0572040413304412	0.476671420117378	-0.311170039971223
-0.578333536856786	0.306086873192847	-0.0956110367918475	-0.178588855228449	-0.0569052900133753	0.481798542314463	-0.308019729452197
-0.575893195545174	0.309283240225326	-0.0949606962746905	-0.180514255232814	-0.0566025857611427	0.486932648840054	-0.304848172178497
-0.573433120547261	0.312483716269766	-0.0943041659867929	-0.182442353927826	-0.0562959285737434	0.492073739694152	-0.301655368150122
-0.570953311863048	0.315688301326168	-0.0936414459281543	-0.184373151313485	-0.0559853184511772	0.497221814876756	-0.298441317367071
-0.568453769492534	0.31889699539453	-0.0929725360987749	-0.186306647389791	-0.0556707553934443	0.502376874387866	-0.295206019829347
-0.56593449343572	0.322109798474854	-0.0922974364986547	-0.188242842156744	-0.0553522394005447	0.507538918227483	-0.291949475536947
-0.563395483692607	0.32532671056714	-0.0916161471277937	-0.190181735614344	-0.0550297704724783	0.512707946395606	-0.288671684489873
-0.560836740263193	0.328547731671386	-0.090928667986192	-0.192123327762591	-0.0547033486092451	0.517883958892235	-0.285372646688124
-0.558258263147478	0.331772861787594	-0.0902349990738493	-0.194067618601485	-0.0543729738108452	0.52306695571737	-0.2820523621317
-0.555660052345464	0.335002100915763	-0.089535140390766	-0.196014608131026	-0.0540386460772785	0.528256936871012	-0.278710830820601
-0.553042107857149	0.338235449055894	-0.0888290919369417	-0.197964296351214	-0.053700365408545	0.53345390235316	-0.275348052754828
-0.550404429682534	0.341472906207985	-0.0881168537123767	-0.199916683262049	-0.0533581318046449	0.538657852163815	-0.27196402793438
-0.547747017821618	0.344714472372038	-0.0873984257170708	-0.201871768863531	-0.0530119452655779	0.543868786302976	-0.268558756359256
-0.545069872274403	0.347960147548052	-0.0866738079510243	-0.20382955315566	-0.0526618057913442	0.549086704770643	-0.265132238029459
-0.542372993040887	0.351209931736028	-0.0859430004142367	-0.205790036138436	-0.0523077133819437	0.554311607566816	-0.261684472944986
-0.539656380121071	0.354463824935964	-0.0852060031067085	-0.20775321781186	-0.0519496680373765	0.559543494691496	-0.258215461105838
-0.536920033514955	0.357721827147862	-0.0844628160284394	-0.209719098175929	-0.0515876697576426	0.564782366144682	-0.254725202512016
-0.534163953222538	0.360983938371721	-0.0837134391794296	-0.211687677230646	-0.0512217185427418	0.570028221926374	-0.251213697163519
-0.531388139243822	0.364250158607542	-0.0829578725596788	-0.21365895497601	-0.0508518143926743	0.575281062036572	-0.247680945060348
-0.528592591578805	0.367520487855324	-0.0821961161691873	-0.215632931412021	-0.0504779573074401	0.580540886475277	-0.244126946202501
-0.525777310227487	0.370794926115067	-0.081428170007955	-0.217609606538679	-0.050100147287039	0.585807695242488	-0.24055170058998
-0.52294229518987	0.374073473386771	-0.0806540340759819	-0.219588980355984	-0.0497183843314713	0.591081488338206	-0.236955208222783
-0.520087546465952	0.377356129670437	-0.079873708373268	-0.221571052863936	-0.0493326684407368	0.596362265762429	-0.233337469100912
-0.517213064055735	0.380642894966063	-0.0790871928998133	-0.223555824062535	-0.0489429996148355	0.60165002751516	-0.229698483224367
-0.514318847959216	0.383933769273651	-0.0782944876556177	-0.225543293951781	-0.0485493778537675	0.606944773596396	-0.226038250593146
-0.511404898176398	0.387228752593201	-0.0774955926406814	-0.227533462531674	-0.0481518031575327	0.612246504006138	-0.222356771207251
-0.508471214707279	0.390527844924711	-0.0766905078550042	-0.229526329802214	-0.0477502755261311	0.617555218744387	-0.218654045066681
-0.505517797551861	0.393831046268183	-0.0758792332985862	-0.231521895763401	-0.0473447949595628	0.622870917811143	-0.214930072171436
-0.502544646710141	0.397138356623616	-0.0750617689714274	-0.233520160415235	-0.0469353614578278	0.628193601206404	-0.211184852521516
-0.499551762182122	0.400449775991011	-0.0742381148735279	-0.235521123757716	-0.046521975020926	0.633523268930172	-0.207418386116922
-0.496539143967802	0.403765304370366	-0.0734082710048874	-0.237524785790844	-0.0461046356488574	0.638859920982446	-0.203630672957652
-0.493506792067183	0.407084941761683	-0.0725722373655063	-0.239531146514619	-0.0456833433416221	0.644203557363226	-0.199821713043709
-0.490454706480262	0.410408688164961	-0.0717300139553843	-0.241540205929041	-0.04525809809922	0.649554178072513	-0.19599150637509
-0.487382887207042	0.413736543580201	-0.0708816007745214	-0.24355196403411	-0.0448288999216511	0.654911783110306	-0.192140052951796
-0.484291334247522	0.417068508007402	-0.0700269978229177	-0.245566420829825	-0.0443957488089155	0.660276372476606	-0.188267352773828
-0.481180047601701	0.420404581446564	-0.0691662051005733	-0.247583576316188	-0.0439586447610131	0.665647946171411	-0.184373405841184
-0.47804902726958	0.423744763897687	-0.0682992226074881	-0.249603430493198	-0.0435175877779441	0.671026504194723	-0.180458212153866
-0.474898273251159	0.427089055360771	-0.067426050343662	-0.251625983360855	-0.0430725778597082	0.676412046546541	-0.176521771711874
-0.471727785546437	0.430437455835817	-0.0665466883090951	-0.253651234919159	-0.0426236150063055	0.681804573226866	-0.172564084515206
-0.468537564155416	0.433789965322824	-0.0656611365037874	-0.25567918516811	-0.0421706992177361	0.687204084235697	-0.168585150563864
-0.465327609078094	0.437146583821792	-0.064769394927739	-0.257709834107708	-0.041713830494	0.692610579573034	-0.164584969857847
-0.462097920314471	0.440507311332722	-0.0638714635809496	-0.259743181737952	-0.0412530088350971	0.698024059238877	-0.160563542397155
-0.458848497864549	0.443872147855613	-0.0629673424634196	-0.261779228058844	-0.0407882342410275	0.703444523233227	-0.156520868181788
-0.455579341728326	0.447241093390465	-0.0620570315751486	-0.263817973070383	-0.040319506711791	0.708871971556083	-0.152456947211746
-0.452290451905803	0.450614147937278	-0.0611405309161369	-0.265859416772569	-0.0398468262473878	0.714306404207446	-0.14837177948703
-0.44898182839698	0.453991311496053	-0.0602178404863844	-0.267903559165402	-0.0393701928478179	0.719747821187314	-0.144265365007639
-0.445653471201857	0.457372584066789	-0.059288960285891	-0.269950400248882	-0.0388896065130813	0.725196222495689	-0.140137703773573
-0.442305380320433	0.460757965649486	-0.0583538903146568	-0.271999940023008	-0.0384050672431778	0.73065160813257	-0.135988795784832
-0.438937555752709	0.464147456244144	-0.0574126305726819	-0.274052178487782	-0.0379165750381076	0.736113978097958	-0.131818641041417
-0.435549997498685	0.467541055850764	-0.0564651810599662	-0.276107115643203	-0.0374241298978706	0.741583332391852	-0.127627239543327
-0.432142705558361	0.470938764469345	-0.0555115417765096	-0.278164751489271	-0.0369277318224669	0.747059671014252	-0.123414591290561
-0.428715679931736	0.474340582099887	-0.0545517127223122	-0.280225086025986	-0.0364273808118964	0.752542993965158	-0.119180696283122
-0.425268920618812	0.47774650874239	-0.0535856938973741	-0.282288119253347	-0.0359230768661593	0.758033301244571	-0.114925554521008
-0.421802427619586	0.481156544396855	-0.052613485301695	-0.284353851171356	-0.0354148199852552	0.76353059285249	-0.110649166004218
-0.418316200934061	0.484570689063281	-0.0516350869352751	-0.286422281780012	-0.0349026101691845	0.769034868788915	-0.106351530732754
-0.414810240562236	0.487988942741668	-0.0506504987981145	-0.288493411079315	-0.034386447417947	0.774546129053847	-0.102032648706615
-0.41128454650411	0.491411305432017	-0.0496597208902131	-0.290567239069264	-0.0338663317315427	0.780064373647285	-0.097692519925801
-0.407739118759684	0.494837777134327	-0.0486627532115709	-0.292643765749861	-0.0333422631099718	0.785589602569229	-0.0933311443903124
-0.404173957328958	0.498268357848598	-0.0476595957621878	-0.294722991121105	-0.0328142415532339	0.79112181581968	-0.0889485221001487
-0.400589062211931	0.50170304757483	-0.046650248542064	-0.296804915182995	-0.0322822670613295	0.796661013398636	-0.0845446530553107
-0.396984433408605	0.505141846313024	-0.0456347115511994	-0.298889537935533	-0.0317463396342582	0.8022071953061	-0.0801195372557979
-0.393360070918978	0.508584754063178	-0.0446129847895939	-0.300976859378718	-0.0312064592720201	0.807760361542069	-0.0756731747016102
-0.38971597474305	0.512031770825295	-0.0435850682572476	-0.30306687951255	-0.0306626259746153	0.813320512106545	-0.0712055653927477
-0.386052144880823	0.515482896599372	-0.0425509619541604	-0.305159598337028	-0.0301148397420438	0.818887646999527	-0.0667167093292103
-0.382368581332295	0.518938131385411	-0.0415106658803326	-0.307255015852154	-0.0295631005743054	0.824461766221015	-0.0622066065109981
-0.378665284097467	0.522397475183411	-0.0404641800357639	-0.309353132057927	-0.0290074084714004	0.83004286977101	-0.0576752569381112
-0.374942253176339	0.525860927993371	-0.0394115044204544	-0.311453946954346	-0.0284477634333286	0.835630957649511	-0.0531226606105499
-0.371199488568911	0.529328489815294	-0.0383526390344041	-0.313557460541413	-0.02788416546009	0.841226029856518	-0.0485488175283135
-0.367436990275182	0.532800160649178	-0.0372875838776129	-0.315663672819127	-0.0273166145516847	0.846828086392032	-0.0439537276914022
-0.363654758295153	0.536275940495023	-0.0362163389500809	-0.317772583787487	-0.0267451107081125	0.852437127256051	-0.039337391099816
-0.359852792628824	0.539755829352829	-0.0351389042518081	-0.319884193446495	-0.0261696539293737	0.858053152448578	-0.0346998077535552
-0.356031093276195	0.543239827222596	-0.0340552797827945	-0.32199850179615	-0.0255902442154681	0.86367616196961	-0.0300409776526196
-0.352189660237265	0.546727934104325	-0.0329654655430402	-0.324115508836451	-0.0250068815663956	0.869306155819149	-0.0253609007970088
-0.348328493512035	0.550220149998015	-0.0318694615325449	-0.3262352145674	-0.0244195659821566	0.874943133997194	-0.0206595771867235
-0.344447593100506	0.553716474903666	-0.0307672677513091	-0.328357618988995	-0.0238282974627507	0.880587096503745	-0.0159370068217641
-0.340546959002675	0.557216908821279	-0.0296588841993322	-0.330482722101238	-0.0232330760081781	0.886238043338803	-0.0111931897021293
-0.336626591218545	0.560721451750853	-0.0285443108766146	-0.332610523904128	-0.0226339016184386	0.891895974502367	-0.0064281258278196
-0.332686489748114	0.564230103692388	-0.0274235477831561	-0.334741024397664	-0.0220307742935325	0.897560889994437	-0.00164181519883511
-0.328726654591383	0.567742864645884	-0.0262965949189569	-0.336874223581848	-0.0214236940334596	0.903232789815014	0.00316574218482368
-0.324747085748352	0.571259734611342	-0.025163452284017	-0.339010121456679	-0.0208126608382199	0.908911673964097	0.00799454632315788
-0.32074778321902	0.574780713588761	-0.0240241198783361	-0.341148718022156	-0.0201976747078135	0.914597542441686	0.0128445972161666
-0.316728747003389	0.578305801578141	-0.0228785977019145	-0.343290013278281	-0.0195787356422403	0.920290395247781	0.0177158948638498
-0.312689977101457	0.581834998579482	-0.0217268857547519	-0.345434007225052	-0.0189558436415004	0.925990232382383	0.0226084392662083
-0.308631473513224	0.585368304592785	-0.0205689840368486	-0.347580699862471	-0.0183289987055937	0.931697053845491	0.0275222304232414
-0.304553236238692	0.588905719618049	-0.0194048925482045	-0.349730091190536	-0.0176982008345202	0.937410859637105	0.0324572683349491
-0.300455265277859	0.592447243655274	-0.0182346112888196	-0.351882181209249	-0.0170634500282801	0.943131649757226	0.037413553001332
-0.296337560630726	0.59599287670446	-0.0170581402586938	-0.354036969918608	-0.016424746286873	0.948859424205853	0.0423910844223896
-0.292200122297293	0.599542618765608	-0.0158754794578274	-0.356194457318615	-0.0157820896102993	0.954594182982986	0.0473898625981217
-0.288042950277559	0.603096469838717	-0.0146866288862201	-0.358354643409269	-0.0151354799985588	0.960335926088626	0.052409887528529
-0.283866044571526	0.606654429923787	-0.013491588543872	-0.360517528190569	-0.0144849174516516	0.966084653522771	0.0574511592136102
-0.279669405179192	0.610216499020819	-0.012290358430783	-0.362683111662517	-0.0138304019695776	0.971840365285424	0.062513677653367
-0.275453032100558	0.613782677129812	-0.0110829385469533	-0.364851393825111	-0.0131719335523369	0.977603061376582	0.0675974428477983
-0.271216925335624	0.617352964250766	-0.00986932889238279	-0.367022374678353	-0.0125095121999294	0.983372741796247	0.0727024547969044
-0.266961084884389	0.620927360383681	-0.00864952946707132	-0.369196054222241	-0.0118431379123551	0.989149406544418	0.0778287135006857
-0.262685510746854	0.624505865528558	-0.00742354027101921	-0.371372432456777	-0.0111728106896141	0.994933055621095	0.0829762189591412
-0.258390202923019	0.628088479685395	-0.00619136130422615	-0.373551509381959	-0.0104985305317062	1.00072368902628	0.0881449711722719
-0.254075161412884	0.631675202854194	-0.00495299256669246	-0.375733284997788	-0.00982029743863178	1.00652130675997	0.0933349701400772
-0.249740386216449	0.635266035034955	-0.00370843405841781	-0.377917759304265	-0.0091381114103905	1.01232590882216	0.0985462158625572
-0.245385877333713	0.638860976227676	-0.00245768577940231	-0.380104932301388	-0.00845197244698243	1.01813749521287	0.103778708339712
-0.241011634764677	0.642460026432359	-0.00120074772964618	-0.382294803989159	-0.00776188054840765	1.02395606593208	0.109032447571542
-0.236650990373059	0.646001624076627	4.92825847217005e-05	-0.384450229096669	-0.00707496607933921	1.02968262664069	0.114249559908307
-0.232337118837529	0.64942476699834	0.00127938768489713	-0.386534398326094	-0.00639831908615781	1.03521907987713	0.119372564444089
-0.228069784380522	0.65273029431285	0.0024896876118676	-0.388547815637064	-0.00573187909142452	1.0405667709577	0.124402050294618
-0.223848751224467	0.655919045135509	0.00368030240662065	-0.390490984989208	-0.00507558561770044	1.04572704519869	0.129338606575624
-0.219673783591798	0.65899185858167	0.00485135211014377	-0.392364410342154	-0.00442937818754668	1.0507012479164	0.134182822402838
-0.215544645704946	0.661949573766685	0.0060029567634245	-0.39416859565553	-0.00379319632352436	1.05549072442712	0.138935286891988
-0.211461101786344	0.664793029805907	0.00713523640745034	-0.395904044888966	-0.00316697954819458	1.06009682004714	0.143596589158807
-0.207422916058422	0.667523065814689	0.00824831108320881	-0.39757126200209	-0.00255066738411846	1.06452088009277	0.148167318319024
-0.203429852743613	0.670140520908383	0.00934230083168743	-0.399170750954531	-0.0019441993538571	1.0687642498803	0.152648063488368
-0.19948167606435	0.672646234202342	0.0104173256938737	-0.400703015705916	-0.00134751497997161	1.07282827472603	0.157039413782572
-0.195578150243063	0.675041044811918	0.0114735057107552	-0.402168560215876	-0.000760553785023107	1.07671429994624	0.161341958317363
-0.191719039502185	0.677325791852463	0.0125109609233193	-0.403567888444039	-0.000183255291572696	1.08042367085724	0.165556286208474
-0.187904108064147	0.679501314439331	0.0135298113725537	-0.404901504350032	0.000384440977818511	1.08395773277532	0.169682986571634
-0.184133120151383	0.681568451687873	0.0145301770994458	-0.406169911893486	0.000942595500589402	1.08731783101677	0.173722648522572
-0.180405839986322	0.683528042713443	0.0155121781449831	-0.407373615034028	0.00149126875417887	1.0905053108979	0.177675861177021
-0.176722031791399	0.685380926631392	0.0164759345501532	-0.408513117731287	0.0020305212160258	1.09352151773499	0.181543213650709
-0.173081459789044	0.687127942557073	0.0174215663559435	-0.409588923944892	0.0025604133635691	1.09636779684435	0.185325295059367
-0.169483888201689	0.68876992960584	0.0183491936033417	-0.410601537634471	0.00308100567424764	1.09904549354226	0.189022694518725
-0.165929081251766	0.690307726893043	0.0192589363333351	-0.411551462759653	0.00359235862550031	1.10155595314502	0.192636001144513
-0.162416803161708	0.691742173534037	0.0201509145869114	-0.412439203280068	0.00409453269476601	1.10390052096894	0.196165804052462
-0.158946818153946	0.693074108644172	0.021025248405058	-0.413265263155342	0.00458758835948362	1.1060805423303	0.199612692358302
-0.155518890450912	0.694304371338803	0.0218820578287625	-0.414030146345105	0.00507158609709205	1.1080973625454	0.202977255177763
-0.152132784275038	0.695433800733281	0.0227214628990123	-0.414734356808987	0.00554658638503017	1.10995232693053	0.206260081626574
-0.148788263848756	0.696463235942959	0.023543583656795	-0.415378398506614	0.00601264970073687	1.11164678080199	0.209461760820468
-0.145485093394497	0.697393516083189	0.0243485401430981	-0.415962775397616	0.00646983652165106	1.11318206947608	0.212582881875172
-0.142223037134695	0.698225480269325	0.0251364523989091	-0.416487991441622	0.0069182073252116	1.11455953826909	0.215624033906419
-0.13900185929178	0.698959967616718	0.0259074404652156	-0.41695455059826	0.00735782258885741	1.11578053249732	0.218585806029938
-0.135821324088185	0.69959781724072	0.026661624383005	-0.417362956827159	0.00778874279002736	1.11684639747706	0.221468787361459
-0.132681195746342	0.700139868256686	0.0273991241932648	-0.417713714087947	0.00821102840616035	1.11775847852461	0.224273567016712
-0.129581238488682	0.700586959779966	0.0281200599369827	-0.418007326340254	0.00862473991469526	1.11851812095626	0.227000734111429
-0.126521216537638	0.700939930925914	0.028824551655146	-0.418244297543707	0.00902993779307099	1.11912667008831	0.229650877761338
-0.123500894115641	0.701199620809883	0.0295127193887423	-0.418425131657936	0.00942668251872643	1.11958547123705	0.23222458708217
-0.120520035445123	0.701366868547223	0.0301846831787592	-0.418550332642568	0.00981503456910046	1.11989586971879	0.234722451189655
-0.117578404748516	0.701442513253289	0.0308405630661841	-0.418620404457234	0.010195054421632	1.1200592108498	0.237145059199524
-0.114675766248253	0.701427394043433	0.0314804790920046	-0.41863585106156	0.0105668025537599	1.1200768399464	0.239493000227507
-0.111811884166765	0.701322350033007	0.0321045512972081	-0.418597176415177	0.010930339442923	1.11995010232488	0.241766863389334
-0.108986522726484	0.701128220337363	0.0327128997227822	-0.418504884477712	0.0112857255665604	1.11968034330152	0.243967237800735
-0.106199446149841	0.700845844071855	0.0333056444097145	-0.418359479208795	0.0116330214021107	1.11926890819263	0.246094712577441
-0.10345041865927	0.700476060351835	0.0338829053989923	-0.418161464568053	0.011972287427013	1.11871714231451	0.248149876835181
-0.100739204477201	0.700019708292655	0.0344448027316033	-0.417911344515116	0.0123035841187062	1.11802639098344	0.250133319689686
-0.0980655678260676	0.699477627009668	0.0349914564485349	-0.417609623009612	0.012626971954629	1.11719799951572	0.252045630256686
-0.0954292729283004	0.698850655618226	0.0355229865907747	-0.41725680401117	0.0129425114122205	1.11623331322766	0.253887397651911
-0.0928300840063319	0.698139633233682	0.0360395131993102	-0.416853391479418	0.0132502629689194	1.11513367743553	0.255659210991092
-0.0902677652825939	0.697345398971388	0.0365411563151289	-0.416399889373985	0.0135502871021647	1.11390043745565	0.257361659389958
-0.0877420809795184	0.696468791946698	0.0370280359792183	-0.4158968016545	0.0138426442893953	1.1125349386043	0.258995331964241
-0.0852527953195372	0.695510651274962	0.0375002722325659	-0.415344632280592	0.0141273950080501	1.11103852619779	0.260560817829669
-0.0827996725250824	0.694471816071535	0.0379579851161593	-0.414743885211888	0.014404599735568	1.10941254555239	0.262058706101974
-0.0803824768185858	0.693353125451768	0.038401294670986	-0.414095064408019	0.0146743189493877	1.10765834198442	0.263489585896885
-0.0780009724224794	0.692155418531014	0.0388303209380334	-0.413398673828611	0.0149366131269484	1.10577726081017	0.264854046330134
-0.0756549235591951	0.690879534424626	0.0392451839582891	-0.412655217433294	0.0151915427456887	1.10377064734592	0.266152676517449
-0.0733440944511649	0.689526312247956	0.0396460037727406	-0.411865199181697	0.0154391682830477	1.10163984690799	0.267386065574561
-0.0710682493208206	0.688096591116356	0.0400329004223754	-0.411029123033448	0.0156795502164641	1.09938620481266	0.268554802617201
-0.0688271523905942	0.68659121014518	0.0404059939481811	-0.410147492948176	0.015912749023377	1.09701106637622	0.269659476761098
-0.0666205678829177	0.685011008449779	0.0407654043911451	-0.40922081288551	0.0161388251812251	1.09451577691498	0.270700677121984
-0.0644482600202229	0.683356825145507	0.0411112517922551	-0.408249586805078	0.0163578391674475	1.09190168174523	0.271678992815587
-0.0623099930249418	0.681629499347715	0.0414436561924984	-0.407234318666508	0.0165698514594829	1.08917012618327	0.272595012957639
-0.0602055311195063	0.679829870171756	0.0417627376328626	-0.40617551242943	0.0167749225347702	1.08632245554538	0.273449326663869
-0.0581346385263483	0.677958776732983	0.0420686161543352	-0.405073672053472	0.0169731128707484	1.08336001514787	0.274242523050008
-0.0560970794678998	0.676017058146748	0.0423614117979038	-0.403929301498262	0.0171644829448563	1.08028415030703	0.274975191231785
-0.0540926181665928	0.674005553528404	0.0426412446045558	-0.40274290472343	0.0173490932345329	1.07709620633916	0.275647920324932
-0.052121018844859	0.671925101993303	0.0429082346152788	-0.401514985688604	0.017527004217217	1.07379752856055	0.276261299445179
-0.0501820457251306	0.669776542656798	0.0431625018710602	-0.400246048353412	0.0176982763703475	1.0703894622875	0.276815917708255
-0.0482754630298393	0.667560714634242	0.0434041664128877	-0.398936596677484	0.0178629701713633	1.0668733528363	0.27731236422989
-0.0464010349814171	0.665278457040986	0.0436333482817487	-0.397587134620448	0.0180211460977032	1.06325054552325	0.277751228125816
-0.044558525802296	0.662930608992384	0.0438501675186307	-0.396198166141932	0.0181728646268063	1.05952238566464	0.278133098511762
-0.0427476997149079	0.660518009603788	0.0440547441645213	-0.394770195201565	0.0183181862361113	1.05569021857677	0.278458564503458
-0.0409683209416846	0.65804149799055	0.0442471982604079	-0.393303725758977	0.0184571714030571	1.05175538957594	0.278728215216635
-0.0392201537050583	0.655501913268023	0.0444276498472781	-0.391799261773794	0.0185898806050828	1.04771924397844	0.278942639767023
-0.0375029622274606	0.652900094551559	0.0445962189661193	-0.390257307205647	0.018716374319627	1.04358312710056	0.279102427270352
-0.0358165107313237	0.650236880956512	0.0447530256579192	-0.388678366014164	0.0188367130241288	1.0393483842586	0.279208166842352
-0.0341605634390795	0.647513111598233	0.0448981899636653	-0.387062942158973	0.018950957196027	1.03501636076886	0.279260447598754
-0.0325348845731597	0.644729625592075	0.0450318319243449	-0.385411539599703	0.0190591673127605	1.03058840194763	0.279259858655287
-0.0309392383559964	0.641887262053391	0.0451540715809457	-0.383724662295982	0.0191614038517682	1.02606585311121	0.279206989127682
-0.0293733890100216	0.638986860097533	0.0452650289744552	-0.38200281420744	0.019257727290489	1.0214500595759	0.27910242813167
-0.0278371007576672	0.636029258839854	0.0453648241458609	-0.380246499293705	0.0193481981063617	1.01674236665798	0.27894676478298
-0.0263301378213649	0.633015297395705	0.0454535771361503	-0.378456221514405	0.0194328767768254	1.01194411967375	0.278740588197342
-0.0248522644235469	0.629945814880441	0.0455314079863109	-0.37663248482917	0.0195118237793187	1.00705666393951	0.278484487490487
-0.023403244786645	0.626821650409412	0.0455984367373303	-0.374775793197628	0.0195850995912808	1.00208134477156	0.278179051778146
-0.0219828431330912	0.623643643097973	0.0456547834301958	-0.372886650579407	0.0196527646901503	0.99701950748619	0.277824870176047
-0.0205908236853174	0.620412632061474	0.0457005681058952	-0.370965560934136	0.0197148795533664	0.991872497399694	0.277422531799922
-0.0192269506657555	0.61712945641527	0.0457359108054159	-0.369013028221444	0.0197715046583677	0.986641659828368	0.276972625765501
-0.0178909882968374	0.613794955274711	0.0457609315697453	-0.367029556400959	0.0198227004825932	0.981328340088509	0.276475741188513
-0.0165827008009952	0.610409967755152	0.045775750439871	-0.365015649432311	0.0198685275034818	0.975933883496412	0.27593246718469
-0.0153018524006606	0.606975332971944	0.0457804874567806	-0.362971811275127	0.0199090461984724	0.970459635368372	0.275343392869761
-0.0140482073182657	0.603491890040439	0.0457752626614616	-0.360898545889037	0.0199443170450039	0.964906941020685	0.274709107359456
-0.0128215297762423	0.599960478075991	0.0457601960949014	-0.358796357233668	0.0199744005205151	0.959277145769646	0.274030199769506
-0.0116215839970224	0.596381936193952	0.0457354077980875	-0.356665749268651	0.019999357102445	0.953571594931551	0.273307259215641
-0.010448134203038	0.592757103509675	0.0457010178120076	-0.354507225953612	0.0200192472682325	0.947791633822695	0.272540874813591
-0.00930094461672093	0.589086819138511	0.0456571461776491	-0.352321291248182	0.0200341314953164	0.941938607759374	0.271731635679087
-0.00817977946050318	0.585371922195814	0.0456039129359995	-0.350108449111987	0.0200440702611356	0.936013862057882	0.270880130927858
-0.00708440295681658	0.581613251796936	0.0455414381280463	-0.347869203504659	0.020049124043129	0.930018742034517	0.269986949675635
-0.00601457932809315	0.577811647057229	0.0454698417947771	-0.345604058385824	0.0200493533187356	0.923954593005572	0.269052681038148
-0.00497007279676481	0.573967947092047	0.0453892439771794	-0.343313517715111	0.0200448185653941	0.917822760287343	0.268077914131127
-0.00395064758526346	0.570082991016741	0.0452997647162407	-0.34099808545215	0.0200355802605435	0.911624589196126	0.267063238070303
-0.00295606791602104	0.566157617946664	0.0452015240529484	-0.338658265556568	0.0200216988816227	0.905361425048216	0.266009241971405
-0.00198609801146948	0.562192666997169	0.0450946420282902	-0.336294561987995	0.0200032349060706	0.899034613159909	0.264916514950165
-0.00104050209404067	0.558188977283608	0.0449792386832535	-0.333907478706059	0.019980248811326	0.892645498847501	0.263785646122311
-0.000119044386166695	0.554147387921334	0.0448554340588259	-0.331497519670388	0.0199528010748279	0.886195427427286	0.262617224603575
0.000778510889720752	0.550068738025699	0.0447233481959948	-0.329065188840612	0.0199209521740151	0.87968574421556	0.261411839509686
0.00165239951118951	0.545953866712055	0.0445831011357478	-0.326610990176359	0.0198847625863265	0.873117794528618	0.260170079956375
0.0025028572558078	0.541803613095756	0.0444348129190725	-0.324135427637257	0.0198442927892011	0.866492923682756	0.258892535059372
0.00333011990114374	0.537618816292154	0.0442786035869562	-0.321639005182936	0.0197996032600777	0.85981247699427	0.257579793934407
0.0041344232247652	0.533400315416601	0.0441145931803866	-0.319122226773024	0.0197507544763951	0.853077799779455	0.25623244569721
0.00491600300424044	0.529148949584449	0.0439429017403511	-0.316585596367149	0.0196978069155924	0.846290237354606	0.254851079463512
0.00567509501713742	0.524865557911053	0.0437636493078372	-0.31402961792494	0.0196408210551083	0.839451135036018	0.253436284349043
0.00641193504102425	0.520550979511763	0.0435769559238326	-0.311454795406026	0.0195798573723818	0.832561838139988	0.251988649469533
0.00712675885346895	0.516206053501932	0.0433829416293246	-0.308861632770036	0.0195149763448517	0.825623691982811	0.250508763940712
0.00781980223203962	0.511831618996913	0.0431817264653009	-0.306250633976597	0.019446238449957	0.818638041880781	0.248997216878311
0.0084913009543044	0.507428515112059	0.0429734304727489	-0.303622302985339	0.0193737041651365	0.811606233150195	0.247454597398059
0.00914149079783133	0.502997580962722	0.0427581736926561	-0.300977143755891	0.0192974339678292	0.804529611107348	0.245881494615687
0.00977060754018841	0.498539655664254	0.0425360761660101	-0.298315660247881	0.0192174883354739	0.797409521068535	0.244278497646925
0.0103788869589438	0.494055578332008	0.0423072579337983	-0.295638356420937	0.0191339277455094	0.790247308350053	0.242646195607504
0.0109665648316655	0.489546188081337	0.0420718390370083	-0.292945736234689	0.0190468126753748	0.783044318268195	0.240985177613153
0.0115338769359216	0.485012324027593	0.0418299395166277	-0.290238303648765	0.0189562036025089	0.77580189613926	0.239296032779603
0.0120810590492801	0.480454825286128	0.0415816794136439	-0.287516562622793	0.0188621610043505	0.768521387279539	0.237579350222584
0.0126083469493094	0.475874530972296	0.0413271787690444	-0.284781017116402	0.0187647453583386	0.76120413700533	0.235835719057826
0.0131159764135771	0.471272280201448	0.0410665576238167	-0.282032171089221	0.0186640171419121	0.753851490632929	0.234065728401059
0.0136041832196515	0.466648912088937	0.0407999360189484	-0.279270528500879	0.0185600368325098	0.74646479347863	0.232269967368014
0.0140732031451006	0.462005265750116	0.040527433995427	-0.276496593311004	0.0184528649075707	0.739045390858729	0.230449025074421
0.0145232719674928	0.457342180300337	0.04024917159424	-0.273710869479225	0.0183425618445335	0.731594628089521	0.22860349063601
0.0149546254643957	0.452660494854953	0.0399652688563749	-0.27091386096517	0.0182291881208373	0.724113850487303	0.226733953168511
0.0153674994133776	0.447961048529316	0.0396758458228193	-0.268106071728468	0.0181128042139209	0.716604403368369	0.224841001787655
0.0157621295920067	0.443244680438779	0.0393810225345606	-0.265288005728748	0.0179934706012232	0.709067632049014	0.222925225609171
0.0161387517778507	0.438512229698694	0.0390809190325863	-0.262460166925638	0.0178712477601831	0.701504881845535	0.22098721374879
0.0164976017484779	0.433764535424415	0.038775655357884	-0.259623059278767	0.0177461961682395	0.693917498074227	0.219027555322243
0.0168389152814564	0.429002436731292	0.0384653515514412	-0.256777186747764	0.0176183763028312	0.686306826051384	0.217046839445258
0.0171629281543543	0.424226772734679	0.0381501276542455	-0.253923053292257	0.0174878486413972	0.678674211093303	0.215045655233568
0.0174698761447396	0.419438382549928	0.0378301037072842	-0.251061162871875	0.0173546736613763	0.67102099851628	0.213024591802901
0.0177599950301802	0.414638105292393	0.037505399751545	-0.248192019446247	0.0172189118402075	0.663348533636609	0.210984238268988
0.0180335205882444	0.409826780077425	0.0371761358280153	-0.245316126975	0.0170806236553296	0.655658161770585	0.208925183747559
0.0182906885965004	0.405005246020377	0.0368424319776828	-0.242433989417765	0.0169398695841815	0.647951228234505	0.206848017354344
0.0185317348325159	0.400174342236602	0.0365044082415348	-0.239546110734169	0.0167967101042022	0.640229078344665	0.204753328205075
0.0187568950738591	0.395334907841451	0.0361621846605589	-0.236652994883841	0.0166512056928304	0.632493057417358	0.20264170541548
0.0189664050980983	0.390487781950278	0.0358158812757426	-0.23375514582641	0.0165034168275051	0.624744510768881	0.20051373810129
0.0191605006828012	0.385633803678435	0.0354656181280735	-0.230853067521504	0.0163534039856652	0.616984783715529	0.198370015378235
0.0193394176055362	0.380773812141275	0.035111515258539	-0.227947263928752	0.0162012276447495	0.609215221573598	0.196211126362046
0.0195033916438711	0.37590864645415	0.0347536927081267	-0.225038239007783	0.016046948282197	0.601437169659383	0.194037660168452
0.0196526585753743	0.371039145732412	0.0343922705178241	-0.222126496718225	0.0158906263754466	0.593651973289179	0.191850205913185
0.0197874541776135	0.366166149091415	0.0340273687286187	-0.219212541019708	0.0157323224019371	0.585860977779283	0.189649352711973
0.0199080142281571	0.36129049564651	0.033659107381498	-0.216296875871859	0.0155720968391074	0.578065528445989	0.187435689680548
0.020014574504573	0.35641302451305	0.0332876065174495	-0.213380005234307	0.0154100101643965	0.570266970605593	0.18520980593464
0.020107370784429	0.351534574806388	0.0329129861774607	-0.210462433066681	0.0152461228552431	0.56246664957439	0.182972290589978
0.0201866388452937	0.346655985641877	0.0325353664025193	-0.207544663328609	0.0150804953890863	0.554665910668676	0.180723732762293
0.020252614464735	0.341778096134868	0.0321548672336126	-0.204627199979721	0.0149131882433648	0.546866099204746	0.178464721567315
0.0203055334203207	0.336901745400715	0.0317716087117282	-0.201710546979644	0.0147442618955176	0.539068560498896	0.176195846120775
0.0203456314896192	0.332027772554769	0.0313857108778536	-0.198795208288008	0.0145737768229836	0.53127463986742	0.173917695538403
0.0203731444501984	0.327157016712384	0.0309972937729763	-0.195881687864441	0.0144017935032016	0.523485682626616	0.171630858935928
0.0203883080796264	0.322290316988911	0.0306064774380839	-0.192970489668571	0.0142283724136106	0.515703034092777	0.169335925429081
0.0203913581554712	0.317428512499704	0.0302133819141638	-0.190062117660028	0.0140535740316494	0.5079280395822	0.167033484133593
0.0203825304553011	0.312572442360115	0.0298181272422036	-0.18715707579844	0.013877458834757	0.50016204441118	0.164724124165193
0.020362060756684	0.307722945685496	0.0294208334631908	-0.184255868043436	0.0137000873003721	0.492406393896012	0.162408434639612
0.0203301848371879	0.3028808615912	0.0290216206181129	-0.181358998354644	0.0135215199059338	0.484662433352992	0.16008700467258
0.0202871384743809	0.29804702919258	0.0286206087479574	-0.178466970691693	0.0133418171288809	0.476931508098415	0.157760423379826
0.0202331574458313	0.293222287604987	0.0282179178937118	-0.175580289014211	0.0131610394466522	0.469214963448577	0.155429279877083
0.0201684775291069	0.288407475943776	0.0278136680963637	-0.172699457281828	0.0129792473366868	0.461514144719773	0.153094163280079
0.020093334501776	0.283603433324297	0.0274079793969006	-0.169824979454171	0.0127965012764234	0.453830397228299	0.150755662704544
0.0200079641414063	0.278810998861904	0.02700097183631	-0.16695735949087	0.0126128617433009	0.44616506629045	0.14841436726621
0.0199126022255664	0.274031011671949	0.0265927654555793	-0.164097101351553	0.0124283892147583	0.438519497222521	0.146070866080806
0.0198074845318239	0.269264310869785	0.0261834802956962	-0.161244708995849	0.0122431441682345	0.430895035340808	0.143725748264062
0.0196928468377471	0.264511735570763	0.0257732363976481	-0.158400686383386	0.0120571870811683	0.423293025961607	0.141379602931709
0.0195689249209041	0.259774124890238	0.0253621538024225	-0.155565537473794	0.0118705784309985	0.415714814401212	0.139033019199477
0.0194359545588628	0.25505231794356	0.024950352551007	-0.1527397662267	0.0116833786951642	0.40816174597592	0.136686586183095
0.0192941715291914	0.250347153846084	0.0245379526843891	-0.149923876601733	0.0114956483511042	0.400635166002025	0.134340892998295
0.0191438116094581	0.245659471713161	0.0241250742435563	-0.147118372558522	0.0113074478762574	0.393136419795824	0.131996528760807
0.0189851105772305	0.240990110660143	0.023711837269496	-0.144323758056696	0.0111188377480627	0.385666852673611	0.12965408258636
0.0188183042100771	0.236339909802384	0.0232983618031959	-0.141540537055883	0.0109298784439589	0.378227809951682	0.127314143590685
0.0186436282855659	0.231709708255235	0.0228847678856435	-0.138769213515712	0.010740630441385	0.370820636946333	0.124977300889513
0.018461318581265	0.22710034513405	0.0224711755578262	-0.136010291395812	0.0105511542177798	0.363446678973859	0.122644143598573
0.0182716108747422	0.222512659554181	0.0220577048607316	-0.133264274655811	0.0103615102505823	0.356107281350555	0.120315260833595
0.0180747409435658	0.21794749063098	0.0216444758353471	-0.130531667255337	0.0101717590172313	0.348803789392717	0.11799124171031
0.017870944565304	0.2134056774798	0.0212316085226604	-0.12781297315402	0.00998196099516571	0.34153754841664	0.115672675344448
0.0176604575175246	0.208888059215993	0.0208192229636589	-0.125108696311488	0.00979217666182446	0.334309903738621	0.113360150851739
0.0174435155777957	0.204395474954913	0.0204074391993301	-0.12241934068737	0.00960246649464638	0.327122200674954	0.111054257347914
0.0172203545236855	0.199928763811911	0.0199963772706616	-0.119745410241294	0.00941289097107038	0.319975784541933	0.108755583948703
0.016991210132762	0.19548876490234	0.0195861572186408	-0.117087408932889	0.00922351056853537	0.312872000655856	0.106464719769835
0.0167563181825933	0.191076317341552	0.0191768990842553	-0.114445840721784	0.00903438576448024	0.305812194333018	0.104182253927041
0.0165159144507475	0.186692260244901	0.0187687229084927	-0.111821209567608	0.00884557703634383	0.298797710889714	0.101908775536052
0.0162702347147927	0.182337432727738	0.0183617487323403	-0.109214019429988	0.0086571448615651	0.291829895642239	0.0996448737125968
0.0160195147522966	0.178012673905416	0.0179560965967858	-0.106624774268553	0.00846914971758288	0.284910093906889	0.0973911375724068
0.0157639903408278	0.173718822893288	0.0175518865428166	-0.104053978042933	0.00828165208183614	0.27803965099996	0.0951481562312119
0.015503897257954	0.169456718806706	0.0171492386114202	-0.101502134712756	0.00809471243176364	0.271219912237746	0.0929165188047417
0.0152394712812437	0.165227200761023	0.0167482728435843	-0.0989697482376506	0.00790839124480444	0.264452222936544	0.0906968144087275
0.0149709481882644	0.161031107871591	0.0163491092802963	-0.096457322577245	0.00772274899839728	0.257737928412648	0.0884896321588983
0.0146985637565845	0.156869279253762	0.0159518679625436	-0.0939653616911683	0.00753784616998111	0.251078373982354	0.0862955611709851
0.0144225537637722	0.15274255402289	0.0155566689313139	-0.0914943695390488	0.00735374323699484	0.244474904961958	0.0841151905607177
0.0141431539873951	0.148651771294326	0.0151636322275946	-0.0890448500805154	0.00717050067687731	0.237928866667755	0.0819491094438266
0.0138606002050217	0.144597770183424	0.0147728778923733	-0.086617307275197	0.00698817896706742	0.231441604416041	0.0797979069360419
0.01357512819422	0.140581389805536	0.0143845259666375	-0.0842122450827217	0.00680683858500415	0.22501446352311	0.0776621721530942
0.0132869737325578	0.136603469276014	0.0139986964913746	-0.0818301674627183	0.00662654000812628	0.218648789305258	0.075542494210713
0.0129963725976036	0.132664847710211	0.0136155095075722	-0.0794715783748161	0.00644734371387272	0.212345927078783	0.0734394622246293
0.0127035605669252	0.128766364223479	0.0132350850562179	-0.0771369817786425	0.00626931017968241	0.206107222159976	0.0713536653105727
0.0124087734180907	0.124908857931172	0.0128575431782991	-0.0748268816338272	0.00609249988299415	0.199934019865136	0.0692856925842734
0.0121122469286681	0.12109316794864	0.0124830039148034	-0.0725417818999982	0.00591697330124695	0.193827665510557	0.0672361331614624
0.0118142168762257	0.117320133391238	0.0121115873067182	-0.0702821865367846	0.00574279091187962	0.187789504412535	0.0652055761578688
0.0115149190383314	0.113590593374318	0.011743413395031	-0.0680485995038148	0.00557001319233107	0.181820881887365	0.0631946106892235
0.0112145891925531	0.10990538701323	0.0113786022207296	-0.0658415247607173	0.00539870062004015	0.175923143251341	0.0612038258712566
0.0109134631164591	0.10626535342333	0.0110172738248011	-0.063661466267121	0.00522891367244584	0.170097633820761	0.0592338108196984
0.0106117765876176	0.102671331719969	0.0106595482482334	-0.0615089279826545	0.00506071282698695	0.16434569891192	0.0572851546502789
0.0103097653835966	0.0991241610184992	0.0103055455320138	-0.0593844138669465	0.00489415856110244	0.158668683841113	0.0553584464787286
0.0100076652819638	0.0956246804342733	0.00995538571712987	-0.0572884278796253	0.00472931135223112	0.153067933924634	0.0534542754207773
0.00970571206028764	0.0921737290826441	0.00960918884456907	-0.0552214739803197	0.00456623167781188	0.14754479447878	0.0515732305921555
0.00940414149613622	0.0887721460789646	0.00926707495531898	-0.0531840561286587	0.00440498001528372	0.142100610819847	0.0497159011085934
0.00910318936707749	0.0854207705385863	0.00892916409036715	-0.0511766782842706	0.00424561684208541	0.136736728264129	0.0478828760858214
0.00880309145067942	0.0821204415768624	0.00859557629070096	-0.049199844406784	0.00408820263565592	0.131454492127923	0.0460747446395694
0.0085040835245101	0.078871998309145	0.00826643159730803	-0.0472540584558279	0.00393279787343406	0.126255247727522	0.0442920958855672
0.00820640136613787	0.0756762798507873	0.00794185005117592	-0.0453398243910301	0.00377946303285882	0.121140340379224	0.0425355189395463
0.00791028075313061	0.072534125317141	0.00762195169329202	-0.0434576461720205	0.00362825859136899	0.116111115399324	0.0408056029172355
0.00761595746305616	0.0694463738235589	0.00730685656464392	-0.0416080277584265	0.00347924502640355	0.111168918104116	0.0391029369343662
0.00732366727348316	0.066413864485394	0.00699668470621917	-0.0397914731098779	0.00333248281540138	0.106315093809897	0.0374281101066678
0.00703364596197908	0.0634374364179984	0.00669155615900524	-0.0380084861860024	0.00318803243580126	0.101550987832962	0.035781711549871
0.00674612930611235	0.0605179287367246	0.00639159096398959	-0.0362595709464288	0.00304595436504219	0.0968779454896054	0.0341643303797053
0.00646135308345108	0.0576561805569251	0.00609690916215982	-0.0345452313507862	0.00290630908056302	0.0922973120961239	0.0325765557119022
0.00617955307156287	0.0548530309939523	0.00580763079450342	-0.032865971358703	0.00276915705980267	0.0878104329688121	0.0310189766621904
0.00590096504801635	0.0521093191631592	0.00552387590200787	-0.0312222949298078	0.0026345587802	0.0834186534239665	0.0294921823463011
0.00562582479037921	0.0494258841798976	0.0052457645256607	-0.0296147060237286	0.00250257471919389	0.0791233187778815	0.0279967618799639
0.00535436807621997	0.0468035651595209	0.00497341670644949	-0.0280437086000953	0.00237326535422325	0.0749257743468537	0.0265333043789102
0.00508683068310634	0.0442432012173812	0.00470695248536177	-0.0265098066185361	0.00224669116272698	0.0708273654471765	0.0251023989588688
0.00482344838860638	0.0417456314688314	0.00444649190338495	-0.0250135040386792	0.00212291262214397	0.0668294373951479	0.0237046347355712
0.00456445697028818	0.0393116950292229	0.00419215500150652	-0.0235553048201534	0.00200199020991308	0.0629333355070623	0.0223406008247462
0.00431009220571982	0.0369422310139091	0.00394406182071411	-0.0221357129225876	0.00188398440347322	0.0591404050992144	0.0210108863421248
0.0040605898724696	0.0346380785382427	0.00370233240199516	-0.0207552323056102	0.00176895568026325	0.0554519914879004	0.0197160804034375
0.00381618574810538	0.0324000767175758	0.00346708678633734	-0.0194143669288501	0.00165696451772215	0.0518694399894151	0.0184567721244135
0.00357711561019525	0.0302290646672616	0.00323844501472795	-0.0181136207519357	0.00154807139328873	0.0483940959200546	0.0172335506207846
0.00334361523630711	0.0281258815026515	0.00301652712815459	-0.0168534977344955	0.00144233678440184	0.0450273045961147	0.0160470050082793
0.00311592040400971	0.0260913663390989	0.00280145316760488	-0.0156345018361586	0.00133982116850051	0.0417704113338897	0.0148977244026292
0.00289426689087008	0.0241263582919555	0.00259334317406612	-0.0144571370165534	0.00124058502302352	0.0386247614496753	0.0137862979195642
0.00267889047445696	0.0222316964765747	0.00239231718852601	-0.0133219072353084	0.00114468882540973	0.0355917002597685	0.0127133146748131
0.00247002693233844	0.0204082200083089	0.00219849525197197	-0.0122293164520524	0.00105219305309816	0.0326725730804629	0.0116793637841084
0.0022679120420826	0.01865676800251	0.0020119974053916	-0.0111798686264141	0.000963158183527588	0.0298687252280549	0.0106850343631786
0.00207278158125712	0.016978179574531	0.00183294368977241	-0.010174067718022	0.000877644694137023	0.02718150201884	0.00973091552775451
0.00188487132743026	0.0153732938397244	0.00166145414610178	-0.00921241768650471	0.000795713062365186	0.0246122487691127	0.00881759639356638
0.00170441705817015	0.0138429499134423	0.00149764881536732	-0.00829542249149107	0.000717423765651065	0.0221623107951689	0.00794566607634439
0.00153165455104476	0.0123879869110377	0.00134164773855655	-0.00742358609260951	0.000642837281433606	0.0198330334133043	0.00711571369181851
0.00136681958362284	0.011009243947864	0.00119357095665712	-0.00659741244948897	0.000572014087151601	0.017625761939815	0.00632832835572006
0.00121014793347118	0.00970756013927176	0.0010535385106562	-0.00581740552175769	0.000505014660243969	0.0155418416909945	0.00558409918377745
0.00106187537815894	0.00848377460061478	0.000921670441541511	-0.00508406926904459	0.000441899478149571	0.0135826179831402	0.00488361529172177
0.00092223769525368	0.00733872644724531	0.0007980867903008	-0.00439790765097814	0.000382729018307409	0.0117494361325479	0.0042274657952841
0.000791470662323213	0.00627325479451546	0.000682907597921056	-0.00375942462718726	0.00032756375815618	0.0100436414555096	0.0036162398101931
0.000669810056936337	0.0052881987577782	0.000576252905390262	-0.0031691241573002	0.000276464175134966	0.00846657926832384	0.00305052645217962
0.000557491656660747	0.0043843974523865	0.000478242753695735	-0.00262751020094609	0.000229490746682603	0.00701959488728576	0.00253091483697454
0.000454751239064688	0.00356268999369203	0.000388997183824957	-0.0021350867177532	0.000186703950237899	0.0057040336286911	0.00205799408030738
0.000361824581715853	0.00282391549704775	0.000308636236765636	-0.00169235766734976	0.000148164263239853	0.00452124080883376	0.00163235329790856
0.00027894746218271	0.00216891307780598	0.000237279953505087	-0.00129982700936515	0.0001139321631273	0.00347256174400989	0.00125458160550784
0.000206355658032842	0.00159852185131948	0.000175048375030851	-0.000957998703428498	8.40681273390764e-05	0.00255934175051564	0.000925268118836309
0.000144284946834938	0.00111358093294101	0.000122061542330576	-0.000667376709167167	5.86326333142373e-05	0.00178292614464581	0.00064500195362327
9.29711061565808e-05	0.000714929438021983	7.84394963916357e-05	-0.000428464986209853	3.76861584914789e-05	0.00114466024269566	0.000414372225599813
5.26499135663494e-05	0.000403406481916058	4.43022782016245e-05	-0.000241767494185918	2.12891803097748e-05	0.000645889360959995	0.00023396805049547
2.35571466316031e-05	0.000179851179975099	1.97699287478592e-05	-0.000107788192724056	9.50217620807048e-06	0.000287958815736289	0.000104378544040218
5.92858292114418e-06	4.51026475527527e-05	4.96248901826757e-06	-2.70310414529629e-05	2.38562362517292e-06	7.2213923318909e-05	2.61928219655871e-05
2.33146835171283e-15	-4.44089209850063e-16	5.55111512312578e-17	-4.44089209850063e-16	2.77555756156289e-17	2.22044604925031e-15	0
