0.730079413370693	0.126671629342489	0.0519502346115783	-2.6484198021245	-0.0178910688062623	2.77490476303369	0.309480201659923
0.730079418297698	0.126671592736323	0.0519502435406426	-2.64841978068121	-0.0178910617062883	2.77490470524336	0.309480212623528
0.730079452591806	0.1266713370046	0.0519503058866431	-2.64841963087718	-0.0178910121254005	2.77490430151736	0.309480289073692
0.730079545084078	0.126670644428232	0.0519504746335295	-2.64841922517399	-0.0178908779097432	2.77490320813744	0.30948049568554
0.730079724020801	0.126669298822458	0.0519508022929024	-2.64841843693029	-0.0178906172622518	2.77490108380429	0.309480896248988
0.730080017063489	0.126667085536846	0.0519513409040134	-2.64841714040182	-0.0178901887426521	2.77489758963761	0.309481553668751
0.730080451288883	0.126663791455292	0.0519521420337652	-2.64841521074138	-0.0178895512674609	2.77489238917608	0.309482529964338
0.73008105318895	0.126659204996018	0.0519532567767115	-2.64841252399883	-0.0178886641099858	2.77488514837735	0.309483886270055
0.730081848670882	0.126653116111578	0.051954735755057	-2.64840895712113	-0.0178874869003251	2.77487553561804	0.309485682835001
0.7300828630571	0.126645316288851	0.0519566291186573	-2.6484043879523	-0.0178859796253678	2.77486322169376	0.309487979023073
0.73008412108525	0.126635598549045	0.0519589865450192	-2.64839869523343	-0.017884102628794	2.7748478798191	0.309490833312963
0.730085646908205	0.126623757447696	0.0519618572393002	-2.64839175860271	-0.0178818166110741	2.77482918562764	0.309494303298159
0.730087464094064	0.126609589074671	0.0519652899343092	-2.64838345859537	-0.0178790826294697	2.77480681717191	0.309498445686943
0.730089595626154	0.12659289105416	0.0519693328905058	-2.64837367664372	-0.0178758620980331	2.77478045492345	0.309503316302393
0.730092063903027	0.126573462544685	0.0519740338960008	-2.64836229507717	-0.0178721167876072	2.77474978177276	0.309508970082385
0.730094890738462	0.126551104239095	0.0519794402665559	-2.64834919712217	-0.0178678088258259	2.77471448302933	0.309515461079588
0.730098097361463	0.126525618364566	0.0519855988455838	-2.64833426690227	-0.0178629006971137	2.77467424642161	0.309522842461467
0.730101704416265	0.126496808682605	0.0519925560041483	-2.64831738943808	-0.017857355242686	2.77462876209707	0.309531166510283
0.730105731962324	0.126464480489045	0.0520003576409641	-2.64829845064729	-0.0178511356605489	2.77457772262211	0.309540484623094
0.730110199474325	0.126428440614047	0.052009049182397	-2.64827733734465	-0.0178442055054995	2.77452082298214	0.30955084731175
0.730115125842181	0.126388497422101	0.0520186755824638	-2.648253937242	-0.0178365286891253	2.77445776058155	0.3095623042029
0.730120529371029	0.126344460812025	0.0520292813228321	-2.64822813894825	-0.0178280694798049	2.7743882352437	0.309574904037987
0.730126427781234	0.126296142216965	0.0520409104128209	-2.64819983196939	-0.0178187925027077	2.77431194921092	0.309588694673251
0.730132838208387	0.126243354604395	0.0520536063893998	-2.64816890670847	-0.0178086627397935	2.77422860714454	0.309603723079725
0.730139777203306	0.126185912476117	0.0520674123171898	-2.64813525446561	-0.0177976455298134	2.77413791612486	0.309620035343241
0.730147260732034	0.126123631868263	0.0520823707884625	-2.64809876743802	-0.0177857065683089	2.77403958565116	0.309637676664423
0.730155304175842	0.12605633035129	0.0520985239231408	-2.64805933871999	-0.0177728119076125	2.77393332764169	0.309656691358693
0.730163922331227	0.125983827029985	0.0521159133687986	-2.64801686230285	-0.0177589279568473	2.7738188564337	0.309677122856268
0.730173129409913	0.125905942543464	0.0521345803006606	-2.64797123307504	-0.0177440214819273	2.7736958887834	0.30969901370216
0.73018293903885	0.125822499065169	0.0521545654216026	-2.64792234682206	-0.0177280596055573	2.77356414386599	0.309722405556179
0.730193364260214	0.125733320302872	0.0521759089621516	-2.64787010022647	-0.0177110098072328	2.77342334327564	0.309747339192926
0.730204417531409	0.125638231498672	0.0521986506804854	-2.64781439086793	-0.0176928399232402	2.77327321102551	0.309773854501803
0.730216110725065	0.125537059428997	0.0522228298624328	-2.64775511722315	-0.0176735181466565	2.77311347354773	0.309801990487003
0.730228455129037	0.125429632404602	0.0522484853214737	-2.64769217866594	-0.0176530130273497	2.77294385969342	0.309831785267518
0.730241461446408	0.125315780270571	0.0522756553987389	-2.64762547546714	-0.0176312934719785	2.77276410073268	0.309863276077132
0.730255139795488	0.125195334406317	0.0523043779630104	-2.64755490879472	-0.0176083287439923	2.77257393035457	0.309896499264429
0.730269499709811	0.125068127725579	0.052334690410721	-2.64748038071368	-0.0175840884636313	2.77237308466715	0.309931490292785
0.730284550138141	0.124933994676425	0.0523666296659546	-2.64740179418612	-0.0175585426079266	2.77216130219745	0.309968283740374
0.730300299444465	0.124792771241252	0.0524002321804462	-2.64731905307119	-0.0175316615106999	2.77193832389147	0.310006913300163
0.730316755408	0.124644294936786	0.0524355339335815	-2.64723206212514	-0.017503415862564	2.77170389311422	0.310047411779918
0.730333925223187	0.124488404814077	0.0524725704323977	-2.64714072700127	-0.0174737767109221	2.77145775564966	0.310089811102197
0.730351815499694	0.124324941458508	0.0525113767115825	-2.64704495424997	-0.0174427154599684	2.77119965970074	0.310134142304355
0.730370432262416	0.124153746989788	0.0525519873334749	-2.6469446513187	-0.0174102038706878	2.77092935588939	0.310180435538545
0.730389780951474	0.123974665061952	0.0525944363880648	-2.64683972655199	-0.0173762140608561	2.77064659725651	0.310228720071712
0.730409866422216	0.123787540863368	0.0526387574929932	-2.64673008919145	-0.0173407185050398	2.770351139262	0.310279024285598
0.730430692945216	0.123592221116729	0.0526849837935521	-2.64661564937576	-0.0173036900345962	2.77004273978472	0.310331375676742
0.730452264206276	0.123388554079055	0.0527331479626844	-2.64649631814067	-0.0172651018376733	2.76972115912251	0.310385800856475
0.730474583306421	0.123176389541697	0.0527832822009841	-2.646372007419	-0.01722492745921	2.7693861599922	0.310442325550928
0.730497652761907	0.122955578830334	0.0528354182366961	-2.64624263004067	-0.0171831408009359	2.76903750752961	0.310500974601025
0.730521474504214	0.12272597480497	0.0528895873257165	-2.64610809973264	-0.0171397161213715	2.7686749692895	0.310561771962485
0.730546049880048	0.12248743185994	0.0529458202515921	-2.64596833111896	-0.0170946280358279	2.76829831524564	0.310624740705825
0.730571379651343	0.122239805923907	0.0530041473255212	-2.64582323972076	-0.0170478515164072	2.76790731779079	0.310689903016355
0.730597463995258	0.121982954459861	0.0530645983863525	-2.64567274195624	-0.0169993618920022	2.76750175173665	0.310757280194183
0.730624302504181	0.121716736465122	0.0531272028005862	-2.64551675514066	-0.0169491348482962	2.76708139431393	0.310826892654211
0.730651894185723	0.121441012471334	0.0531919894623733	-2.64535519748636	-0.0168971464277638	2.76664602517232	0.310898759926137
0.730680237462724	0.121155644544475	0.0532589867935158	-2.64518798810278	-0.01684337302967	2.76619542638046	0.310972900654455
0.730709330173251	0.120860496284846	0.0533282227434667	-2.64501504699639	-0.0167877914100708	2.76572938242601	0.311049332598453
0.730739169570596	0.12055543282708	0.0533997247893301	-2.64483629507077	-0.0167303786818127	2.76524768021558	0.311128072632217
0.730769752323277	0.120240320840136	0.053473519935861	-2.64465165412655	-0.0166711123145334	2.76475010907477	0.311209136744628
0.73080107451504	0.1199150285273	0.0535496347154656	-2.64446104686145	-0.0166099701346609	2.76423646074816	0.31129254003936
0.730833131644857	0.11957942562619	0.0536280951882008	-2.64426439687026	-0.0165469303254145	2.7637065293993	0.311378296734887
0.730865918626927	0.119233383408749	0.0537089269417747	-2.64406162864483	-0.0164819714268038	2.76316011161073	0.311466420164474
0.730899429790674	0.118876774681249	0.0537921550915465	-2.6438526675741	-0.0164150723356295	2.76259700638397	0.311556922776185
0.73093365888075	0.11850947378429	0.0538778042805261	-2.64363743994408	-0.0163462123054829	2.76201701513951	0.311649816132879
0.730968599057033	0.118131356592801	0.0539658986793748	-2.64341587293785	-0.0162753709467463	2.76141994171683	0.311745110912208
0.731004242894627	0.117742300516037	0.0540564619864046	-2.64318789463557	-0.0162025282265925	2.76080559237438	0.311842816906624
0.731040582383864	0.117342184497585	0.0541495174275787	-2.64295343401447	-0.0161276644689854	2.7601737757896	0.311942943023371
0.731077608930301	0.116930889015356	0.0542450877565111	-2.64271242094885	-0.0160507603546794	2.75952430305889	0.312045497284489
0.731115313354722	0.116508296081592	0.0543431952544669	-2.64246478621009	-0.0159717969212197	2.75885698769765	0.312150486826816
0.731153685893138	0.116074289242861	0.0544438617303624	-2.64221046146664	-0.0158907555629426	2.75817164564025	0.312257917901983
0.731192716196785	0.115628753580062	0.0545471085207646	-2.64194937928403	-0.0158076180309749	2.75746809524005	0.312367795876417
0.731232393332128	0.115171575708418	0.0546529564898917	-2.64168147312485	-0.0157223664332341	2.75674615726937	0.312480125231343
0.731272705780855	0.114702643777485	0.0547614260296129	-2.64140667734878	-0.0156349832344288	2.75600565491952	0.312594909562778
0.731313641439886	0.114221847471143	0.0548725370594483	-2.64112492721257	-0.0155454512560581	2.75524641380079	0.312712151581538
0.731355187621361	0.113729078007603	0.0549863090265692	-2.64083615887003	-0.0154537536764121	2.75446826194245	0.312831853113232
0.73139733105265	0.113224228139402	0.0551027609057976	-2.64054030937207	-0.0153598740305714	2.75367102979275	0.312954015098265
0.731440057876351	0.112707192153408	0.0552219111996067	-2.64023731666664	-0.0152637962104078	2.75285455021891	0.313078637591839
0.731483353650285	0.112177865870813	0.0553437779381209	-2.6399271195988	-0.0151655044645835	2.75201865850715	0.313205719763951
0.731527203347502	0.11163614664714	0.0554683786791152	-2.63960965791065	-0.0150649833985516	2.75116319236264	0.313335259899393
0.731571591356277	0.111081933372241	0.0555957305080159	-2.63928487224139	-0.014962217974556	2.75028799190955	0.313467255397752
0.731616501480113	0.110515126470294	0.0557258500379002	-2.63895270412728	-0.0148571935116316	2.74939289969103	0.313601702773413
0.731661916937738	0.109935627899805	0.0558587534094963	-2.63861309600165	-0.0147498956856036	2.7484777606692	0.313738597655555
0.731707820363107	0.10934334115361	0.0559944562911834	-2.63826599119493	-0.0146403105290884	2.74754242222517	0.313877934788151
0.731754193805403	0.108738171258873	0.0561329738789919	-2.63791133393458	-0.014528424431493	2.74658673415901	0.314019708029974
0.731801018729033	0.108120024777083	0.0562743208966029	-2.63754906934518	-0.0144142241390153	2.74561054868979	0.314163910354588
0.731848276013632	0.107488809804062	0.0564185115953487	-2.63717914344836	-0.0142976967546438	2.74461372045555	0.314310533850355
0.731895945954061	0.106844435969957	0.0565655597542126	-2.63680150316282	-0.014178829738158	2.74359610651331	0.314459569720432
0.731944008260408	0.106186814439243	0.0567154786798288	-2.63641609630433	-0.0140576109061279	2.74255756633908	0.314611008282772
0.731992442057988	0.105515857910724	0.0568682812064826	-2.63602287158577	-0.0139340284319146	2.74149796182782	0.314764838970123
0.732041225887341	0.104831480617534	0.0570239796961104	-2.63562177861705	-0.0138080708456699	2.74041715729351	0.31492105033003
0.732090337704234	0.104133598327131	0.0571825860382993	-2.63521276790517	-0.0136797270343361	2.73931501946907	0.315079630024831
0.732139754879662	0.103422128341304	0.0573441116502877	-2.63479579085421	-0.0135489862416467	2.73819141750643	0.315240564831662
0.732189454199844	0.10269698949617	0.0575085674769649	-2.63437079976532	-0.0134158380681257	2.73704622297649	0.315403840642453
0.732239411866228	0.101958102162174	0.0576759639908713	-2.63393774783673	-0.013280272471088	2.73587930986911	0.315569442463931
0.732289603495486	0.101205388244088	0.0578463111921981	-2.63349658916372	-0.0131422797646392	2.73469055459316	0.315737354417617
0.732340004119519	0.100438771181014	0.0580196186087876	-2.63304727873868	-0.0130018506196758	2.73347983597647	0.31590755973983
0.732390588185453	0.0996581759463803	0.0581958952961333	-2.63258977245104	-0.012858976063885	2.73224703526586	0.316080040781682
0.73244132955564	0.0988635290479448	0.0583751498373795	-2.63212402708732	-0.0127136474817448	2.73099203612711	0.316254779009081
0.732492201507661	0.0980547585277928	0.0585573903433214	-2.63165000033112	-0.0125658566145239	2.72971472464501	0.316431755002733
0.732543176734321	0.0972317939623379	0.0587426244524056	-2.63116765076311	-0.012415595560282	2.7284149893233	0.316610948458137
0.732594227343652	0.096394566462322	0.0589308593307292	-2.63067693786101	-0.0122628567738694	2.72709272108473	0.316792338185588
0.732645324858914	0.0955430086728149	0.0591221016720408	-2.63017782199965	-0.0121076330669272	2.72574781327098	0.316975902110178
0.732696440218592	0.0946770547732147	0.0593163576977397	-2.62967026445091	-0.0119499176078874	2.72438016164277	0.317161617271792
0.732747543776397	0.0937966404772478	0.0595136331568764	-2.62915422738375	-0.0117897039219726	2.72298966437976	0.317349459825115
0.732798605301269	0.0929017030329683	0.0597139333261521	-2.62862967386422	-0.0116269858911963	2.7215762220806	0.317539405039622
0.732849593977371	0.0919921812227589	0.0599172630099193	-2.62809656785541	-0.0114617577543629	2.72013973776291	0.317731427299588
0.732900478404096	0.0910680153633303	0.0601236265401814	-2.62755487421751	-0.0112940141070672	2.71868011686332	0.317925500104082
0.732951226596063	0.0901291473057213	0.0603330277765929	-2.62700455870778	-0.0111237499016953	2.71719726723739	0.318121596066969
0.733001805983114	0.0891755204352989	0.0605454701064591	-2.62644558798054	-0.0109509604474236	2.71569109915971	0.318319686916907
0.733052183410321	0.0882070796717582	0.0607609564447366	-2.62587792958721	-0.0107756414102196	2.71416152532381	0.318519743497355
0.733102325137982	0.0872237714691225	0.0609794892340327	-2.62530155197626	-0.0105977888128414	2.71260846084223	0.318721735766562
0.73315219684162	0.0862255438157433	0.0612010704446059	-2.62471642449323	-0.0104173990348381	2.71103182324647	0.318925632797576
0.733201763611987	0.0852123462343001	0.0614257015743656	-2.62412251738077	-0.0102344688125493	2.70943153248701	0.31913140277824
0.733250989955059	0.0841841297818006	0.0616533836488724	-2.62351980177856	-0.0100489952391056	2.70780751093331	0.319339013011191
0.733299839792039	0.0831408470495808	0.0618841172213377	-2.62290824972338	-0.00986097576442835	2.70615968337383	0.319548429913864
0.733348276459359	0.0820824521633048	0.062117902372624	-2.62228783414907	-0.00967040819522957	2.70448797701597	0.319759619018488
0.733396262708674	0.0810089007829645	0.0623547387112448	-2.62165852888657	-0.00947729069501217	2.70279232148616	0.319972544972088
0.733443760706867	0.0799201501028806	0.0625946253733645	-2.62102030866385	-0.00928162178406981	2.70107264882976	0.320187171536484
0.733490732036049	0.0788161588517013	0.0628375610227987	-2.620373149106	-0.00908340033948692	2.69932889351113	0.320403461588293
0.733537137693555	0.0776968872924034	0.0630835438510139	-2.61971702673514	-0.00888262559513874	2.69756099241362	0.320621377118926
0.733582938091948	0.0765622972222917	0.0633325715771276	-2.61905191897051	-0.00867929714169127	2.69576888483955	0.320840879234592
0.733628093059017	0.075412351972999	0.0635846414479084	-2.61837780412839	-0.0084734149266013	2.69395251251021	0.321061928156292
0.733672561837777	0.0742470164104866	0.0638397502377757	-2.61769466142213	-0.00826497925411642	2.69211181956589	0.321284483219826
0.733716303086472	0.0730662569350436	0.0640978942488001	-2.61700247096219	-0.00805399078527496	2.69024675256583	0.321508502875787
0.733759274878569	0.0718700414812873	0.0643590693107032	-2.61630121375607	-0.00784045053790608	2.68835726048829	0.321733944689566
0.733801434702763	0.0706583395181635	0.0646232707808575	-2.61559087170835	-0.00762435988662971	2.68644329473046	0.321960765341347
0.733842739462977	0.0694311220489457	0.0648904935442867	-2.61487142762071	-0.00740572056285653	2.68450480910856	0.322188920626113
0.733883145478358	0.0681883616112358	0.0651607320136651	-2.61414286519185	-0.00718453465478805	2.68254175985775	0.322418365453638
0.733922608483282	0.0669300322769638	0.0654339801293185	-2.61340516901761	-0.00696080460741654	2.68055410563219	0.322649053848496
0.733961083627349	0.0656561096523879	0.0657102313592235	-2.61265832459085	-0.00673453322252505	2.67854180750502	0.322880938950054
0.733998525475388	0.0643665708780943	0.0659894786990075	-2.61190231830153	-0.00650572365868742	2.67650482896834	0.323113973012476
0.734034888007452	0.0630613946289975	0.0662717146719493	-2.61113713743667	-0.00627437943126826	2.67444313593324	0.32334810740472
0.734070124618822	0.0617405611143401	0.0665569313289784	-2.61036277018039	-0.00604050441242299	2.67235669672981	0.323583292610541
0.734104188120006	0.0604040520776928	0.0668451202486755	-2.60957920561385	-0.00580410283109779	2.67024548210709	0.32381947822849
0.734137030736737	0.0590518507969545	0.0671362725372722	-2.6087864337153	-0.00556517927302962	2.66810946523312	0.324056612971911
0.734168604109976	0.0576839420843524	0.067430378828651	-2.60798444536008	-0.00532373868074625	2.66594862169489	0.324294644668946
0.734198859295909	0.0563003122864415	0.0677274292843457	-2.60717323232057	-0.00507978635356621	2.66376292949841	0.324533520262533
0.734227746765949	0.0549009492841052	0.068027413593541	-2.60635278726624	-0.00483332794759881	2.66155236906864	0.324773185810403
0.734255216406738	0.0534858424925551	0.0683303209730723	-2.60552310376365	-0.00458436947574416	2.65931692324952	0.325013586485085
0.73428121752014	0.0520549828613308	0.0686361401674265	-2.6046841762764	-0.00433291730769313	2.657056577304	0.325254666573902
0.734305698823249	0.0506083628743	0.0689448594487412	-2.6038360001652	-0.0040789781699274	2.65477131891396	0.325496369478974
0.734328608448384	0.0491459765496588	0.0692564666168051	-2.60297857168781	-0.00382255914571943	2.65246113818031	0.325738637717216
0.734349893943091	0.0476678194399313	0.0695709489990578	-2.60211188799906	-0.00356366767513243	2.6501260276229	0.325981412920338
0.734369502270142	0.0461738886319696	0.06988829345059	-2.60123594715088	-0.00330231155502043	2.64776598218057	0.326224635834846
0.734387379807537	0.0446641827469542	0.0702084863541435	-2.60035074809224	-0.00303849893902821	2.64538099921117	0.326468246322042
0.7344034723485	0.0431387019403937	0.070531513620111	-2.59945629066922	-0.00277223833759138	2.64297107849148	0.326712183358024
0.734417725101483	0.0415974479021248	0.0708573606865361	-2.59855257562494	-0.00250353861793629	2.64053622221729	0.326956385033683
0.734430082690166	0.0400404238563122	0.0711860125191136	-2.59763960459962	-0.00223240900408009	2.63807643500337	0.32720078855471
0.734440489153453	0.0384676345614491	0.0715174536111893	-2.59671738013054	-0.0019588590768307	2.63559172388345	0.327445330241586
0.734448887945474	0.0368790863103565	0.0718516679837598	-2.59578590565205	-0.00168289877378685	2.63308209831026	0.327689945529594
0.73445522193559	0.0352747869301838	0.0721886391854729	-2.59484518549559	-0.00140453838933802	2.6305475701555	0.327934568968806
0.734459433408383	0.0336547457824085	0.0725283502926274	-2.59389522488966	-0.0011237885746645	2.62798815370984	0.328179134224096
0.734461464063664	0.0320189737628361	0.072870783909173	-2.59293602995983	-0.000840660337737349	2.62540386568295	0.328423574075128
0.734461255016472	0.0303674833016004	0.0732159221667106	-2.59196760772877	-0.000555165043318408	2.62279472520346	0.328667820416365
0.73445874679707	0.0287002883631634	0.0735637467244917	-2.59098996611619	-0.000267314412960316	2.620160753819	0.328911804257065
0.73445387935095	0.027017404446315	0.0739142387694193	-2.5900031139389	2.28794749935306e-05	2.61750197549616	0.329155455721281
0.734446592038826	0.0253188485841735	0.0742673790160472	-2.58900706091077	0.000315404185408926	2.61481841662051	0.329398704047861
0.734436823636644	0.0236046393441852	0.0746231477065801	-2.58800181764274	0.000610246926360905	2.61211010599662	0.329641477590451
0.734424512335574	0.0218747968281247	0.0749815246108739	-2.58698739564284	0.000907394549133691	2.60937707484802	0.32988370381749
0.734409595742011	0.0201293426720945	0.0753424890264353	-2.58596380731616	0.00120683354822076	2.60661935681722	0.330125309312214
0.73439201087758	0.0183683000465256	0.0757060197784223	-2.58493106596488	0.00150855006132478	2.60383698796572	0.330366219772653
0.734371694179129	0.016591693656177	0.0760720952196435	-2.58388918578823	0.00181252986935763	2.60103000677399	0.330606360011636
0.734348581498734	0.0147995497401356	0.0764406932305589	-2.58283818188252	0.00211875839644045	2.59819845414149	0.330845653956784
0.734322608103699	0.0129918960718168	0.0768117912192792	-2.58177807024116	0.00242722070990353	2.59534237338664	0.331084024650515
0.734293708676553	0.0111687619589639	0.0771853661215665	-2.5807088677546	0.00273790152028644	2.59246181024687	0.331321394250044
0.73426181731505	0.00933017824364853	0.0775613944008334	-2.57963059221039	0.00305078518133794	2.58955681287855	0.331557684027378
0.734226867532173	0.00747617730227049	0.0779398520481439	-2.57854326229312	0.00336585569001597	2.58662743185707	0.331792814369323
0.734188792256132	0.00560679304555754	0.0783207145822128	-2.5774468975845	0.00368309668648777	2.58367372017676	0.33202670477748
0.73414752383036	0.00372206091856577	0.0787039570494061	-2.57634151856327	0.00400249145412972	2.58069573325097	0.332259273868244
0.73410299401352	0.00182201790067932	0.0790895540237406	-2.57522714660528	0.00432402291952746	2.57769352891199	0.332490439372807
0.734055133979499	-9.32974943895701e-05	0.0794774796068842	-2.57410380398342	0.00464767365247584	2.57466716741112	0.332720118137156
0.734003874317414	-0.00202384521860029	0.0798677074281558	-2.57297151386768	0.00497342586597892	2.57161671141862	0.332948226122074
0.733949145031603	-0.00396958368958437	0.0802602106445254	-2.57183030032511	0.00530126141624998	2.56854222602375	0.33317467840314
0.733890875541637	-0.00593046979064496	0.0806549619406138	-2.57068018831985	0.00563116180271151	2.56544377873472	0.333399389170726
0.733828994682308	-0.00790645887075716	0.081051933528693	-2.56952120371308	0.00596310816799523	2.56232143947874	0.333622271730004
0.733763430703637	-0.00989750474456786	0.0814510971486859	-2.5683533732631	0.00629708129794206	2.559175280602	0.333843238500937
0.733694111270872	-0.0119035596923959	0.0818524240681664	-2.56717672462525	0.00663306162160216	2.55600537686966	0.334062201018287
0.733620963464486	-0.0139245744602319	0.0822558850823595	-2.56599128635194	0.00697102921123489	2.55281180546587	0.33427906993161
0.73354391378018	-0.0159604982597383	0.0826614505141412	-2.56479708789269	0.00731096378230884	2.54959464599374	0.334493755005259
0.73346288812888	-0.0180112787682495	0.0830690902140385	-2.56359415959406	0.00765284469350181	2.54635398047539	0.33470616511838
0.733377811836741	-0.0200768621287716	0.0834787735602292	-2.5623825326997	0.0079966509467008	2.54308989335188	0.334916208264917
0.73328860964514	-0.0221571929499826	0.0838904694585424	-2.56116223935032	0.00834236118700206	2.53980247148329	0.335123791553608
0.733195205710686	-0.0242522143062325	0.084304146342458	-2.55993331258372	0.00868995370271101	2.53649180414865	0.335328821207988
0.73309752360521	-0.0263618677375429	0.0847197721731072	-2.55869578633476	0.00903940642534237	2.53315798304599	0.335531202566387
0.732995486315772	-0.0284860932496075	0.0851373144392717	-2.55744969543538	0.00939069692961999	2.52980110229229	0.335730840081931
0.732889016244658	-0.0306248293137917	0.0855567401573848	-2.55619507561461	0.00974380243347697	2.52642125842355	0.33592763732254
0.73277803520938	-0.0327780128671327	0.0859780158715303	-2.55493196349852	0.0100986997980556	2.52301855039472	0.336121496970931
0.732662464442677	-0.0349455793123397	0.0864011076534434	-2.55366039661028	0.0104553655277075	2.51959307957973	0.336312320824616
0.732542224592515	-0.0371274625177935	0.08682598110251	-2.55238041337012	0.0108137757699934	2.51614494977151	0.336500009795904
0.732417235722085	-0.0393235948175471	0.0872526013457671	-2.55109205309535	0.0111739063156832	2.51267426718194	0.336684463911898
0.732287417309806	-0.0415339070113253	0.087680933037903	-2.54979535600036	0.0115357325987561	2.50918114044191	0.336865582314497
0.732152688249322	-0.0437583283645243	0.0881109403612565	-2.5484903631966	0.0118992296964006	2.50566568060126	0.337043263260396
0.732012966849506	-0.0459967866082127	0.0885425870258177	-2.54717711669261	0.0122643723290142	2.50212800112884	0.337217404121085
0.731868170834454	-0.0482492079391307	0.0889758362692278	-2.54585565939398	0.0126311348602039	2.49856821791246	0.33738790138285
0.731718217343492	-0.0505155170196902	0.0894106508567788	-2.5445260351034	0.0129994912967855	2.49498644925891	0.337554650646772
0.73156302293117	-0.0527956369779752	0.0898469930814137	-2.54318828852062	0.0133694152887845	2.49138281589395	0.337717546628729
0.731402503567267	-0.0550894894077416	0.0902848247637267	-2.54184246524247	0.0137408801294353	2.48775744096235	0.337876483159393
0.731236574636785	-0.0573969943684168	0.0907241072519629	-2.54048861176284	0.0141138587551816	2.48411045002784	0.338031353184232
0.731065150939955	-0.0597180703851006	0.0911648014220184	-2.5391267754727	0.0144883237456764	2.48044197107312	0.338182048763511
0.730888146692235	-0.0620526344485641	0.0916068676774403	-2.53775700466012	0.0148642473237818	2.47675213449988	0.338328461072289
0.730705475524308	-0.0644006020152504	0.0920502659494268	-2.5363793485102	0.0152416013555691	2.4730410731288	0.33847048040042
0.730517050482084	-0.0667618870072746	0.0924949556968268	-2.53499385710514	0.0156203573503189	2.46930892219952	0.338607996152557
0.730322784026699	-0.0691364018124236	0.0929408959061407	-2.53360058142421	0.016000486460521	2.46555581937067	0.338740896848144
0.730122588034516	-0.071524057284156	0.0933880450915195	-2.53219957334376	0.0163819594818744	2.46178190471985	0.338869070121424
0.729916373797126	-0.0739247627416025	0.0938363612947653	-2.53079088563719	0.0167647468532874	2.45798732074366	0.338992402721434
0.729704052021344	-0.0763384259695656	0.0942858020853315	-2.52937457197501	0.0171488186568773	2.45417221235766	0.339110780512007
0.729485532829212	-0.0787649532185193	0.094736324560322	-2.52795068692477	0.017534144617971	2.45033672689639	0.339224088471772
0.729260725758	-0.0812042492046099	0.0951878853444922	-2.52651928595112	0.0179206941051041	2.44648101411339	0.339332210694153
0.729029539760204	-0.0836562171096552	0.0956404405902481	-2.52508042541576	0.0183084361300218	2.44260522618115	0.33943503038737
0.728791883203545	-0.0861207585811453	0.096093945977647	-2.52363416257748	0.0186973393476785	2.43870951769115	0.339532429874439
0.728547663870972	-0.0885977737322415	0.0965483567143971	-2.52218055559214	0.0190873720562377	2.43479404565386	0.33962429059317
0.728296788960661	-0.0910871611417776	0.0970036275358575	-2.52071966351267	0.019478502197072	2.43085896949873	0.33971049309617
0.728039165086012	-0.0935888178542588	0.0974597127050385	-2.51925154628908	0.0198706973547635	2.42690445107417	0.339790917050841
0.727774698275654	-0.0961026393798625	0.0979165660126014	-2.51777626476845	0.0202639247571034	2.42293065464758	0.339865441239381
0.727503293973442	-0.0986285196944376	0.0983741407768582	-2.51629388069494	0.020658151275092	2.41893774690535	0.339933943558784
0.727224857038458	-0.101166351239505	0.0988323898437724	-2.51480445670978	0.021053343422939	2.41492589695284	0.339996301020838
0.726939291745007	-0.103716024922257	0.099291265586958	-2.51330805635126	0.0214494673580631	2.41089527631437	0.340052389752129
0.726646501782626	-0.10627743011556	0.0997507199076805	-2.51180474405476	0.0218464888810925	2.40684605893328	0.340102084994035
0.726346390256074	-0.108850454657948	0.100210704234856	-2.51029458515273	0.0222443734358644	2.40277842117186	0.340145261102734
0.726038859685338	-0.111434984853631	0.100671169525052	-2.5087776458747	0.0226430861094253	2.39869254181139	0.340181791549196
0.725723812005633	-0.114030905472488	0.101132066262486	-2.50725399334727	0.0230425916320309	2.39458860205212	0.340211548919189
0.725401148567399	-0.116638099750072	0.101593344459028	-2.5057236955941	0.023442854377146	2.39046678551329	0.340234404913275
0.725070770136303	-0.119256449387607	0.102054953654198	-2.50418682153594	0.0238438383614449	2.38632727823311	0.340250230346812
0.724732576893237	-0.121885834551988	0.102516842915168	-2.50264344099061	0.0242455072448109	2.38217026866878	0.340258895149954
0.724386468434321	-0.124526133875782	0.10297896083676	-2.501093624673	0.0246478243303365	2.37799594769648	0.340260268367651
0.724032343770903	-0.12717722445723	0.103441255541446	-2.49953744419508	0.0250507525643236	2.37380450861135	0.340254218159647
0.723670101329554	-0.129838981860242	0.103903674679352	-2.4979749720659	0.0254542545362832	2.36959614712753	0.340240611800483
0.723299638952074	-0.132511280114402	0.104366165428252	-2.49640628169155	0.0258582924789353	2.36537106137813	0.340219315679495
0.722920853895489	-0.135193991714964	0.104828674493574	-2.49483144737524	0.0262628282682096	2.36112945191525	0.340190195300815
0.722533642832051	-0.137886987622856	0.105291148108394	-2.49325054431722	0.0266678234232446	2.35687152170995	0.34015311528337
0.722137901849238	-0.140590137264675	0.105753532033441	-2.49166364861483	0.0270732391063883	2.35259747615228	0.340107939360883
0.721733526449757	-0.143303308532693	0.106215771557093	-2.49007083726248	0.0274790361231976	2.34830752305128	0.340054530381873
0.72132041155154	-0.146026367784852	0.106677811495383	-2.48847218815165	0.027885174922439	2.34400187263495	0.339992750309654
0.720898451487743	-0.148759179844765	0.10713959619199	-2.4868677800709	0.0282916155960879	2.33968073755028	0.339922460222336
0.720467540006754	-0.15150160800172	0.107601069518247	-2.48525769270586	0.0286983178793291	2.33534433286324	0.339843520312823
0.720027570272182	-0.154253514010674	0.108062174873138	-2.48364200663924	0.0291052411505565	2.33099287605877	0.339755789888818
0.719578434862866	-0.157014758092256	0.108522855183296	-2.48202080335081	0.0295123444313732	2.32662658704081	0.339659127372815
0.71912002577287	-0.159785198932768	0.108983052903008	-2.48039416521743	0.0299195863865918	2.32224568813226	0.339553390302109
0.718652234411485	-0.162564693684185	0.10944271001421	-2.47876217551302	0.0303269253242338	2.31785040407499	0.339438435328785
0.718174951603228	-0.16535309796415	0.109901768026489	-2.47712491840858	0.03073431919553	2.31344096202989	0.339314118219728
0.717688067587844	-0.168150265855982	0.110360167977084	-2.47548247897219	0.0311417255949204	2.30901759157679	0.339180293856617
0.717191472020303	-0.170956049908668	0.110817850430884	-2.473834943169	0.0315491017600544	2.30458052471451	0.339036816235926
0.716685053970803	-0.173770301136871	0.111274755480429	-2.47218239786122	0.0319564045717904	2.30012999586086	0.338883538468924
0.716168701924765	-0.176592869020923	0.111730822745911	-2.47052493080815	0.032363590554196	2.29566624185262	0.338720312781679
0.715642303782841	-0.179423601506827	0.112185991375173	-2.46886263066616	0.0327706158745483	2.29118950194555	0.33854699051505
0.715105746860907	-0.182262345006262	0.112640200043707	-2.46719558698869	0.0331774363433333	2.28670001781439	0.338363422124696
0.714558917890066	-0.185108944396574	0.113093386954659	-2.46552389022627	0.0335840074142463	2.28219803355286	0.338169457181068
0.714001703016647	-0.187963243020784	0.113545489838824	-2.46384763172648	0.033990284184192	2.27768379567367	0.337964944369414
0.713433987802207	-0.190825082687584	0.113996445954648	-2.46216690373398	0.034396221393284	2.27315755310849	0.337749731489779
0.712855657223529	-0.193694303671339	0.114446192088228	-2.46048179939051	0.0348017734248455	2.26861955720797	0.337523665457001
0.71226659567262	-0.196570744712082	0.114894664553314	-2.45879241273489	0.0352068943054086	2.26407006174176	0.337286592300716
0.711666686956717	-0.199454243015522	0.115341799191305	-2.457098838703	0.0356115377047148	2.25950932289848	0.337038357165353
0.711055814298282	-0.202344634253039	0.115787531371251	-2.4554011731278	0.0360156569357146	2.25493759928571	0.33677880431014
0.710433860335003	-0.205241752561683	0.116231795989854	-2.45369951273933	0.0364192049545679	2.25035515193004	0.336507777109097
0.709800707119796	-0.208145430544177	0.116674527471466	-2.45199395516468	0.0368221343606439	2.24576224427702	0.336225118051042
0.709156236120803	-0.211055499268917	0.117115659768091	-2.45028459892805	0.0372243973965208	2.24115914219118	0.335930668739587
0.70850032822139	-0.213971788269968	0.117555126359384	-2.44857154345069	0.0376259459479862	2.23654611395605	0.335624269893142
0.707832863720154	-0.216894125547071	0.117992860252649	-2.44685488905093	0.0380267315440367	2.2319234302741	0.335305761344909
0.707153722330914	-0.219822337565634	0.118428793982845	-2.44513473694416	0.0384267053568784	2.22729136426682	0.33497498204289
0.70646278318272	-0.222756249256741	0.118862859612577	-2.44341118924287	0.0388258182019263	2.22265019147466	0.334631770049879
0.705759924819844	-0.225695684017145	0.119294988732105	-2.4416843489566	0.0392240205378049	2.21800018985705	0.334275962543466
0.705045025201788	-0.228640463709273	0.119725112459338	-2.43995431999198	0.0396212624663478	2.21334163979239	0.333907395816039
0.704317961703279	-0.231590408661223	0.120153161439837	-2.43822120715271	0.0400174937325978	2.20867482407808	0.333525905274779
0.703578611114271	-0.234545337666763	0.120579065846814	-2.43648511613956	0.0404126637248069	2.20400002793049	0.333131325441664
0.702826849639943	-0.237505067985336	0.12100275538113	-2.43474615355037	0.0408067214744363	2.19931753898497	0.332723489953468
0.702062552900703	-0.240469415342055	0.121424159271301	-2.43300442688007	0.0411996156561566	2.19462764729585	0.332302231561758
0.701285595932184	-0.243438193927705	0.121843206273489	-2.43126004452064	0.0415912945878475	2.18993064533642	0.3318673821329
0.700495853185245	-0.246411216398743	0.122259824671512	-2.42951311576116	0.0419817062305977	2.18522682799899	0.331418772648053
0.699693198525974	-0.249388293877298	0.122673942276835	-2.42776375078776	0.0423707981887055	2.18051649259481	0.330956233203173
0.698877505235681	-0.252369235951172	0.123085486428576	-2.42601206068366	0.0427585177096781	2.17579993885414	0.330479593009011
0.698048646010908	-0.255353850673836	0.123494383993505	-2.42425815742915	0.0431448116842323	2.17107746892619	0.329988680391115
0.697206492963419	-0.258341944564435	0.123900561366039	-2.42250215390158	0.0435296266462936	2.16634938737917	0.329483322789825
0.696350917620207	-0.261333322607786	0.124303944468251	-2.4207441638754	0.0439129087729971	2.16161600120027	0.328963346760281
0.695481790923492	-0.264327788254376	0.124704458749862	-2.41898430202212	0.044294603884687	2.15687761979564	0.328428577972417
0.694598983230717	-0.267325143420366	0.125102029188244	-2.41722268391031	0.0446746574449168	2.15213455499044	0.32787884121096
0.693702364314555	-0.270325188487588	0.125496580288422	-2.41545942600564	0.0450530145604489	2.14738712102878	0.327313960375436
0.692791803362905	-0.273327722303544	0.125888036083069	-2.41369464567084	0.0454296199812554	2.14263563457376	0.326733758480165
0.691867168978891	-0.276332542181412	0.126276320132512	-2.41192846116571	0.0458044181005173	2.13788041470747	0.326138057654264
0.690928329180864	-0.279339443900038	0.126661355524728	-2.41016099164713	0.0461773529546249	2.13312178293096	0.325526679141643
0.689975151402403	-0.282348221703941	0.127043064875343	-2.40839235716905	0.0465483682231777	2.12836006316428	0.324899443301011
0.689007502492312	-0.285358668303313	0.127421370327638	-2.40662267868251	0.0469174072289844	2.12359558174644	0.324256169605869
0.688025248714622	-0.288370574874017	0.127796193552541	-2.40485207803559	0.0472844129380629	2.11882866743544	0.323596676644516
0.68702825574859	-0.291383731057587	0.128167455748633	-2.40308067797348	0.0476493279596404	2.11405965140825	0.322920782120046
0.6860163886887	-0.29439792496123	0.128535077642146	-2.40130860213842	0.0480120945461533	2.10928886726085	0.322228302850349
0.684989512044662	-0.297412943157825	0.128898979486963	-2.39953597506973	0.0483726545932472	2.10451665100815	0.321519054768109
0.683947489741415	-0.300428570685922	0.129259081064617	-2.39776292220382	0.0487309496397769	2.09974334108408	0.320792852920808
0.68289018511912	-0.303444591049744	0.129615301684294	-2.39598956987414	0.0490869208678064	2.09496927834154	0.320049511470721
0.681817460933168	-0.306460786219183	0.129967560182829	-2.39421604531125	0.0494405091026089	2.09019480605239	0.319288843694922
0.680729179354176	-0.309476936629807	0.130315774924708	-2.39244247664275	0.049791654812667	2.08542026990749	0.318510661985276
0.679625201967986	-0.312492821182853	0.130659863802071	-2.39066899289335	0.0501402981096723	2.08064601801667	0.317714777848448
0.678505389775669	-0.315508217245231	0.130999744234704	-2.3888957239848	0.0504863787485257	2.07587240090875	0.316901001905896
0.677369603193519	-0.318522900649522	0.131335333170049	-2.38712280073594	0.0508298361273373	2.07109977153152	0.316069143893874
0.67621770205306	-0.321536645693979	0.131666547083197	-2.38535035486269	0.0511706092874264	2.06632848525174	0.315219012663432
0.675049545601041	-0.324549225142527	0.131993301976888	-2.38357851897803	0.0515086369133215	2.06155889985518	0.314350416180416
0.673864992499437	-0.327560410224765	0.132315513381515	-2.38180742659202	0.0518438573327606	2.05679137554655	0.313463161525467
0.67266390082545	-0.33056997063596	0.132633096355124	-2.38003721211179	0.0521762085166904	2.05202627494957	0.312557054894022
0.671446128071509	-0.333577674537053	0.132945965483408	-2.37826801084156	0.0525056280792673	2.04726396310693	0.311631901596312
0.670211531145269	-0.336583288554657	0.133254034879713	-2.3764999589826	0.0528320532778566	2.0425048074803	0.310687506057367
0.668959966369611	-0.339586577781056	0.133557218185036	-2.37473319363327	0.053155421013033	2.03774917795032	0.309723671817008
0.667691289482644	-0.342587305774207	0.133855428568025	-2.372967852789	0.0534756678285804	2.03299744681661	0.308740201529856
0.666405355637702	-0.345585234557738	0.134148578724979	-2.37120407534229	0.0537927299114916	2.02824998879779	0.307736896965324
0.665102019403347	-0.348580124620948	0.134436580879848	-2.36944200108271	0.0541065430919692	2.02350718103145	0.306713559007624
0.663781134763365	-0.351571734918809	0.134719346784233	-2.36768177069693	0.0544170428434245	2.01876940307414	0.305669987655761
0.662442555116772	-0.354559822871965	0.134996787717385	-2.36592352576865	0.0547241642824783	2.01403703690141	0.304605982023537
0.661086133277808	-0.357544144366732	0.135268814486208	-2.36416740877869	0.0550278421689605	2.00931046690778	0.303521340339548
0.65971172147594	-0.360524453755097	0.135535337425255	-2.36241356310491	0.0553280109059103	2.00459007990676	0.302415859947187
0.658319171355861	-0.363500503854719	0.135796266396731	-2.36066213302225	0.055624604539576	1.99987626513083	0.301289337304643
0.656908333977492	-0.366472045948929	0.136051510790493	-2.35891326370274	0.0559175567594153	1.99516941423146	0.3001415679849
0.655479059815981	-0.36943882978673	0.136300979524046	-2.35716710121547	0.0562068008980948	1.99046992127907	0.298972346675736
0.654031198761698	-0.372400603582798	0.13654458104255	-2.35542379252661	0.0564922699314908	1.9857781827631	0.297781467179727
0.652564600120246	-0.375357114017478	0.136782223318813	-2.3536834854994	0.0567738964786883	1.98109459759194	0.296568722414243
0.651079112612449	-0.378308106236788	0.137013813853295	-2.35194632889415	0.0570516128019818	1.97641956709297	0.295333904411452
0.649574584374361	-0.38125332385242	0.137239259674107	-2.35021247236825	0.057325350806875	1.97175349501255	0.294076804318313
0.648050862957261	-0.384192508941736	0.137458467337011	-2.34848206647617	0.0575950420420809	1.96709678751602	0.292797212396586
0.646507795327654	-0.387125402047769	0.13767134292542	-2.34675526266943	0.0578606176995214	1.9624498531877	0.291494918022823
0.644945227867274	-0.390051742179225	0.137877792050398	-2.34503221329666	0.058122008614328	1.95781310303088	0.290169709688373
0.643363006373078	-0.392971266810482	0.13807771985066	-2.34331307160352	0.0583791452648411	1.95318695046783	0.288821374999379
0.641760976057252	-0.39588371188159	0.138271030992572	-2.34159799173279	0.0586319577726105	1.94857181133983	0.287449700676782
0.640138981547208	-0.398788811798269	0.13845762967015	-2.3398871287243	0.0588803759023952	1.94396810390709	0.286054472556317
0.638496866885584	-0.401686299431914	0.138637419605064	-2.33818063851494	0.0591243290621635	1.93937624884883	0.284635475588515
0.636834475530245	-0.40457590611959	0.138810304046632	-2.3364786779387	0.0593637463030926	1.93479666926325	0.283192493838702
0.635151650354283	-0.407457361664032	0.138976185771823	-2.33478140472662	0.0595985563195692	1.93022979066752	0.281725310487002
0.633448233646015	-0.410330394333651	0.13913496708526	-2.33308897750685	0.0598286874491891	1.9256760409978	0.280233707828331
0.631724067108986	-0.413194730862527	0.139286549819214	-2.33140155580457	0.0600540676727575	1.9211358506092	0.278717467272403
0.629978991861966	-0.416050096450411	0.139430835333609	-2.32971930004206	0.0602746246142886	1.91660965227585	0.277176369343727
0.628212848438953	-0.41889621476273	0.139567724516017	-2.32804237153868	0.0604902855410058	1.91209788119084	0.275610193681608
0.626425476789171	-0.421732807930578	0.139697117781665	-2.32637093251083	0.060700977363342	1.90760097496623	0.274018719040145
0.62461671627707	-0.424559596550724	0.139818915073428	-2.32470514607202	0.060906626634939	1.90311937363308	0.272401723288235
0.622786450505845	-0.427376342792911	0.139933038508982	-2.32304515120158	0.0611071756795542	1.89865345200952	0.270759041920166
0.620934741982918	-0.43018298023321	0.140039500479693	-2.32139098735188	0.0613026310907097	1.89420331599881	0.269090743882476
0.619061697990494	-0.432979485427136	0.140138335984715	-2.31974266901884	0.0614930155591013	1.88976900407389	0.267396956558534
0.617167425810781	-0.435765834930201	0.140229580023201	-2.31810021069836	0.0616783517754248	1.88535055470771	0.265677807331709
0.615252032725987	-0.43854200529792	0.140313267594303	-2.31646362688633	0.0618586624303759	1.88094800637321	0.26393342358537
0.613315626018318	-0.441307973085807	0.140389433697175	-2.31483293207866	0.0620339702146504	1.87656139754333	0.262163932702885
0.611358312969982	-0.444063714849374	0.140458113330968	-2.31320814077124	0.0622042978189441	1.87219076669103	0.260369462067622
0.609380200863186	-0.446809207144137	0.140519341494837	-2.31158926745999	0.0623696679339528	1.86783615228925	0.258550139062951
0.607381396980137	-0.449544426525609	0.140573153187933	-2.3099763266408	0.0625301032503722	1.86349759281093	0.25670609107224
0.605362008603042	-0.452269349549303	0.14061958340941	-2.30836933280957	0.0626856264588982	1.85917512672901	0.254837445478858
0.60332214301411	-0.454983952770733	0.140658667158421	-2.30676830046221	0.0628362602502265	1.85486879251645	0.252944329666173
0.601261907495546	-0.457688212745414	0.140690439434119	-2.30517324409462	0.0629820273150528	1.85057862864619	0.251026871017554
0.599181409329559	-0.460382106028859	0.140714935235656	-2.30358417820269	0.063122950344073	1.84630467359117	0.24908519691637
0.597080755798355	-0.463065609176582	0.140732189562185	-2.30200111728232	0.0632590520279828	1.84204696582434	0.247119434745989
0.594960054184142	-0.465738698744096	0.140742237412859	-2.30042407582943	0.0633903550574781	1.83780554381865	0.245129711889781
0.592819411769126	-0.468401351286916	0.140745113786831	-2.29885306833992	0.0635168821232546	1.83358044604703	0.243116155731112
0.590658935835516	-0.471053543360555	0.140740853683255	-2.29728810930967	0.063638655916008	1.82937171098244	0.241078893653353
0.588478733665519	-0.473695251520527	0.140729492101282	-2.2957292132346	0.0637556991264342	1.82517937709782	0.239018053039872
0.586278912541341	-0.476326452322346	0.140711064040065	-2.2941763946106	0.0638680344452288	1.82100348286611	0.236933761274038
0.58405957974519	-0.478947122321525	0.140685604498758	-2.29262966793358	0.0639756845630878	1.81684406676026	0.234826145739219
0.581820842559273	-0.481557238073579	0.140653148476514	-2.29108904769944	0.0640786721707069	1.81270116725322	0.232695333818783
0.579562808265797	-0.484156776134021	0.140613730972485	-2.28955454840407	0.0641770199587818	1.80857482281792	0.2305414528961
0.57728558414697	-0.486745713058365	0.140567386985824	-2.28802618454339	0.0642707506180084	1.80446507192733	0.228364630354538
0.574989277484999	-0.489324025402125	0.140514151515684	-2.28650397061329	0.0643598868390824	1.80037195305437	0.226164993577467
0.572673995562091	-0.491891689720815	0.140454059561217	-2.28498792110968	0.0644444513126996	1.796295504672	0.223942669948253
0.570339845660454	-0.494448682569948	0.140387146121578	-2.28347805052845	0.0645244667295557	1.79223576525316	0.221697786850267
0.567986935062294	-0.496994980505038	0.140313446195918	-2.2819743733655	0.0645999557803466	1.78819277327079	0.219430471666876
0.565615371049819	-0.499530560081599	0.140232994783391	-2.28047690411675	0.064670941155768	1.78416656719785	0.21714085178145
0.563225260905236	-0.502055397855145	0.140145826883149	-2.27898565727808	0.0647374455465157	1.78015718550728	0.214829054577356
0.560816711910752	-0.504569470381189	0.140051977494345	-2.2775006473454	0.0647994916432855	1.77616466667201	0.212495207437965
0.558389831348575	-0.507072754215246	0.139951481616133	-2.27602188881462	0.0648571021367731	1.77218904916501	0.210139437746644
0.555944726500912	-0.509565225912829	0.139844374247664	-2.27454939618163	0.0649102997176743	1.7682303714592	0.207761872886761
0.55348150464997	-0.512046862029452	0.139730690388093	-2.27308318394233	0.064959107076685	1.76428867202754	0.205362640241687
0.551000273077956	-0.514517639120629	0.139610465036571	-2.27162326659263	0.0650035469045009	1.76036398934298	0.202941867194788
0.548501139067078	-0.516977533741873	0.139483733192251	-2.27016965862843	0.0650436418918177	1.75645636187845	0.200499681129435
0.545984209899542	-0.519426522448699	0.139350529854288	-2.26872237454562	0.0650794147293313	1.75256582810691	0.198036209428995
0.543449592857557	-0.52186458179662	0.139210890021832	-2.26728142884012	0.0651108881077374	1.74869242650129	0.195551579476838
0.540897395223328	-0.52429168834115	0.139064848694038	-2.26584683600781	0.0651380847177318	1.74483619553455	0.193045918656331
0.538327724279065	-0.526707818637803	0.138912440870058	-2.26441861054461	0.0651610272500102	1.74099717367963	0.190519354350844
0.535740687306972	-0.529112949242092	0.138753701549045	-2.26299676694642	0.0651797383952686	1.73717539940947	0.187972013943744
0.533136391589259	-0.531507056709532	0.138588665730152	-2.26158131970913	0.0651942408442025	1.73337091119702	0.185404024818402
0.530514944408133	-0.533890117595636	0.138417368412531	-2.26017228332865	0.0652045572875079	1.72958374751522	0.182815514358185
0.527876453045799	-0.536262108455917	0.138239844595336	-2.25876967230087	0.0652107104158804	1.72581394683702	0.180206609946463
0.525221024784467	-0.538623005845891	0.13805612927772	-2.2573735011217	0.0652127229200159	1.72206154763537	0.177577438966603
0.522548766906342	-0.54097278632107	0.137866257458835	-2.25598378428705	0.0652106174906101	1.71832658838321	0.174928128801974
0.519859786693632	-0.543311426436969	0.137670264137834	-2.25460053629281	0.0652044168183589	1.71460910755348	0.172258806835946
0.517154191428545	-0.5456389027491	0.13746818431387	-2.25322377163488	0.065194143593958	1.71090914361913	0.169569600451886
0.514432088393288	-0.547955191812979	0.137260052986096	-2.25185350480917	0.0651798205081031	1.70722673505311	0.166860637033163
0.511693584870067	-0.550260270184118	0.137045905153665	-2.25048975031157	0.0651614702514901	1.70356192032836	0.164132043963147
0.508938788141091	-0.552554114418032	0.13682577581573	-2.24913252263799	0.0651391155148147	1.69991473791782	0.161383948625205
0.506167805488566	-0.554836701070234	0.136599699971444	-2.24778183628434	0.0651127789887727	1.69628522629445	0.158616478402707
0.5033807441947	-0.557108006696239	0.136367712619958	-2.2464377057465	0.0650824833640599	1.69267342393118	0.15582976067902
0.500577711541699	-0.559368007851559	0.136129848760428	-2.24510014552038	0.065048251331372	1.68907936930096	0.153023922837514
0.497758814811772	-0.561616681091709	0.135886143392004	-2.24376917010189	0.0650101055814049	1.68550310087674	0.150199092261557
0.494924161287125	-0.563854002972203	0.135636631513841	-2.24244479398692	0.0649680688048544	1.68194465713146	0.147355396334518
0.492073858249966	-0.566079950048553	0.13538134812509	-2.24112703167138	0.064922163692416	1.67840407653807	0.144492962439766
0.489208012982501	-0.568294498876276	0.135120328224905	-2.23981589765116	0.0648724129347858	1.6748813975695	0.141611917960669
0.486326732766939	-0.570497626010883	0.134853606812439	-2.23851140642218	0.0648188392226594	1.67137665869872	0.138712390280595
0.483430124885485	-0.572689308007888	0.134581218886845	-2.23721357248032	0.0647614652467327	1.66788989839866	0.135794506782914
0.480518296620349	-0.574869521422807	0.134303199447275	-2.2359224103215	0.0647003136977014	1.66442115514227	0.132858394850995
0.477591355253736	-0.577038242811151	0.134019583492882	-2.23463793444161	0.0646354072662612	1.66097046740249	0.129904181868205
0.474649408067854	-0.579195448728436	0.13373040602282	-2.23336015933655	0.064566768643108	1.65753787365226	0.126931995217913
0.471692562344911	-0.581341115730174	0.133435702036241	-2.23208909950223	0.0644944205189375	1.65412341236455	0.123941962283488
0.468720925367113	-0.583475220371881	0.133135506532297	-2.23082476943455	0.0644183855844456	1.65072712201228	0.1209342104483
0.465734604416668	-0.585597739209069	0.132829854510143	-2.2295671836294	0.0643386865303279	1.6473490410684	0.117908867095715
0.462733706775783	-0.587708648797252	0.13251878096893	-2.2283163565827	0.0642553460472803	1.64398920800586	0.114866059609104
0.459718339726665	-0.589807925691944	0.132202320907811	-2.22707230279033	0.0641683868259985	1.64064766129761	0.111805915371834
0.456688610551522	-0.591895546448659	0.13188050932594	-2.22583503674821	0.0640778315571784	1.63732443941658	0.108728561767274
0.45364462653256	-0.593971487622911	0.13155338122247	-2.22460457295223	0.0639837029315157	1.63401958083573	0.105634126178794
0.450586494951988	-0.596035725770214	0.131220971596553	-2.2233809258983	0.0638860236397061	1.630733124028	0.102522735989761
0.447514323092012	-0.59808823744608	0.130883315447341	-2.22216411008231	0.0637848163724455	1.62746510746634	0.0993945185835438
0.444428218234839	-0.600128999206025	0.130540447773989	-2.22095414000018	0.0636801038204297	1.62421556962368	0.0962496013435119
0.441328287662676	-0.602157987605562	0.130192403575648	-2.21975103014779	0.0635719086743543	1.62098454897298	0.0930881116530336
0.438214638657732	-0.604175179200204	0.129839217851472	-2.21855479502105	0.0634602536249153	1.61777208398718	0.0899101768954775
0.435087378502213	-0.606180550545466	0.129480925600614	-2.21736544911587	0.0633451613628083	1.61457821313922	0.0867159244542121
0.431946614478326	-0.608174078196861	0.129117561822226	-2.21618300692813	0.0632266545787291	1.61140297490206	0.0835054817126063
0.42879245386828	-0.610155738709903	0.128749161515462	-2.21500748295376	0.0631047559633736	1.60824640774863	0.0802789760540286
0.425625003954279	-0.612125508640107	0.128375759679473	-2.21383889168864	0.0629794882074375	1.60510855015189	0.0770365348618477
0.422444372018534	-0.614083364542985	0.127997391313414	-2.21267724762867	0.0628508740016165	1.60198944058477	0.0737782855194322
0.419250665343249	-0.616029282974051	0.127614091416436	-2.21152256526977	0.0627189360366065	1.59888911752022	0.0705043554101507
0.416043991210633	-0.617963240488819	0.127225894987694	-2.21037485910782	0.0625836970031032	1.59580761943119	0.067214871917372
0.412824456902893	-0.619885213642804	0.126832837026339	-2.20923414363874	0.0624451795918025	1.59274498479062	0.0639099624244647
0.409592169702236	-0.621795178991519	0.126434952531524	-2.20810043335842	0.0623034064934	1.58970125207145	0.0605897543147974
0.40634723689087	-0.623693113090477	0.126032276502403	-2.20697374276277	0.0621584003985916	1.58667645974664	0.0572543749717387
0.403089765751001	-0.625578992495192	0.125624843938129	-2.20585408634768	0.062010183998073	1.58367064628913	0.0539039517786573
0.399819863564837	-0.627452793761179	0.125212689837853	-2.20474147860906	0.0618587799825401	1.58068385017186	0.0505386121189219
0.396537637614585	-0.629314493443951	0.124795849200729	-2.20363593404281	0.0617042110426886	1.57771610986778	0.0471584833759011
0.393243195182452	-0.631164068099022	0.124374357025911	-2.20253746714482	0.0615464998692142	1.57476746384983	0.0437636929329636
0.389936643550646	-0.633001494281906	0.12394824831255	-2.20144609241101	0.0613856691528128	1.57183795059096	0.040354368173478
0.386618090001374	-0.634826748548116	0.1235175580598	-2.20036182433727	0.0612217415841801	1.56892760856412	0.0369306364808129
0.383287641816843	-0.636639807453166	0.123082321266813	-2.19928467741951	0.0610547398540119	1.56603647624224	0.033492625238337
0.37994540627926	-0.638440647552571	0.122642572932743	-2.19821466615362	0.060884686653004	1.56316459209827	0.030040461829419
0.376591490670832	-0.640229245401843	0.122198348056742	-2.1971518050355	0.0607116046718521	1.56031199460517	0.0265742736374274
0.373226002273768	-0.642005577556497	0.121749681637963	-2.19609610856107	0.0605355166012521	1.55747872223587	0.023094188045731
0.369849048370273	-0.643769620572046	0.121296608675559	-2.19504759122621	0.0603564451318997	1.55466481346332	0.0196003324376984
0.366460736242555	-0.645521351004004	0.120839164168683	-2.19400626752684	0.0601744129544907	1.55187030676046	0.0160928341966982
0.363061173172823	-0.647260745407886	0.120377383116488	-2.19297215195885	0.0599894427597209	1.54909524060024	0.0125718207060991
0.359650466443281	-0.648987780339204	0.119911300518127	-2.19194525901814	0.0598015572382861	1.54633965345561	0.00903741934926972
0.356228723336139	-0.650702432353473	0.119440951372752	-2.19092560320062	0.0596107790808819	1.54360358379951	0.00548975750957877
0.352796051133603	-0.652404678006207	0.118966370679516	-2.18991319900218	0.0594171309782043	1.54088707010489	0.00192896257039474
0.349352557117881	-0.654094493852919	0.118487593437573	-2.18890806091873	0.0592206356209489	1.53819015084468	-0.00164483808491354
0.345898348571179	-0.655771856449122	0.118004654646075	-2.18791020344617	0.0590213156998116	1.53551286449184	-0.00523151707297754
0.342433532775705	-0.657436742350332	0.117517589304175	-2.1869196410804	0.0588191939054882	1.53285524951931	-0.00883094701042851
0.338958217013666	-0.659089128112061	0.117026432411026	-2.18593638831732	0.0586142929286744	1.53021734440004	-0.0124430005138979
0.33547250856727	-0.660728990289824	0.11653121896578	-2.18496045965284	0.0584066354600659	1.52759918760697	-0.016067550200017
0.331976514718724	-0.662356305439134	0.116031983967591	-2.18399186958285	0.0581962441903586	1.52500081761305	-0.0197044686854173
0.328470342750234	-0.663971050115505	0.115528762415612	-2.18303063260325	0.0579831418102483	1.52242227289122	-0.0233536285867299
0.324954099944009	-0.66557320087445	0.115021589308995	-2.18207676320996	0.0577673510104307	1.51986359191442	-0.0270149025205863
0.321427893582254	-0.667162734271485	0.114510499646893	-2.18113027589886	0.0575488944816016	1.51732481315561	-0.030688163103618
0.317891830947179	-0.668739626862121	0.11399552842846	-2.18019118516586	0.0573277949144567	1.51480597508773	-0.034373282952456
0.314346019320989	-0.670303855201874	0.113476710652847	-2.17925950550686	0.057104074999692	1.51230711618371	-0.038070134683732
0.310790565985893	-0.671855395846257	0.112954081319208	-2.17833525141777	0.056877757428003	1.50982827491652	-0.0417785909140771
0.307225578224097	-0.673394225350784	0.112427675426696	-2.17741843739448	0.0566488648900857	1.50736948975909	-0.0454985242601228
0.303651163317808	-0.674920320270968	0.111897527974464	-2.1765090779329	0.0564174200766358	1.50493079918436	-0.0492298073385003
0.300067428549234	-0.676433657162324	0.111363673961664	-2.17560718752892	0.056183445678349	1.50251224166529	-0.0529723127658413
0.296474481200583	-0.677934212580365	0.11082614838745	-2.17471278067845	0.0559469643859212	1.50011385567482	-0.0567259131587767
0.29287242855406	-0.679421963080605	0.110284986250973	-2.17382587187739	0.0557079988900481	1.4977356796859	-0.0604904811339381
0.289261377891875	-0.680896885218558	0.109740222551388	-2.17294647562164	0.0554665718814255	1.49537775217146	-0.0642658893079568
0.285641436496233	-0.682358955549737	0.109191892287847	-2.17207460640711	0.0552227060507492	1.49304011160445	-0.0680520102974642
0.282012711649342	-0.683808150629657	0.108640030459503	-2.17121027872969	0.0549764240887149	1.49072279645783	-0.0718487167190917
0.278375310633409	-0.685244447013831	0.108084672065508	-2.17035350708528	0.0547277486860185	1.48842584520453	-0.0756558811894704
0.274729340730642	-0.686667821257773	0.107525852105016	-2.16950430596979	0.0544767025333557	1.4861492963175	-0.079473376325232
0.271074909223248	-0.688078249916997	0.10696360557718	-2.16866268987911	0.0542233083214223	1.48389318826968	-0.0833010747430076
0.267412123393434	-0.689475709547016	0.106397967481152	-2.16782867330916	0.053967588740914	1.48165755953403	-0.0871388490594287
0.263741090523406	-0.690860176703345	0.105828972816085	-2.16700227075583	0.0537095664825267	1.47944244858348	-0.0909865718911264
0.260061917895374	-0.692231627941496	0.105256656581132	-2.16618349671502	0.0534492642369561	1.47724789389098	-0.0948441158547324
0.256374712791543	-0.693590039816985	0.104681053775446	-2.16537236568263	0.053186704694898	1.47507393392948	-0.0987113535668778
0.252679582494121	-0.694935388885325	0.10410219939818	-2.16456889215457	0.0529219105470482	1.47292060717192	-0.102588157644194
0.248976634285316	-0.696267651702029	0.103520128448487	-2.16377309062673	0.0526549044841024	1.47078795209124	-0.106474400703312
0.245265975447333	-0.697586804822612	0.102934875925519	-2.16298497559502	0.0523857091967564	1.46867600716039	-0.110369955360864
0.241547713262382	-0.698892824802586	0.10234647682843	-2.16220456155534	0.0521143473757061	1.46658481085233	-0.114274694233481
0.237821955012668	-0.700185688197467	0.101754966156372	-2.16143186300359	0.0518408417116472	1.46451440163998	-0.118188489937794
0.2340888079804	-0.701465371562768	0.101160378908499	-2.16066689443567	0.0515652148952753	1.4624648179963	-0.122111215090435
0.230348379447784	-0.702731851454002	0.100562750083962	-2.15990967034748	0.0512874896172865	1.46043609839423	-0.126042742308035
0.226600776697028	-0.703985104426683	0.0999621146819155	-2.15916020523493	0.0510076885683764	1.45842828130672	-0.129982944207225
0.222846107010338	-0.705225107036326	0.0993585077015118	-2.15841851359392	0.0507258344392408	1.45644140520672	-0.133931693404637
0.219084477669923	-0.706451835838443	0.0987519641419038	-2.15768460992034	0.0504419499205754	1.45447550856716	-0.137888862516901
0.215315995957989	-0.707665267388549	0.0981425190022443	-2.1569585087101	0.0501560577030761	1.45253062986099	-0.14185432416065
0.211540769156744	-0.708865378242158	0.0975302072816864	-2.15624022445909	0.0498681804774386	1.45060680756116	-0.145827950952515
0.207758904548395	-0.710052144954783	0.0969150639793827	-2.15552977166324	0.0495783409343587	1.44870408014062	-0.149809615509127
0.203970509415149	-0.711225544081939	0.0962971240944862	-2.15482716481842	0.0492865617645322	1.4468224860723	-0.153799190447117
0.200175691039213	-0.712385552179138	0.0956764226261499	-2.15413241842054	0.0489928656586549	1.44496206382916	-0.157796548383117
0.196374556702795	-0.713532145801895	0.0950529945735265	-2.15344554696552	0.0486972753074225	1.44312285188413	-0.161801561933758
0.192567213688101	-0.714665301505723	0.0944268749357689	-2.15276656494923	0.0483998134015308	1.44130488871017	-0.165814103715672
0.18875376927734	-0.715784995846137	0.09379809871203	-2.1520954868676	0.0481005026316757	1.43950821278022	-0.169834046345489
0.184934330752718	-0.71689120537865	0.0931667009014626	-2.15143232721652	0.0477993656885528	1.43773286256722	-0.173861262439842
0.181109005396442	-0.717983906658776	0.0925327165032197	-2.15077710049188	0.0474964252628579	1.43597887654413	-0.177895624615361
0.177277900490721	-0.719063076242029	0.0918961805164541	-2.1501298211896	0.0471917040452869	1.43424629318387	-0.181937005488678
0.17344112331776	-0.720128690683922	0.0912571279403188	-2.14949050380557	0.0468852247265354	1.43253515095941	-0.185985277676424
0.169598781159768	-0.721180726539969	0.0906155937739664	-2.1488591628357	0.0465770099972994	1.43084548834369	-0.190040313795231
0.165750981298951	-0.722219160365685	0.0899716130165501	-2.14823581277588	0.0462670825482745	1.42917734380964	-0.194101986461729
0.161897831017517	-0.723243968716582	0.0893252206672225	-2.14762046812202	0.0459554650701566	1.42753075583022	-0.198170168292551
0.158039437597673	-0.724255128148176	0.0886764517251366	-2.14701314337002	0.0456421802536413	1.42590576287837	-0.202244731904328
0.154175908321626	-0.725252615215979	0.0880253411894453	-2.14641385301578	0.0453272507894246	1.42430240342704	-0.206325549913691
0.150307350471584	-0.726236406475505	0.0873719240593014	-2.1458226115552	0.0450106993682021	1.42272071594916	-0.210412494937271
0.146433871329753	-0.727206478482268	0.0867162353338578	-2.14523943348419	0.0446925486806696	1.4211607389177	-0.2145054395917
0.142555578178341	-0.728162807791782	0.0860583100122674	-2.14466433329864	0.044372821417523	1.41962251080558	-0.218604256493608
0.138672578299556	-0.729105370959561	0.085398183093683	-2.14409732549445	0.044051540269458	1.41810607008577	-0.222708818259629
0.134784978975604	-0.730034144541118	0.0847358895772576	-2.14353842456753	0.0437287279271704	1.41661145523119	-0.226818997506392
0.130892887488693	-0.730949105091968	0.0840714644621439	-2.14298764501378	0.0434044070813559	1.4151387047148	-0.230934666850529
0.12699641112103	-0.731850229167623	0.083404942747495	-2.1424450013291	0.0430786004227104	1.41368785700955	-0.235055698908671
0.123095657154822	-0.732737493323599	0.0827363594324635	-2.14191050800939	0.0427513306419296	1.41225895058837	-0.23918196629745
0.119190732872276	-0.733610874115408	0.0820657495162026	-2.14138417955056	0.0424226204297092	1.41085202392421	-0.243313341633498
0.1152817455556	-0.734470348098565	0.0813931479978648	-2.14086603044849	0.0420924924767452	1.40946711549003	-0.247449697533445
0.111368802487001	-0.735315891828583	0.0807185898766033	-2.14035607519911	0.0417609694737331	1.40810426375875	-0.251590906613923
0.107452010948686	-0.736147481860977	0.0800421101515708	-2.1398543282983	0.0414280741113689	1.40676350720334	-0.255736841491563
0.103531478222862	-0.736965094751258	0.0793637438219202	-2.13936080424196	0.0410938290803483	1.40544488429673	-0.259887374782997
0.0996073115917372	-0.737768707054943	0.0786835258868044	-2.13887551752601	0.0407582570713671	1.40414843351186	-0.264042379104855
0.0956796183375181	-0.738558295327545	0.0780014913453762	-2.13839848264634	0.040421380775121	1.40287419332169	-0.26820172707377
0.091748505742412	-0.739333836124576	0.0773176751967886	-2.13792971409885	0.0400832228823059	1.40162220219916	-0.272365291306373
0.0878140810886265	-0.740095306001552	0.0766321124401944	-2.13746922637944	0.0397438060836175	1.40039249861722	-0.276532944419294
0.0838764516583684	-0.740842681513985	0.0759448380747465	-2.13701703398402	0.0394031530697515	1.3991851210488	-0.280704559029166
0.0799357247338452	-0.741575939217391	0.0752558870995977	-2.13657315140849	0.0390612865314038	1.39800010796686	-0.28488000775262
0.075992007597264	-0.742295055667281	0.0745652945139009	-2.13613759314874	0.0387182291592702	1.39683749784434	-0.289059163206286
0.0720454075308322	-0.743000007419171	0.0738730953168091	-2.13571037370068	0.0383740036440464	1.39569732915418	-0.293241898006797
0.068096031816757	-0.743690771028574	0.073179324507475	-2.13529150756021	0.0380286326764281	1.39457964036933	-0.297428084770784
0.0641439877372455	-0.744367323051004	0.0724840170850516	-2.13488100922324	0.0376821389471113	1.39348446996274	-0.301617596114878
0.060189382574505	-0.745029640041974	0.0717872080486917	-2.13447889318565	0.0373345451467916	1.39241185640735	-0.30581030465571
0.0562323236107429	-0.745677698556999	0.0710889323975481	-2.13408517394337	0.0369858739661648	1.39136183817611	-0.310006083009912
0.0522729181281663	-0.746311475151593	0.0703892251307739	-2.13369986599227	0.0366361480959268	1.39033445374196	-0.314204803794116
0.0483112734089823	-0.746930946381268	0.0696881212475217	-2.13332298382828	0.0362853902267732	1.38932974157784	-0.318406339624951
0.0443474967353986	-0.747536088801539	0.0689856557469447	-2.13295454194728	0.0359336230493999	1.38834774015671	-0.322610563119051
0.040381695389622	-0.74812687896792	0.0682818636281955	-2.13259455484519	0.0355808692545026	1.3873884879515	-0.326817346893046
0.0364139766538597	-0.748703293435924	0.067576779890427	-2.13224303701789	0.0352271515327772	1.38645202343516	-0.331026563563567
0.0324444478103193	-0.749265308761066	0.0668704395327922	-2.1319000029613	0.0348724925749193	1.38553838508064	-0.335238085747247
0.028473216141208	-0.749812901498858	0.0661628775544439	-2.13156546717131	0.0345169150716248	1.38464761136089	-0.339451786060715
0.0245003889287327	-0.750346048204816	0.065454128954535	-2.13123944414383	0.0341604417135895	1.38377974074884	-0.343667537120604
0.020526073455101	-0.750864725434451	0.0647442287322183	-2.13092194837475	0.0338030951915091	1.38293481171744	-0.347885211543545
0.0165503770025198	-0.75136890974328	0.0640332118866467	-2.13061299435998	0.0334448981960794	1.38211286273964	-0.35210468194617
0.0125734068531968	-0.751858577686815	0.0633211134169732	-2.13031259659542	0.0330858734179962	1.38131393228838	-0.356325820945109
0.00859527028933879	-0.752333705820569	0.0626079683223505	-2.13002076957698	0.0327260435479552	1.38053805883662	-0.360548501156994
0.00461607459315319	-0.752794270700058	0.0618938116019316	-2.12973752780054	0.0323654312766523	1.37978528085728	-0.364772595198457
0.000635927046847368	-0.753240248880794	0.0611786782548693	-2.12946288576202	0.0320040592947832	1.37905563682333	-0.368997975686128
-0.00334506506737153	-0.753671616918292	0.0604626032803165	-2.12919685795731	0.0316419502930437	1.3783491652077	-0.37322451523664
-0.00732679446729642	-0.754088351368065	0.0597456216774261	-2.12893945888232	0.0312791269621295	1.37766590448333	-0.377452086466623
-0.0113091538707199	-0.754490428785626	0.0590277684453509	-2.12869070303295	0.0309156119927365	1.37700589312319	-0.381680561992708
-0.0152920359954347	-0.754877825726491	0.0583090785832438	-2.1284506049051	0.0305514280755604	1.3763691696002	-0.385909814431528
-0.0192753335592336	-0.755250518746173	0.0575895870902578	-2.12821917899466	0.0301865979012971	1.37575577238731	-0.390139716399713
-0.0232589392799095	-0.755608484400184	0.0568693289655455	-2.12799643979755	0.0298211441606422	1.37516573995748	-0.394370140513896
-0.0272427458752551	-0.75595169924404	0.05614833920826	-2.12778240180967	0.0294550895442915	1.37459911078364	-0.398600959390706
-0.0312266460630629	-0.756280139833254	0.0554266528175542	-2.1275770795269	0.029088456742941	1.37405592333874	-0.402832045646776
-0.035210532561126	-0.75659378272334	0.0547043047925807	-2.12738048744517	0.0287212684472862	1.37353621609573	-0.407063271898736
-0.039194298087237	-0.756892604469811	0.0539813301324927	-2.12719264006036	0.028353547348023	1.37304002752754	-0.41129451076322
-0.0431778353591886	-0.757176581628182	0.0532577638364429	-2.12701355186838	0.0279853161358472	1.37256739610714	-0.415525634856856
-0.0471610370947739	-0.757445690753966	0.0525336409035842	-2.12684323736512	0.0276165975014545	1.37211836030745	-0.419756516796278
-0.0511437960117853	-0.757699908402677	0.0518089963330695	-2.12668171104651	0.0272474141355407	1.37169295860143	-0.423987029198116
-0.0551260048280156	-0.757939211129829	0.0510838651240516	-2.12652898740842	0.0268777887288017	1.37129122946202	-0.428217044679002
-0.0591075562612575	-0.758163575490935	0.0503582822756835	-2.12638508094677	0.0265077439719331	1.37091321136217	-0.432446435855566
-0.0630883430293041	-0.75837297804151	0.0496322827871179	-2.12625000615745	0.0261373025556308	1.37055894277482	-0.436675075344441
-0.0670682578499479	-0.758567395337067	0.0489059016575078	-2.12612377753637	0.0257664871705905	1.37022846217292	-0.440902835762258
-0.0710471934409816	-0.75874680393312	0.048179173886006	-2.12600640957943	0.025395320507508	1.36992180802941	-0.445129589725648
-0.075025042520198	-0.758911180385182	0.0474521344717655	-2.12589791678253	0.0250238252570792	1.36963901881723	-0.449355209851242
-0.07900169780539	-0.759060501248769	0.0467248184139391	-2.12579831364157	0.0246520241099996	1.36938013300934	-0.453579568755672
-0.0829770520143503	-0.759194743079392	0.0459972607116796	-2.12570761465245	0.0242799397569653	1.36914518907868	-0.457802539055569
-0.0869509978648716	-0.759313882432567	0.04526949636414	-2.12562583431108	0.0239075948886718	1.36893422549819	-0.462023993367565
-0.0909234280747468	-0.759417895863807	0.044541560370473	-2.12555298711335	0.023535012195815	1.36874728074082	-0.46624380430829
-0.0948942353617683	-0.759506759928626	0.0438134877298317	-2.12548908755516	0.0231622143690908	1.36858439327951	-0.470461844494377
-0.0988633124437295	-0.759580451182537	0.0430853134413688	-2.12543415013243	0.0227892240991947	1.36844560158721	-0.474677986542456
-0.102830552038423	-0.759638946181054	0.0423570725042373	-2.12538818934104	0.0224160640768227	1.36833094413686	-0.478892103069159
-0.10679584686364	-0.759682221479692	0.0416287999175899	-2.12535121967691	0.0220427569926705	1.36824045940141	-0.483104066691117
-0.110759089637176	-0.759710253633964	0.0409005306805797	-2.12532325563592	0.0216693255374339	1.36817418585381	-0.487313750024962
-0.114720173076822	-0.759723019199383	0.0401722997923594	-2.12530431171399	0.0212957924018087	1.368132161967	-0.491521025687325
-0.11867898990037	-0.759720494731464	0.0394441422520818	-2.12529440240702	0.0209221802764906	1.36811442621392	-0.495725766294838
-0.122635432825615	-0.759702656785721	0.0387160930589001	-2.1252935422109	0.0205485118521754	1.36812101706752	-0.49992784446413
-0.126589394570349	-0.759669481917666	0.0379881872119668	-2.12530174562154	0.0201748098195589	1.36815197300074	-0.504127132811835
-0.130540767852363	-0.759620946682815	0.037260459710435	-2.12531902713484	0.0198010968693369	1.36820733248654	-0.508323503954583
-0.134489445389452	-0.75955702763668	0.0365329455534576	-2.1253454012467	0.0194273956922052	1.36828713399785	-0.512516830509007
-0.138435319899408	-0.759477701334776	0.0358056797401873	-2.12538088245302	0.0190537289788595	1.36839141600762	-0.516706985091735
-0.142378284100024	-0.759382944332616	0.0350786972697771	-2.1254254852497	0.0186801194199955	1.36852021698879	-0.520893840319402
-0.146318230709091	-0.759272733185715	0.0343520331413799	-2.12547922413264	0.0183065897063092	1.36867357541432	-0.525077268808637
-0.150255052444404	-0.759147044449585	0.0336257223541484	-2.12554211359776	0.0179331625284962	1.36885152975715	-0.529257143176072
-0.154188642023755	-0.759005854679741	0.0328997999072357	-2.12561416814094	0.0175598605772524	1.36905411849021	-0.533433336038339
-0.158118892164937	-0.758849140431696	0.0321743007997945	-2.12569540225808	0.0171867065432735	1.36928138008646	-0.537605720012069
-0.162045695585742	-0.758676878260965	0.0314492600309777	-2.1257858304451	0.0168137231172552	1.36953335301884	-0.541774167713893
-0.165968945003963	-0.758489044723061	0.0307247125999382	-2.12588546719789	0.0164409329898935	1.3698100757603	-0.545938551760442
-0.169888533137394	-0.758285616373498	0.0300006935058289	-2.12599432701235	0.016068358851884	1.37011158678379	-0.550098744768348
-0.173804352703826	-0.75806656976779	0.0292772377478027	-2.12611242438439	0.0156960233939225	1.37043792456224	-0.554254619354243
-0.177716296421052	-0.75783188146145	0.0285543803250124	-2.1262397738099	0.0153239493067048	1.3707891275686	-0.558406048134757
-0.181624257006866	-0.757581528009992	0.0278321562366109	-2.12637638978479	0.0149521592809267	1.37116523427582	-0.562552903726521
-0.18552812717906	-0.757315485968931	0.0271106004817511	-2.12652228680495	0.014580676007284	1.37156628315684	-0.566695058746169
-0.189427799655426	-0.75703373189378	0.0263897480595857	-2.1266774793663	0.0142095221764724	1.37199231268461	-0.57083238581033
-0.193323167153758	-0.756736242340052	0.0256696339692678	-2.12684198196472	0.0138387204791877	1.37244336133207	-0.574964757535636
-0.197214122391848	-0.756422993863262	0.0249502932099503	-2.12701580909613	0.0134682936061257	1.37291946757217	-0.579092046538718
-0.20110055808749	-0.756093963018923	0.0242317607807859	-2.12719897525642	0.0130982642479822	1.37342066987786	-0.583214125436208
-0.204982366958475	-0.755749126362549	0.0235140716809275	-2.1273914949415	0.0127286550954529	1.37394700672207	-0.587330866844737
-0.208859441722596	-0.755388460449654	0.0227972609095281	-2.12759338264726	0.0123594888392336	1.37449851657776	-0.591442143380936
-0.212731675097647	-0.755011941835752	0.0220813634657404	-2.12780465286961	0.0119907881700202	1.37507523791787	-0.595547827661438
-0.21659895980142	-0.754619547076357	0.0213664143487174	-2.12802532010445	0.0116225757785083	1.37567720921534	-0.599647792302872
-0.220461188551708	-0.754211252726982	0.020652448557612	-2.12825539884768	0.0112548743553938	1.37630446894312	-0.603741909921871
-0.224318254066304	-0.75378703534314	0.0199395010915769	-2.1284949035952	0.0108877065913724	1.37695705557416	-0.607830053135065
-0.228170049062999	-0.753346871480347	0.0192276069497651	-2.12874384884291	0.01052109517714	1.3776350075814	-0.611912094559087
-0.232016466259588	-0.752890737694115	0.0185168011313295	-2.12900224908672	0.0101550628033922	1.37833836343778	-0.615987906810567
-0.235857398373863	-0.752418610539959	0.0178071186354229	-2.12927011882252	0.00978963216082488	1.37906716161625	-0.620057362506137
-0.239692738123616	-0.751930466573392	0.0170985944611982	-2.12954747254622	0.00942482594013383	1.37982144058976	-0.624120334262429
-0.243522378226641	-0.751426282349928	0.0163912636078083	-2.12983432475372	0.00906066683201477	1.38060123883125	-0.628176694696073
-0.24734621140073	-0.750906034425082	0.015685161074406	-2.13013068994092	0.00869717752716355	1.38140659481366	-0.632226316423701
-0.251164130363676	-0.750369699354365	0.0149803218601442	-2.13043658260372	0.00833438071627585	1.38223754700995	-0.636269072061944
-0.254976027833271	-0.749817253693294	0.0142767809641759	-2.13075201723803	0.00797229909004758	1.38309413389305	-0.640304834227433
-0.258781796527309	-0.74924867399738	0.0135745733856538	-2.13107700833974	0.00761095533917437	1.38397639393591	-0.644333475536801
-0.262581329163582	-0.748663936822139	0.0128737341237309	-2.13141157040475	0.00725037215435211	1.38488436561148	-0.648354868606678
-0.266374518459883	-0.748063018723084	0.0121742981775599	-2.13175571792897	0.00689057222627655	1.3858180873927	-0.652368886053696
-0.270161257134005	-0.747445896255728	0.0114763005462939	-2.1321094654083	0.00653157824564343	1.38677759775252	-0.656375400494486
-0.27394143790374	-0.746812545975585	0.0107797762290855	-2.13247282733863	0.00617341290314853	1.38776293516388	-0.660374284545679
-0.277714953486882	-0.746162944438171	0.0100847602250879	-2.13284581821588	0.00581609888948767	1.38877413809973	-0.664365410823907
-0.281481696601222	-0.745497068198997	0.00939128753345383	-2.13322845253594	0.00545965889535663	1.38981124503302	-0.668348651945801
-0.285241559964554	-0.744814893813577	0.00869939315333605	-2.13362074479472	0.00510411561145113	1.39087429443667	-0.672323880527993
-0.28899443629467	-0.744116397837427	0.00800911208388765	-2.13402270948811	0.00474949172846707	1.39196332478366	-0.676290969187113
-0.292740218309364	-0.743401556826059	0.00732047932426121	-2.13443436111201	0.00439580993710005	1.39307837454691	-0.680249790539793
-0.296478798726428	-0.742670347334987	0.00663352987360991	-2.13485571416233	0.00404309292804597	1.39421948219937	-0.684200217202666
-0.300210070263654	-0.741922745919726	0.00594829873108638	-2.13528678313498	0.00369136339200055	1.395386686214	-0.68814212179236
-0.303933925638837	-0.741158729135788	0.00526482089584365	-2.13572758252584	0.0033406440196596	1.39658002506372	-0.692075376925509
-0.307650257569767	-0.740378273538688	0.00458313136703449	-2.13617812683082	0.00299095750171889	1.3977995372215	-0.695999855218744
-0.311358958774238	-0.739581355683939	0.00390326514381192	-2.13663843054583	0.00264232652887422	1.39904526116027	-0.699915429288696
-0.315059921970043	-0.738767952127056	0.00322525722532868	-2.13710850816676	0.00229477379182134	1.40031723535298	-0.703821971751995
-0.318753039874975	-0.737938039423552	0.0025491426107377	-2.13758837418952	0.00194832198125604	1.40161549827258	-0.707719355225275
-0.322438205206826	-0.73709159412894	0.00187495629919177	-2.13807804311001	0.00160299378787405	1.402940088392	-0.711607452325165
-0.326115310683389	-0.736228592798735	0.0012027332898439	-2.13857752942412	0.0012588119023712	1.4042910441842	-0.715486135668298
-0.329784249022457	-0.73534901198845	0.000532508581846919	-2.13908684762776	0.000915799015443294	1.40566840412212	-0.719355277871305
-0.333444912941823	-0.7344528282536	-0.000135682825646466	-2.13960601221684	0.000573977817786009	1.40707220667871	-0.723214751550816
-0.337097195159278	-0.733540018149698	-0.000801805933483113	-2.14013503768725	0.000233371000095253	1.4085024903269	-0.727064429323464
-0.340740988392617	-0.732610558232258	-0.00146582574251031	-2.14067393853489	-0.000105998746933317	1.40995929353965	-0.730904183805879
-0.344376185359632	-0.731664425056793	-0.00212770725357514	-2.14122272925567	-0.000444108732603823	1.41144265478991	-0.734733887614694
-0.348002678778116	-0.730701595178817	-0.00278741546752478	-2.14178142434548	-0.000780936266220611	1.41295261255061	-0.738553413366539
-0.351620361365861	-0.729722045153846	-0.00344491538520628	-2.14235003830024	-0.00111645865708775	1.4144892052947	-0.742362633678046
-0.35522912584066	-0.728725751537391	-0.00410017200746676	-2.14292858561583	-0.00145065321450959	1.41605247149512	-0.746161421165846
-0.358828864920306	-0.727712690884966	-0.00475315033515344	-2.14351708078816	-0.00178349724779028	1.41764244962483	-0.749949648446571
-0.362419471322591	-0.726682839752087	-0.00540381536911339	-2.14411553831314	-0.00211496806623403	1.41925917815677	-0.753727188136851
-0.366000837765309	-0.725636174694266	-0.00605213211019376	-2.14472397268666	-0.00244504297914522	1.42090269556388	-0.757493912853319
-0.369572856966252	-0.724572672267016	-0.0066980655592416	-2.14534239840462	-0.00277369929582781	1.4225730403191	-0.761249695212605
-0.373135421643213	-0.723492309025853	-0.00734158071710414	-2.14597082996294	-0.00310091432558622	1.42427025089539	-0.764994407831341
-0.376688424513985	-0.72239506152629	-0.00798264258462841	-2.14660928185749	-0.00342666537772462	1.42599436576569	-0.768727923326158
-0.38023175829636	-0.721280906323841	-0.0086212161626617	-2.1472577685842	-0.00375092976154727	1.42774542340294	-0.772450114313688
-0.383765315708132	-0.720149819974019	-0.00925726645205097	-2.14791630463896	-0.00407368478635831	1.42952346228009	-0.776160853410562
-0.387288989467092	-0.719001779032338	-0.0098907584536434	-2.14858490451767	-0.00439490776146204	1.43132852087008	-0.779860013233411
-0.390802672291034	-0.717836760054312	-0.0105216571682861	-2.14926358271624	-0.00471457599616261	1.43316063764586	-0.783547466398867
-0.394306256897751	-0.716654739595455	-0.0111499275968262	-2.14995235373056	-0.00503266679976427	1.43501985108037	-0.787223085523561
-0.397799636005035	-0.71545569421128	-0.0117755347401109	-2.15065123205653	-0.00534915748157126	1.43690619964656	-0.790886743224124
-0.401282702330679	-0.714239600457302	-0.0123984435989872	-2.15136023219006	-0.00566402535088784	1.43881972181738	-0.794538312117188
-0.404755348592475	-0.713006434889034	-0.0130186191743023	-2.15207936862705	-0.0059772477170181	1.44076045606576	-0.798177664819384
-0.408217467508218	-0.71175617406199	-0.0136360264669033	-2.15280865586341	-0.00628880188926641	1.44272844086466	-0.801804673947344
-0.411668951795698	-0.710488794531684	-0.0142506304776375	-2.15354810839502	-0.00659866517693694	1.44472371468702	-0.805419212117698
-0.41510969417271	-0.709204272853629	-0.0148623962073517	-2.15429774071779	-0.0069068148893339	1.44674631600579	-0.809021151947078
-0.418539587357045	-0.70790258558334	-0.0154712886568933	-2.15505756732763	-0.00721322833576145	1.4487962832939	-0.812610366052116
-0.421958524066497	-0.70658370927633	-0.0160772728271093	-2.15582760272044	-0.00751788282552392	1.45087365502431	-0.816186727049443
-0.425366397018858	-0.705247620488113	-0.0166803137188468	-2.15660786139211	-0.00782075566792549	1.45297846966997	-0.81975010755569
-0.428763098931921	-0.703894295774203	-0.017280376332953	-2.15739835783855	-0.00812182417227039	1.4551107657038	-0.823300380187488
-0.432148522523479	-0.702523711690113	-0.0178774256702751	-2.15819910655566	-0.00842106564786285	1.45727058159877	-0.82683741756147
-0.435522560511325	-0.701135844791358	-0.01847142673166	-2.15901012203935	-0.00871845740400708	1.45945795582781	-0.830361092294265
-0.438885105613251	-0.699730671633451	-0.019062344517955	-2.1598314187855	-0.00901397675000727	1.46167292686388	-0.833871277002506
-0.44223605054705	-0.698308168771906	-0.0196501440300073	-2.16066301129003	-0.0093076009951677	1.46391553317991	-0.837367844302825
-0.445575288030515	-0.696868312762236	-0.0202347902686637	-2.16150491404883	-0.00959930744879252	1.46618581324885	-0.840850666811851
-0.448902710781439	-0.695411080159956	-0.0208162482347717	-2.16235714155781	-0.00988907342018606	1.46848380554365	-0.844319617146217
-0.452218211517614	-0.69393644752058	-0.0213944829291782	-2.16321970831287	-0.0101768762186525	1.47080954853726	-0.847774567922554
-0.455521682956833	-0.692444391399621	-0.0219694593527305	-2.1640926288099	-0.0104626931534959	1.47316308070261	-0.851215391757494
-0.458813017816889	-0.690934888352592	-0.0225411425062755	-2.16497591754482	-0.0107465015340208	1.47554444051265	-0.854641961267667
-0.462092108815575	-0.689407914935009	-0.0231094973906605	-2.16586958901352	-0.0110282786695311	1.47795366644033	-0.858054149069706
-0.465358848670683	-0.687863447702384	-0.0236744890067325	-2.16677365771191	-0.0113080018693312	1.48039079695859	-0.86145182778024
-0.468613130100006	-0.686301463210231	-0.0242360823553388	-2.16768813813587	-0.0115856484427254	1.48285587054038	-0.864834870015902
-0.471854845821337	-0.684721938014064	-0.0247942424373264	-2.16861304478133	-0.0118611956990178	1.48534892565865	-0.868203148393324
-0.47508388855247	-0.683124848669398	-0.0253489342535424	-2.16954839214417	-0.0121346209475126	1.48787000078633	-0.871556535529136
-0.478300151011195	-0.681510171731745	-0.025900122804834	-2.1704941947203	-0.012405901497514	1.49041913439638	-0.87489490403997
-0.481503525915307	-0.67987788375662	-0.0264477730920483	-2.17145046700562	-0.0126750146583264	1.49299636496173	-0.878218126542457
-0.484693905982597	-0.678227961299535	-0.0269918501160324	-2.17241722349603	-0.0129419377392537	1.49560173095534	-0.881526075653229
-0.487871183930859	-0.676560380916007	-0.0275323188776335	-2.17339447868744	-0.0132066480496005	1.49823527085015	-0.884818623988916
-0.491035252477886	-0.674875119161547	-0.0280691443776987	-2.17438224707574	-0.0134691228986709	1.5008970231191	-0.888095644166151
-0.49418600434147	-0.67317215259167	-0.0286022916170751	-2.17538054315683	-0.0137293395957689	1.50358702623514	-0.891357008801564
-0.497323332239405	-0.671451457761889	-0.0291317255966099	-2.17638938142663	-0.013987275450199	1.50630531867122	-0.894602590511787
-0.500447128889481	-0.669713011227719	-0.0296574113171501	-2.17740877638102	-0.0142429077712653	1.50905193890028	-0.897832261913452
-0.503557287009494	-0.667956789544672	-0.0301793137795429	-2.17843874251591	-0.0144962138682721	1.51182692539526	-0.901045895623189
-0.506653699317235	-0.666182769268264	-0.0306973979846354	-2.1794792943272	-0.0147471710505235	1.51463031662911	-0.90424336425763
-0.509736258530496	-0.664390926954007	-0.0312116289332747	-2.1805304463108	-0.0149957566273238	1.51746215107478	-0.907424540433407
-0.512804857367072	-0.662581239157417	-0.031721971626308	-2.18159221296259	-0.0152419479079772	1.52032246720521	-0.91058929676715
-0.515859388544754	-0.660753682434005	-0.0322283910645824	-2.1826646087785	-0.0154857222017879	1.52321130349335	-0.913737505875491
-0.518899744781335	-0.658908233339286	-0.0327308522489451	-2.18374764825441	-0.0157270568180602	1.52612869841213	-0.916869040375062
-0.521925818794608	-0.657044868428774	-0.033229320180243	-2.18484134588623	-0.0159659290660983	1.52907469043452	-0.919983772882493
-0.524937503302367	-0.655163564257983	-0.0337237598593236	-2.18594571616986	-0.0162023162552063	1.53204931803344	-0.923081576014417
-0.527934691022403	-0.653264297382427	-0.0342141362870336	-2.1870607736012	-0.0164361956946886	1.53505261968185	-0.926162322387464
-0.530917274672509	-0.651347044357619	-0.0347004144642204	-2.18818653267615	-0.0166675446938493	1.5380846338527	-0.929225884618266
-0.533885146970479	-0.649411781739073	-0.0351825593917311	-2.18932300789061	-0.0168963405619927	1.54114539901892	-0.932272135323454
-0.536838200634104	-0.647458486082302	-0.0356605360704127	-2.19047021374049	-0.0171225606084229	1.54423495365346	-0.935300947119659
-0.539776328381178	-0.645487133942822	-0.0361343095011125	-2.19162816472169	-0.0173461821424443	1.54735333622927	-0.938312192623514
-0.542699422929493	-0.643497701876145	-0.0366038446846774	-2.1927968753301	-0.017567182473361	1.5505005852193	-0.941305744451648
-0.545607376996842	-0.641490166437785	-0.0370691066219548	-2.19397636006163	-0.0177855389104772	1.55367673909648	-0.944281475220694
-0.548500083301019	-0.639464504183257	-0.0375300603137916	-2.19516663341219	-0.0180012287630973	1.55688183633376	-0.947239257547284
-0.551377434559814	-0.637420691668073	-0.0379866707610351	-2.19636770987766	-0.0182142293405254	1.56011591540409	-0.950178964048047
-0.554239323491023	-0.635358705447748	-0.0384389029645323	-2.19757960395396	-0.0184245179520656	1.56337901478042	-0.953100467339616
-0.557085642812436	-0.633278522077796	-0.0388867219251303	-2.19880233013698	-0.0186320719070223	1.56667117293569	-0.956003640038622
-0.559916285241848	-0.63118011811373	-0.0393300926436764	-2.20003590292263	-0.0188368685146997	1.56999242834283	-0.958888354761696
-0.56273114349705	-0.629063470111063	-0.0397689801210175	-2.20128033680681	-0.019038885084402	1.57334281947481	-0.96175448412547
-0.565530110295836	-0.626928554625311	-0.0402033493580011	-2.20253564628541	-0.0192380989254334	1.57672238480457	-0.964601900746576
-0.568313078355998	-0.624775348211986	-0.0406331653554738	-2.20380184585434	-0.0194344873470981	1.58013116280504	-0.967430477241643
-0.571079940395329	-0.622603827426603	-0.0410583931142831	-2.20507895000951	-0.0196280276587004	1.58356919194917	-0.970240086227305
-0.573830589131621	-0.620413968824676	-0.041478997635276	-2.20636697324681	-0.0198186971695444	1.58703651070992	-0.973030600320191
-0.576564917282668	-0.618205748961717	-0.0418949439192997	-2.20766593006214	-0.0200064731889345	1.59053315756022	-0.975801892136933
-0.579282817566262	-0.615979144393241	-0.0423061969672012	-2.20897583495141	-0.0201913330261747	1.59405917097302	-0.978553834294164
-0.581984182700197	-0.613734131674761	-0.0427127217798279	-2.21029670241051	-0.0203732539905695	1.59761458942127	-0.981286299408514
-0.584668905402264	-0.611470687361793	-0.0431144833580266	-2.21162854693535	-0.0205522133914228	1.60119945137791	-0.983999160096614
-0.587336878390257	-0.609188788009848	-0.0435114467026446	-2.21297138302184	-0.0207281885380391	1.60481379531589	-0.986692288975096
-0.589987994381968	-0.606888410174442	-0.0439035768145289	-2.21432522516586	-0.0209011567397225	1.60845765970814	-0.989365558660592
-0.59262214609519	-0.604569530411087	-0.0442908386945268	-2.21569008786332	-0.0210710953057772	1.61213108302762	-0.992018841769731
-0.595239226247716	-0.602232125275298	-0.0446731973434853	-2.21706598561013	-0.0212379815455076	1.61583410374727	-0.994652010919147
-0.597839127557338	-0.599876171322589	-0.0450506177622517	-2.21845293290219	-0.0214017927682177	1.61956676034004	-0.997264938725471
-0.60042174274185	-0.597501645108472	-0.0454230649516728	-2.21985094423539	-0.0215625062832117	1.62332909127888	-0.999857497805332
-0.602986964519043	-0.595108523188463	-0.0457905039125959	-2.22126003410564	-0.021720099399794	1.62712113503671	-1.00242956077536
-0.605534685606712	-0.592696782118075	-0.0461528996458684	-2.22268021700883	-0.0218745494272688	1.63094293008651	-1.0049810002522
-0.608064798722648	-0.590266398452821	-0.0465102171523369	-2.22411150744088	-0.0220258336749402	1.63479451490119	-1.00751168885246
-0.610577196584645	-0.587817348748216	-0.046862421432849	-2.22555391989768	-0.0221739294521126	1.63867592795373	-1.01002149919279
-0.613071771910495	-0.585349609559773	-0.0472094774882515	-2.22700746887513	-0.02231881406809	1.64258720771704	-1.01251030388982
-0.61554841741799	-0.582863157443006	-0.0475513503193917	-2.22847216886914	-0.0224604648321768	1.6465283926641	-1.01497797556017
-0.618007025824924	-0.580357968953429	-0.0478880049271166	-2.2299480343756	-0.0225988590536771	1.65049952126783	-1.01742438682048
-0.62044748984909	-0.577834020646555	-0.0482194063122737	-2.23143507989042	-0.0227339740418953	1.65450063200118	-1.01984941028738
-0.62286970220828	-0.575291289077899	-0.0485455194757095	-2.2329333199095	-0.0228657871061354	1.6585317633371	-1.0222529185775
-0.625273555620286	-0.572729750802974	-0.0488663094182716	-2.23444276892874	-0.0229942755557017	1.66259295374854	-1.02463478430747
-0.627658942802903	-0.570149382377294	-0.0491817411408069	-2.23596344144404	-0.0231194166998986	1.66668424170843	-1.02699488009393
-0.630025756473921	-0.567550160356373	-0.0494917796441627	-2.23749535195131	-0.0232411878480301	1.67080566568973	-1.0293330785535
-0.632373889351135	-0.564932061295725	-0.0497963899291859	-2.23903851494644	-0.0233595663094004	1.67495726416538	-1.03164925230281
-0.634703234152337	-0.562295061750863	-0.050095536996724	-2.24059294492533	-0.023474529393314	1.67913907560832	-1.03394327395851
-0.63701368359532	-0.559639138277301	-0.0503891858476238	-2.24215865638389	-0.0235860544090748	1.68335113849151	-1.03621501613721
-0.639305130397876	-0.556964267430553	-0.0506773014827324	-2.24373566381802	-0.0236941186659871	1.68759349128788	-1.03846435145556
-0.641577467277798	-0.554270425766133	-0.0509598489028972	-2.24532398172362	-0.0237986994733553	1.69186617247037	-1.04069115253017
-0.643830586952879	-0.551557589839555	-0.0512367931089651	-2.24692362459659	-0.0238997741404836	1.69616922051195	-1.04289529197769
-0.646064382140912	-0.548825736206332	-0.0515080991017833	-2.24853460693283	-0.023997319976676	1.70050267388554	-1.04507664241474
-0.64827874555969	-0.546074841421978	-0.0517737318821989	-2.25015694322824	-0.0240913142912368	1.7048665710641	-1.04723507645796
-0.650473569927004	-0.543304882042008	-0.0520336564510591	-2.25179064797874	-0.0241817343934704	1.70926095052057	-1.04937046672397
-0.652648747960649	-0.540515834621934	-0.052287837809211	-2.2534357356802	-0.0242685575926809	1.7136858507279	-1.05148268582942
-0.654804172378417	-0.537707675717271	-0.0525362409575016	-2.25509222082855	-0.0243517611981725	1.71814131015903	-1.05357160639092
-0.6569397358981	-0.534880381883532	-0.0527788308967782	-2.25676011791967	-0.0244313225192494	1.7226273672869	-1.05563710102512
-0.659055331237491	-0.532033929676231	-0.0530155726278879	-2.25843944144948	-0.0245072188652159	1.72714406058447	-1.05767904234863
-0.661150851114383	-0.529168295650882	-0.0532464311516778	-2.26013020591386	-0.0245794275453761	1.73169142852467	-1.0596973029781
-0.663226188246569	-0.526283456362999	-0.0534713714689948	-2.26183242580873	-0.0246479258690344	1.73626950958046	-1.06169175553016
-0.665281235351842	-0.523379388368096	-0.0536903585806865	-2.26354611562999	-0.0247126911454949	1.74087834222477	-1.06366227262143
-0.667315885147994	-0.520456068221686	-0.0539033574875996	-2.26527128987353	-0.0247737006840619	1.74551796493056	-1.06560872686855
-0.669330030352818	-0.517513472479283	-0.0541103331905815	-2.26700796303526	-0.0248309317940396	1.75018841617076	-1.06753099088815
-0.671323563684108	-0.514551577696401	-0.0543112506904792	-2.26875614961108	-0.0248843617847322	1.75488973441833	-1.06942893729686
-0.673296377859654	-0.511570360428554	-0.0545060749881398	-2.27051586409688	-0.0249339679654438	1.7596219581462	-1.07130243871131
-0.675248365597251	-0.508569797231256	-0.0546947710844104	-2.27228712098858	-0.0249797276454789	1.76438512582733	-1.07315136774814
-0.677179419614691	-0.505549864660019	-0.0548773039801383	-2.27406993478208	-0.0250216181341415	1.76917927593466	-1.07497559702397
-0.679089432629767	-0.50251053927036	-0.0550536386761705	-2.27586431997326	-0.0250596167407358	1.77400444694113	-1.07677499915543
-0.680978297360271	-0.49945179761779	-0.0552237401733541	-2.27767029105804	-0.0250937007745662	1.77886067731969	-1.07854944675916
-0.682845906523997	-0.496373616257823	-0.0553875734725364	-2.27948786253232	-0.0251238475449369	1.78374800554328	-1.0802988124518
-0.684692152838738	-0.493275971745975	-0.0555451035745643	-2.281317048892	-0.025150034361152	1.78866647008485	-1.08202296884996
-0.686516929022285	-0.490158840637758	-0.055696295480285	-2.28315786463298	-0.0251722385325157	1.79361610941735	-1.08372178857028
-0.688320127792431	-0.487022199488686	-0.0558411141905457	-2.28501032425116	-0.0251904373683324	1.79859696201372	-1.0853951442294
-0.690101641866971	-0.483866024854272	-0.0559795247061936	-2.28687444224244	-0.0252046081779062	1.8036090663469	-1.08704290844394
-0.691861363963695	-0.480690293290032	-0.0561114920280755	-2.28875023310272	-0.0252147282705413	1.80865246088984	-1.08866495383053
-0.693599186800397	-0.477494981351478	-0.0562369811570389	-2.29063771132791	-0.025220774955542	1.81372718411548	-1.09026115300581
-0.69531500309487	-0.474280065594125	-0.0563559570939308	-2.29253689141391	-0.0252227255422126	1.81883327449678	-1.09183137858641
-0.697008705564907	-0.471045522573486	-0.0564683848395981	-2.29444778785661	-0.0252205573398571	1.82397077050667	-1.09337550318896
-0.698680186928299	-0.467791328845074	-0.0565742293948882	-2.29637041515193	-0.0252142476577799	1.82913971061811	-1.09489339943009
-0.700329339902841	-0.464517460964404	-0.0566734557606482	-2.29830478779575	-0.0252037738052851	1.83434013330403	-1.09638493992643
-0.701956057206324	-0.46122389548699	-0.0567660289377249	-2.30025092028399	-0.025189113091677	1.83957207703738	-1.09784999729462
-0.703560231556542	-0.457910608968346	-0.0568519139269661	-2.30220882711254	-0.0251702428262598	1.84483558029111	-1.09928844415128
-0.705141755671287	-0.454577577963984	-0.0569310757292182	-2.30417852277731	-0.0251471403183377	1.85013068153816	-1.10070015311305
-0.706700522268353	-0.451224779029419	-0.057003479345329	-2.30616002177419	-0.0251197828772151	1.85545741925147	-1.10208499679655
-0.708236424065531	-0.447852188720165	-0.0570690897761449	-2.30815333859909	-0.0250881478121959	1.860815831904	-1.10344284781843
-0.709749353780614	-0.444459783591736	-0.0571278720225136	-2.31015848774791	-0.0250522124325845	1.86620595796868	-1.1047735787953
-0.711239204131395	-0.441047540199645	-0.057179791085282	-2.31217548371654	-0.0250119540476852	1.87162783591847	-1.1060770623438
-0.712705867835668	-0.437615435099406	-0.0572248119652972	-2.3142043410009	-0.0249673499668021	1.87708150422631	-1.10735317108057
-0.714149237611225	-0.434163444846533	-0.0572628996634065	-2.31624507409689	-0.0249183774992395	1.88256700136514	-1.10860177762224
-0.715569206175858	-0.43069154599654	-0.0572940191804568	-2.31829769750039	-0.0248650139543016	1.8880843658079	-1.10982275458542
-0.71696566624736	-0.42719971510494	-0.0573181355172953	-2.32036222570733	-0.0248072366412925	1.89363363602755	-1.11101597458677
-0.718338510543525	-0.423687928727247	-0.0573352136747693	-2.32243867321359	-0.0247450228695167	1.89921485049703	-1.1121813102429
-0.719687631782145	-0.420156163418976	-0.0573452186537257	-2.32452705451508	-0.0246783499482781	1.90482804768928	-1.11331863417046
-0.721012982660839	-0.416604509457576	-0.0573481401118106	-2.32662731643477	-0.024607212002666	1.91047308451623	-1.11442789720523
-0.722314755376295	-0.413033510461479	-0.0573440661080572	-2.32873913602241	-0.0245316702598489	1.91614909411151	-1.11550936244683
-0.723593200949363	-0.409443819517439	-0.0573331087373231	-2.33086212518071	-0.0244518023198658	1.92185503482854	-1.11656336952857
-0.724848569140168	-0.405836085071914	-0.05731537941704	-2.33299589856786	-0.024367685299576	1.92758987241802	-1.11759025624508
-0.726081108448111	-0.402210950931057	-0.0572909888872132	-2.33514007359757	-0.0242793958326591	1.93335258002788	-1.11859035855231
-0.727291066111868	-0.39856905626072	-0.0572600472104215	-2.33729427043902	-0.0241870100696153	1.93914213820336	-1.11956401056755
-0.72847868810939	-0.394911035586453	-0.0572226637718177	-2.33945811201692	-0.0240906036777651	1.94495753488691	-1.1205115445694
-0.729644219157905	-0.391237518793504	-0.0571789472791282	-2.34163122401145	-0.0239902518412496	1.95079776541828	-1.12143329099777
-0.730787902713915	-0.387549131126822	-0.0571290057626531	-2.34381323485832	-0.0238860292610301	1.95666183253447	-1.1223295784539
-0.731909980973197	-0.38384649319105	-0.0570729465752661	-2.34600377574871	-0.0237780101548885	1.96254874636972	-1.12320073370036
-0.733010694870804	-0.380130220950533	-0.0570108763924147	-2.34820248062932	-0.0236662682574269	1.96845752445557	-1.12404708166103
-0.734090284081065	-0.376400925729313	-0.0569429012121203	-2.35040898620234	-0.023550876820068	1.97438719172079	-1.12486894542111
-0.735148987017583	-0.372659214211129	-0.0568691263549776	-2.35262293192547	-0.0234319086110549	1.98033678049143	-1.12566664622712
-0.736187040833238	-0.368905688439422	-0.0567896564641553	-2.35484396001187	-0.0233094359154511	1.98630533049078	-1.12644050348691
-0.737204681420184	-0.365140945817326	-0.0567045955053959	-2.35707171543026	-0.0231835305351404	1.99229188883943	-1.12719083476965
-0.738202143409851	-0.361365579107678	-0.0566140467670152	-2.35930584590481	-0.0230542637888273	1.99829551005518	-1.12791795580582
-0.739179660172944	-0.357580176433012	-0.056518112859903	-2.36154600191522	-0.0229217065120364	2.00431525605314	-1.12862218048722
-0.740137463819444	-0.353785321275558	-0.0564168957175229	-2.36379183669666	-0.022785929057113	2.01035019614565	-1.129303820867
-0.741075785198607	-0.349981592477248	-0.0563104965959119	-2.36604300623982	-0.0226470012932225	2.01639940704232	-1.12996318715959
-0.741994853898964	-0.34616956423971	-0.056199016073681	-2.36829916929089	-0.022504992606351	2.02246197285003	-1.13060058774077
-0.742894898248322	-0.342349806124271	-0.0560825540520147	-2.37055998735155	-0.022359971899305	2.02853698507292	-1.13121632914762
-0.743776145313763	-0.338522883051955	-0.0559612097546712	-2.37282512467898	-0.0222120075917113	2.03462354261236	-1.13181071607857
-0.744638820901645	-0.334689355303488	-0.0558350817279827	-2.37509424828586	-0.022061167620017	2.04072075176704	-1.13238405139334
-0.745483149557601	-0.330849778519289	-0.0557042678408548	-2.37736702794037	-0.02190751943749	2.04682772623285	-1.13293663611299
-0.746309354566538	-0.32700470369948	-0.0555688652847668	-2.37964313616619	-0.0217511300142183	2.05294358710299	-1.13346876941989
-0.747117657952641	-0.32315467720388	-0.055428970573772	-2.38192224824251	-0.0215920658371104	2.05906746286789	-1.13398074865774
-0.747908280479369	-0.319300240752004	-0.0552846795444971	-2.38420404220399	-0.0214303929098953	2.06519848941527	-1.13447286933155
-0.748681441649455	-0.315441931423069	-0.0551360873561426	-2.38648819884081	-0.0212661767531222	2.07133581003007	-1.13494542510767
-0.74943735970491	-0.311580281655987	-0.0549832884904829	-2.38877440169865	-0.0210994824041611	2.07747857539453	-1.13539870781375
-0.75017625162702	-0.30771581924937	-0.0548263767518657	-2.39106233707869	-0.020930374417202	2.08362594358814	-1.13583300743877
-0.750898333136343	-0.303849067361529	-0.0546654452672129	-2.39335169403759	-0.0207589168632557	2.08977708008765	-1.13624861213303
-0.751603818692717	-0.299980544510472	-0.0545005864860197	-2.39564216438754	-0.0205851733301531	2.09593115776705	-1.13664580820815
-0.752292921495253	-0.296110764573906	-0.0543318921803552	-2.39793344269619	-0.0204092069225456	2.10208735689764	-1.13702488013708
-0.752965853482336	-0.292240236789236	-0.0541594534448622	-2.40022522628673	-0.0202310802619052	2.10824486514794	-1.13738611055407
-0.753622825331631	-0.288369465753565	-0.0539833606967571	-2.40251721523782	-0.0200508554865242	2.11440287758374	-1.13772978025472
-0.754264046460073	-0.284498951423695	-0.0538037036758301	-2.40480911238364	-0.0198685942515151	2.1205605966681	-1.13805616819592
-0.754889725023875	-0.280629189116127	-0.0536205714444452	-2.40710062331384	-0.0196843577288113	2.12671723226135	-1.13836555149591
-0.755500067918526	-0.276760669507058	-0.0534340523875399	-2.4093914563736	-0.0194982066071662	2.13287200162104	-1.13865820543422
-0.75609528077879	-0.272893878632385	-0.0532442342126255	-2.41168132266359	-0.0193102010921537	2.13902412940204	-1.13893440345173
-0.756675567978705	-0.269029297887704	-0.0530512039497871	-2.41396993603996	-0.0191204009061684	2.14517284765644	-1.13919441715063
-0.757241132631585	-0.265167404028308	-0.0528550479516833	-2.41625701311439	-0.0189288652884248	2.1513173958336	-1.13943851629443
-0.75779217659002	-0.261308669169189	-0.0526558518935467	-2.41854227325403	-0.0187356529949584	2.15745702078015	-1.13966696880794
-0.758328900445876	-0.257453560785036	-0.0524537007731833	-2.42082543858156	-0.0185408222986248	2.16359097673998	-1.13988004077734
-0.758851503530293	-0.253602541710238	-0.0522486789109729	-2.42310623397512	-0.0183444309890999	2.16971852535423	-1.14007799645008
-0.759360183913686	-0.249756070138882	-0.0520408699498691	-2.42538438706839	-0.0181465363728803	2.17583893566131	-1.14026109823497
-0.759855138405746	-0.245914599624753	-0.0518303568553993	-2.42765962825052	-0.0179471952732829	2.18195148409689	-1.14042960670212
-0.760336562555441	-0.242078579081333	-0.0516172219156642	-2.42993169066617	-0.0177464640304449	2.18805545449391	-1.14058378058295
-0.760804650651012	-0.238248452781806	-0.0514015467413387	-2.4322003102155	-0.0175443985013242	2.19415013808255	-1.14072387677023
-0.761259595719976	-0.23442466035905	-0.051183412265671	-2.43446522555416	-0.0173410540596989	2.20023483349028	-1.14085015031804
-0.761701589529127	-0.230607636805645	-0.0509628987444834	-2.43672617809332	-0.0171364855961675	2.20630884674181	-1.14096285444177
-0.762130822584532	-0.226797812473866	-0.0507400857561714	-2.43898291199962	-0.0169307475181491	2.21237149125911	-1.14106224051814
-0.762547484131535	-0.222995613075689	-0.0505150522017048	-2.44123517419523	-0.0167238937498831	2.21842208786143	-1.14114855808519
-0.762951762154754	-0.219201459682787	-0.0502878763046266	-2.44348271435779	-0.0165159777324292	2.22445996476527	-1.14122205484229
-0.763343843378084	-0.215415768726532	-0.0500586356110538	-2.44572528492045	-0.0163070524236678	2.23048445758438	-1.1412829766501
-0.763723913264694	-0.211638951997993	-0.049827406989677	-2.44796264107188	-0.0160971702982995	2.2364949093298	-1.14133156753064
-0.76409215601703	-0.20787141664794	-0.0495942666317605	-2.45019454075621	-0.0158863833478455	2.24249067040981	-1.14136806966723
-0.764448754576811	-0.204113565186838	-0.0493592900511424	-2.45242074467311	-0.0156747430806471	2.24847109862995	-1.14139272340451
-0.764793890625033	-0.200365795484852	-0.0491225520842344	-2.45464101627771	-0.0154623005218664	2.25443555919304	-1.14140576724844
-0.765127744581968	-0.196628500771847	-0.048884126890022	-2.45685512178067	-0.0152491062134857	2.26038342469914	-1.14140743786632
-0.765450495607161	-0.192902069637382	-0.0486440879500642	-2.45906283014813	-0.0150352102143078	2.26631407514558	-1.14139797008675
-0.765762321599436	-0.189186886030719	-0.0484025080684941	-2.46126391310174	-0.0148206620999558	2.27222689792695	-1.14137759689966
-0.766063399196888	-0.185483329260816	-0.048159459372018	-2.46345814511864	-0.0146055109628733	2.27812128783511	-1.1413465494563
-0.766353903776891	-0.181791773996328	-0.0479150133099164	-2.46564530343148	-0.0143898054123244	2.28399664705918	-1.14130505706923
-0.766634009456092	-0.178112590265612	-0.0476692406540433	-2.4678251680284	-0.0141735935743935	2.28985238518553	-1.14125334721235
-0.766903889090415	-0.174446143456719	-0.0474222114988262	-2.46999752165304	-0.0139569230919855	2.2956879191978	-1.14119164552087
-0.767163714275058	-0.170792794317403	-0.0471739952612666	-2.47216214980455	-0.0137398411248257	2.30150267347689	-1.14112017579131
-0.767413655344496	-0.167152898955112	-0.0469246606809396	-2.47431884073757	-0.0135223943494597	2.30729607980096	-1.14103915998155
-0.767653881372478	-0.163526808836995	-0.046674275819994	-2.47646738546223	-0.0133046289592537	2.31306757734543	-1.14094881821074
-0.767884560172029	-0.159914870789898	-0.0464229080631524	-2.47860757774417	-0.0130865906643941	2.31881661268298	-1.14084936875938
-0.768105858295449	-0.156317427000366	-0.0461706241177109	-2.48073921410453	-0.0128683246918881	2.32454263978357	-1.1407410280693
-0.768317941034314	-0.152734815014643	-0.0459174900135395	-2.48286209381995	-0.0126498757855628	2.33024512001439	-1.14062401074362
-0.768520972419475	-0.14916736773867	-0.0456635711030819	-2.48497601892256	-0.0124312882060663	2.33592352213992	-1.14049852954681
-0.768715115221058	-0.145615413438086	-0.0454089320613554	-2.48708079420001	-0.0122126057308665	2.34157732232189	-1.14036479540464
-0.768900530948464	-0.14207927573823	-0.045153636885951	-2.48917622719541	-0.0119938716542523	2.34720600411928	-1.14022301740421
-0.769077379850372	-0.138559273624139	-0.0448977488970335	-2.49126212820741	-0.0117751287873325	2.35280905848836	-1.14007340279395
-0.769245820914733	-0.135055721440546	-0.0446413307373415	-2.49333831029014	-0.0115564194580368	2.35838598378263	-1.13991615698359
-0.769406011868775	-0.131568928891886	-0.0443844443721869	-2.49540458925322	-0.011337785511115	2.36393628575287	-1.1397514835442
-0.769558109179002	-0.128099201042289	-0.0441271510894558	-2.4974607836618	-0.0111192683081373	2.36945947754711	-1.13957958420817
-0.769702268051191	-0.124646838315586	-0.0438695114996078	-2.49950671483649	-0.0109009087274946	2.37495507971066	-1.13940065886919
-0.769838642430399	-0.121212136495305	-0.0436115855356761	-2.50154220685343	-0.010682747164398	2.38042262018607	-1.13921490558228
-0.769967385000952	-0.117795386724672	-0.0433534324532677	-2.50356708654424	-0.010464823530879	2.38586163431317	-1.13902252056381
-0.770088647186457	-0.114396875506611	-0.0430951108305634	-2.50558118349606	-0.0102471772557897	2.39127166482904	-1.13882369819143
-0.770202579149793	-0.111016884703746	-0.0428366785683176	-2.5075843300515	-0.0100298472848023	2.39665226186802	-1.13861863100413
-0.770309329793116	-0.107655691538399	-0.0425781928898583	-2.50957636130869	-0.00981287208040986	2.40200298296171	-1.13840750970223
-0.770409046757857	-0.104313568592589	-0.0423197103410876	-2.51155711512126	-0.00959628962192549	2.407323393039	-1.13819052314734
-0.770501876424722	-0.100990783808033	-0.0420612867904808	-2.51352643209832	-0.00938013740548287	2.412613064426	-1.13796785836243
-0.770587963913692	-0.0976876004861496	-0.0418029774290872	-2.51548415560451	-0.00916445244403609	2.4178715768461	-1.13773970053176
-0.770667453084026	-0.0944042772880519	-0.0415448367705298	-2.51743013175993	-0.00894927126735966	2.42309851741995	-1.13750623300092
-0.770740486534254	-0.0911410682345535	-0.0412869186510052	-2.51936420944022	-0.00873462992204847	2.42829348066548	-1.13726763727684
-0.770807205602185	-0.0878982227061657	-0.0410292762292839	-2.52128624027648	-0.00852056397151788	2.43345606849785	-1.13702409302774
-0.770867750364902	-0.0846759854430981	-0.0407719619867099	-2.52319607865535	-0.00830710849600365	2.43858589022949	-1.13677577808317
-0.770922259638763	-0.0814745965452589	-0.040515027727201	-2.52509358171893	-0.00809429809256195	2.44368256257011	-1.13652286843402
-0.770970870979403	-0.0782942914722543	-0.0402585245772486	-2.52697860936484	-0.00788216687506936	2.44874570962667	-1.13626553823249
-0.77101372068173	-0.0751353010433891	-0.0400025029859181	-2.5288510242462	-0.00767074847422291	2.45377496290337	-1.13600395979208
-0.77105094377993	-0.0719978514376661	-0.0397470127248481	-2.53071069177163	-0.00746007603754003	2.45876996130172	-1.13573830358765
-0.771082674047462	-0.0688821641937867	-0.0394921028882515	-2.53255748010523	-0.00725018222935857	2.46373035112044	-1.13546873825534
-0.771109043997061	-0.0657884562101507	-0.0392378218929145	-2.53439126016661	-0.00704109923083681	2.46865578605555	-1.13519543059264
-0.771130184880739	-0.0627169397448559	-0.0389842174781972	-2.5362119056309	-0.00683285873995343	2.4735459272003	-1.13491854555836
-0.771146226689782	-0.0596678224156987	-0.0387313367060332	-2.5380192929287	-0.00662549197150754	2.47840044304523	-1.13463824627261
-0.77115729815475	-0.0566413072001735	-0.0384792259609301	-2.53981330124612	-0.00641902965711867	2.48321900947813	-1.13435469401683
-0.771163526745482	-0.0536375924354737	-0.0382279309499689	-2.54159381252477	-0.00621350204522677	2.48800130978404	-1.1340680482338
-0.771165038671089	-0.0506568718184901	-0.0379774967028046	-2.54336071146176	-0.00600893890109221	2.49274703464528	-1.1337784665276
-0.771161958879959	-0.0476993344058126	-0.0377279675716656	-2.5451138855097	-0.00580536950679576	2.49745588214141	-1.13348610466363
-0.771154411059755	-0.0447651646137289	-0.0374793872313543	-2.54685322487669	-0.00560282266123864	2.50212755774929	-1.13319111656862
-0.771142517637415	-0.0418545422182256	-0.0372317986792466	-2.54857862252633	-0.00540132668014247	2.50676177434299	-1.13289365433062
-0.771126399779154	-0.0389676423549869	-0.0369852442352923	-2.55028997417774	-0.00520090939604929	2.51135825219388	-1.132593868199
-0.77110617739046	-0.036104635519396	-0.0367397655420147	-2.55198717830551	-0.00500159815832157	2.51591671897058	-1.13229190658445
-0.771081969116097	-0.0332656875665339	-0.0364954035645109	-2.55367013613975	-0.00480341983314218	2.52043690973896	-1.13198791605898
-0.771053892340107	-0.0304509597111803	-0.0362521985904517	-2.55533875166606	-0.00460640080351442	2.52491856696218	-1.13168204135592
-0.771022063185804	-0.0276606085278131	-0.0360101902300817	-2.55699293162554	-0.00441056696926202	2.52936144050062	-1.13137442536992
-0.770986596515778	-0.0248947859506084	-0.035769417416219	-2.55863258551479	-0.00421594374702911	2.53376528761197	-1.13106520915696
-0.770947605931896	-0.0221536392734409	-0.0355299184042556	-2.5602576255859	-0.00402255607028025	2.53812987295113	-1.13075453193433
-0.7709052037753	-0.0194373111498832	-0.0352917307721571	-2.56186796684649	-0.00383042838930041	2.54245496857031	-1.13044253108064
-0.770859501126406	-0.0167459395932067	-0.0350548914204629	-2.56346352705964	-0.00363958467119499	2.54674035391895	-1.13012934213584
-0.770810607804906	-0.0140796579763809	-0.0348194365722859	-2.56504422674394	-0.00345004839988981	2.55098581584375	-1.12981509880118
-0.770758632369767	-0.0114385950320735	-0.0345854017733131	-2.56660998917351	-0.0032618425761311	2.5551911485887	-1.12949993293924
-0.770703682119234	-0.00882287485265081	-0.0343528218918048	-2.56816074037792	-0.00307498971748551	2.55935615379503	-1.12918397457392
-0.770645863090823	-0.0062326168901773	-0.0341217311185951	-2.56969640914227	-0.0028895118583401	2.56348064050122	-1.12886735189044
-0.770585280061329	-0.00366793595641573	-0.0338921629670921	-2.57121692700716	-0.00270543054990239	2.56756442514304	-1.12855019123533
-0.770522036546821	-0.00112894222282725	-0.0336641502732773	-2.57272222826868	-0.00252276686020027	2.57160733155351	-1.12823261711647
-0.770456234802643	0.00138425877942865	-0.0334377251957058	-2.57421224997841	-0.00234154137408207	2.5756091909629	-1.12791475220303
-0.770387975823415	0.00387156615949422	-0.0332129192155069	-2.57568693194345	-0.00216177419321653	2.57956984199875	-1.12759671732552
-0.770317359343032	0.00633288366681319	-0.0329897631363831	-2.57714621672639	-0.00198348493609284	2.58348913068587	-1.12727863147576
-0.770244483834665	0.00876811969113134	-0.0327682870846109	-2.57859004964531	-0.00180669273802056	2.58736691044632	-1.12696061180689
-0.77016944651076	0.0111771872624957	-0.0325485205090403	-2.5800183787738	-0.00163141625112973	2.59120304209943	-1.12664277363339
-0.770092343323038	0.0135600040512554	-0.0323304921810953	-2.58143115494094	-0.00145767364437072	2.59499739386177	-1.12632523043104
-0.770013268962496	0.0159164923680608	-0.0321142301947734	-2.58282833173133	-0.00128548260351443	2.59874984134721	-1.12600809383695
-0.769932316859405	0.0182465791638642	-0.0318997619666458	-2.58420986548504	-0.00111486033115209	2.60246026756684	-1.12569147364955
-0.769849579183314	0.0205501960299196	-0.0316871142358574	-2.58557571529766	-0.000945823546695383	2.60612856292904	-1.12537547782859
-0.769765146843045	0.0228272791977825	-0.0314763130641269	-2.58692584302027	-0.000778388486376421	2.60975462523944	-1.12506021249514
-0.769679109486696	0.0250777695393101	-0.0312673838357467	-2.58826021325945	-0.00061257090324772	2.61333835970094	-1.12474578193159
-0.769591555501641	0.0273016125666616	-0.0310603512575829	-2.58957879337728	-0.000448386067182223	2.61687967891369	-1.12443228858165
-0.769502572014528	0.0294987584322975	-0.0308552393590751	-2.59088155349135	-0.000285848764873271	2.6203785028751	-1.12411983305036
-0.769412244891283	0.0316691619289801	-0.030652071492237	-2.59216846647473	-0.000124973299834659	2.62383475897986	-1.12380851410408
-0.769320658737105	0.0338127824897734	-0.0304508703316556	-2.59343950795599	3.42265075994365e-05	2.6272483820199	-1.12349842867047
-0.769227896896469	0.0359295841880428	-0.030251657874492	-2.59469465631922	0.000191737320274376	2.63061931418442	-1.12318967183854
-0.769134041453125	0.038019535737456	-0.0300544554404807	-2.59593389270399	0.000347546284215154	2.6339475050599	-1.1228823368586
-0.7690391732301	0.0400826104919817	-0.02985928367193	-2.59715720100537	0.0005016410286263	2.63723291163004	-1.12257651514229
-0.768943371789694	0.0421187864458908	-0.0296661625337219	-2.59836456787395	0.000654009665891938	2.64047549827584	-1.12227229626257
-0.768846715433484	0.0441280462337554	-0.0294751113133122	-2.59955598271578	0.00080464079157578	2.64367523677554	-1.12196976795372
-0.768749281202323	0.0461103771304497	-0.0292861486207303	-2.60073143769245	0.000953523484421123	2.64683210630466	-1.12166901611134
-0.768651144876336	0.0480657710511493	-0.0290992923885793	-2.60189092772103	0.00110064730635084	2.64994609343595	-1.12137012479235
-0.768552380974928	0.0499942245513316	-0.0289145598720362	-2.60303445047408	0.00124600230246738	2.65301719213945	-1.121073176215
-0.768453062756776	0.0518957388267757	-0.0287319676488513	-2.60416200637968	0.00138957900105276	2.65604540378246	-1.12077825075885
-0.768353262219834	0.053770319713562	-0.0285515316193492	-2.60527359862139	0.00153136841356861	2.65903073712953	-1.12048542696478
-0.76825305010133	0.0556179776880733	-0.0283732670064275	-2.60636923313828	0.00167136203465612	2.66197320834247	-1.12019478153501
-0.76815249587777	0.0574387278669935	-0.0281971883555582	-2.60744891862492	0.00180955184213607	2.66487284098036	-1.11990638933305
-0.768051667764931	0.0592325900073081	-0.0280233095347865	-2.60851266653137	0.0019459302970088	2.66772966599953	-1.11962032338375
-0.76795063271787	0.060999588506305	-0.0278516437347315	-2.6095604910632	0.00208049034345427	2.6705437217536	-1.11933665487329
-0.767849456430917	0.0627397524015729	-0.0276822034685861	-2.61059240918147	0.00221322540883199	2.67331505399341	-1.11905545314915
-0.767748203337677	0.0644531153710025	-0.0275150005721167	-2.61160844060274	0.00234412940368106	2.6760437158671	-1.11877678572014
-0.767646936611032	0.0661397157327866	-0.0273500462036636	-2.61260860779909	0.00247319672172014	2.67872976792004	-1.1185007182564
-0.767545718163138	0.0677995964454189	-0.0271873508441407	-2.61359293599805	0.00260042223984751	2.68137327809488	-1.11822731458937
-0.767444608645427	0.0694328051076955	-0.0270269242970356	-2.61456145318271	0.00272580131814103	2.68397432173153	-1.11795663671182
-0.767343667448606	0.0710393939587137	-0.0268687756884096	-2.61551419009161	0.00284932979985808	2.68653298156715	-1.11768874477786
-0.767242952702658	0.0726194198778726	-0.0267129134668978	-2.61645118021882	0.0029710040114357	2.68904934773618	-1.1174236971029
-0.767142521276841	0.074172944384873	-0.026559345403709	-2.61737245981389	0.00309082076249045	2.69152351777031	-1.11716155016367
-0.767042428779688	0.0757000336397175	-0.0264080785926255	-2.61827806788188	0.00320877734581852	2.69395559659849	-1.11690235859823
-0.766942729559008	0.0772007584427101	-0.0262591194500036	-2.61916804618334	0.00332487153739562	2.69634569654693	-1.11664617520596
-0.766843476701885	0.0786751942344568	-0.0261124737147732	-2.62004243923433	0.00343910159637712	2.69869393733912	-1.11639305094755
-0.766744722034679	0.080123421095865	-0.0259681464484377	-2.6209012943064	0.00355146626509791	2.70100044609578	-1.11614303494502
-0.766646516123024	0.0815455237481438	-0.0258261420350746	-2.62174466142661	0.00366196476907247	2.70326535733491	-1.11589617448172
-0.766548908271831	0.0829415915528041	-0.0256864641813347	-2.6225725933775	0.00377059681699489	2.70548881297178	-1.11565251500231
-0.766451946525286	0.0843117185116584	-0.0255491159164428	-2.62338514569714	0.0038773626007388	2.70767096231891	-1.11541210011276
-0.766355677666848	0.085656003266821	-0.0254140995921973	-2.62418237667905	0.00398226279535745	2.70981196208608	-1.11517497158039
-0.766260147219256	0.0869745491007076	-0.0252814168829703	-2.62496434737231	0.00408529855908364	2.71191197638033	-1.11494116933381
-0.76616539944452	0.0882674639360359	-0.0251510687857076	-2.62573112158145	0.00418647153332976	2.71397117670597	-1.11471073146297
-0.766071477343928	0.0895348603358251	-0.0250230556199288	-2.62648276586652	0.0042857838426878	2.71598974196456	-1.11448369421914
-0.765978422658042	0.0907768555033958	-0.0248973770277271	-2.62721934954307	0.00438323809492932	2.71796785845495	-1.1142600920149
-0.7658862758667	0.091993571282371	-0.0247740319737693	-2.62794094468214	0.00447883738100546	2.7199057198732	-1.11403995742416
-0.765795076189015	0.0931851341566748	-0.0246530187452963	-2.62864762611028	0.00457258527504689	2.72180352731269	-1.11382332118215
-0.765704861583377	0.0943516752505328	-0.0245343349521224	-2.62933947140953	0.00466448583436396	2.72366148926401	-1.11361021218541
-0.765615668747448	0.0954933303284731	-0.0244179775266355	-2.63001656091743	0.00475454359944653	2.72547982161505	-1.11340065749183
-0.765527533118169	0.0966102397953246	-0.0243039427237975	-2.63067897772703	0.00484276359396408	2.72725874765094	-1.11319468232058
-0.765440488871754	0.0977025486962184	-0.0241922261211438	-2.63132680768687	0.00492915132476561	2.72899849805408	-1.11299231005219
-0.765354568923694	0.0987704067165869	-0.0240828226187837	-2.63196013940098	0.00501371278187978	2.73069931090412	-1.11279356222848
-0.765269804928754	0.0998139681821648	-0.0239757264394	-2.6325790642289	0.0050964544385148	2.73236143167799	-1.11259845855262
-0.765186227280974	0.100833392058988	-0.0238709311282494	-2.63318367628568	0.0051773832510584	2.73398511324987	-1.11240701688906
-0.765103865113671	0.101828841953393	-0.023768429553162	-2.63377407244184	0.005256506659078	2.7355706158912	-1.11221925326362
-0.765022746299437	0.10280048611202	-0.0236682139045421	-2.63435035232343	0.00533383258532052	2.73711820727069	-1.1120351818634
-0.76494289745014	0.103748497421811	-0.0235702756953672	-2.63491261831198	0.00540936943571252	2.73862816245429	-1.11185481503684
-0.76486434391692	0.104673053410007	-0.0234746057611888	-2.63546097554453	0.00548312609936003	2.74010076390525	-1.11167816329371
-0.764787109790196	0.105574336244153	-0.023381194260132	-2.6359955319136	0.00555511194854882	2.74153630148405	-1.11150523530509
-0.764711217899662	0.106452532732096	-0.0232900306728957	-2.63651639806724	0.00562533683874412	2.74293507244843	-1.11133603790336
-0.764636689814285	0.107307834321981	-0.0232011038027525	-2.63702368740896	0.00569381110859081	2.74429738145341	-1.11117057608226
-0.76456354584231	0.10814043710226	-0.0231144017755485	-2.63751751609781	0.00576054557991331	2.74562354055127	-1.11100885299682
-0.764491805031255	0.108950541801683	-0.0230299120397037	-2.63799800304831	0.00582555155771562	2.74691386919154	-1.11085086996342
-0.764421485167917	0.109738353789303	-0.0229476213662119	-2.63846526993049	0.00588884083018131	2.74816869422101	-1.11069662645973
-0.764352602778364	0.110504083074473	-0.0228675158486404	-2.63891944116988	0.00595042566867362	2.74938834988374	-1.11054612012475
-0.764285173127942	0.111247944306851	-0.0227895809031303	-2.6393606439475	0.00601031882773523	2.75057317782105	-1.11039934675883
-0.764219210221272	0.111970156776394	-0.0227138012683963	-2.63978900819989	0.00606853354508855	2.75172352707153	-1.11025630032359
-0.764154726802251	0.112670944413361	-0.022640161005727	-2.64020466661906	0.00612508354163546	2.75283975407101	-1.11011697294201
-0.764091734354049	0.113350535788313	-0.0225686434989847	-2.64060775465254	0.00617998302145744	2.75392222265259	-1.10998135489838
-0.764030243099113	0.114009164112114	-0.022499231454605	-2.64099841050335	0.00623324667181563	2.75497130404665	-1.10984943463831
-0.763970261999167	0.114647067235927	-0.0224319069015979	-2.64137677513002	0.0062848896631506	2.7559873768808	-1.10972119876873
-0.763911798755207	0.115264487651218	-0.0223666511915464	-2.64174299224657	0.00633492764908268	2.75697082717994	-1.10959663205788
-0.763854859807507	0.115861672489756	-0.0223034449986077	-2.64209720832251	0.00638337676641164	2.75792204836622	-1.10947571743535
-0.763799450335615	0.11643887352361	-0.0222422683195126	-2.64243957258287	0.00643025363511689	2.75884144125904	-1.10935843599202
-0.763745574258354	0.116996347165151	-0.0221831004735654	-2.64277023700816	0.00647557535835742	2.75972941407508	-1.10924476698012
-0.763693234233825	0.117534354467051	-0.0221259201026444	-2.64308935633441	0.00651935952247181	2.76058638242827	-1.10913468781316
-0.763642431659402	0.118053161122285	-0.0220707051712013	-2.64339708805313	0.00656162419697819	2.7614127693298	-1.10902817406602
-0.763593166671734	0.11855303746413	-0.0220174329662618	-2.64369359241133	0.00660238793457428	2.76220900518814	-1.10892519947486
-0.763545438146747	0.119034258466163	-0.0219660800974252	-2.64397903241153	0.00664166977113739	2.76297552780899	-1.10882573593719
-0.763499243699642	0.119497103742264	-0.0219166224968644	-2.64425357381174	0.00667948922572443	2.76371278239535	-1.10872975351182
-0.763454579684895	0.119941857546613	-0.0218690354193261	-2.64451738512548	0.00671586630057183	2.76442122154745	-1.1086372204189
-0.763411441196257	0.120368808773694	-0.0218232934421307	-2.64477063762176	0.00675082148109571	2.76510130526279	-1.10854810303987
-0.763369822066755	0.120778250958291	-0.0217793704651724	-2.64501350532509	0.00678437573589163	2.76575350093613	-1.10846236591754
-0.763329714868691	0.12117048227549	-0.0217372397109189	-2.64524616501548	0.00681655051673483	2.76637828335951	-1.10837997175599
-0.763291110913643	0.12154580554068	-0.0216968737244118	-2.64546879622844	0.00684736775858005	2.7669761347222	-1.10830088142065
-0.763254000252464	0.121904528209548	-0.0216582443732662	-2.64568158125498	0.00687684987956175	2.76754754461076	-1.10822505393827
-0.763218371675282	0.122246962378088	-0.0216213228476712	-2.6458847051416	0.00690501978099387	2.76809301000899	-1.10815244649691
-0.763184212711501	0.122573424782592	-0.0215860796603894	-2.64607835569031	0.00693190084736991	2.76861303529797	-1.10808301444596
-0.763151509629799	0.122884236799654	-0.021552484646757	-2.64626272345863	0.006957516946363	2.76910813225603	-1.10801671129612
-0.763120247438133	0.123179724446171	-0.0215205069646843	-2.64643800175954	0.00698189242882582	2.76957882005876	-1.10795348871942
-0.76309040988373	0.123460218379339	-0.0214901150946549	-2.64660438666156	0.00700505212879071	2.77002562527901	-1.10789329654921
-0.763061979453097	0.12372605389666	-0.0214612768397263	-2.64676207698868	0.00702702136346946	2.77044908188691	-1.10783608278016
-0.763034937372014	0.123977570935934	-0.0214339593255297	-2.64691127432042	0.00704782593325357	2.77084973124984	-1.10778179356826
-0.763009263605537	0.124215114075265	-0.02140812900027	-2.64705218299177	0.00706749212171402	2.77122812213242	-1.10773037323082
-0.762984936857998	0.124439032533056	-0.0213837516347257	-2.64718501009323	0.00708604669560142	2.77158481069657	-1.10768176424648
-0.762961934573002	0.124649680168014	-0.0213607923222492	-2.6473099654708	0.00710351690484595	2.77192036050144	-1.10763590725518
-0.762940232933434	0.124847415479147	-0.0213392154787665	-2.64742726172598	0.00711993048255737	2.77223534250346	-1.10759274105821
-0.762919806861448	0.125032601605765	-0.0213189848427773	-2.64753711421576	0.00713531564502505	2.77253033505631	-1.10755220261816
-0.76290063001848	0.125205606327478	-0.0213000634753549	-2.64763974105265	0.00714970109171788	2.77280592391094	-1.10751422705894
-0.762882674805236	0.125366802064201	-0.0212824137601466	-2.64773536310463	0.00716311600528444	2.77306270221557	-1.10747874766578
-0.7628659123617	0.125516565876147	-0.0212659974033732	-2.64782420399521	0.00717559005155273	2.77330127051565	-1.10744569588526
-0.762850312567133	0.125655279463833	-0.0212507754338293	-2.64790649010337	0.00718715337953046	2.77352223675392	-1.10741500132525
-0.762835844040066	0.125783329168076	-0.021236708202883	-2.64798245056361	0.00719783662140489	2.77372621627037	-1.10738659175494
-0.762822474138312	0.125901105969997	-0.0212237553844762	-2.64805231726592	0.00720767089254284	2.77391383180227	-1.10736039310486
-0.762810168958954	0.126009005491017	-0.0212118759751249	-2.64811632485579	0.00721668779149071	2.77408571348411	-1.10733632946685
-0.762798893338353	0.126107427992859	-0.0212010282939181	-2.64817471073422	0.00722491939997451	2.77424249884768	-1.10731432309407
-0.762788610852145	0.126196778377547	-0.0211911699825191	-2.64822771505768	0.00723239828289977	2.77438483282202	-1.10729429440101
-0.762779283815242	0.126277466187408	-0.0211822580051646	-2.64827558073817	0.00723915748835173	2.77451336773342	-1.10727616196347
-0.762770873281829	0.12634990560507	-0.0211742486486652	-2.64831855344317	0.00724523054759506	2.77462876330546	-1.10725984251857
-0.76276333904537	0.126414515453462	-0.0211670975224049	-2.64835688159568	0.00725065147507405	2.77473168665894	-1.10724525096476
-0.762756639638601	0.126471719195817	-0.0211607595583418	-2.64839081637417	0.0072554547684127	2.77482281231196	-1.10723230036182
-0.762750732333534	0.126521944935667	-0.0211551890110074	-2.64842061171263	0.00725967540841441	2.77490282217987	-1.10722090193082
-0.762745573141459	0.126565625416846	-0.0211503394575071	-2.64844652430055	0.00726334885906223	2.77497240557525	-1.10721096505417
-0.762741116812939	0.126603198023492	-0.0211461637975198	-2.64846881358291	0.00726651106751885	2.775032259208	-1.10720239727561
-0.762737316837812	0.126635104780042	-0.0211426142532984	-2.64848774176018	0.00726919846412651	2.77508308718523	-1.10719510430018
-0.762734125445193	0.126661792351236	-0.0211396423696692	-2.64850357378835	0.00727144796240695	2.77512560101134	-1.10718898999427
-0.762731493603472	0.126683712042115	-0.0211371990140325	-2.6485165773789	0.00727329695906154	2.77516051958798	-1.10718395638555
-0.762729371020313	0.126701319798023	-0.0211352343763621	-2.6485270229988	0.00727478333397127	2.77518856921406	-1.10717990366305
-0.762727706142657	0.126715076204605	-0.0211336979692054	-2.64853518387055	0.00727594545019673	2.77521048358577	-1.1071767301771
-0.76272644615672	0.126725446487805	-0.021132538627684	-2.6485413359721	0.00727682215397799	2.77522700379653	-1.10717433243935
-0.762725536987993	0.126732900513875	-0.0211317045094925	-2.64854575803694	0.00727745277473475	2.77523887833705	-1.10717260512278
-0.762724923301242	0.126737912789361	-0.0211311430948999	-2.64854873155405	0.00727787712506638	2.77524686309529	-1.10717144106168
-0.762724548500509	0.126740962461117	-0.0211308011867484	-2.64855054076789	0.00727813550075164	2.77525172135646	-1.10717073125168
-0.762724354729111	0.126742533316295	-0.0211306249104542	-2.64855147267844	0.00727826868074907	2.77525422380305	-1.10717036484972
-0.762724282869642	0.12674311378235	-0.021130559714007	-2.64855181704118	0.00727831792719659	2.77525514851481	-1.10717022917405
-0.762724272543969	0.126743196927039	-0.0211305503679704	-2.64855186636707	0.00727832498541199	2.77525528096874	-1.10717020970426
