-0.884173238096761	-0.830906533551024	1.81150953474337	-2.46996620817366	0.553500919183874	2.14588672934452	1.97793221199277
-0.884173246726467	-0.830906576546631	1.81150949114771	-2.46996618264879	0.553500931942808	2.14588666747348	1.97793217152657
-0.884173306905056	-0.830906876824345	1.8115091865229	-2.46996600435322	0.553501020958092	2.14588623529779	1.97793188889062
-0.884173469550672	-0.830907689764564	1.81150836133805	-2.46996552155722	0.553501261668612	2.14588506504713	1.97793112364054
-0.884173784893384	-0.83090926867309	1.81150675769677	-2.46996458366665	0.553501728621478	2.14588279171585	1.97792963721418
-0.884174302475185	-0.830911864781134	1.81150411933711	-2.46996304122299	0.553502495472023	2.14587905306306	1.97792719293164
-0.884175071149991	-0.830915727245313	1.81150019163163	-2.46996074590329	0.553503634983801	2.14587348961254	1.97792355599526
-0.884176139083644	-0.830921103147649	1.81149472158734	-2.46995755052023	0.553505219028592	2.14586574465279	1.97791849348958
-0.884177553753908	-0.830928237495571	1.81148745784574	-2.46995330902205	0.553507318586396	2.14585546423703	1.97791177438142
-0.88417936195047	-0.830937373221917	1.81147815068279	-2.46994787649264	0.553510003745438	2.14584229718317	1.9779031695198
-0.884181609774943	-0.830948751184927	1.81146655200894	-2.46994110915144	0.553513343702165	2.14582589507386	1.97789245163598
-0.884184342640861	-0.830962610168252	1.81145241536911	-2.46993286435353	0.553517406761246	2.14580591225641	1.97787939534348
-0.884187605273686	-0.830979186880947	1.8114354959427	-2.46992300058955	0.553522260335576	2.14578200584289	1.97786377713802
-0.884191441710799	-0.830998715957473	1.81141555054357	-2.46991137748578	0.553527970946268	2.14575383571005	1.97784537539757
-0.884195895301508	-0.8310214299577	1.81139233762007	-2.46989785580406	0.553534604222663	2.14572106449934	1.97782397038235
-0.884201008707044	-0.831047559366903	1.81136561725501	-2.46988229744186	0.55354222490232	2.14568335761696	1.97779934423478
-0.884206823900562	-0.831077332595762	1.81133515116571	-2.46986456543223	0.553550896831025	2.14564038323377	1.97777128097955
-0.884213382167139	-0.831110975980367	1.81130070270391	-2.46984452394384	0.553560682962785	2.14559181228537	1.97773956652355
-0.884220724103778	-0.831148713782212	1.81126203685588	-2.46982203828093	0.55357164535983	2.14553731847205	1.97770398865594
-0.884228889619406	-0.831190768188198	1.81121892024233	-2.46979697488336	0.553583845192612	2.14547657825884	1.97766433704809
-0.884237917934872	-0.831237359310632	1.81117112111845	-2.46976920132659	0.553597342739809	2.14540927087544	1.97762040325361
-0.884247847582949	-0.83128870518723	1.81111840937392	-2.46973858632166	0.553612197388317	2.14533507831629	1.97757198070836
-0.884258716408335	-0.831345021781111	1.81106055653289	-2.46970499971524	0.55362846763326	2.14525368534051	1.9775188647304
-0.884270561567652	-0.831406522980803	1.81099733575397	-2.46966831248956	0.553646211077981	2.14516477947196	1.97746085252005
-0.884283419529444	-0.831473420600239	1.81092852183027	-2.46962839676249	0.553665484434048	2.14506805099918	1.97739774315987
-0.88429732607418	-0.83154592437876	1.81085389118935	-2.46958512578748	0.553686343521252	2.14496319297544	1.97732933761464
-0.884312316294253	-0.831624241981113	1.81077322189326	-2.46953837395356	0.553708843267604	2.14484990121871	1.97725543873138
-0.884328424593979	-0.83170857899745	1.81068629363852	-2.4694880167854	0.553733037709342	2.14472787431167	1.97717585123934
-0.884345684689598	-0.831799138943332	1.81059288775614	-2.46943393094324	0.553758979990925	2.14459681360171	1.97709038175001
-0.884364129609275	-0.831896123259725	1.81049278721157	-2.46937599422292	0.553786722365033	2.14445642320092	1.97699883875711
-0.884383791693096	-0.831999731313002	1.81038577660478	-2.46931408555589	0.553816316192572	2.14430640998612	1.9769010326366
-0.884404702593075	-0.832110160394942	1.81027164217018	-2.4692480850092	0.553847811942669	2.14414648359881	1.97679677564668
-0.884426893273146	-0.83222760572273	1.81015017177667	-2.46917787378549	0.553881259192675	2.14397635644522	1.97668588192776
-0.884450394009168	-0.83235226043896	1.81002115492762	-2.46910333422301	0.553916706628163	2.14379574369629	1.97656816750251
-0.884475234388925	-0.83248431561163	1.80988438276089	-2.46902434979559	0.553954202042929	2.14360436328766	1.97644345027582
-0.884501443312123	-0.832623960234146	1.80973964804879	-2.46894080511269	0.553993792338993	2.14340193591967	1.97631155003482
-0.884529048990392	-0.832771381225319	1.80958674519812	-2.46885258591933	0.554035523526595	2.1431881850574	1.97617228844889
-0.884558078947288	-0.832926763429369	1.80942547025016	-2.46875957909617	0.554079440724202	2.14296283693059	1.9760254890696
-0.884588560018288	-0.833090289615918	1.80925562088066	-2.46866167265945	0.5541255881585	2.14272562053374	1.97587097733081
-0.884620518350794	-0.833262140480001	1.80907699639984	-2.46855875576099	0.554174009164401	2.14247626762603	1.97570858054858
-0.884653979404132	-0.833442494642053	1.80888939775239	-2.46845071868824	0.554224746185038	2.14221451273136	1.97553812792121
-0.884688967949552	-0.833631528647921	1.8086926275175	-2.46833745286424	0.554277840771767	2.14194009313832	1.97535945052923
-0.884725508070226	-0.833829416968854	1.80848648990881	-2.46821885084762	0.554333333584167	2.14165274890024	1.97517238133542
-0.884763623161253	-0.834036332001511	1.80827079077445	-2.46809480633262	0.554391264390041	2.14135222283513	1.97497675518479
-0.884803335929653	-0.834252444067955	1.80804533759702	-2.46796521414908	0.554451672065414	2.14103826052572	1.97477240880457
-0.884844668394371	-0.834477921415656	1.80780993949358	-2.46782997026243	0.554514594594533	2.14071061031946	1.97455918080424
-0.884887641886275	-0.834712930217493	1.8075644072157	-2.46768897177369	0.55458006906987	2.14036902332848	1.97433691167551
-0.884932277048157	-0.834957634571749	1.8073085531494	-2.46754211691952	0.554648131692117	2.14001325342966	1.97410544379232
-0.884978593834735	-0.835212196502113	1.80704219131517	-2.46738930507213	0.554718817770192	2.13964305726455	1.97386462141086
-0.885026611512647	-0.835476775957683	1.80676513736799	-2.46723043673935	0.554792161721234	2.13925819423943	1.97361429066953
-0.885076348660458	-0.83575153081296	1.80647720859732	-2.46706541356463	0.554868197070605	2.13885842652529	1.97335429958898
-0.885127823168655	-0.836036616867856	1.80617822392708	-2.46689413832698	0.554946956451891	2.13844351905781	1.9730844980721
-0.885181052239649	-0.836332187847687	1.80586800391567	-2.46671651494104	0.555028471606899	2.1380132395374	1.97280473790401
-0.885236052387776	-0.836638395403174	1.80554637075596	-2.46653244845703	0.55511277338566	2.13756735842917	1.97251487275205
-0.885292839439295	-0.836955389110447	1.80521314827532	-2.46634184506079	0.555199891746429	2.13710564896294	1.9722147581658
-0.885351428532387	-0.837283316471043	1.80486816193555	-2.46614461207373	0.555289855755681	2.13662788713323	1.9719042515771
-0.88541183411716	-0.837622322911902	1.80451123883297	-2.46594065795289	0.555382693588117	2.13613385169928	1.97158321229999
-0.885474069955644	-0.837972551785374	1.80414220769836	-2.46572989229088	0.555478432526659	2.13562332418505	1.97125150153077
-0.885538149121793	-0.838334144369214	1.80376089889696	-2.46551222581594	0.555577098962453	2.13509608887917	1.97090898234795
-0.885604084001485	-0.838707239866584	1.8033671444285	-2.46528757039189	0.555678718394866	2.13455193283503	1.9705555197123
-0.885671886292522	-0.839091975406053	1.80296077792718	-2.46505583901814	0.555783315431489	2.13399064587068	1.97019098046681
-0.885741567004628	-0.839488486041594	1.80254163466169	-2.46481694582972	0.555890913788137	2.13341202056891	1.96981523333671
-0.885813136459455	-0.839896904752589	1.80210955153516	-2.46457080609725	0.556001536288848	2.13281585227722	1.96942814892946
-0.885886604290574	-0.840317362443827	1.80166436708524	-2.46431733622695	0.556115204865879	2.13220193910779	1.96902959973475
-0.885961979443482	-0.840749987945501	1.80120592148403	-2.46405645376064	0.556231940559714	2.13157008193754	1.96861946012452
-0.8860392701756	-0.841194908013212	1.8007340565381	-2.46378807737574	0.556351763519059	2.13092008440809	1.96819760635294
-0.886118484056273	-0.841652247327968	1.8002486156885	-2.46351212688527	0.556474693000842	2.13025175292575	1.96776391655639
-0.886199627966769	-0.842122128496183	1.79974944401076	-2.46322852323784	0.556600747370213	2.12956489666157	1.96731827075353
-0.88628270810028	-0.842604672049676	1.7992363882149	-2.46293718851767	0.556729944100549	2.12885932755129	1.96686055084521
-0.886367729961922	-0.843099996445676	1.79870929664538	-2.46263804594457	0.556862299773444	2.12813486029536	1.96639064061455
-0.886454698368734	-0.843608218066815	1.79816801928115	-2.46233101987396	0.55699783007872	2.12739131235893	1.96590842572687
-0.88654361744968	-0.844129451221133	1.79761240773566	-2.46201603579685	0.557136549814419	2.1266285039719	1.96541379372976
-0.886634490645647	-0.844663808142078	1.7970423152568	-2.46169302033986	0.557278472886807	2.12584625812881	1.96490663405301
-0.886727320709447	-0.845211398988501	1.79645759672696	-2.46136190126519	0.557423612310373	2.12504440058898	1.96438683800868
-0.886822109705813	-0.845772331844662	1.79585810866298	-2.46102260747067	0.557571980207827	2.12422275987639	1.96385429879103
-0.886918859011406	-0.846346712720228	1.79524370921619	-2.46067506898969	0.557723587810105	2.12338116727975	1.96330891147659
-0.887017569314806	-0.84693464555027	1.79461425817241	-2.46031921699128	0.557878445456363	2.12251945685248	1.96275057302409
-0.887118240616521	-0.847536232195269	1.7939696169519	-2.45995498378003	0.558036562593982	2.12163746541269	1.96217918227451
-0.887220872228981	-0.848151572441109	1.79330964860944	-2.45958230279616	0.558197947778564	2.12073503254322	1.96159463995107
-0.887325462776539	-0.848780763999083	1.79263421783424	-2.45920110861547	0.558362608673935	2.11981200059161	1.96099684865923
-0.887432010195472	-0.849423902505889	1.79194319095001	-2.45881133694937	0.558530552052145	2.11886821467011	1.96038571288665
-0.887540511733984	-0.850081081523632	1.79123643591493	-2.45841292464487	0.558701783793465	2.11790352265568	1.95976113900326
-0.887650963952197	-0.850752392539824	1.79051382232166	-2.45800580968457	0.558876308886388	2.11691777518998	1.95912303526122
-0.887763362722163	-0.851437924967384	1.78977522139733	-2.45758993118668	0.559054131427634	2.1159108256794	1.95847131179491
-0.887877703227853	-0.852137766144635	1.78902050600355	-2.45716522940499	0.559235254622141	2.11488253029501	1.95780588062095
-0.887993979965163	-0.852852001335309	1.78824955063639	-2.45673164572892	0.559419680783074	2.11383274797261	1.9571266556382
-0.888112186741916	-0.853580713728544	1.78746223142641	-2.45628912268346	0.559607411331818	2.11276134041271	1.95643355262774
-0.888232316677854	-0.854323984438883	1.78665842613865	-2.45583760392921	0.559798446797982	2.11166817208051	1.95572648925291
-0.888354362204645	-0.855081892506278	1.7858380141726	-2.45537703426238	0.559992786819397	2.11055311020594	1.95500538505927
-0.888478315065882	-0.855854514896086	1.78500087656226	-2.45490735961477	0.56019043014212	2.10941602478362	1.95427016147461
-0.888604166317081	-0.856641926499071	1.78414689597608	-2.45442852705376	0.560391374620426	2.1082567885729	1.95352074180895
-0.888731906325679	-0.857444200131403	1.78327595671699	-2.45394048478237	0.560595617216817	2.10707527709782	1.95275705125456
-0.888861524771042	-0.858261406534658	1.7823879447224	-2.45344318213919	0.560803154002016	2.10587136864714	1.95197901688595
-0.888993010644455	-0.85909361437582	1.78148274756419	-2.45293656959841	0.561013980154969	2.10464494427432	1.95118656765983
-0.889126352249129	-0.859940890247278	1.78056025444871	-2.45242059876983	0.561228089962845	2.10339588779753	1.95037963441519
-0.889261537200199	-0.86080329866683	1.77962035621681	-2.45189522239885	0.561445476821037	2.10212408579967	1.94955814987321
-0.889398552424724	-0.861680902077678	1.77866294534379	-2.45136039436645	0.561666133233158	2.10082942762831	1.94872204863735
-0.889537384161685	-0.862573760848432	1.77768791593943	-2.45081606968924	0.561890050811047	2.09951180539577	1.94787126719326
-0.889678017961989	-0.863481933273106	1.77669516374799	-2.4502622045194	0.562117220274765	2.09817111397905	1.94700574390885
-0.889820438688465	-0.864405475571124	1.77568458614821	-2.44969875614473	0.562347631452594	2.09680725101986	1.94612541903426
-0.889964630515868	-0.865344441887314	1.77465608215329	-2.44912568298862	0.562581273281042	2.09542011692464	1.94523023470188
-0.890110576930873	-0.866298884291913	1.77360955241091	-2.44854294461005	0.562818133804837	2.09400961486452	1.94432013492629
-0.890258260732082	-0.867268852780561	1.77254489920324	-2.44795050170362	0.563058200176932	2.09257565077535	1.94339506560436
-0.890407664030021	-0.868254395274308	1.77146202644691	-2.44734831609951	0.563301458658502	2.09111813335768	1.94245497451515
-0.890558768247138	-0.869255557619608	1.77036083969302	-2.44673635076352	0.563547894618944	2.08963697407677	1.94149981131999
-0.890711554117806	-0.870272383588323	1.76924124612717	-2.44611456979702	0.56379749253588	2.08813208716259	1.94052952756241
-0.89086600168832	-0.871304914877721	1.76810315456941	-2.44548293843701	0.564050235995152	2.08660338960983	1.93954407666819
-0.891022090316902	-0.872353191110476	1.76694647547428	-2.44484142305607	0.564306107690828	2.08505080117787	1.93854341394536
-0.891179798673695	-0.873417249834669	1.76577112093078	-2.44418999116238	0.564565089425198	2.0834742443908	1.93752749658417
-0.891339104740766	-0.874497126523789	1.76457700466241	-2.44352861139974	0.564827162108772	2.08187364453745	1.93649628365709
-0.891499985812108	-0.875592854576728	1.76336404202711	-2.44285725354751	0.565092305760287	2.08024892967132	1.93544973611885
-0.891662418493635	-0.876704465317788	1.76213215001734	-2.44217588852069	0.565360499506701	2.07860003061064	1.93438781680641
-0.891826378703187	-0.877831987996676	1.76088124725999	-2.44148448836985	0.565631721583195	2.07692688093833	1.93331049043894
-0.891991841670527	-0.878975449788505	1.75961125401645	-2.44078302628118	0.565905949333171	2.07522941700206	1.93221772361788
-0.892158781937341	-0.880134875793795	1.75832209218259	-2.44007147657646	0.566183159208258	2.07350757791415	1.93110948482689
-0.89232717335724	-0.881310289038473	1.75701368528874	-2.43934981471306	0.566463326768305	2.07176130555168	1.92998574443184
-0.892496989095758	-0.882501710473873	1.75568595849971	-2.43861801728396	0.566746426681384	2.06999054455641	1.92884647468088
-0.892668201630354	-0.883709158976734	1.75433883861478	-2.43787606201774	0.56703243272379	2.06819524233482	1.92769164970436
-0.892840782750409	-0.884932651349202	1.75297225406772	-2.43712392777858	0.567321317780043	2.0663753490581	1.92652124551488
-0.893014703557228	-0.886172202318829	1.75158613492677	-2.43636159456625	0.567613053842882	2.06453081766215	1.92533524000727
-0.893189934464042	-0.887427824538576	1.75018041289464	-2.43558904351613	0.567907612013272	2.06266160384756	1.9241336129586
-0.893366445196004	-0.888699528586807	1.7487550213085	-2.43480625689919	0.5682049625004	2.06076766607965	1.92291634602815
-0.89354420479019	-0.889987322967296	1.74730989514004	-2.434013218122	0.568505074621676	2.05884896558844	1.92168342275748
-0.893723181595602	-0.89129121410922	1.74584497099537	-2.43320991172674	0.568807916802732	2.05690546636866	1.92043482857034
-0.893903343273165	-0.892611206367165	1.74436018711512	-2.43239632339119	0.569113456577425	2.05493713517976	1.91917055077273
-0.894084656795726	-0.893947302021124	1.74285548337437	-2.4315724399287	0.569421660587831	2.05294394154588	1.91789057855291
-0.894267088448058	-0.895299501276493	1.74133080128269	-2.43073824928825	0.569732494584253	2.05092585775588	1.91659490298133
-0.894450603826857	-0.896667802264079	1.73978608398411	-2.42989374055441	0.570045923425214	2.04888285886332	1.91528351701071
-0.894635167840744	-0.898052201040092	1.73822127625715	-2.42903890394735	0.570361911077463	2.04681492268648	1.91395641547598
-0.894820744710261	-0.89945269158615	1.73663632451478	-2.42817373082284	0.570680420615968	2.04472202980835	1.91261359509432
-0.895007297967876	-0.900869265809278	1.73503117680449	-2.42729821367225	0.571001414223923	2.04260416357662	1.91125505446515
-0.895194790457981	-0.902301913541907	1.7334057828082	-2.42641234612253	0.571324853192743	2.04046131010368	1.9098807940701
-0.89538318433689	-0.903750622541873	1.73176009384233	-2.42551612293626	0.571650697922067	2.03829345826666	1.90849081627306
-0.895572441072842	-0.905215378492422	1.73009406285777	-2.4246095400116	0.571978907919756	2.03610059970736	1.90708512532014
-0.895762521446001	-0.906696165002203	1.72840764443988	-2.42369259438231	0.572309441801895	2.03388272883232	1.90566372733969
-0.895953385548451	-0.908192963605273	1.7267007948085	-2.42276528421776	0.572642257292792	2.03163984281278	1.90422663034229
-0.896144992784205	-0.909705753761095	1.72497347181795	-2.42182760882292	0.572977311224975	2.02937194158468	1.90277384422075
-0.896337301869195	-0.911234512854541	1.72322563495701	-2.42087956863833	0.573314559539198	2.02707902784867	1.90130538075014
-0.896530270831279	-0.912779216195886	1.72145724534895	-2.41992116524016	0.573653957284437	2.02476110707012	1.89982125358773
-0.89672385701024	-0.914339837020813	1.71966826575151	-2.41895240134018	0.573995458617891	2.02241818747911	1.89832147827305
-0.896918017057782	-0.915916346490412	1.7178586605569	-2.41797328078574	0.574339016804981	2.02005028007041	1.89680607222785
-0.897112706937535	-0.917508713691179	1.71602839579181	-2.4169838085598	0.574684584219352	2.01765739860352	1.89527505475613
-0.897307881925052	-0.919116905635016	1.71417743911742	-2.41598399078092	0.575032112342872	2.01523955960263	1.89372844704411
-0.897503496607809	-0.920740887259233	1.71230575982935	-2.41497383470325	0.57538155176563	2.01279678235665	1.89216627216024
-0.897699504885208	-0.922380621426545	1.71041332885773	-2.41395334871655	0.57573285218594	2.0103290889192	1.89058855505522
-0.897895859968572	-0.924036068925074	1.70850011876714	-2.41292254234618	0.576085962410337	2.00783650410861	1.88899532256198
-0.89809251438115	-0.925707188468349	1.70656610375665	-2.41188142625309	0.576440830353582	2.00531905550791	1.88738660339568
-0.898289419958114	-0.927393936695305	1.70461125965981	-2.41083001223384	0.576797403038654	2.00277677346484	1.88576242815372
-0.89848652784656	-0.929096268170284	1.70263556394462	-2.40976831322057	0.577155626596761	2.00020969109185	1.88412282931573
-0.898683788505507	-0.930814135383034	1.70063899571358	-2.40869634328103	0.577515446267328	1.99761784426612	1.88246784124358
-0.898881151705898	-0.932547488748709	1.69862153570366	-2.40761411761859	0.577876806398006	1.9950012716295	1.88079750018136
-0.899078566530601	-0.934296276607871	1.69658316628629	-2.40652165257219	0.578239650444669	1.99236001458858	1.87911184425542
-0.899275981374407	-0.936060445226487	1.6945238714674	-2.40541896561638	0.578603920971412	1.98969411731464	1.87741091347432
-0.899473343944031	-0.937839938795932	1.69244363688737	-2.40430607536131	0.578969559650556	1.98700362674368	1.87569474972887
-0.89967060125811	-0.939634699432987	1.69034244982108	-2.40318300155273	0.579336507262642	1.98428859257641	1.8739633967921
-0.899867699647209	-0.941444667179838	1.68822029917786	-2.40204976507198	0.579704703696434	1.98154906727825	1.87221690031929
-0.900064584753812	-0.94326978000408	1.68607717550153	-2.40090638793602	0.580074087948921	1.9787851060793	1.87045530784795
-0.900261201532329	-0.945109973798713	1.68391307097039	-2.39975289329738	0.580444598125313	1.97599676697442	1.86867866879782
-0.900457494249095	-0.946965182382143	1.6817279793972	-2.39858930544421	0.580816171439044	1.97318411072313	1.86688703447088
-0.900653406482367	-0.948835337498184	1.67952189622921	-2.39741564980026	0.58118874421177	1.9703472008497	1.86508045805134
-0.900848881122327	-0.950720368816057	1.67729481854813	-2.39623195292487	0.58156225187337	1.96748610364307	1.86325899460564
-0.901043860371079	-0.952620203930386	1.67504674507016	-2.39503824251299	0.581936628961947	1.96460088815691	1.86142270108246
-0.901238285742652	-0.954534768361205	1.67277767614596	-2.39383454739514	0.582311809123825	1.96169162620961	1.85957163631273
-0.901432098062999	-0.956463985553954	1.67048761376068	-2.39262089753749	0.582687725113553	1.95875839238424	1.85770586100959
-0.901625237469998	-0.958407776879478	1.66817656153394	-2.39139732404175	0.583064308793901	1.95580126402861	1.85582543776842
-0.901817643413447	-0.960366061634031	1.66584452471982	-2.39016385914529	0.583441491135864	1.95282032125521	1.85393043106685
-0.902009254655072	-0.962338757039269	1.66349151020691	-2.38892053622103	0.583819202218656	1.94981564694125	1.85202090726472
-0.902200009268519	-0.96432577824226	1.66111752651824	-2.3876673897775	0.584197371229719	1.94678732672867	1.85009693460412
-0.902389844639362	-0.966327038315476	1.65872258381134	-2.38640445545886	0.584575926464714	1.94373544902408	1.84815858320939
-0.902578697465095	-0.968342448256793	1.65630669387819	-2.38513177004483	0.584954795327526	1.94066010499883	1.84620592508707
-0.902766503755137	-0.970371916989499	1.65386987014527	-2.38384937145076	0.585333904330264	1.93756138858896	1.84423903412595
-0.902953198830833	-0.972415351362284	1.65141212767352	-2.38255729872757	0.585713179093259	1.93443939649523	1.84225798609706
-0.903138717325448	-0.974472656149246	1.64893348315836	-2.38125559206179	0.586092544345064	1.9312942281831	1.84026285865367
-0.903322993184174	-0.976543734049889	1.64643395492969	-2.37994429277557	0.586471923922456	1.92812598588276	1.83825373133126
-0.903505959664125	-0.978628485689126	1.64391356295188	-2.37862344332664	0.586851240770435	1.92493477458908	1.83623068554757
-0.903687549334339	-0.980726809617273	1.64137232882377	-2.37729308730832	0.587230416942224	1.92172070206165	1.83419380460256
-0.903867694075778	-0.982838602310054	1.63881027577868	-2.37595326944955	0.587609373599267	1.91848387882478	1.83214317367843
-0.904046325081329	-0.984963758168601	1.63622742868441	-2.37460403561485	0.587988031011233	1.91522441816747	1.83007887983961
-0.904223372855801	-0.98710216951945	1.63362381404323	-2.37324543280437	0.588366308556013	1.91194243614344	1.82800101203277
-0.904398767215927	-0.989253726614545	1.63099945999189	-2.37187750915381	0.588744124719721	1.90863805157112	1.82590966108682
-0.904572437290365	-0.991418317631236	1.6283543963016	-2.37050031393452	0.589121397096694	1.90531138603365	1.82380491971288
-0.904744311519696	-0.993595828672279	1.62568865437806	-2.36911389755342	0.589498042389492	1.90196256387887	1.82168688250433
-0.904914317656424	-0.995786143765839	1.62300226726145	-2.36771831155303	0.589873976408897	1.89859171221934	1.81955564593678
-0.905082382764979	-0.997989144865484	1.62029526962641	-2.36631360861148	0.590249114073916	1.89519896093231	1.81741130836806
-0.905248433221713	-1.00020471185019	1.61756769778206	-2.3648998425425	0.590623369411776	1.89178444265977	1.81525397003826
-0.905412394714902	-1.00243272252434	1.614819589672	-2.3634770682954	0.590996655557928	1.88834829280838	1.81308373306967
-0.905574192244746	-1.00467305261773	1.61205098487431	-2.36204534195512	0.591368884756048	1.88489064954954	1.81090070146686
-0.90573375012337	-1.00692557578554	1.60926192460152	-2.36060472074217	0.591739968358032	1.88141165381935	1.80870498111658
-0.90589099197482	-1.00919016360839	1.60645245170066	-2.35915526301268	0.592109816824	1.87791144931861	1.80649667978786
-0.906045840735068	-1.01146668559228	1.60362261065324	-2.35769702825835	0.592478339722294	1.87439018251285	1.80427590713194
-0.90619821865201	-1.01375500916862	1.60077244757521	-2.35623007710653	0.592845445729481	1.87084800263228	1.80204277468231
-0.906348047285464	-1.01605499969424	1.59790201021704	-2.35475447132012	0.593211042630349	1.86728506167184	1.79979739585468
-0.906495247507174	-1.01836652045137	1.59501134796363	-2.35327027379764	0.59357503731791	1.86370151439117	1.79753988594701
-0.906639739500805	-1.02068943264764	1.5921005118344	-2.35177754857321	0.593937335793398	1.86009751831462	1.79527036213947
-0.906781442761949	-1.02302359541609	1.58916955448321	-2.35027636081654	0.594297843166271	1.85647323373125	1.79298894349449
-0.90692027609812	-1.02536886581517	1.58621853019842	-2.34876677683296	0.594656463654207	1.85282882369484	1.79069575095673
-0.907056157628756	-1.02772509882874	1.58324749490284	-2.34724886406337	0.595013100583111	1.84916445402386	1.78839090735307
-0.907189004785218	-1.03009214736605	1.58025650615377	-2.34572269108429	0.595367656387109	1.84548029330149	1.78607453739263
-0.907318734310792	-1.03246986226178	1.577245623143	-2.34418832760784	0.595720032608548	1.84177651287564	1.78374676766678
-0.907445262260688	-1.03485809227599	1.57421490669676	-2.34264584448173	0.596070129898001	1.8380532868589	1.78140772664911
-0.907568504002038	-1.03725668409417	1.57116441927579	-2.34109531368926	0.596417848014263	1.8343107921286	1.77905754469545
-0.907688374213901	-1.0396654823272	1.56809422497527	-2.33953680834935	0.59676308582435	1.83054920832675	1.77669635404385
-0.907804786887256	-1.04208432951139	1.5650043895249	-2.33797040271651	0.597105741303504	1.82676871786008	1.77432428881461
-0.907917655325008	-1.04451306610842	1.56189498028881	-2.33639617218085	0.597445711535186	1.82296950590004	1.77194148501027
-0.908026892141986	-1.0469515305054	1.55876606626563	-2.33481419326808	0.597782892711084	1.81915176038276	1.76954808051559
-0.908132409264942	-1.04939955901486	1.55561771808847	-2.3332245436395	0.598117180131106	1.81531567200912	1.76714421509757
-0.908234117932552	-1.0518569858747	1.55245000802489	-2.33162730209203	0.598448468203384	1.81146143424468	1.76473003040545
-0.908331928695416	-1.05432364324825	1.54926300997694	-2.33002254855816	0.598776650444272	1.80758924331971	1.76230566997069
-0.908425751416056	-1.05679936122425	1.54605679948116	-2.32841036410601	0.599101619478349	1.8036992982292	1.75987127920699
-0.908515495268922	-1.05928396781683	1.54283145370855	-2.32679083093928	0.599423267038415	1.79979180073284	1.7574270054103
-0.908601068740383	-1.06177728896555	1.53958705146457	-2.32516403239727	0.599741483965493	1.79586695535503	1.75497299775879
-0.908682379628735	-1.06427914853534	1.53632367318918	-2.32353005295489	0.60005616020883	1.79192496938488	1.75250940731287
-0.908759335044196	-1.06678936831658	1.53304140095681	-2.32188897822264	0.600367184825894	1.78796605287622	1.75003638701517
-0.90883184140891	-1.06930776802503	1.52974031847636	-2.32024089494661	0.600674445982377	1.78399041864757	1.74755409169058
-0.908899804456942	-1.07183416530185	1.5264205110912	-2.31858589100852	0.600977830952195	1.77999828228217	1.7450626780462
-0.908963129234283	-1.07436837571363	1.52308206577919	-2.31692405542566	0.601277226117485	1.77598986212796	1.74256230467137
-0.909021720098847	-1.07691021275235	1.51972507115265	-2.31525547835092	0.601572516968608	1.77196537929761	1.74005313203769
-0.909075480720471	-1.07945948783541	1.51634961745839	-2.31358025107282	0.601863588104147	1.76792505766847	1.73753532249897
-0.909124314080917	-1.08201601030559	1.51295579657768	-2.31189846601544	0.602150323230909	1.76386912388262	1.73500904029124
-0.909168122473871	-1.08457958743111	1.50954370202627	-2.31021021673848	0.602432605163923	1.75979780734684	1.7324744515328
-0.90920680750494	-1.08715002440557	1.50611342895439	-2.30851559793725	0.602710315826442	1.75571134023262	1.72993172422417
-0.90924027009166	-1.089727124348	1.50266507414675	-2.30681470544262	0.602983336249939	1.75160995747616	1.72738102824809
-0.909268410463485	-1.09231068830281	1.49919873602252	-2.30510763622111	0.603251546574114	1.74749389677837	1.72482253536955
-0.909291128161798	-1.09490051523984	1.49571451463536	-2.30339448837479	0.603514826046886	1.74336339860486	1.72225641923578
-0.909308322039901	-1.09749640205432	1.49221251167339	-2.30167536114137	0.603773053024401	1.73921870618597	1.71968285537623
-0.909319890263024	-1.1000981435669	1.48869283045921	-2.29995035489414	0.604026104971023	1.73506006551673	1.7171020212026
-0.909325730308317	-1.10270553252363	1.48515557594991	-2.29821957114198	0.604273858459344	1.73088772535687	1.7145140960088
-0.909325738964858	-1.10531835959596	1.48160085473704	-2.2964831125294	0.604516189170174	1.72670193723086	1.711919260971
-0.909319812333645	-1.10793641338076	1.47802877504663	-2.29474108283647	0.60475297189255	1.72250295542786	1.70931769914759
-0.909307845827601	-1.11055948040029	1.47443944673917	-2.29299358697889	0.604984080523729	1.71829103700173	1.7067095954792
-0.909289734171575	-1.11318734510223	1.47083298130966	-2.29124073100794	0.605209388069193	1.71406644177106	1.70409513678869
-0.909265371402336	-1.11581978985967	1.46720949188754	-2.28948262211052	0.605428766642645	1.70982943231913	1.70147451178116
-0.90923465086858	-1.11845659497109	1.46356909323674	-2.2877193686091	0.605642087466012	1.70558027399395	1.69884791104395
-0.909197465230924	-1.12109753866038	1.45991190175567	-2.28595107996178	0.605849220869443	1.70131923490821	1.69621552704661
-0.909153706461912	-1.12374239707686	1.45623803547721	-2.28417786676224	0.606050036291312	1.69704658593933	1.69357755414096
-0.90910326584601	-1.12639094429523	1.45254761406871	-2.28239984073976	0.606244402278213	1.69276260072944	1.69093418856103
-0.909046033979606	-1.1290429523156	1.44884075883201	-2.28061711475923	0.606432186484965	1.68846755568536	1.68828562842308
-0.908981900771015	-1.1316981910635	1.4451175927034	-2.27882980282113	0.60661325567461	1.68416172997865	1.68563207372563
-0.908910755440475	-1.13435642838985	1.44137824025367	-2.27703802006154	0.60678747571841	1.67984540554554	1.6829737263494
-0.908832486520147	-1.13701743007099	1.43762282768807	-2.27524188275215	0.606954711595853	1.675518867087	1.68031079005739
-0.908746981854115	-1.13968095980865	1.43385148284634	-2.27344150830022	0.607114827394649	1.6711824020687	1.67764347049479
-0.908654128598389	-1.14234677923	1.43006433520267	-2.27163701524865	0.60726768631073	1.66683630072102	1.67497197518905
-0.908553813220902	-1.14501464788757	1.42626151586576	-2.26982852327591	0.607413150648252	1.66248085603903	1.67229651354985
-0.908445921501509	-1.14768432325934	1.42244315757875	-2.26801615319608	0.607551081819594	1.65811636378254	1.66961729686909
-0.908330338531992	-1.15035556074866	1.41860939471929	-2.26620002695883	0.607681340345357	1.65374312247604	1.66693453832093
-0.908206948716053	-1.15302811368432	1.41476036329946	-2.26438026764944	0.607803785854364	1.64936143340875	1.66424845296174
-0.908075635769322	-1.15570173332049	1.41089620096586	-2.2625569994888	0.607918277083664	1.6449716006346	1.66155925773015
-0.907936282719349	-1.15837616883676	1.40701704699955	-2.26073034783336	0.608024671878525	1.64057393097221	1.658867171447
-0.907788771905611	-1.16105116733812	1.40312304231605	-2.25890043917521	0.608122827192442	1.63616873400491	1.65617241481538
-0.907632984979506	-1.16372647385498	1.39921432946537	-2.25706740114202	0.608212599087129	1.63175632208076	1.6534752104206
-0.907468802904357	-1.16640183134313	1.39529105263199	-2.25523136249706	0.608293842732526	1.62733701031252	1.65077578273022
-0.907296105955411	-1.16907698068379	1.39135335763487	-2.2533924531392	0.608366412406793	1.62291111657765	1.64807435809403
-0.90711477371984	-1.17175166068359	1.38740139192745	-2.25155080410291	0.608430161496316	1.61847896151832	1.64537116474406
-0.906924685096737	-1.17442560807454	1.38343530459763	-2.24970654755827	0.608484942495701	1.61404086854142	1.64266643279455
-0.90672571829712	-1.17709855751408	1.37945524636779	-2.24785981681095	0.608530607007778	1.60959716381854	1.63996039424201
-0.906517750843933	-1.17977024158505	1.3754613695948	-2.2460107463022	0.608567005743601	1.60514817628598	1.63725328296515
-0.906300659572039	-1.18244039079569	1.37145382826998	-2.2441594716089	0.608593988522446	1.60069423764475	1.63454533472494
-0.90607432062823	-1.18510873357965	1.36743277801914	-2.24230612944351	0.608611404271811	1.59623568236057	1.63183678716458
-0.905838609471218	-1.187774996296	1.36339837610257	-2.24045085765411	0.608619101027418	1.59177284766387	1.62912787980949
-0.905593400871641	-1.19043890322919	1.35935078141503	-2.23859379522435	0.608616925933211	1.58730607354978	1.62641885406734
-0.90533856891206	-1.19310017658911	1.35529015448574	-2.23673508227351	0.608604725241358	1.58283570277815	1.62370995322803
-0.905073986986959	-1.19575853651102	1.35121665747843	-2.23487486005644	0.60858234431225	1.57836208087353	1.62100142246369
-0.904799527802748	-1.19841370105562	1.34713045419126	-2.2330132709636	0.608549627614499	1.57388555612518	1.61829350882869
-0.904515063377758	-1.20106538620898	1.34303171005691	-2.23115045852107	0.608506418724941	1.56940647958709	1.61558646125964
-0.904220465042245	-1.20371330588262	1.3389205921425	-2.22928656739049	0.608452560328636	1.56492520507792	1.61288053057537
-0.903915603438391	-1.20635717191343	1.33479726914965	-2.22742174336914	0.608387894218866	1.56044208918107	1.61017596947695
-0.903600348520298	-1.20899669406373	1.33066191141443	-2.22555613338986	0.608312261297134	1.55595749124463	1.60747303254769
-0.903274569553994	-1.21163158002122	1.32651469090742	-2.22368988552113	0.608225501573169	1.55147177338142	1.60477197625313
-0.902938135117431	-1.21426153539905	1.32235578123364	-2.22182314896699	0.608127454164922	1.54698530046895	1.60207305894104
-0.902590913100484	-1.21688626373572	1.31818535763261	-2.21995607406711	0.608017957298564	1.54249844014945	1.59937654084144
-0.902232770704951	-1.21950546649519	1.31400359697831	-2.21808881229674	0.607896848308494	1.53801156282984	1.59668268406657
-0.901863574444556	-1.2221188430668	1.30981067777919	-2.21622151626673	0.60776396363733	1.53352504168177	1.59399175261091
-0.901483190144944	-1.22472609076529	1.30560678017821	-2.21435433972355	0.607619138835913	1.5290392526416	1.59130401235117
-0.901091482943688	-1.22732690483081	1.30139208595276	-2.21248743754924	0.607462208563309	1.52455457441038	1.58861973104631
-0.900688317290279	-1.22992097842895	1.29716677851473	-2.21062096576146	0.607293006586806	1.52007138845389	1.5859391783375
-0.900273556946138	-1.23250800265065	1.29293104291049	-2.20875508151347	0.607111365781914	1.5155900790026	1.58326262574815
-0.899847064984604	-1.2350876665123	1.28868506582087	-2.20688994309411	0.606917118132367	1.51111103305169	1.58059034668393
-0.899408703790945	-1.23765965695569	1.28442903556119	-2.20502570992783	0.606710094730121	1.50663464036107	1.57792261643272
-0.898958335062348	-1.24022365884799	1.28016314208122	-2.20316254257469	0.606490125775356	1.50216129345534	1.57525971216464
-0.898495819807928	-1.24277935498181	1.27588757696523	-2.20130060273033	0.606257040576473	1.49769138762381	1.57260191293204
-0.898021018348722	-1.24532642607514	1.27160253343196	-2.199440053226	0.606010667550098	1.49322532092051	1.56994949966952
-0.897533790317689	-1.24786455077139	1.26730820633462	-2.19758105802856	0.605750834221079	1.48876349416417	1.5673027551939
-0.897033994659715	-1.25039340563939	1.26300479216089	-2.19572378224044	0.605477367222487	1.48430631093822	1.56466196420423
-0.896521489631608	-1.25291266517334	1.25869248903294	-2.19386839209969	0.605190092295614	1.47985417759082	1.56202741328182
-0.8959961328021	-1.25542200179288	1.25437149670741	-2.19201505497997	0.604888834289979	1.47540750323483	1.55939939089018
-0.895457781051847	-1.25792108584305	1.25004201657541	-2.19016393939051	0.60457341716332	1.4709666997478	1.55677818737509
-0.894906290573429	-1.26040958559428	1.24570425166253	-2.18831521497615	0.604243663981599	1.46653218177203	1.55416409496454
-0.894341516871349	-1.26288716724241	1.24135840662883	-2.18646905251735	0.603899396919003	1.46210436671449	1.55155740776875
-0.893763314762035	-1.26535349490872	1.23700468776884	-2.18462562393014	0.603540437257938	1.45768367474687	1.5489584217802
-0.893171538373837	-1.26780823063984	1.23264330301159	-2.18278510226617	0.603166605389037	1.45327052880558	1.54636743487359
-0.892566041147031	-1.27025103440786	1.22827446192056	-2.18094766171266	0.602777720811152	1.44886535459172	1.54378474680586
-0.891946675833815	-1.27268156411024	1.22389837569371	-2.17911347759248	0.602373602131361	1.44446858057113	1.54121065921616
-0.891313294498312	-1.27509947556987	1.21951525716348	-2.17728272636405	0.601954067064964	1.44008063797433	1.53864547562591
-0.890665748516568	-1.27750442253502	1.21512532079679	-2.17545558562141	0.601518932435482	1.43570196079655	1.53608950143874
-0.890003888576553	-1.27989605667941	1.21072878269503	-2.1736322340942	0.601068014174662	1.43133298579774	1.53354304394053
-0.889327564678161	-1.28227402760211	1.20632586059405	-2.17181285164766	0.600601127322471	1.42697415250257	1.53100641229939
-0.88863662613321	-1.28463798282765	1.20191677386421	-2.16999761928262	0.600118086027101	1.42262590320038	1.52847991756566
-0.887930921565441	-1.28698756780592	1.19750174351031	-2.16818671913552	0.599618703544966	1.41828868294526	1.52596387267191
-0.88721029891052	-1.28932242591226	1.19308099217164	-2.16638033447839	0.599102792240702	1.41396293955599	1.52345859243296
-0.886474605416036	-1.29164219844738	1.18865474412197	-2.16457864971887	0.59857016358717	1.40964912361606	1.52096439354585
-0.885723687641501	-1.29394652463743	1.18422322526954	-2.16278185040018	0.598020628165452	1.40534768847367	1.51848159458986
-0.884957391458352	-1.29623504163392	1.17978666315706	-2.16099012320117	0.597453995664854	1.40105909024172	1.51601051602651
-0.88417556204995	-1.29850738451382	1.17534528696173	-2.15920365593626	0.596870074882904	1.39678378779784	1.51355148019955
-0.883378043911579	-1.30076318627948	1.17089932749521	-2.15742263755548	0.596268673725354	1.39252224278435	1.51110481133496
-0.882564680850446	-1.30300207785865	1.16644901720364	-2.15564725814446	0.595649599206178	1.38827491960829	1.50867083554096
-0.881735315985685	-1.30522368810449	1.16199459016763	-2.15387770892443	0.595012657447573	1.3840422854414	1.506249880808
-0.88088979174835	-1.30742764379558	1.15753628210228	-2.15211418225223	0.594357653679958	1.37982481022013	1.50384227700877
-0.880027949881421	-1.30961356963589	1.15307433035716	-2.15035687162026	0.593684392241978	1.37562296664565	1.5014483558982
-0.879149631439802	-1.31178108825482	1.1486089739163	-2.14860597165658	0.592992676580497	1.37143723018383	1.49906845111343
-0.878254676790318	-1.31392982020714	1.14414045339822	-2.14686167812478	0.592282309250604	1.36726807906524	1.49670289817387
-0.877342925611722	-1.31605938397306	1.13966901105591	-2.14512418792412	0.591553091915611	1.36311599428518	1.49435203448113
-0.876414216894687	-1.31816939595819	1.13519489077684	-2.1433936990894	0.590804825347052	1.35898145960364	1.49201619931908
-0.875468388941812	-1.32025947049352	1.13071833808296	-2.14167041079105	0.590037309424684	1.35486496154533	1.48969573385381
-0.87450527936762	-1.32232921983548	1.12623960013067	-2.13995452333509	0.589250343136488	1.35076698939967	1.48739098113366
-0.873524725098557	-1.32437825416589	1.12175892571088	-2.13824623816315	0.588443724578667	1.34668803522077	1.48510228608917
-0.872526562372991	-1.32640618159198	1.11727656524894	-2.13654575785244	0.587617250955646	1.34262859382747	1.48282999553316
-0.871510626741218	-1.32841260814639	1.11279277080471	-2.13485328611579	0.586770718580074	1.33858916280331	1.48057445816066
-0.870476753065454	-1.33039713778716	1.10830779607249	-2.13316902780161	0.585903922872823	1.33457024249655	1.47833602454893
-0.86942477551984	-1.33235937239774	1.10382189638109	-2.13149318889393	0.585016658362988	1.33057233602014	1.47611504715748
-0.868354527590442	-1.33429891178698	1.09933532869376	-2.12982597651236	0.584108718687886	1.32659594925175	1.47391188032804
-0.867265842075248	-1.33621535368915	1.09484835160826	-2.12816759891212	0.583179896593057	1.32264159083375	1.47172688028458
-0.866158551084171	-1.33810829376392	1.0903612253568	-2.12651826548402	0.582229983932265	1.31870977217324	1.46956040513331
-0.865032486039047	-1.33997732559636	1.08587421180607	-2.12487818675448	0.581258771667495	1.31480100744201	1.46741281486267
-0.863887477673638	-1.34182204069695	1.08138757445725	-2.12324757438552	0.580266049868957	1.31091581357656	1.46528447134333
-0.862723356033625	-1.34364202850158	1.07690157844598	-2.12162664117475	0.579251607715082	1.30705471027811	1.46317573832821
-0.861539950476618	-1.34543687637155	1.07241649054237	-2.12001560105538	0.578215233492526	1.30321822001257	1.46108698145244
-0.860337089672148	-1.34720616959356	1.06793257915102	-2.11841466909622	0.577156714596166	1.29940686801058	1.45901856823341
-0.85911460160167	-1.34894949137972	1.063450114311	-2.11682406150168	0.576075837529102	1.29562118226748	1.45697086807073
-0.857872354302935	-1.35066650854827	1.05896931789361	-2.11524395707069	0.574972441834342	1.2918615985588	1.45494417538625
-0.856610378332463	-1.35235722925732	1.05449021365079	-2.11367438119479	0.573846582187122	1.28812817456522	1.45293847841673
-0.855328744933804	-1.35402174717286	1.05001277566846	-2.1121153208191	0.572698367120043	1.2844208732133	1.45095368869578
-0.854027525350509	-1.35566015596084	1.04553697803251	-2.11056676288872	0.571527905165711	1.28073965742957	1.448989717757
-0.85270679082613	-1.35727254928723	1.04106279482886	-2.10902869434874	0.570335304856727	1.27708449014061	1.44704647713401
-0.851366612604218	-1.358859020818	1.03659020014342	-2.10750110214427	0.569120674725697	1.27345533427297	1.44512387836043
-0.850007061928325	-1.36041966421912	1.03211916806209	-2.1059839732204	0.567884123305225	1.26985215275319	1.44322183296985
-0.848628210042	-1.36195457315655	1.02764967267077	-2.10447729452225	0.566625759127914	1.26627490850784	1.4413402524959
-0.847230128188796	-1.36346384129626	1.02318168805539	-2.1029810529949	0.565345690726367	1.26272356446347	1.43947904847218
-0.845812887612263	-1.36494756230422	1.01871518830183	-2.10149523558347	0.564044026633189	1.25919808354663	1.43763813243231
-0.844376559555953	-1.36640582984639	1.01425014749602	-2.10001982923304	0.562720875380983	1.25569842868388	1.4358174159099
-0.842921215263417	-1.36783873758874	1.00978653972385	-2.09855482088873	0.561376345502353	1.25222456280178	1.43401681043857
-0.841446925978206	-1.36924637919724	1.00532433907124	-2.09710019749563	0.560010545529904	1.24877644882687	1.43223622755191
-0.83995376294387	-1.37062884833785	1.00086351962409	-2.09565594599884	0.558623583996238	1.24535404968572	1.43047557878355
-0.838441797403963	-1.37198623867655	0.996404055468309	-2.09422205334347	0.557215569433959	1.24195732830487	1.42873477566709
-0.836911100602033	-1.37331864387929	0.991945920689805	-2.09279850647462	0.555786610375672	1.23858624761089	1.42701372973615
-0.835361743781633	-1.37462615761205	0.987489089374485	-2.09138529233738	0.55433681535398	1.23524077053033	1.42531235252434
-0.833793798186314	-1.3759088735408	0.983033535608256	-2.08998239787686	0.552866292901487	1.23192085998973	1.42363055556527
-0.832207335059627	-1.3771668853315	0.978579233477025	-2.08858981003815	0.551375151550797	1.22862647891567	1.42196825039255
-0.830602425645122	-1.37840028665011	0.9741261570667	-2.08720751576636	0.549863499834513	1.22535759023469	1.4203253485398
-0.828979141186352	-1.37960917116261	0.969674280463187	-2.0858355020066	0.54833144628524	1.22211415687334	1.41870176154062
-0.827337552926867	-1.38079363253496	0.965223577752394	-2.08447375570395	0.54677909943558	1.21889614175818	1.41709740092863
-0.825677732110219	-1.38195376443313	0.960774023020228	-2.08312226380353	0.545206567818139	1.21570350781577	1.41551217823744
-0.823999749979958	-1.38308966052308	0.956325590352597	-2.08178101325043	0.543613959965519	1.21253621797266	1.41394600500066
-0.822303677779636	-1.38420141447079	0.951878253835407	-2.08044999098975	0.542001384410324	1.20939423515541	1.41239879275191
-0.820589586752803	-1.38528911994221	0.947431987554566	-2.07912918396659	0.540368949685159	1.20627752229057	1.41087045302479
-0.818857548143012	-1.38635287060333	0.942986765595981	-2.07781857912606	0.538716764322626	1.20318604230469	1.40936089735291
-0.817107633193813	-1.3873927601201	0.938542562045559	-2.07651816341326	0.537044936855331	1.20011975812433	1.40787003726989
-0.815339913148758	-1.38840888215848	0.934099350989208	-2.07522792377328	0.535353575815876	1.19707863267604	1.40639778430934
-0.813554459251396	-1.38940133038446	0.929657106512835	-2.07394784715122	0.533642789736866	1.19406262888639	1.40494405000487
-0.811751342745281	-1.39037019846399	0.925215802702347	-2.0726779204922	0.531912687150903	1.19107170968192	1.40350874589009
-0.809930634873962	-1.39131558006305	0.92077541364365	-2.07141813074131	0.530163376590593	1.18810583798918	1.40209178349862
-0.808092406880992	-1.39223756884759	0.916335913422654	-2.07016846484364	0.528394966588539	1.18516497673474	1.40069307436407
-0.80623673000992	-1.39313625848359	0.911897276125263	-2.06892890974431	0.526607565677343	1.18224908884515	1.39931253002004
-0.804363675504299	-1.39401174263701	0.907459475837387	-2.0676994523884	0.524801282389612	1.17935813724696	1.39795006200015
-0.802473314607678	-1.39486411497383	0.903022486644932	-2.06648007972103	0.522976225257947	1.17649208486673	1.39660558183801
-0.800565718563611	-1.39569346916	0.898586282633805	-2.06527077868729	0.521132502814954	1.17365089463101	1.39527900106724
-0.798640958615647	-1.39649989886149	0.894150837889914	-2.06407153623229	0.519270223593235	1.17083452946636	1.39397023122144
-0.796699106007338	-1.39728349774428	0.889716126499166	-2.06288233930112	0.517389496125394	1.16804295229933	1.39267918383422
-0.794740231982235	-1.39804435947433	0.885282122547468	-2.06170317483889	0.515490428944036	1.16527612605648	1.39140577043921
-0.792764407783889	-1.3987825777176	0.880848800120726	-2.06053402979069	0.513573130581764	1.16253401366436	1.39014990257
-0.790771704655852	-1.39949824614007	0.87641613330485	-2.05937489110163	0.511637709571182	1.15981657804952	1.38891149176021
-0.788762193841674	-1.40019145840769	0.871984096185745	-2.05822574571681	0.509684274444894	1.15712378213853	1.38769044954346
-0.786735946584906	-1.40086230818644	0.867552662849319	-2.05708658058133	0.507712933735503	1.15445558885793	1.38648668745335
-0.784693034129101	-1.40151088914229	0.863121807381479	-2.05595738264028	0.505723795975613	1.15181196113428	1.3853001170235
-0.782633527717808	-1.40213729494119	0.858691503868133	-2.05483813883878	0.503716969697828	1.14919286189414	1.38413064978751
-0.780557498594579	-1.40274161924913	0.854261726395187	-2.05372883612192	0.501692563434752	1.14659825406405	1.38297819727901
-0.778465018002965	-1.40332395573206	0.84983244904855	-2.0526294614348	0.499650685718989	1.14402810057058	1.38184267103159
-0.776356157186518	-1.40388439805595	0.845403645914127	-2.05154000172253	0.497591445083142	1.14148236434028	1.38072398257888
-0.774230987388788	-1.40442303988677	0.840975291077827	-2.0504604439302	0.495514950059815	1.13896100829971	1.37962204345449
-0.772089579853327	-1.40493997489049	0.836547358625556	-2.04939077500291	0.493421309181613	1.13646399537541	1.37853676519202
-0.769932005823685	-1.40543529673307	0.832119822643222	-2.04833098188577	0.491310630981138	1.13399128849395	1.37746805932509
-0.767758336543415	-1.40590909908048	0.827692657216732	-2.04728105152388	0.489183023990995	1.13154285058187	1.3764158373873
-0.765568643256066	-1.40636147559869	0.823265836431994	-2.04624097086233	0.487038596743787	1.12911864456574	1.37538001091228
-0.763362997205191	-1.40679251995366	0.818839334374914	-2.04521072684623	0.484877457772118	1.1267186333721	1.37436049143363
-0.76114146963434	-1.40720232581137	0.814413125131399	-2.04419030642068	0.482699715608592	1.12434277992752	1.37335719048497
-0.758904131787065	-1.40759098683777	0.809987182787358	-2.04317969653078	0.480505478785813	1.12199104715855	1.3723700195999
-0.756651054906916	-1.40795859669884	0.805561481428696	-2.04217888412163	0.478294855836384	1.11966339799173	1.37139889031204
-0.754382310237446	-1.40830524906055	0.801135995141322	-2.04118785613834	0.47606795529291	1.11735979535364	1.37044371415501
-0.752097969022204	-1.40863103758885	0.796710698011143	-2.04020659952599	0.473824885687994	1.11508020217081	1.3695044026624
-0.749798102504742	-1.40893605594972	0.792285564124066	-2.0392351012297	0.471565755554239	1.11282458136982	1.36858086736783
-0.747482781928612	-1.40922039780912	0.787860567565997	-2.03827334819456	0.469290673424251	1.1105928958772	1.36767301980492
-0.745152078537364	-1.40948415683303	0.783435682422845	-2.03732132736568	0.466999747830632	1.10838510861952	1.36678077150728
-0.742806063574549	-1.4097274266874	0.779010882780517	-2.03637902568816	0.464693087305986	1.10620118252333	1.36590403400852
-0.74044480828372	-1.40995030103821	0.774586142724919	-2.03544643010709	0.462370800382917	1.10404108051518	1.36504271884224
-0.738068383908426	-1.41015287355142	0.770161436341959	-2.03452352756758	0.460032995594029	1.10190476552164	1.36419673754207
-0.735676861692219	-1.410335237893	0.765736737717545	-2.03361030501472	0.457679781471926	1.09979220046924	1.36336600164161
-0.73327031287865	-1.41049748772891	0.761312020937583	-2.03270674939363	0.455311266549211	1.09770334828456	1.36255042267447
-0.730848808711271	-1.41063971672513	0.756887260087981	-2.03181284764939	0.452927559358488	1.09563817189415	1.36174991217427
-0.728412420433632	-1.41076201854762	0.752462429254645	-2.03092858672712	0.450528768432361	1.09359663422455	1.36096438167462
-0.725961219289285	-1.41086448686235	0.748037502523484	-2.03005395357191	0.448115002303434	1.09157869820232	1.36019374270913
-0.72349527652178	-1.41094721533528	0.743612453980405	-2.02918893512886	0.445686369504311	1.08958432675403	1.35943790681141
-0.72101466337467	-1.41101029763238	0.739187257711314	-2.02833351834307	0.443242978567595	1.08761348280621	1.35869678551507
-0.718519451091504	-1.41105382741963	0.734761887802118	-2.02748769015965	0.44078493802589	1.08566612928544	1.35797029035373
-0.716009710915835	-1.41107789836297	0.730336318338726	-2.0266514375237	0.438312356411801	1.08374222911826	1.357258332861
-0.713485514091213	-1.4110826041284	0.725910523407044	-2.02582474738031	0.435825342257929	1.08184174523122	1.35656082457048
-0.710946931861189	-1.41106803838186	0.72148447709298	-2.02500760667458	0.433324004096881	1.07996464055089	1.3558776770158
-0.708394035469316	-1.41103429478932	0.71705815348244	-2.02420000235163	0.430808450461259	1.07811087800381	1.35520880173055
-0.705826896159143	-1.41098146701677	0.712631526661333	-2.02340192135654	0.428278789883667	1.07628042051655	1.35455411024836
-0.703245585174222	-1.41090964873015	0.708204570715564	-2.02261335063442	0.425735130896709	1.07447323101565	1.35391351410283
-0.700650173758104	-1.41081893359544	0.703777259731042	-2.02183427713037	0.423177582032988	1.07268927242767	1.35328692482759
-0.69804073315434	-1.41070941527861	0.699349567793674	-2.0210646877895	0.420606251825109	1.07092850767917	1.35267425395623
-0.695417334606482	-1.41058118744561	0.694921468989367	-2.02030456955689	0.418021248805675	1.0691908996967	1.35207541302236
-0.692780049358081	-1.41043434376243	0.690492937404028	-2.01955390937766	0.415422681507291	1.06747641140682	1.35149031355962
-0.690128948652687	-1.41026897789503	0.686063947123564	-2.0188126941969	0.412810658462559	1.06578500573607	1.35091886710159
-0.687464103733852	-1.41008518350936	0.681634472233883	-2.01808091095972	0.410185288204084	1.06411664561102	1.3503609851819
-0.684785585845126	-1.40988305427141	0.677204486820892	-2.01735854661121	0.407546679264469	1.06247129395822	1.34981657933416
-0.682093466230063	-1.40966268384714	0.672773964970497	-2.01664558809647	0.404894940176319	1.06084891370423	1.34928556109197
-0.679387816132211	-1.40942416590251	0.668342880768607	-2.01594202236062	0.402230179472236	1.05924946777559	1.34876784198896
-0.676668706795123	-1.40916759410349	0.663911208301129	-2.01524783634874	0.399552505684826	1.05767291909887	1.34826333355873
-0.673936209462349	-1.40889306211605	0.659478921653969	-2.01456301700594	0.396862027346691	1.05611923060061	1.34777194733489
-0.671190395377442	-1.40860066360616	0.655045994913036	-2.01388755127732	0.394158852990435	1.05458836520738	1.34729359485105
-0.668431335783951	-1.40829049223977	0.650612402164235	-2.01322142610798	0.391443091148663	1.05308028584573	1.34682818764084
-0.665659101925428	-1.40796264168287	0.646178117493475	-2.01256462844302	0.388714850353977	1.05159495544221	1.34637563723785
-0.662873765045424	-1.40761720560142	0.641743114986663	-2.01191714522754	0.385974239138983	1.05013233692338	1.3459358551757
-0.660075396387491	-1.40725427766138	0.637307368729705	-2.01127896340665	0.383221366036283	1.04869239321579	1.345508752988
-0.657264067195179	-1.40687395152872	0.63287085280851	-2.01065006992543	0.380456339578481	1.04727508724599	1.34509424220837
-0.65443984871204	-1.40647632086941	0.628433541308984	-2.01003045172901	0.377679268298181	1.04588038194055	1.34469223437041
-0.651602812181625	-1.40606147934942	0.623995408317035	-2.00942009576247	0.374890260727988	1.04450824022602	1.34430264100774
-0.648753028847484	-1.4056295206347	0.619556427918569	-2.00881898897091	0.372089425400504	1.04315862502894	1.34392537365397
-0.64589056995317	-1.40518053839124	0.615116574199495	-2.00822711829944	0.369276870848333	1.04183149927588	1.34356034384271
-0.643015506742233	-1.40471462628499	0.610675821245719	-2.00764447069316	0.36645270560408	1.0405268258934	1.34320746310757
-0.640127910458224	-1.40423187798193	0.606234143143148	-2.00707103309717	0.363617038200348	1.03924456780804	1.34286664298217
-0.637227852344695	-1.40373238714801	0.60179151397769	-2.00650679245657	0.360769977169741	1.03798468794636	1.34253779500011
-0.634315403645197	-1.40321624744922	0.597347907835252	-2.00595173571646	0.357911631044862	1.03674714923491	1.34222083069501
-0.63139063560328	-1.40268355255151	0.592903298801741	-2.00540584982194	0.355042108358316	1.03553191460025	1.34191566160047
-0.628453619462496	-1.40213439612085	0.588457660963065	-2.00486912171811	0.352161517642706	1.03433894696894	1.34162219925012
-0.625504426466397	-1.40156887182321	0.58401096840513	-2.00434153835008	0.349269967430636	1.03316820926753	1.34134035517756
-0.622543127858533	-1.40098707332455	0.579563195213844	-2.00382308666294	0.34636756625471	1.03201966442257	1.3410700409164
-0.619569794882455	-1.40038909429085	0.575114315475115	-2.00331375360179	0.343454422647532	1.03089327536062	1.34081116800026
-0.616584498781715	-1.39977502838807	0.570664303274849	-2.00281352611174	0.340530645141705	1.02978900500823	1.34056364796275
-0.613587310799864	-1.39914496928217	0.566213132698953	-2.00232239113788	0.337596342269833	1.02870681629197	1.34032739233747
-0.610578302180452	-1.39849901063913	0.561760777833335	-2.00184033562532	0.334651622564521	1.02764667213837	1.34010231265805
-0.607557544167032	-1.39783724612491	0.557307212763902	-2.00136734651916	0.331696594558371	1.026608535474	1.33988832045808
-0.604525108003153	-1.39715976940548	0.552852411576562	-2.0009034107645	0.328731366783987	1.02559236922542	1.33968532727119
-0.601481064932368	-1.3964666741468	0.548396348357221	-2.00044851530644	0.325756047773974	1.02459813631917	1.33949324463099
-0.598425486198228	-1.39575805401485	0.543938997191786	-2.00000264709008	0.322770746060936	1.02362579968182	1.33931198407109
-0.595358443044283	-1.39503400267558	0.539480332166166	-1.99956579306052	0.319775570177475	1.02267532223991	1.33914145712509
-0.592280006714085	-1.39429461379497	0.535020327366266	-1.99913794016286	0.316770628656196	1.02174666692	1.33898157532661
-0.589190248451185	-1.39353998103899	0.530558956877996	-1.99871907534221	0.313756030029702	1.02083979664865	1.33883225020927
-0.586089239499134	-1.39277019807359	0.526096194787261	-1.99830918554366	0.310731882830598	1.01995467435241	1.33869339330667
-0.582977051101483	-1.39198535856475	0.521632015179968	-1.99790825771231	0.307698295591486	1.01909126295783	1.33856491615243
-0.579853754501784	-1.39118555617844	0.517166392142026	-1.99751627879327	0.304655376844972	1.01824952539148	1.33844673028015
-0.576719420943587	-1.39037088458062	0.512699299759341	-1.99713323573164	0.301603235123658	1.0174294245799	1.33833874722345
-0.573574121670444	-1.38954143743726	0.508230712117821	-1.99675911547251	0.298541978960149	1.01663092344965	1.33824087851594
-0.570417927925905	-1.38869730841432	0.503760603303373	-1.99639390496099	0.295471716887048	1.01585398492728	1.33815303569124
-0.567250910953523	-1.38783859117778	0.499288947401903	-1.99603759114218	0.292392557436959	1.01509857193936	1.33807513028295
-0.564073141996848	-1.38696537939359	0.49481571849932	-1.99569016096118	0.289304609142486	1.01436464741243	1.33800707382469
-0.560884692299431	-1.38607776672774	0.49034089068153	-1.99535160136309	0.286207980536233	1.01365217427305	1.33794877785006
-0.557685633104823	-1.38517584684618	0.485864438034442	-1.99502189929301	0.283102780150803	1.01296111544777	1.33790015389268
-0.554476035656576	-1.38425971341487	0.48138633464396	-1.99470104169605	0.279989116518801	1.01229143386315	1.33786111348616
-0.551255971198241	-1.3833294600998	0.476906554595995	-1.9943890155173	0.276867098172829	1.01164309244574	1.33783156816412
-0.548025510973368	-1.38238518056692	0.472425071976451	-1.99408580770186	0.273736833645492	1.0110160541221	1.33781142946016
-0.54478472622551	-1.38142696848221	0.467941860871237	-1.99379140519483	0.270598431469394	1.01041028181878	1.3378006089079
-0.541533688198217	-1.38045491751162	0.463456895366261	-1.99350579494132	0.267452000177138	1.00982573846234	1.33779901804094
-0.53827246813504	-1.37946912132113	0.458970149547428	-1.99322896388643	0.264297648301328	1.00926238697934	1.3378065683929
-0.53500113727953	-1.3784696735767	0.454481597500646	-1.99296089897526	0.261135484374568	1.00872019029632	1.3378231714974
-0.53171976687524	-1.37745666794431	0.449991213311823	-1.9927015871529	0.257965616929462	1.00819911133984	1.33784873888803
-0.528428428165719	-1.37643019808991	0.445498971066866	-1.99245101536447	0.254788154498614	1.00769911303646	1.33788318209842
-0.525127192394519	-1.37539035767948	0.441004844851682	-1.99220917055505	0.251603205614626	1.00722015831272	1.33792641266218
-0.521816130805191	-1.37433724037897	0.436508808752178	-1.99197603966975	0.248410878810104	1.0067622100952	1.33797834211291
-0.518495314641286	-1.37327093985437	0.432010836854262	-1.99175160965368	0.245211282617651	1.00632523131043	1.33803888198424
-0.515164815146355	-1.37219154977163	0.42751090324384	-1.99153586745192	0.242004525569871	1.00590918488498	1.33810794380976
-0.51182470356395	-1.37109916379673	0.42300898200682	-1.99132880000959	0.238790716199367	1.00551403374541	1.3381854391231
-0.508475051137622	-1.36999387559562	0.418505047229109	-1.99113039427179	0.235569963038743	1.00513974081825	1.33827127945786
-0.505115929110922	-1.36887577883429	0.413999072996615	-1.99094063718361	0.232342374620604	1.00478626903007	1.33836537634766
-0.5017474087274	-1.36774496717868	0.409491033395245	-1.99075951569015	0.229108059477552	1.00445358130743	1.3384676413261
-0.498369561230609	-1.36660153429478	0.404980902510905	-1.99058701673653	0.225867126142192	1.00414164057688	1.33857798592681
-0.494982457864099	-1.36544557384855	0.400468654429503	-1.99042312726783	0.222619683147127	1.00385040976497	1.33869632168338
-0.491586169871421	-1.36427717950595	0.395954263236947	-1.99026783422915	0.219365839024962	1.00357985179826	1.33882256012944
-0.488180768496127	-1.36309644493295	0.391437703019143	-1.99012112456561	0.2161057023083	1.00332992960331	1.3389566127986
-0.484766324981767	-1.36190346379552	0.386918947861999	-1.9899829852223	0.212839381529744	1.00310060610666	1.33909839122446
-0.481342910571894	-1.36069832975963	0.382397971851422	-1.98985340314431	0.209566985221899	1.00289184423487	1.33924780694063
-0.477910596510057	-1.35948113649124	0.377874749073319	-1.98973236527676	0.206288621917369	1.00270360691451	1.33940477148074
-0.474469454039809	-1.35825197765633	0.373349253613597	-1.98961985856475	0.203004400148756	1.00253585707211	1.33956919637839
-0.4710195544047	-1.35701094692085	0.368821459558165	-1.98951586995336	0.199714428448666	1.00238855763424	1.33974099316719
-0.467560968848281	-1.35575813795077	0.364291340992928	-1.98942038638771	0.196418815349701	1.00226167152745	1.33992007338076
-0.464093768614104	-1.35449364441207	0.359758872003794	-1.98933339481289	0.193117669384466	1.0021551616783	1.3401063485527
-0.46061802494572	-1.35321755997071	0.355224026676671	-1.98925488217402	0.189811099085565	1.00206899101334	1.34029973021663
-0.457133809086679	-1.35192997829265	0.350686779097466	-1.98918483541617	0.1864992129856	1.00200312245913	1.34050012990616
-0.453641192280534	-1.35063099304386	0.346147103352085	-1.98912324148447	0.183182119617177	1.00195751894222	1.3407074591549
-0.450140245770835	-1.34932069789032	0.341604973526436	-1.989070087324	0.179859927512898	1.00193214338916	1.34092162949646
-0.446631040801133	-1.34799918649798	0.337060363706427	-1.98902535987987	0.176532745205367	1.00192695872651	1.34114255246446
-0.44311364861498	-1.34666655253281	0.332513247977964	-1.98898904609718	0.173200681227189	1.00194192788083	1.34137013959251
-0.439588140455926	-1.34532288966079	0.327963600426955	-1.98896113292104	0.169863844110967	1.00197701377867	1.34160430241421
-0.436054587567524	-1.34396829154788	0.323411395139307	-1.98894160729653	0.166522342389305	1.00203217934658	1.34184495246318
-0.432513061193323	-1.34260285186004	0.318856606200927	-1.98893045616877	0.163176284594807	1.00210738751112	1.34209200127304
-0.428963632576875	-1.34122666426324	0.314299207697722	-1.98892766648285	0.159825779260076	1.00220260119885	1.34234536037738
-0.425406372961732	-1.33983982242345	0.3097391737156	-1.98893322518388	0.156470934917716	1.00231778333631	1.34260494130984
-0.421841353591443	-1.33844242000664	0.305176478340468	-1.98894711921695	0.153111860100331	1.00245289685007	1.34287065560401
-0.418268645709562	-1.33703455067877	0.300611095658234	-1.98896933552716	0.149748663340526	1.00260790466667	1.3431424147935
-0.414688320559638	-1.33561630810581	0.296042999754803	-1.98899986105963	0.146381453170902	1.00278276971268	1.34342013041194
-0.411100449385223	-1.33418778595373	0.291472164716085	-1.98903868275944	0.143010338124066	1.00297745491465	1.34370371399293
-0.407505103429868	-1.3327490778885	0.286898564627984	-1.9890857875717	0.139635426732619	1.00319192319913	1.34399307707008
-0.403902353937124	-1.33130027757607	0.28232217357641	-1.98914116244151	0.136256827529166	1.00342613749267	1.344288131177
-0.400292272150542	-1.32984147868243	0.27774296564727	-1.98920479431397	0.132874649046312	1.00368006072184	1.34458878784732
-0.396674929313674	-1.32837277487353	0.27316091492647	-1.98927667013418	0.129488999816658	1.00395365581318	1.34489495861463
-0.393050396670071	-1.32689425981534	0.268575995499917	-1.98935677684724	0.126099988372811	1.00424688569326	1.34520655501255
-0.389418745463283	-1.32540602717384	0.26398818145352	-1.98944510139825	0.122707723247372	1.00455971328862	1.34552348857469
-0.385780046936862	-1.32390817061498	0.259397446873185	-1.98954163073232	0.119312312972946	1.00489210152582	1.34584567083467
-0.382134372334359	-1.32240078380473	0.254803765844819	-1.98964635179454	0.115913866082137	1.00524401333142	1.34617301332609
-0.378481792899325	-1.32088396040907	0.25020711245433	-1.98975925153002	0.112512491107549	1.00561541163197	1.34650542758256
-0.374822379875312	-1.31935779409395	0.245607460787625	-1.98988031688386	0.109108296581784	1.00600625935402	1.34684282513771
-0.37115620450587	-1.31782237852535	0.241004784930611	-1.99000953480115	0.105701391037448	1.00641651942413	1.34718511752514
-0.367483338034551	-1.31627780736924	0.236399058969195	-1.990146892227	0.102291883007144	1.00684615476886	1.34753221627845
-0.363803851704905	-1.31472417429157	0.231790256989285	-1.9902923761065	0.0988798810234757	1.00729512831476	1.34788403293127
-0.360117816760485	-1.31316157295831	0.227178353076787	-1.99044597338477	0.0954654936190465	1.00776340298838	1.34824047901721
-0.35642530444484	-1.31159009703545	0.22256332131761	-1.9906076710069	0.0920488293264609	1.00825094171628	1.34860146606987
-0.352726386001523	-1.31000984018893	0.21794513579766	-1.99077745591799	0.0886299966783222	1.00875770742501	1.34896690562287
-0.349021132674084	-1.30842089608473	0.213323770602845	-1.99095531506314	0.0852091042072345	1.00928366304114	1.34933670920982
-0.345309615706075	-1.30682335838881	0.208699199819071	-1.99114123538745	0.0817862604458012	1.0098287714912	1.34971078836434
-0.341591906341047	-1.30521732076715	0.204071397532246	-1.99133520383603	0.0783615739266264	1.01039299570176	1.35008905462002
-0.33786807582255	-1.3036028768857	0.199440337828277	-1.99153720735397	0.0749351531823139	1.01097629859938	1.35047141951049
-0.334138195394136	-1.30198012041044	0.194805994793072	-1.99174723288637	0.0715071067454675	1.0115786431106	1.35085779456936
-0.330402336299356	-1.30034914500733	0.190168342512538	-1.99196526737835	0.0680775431486908	1.01219999216199	1.35124809133024
-0.326660569781762	-1.29871004434235	0.185527355072581	-1.99219129777499	0.0646465709245877	1.01284030868009	1.35164222132673
-0.322912967084904	-1.29706291208145	0.180883006559109	-1.9924253110214	0.0612142986057619	1.01349955559146	1.35204009609246
-0.319159599452334	-1.2954078418906	0.17623527105803	-1.99266729406267	0.0577808347248174	1.01417769582266	1.35244162716104
-0.315400538127602	-1.29374492743578	0.17158412265525	-1.99291723384392	0.0543462878143579	1.01487469230024	1.35284672606606
-0.31163585435426	-1.29207426238294	0.166929535436677	-1.99317511731024	0.0509107664069869	1.01559050795076	1.35325530434116
-0.30786561937586	-1.29039594039806	0.162271483488219	-1.99344093140672	0.0474743790353088	1.01632510570076	1.35366727351993
-0.304089904435951	-1.2887100551471	0.157609940895781	-1.99371466307848	0.0440372342319267	1.01707844847681	1.35408254513599
-0.300308780778086	-1.28701670029603	0.152944881745272	-1.99399629927062	0.0405994405294449	1.01785049920547	1.35450103072296
-0.296522319645815	-1.28531596951082	0.148276280122599	-1.99428582692822	0.0371611064604671	1.01864122081327	1.35492264181444
-0.29273059228269	-1.28360795645743	0.143604110113668	-1.9945832329964	0.0337223405575968	1.01945057622679	1.35534728994404
-0.288933669932262	-1.28189275480183	0.138928345804388	-1.99488850442026	0.0302832513534382	1.02027852837257	1.35577488664538
-0.285131623838081	-1.28017045820999	0.134248961280665	-1.99520162814489	0.0268439473805947	1.02112504017717	1.35620534345207
-0.2813245252437	-1.27844116034788	0.129565930628407	-1.9955225911154	0.0234045371716704	1.02199007456714	1.35663857189772
-0.277512445392669	-1.27670495488145	0.12487922793352	-1.99585138027689	0.019965129259269	1.02287359446904	1.35707448351595
-0.273695455528539	-1.27496193547669	0.120188827281913	-1.99618798257446	0.0165258321759941	1.02377556280943	1.35751298984035
-0.269873626894862	-1.27321219579955	0.115494702759492	-1.99653238495321	0.0130867544544497	1.02469594251485	1.35795400240455
-0.266047030735188	-1.271455829516	0.110796828452165	-1.99688457435823	0.00964800462723966	1.02563469651186	1.35839743274216
-0.262215738293069	-1.26969293029201	0.106095178445839	-1.99724453773464	0.00620969122696763	1.02659178772703	1.35884319238679
-0.258379820812056	-1.26792359179355	0.10138972682642	-1.99761226202753	0.00277192278623739	1.02756717908689	1.35929119287205
-0.254539349535701	-1.26614790768659	0.0966804476798165	-1.99798773418201	-0.000665192162347394	1.02856083351801	1.35974134573155
-0.250694395707553	-1.26436597163708	0.0919673150919356	-1.99837094114317	-0.00410154508618271	1.02957271394695	1.3601935624989
-0.246845030571165	-1.26257787731101	0.0872503031486847	-1.99876186985611	-0.00753702745266471	1.03060278330024	1.36064775470772
-0.242991325370088	-1.26078371837432	0.0825293859359704	-1.99916050726594	-0.0109715307291898	1.03165100450447	1.36110383389162
-0.239133351347872	-1.25898358849301	0.0778045375397003	-1.99956684031775	-0.0144049463831541	1.03271734048616	1.3615617115842
-0.235271179748069	-1.25717758133302	0.0730757320457816	-1.99998085595665	-0.0178371658819539	1.03380175417189	1.36202129931909
-0.231404881814231	-1.25536579056032	0.0683429435401217	-2.00040254112775	-0.0212680806929851	1.0349042084882	1.36248250862989
-0.227534528789907	-1.25354830984089	0.0636061461086275	-2.00083188277612	-0.0246975822836444	1.03602466636166	1.36294525105021
-0.223660191918649	-1.25172523284069	0.0588653138372064	-2.00126886784689	-0.0281255621213279	1.0371630907188	1.36340943811367
-0.219781942444009	-1.24989665322569	0.0541204208117658	-2.00171348328515	-0.0315519116734313	1.0383194444862	1.36387498135387
-0.215899851609538	-1.24806266466186	0.0493714411182125	-2.002165716036	-0.0349765224073516	1.0394936905904	1.36434179230444
-0.212013990658787	-1.24622336081515	0.044618348842454	-2.00262555304455	-0.0383992857904843	1.04068579195796	1.36480978249897
-0.208124430835306	-1.24437883535155	0.0398611180703975	-2.00309298125588	-0.041820093290226	1.04189571151544	1.36527886347109
-0.204231243382647	-1.24252918193701	0.0350997228879504	-2.00356798761511	-0.0452388363739727	1.04312341218938	1.3657489467544
-0.200334499544362	-1.2406744942375	0.0303341373810196	-2.00405055906734	-0.0486554065091208	1.04436885690635	1.36621994388251
-0.196434270564001	-1.23881486591899	0.0255643356355125	-2.00454068255766	-0.0520696951630666	1.04563200859289	1.36669176638905
-0.192530627685116	-1.23695039064745	0.0207902917373365	-2.00503834503118	-0.0554815938032059	1.04691283017557	1.36716432580761
-0.188623642151256	-1.23508116208885	0.0160119797723984	-2.00554353343299	-0.0588909938969353	1.04821128458094	1.36763753367182
-0.184713385205975	-1.23320727390914	0.0112293738266058	-2.00605623470821	-0.0622977869116507	1.04952733473554	1.36811130151527
-0.180799928092823	-1.23132881977431	0.00644244798586568	-2.00657643580192	-0.0657018643147487	1.05086094356595	1.36858554087159
-0.176883342055351	-1.2294458933503	0.0016511763360857	-2.00710412365923	-0.069103117573625	1.05221207399871	1.36906016327439
-0.17296369833711	-1.22755858830311	-0.00314446703682746	-2.00763928522524	-0.0725014381556764	1.05358068896037	1.36953508025727
-0.169041068181652	-1.22566699829868	-0.00794450804696632	-2.00818190744506	-0.0758967175282988	1.05496675137749	1.37001020335386
-0.165115522832527	-1.22377121700298	-0.0127489726084236	-2.00873197726378	-0.0792888471588882	1.05637022417663	1.37048544409775
-0.161187133533287	-1.22187133808199	-0.0175578866352922	-2.0092894816265	-0.0826777185148411	1.05779107028434	1.37096071402257
-0.157255971527483	-1.21996745520168	-0.0223712760416648	-2.00985440747832	-0.0860632230635536	1.05922925262718	1.37143592466192
-0.153322108058666	-1.21805966202799	-0.0271891667416342	-2.01042674176435	-0.0894452522724221	1.0606847341317	1.37191098754941
-0.149385614370386	-1.21614805222692	-0.0320115846492931	-2.01100647142969	-0.0928236976088425	1.06215747772445	1.37238581421867
-0.145446561706197	-1.21423271946441	-0.0368385556787341	-2.01159358341943	-0.096198450540211	1.06364744633199	1.37286031620329
-0.141505021309647	-1.21231375740645	-0.0416701057440504	-2.01218806467868	-0.0995694025339243	1.06515460288088	1.37333440503689
-0.13756106442429	-1.21039125971899	-0.0465062607593344	-2.01278990215253	-0.102936445057378	1.06667891029766	1.37380799225309
-0.133614762293675	-1.208465320068	-0.0513470466386792	-2.0133990827861	-0.106299469577969	1.0682203315089	1.37428098938549
-0.129666186161353	-1.20653603211945	-0.0561924892961774	-2.01401559352448	-0.109658367563093	1.06977882944115	1.37475330796771
-0.125715407270877	-1.20460348953931	-0.0610426146459218	-2.01463942131276	-0.113013030480146	1.07135436702096	1.37522485953335
-0.121762496865797	-1.20266778599355	-0.0658974486020052	-2.01527055309606	-0.116363349796524	1.07294690717489	1.37569555561604
-0.117807526189665	-1.20072901514812	-0.0707570170785202	-2.01590897581948	-0.119709216979625	1.0745564128295	1.37616530774937
-0.113850566486031	-1.19878727066901	-0.0756213459895595	-2.0165546764281	-0.123050523496843	1.07618284691133	1.37663402746697
-0.109891688998446	-1.19684264622217	-0.0804904612492163	-2.01720764186704	-0.126387160815575	1.07782617234694	1.37710162630244
-0.105930964970463	-1.19489523547357	-0.0853643887715829	-2.0178678590814	-0.129719020403218	1.07948635206289	1.3775680157894
-0.101968465645631	-1.19294513208918	-0.0902431544707525	-2.01853531501627	-0.133045993727168	1.08116334898574	1.37803310746145
-0.0980042622675022	-1.19099242973497	-0.0951267842608177	-2.01920999661675	-0.13636797225482	1.08285712604202	1.37849681285222
-0.0940384260796277	-1.1890372220769	-0.100015304055871	-2.01989189082796	-0.139684847453571	1.08456764615832	1.37895904349531
-0.0900710283255587	-1.18707960278094	-0.104908739770006	-2.02058098459498	-0.142996510790817	1.08629487226116	1.37941971092433
-0.0861021402488465	-1.18511966551306	-0.109807117317314	-2.02127726486293	-0.146302853733955	1.08803876727712	1.37987872667289
-0.0821318330930416	-1.18315750393922	-0.114710462611889	-2.02198071857689	-0.14960376775038	1.08979929413274	1.38033600227461
-0.0781601781016957	-1.1811932117254	-0.119618801567824	-2.02269133268197	-0.152899144307489	1.09157641575459	1.3807914492631
-0.0741872465183596	-1.17922688253755	-0.12453216009921	-2.02340909412328	-0.156188874872679	1.09337009506921	1.38124497917196
-0.0702131095865849	-1.17725861004165	-0.129450564120142	-2.02413398984591	-0.159472850913344	1.09518029500316	1.38169650353482
-0.0662378385499222	-1.17528848790366	-0.134374039544711	-2.02486600679496	-0.162750963896882	1.09700697848299	1.38214593388528
-0.0622615046519231	-1.17331660978956	-0.139302612287011	-2.02560513191553	-0.166023105290689	1.09885010843526	1.38259318175696
-0.0582841791361386	-1.1713430693653	-0.144236308261134	-2.02635135215274	-0.16928916656216	1.10070964778653	1.38303815868346
-0.0543059332461197	-1.16936796029685	-0.149175153381174	-2.02710465445166	-0.172549039178692	1.10258555946335	1.3834807761984
-0.050326838225418	-1.16739137625019	-0.154119173561221	-2.02786502575742	-0.175802614607682	1.10447780639227	1.38392094583539
-0.0463469653175841	-1.16541341089127	-0.159068394715371	-2.0286324530151	-0.179049784316525	1.10638635149985	1.38435857912804
-0.0423663857661694	-1.16343415788607	-0.164022842757715	-2.02940692316981	-0.182290439772618	1.10831115771264	1.38479358760997
-0.0383851708147248	-1.16145371090055	-0.168982543602346	-2.03018842316665	-0.185524472443357	1.1102521879572	1.38522588281477
-0.0344033917068019	-1.15947216360069	-0.173947523163357	-2.03097693995072	-0.188751773796138	1.11220940516008	1.38565537627608
-0.0304211196859516	-1.15748960965243	-0.178917807354841	-2.03177246046712	-0.191972235298358	1.11418277224784	1.38608197952749
-0.0264384259957252	-1.15550614272176	-0.183893422090889	-2.03257497166095	-0.195185748417412	1.11617225214703	1.38650560410262
-0.0224553818796737	-1.15352185647465	-0.188874393285597	-2.03338446047732	-0.198392204620696	1.11817780778421	1.38692616153509
-0.0184720585813482	-1.15153684457705	-0.193860746853055	-2.03420091386132	-0.201591495375608	1.12019940208593	1.3873435633585
-0.0144885273442998	-1.14955120069493	-0.198852508707357	-2.03502431875805	-0.204783512149543	1.12223699797874	1.38775772110646
-0.0105048594120798	-1.14756501849427	-0.203849704762595	-2.03585466211262	-0.207968146409897	1.12429055838921	1.38816854631259
-0.0065211260282394	-1.14557839164102	-0.208852360932863	-2.03669193087013	-0.211145289624067	1.12636004624388	1.38857595051049
-0.00253739843632955	-1.14359141380116	-0.213860503132253	-2.03753611197567	-0.214314833259449	1.12844542446932	1.38897984523379
0.00144625212009819	-1.14160417864066	-0.218874157274857	-2.03838719237435	-0.217476668783438	1.13054665599207	1.38938014201609
0.00542975439749305	-1.13961677982547	-0.22389334927477	-2.03924515901127	-0.220630687663432	1.13266370373869	1.389776752391
0.00941303715230379	-1.13762931102157	-0.228918105046082	-2.04010999883153	-0.223776781366826	1.13479653063573	1.39016958789213
0.0133960291409794	-1.13564186589493	-0.233948450502888	-2.04098169878023	-0.226914841361017	1.13694509960975	1.39055856005311
0.0173786591199686	-1.1336545381115	-0.238984411559279	-2.04186024580247	-0.230044759113401	1.13910937358731	1.39094358040753
0.0213608558457201	-1.13166742133727	-0.24402601412935	-2.04274562684335	-0.233166426091374	1.14128931549496	1.39132456048901
0.0253425480746831	-1.12968060923819	-0.249073284127191	-2.04363782884797	-0.236279733762332	1.14348488825925	1.39170141183116
0.0293236645633058	-1.12769419548023	-0.254126247466897	-2.04453683876144	-0.239384573593672	1.14569605480674	1.39207404596759
0.033304134068038	-1.12570827372936	-0.25918493006256	-2.04544264352885	-0.242480837052789	1.14792277806398	1.39244237443192
0.0372838853453276	-1.12372293765155	-0.264249357828273	-2.04635523009531	-0.24556841560708	1.15016502095753	1.39280630875776
0.0412628471516241	-1.12173828091276	-0.269319556678128	-2.04727458540592	-0.248647200723941	1.15242274641394	1.39316576047872
0.0452409482433762	-1.11975439717896	-0.274395552526218	-2.04820069640577	-0.251717083870769	1.15469591735977	1.3935206411284
0.0492181173770326	-1.11777138011612	-0.279477371286637	-2.04913355003997	-0.254777956514959	1.15698449672158	1.39387086224043
0.0531942833090423	-1.11578932339021	-0.284565038873476	-2.05007313325362	-0.257829710123908	1.15928844742591	1.39421633534841
0.0571693747958541	-1.11380832066718	-0.289658581200829	-2.05101943299182	-0.260872236165012	1.16160773239932	1.39455697198595
0.0611433205939168	-1.11182846561302	-0.294758024182788	-2.05197243619966	-0.263905426105667	1.16394231456837	1.39489268368667
0.0651160494596791	-1.10984985189368	-0.299863393733447	-2.05293212982227	-0.266929171413269	1.16629215685961	1.39522338198418
0.0690874901495903	-1.10787257317514	-0.304974715766897	-2.05389850080472	-0.269943363555215	1.16865722219959	1.39554897841209
0.073057571420099	-1.10589672312335	-0.310092016197232	-2.05487153609212	-0.272947893998901	1.17103747351488	1.39586938450402
0.0770262220276539	-1.10392239540429	-0.315215320938545	-2.05585122262958	-0.275942654211723	1.17343287373202	1.39618451179356
0.0809933707287041	-1.10194968368393	-0.320344655904928	-2.0568375473622	-0.278927535661077	1.17584338577757	1.39649427181434
0.0849589462796983	-1.09997868162822	-0.325480047010474	-2.05783049723506	-0.281902429814359	1.17826897257809	1.39679857609997
0.0889228774370853	-1.09800948290315	-0.330621520169275	-2.05883005919329	-0.284867228138966	1.18070959706013	1.39709733618406
0.0928850929573142	-1.09604218117467	-0.335769101295425	-2.05983622018197	-0.287821822102294	1.18316522215024	1.39739046360021
0.0968455215968335	-1.09407687010875	-0.340922816303016	-2.06084896714621	-0.290766103171739	1.18563581077498	1.39767786988205
0.100804092112092	-1.09211364337137	-0.346082691106142	-2.06186828703111	-0.293699962814697	1.1881213258609	1.39795946656318
0.10476073325954	-1.09015259462847	-0.351248751618894	-2.06289416678177	-0.296623292498565	1.19062173033457	1.39823516517722
0.108715373795624	-1.08819381754605	-0.356421023755366	-2.06392659334329	-0.299535983690738	1.19313698712252	1.39850487725777
0.112667942476794	-1.08623740579005	-0.36159953342965	-2.06496555366077	-0.302437927858613	1.19566705915133	1.39876851433845
0.116618368059499	-1.08428345302645	-0.36678430655584	-2.06601103467932	-0.305329016469587	1.19821190934754	1.39902598795288
0.120566579300188	-1.08233205292122	-0.371975369048027	-2.06706302334402	-0.308209140991054	1.2007715006377	1.39927720963465
0.12451250495531	-1.08038329914032	-0.377172746820305	-2.06812150659999	-0.311078192890412	1.20334579594838	1.39952209091739
0.128456073781313	-1.07843728534971	-0.382376465786767	-2.06918647139233	-0.313936063635057	1.20593475820612	1.3997605433347
0.132397214534646	-1.07649410521537	-0.387586551861505	-2.07025790466613	-0.316782644692385	1.20853835033749	1.3999924784202
0.136335855971758	-1.07455385240327	-0.392803030958612	-2.0713357933665	-0.319617827529792	1.21115653526903	1.4002178077075
0.140271926849098	-1.07261662057936	-0.39802592899218	-2.07242012443853	-0.322441503614674	1.21378927592731	1.40043644273021
0.144205355923115	-1.07068250340963	-0.403255271876303	-2.07351088482734	-0.325253564414428	1.21643653523887	1.40064829502194
0.148136071950257	-1.06875159456002	-0.408491085525074	-2.07460806147801	-0.328053901396449	1.21909827613027	1.40085327611631
0.152064003686974	-1.06682398769652	-0.413733395852584	-2.07571164133565	-0.330842406028135	1.22177446152807	1.40105129754692
0.155989079889715	-1.06489977648509	-0.418982228772928	-2.07682161134536	-0.333618969776881	1.22446505435881	1.40124227084738
0.159911229314928	-1.06297905459169	-0.424237610200197	-2.07793795845225	-0.336383484110083	1.22717001754907	1.40142610755132
0.163830380719061	-1.06106191568229	-0.429499566048484	-2.0790606696014	-0.339135840495137	1.22988931402538	1.40160271919234
0.167746462858565	-1.05914845342287	-0.434768122231883	-2.08018973173793	-0.341875930399441	1.23262290671431	1.40177201730405
0.171659404489887	-1.05723876147938	-0.440043304664486	-2.08132513180694	-0.34460364529039	1.2353707585424	1.40193391342006
0.175569134369477	-1.05533293351779	-0.445325139260385	-2.08246685675352	-0.34731887663538	1.23813283243623	1.40208831907399
0.179475581253784	-1.05343106320407	-0.450613651933674	-2.08361489352277	-0.350021515901807	1.24090909132232	1.40223514579944
0.183378673899255	-1.0515332442042	-0.455908868598444	-2.0847692290598	-0.352711454557068	1.24369949812726	1.40237430513004
0.187278341062342	-1.04963957018412	-0.46121081516879	-2.08592985030971	-0.355388584068559	1.24650401577758	1.40250570859938
0.19117451149949	-1.04775013480982	-0.466519517558804	-2.0870967442176	-0.358052795903676	1.24932260719984	1.40262926774109
0.195067113967151	-1.04586503174726	-0.471835001682579	-2.08826989772856	-0.360703981529815	1.25215523532061	1.40274489408877
0.198956077221773	-1.0439843546624	-0.477157293454207	-2.08944929778771	-0.363342032414373	1.25500186306642	1.40285249917604
0.202841330019804	-1.04210819722122	-0.48248641878778	-2.09063493134013	-0.365966840024745	1.25786245336384	1.4029519945365
0.206722801117694	-1.04023665308967	-0.487822403597393	-2.09182678533094	-0.368578295828328	1.26073696913943	1.40304329170377
0.21060041927189	-1.03836981593374	-0.493165273797137	-2.09302484670523	-0.371176291292519	1.26362537331973	1.40312630221147
0.214474113238843	-1.03650777941938	-0.498515055301106	-2.09422910240811	-0.373760717884712	1.2665276288313	1.40320093759319
0.218343811775001	-1.03465063721256	-0.503871774023392	-2.09543953938467	-0.376331467072306	1.2694436986007	1.40326710938256
0.222209443636813	-1.03279848297924	-0.509235455878088	-2.09665614458001	-0.378888430322695	1.27237354555448	1.40332472911319
0.226070937580727	-1.03095141038541	-0.514606126779287	-2.09787890493924	-0.381431499103276	1.2753171326192	1.40337370831868
0.229928222363193	-1.02910951309701	-0.519983812641081	-2.09910780740745	-0.383960564881445	1.2782744227214	1.40341395853265
0.233781226740659	-1.02727288478002	-0.525368539377563	-2.10034283892976	-0.386475519124599	1.28124537878765	1.40344539128871
0.237629879469575	-1.02544161910042	-0.530760332902827	-2.10158398645125	-0.388976253300133	1.28422996374451	1.40346791812048
0.241474109306388	-1.02361580972415	-0.536159219130964	-2.10283123691703	-0.391462658875444	1.28722814051851	1.40348145056156
0.245313845007549	-1.0217955503172	-0.541565223976068	-2.1040845772722	-0.393934627317928	1.29023987203623	1.40348590014556
0.249149015329505	-1.01998093454552	-0.546978373352231	-2.10534399446186	-0.396392050094981	1.29326512122421	1.40348117840611
0.252979549028706	-1.01817205607509	-0.552398693173546	-2.10660947543111	-0.398834818674	1.29630385100901	1.4034671968768
0.2568053748616	-1.01636900857187	-0.557826209354106	-2.10788100712506	-0.40126282452238	1.29935602431718	1.40344386709125
0.260626421584637	-1.01457188570183	-0.563260947808004	-2.1091585764888	-0.403675959107518	1.30242160407528	1.40341110058307
0.264442617954264	-1.01278078113093	-0.568702934449332	-2.11044217046743	-0.40607411389681	1.30550055320986	1.40336880888588
0.268253892726932	-1.01099578852515	-0.574152195192184	-2.11173177600606	-0.408457180357653	1.30859283464749	1.40331690353329
0.272060174659089	-1.00921700155045	-0.579608755950651	-2.11302738004979	-0.410825049957442	1.3116984113147	1.4032552960589
0.275861392507184	-1.00744451387279	-0.585072642638828	-2.11432896954371	-0.413177614163573	1.31481724613806	1.40318389799633
0.279657475027665	-1.00567841915815	-0.590543881170805	-2.11563653143293	-0.415514764443444	1.31794930204413	1.40310262087919
0.283448350976981	-1.00391881107249	-0.596022497460677	-2.11695005266255	-0.41783639226445	1.32109454195945	1.4030113762411
0.287233949111582	-1.00216578328178	-0.601508517422536	-2.11826952017766	-0.420142389093986	1.32425292881058	1.40291007561566
0.291014198187916	-1.00041942945198	-0.607001966970475	-2.11959492092338	-0.422432646399451	1.32742442552408	1.40279863053648
0.294789026962432	-0.998679843249069	-0.612502872018586	-2.1209262418448	-0.424707055648239	1.3306089950265	1.40267695253718
0.298558364191579	-0.996947118339004	-0.618011258480963	-2.12226346988702	-0.426965508307748	1.3338066002444	1.40254495315138
0.302322138631805	-0.995221348387757	-0.623527152271698	-2.12360659199514	-0.429207895845372	1.33701720410433	1.40240254391267
0.30608027903956	-0.993502627061293	-0.629050579304884	-2.12495559511427	-0.431434109728509	1.34024076953284	1.40224963635468
0.309832714171292	-0.99179104802558	-0.634581565494613	-2.1263104661895	-0.433644041424554	1.3434772594565	1.40208614201101
0.31357937278345	-0.990086704946584	-0.640120136754979	-2.12767119216594	-0.435837582400904	1.34672663680184	1.40191197241527
0.317320183632484	-0.988389691490273	-0.645666319000074	-2.12903775998868	-0.438014624124955	1.34998886449544	1.40172703910109
0.321055075474842	-0.986700101322614	-0.651220138143991	-2.13041015660283	-0.440175058064103	1.35326390546384	1.40153125360206
0.324783977066972	-0.985018028109575	-0.656781620100823	-2.13178836895348	-0.442318775685745	1.35655172263361	1.4013245274518
0.328506817165324	-0.983343565517121	-0.662350790784663	-2.13317238398575	-0.444445668457276	1.35985227893128	1.40110677218393
0.332223524526347	-0.98167680721122	-0.667927676109602	-2.13456218864472	-0.446555627846093	1.36316553728342	1.40087789933205
0.335934027906488	-0.980017846857839	-0.673512301989735	-2.13595776987551	-0.448648545319592	1.36649146061659	1.40063782042978
0.339638256062199	-0.978366778122945	-0.679104694339154	-2.13735911462321	-0.45072431234517	1.36983001185734	1.40038644701073
0.343336137749926	-0.976723694672506	-0.684704879071951	-2.13876620983291	-0.452782820390222	1.37318115393221	1.4001236906085
0.347027601726118	-0.975088690172487	-0.690312882102219	-2.14017904244973	-0.454823960922144	1.37654484976778	1.39984946275672
0.350712576747226	-0.973461858288857	-0.695928729344052	-2.14159759941877	-0.456847625408334	1.37992106229059	1.39956367498899
0.354390991569698	-0.971843292687583	-0.701552446711542	-2.14302186768512	-0.458853705316187	1.38330975442719	1.39926623883892
0.358062774949981	-0.970233087034631	-0.707184060118781	-2.14445183419388	-0.460842092113098	1.38671088910415	1.39895706584013
0.361727855644526	-0.968631334995969	-0.712823595479863	-2.14588748589016	-0.462812677266466	1.39012442924801	1.39863606752623
0.365386162409782	-0.967038130237562	-0.71847107870888	-2.14732880971906	-0.464765352243685	1.39355033778534	1.39830315543083
0.369037624002196	-0.96545356642538	-0.724126535719925	-2.14877579262568	-0.466700008512152	1.39698857764268	1.39795824108754
0.372682169178218	-0.963877737225388	-0.72978999242709	-2.15022842155511	-0.468616537539263	1.40043911174659	1.39760123602997
0.376319726694296	-0.962310736303554	-0.735461474744469	-2.15168668345246	-0.470514830792414	1.40390190302363	1.39723205179173
0.379950225306881	-0.960752657325845	-0.741141008586155	-2.15315056526284	-0.472394779739003	1.40737691440035	1.39685059990645
0.383573593772419	-0.959203593958228	-0.74682861986624	-2.15462005393133	-0.474256275846423	1.4108641088033	1.39645679190772
0.387189760847361	-0.95766363986667	-0.752524334498817	-2.15609513640305	-0.476099210582073	1.41436344915904	1.39605053932916
0.390798655288155	-0.956132888717137	-0.758228178397978	-2.15757579962309	-0.477923475413348	1.41787489839413	1.39563175370438
0.39440020585125	-0.954611434175598	-0.763940177477816	-2.15906203053656	-0.479728961807645	1.42139841943511	1.395200346567
0.397994341293095	-0.953099369908019	-0.769660357652425	-2.16055381608854	-0.481515561232359	1.42493397520855	1.39475622945061
0.401580990370139	-0.951596789580367	-0.775388744835896	-2.16205114322416	-0.483283165154886	1.428481528641	1.39429931388885
0.405160081838829	-0.950103786858609	-0.781125364942324	-2.1635539988885	-0.485031665042624	1.43204104265902	1.39382951141531
0.408731544455617	-0.948620455408712	-0.7868702438858	-2.16506237002667	-0.486760952362968	1.43561248018915	1.39334673356362
0.412295306976949	-0.947146888896644	-0.792623407580416	-2.16657624358376	-0.488470918583315	1.43919580415795	1.39285089186737
0.415851298159276	-0.945683180988371	-0.798384881940267	-2.16809560650489	-0.49016145517106	1.44279097749198	1.39234189786019
0.419399446759045	-0.944229425349861	-0.804154692879445	-2.16962044573514	-0.4918324535936	1.4463979631178	1.39181966307569
0.422939681532706	-0.94278571564708	-0.809932866312042	-2.17115074821963	-0.493483805318331	1.45001672396195	1.39128409904747
0.426471931236708	-0.941352145545996	-0.815719428152152	-2.17268650090344	-0.49511540181265	1.45364722295099	1.39073511730914
0.429996124627499	-0.939928808712575	-0.821514404313867	-2.17422769073169	-0.496727134543951	1.45728942301148	1.39017262939433
0.433512190461529	-0.938515798812785	-0.82731782071128	-2.17577430464947	-0.498318894979633	1.46094328706997	1.38959654683664
0.437020057495246	-0.937113209512593	-0.833129703258483	-2.17732632960189	-0.499890574587091	1.46460877805302	1.38900678116968
0.440519654485098	-0.935721134477965	-0.83895007786957	-2.17888375253404	-0.50144206483372	1.46828585888718	1.38840324392707
0.444010910187536	-0.93433966737487	-0.844778970458633	-2.18044656039102	-0.502973257186918	1.471974492499	1.38778584664242
0.447493753359008	-0.932968901869273	-0.850616406939764	-2.18201474011794	-0.504484043114081	1.47567464181505	1.38715450084933
0.450968112755961	-0.931608931627143	-0.856462413227057	-2.1835882786599	-0.505974314082604	1.47938626976187	1.38650911808142
0.454433917134846	-0.930259850314445	-0.862317015234605	-2.185167162962	-0.507443961559884	1.48310933926602	1.3858496098723
0.457891095252112	-0.928921751597148	-0.868180238876501	-2.18675137996934	-0.508892877013317	1.48684381325405	1.38517588775559
0.461339575864207	-0.927594729141218	-0.874052110066836	-2.18834091662701	-0.5103209519103	1.49058965465253	1.3844878632649
0.464779287727579	-0.926278876612622	-0.879932654719704	-2.18993575988013	-0.511728077718228	1.494346826388	1.38378544793382
0.468210159598679	-0.924974287677327	-0.885821898749198	-2.19153589667379	-0.513114145904499	1.49811529138701	1.38306855329599
0.471632120233954	-0.923681056001301	-0.89171986806941	-2.19314131395309	-0.514479047936507	1.50189501257613	1.38233709088501
0.475045098389853	-0.92239927525051	-0.897626588594432	-2.19475199866313	-0.515822675281649	1.50568595288191	1.38159097223449
0.478449022822826	-0.921129039090921	-0.903542086238359	-2.19636793774902	-0.517144919407322	1.5094880752309	1.38083010887804
0.481843822289322	-0.919870441188502	-0.909466386915283	-2.19798911815585	-0.518445671780922	1.51330134254967	1.38005441234928
0.485229425545788	-0.91862357520922	-0.915399516539296	-2.19961552682873	-0.519724823869844	1.51712571776475	1.37926379418181
0.488605761348674	-0.917388534819041	-0.921341501024491	-2.20124715071275	-0.520982267141485	1.52096116380271	1.37845816590926
0.491972758454429	-0.916165413683933	-0.927292366284961	-2.20288397675302	-0.522217893063242	1.5248076435901	1.37763743906522
0.495330345619502	-0.914954305469863	-0.933252138234799	-2.20452599189464	-0.52343159310251	1.52866512005348	1.37680152518332
0.498678451600341	-0.913755303842797	-0.939220842788097	-2.20617318308271	-0.524623258726686	1.5325335561194	1.37595033579715
0.502017005153395	-0.912568502468704	-0.945198505858948	-2.20782553726233	-0.525792781403166	1.53641291471442	1.37508378244035
0.505345935035114	-0.91139399501355	-0.951185153361446	-2.2094830413786	-0.526940052599346	1.54030315876509	1.37420177664651
0.508665170001946	-0.910231875143301	-0.957180811209683	-2.21114568237662	-0.528064963782621	1.54420425119796	1.37330422994925
0.511974638810339	-0.909082236523926	-0.963185505317751	-2.2128134472015	-0.52916740642039	1.5481161549396	1.37239105388218
0.515274270216743	-0.90794517282139	-0.969199261599743	-2.21448632279832	-0.530247271980048	1.55203883291655	1.37146215997891
0.518563992977607	-0.906820777701662	-0.975222105969753	-2.2161642961122	-0.53130445192899	1.55597224805537	1.37051745977305
0.52184373584938	-0.905709144830708	-0.981254064341872	-2.21784735408824	-0.532338837734614	1.55991636328261	1.36955686479822
0.525113427588509	-0.904610367874496	-0.987295162630194	-2.21953548367153	-0.533350320864314	1.56387114152484	1.36858028658803
0.528372996951444	-0.903524540498991	-0.993345426748811	-2.22122867180718	-0.534338792785488	1.5678365457086	1.36758763667609
0.531622372694635	-0.902451756370163	-0.999404882611817	-2.22292690544028	-0.535304144965533	1.57181253876045	1.366578826596
0.534861483574529	-0.901392109153976	-1.0054735561333	-2.22463017151595	-0.536246268871843	1.57579908360694	1.36555376788139
0.538090246103321	-0.900345658491846	-1.01155134731749	-2.22633841855227	-0.537165121340917	1.57979605761514	1.36451244680885
0.541308528313312	-0.89931232808078	-1.01763765437962	-2.22805144195664	-0.538060920177081	1.58380299727255	1.36345514783966
0.544516187359679	-0.898292008016174	-1.02373175471412	-2.22976900035202	-0.538933947155176	1.58781935724272	1.36238222801302
0.547713081889007	-0.897284588854824	-1.02983293126705	-2.23149085415327	-0.539784482524316	1.59184459626428	1.36129404200628
0.550899072039293	-0.896289961614916	-1.03594047253618	-2.23321676556716	-0.540612805007882	1.59587817715105	1.36019094213492
0.554074019439945	-0.895308017776034	-1.04205367257092	-2.23494649859233	-0.541419191803528	1.5999195667919	1.35907327835255
0.55723778721178	-0.894338649279158	-1.04817183097237	-2.23667981901936	-0.542203918583178	1.60396823615089	1.35794139825089
0.560390239967029	-0.89338174852666	-1.05429425289328	-2.23841649443068	-0.542967259493024	1.60802366026714	1.35679564705982
0.563531243809332	-0.89243720838231	-1.06042024903809	-2.24015629420067	-0.543709487153531	1.61208531825494	1.35563636764735
0.56666066633374	-0.891504922171271	-1.06654913566291	-2.24189898949557	-0.544430872659433	1.61615269330368	1.35446390051959
0.569778376626716	-0.890584783680101	-1.07268023457549	-2.24364435327354	-0.545131685579733	1.62022527267787	1.35327858382082
0.572884245266133	-0.889676687156756	-1.0788128731353	-2.24539216028462	-0.545812193957709	1.62430254771715	1.35208075333342
0.575978144321276	-0.888780527310582	-1.08494638425343	-2.24714218707077	-0.546472664310903	1.62838401383629	1.35087074247792
0.579059947352838	-0.887896199312325	-1.09108010639269	-2.24889421196583	-0.547113361631133	1.63246917052515	1.34964888231298
0.582129529412928	-0.887023598794123	-1.09721338356751	-2.25064801509555	-0.547734549384483	1.63655752134875	1.34841550153538
0.585186767045062	-0.886162621849511	-1.10334556534403	-2.25240337837757	-0.548336489511309	1.64064857394722	1.34717092648003
0.588231538284167	-0.885313165033416	-1.10947600684004	-2.25416008552145	-0.548919442426239	1.64474184003579	1.34591548112
0.591263722656584	-0.884475125362163	-1.11560406872502	-2.25591792202862	-0.549483667018169	1.64883683540485	1.34464948706645
0.594283201180062	-0.883648400313472	-1.12172911722008	-2.25767667519242	-0.550029420650265	1.65293307991987	1.34337326356871
0.597289856363761	-0.882832887826455	-1.12785052409805	-2.2594361340981	-0.550556959159966	1.65703009752149	1.3420871275142
0.600283572208254	-0.882028486301623	-1.1339676666834	-2.26119608962279	-0.551066536858978	1.66112741622542	1.3407913934285
0.603264234205524	-0.881235094600879	-1.14007992785228	-2.26295633443554	-0.551558406533279	1.66522456812254	1.33948637347533
0.606231729338965	-0.880452612047523	-1.14618669603251	-2.26471666299727	-0.552032819443119	1.66932108937881	1.3381723774565
0.60918594608338	-0.879680938426249	-1.15228736520357	-2.26647687156082	-0.552490025323015	1.67341652023535	1.336849712812
0.612126774404987	-0.878919973983146	-1.15838133489662	-2.26823675817093	-0.552930272381757	1.67751040500838	1.33551868461991
0.615054105761411	-0.878169619425698	-1.16446801019451	-2.26999612266422	-0.553353807302403	1.68160229208925	1.33417959559647
0.61796783310169	-0.877429775922785	-1.17054680173171	-2.27175476666924	-0.553760875242283	1.68569173394441	1.33283274609603
0.620867850866273	-0.876700345104681	-1.17661712569441	-2.27351249360641	-0.554151719832997	1.68977828711548	1.33147843411109
0.62375405498702	-0.875981229063056	-1.18267840382045	-2.27526910868805	-0.554526583180415	1.69386151221914	1.33011695527226
0.6266263428872	-0.875272330350974	-1.18873006339934	-2.27702441891839	-0.554885705864677	1.69794097394725	1.3287486028483
0.629484613481495	-0.874573551982894	-1.19477153727226	-2.27877823309357	-0.555229326940194	1.70201624106676	1.3273736677461
0.632328767175998	-0.873884797434671	-1.20080226383206	-2.2805303618016	-0.555557683935647	1.70608688641975	1.32599243851067
0.635158705868211	-0.873205970643555	-1.20682168702327	-2.28228061742241	-0.555871012853988	1.71015248692342	1.32460520132515
0.63797433294705	-0.87253697600819	-1.21282925634208	-2.28402881412782	-0.556169548172438	1.71421262357009	1.32321224001082
0.640775553292839	-0.871877718388615	-1.21882442683635	-2.28577476788154	-0.55645352284249	1.71826688142721	1.3218138360271
0.643562273277315	-0.871228103106267	-1.22480665910562	-2.28751829643921	-0.556723168289904	1.72231484963734	1.32041026847151
0.646334400763624	-0.870588035943973	-1.23077541930109	-2.28925921934833	-0.556978714414714	1.72635612141818	1.31900181407974
0.649091845106325	-0.869957423145959	-1.23673017912564	-2.29099735794832	-0.557220389591224	1.73039029406253	1.31758874722558
0.651834517151387	-0.869336171417845	-1.24267041583382	-2.29273253537051	-0.557448420668005	1.73441696893833	1.31617133992096
0.65456232923619	-0.868724187926646	-1.24859561223183	-2.29446457653809	-0.557663032967902	1.73843575148864	1.31474986181595
0.657275195189524	-0.868121380300771	-1.25450525667757	-2.29619330816619	-0.557864450288028	1.74244625123163	1.31332458019875
0.659973030331592	-0.867527656630025	-1.26039884308059	-2.29791855876181	-0.558052894899769	1.74644808176061	1.31189575999568
0.662655751474007	-0.866942925465608	-1.26627587090212	-2.29964015862387	-0.558228587548777	1.75044086074399	1.31046366377119
0.665323276919791	-0.866367095820116	-1.27213584515506	-2.30135793984317	-0.558391747454978	1.75442420992532	1.30902855172788
0.667975526463381	-0.865800077167538	-1.27797827640398	-2.30307173630242	-0.558542592312566	1.75839775512326	1.30759068170647
0.670612421390622	-0.865241779443259	-1.28380268076512	-2.30478138367623	-0.558681338290008	1.76236112623161	1.3061503091858
0.67323388447877	-0.86469211304406	-1.28960857990637	-2.3064867194311	-0.55880820003004	1.76631395721927	1.30470768728285
0.675839839996493	-0.864150988828115	-1.29539550104734	-2.30818758282543	-0.558923390649665	1.77025588613027	1.30326306675275
0.67843021370387	-0.863618318114995	-1.30116297695925	-2.30988381490953	-0.559027121740163	1.77418655508378	1.30181669598873
0.681004932852389	-0.863094012685664	-1.30691054596504	-2.3115752585256	-0.559119603367078	1.77810561027406	1.30036882102216
0.683563926184953	-0.862577984782484	-1.3126377519393	-2.31326175830773	-0.559201044070228	1.78201270197051	1.29891968552256
0.686107123935871	-0.862070147109209	-1.31834414430829	-2.31494316068192	-0.5592716508637	1.78590748451767	1.29746953079756
0.688634457830867	-0.861570412830989	-1.32402927804993	-2.31661931386608	-0.559331629235852	1.78978961633515	1.29601859579294
0.691145861087073	-0.861078695574371	-1.32969271369384	-2.31829006786999	-0.559381183149311	1.79365875991775	1.29456711709257
0.693641268413035	-0.860594909427294	-1.33533401732128	-2.31995527449535	-0.559420515040976	1.79751458183533	1.29311532891851
0.696120616008706	-0.860118968939094	-1.34095276056519	-2.32161478733575	-0.559449825822015	1.80135675273291	1.29166346313091
0.698583841565454	-0.859650789120501	-1.3465485206102	-2.32326846177669	-0.559469314877867	1.80518494733062	1.29021174922805
0.701030884266056	-0.859190285443641	-1.35212088019259	-2.32491615499555	-0.559479180068241	1.80899884442371	1.28876041434638
0.703461684784699	-0.858737373842035	-1.3576694276003	-2.32655772596162	-0.559479617727116	1.81279812688256	1.28730968326043
0.705876185286983	-0.858291970710597	-1.36319375667297	-2.32819303543609	-0.559470822662743	1.81658248165267	1.2858597783829
0.708274329429918	-0.857853992905638	-1.36869346680189	-2.32982194597205	-0.559452988157641	1.82035159975465	1.28441091976461
0.710656062361924	-0.857423357744865	-1.37416816293003	-2.33144432191447	-0.559426305968601	1.82410517628424	1.28296332509449
0.713021330722834	-0.856999983007378	-1.37961745555202	-2.33306002940025	-0.559390966326682	1.82784291041231	1.28151720969964
0.71537008264389	-0.856583786933672	-1.38504096071417	-2.33466893635817	-0.559347157937217	1.83156450538485	1.28007278654525
0.717702267747747	-0.856174688225639	-1.39043830001445	-2.3362709125089	-0.559295067979807	1.83526966852296	1.27863026623468
0.720017837148468	-0.855772606046563	-1.39580910060252	-2.33786582936503	-0.559234882108322	1.83895811122287	1.27718985700939
0.72231674345153	-0.855377460021127	-1.4011529951797	-2.33945356023103	-0.559166784450906	1.84262954895593	1.27575176474899
0.724598940753819	-0.854989170235405	-1.40646962199896	-2.34103398020328	-0.559090957609969	1.84628370126862	1.27431619297121
0.726864384643634	-0.85460765723687	-1.41175862486498	-2.34260696617006	-0.559007582662196	1.84992029178253	1.27288334283191
0.729113032200681	-0.854232842034386	-1.41701965313407	-2.34417239681153	-0.558916839158538	1.85353904819439	1.27145341312511
0.731344841996082	-0.853864646098214	-1.42225236171424	-2.34573015259978	-0.558818905124218	1.85713970227602	1.27002660028291
0.733559774092367	-0.853502991360011	-1.42745641106517	-2.34728011579878	-0.558713957058731	1.8607219898744	1.26860309837558
0.735757790043476	-0.853147800212828	-1.43263146719818	-2.34882217046438	-0.558602169935839	1.86428565091161	1.26718309911152
0.737938852894763	-0.852798995511111	-1.4377772016763	-2.35035620244438	-0.558483717203578	1.86783042938484	1.26576679183724
0.74010292718299	-0.852456500570701	-1.4428932916142	-2.35188209937842	-0.55835877078425	1.87135607336644	1.26435436353739
0.742249978936332	-0.852120239168834	-1.44797941967824	-2.35339975069807	-0.558227501074432	1.87486233500385	1.26294599883476
0.744379975674375	-0.851790135544141	-1.45303527408643	-2.35490904762681	-0.558090076944968	1.87834897051965	1.26154187999026
0.746492886408113	-0.851466114396649	-1.45806054860848	-2.35640988318	-0.557946665740973	1.88181574021152	1.26014218690294
0.748588681639956	-0.851148100887779	-1.46305494256574	-2.35790215216489	-0.557797433281833	1.88526240845229	1.25874709710997
0.750667333363719	-0.850836020640347	-1.46801816083126	-2.35938575118065	-0.557642543861204	1.8886887436899	1.25735678578667
0.752728815064634	-0.850529799738564	-1.47294991382972	-2.36086057861834	-0.557482160247012	1.8920945184474	1.25597142574646
0.754773101719339	-0.850229364728038	-1.47784991753752	-2.36232653466091	-0.557316443681453	1.89547950932298	1.25459118744093
0.756800169795886	-0.849934642615769	-1.48271789348268	-2.36378352128323	-0.557145553880995	1.89884349698994	1.25321623895977
0.758809997253736	-0.849645560870154	-1.48755356874494	-2.36523144225204	-0.556969649036375	1.90218626619671	1.25184674603081
0.760802563543763	-0.849362047420984	-1.49235667595567	-2.36667020312601	-0.5567888858126	1.90550760576684	1.25048287202002
0.76277784960825	-0.849084030659446	-1.49712695329794	-2.36809971125568	-0.556603419348948	1.908807308599	1.24912477793149
0.764735837880891	-0.848811439438122	-1.50186414450646	-2.36951987578351	-0.556413403258966	1.91208517166698	1.24777262240744
0.766676512286794	-0.848544203070987	-1.50656799886764	-2.37093060764385	-0.556218989630474	1.9153409960197	1.24642656172824
0.768599858242474	-0.848282251333415	-1.51123827121954	-2.37233181956294	-0.556020329025561	1.9185745867812	1.24508674981237
0.770505862655858	-0.848025514462171	-1.51587472195191	-2.37372342605894	-0.555817570480584	1.92178575315063	1.24375333821645
0.772394513926286	-0.847773923155417	-1.52047711700615	-2.37510534344188	-0.555610861506175	1.92497430840228	1.24242647613522
0.774265801944508	-0.84752740857271	-1.52504522787534	-2.37647748981373	-0.555400348087231	1.92814006988555	1.24110631040158
0.776119718092683	-0.847285902335003	-1.52957883160424	-2.37783978506831	-0.555186174682923	1.93128285902496	1.23979298548653
0.777956255244382	-0.84704933652464	-1.53407771078925	-2.37919215089137	-0.554968484226692	1.93440250132017	1.23848664349921
0.779775407764589	-0.846817643685365	-1.53854165357848	-2.38053451076056	-0.554747418126248	1.93749882634595	1.2371874241869
0.781577171509697	-0.846590756822315	-1.54297045367167	-2.38186678994541	-0.554523116263572	1.94057166775218	1.23589546493501
0.78336154382751	-0.846368609402021	-1.54736391032028	-2.38318891550735	-0.554295716994915	1.94362086326388	1.23461090076706
0.785128523557243	-0.846151135352411	-1.55172182832739	-2.38450081629974	-0.554065357150798	1.94664625468118	1.23333386434474
0.786878111029522	-0.845938269062805	-1.55604401804778	-2.3858024229678	-0.553832172036014	1.94964768787935	1.23206448596783
0.788610308066385	-0.845729945383923	-1.56033029538789	-2.38709366794867	-0.553596295429625	1.95262501280876	1.23080289357426
0.790325117981279	-0.845526099627875	-1.56458048180583	-2.38837448547137	-0.553357859584962	1.95557808349492	1.2295492127401
0.792022545579065	-0.845326667568169	-1.5687944043114	-2.38964481155685	-0.553116995229629	1.95850675803845	1.22830356667954
0.793702597156011	-0.845131585439706	-1.57297189546603	-2.39090458401794	-0.5528738315655	1.9614108986151	1.22706607624491
0.795365280499798	-0.844940789938785	-1.57711279338287	-2.39215374245935	-0.552628496268716	1.96429037147573	1.22583685992664
0.797010604889519	-0.844754218223097	-1.5812169417267	-2.39339222827773	-0.552381115489692	1.96714504694634	1.22461603385334
0.798638581095677	-0.84457180791173	-1.58528418971398	-2.39461998466159	-0.552131813853112	1.96997479942804	1.22340371179172
0.800249221380185	-0.844393497085166	-1.58931439211286	-2.39583695659136	-0.55188071445793	1.97277950739706	1.22220000514661
0.801842539496367	-0.844219224285283	-1.59330740924314	-2.39704309083937	-0.551627938877371	1.97555905340476	1.22100502296101
0.803418550688961	-0.844048928515352	-1.5972631069763	-2.39823833596984	-0.551373607158929	1.97831332407762	1.21981887191603
0.804977271694112	-0.843882549240041	-1.60118135673549	-2.39942264233889	-0.551117837824371	1.98104221011724	1.21864165633089
0.806518720739378	-0.843720026385414	-1.60506203549552	-2.40059596209453	-0.550860747869731	1.98374560630035	1.21747347816298
0.808042917543727	-0.843561300338926	-1.60890502578287	-2.40175824917669	-0.550602452765315	1.98642341147878	1.2163144370078
0.80954988331754	-0.843406311949431	-1.61271021567572	-2.40290945931719	-0.5503430664557	1.98907552857951	1.21516463009897
0.811039640762606	-0.843255002527177	-1.61647749880389	-2.40404955003974	-0.550082701359732	1.99170186460462	1.21402415230827
0.812512214072128	-0.843107313843806	-1.62020677434888	-2.40517848065995	-0.549821468370528	1.99430233063133	1.2128930961456
0.813967628930717	-0.842963188132355	-1.62389794704385	-2.40629621228534	-0.549559476855474	1.99687684181197	1.21177155175897
0.815405912514396	-0.842822568087258	-1.62755092717365	-2.40740270781533	-0.549296834656229	1.99942531737399	1.21065960693455
0.816827093490601	-0.842685396864342	-1.6311656305748	-2.40849793194121	-0.54903364808872	2.00194768061998	1.20955734709663
0.818231202018175	-0.84255161808083	-1.63474197863546	-2.4095818511462	-0.548770021943144	2.00444385892763	1.20846485530762
0.819618269747377	-0.84242117581534	-1.6382798982955	-2.41065443370541	-0.548506059483971	2.00691378374976	1.20738221226808
0.820988329819872	-0.842294014607884	-1.64177932204643	-2.41171564968585	-0.548241862449939	2.00935739061432	1.20630949631669
0.822341416868739	-0.842170079459871	-1.64524018793145	-2.41276547094642	-0.547977531054057	2.01177461912438	1.20524678343027
0.823677567018467	-0.842049315834103	-1.64866243954542	-2.41380387113792	-0.547713163983604	2.01416541295811	1.20419414722376
0.824996817884955	-0.841931669654779	-1.65204602603488	-2.41483082570306	-0.54744885840013	2.01652971986884	1.20315165895023
0.826299208575516	-0.841817087307491	-1.65539090209802	-2.41584631187643	-0.547184709939455	2.01886749168499	1.20211938750089
0.82758477968887	-0.841705515639228	-1.65869702798473	-2.41685030868455	-0.546920812711668	2.02117868431012	1.20109739940509
0.82885357331515	-0.841596901958372	-1.66196436949655	-2.4178427969458	-0.546657259301131	2.02346325772291	1.20008575883028
0.830105633035901	-0.841491194034702	-1.66519289798669	-2.41882375927048	-0.546394140766474	2.02572117597714	1.19908452758208
0.831341003924077	-0.84138834009939	-1.66838259036004	-2.4197931800608	-0.546131546640598	2.02795240720175	1.19809376510421
0.832559732544044	-0.841288288845006	-1.67153342907315	-2.42075104551084	-0.545869564930675	2.03015692360077	1.19711352847853
0.833761866951579	-0.841190989425512	-1.67464540213426	-2.4216973436066	-0.545608282118147	2.03233470145338	1.19614387242504
0.834947456693868	-0.841096391456266	-1.67771850310326	-2.42263206412597	-0.545347783158725	2.03448572111385	1.19518484930186
0.836116552809512	-0.841004445014022	-1.68075273109171	-2.42355519863874	-0.545088151482392	2.03660996701159	1.19423650910525
0.837269207828519	-0.840915100636928	-1.68374809076286	-2.4244667405066	-0.5448294689934	2.03870742765114	1.1932988994696
0.838405475772309	-0.840828309324528	-1.68670459233161	-2.42536668488314	-0.544571816070273	2.04077809561215	1.19237206566741
0.839525412153715	-0.84074402253776	-1.68962225156455	-2.42625502871385	-0.544315271565805	2.0428219675494	1.19145605060935
0.840629073976978	-0.840662192198957	-1.69250108977991	-2.42713177073611	-0.544059912807057	2.04483904419277	1.1905508948442
0.841716519737753	-0.840582770691848	-1.69534113384763	-2.4279969114792	-0.543805815595365	2.0468293303473	1.18965663655885
0.842787809423102	-0.840505710861557	-1.69814241618929	-2.42885045326431	-0.543553054206332	2.04879283489311	1.18877331157836
0.843843004511503	-0.840430966014601	-1.70090497477816	-2.42969240020453	-0.543301701389834	2.05072957078548	1.18790095336591
0.844882167972839	-0.840358489918895	-1.70362885313915	-2.43052275820482	-0.543051828370015	2.05263955505479	1.18703959302278
0.84590536426841	-0.840288236803748	-1.70631410034889	-2.43134153496207	-0.54280350484529	2.05452280880655	1.18618925928843
0.846912659350922	-0.840220161359862	-1.70896077103563	-2.43214873996505	-0.542556798988344	2.05637935722138	1.18534997854041
0.847904120664496	-0.840154218739337	-1.71156892537932	-2.43294438449445	-0.542311777446134	2.05820922955504	1.18452177479442
0.848879817144661	-0.840090364555666	-1.71413862911158	-2.43372848162284	-0.542068505339886	2.0600124591384	1.1837046697043
0.849839819218357	-0.840028554883738	-1.71666995351568	-2.43450104621469	-0.541827046265095	2.06178908337746	1.18289868256201
0.850784198803938	-0.839968746259838	-1.71916297542658	-2.43526209492637	-0.541587462291529	2.06353914375333	1.18210383029762
0.851713029311166	-0.839910895681643	-1.72161777723091	-2.43601164620615	-0.541349813963225	2.06526268582226	1.18132012747938
0.852626385641214	-0.839854960608228	-1.72403444686695	-2.43674972029421	-0.54111416029849	2.0669597592156	1.18054758631362
0.853524344186667	-0.839800898960062	-1.72641307782468	-2.43747633922261	-0.540880558789901	2.06863041763985	1.17978621664484
0.854406982831521	-0.839748669119009	-1.72875376914573	-2.43819152681532	-0.540649065404307	2.0702747188766	1.17903602595564
0.855274380951184	-0.839698229928327	-1.73105662542341	-2.4388953086882	-0.540419734582825	2.07189272478258	1.17829701936679
0.856126619412471	-0.839649540692671	-1.73332175680269	-2.43958771224903	-0.540192619240845	2.07348450128966	1.17756919963715
0.856963780573613	-0.83960256117809	-1.73554927898022	-2.44026876669745	-0.539967770768026	2.07505011840478	1.17685256716373
0.857785948284248	-0.839557251612028	-1.73773931320432	-2.44093850302504	-0.539745239028295	2.07658965021006	1.17614711998167
0.858593207885427	-0.839513572683323	-1.73989198627497	-2.44159695401525	-0.539525072359854	2.07810317486271	1.17545285376425
0.859385646209612	-0.839471485542212	-1.74200743054384	-2.44224415424345	-0.539307317575172	2.07959077459507	1.17476976182286
0.860163351580675	-0.839430951800322	-1.74408578391425	-2.44288014007688	-0.539092019960988	2.08105253571459	1.17409783510705
0.860926413813899	-0.839391933530678	-1.7461271898412	-2.44350494967471	-0.538879223278314	2.08248854860386	1.17343706220446
0.861674924215978	-0.839354393267699	-1.74813179733136	-2.444118622988	-0.538668969762429	2.08389890772059	1.17278742934091
0.862408975585018	-0.839318294007199	-1.75009976094308	-2.44472120175969	-0.538461300122886	2.08528371159759	1.17214892038031
0.863128662210535	-0.839283599206389	-1.75203124078635	-2.44531272952464	-0.538256253543506	2.08664306284283	1.17152151682472
0.863834079873456	-0.839250272783872	-1.75392640252287	-2.4458932516096	-0.538053867682379	2.08797706813937	1.17090519781434
0.86452532584612	-0.839218279119648	-1.75578541736598	-2.44646281513321	-0.537854178671869	2.0892858382454	1.17029994012748
0.865202498892274	-0.83918758305511	-1.75760846208071	-2.44702146900604	-0.537657221118607	2.09056948799424	1.16970571818059
0.865865699267081	-0.83915814989305	-1.75939571898375	-2.44756926393052	-0.537463028103496	2.09182813629433	1.16912250402825
0.866515028717109	-0.839129945397652	-1.76114737594346	-2.448106252401	-0.537271631181709	2.09306190612923	1.16855026736318
0.867150590480342	-0.839102935794494	-1.76286362637987	-2.44863248870372	-0.537083060382689	2.09427092455761	1.16798897551622
0.867772489286171	-0.839077087770552	-1.76454466926469	-2.44914802891684	-0.53689734421015	2.09545532271328	1.16743859345635
0.868380831355402	-0.839052368474196	-1.7661907091213	-2.44965293091038	-0.536714509642076	2.09661523580517	1.16689908379067
0.868975724400248	-0.83902874551519	-1.76780195602473	-2.45014725434629	-0.53653458213072	2.09775080311732	1.16637040676443
0.869557277624336	-0.839006186964693	-1.7693786256017	-2.45063106067841	-0.536357585602607	2.09886216800891	1.16585252026098
0.870125601722701	-0.838984661355262	-1.7709209390306	-2.45110441315248	-0.536183542458533	2.09994947791422	1.16534537980183
0.870680808881793	-0.838964137680844	-1.77242912304148	-2.45156737680614	-0.536012473573561	2.10101288434267	1.16484893854661
0.871223012779469	-0.838944585396787	-1.77390340991608	-2.45202001846891	-0.535844398297028	2.10205254287879	1.16436314729308
0.871752328584998	-0.838925974419828	-1.77534403748778	-2.45246240676223	-0.535679334452538	2.10306861318224	1.16388795447713
0.872268872959062	-0.838908275128104	-1.77675124914165	-2.45289461209945	-0.535517298337969	2.10406125898781	1.1634233061728
0.872772764053752	-0.838891458361144	-1.77812529381444	-2.45331670668577	-0.535358304725467	2.1050306481054	1.16296914609222
0.87326412151257	-0.838875495419874	-1.77946642599454	-2.45372876451835	-0.535202366861447	2.10597695242002	1.1625254155857
0.87374306647043	-0.838860358066613	-1.78077490572204	-2.4541308613862	-0.535049496466598	2.10690034789182	1.16209205364164
0.874209721553656	-0.838846018525076	-1.78205099858869	-2.45452307487025	-0.534899703735875	2.10780101455609	1.1616689968866
0.874664210879982	-0.838832449480374	-1.78329497573791	-2.45490548434333	-0.534752997338508	2.10867913652319	1.16125617958525
0.875106660058556	-0.838819624079012	-1.78450711386479	-2.45527817097017	-0.534609384417994	2.10953490197865	1.16085353364041
0.875537196189934	-0.838807515928889	-1.78568769521608	-2.45564121770738	-0.5344688705921	2.1103685031831	1.16046098859302
0.875955947866085	-0.838796099099302	-1.78683700759022	-2.45599470930349	-0.534331459952866	2.1111801364723	1.16007847162214
0.876363045170388	-0.838785348120941	-1.7879553443373	-2.45633873229892	-0.534197155066599	2.11197000225712	1.15970590754499
0.876758619677632	-0.83877523798589	-1.78904300435911	-2.45667337502598	-0.534065956973881	2.11273830502358	1.1593432188169
0.877142804454019	-0.83876574414763	-1.79010029210908	-2.45699872760891	-0.533937865189559	2.11348525333278	1.15899032553133
0.877515734057161	-0.838756842521038	-1.79112751759233	-2.4573148819638	-0.533812877702753	2.11421105982097	1.15864714541988
0.87787754453608	-0.838748509482382	-1.79212499636564	-2.45762193179869	-0.533690990976854	2.11491594119953	1.15831359385229
0.87822837343121	-0.838740721869329	-1.79309304953745	-2.45791997261348	-0.533572199949522	2.11560011825494	1.1579895838364
0.878568359774397	-0.838733456980938	-1.79403200376791	-2.45820910169998	-0.533456498032687	2.11626381584881	1.15767502601821
0.878897644088895	-0.838726692577667	-1.79494219126879	-2.45848941814191	-0.533343877112551	2.11690726291788	1.15736982868185
0.879216368389372	-0.838720406881365	-1.79582394980357	-2.45876102281488	-0.533234327549585	2.11753069247399	1.15707389774956
0.879524676181905	-0.838714578575277	-1.79667762268738	-2.45902401838639	-0.53312783817853	2.11813434160414	1.15678713678173
0.879822712463982	-0.838709186804045	-1.79750355878703	-2.45927850931585	-0.533024396308399	2.11871845147041	1.15650944697687
0.880110623724504	-0.838704211173704	-1.79830211252099	-2.45952460185458	-0.532923987722473	2.11928326731003	1.15624072717163
0.880388557943781	-0.838699631751685	-1.79907364385941	-2.45976240404577	-0.532826596678305	2.11982903843534	1.15598087384078
0.880656664593534	-0.838695429066814	-1.7998185183241	-2.45999202572452	-0.532732205907718	2.12035601823381	1.15572978109724
0.880915094636895	-0.838691584109311	-1.80053710698856	-2.46021357851785	-0.532640796616805	2.12086446416803	1.15548734069204
0.881164000528408	-0.838688078330793	-1.80122978647794	-2.46042717584464	-0.53255234848593	2.1213546377757	1.15525344201436
0.881403536214028	-0.83868489364427	-1.80189693896907	-2.46063293291571	-0.532466839669726	2.12182680466966	1.15502797209149
0.881633857131119	-0.838682012424148	-1.80253895219045	-2.46083096673374	-0.532384246797097	2.12228123453786	1.15481081558887
0.881855120208458	-0.838679417506228	-1.80315621942225	-2.46102139609334	-0.532304544971218	2.12271820114338	1.15460185481006
0.882067483866232	-0.838677092187706	-1.80374913949631	-2.461204341581	-0.532227707769534	2.12313798232441	1.15440096969675
0.882271108016039	-0.838675020227174	-1.80431811679613	-2.46137992557511	-0.532153707243759	2.12354085999428	1.15420803782878
0.882466154060888	-0.838673185844616	-1.80486356125691	-2.46154827224597	-0.532082513919878	2.12392712014143	1.15402293442409
0.882652784895199	-0.838671573721416	-1.80538588836548	-2.46170950755577	-0.532014096798148	2.12429705282942	1.15384553233879
0.882831164904804	-0.838670169000347	-1.80588551916037	-2.4618637592586	-0.531948423353095	2.12465095219694	1.15367570206707
0.883001459966943	-0.838668957285582	-1.80636288023178	-2.46201115690045	-0.531885459533514	2.1249891164578	1.15351331174131
0.88316383745027	-0.838667924642688	-1.80681840372156	-2.4621518318192	-0.531825169762472	2.12531184790093	1.15335822713197
0.883318466214849	-0.838667057598624	-1.80725252732326	-2.46228591714465	-0.531767516937306	2.12561945289037	1.15321031164767
0.883465516612155	-0.838666343141748	-1.80766569428206	-2.46241354779847	-0.531712462429624	2.12591224186532	1.15306942633515
0.883605160485073	-0.838665768721811	-1.80805835339485	-2.46253486049425	-0.531659966085302	2.12619052934005	1.15293542987929
0.8837375711679	-0.838665322249959	-1.80843095901018	-2.46264999373748	-0.531609986224488	2.126454633904	1.15280817860309
0.883862923486343	-0.838664992098733	-1.80878397102824	-2.46275908782553	-0.531562479641602	2.1267048782217	1.1526875264677
0.883981393757521	-0.83866476710207	-1.80911785490094	-2.46286228484768	-0.53151740160533	2.12694158903281	1.15257332507237
0.884093159789965	-0.838664636555303	-1.80943308163182	-2.46295972868512	-0.531474705858632	2.12716509715212	1.15246542365451
0.884198400883614	-0.838664590215156	-1.80973012777611	-2.46305156501091	-0.531434344618737	2.12737573746954	1.15236366908964
0.884297297829819	-0.838664618299751	-1.81000947544071	-2.46313794129004	-0.531396268577144	2.1275738489501	1.15226790589144
0.884390032911343	-0.838664711488606	-1.81027161228419	-2.46321900677938	-0.531360426899622	2.12775977463395	1.15217797621168
0.88447678990236	-0.838664860922632	-1.81051703151677	-2.4632949125277	-0.531326767226213	2.12793386163636	1.1520937198403
0.884557754068454	-0.838665058204136	-1.81074623190038	-2.46336581137567	-0.531295235671225	2.12809646114772	1.15201497420534
0.88463311216662	-0.838665295396818	-1.81095971774859	-2.46343185795587	-0.53126577682324	2.12824792843356	1.151941574373
0.884703052445264	-0.838665565025777	-1.81115799892664	-2.46349320869276	-0.531238333745109	2.12838862283452	1.15187335304759
0.884767764644203	-0.838665860077503	-1.81134159085146	-2.46355002180271	-0.531212847973953	2.12851890776635	1.15181014057156
0.884827439994666	-0.838666173999884	-1.81151101449163	-2.46360245729399	-0.531189259521162	2.12863915071993	1.15175176492548
0.884882271219292	-0.838666500702202	-1.81166679636742	-2.46365067696676	-0.5311675068724	2.12874972326129	1.15169805172808
0.88493245253213	-0.838666834555132	-1.81180946855075	-2.46369484441309	-0.531147526987599	2.12885100103154	1.15164882423617
0.884978179638642	-0.838667170390748	-1.81193956866524	-2.46373512501694	-0.531129255300959	2.12894336374693	1.15160390334475
0.885019649735699	-0.838667503502517	-1.81205763988614	-2.46377168595416	-0.531112625720956	2.12902719519884	1.15156310758691
0.885057061511585	-0.8386678296453	-1.8121642309404	-2.46380469619253	-0.531097570630331	2.12910288325376	1.15152625313389
0.885090615145994	-0.838668145035353	-1.81225989610663	-2.46383432649169	-0.531084020886097	2.1291708198533	1.15149315379506
0.885120512310029	-0.838668446350331	-1.81234519521512	-2.46386074940321	-0.53107190581954	2.12923140101421	1.1514636210179
0.885146956166207	-0.838668730729279	-1.81242069364781	-2.46388413927055	-0.531061153236212	2.12928502682834	1.15143746388805
0.885170151368455	-0.838668995772639	-1.81248696233834	-2.46390467222904	-0.531051689415938	2.12933210146269	1.15141448912926
0.885190304062109	-0.83866923954225	-1.812544577772	-2.46392252620596	-0.531043439112813	2.12937303315934	1.15139450110343
0.88520762188392	-0.838669460561342	-1.81259412198574	-2.46393788092045	-0.531036325555201	2.12940823423553	1.15137730181057
0.885222313962046	-0.838669657814545	-1.81263618256821	-2.46395091788355	-0.531030270445737	2.12943812108361	1.15136269088885
0.885234590916058	-0.838669830747878	-1.81267135265971	-2.46396182039823	-0.531025193961329	2.12946311417104	1.15135046561453
0.885244664856937	-0.838669979268761	-1.81270023095221	-2.46397077355933	-0.53102101475315	2.12948363804043	1.15134042090204
0.885252749387076	-0.838670103746005	-1.81272342168937	-2.46397796425359	-0.531017649946647	2.12950012130949	1.15133234930393
0.885259059600277	-0.838670205009818	-1.8127415346665	-2.46398358115966	-0.531015015141538	2.12951299667104	1.15132604101086
0.885263812081756	-0.838670284351803	-1.81275518523059	-2.46398781474809	-0.531013024411808	2.12952270089306	1.15132128385164
0.885267224908138	-0.838670343524956	-1.81276499428029	-2.46399085728131	-0.531011590305715	2.12952967481862	1.15131786329322
0.885269517647459	-0.838670384743671	-1.81277158826593	-2.46399290281368	-0.531010623845786	2.12953436336593	1.15131556244066
0.885270911359166	-0.838670410683734	-1.81277559918951	-2.46399414719142	-0.531010034528818	2.12953721552831	1.15131416203716
0.885271628594116	-0.838670424482329	-1.8127776646047	-2.46399478805267	-0.531009730325881	2.1295386843742	1.15131344046406
0.88527189339458	-0.838670429738033	-1.81277842761684	-2.46399502482748	-0.531009617682312	2.12953922704719	1.15131317374081
0.885271931294237	-0.838670430510819	-1.81277853688294	-2.46399505873779	-0.53100960151772	2.12953930476595	1.15131313552502
