0.946570173398453	0.128978350862922	-0.15027322754625	-2.64831222927097	0.0541082058260196	2.77516358435866	2.31779724664847
0.946570128010956	0.128978309354387	-0.150273174564102	-2.64831220734803	0.054108223468651	2.77516352447746	2.31779724631615
0.946569810900647	0.128978019384683	-0.150272804542048	-2.64831205419443	0.0541083466571766	2.7751631061493	2.31779724388483
0.946568952000681	0.128977234115264	-0.150271802785879	-2.64831163942386	0.0541086800852821	2.77516197323803	2.31779723696645
0.946567283050727	0.128975708477718	-0.150269857160327	-2.64831083357105	0.0541093275169704	2.77515977212836	2.31779722285767
0.946564537596964	0.128973199173769	-0.150266658089065	-2.64830950809181	0.0541103917865624	2.77515615172583	2.31779719853981
0.94656045099208	0.128969464675272	-0.15026189855471	-2.64830753536303	0.0541119747986967	2.77515076345688	2.31779716067888
0.946554760395278	0.128964265224219	-0.150255274098817	-2.64830478868265	0.0541141775283293	2.77514326126878	2.3177971056256
0.94654720477227	0.128957362832733	-0.150246482821887	-2.6483011422697	0.0541171000207341	2.77513330162967	2.31779702941536
0.946537524895279	0.128948521283074	-0.150235225383359	-2.64829647126429	0.0541208413915026	2.77512054352856	2.31779692776823
0.94652546334304	0.128937506127635	-0.150221205001615	-2.64829065172757	0.0541254998265439	2.7751046484753	2.31779679608897
0.9465107645008	0.128924084688942	-0.150204127453979	-2.64828356064179	0.0541311725820849	2.77508528050063	2.31779662946704
0.946493174560315	0.128908026059657	-0.150183701076716	-2.64827507591026	0.0541379559846702	2.77506210615613	2.31779642267659
0.946472441519855	0.128889101102575	-0.150159636765033	-2.64826507635735	0.0541459454311618	2.77503479451423	2.31779617017642
0.946448315184198	0.128867082450625	-0.15013164797308	-2.64825344172853	0.0541552353887397	2.77500301716825	2.31779586611007
0.946420547164636	0.128841744506871	-0.150099450713944	-2.64824005269032	0.0541659193949013	2.77496644823235	2.31779550430573
0.94638889087897	0.12881286344451	-0.15006276355966	-2.64822479083031	0.0541780900574619	2.77492476434155	2.31779507827628
0.946353101551515	0.128780217206874	-0.1500213076412	-2.64820753865717	0.0541918390545543	2.77487764465174	2.31779458121931
0.946312936213094	0.128743585507429	-0.149974806648479	-2.64818817960064	0.0542072571346291	2.77482477083966	2.31779400601706
0.946268153701045	0.128702749829774	-0.149922986830354	-2.64816659801153	0.0542244341164544	2.77476582710293	2.3177933452365
0.946218514659212	0.128657493427645	-0.149865576994624	-2.64814267916173	0.0542434588891162	2.77470050016001	2.31779259112926
0.946163781537956	0.128607601324908	-0.149802308508028	-2.64811630924418	0.0542644194120179	2.77462847925023	2.31779173563165
0.946103718594145	0.128552860315565	-0.149732915296248	-2.64808737537292	0.0542874027148809	2.77454945613377	2.3177907703647
0.946038091891159	0.128493058963754	-0.149657133843907	-2.64805576558303	0.0543124948977439	2.77446312509169	2.31778968663409
0.945966669298892	0.128427987603745	-0.14957470319457	-2.64802136883068	0.0543397811309636	2.7743691829259	2.31778847543021
0.945889220493746	0.128357438339942	-0.149485364950745	-2.64798407499312	0.0543693456552141	2.77426732895915	2.31778712742813
0.945805516958634	0.128281205046884	-0.149388863273878	-2.64794377486865	0.0544012717814875	2.77415726503509	2.31778563298761
0.945715331982984	0.128199083369243	-0.14928494488436	-2.64790036017665	0.0544356418910931	2.77403869551821	2.31778398215309
0.945618440662731	0.128110870721826	-0.149173359061522	-2.64785372355758	0.0544725374356584	2.77391132729384	2.31778216465371
0.945514619900324	0.128016366289575	-0.149053857643638	-2.64780375857297	0.0545120389371281	2.77377486976822	2.31778016990328
0.945403648404722	0.127915371027564	-0.148926195027921	-2.6477503597054	0.0545542259877649	2.7736290348684	2.31777798700032
0.945285306691395	0.127807687661003	-0.14879012817053	-2.64769342235854	0.0545991772501491	2.77347353704232	2.317775604728
0.945159377082324	0.127693120685234	-0.14864541658656	-2.64763284285714	0.0546469704571785	2.77330809325878	2.31777301155422
0.945025643706004	0.127571476365736	-0.148491822350053	-2.647568518447	0.0546976824120687	2.77313242300742	2.31777019563154
0.944883892497437	0.12744256273812	-0.148329110093989	-2.647500347295	0.054751388988353	2.77294624829876	2.31776714479722
0.944733911198139	0.12730618960813	-0.148157047010292	-2.6474282284891	0.0548081651298824	2.77274929366418	2.31776384657319
0.944575489356137	0.127162168551648	-0.147975402849825	-2.64735206203833	0.0548680848508254	2.7725412861559	2.31776028816608
0.944408418325968	0.127010312914686	-0.147783949922395	-2.64727174887276	0.0549312212356684	2.77232195534703	2.31775645646721
0.944232491268681	0.126850437813393	-0.147582463096751	-2.64718719084358	0.0549976464392152	2.77209103333152	2.31775233805259
0.944047503151837	0.126682360134051	-0.14737071980058	-2.64709829072302	0.0550674316865875	2.77184825472418	2.31774791918289
0.943853250749506	0.126505898533076	-0.147148500020515	-2.64700495220439	0.0551406472732246	2.7715933566607	2.31774318580351
0.943649532642272	0.126320873437017	-0.146915586302129	-2.64690707990207	0.0552173625648834	2.7713260787976	2.31773812354449
0.943436149217228	0.12612710704256	-0.146671763749935	-2.64680457935152	0.0552976459976386	2.77104616331229	2.31773271772059
0.94321290266798	0.125924423316523	-0.146416820027389	-2.64669735700925	0.0553815650778824	2.77075335490302	2.31772695333126
0.942979596994642	0.125712647995859	-0.14615054535689	-2.64658532025287	0.0554691863823249	2.77044740078891	2.3177208150606
0.942736038003844	0.125491608587653	-0.145872732519776	-2.64646837738103	0.0555605755579936	2.77012805070995	2.31771428727745
0.942482033308724	0.125261134369127	-0.145583176856328	-2.64634643761348	0.0556557973222339	2.76979505692697	2.31770735403528
0.942217392328931	0.125021056387636	-0.14528167626577	-2.64621941109103	0.0557549154627088	2.76944817422166	2.31769999907229
0.941941926290627	0.124771207460669	-0.144968031206264	-2.64608720887555	0.0558579928373989	2.76908715989659	2.31769220581136
0.941655448226484	0.124511422175849	-0.144642044694918	-2.64594974295	0.0559650913746025	2.76871177377519	2.31768395736004
0.941357772975686	0.124241536890932	-0.144303522307778	-2.64580692621841	0.0560762720729357	2.76832177820173	2.31767523651057
0.941048717183927	0.123961389733811	-0.143952272179834	-2.64565867250586	0.056191595001332	2.76791693804134	2.3176660257399
0.940728099303413	0.12367082060251	-0.143588105005015	-2.64550489655852	0.0563111192990429	2.76749702068005	2.31765630720964
0.940395739592863	0.12336967116519	-0.143210834036196	-2.64534551404364	0.0564349031756374	2.7670617960247	2.3176460627661
0.940051460117503	0.123057784860144	-0.142820275085189	-2.64518044154951	0.056563003911002	2.76661103650302	2.31763527394028
0.939695084749074	0.122735006895799	-0.142416246522751	-2.64500959658553	0.0566954778553412	2.7661445170636	2.31762392194785
0.939326439165827	0.122401184250717	-0.141998569278578	-2.64483289758213	0.056832380429177	2.76566201517587	2.31761198768919
0.938945350852524	0.122056165673595	-0.141567066841309	-2.64465026389086	0.056973766123349	2.76516331083014	2.31759945174936
0.938551649100437	0.121699801683263	-0.141121565258526	-2.64446161578429	0.0571196884990147	2.76464818653758	2.31758629439809
0.938145165007352	0.121331944568684	-0.14066189313675	-2.64426687445609	0.057270200187649	2.76411642733021	2.31757249558981
0.937725731477565	0.120952448388957	-0.140187881641445	-2.64406596202101	0.0574253528910447	2.76356782076092	2.31755803496365
0.937293183221882	0.120561168973314	-0.139699364497016	-2.64385880151485	0.0575851973813121	2.76300215690345	2.31754289184341
0.936847356757621	0.120157963921121	-0.139196177986811	-2.6436453168945	0.0577497835008792	2.76241922835242	2.31752704523757
0.936388090408613	0.11974269260188	-0.138678160953119	-2.64342543303789	0.0579191601624919	2.76181883022328	2.31751047383932
0.935915224305197	0.119315216155226	-0.138145154797169	-2.64319907574406	0.0580933753492133	2.76120076015236	2.31749315602652
0.935428600384225	0.118875397490925	-0.137597003479134	-2.6429661717331	0.0582724761144247	2.76056481829685	2.31747506986173
0.934928062389061	0.118423101288883	-0.137033553518128	-2.64272664864618	0.0584565085818248	2.75991080733481	2.31745619309218
0.934413455869578	0.117958193999135	-0.136454653992205	-2.64248043504553	0.0586455179454298	2.75923853246514	2.3174365031498
0.933884628182163	0.117480543841854	-0.135860156538362	-2.64222746041446	0.058839548469574	2.7585478014076	2.31741597715121
0.933341428489712	0.116990020807343	-0.135249915352539	-2.64196765515735	0.0590386434889089	2.75783842440283	2.3173945918977
0.932783707761633	0.116486496656043	-0.134623787189615	-2.64170095059965	0.0592428454084041	2.75711021421233	2.31737232387526
0.932211318773844	0.115969844918526	-0.133981631363413	-2.64142727898789	0.0594521957033466	2.75636298611843	2.31734914925456
0.931624116108777	0.115439940895501	-0.133323309746695	-2.64114657348966	0.0596667349193412	2.75559655792435	2.31732504389098
0.931021956155373	0.11489666165781	-0.132648686771167	-2.64085876819362	0.0598865026723102	2.75481074995417	2.31729998332455
0.930404697109085	0.114339886046427	-0.131957629427475	-2.64056379810951	0.0601115376484938	2.75400538505281	2.31727394278001
0.929772198971877	0.113769494672462	-0.131250007265208	-2.64026159916814	0.0603418776044497	2.75318028858607	2.31724689716679
0.929124323552224	0.113185369917161	-0.130525692392896	-2.63995210822139	0.0605775593670534	2.75233528844059	2.317218821079
0.928460934465113	0.1125873959319	-0.12978455947801	-2.63963526304221	0.0608186188334979	2.75147021502391	2.31718968879542
0.92778189713204	0.111975458638192	-0.129026485746964	-2.63931100232462	0.061065090971294	2.75058490126437	2.31715947427955
0.927087078781016	0.111349445727684	-0.128251350985113	-2.63897926568371	0.0613170098182701	2.74967918261124	2.31712815117956
0.92637634844656	0.110709246662155	-0.127459037536753	-2.63863999365565	0.0615744084825725	2.74875289703458	2.3170956928283
0.925649576969704	0.11005475267352	-0.126649430305123	-2.63829312769768	0.0618373191426648	2.74780588502537	2.31706207224332
0.92490663699799	0.109385856763828	-0.125822416752402	-2.63793861018811	0.0621057730473285	2.74683798959542	2.31702726212685
0.924147402985472	0.108702453705262	-0.124977886899711	-2.63757638442631	0.0623798005156627	2.7458490562774	2.31699123486581
0.923371751192715	0.108004440040139	-0.124115733327115	-2.63720639463273	0.0626594309370843	2.74483893312486	2.31695396253181
0.922579559686794	0.107291714080908	-0.123235851173617	-2.6368285859489	0.0629446927713276	2.74380747071218	2.31691541688113
0.921770708341299	0.106564175910156	-0.122338138137164	-2.63644290443741	0.0632356135484449	2.74275452213463	2.31687556935477
0.920945078836327	0.105821727380602	-0.121422494474644	-2.63604929708192	0.0635322198688059	2.74167994300832	2.31683439107838
0.920102554658487	0.105064272115098	-0.120488823001886	-2.63564771178717	0.0638345374030981	2.74058359147023	2.31679185286233
0.919243021100902	0.104291715506633	-0.119537029093662	-2.63523809737897	0.0641425908923266	2.7394653281782	2.31674792520164
0.918366365263204	0.103503964718327	-0.118567020683686	-2.6348204036042	0.0644564041478144	2.73832501631094	2.31670257827606
0.917472476051535	0.102700928683436	-0.11757870826461	-2.63439458113081	0.0647760000512017	2.737162521568	2.31665578194999
0.916561244178552	0.101882518105351	-0.116572004888032	-2.63396058154781	0.0651014005544469	2.73597771216979	2.31660750577254
0.915632562163418	0.101048645457594	-0.11554682616449	-2.63351835736531	0.0654326266798258	2.73477045885761	2.3165577189775
0.914686324331813	0.100199224983824	-0.114503090263462	-2.63306786201446	0.0657696985199317	2.7335406348936	2.31650639048334
0.913722426815924	0.0993341726978328	-0.11344071791337	-2.6326090498475	0.066112635237676	2.73228811606074	2.31645348889323
0.912740767554451	0.0984534063835462	-0.112359632401577	-2.63214187613775	0.0664614550662875	2.73101278066292	2.31639898249502
0.911741246292605	0.0975568455950247	-0.111259759574387	-2.63166629707957	0.0668161753093126	2.72971450952484	2.31634283926125
0.910723764582108	0.0966444116564625	-0.110141027837046	-2.63118226978842	0.0671768123406156	2.7283931859921	2.31628502684913
0.909688225781192	0.0957160276621881	-0.109003368153742	-2.63068975230082	0.0675433816043783	2.72704869593114	2.31622551260059
0.908634535054603	0.0947716184766641	-0.107846714047603	-2.63018870357437	0.0679158976151002	2.72568092772925	2.31616426354222
0.907562599373597	0.0938111107344871	-0.106671001600702	-2.62967908348772	0.0682943739575985	2.72428977229461	2.3161012463853
0.906472327515939	0.0928344328403879	-0.10547616945405	-2.62916085284061	0.0686788232870082	2.72287512305624	2.31603642752581
0.905363630065909	0.0918415149692314	-0.104262158807602	-2.62863397335385	0.0690692573287816	2.72143687596403	2.31596977304442
0.904236419414295	0.0908322890660164	-0.103028913420253	-2.62809840766932	0.0694656868786891	2.71997492948872	2.31590124870645
0.903090609758399	0.0898066888458763	-0.101776379609841	-2.62755411934997	0.0698681218028185	2.71848918462192	2.31583081996196
0.901926117102032	0.0887646497940779	-0.100504506253145	-2.62700107287981	0.0702765710375753	2.71697954487609	2.31575845194566
0.900742859255516	0.0877061091660229	-0.0992132447858858	-2.62643923366395	0.0706910425896828	2.71544591628456	2.31568410947696
0.899540755835688	0.0866310059872464	-0.0979025492027259	-2.62586856802854	0.0711115435361819	2.71388820740153	2.31560775705995
0.89831972826589	0.0855392810534181	-0.0965723760572691	-2.62528904322082	0.0715380800244311	2.71230632930203	2.31552935888342
0.897079699775982	0.0844308769303415	-0.0952226844620611	-2.6247006274091	0.0719706572721066	2.71070019558198	2.31544887882083
0.895820595402329	0.0833057379539543	-0.0938534360885892	-2.62410328968275	0.0724092795672024	2.70906972235814	2.31536628043034
0.894542341987812	0.0821638102303285	-0.0924645951672824	-2.62349700005222	0.07285395026803	2.70741482826815	2.3152815269548
0.893244868181821	0.0810050416356699	-0.0910561284875111	-2.62288172944905	0.0733046718032187	2.7057354344705	2.31519458132173
0.891928104440257	0.0798293818163187	-0.0896280053975875	-2.6222574497258	0.0737614456717153	2.70403146464453	2.31510540614335
0.890591983025533	0.0786367821887489	-0.0881801978047655	-2.62162413365617	0.0742242724427845	2.70230284499046	2.31501396371657
0.889236438006573	0.0774271959395688	-0.0867126801752406	-2.62098175493486	0.0746931517560085	2.70054950422936	2.31492021602297
0.887861405258813	0.0762005780255208	-0.0852254295341498	-2.6203302881777	0.0751680823212872	2.69877137360316	2.31482412472884
0.886466822464198	0.0749568851734813	-0.0837184254655719	-2.61966970892156	0.0756490619188383	2.69696838687465	2.31472565118515
0.885052629111186	0.0736960758804611	-0.0821916501125273	-2.61899999362439	0.0761360873991969	2.69514048032749	2.31462475642753
0.883618766494746	0.0724181104136046	-0.0806450881769779	-2.6183211196652	0.0766291546832161	2.69328759276618	2.31452140117634
0.882165177716359	0.0711229508101907	-0.0790787269198275	-2.6176330653441	0.0771282587620664	2.69140966551611	2.31441554583659
0.880691807684015	0.0698105608776324	-0.0774925561609212	-2.61693580988225	0.0776333936972361	2.68950664242351	2.31430715049801
0.879198603112218	0.0684809061934767	-0.075886568279046	-2.61622933342187	0.0781445526205312	2.68757846985547	2.314196174935
0.87768551252198	0.0671339541054046	-0.0742607582119305	-2.61551361702628	0.0786617277340753	2.68562509669994	2.31408257860663
0.876152486240826	0.0657696737312315	-0.0726151234562449	-2.61478864267986	0.0791849103103096	2.68364647436575	2.31396632065669
0.874599476402794	0.0643880359589065	-0.070949664067601	-2.61405439328804	0.0797140906919932	2.68164255678256	2.31384735991364
0.87302643694843	0.0629890134465133	-0.0692643826605522	-2.61331085267736	0.0802492582922026	2.67961330040092	2.31372565489062
0.871433323624792	0.0615725806222692	-0.0675592844085937	-2.61255800559541	0.0807904015943321	2.67755866419222	2.31360116378547
0.869820093985452	0.060138713684526	-0.0658343770441622	-2.61179583771084	0.0813375081520938	2.67547860964872	2.31347384448072
0.868186707390489	0.0586873906017695	-0.064089670858636	-2.61102433561339	0.0818905645895173	2.67337310078354	2.31334365454358
0.866533125006496	0.0572185911126194	-0.0623251787023352	-2.61024348681387	0.0824495566009498	2.67124210413065	2.31321055122593
0.864859309806576	0.0557322967258298	-0.0605409159845215	-2.60945327974415	0.0830144689510564	2.6690855887449	2.31307449146437
0.863165226570345	0.0542284907202888	-0.058736900673398	-2.60865370375719	0.0835852854748197	2.66690352620198	2.31293543188017
0.861450841883928	0.0527071581450185	-0.0569131532961098	-2.607844749127	0.0841619890775401	2.66469589059845	2.31279332877928
0.859716124139961	0.0511682858191752	-0.0550696969387433	-2.60702640704867	0.0847445617348354	2.66246265855174	2.31264813815235
0.857961043537595	0.0496118623320494	-0.0532065572463268	-2.60619866963838	0.0853329844926415	2.66020380920012	2.31249981567471
0.856185572082487	0.0480378780430656	-0.0513237624228301	-2.60536152993334	0.0859272374672116	2.65791932420274	2.31234831670638
0.854389683586809	0.0464463250817823	-0.0494213432311647	-2.60451498189187	0.0865272998451168	2.65560918773959	2.31219359629207
0.852573353669244	0.0448371973478923	-0.0474993329931837	-2.60365902039335	0.0871331498832457	2.65327338651155	2.31203560916117
0.850736559754983	0.0432104905112225	-0.0455577675896817	-2.60279364123821	0.0877447649088046	2.65091190974032	2.31187430972776
0.848879281075732	0.0415662020117337	-0.0435966854603953	-2.60191884114799	0.0883621213193177	2.6485247491685	2.31170965209061
0.847001498669706	0.039904331059521	-0.0416161276040022	-2.60103461776527	0.0889851945826265	2.64611189905952	2.31154159003316
0.845103195381632	0.0382248786348136	-0.0396161375781224	-2.60014096965372	0.0896139592368904	2.6436733561977	2.31137007702357
0.843184355862749	0.0365278474879747	-0.037596761499317	-2.59923789629807	0.0902483888905866	2.64120911988819	2.31119506621467
0.841244966570805	0.0348132421395017	-0.0355580480430889	-2.59832539810412	0.0908884562225095	2.63871919195703	2.31101651044396
0.839285015770061	0.033081068880026	-0.0335000484438827	-2.59740347639875	0.0915341329817717	2.63620357675109	2.31083436223364
0.837304493531288	0.0313313357703134	-0.0314228164950845	-2.59647213342991	0.0921853899878032	2.63366228113812	2.31064857379062
0.835303391731771	0.0295640526412633	-0.0293264085490223	-2.59553137236662	0.0928421971303517	2.63109531450673	2.31045909700646
0.833281704055302	0.0277792310939097	-0.0272108835169655	-2.59458119729897	0.0935045233694825	2.62850268876638	2.31026588345744
0.831239425992188	0.0259768844994203	-0.0250763028691251	-2.59362161323812	0.0941723367355788	2.62588441834741	2.31006888440449
0.829176554839245	0.0241570279990974	-0.022922730634654	-2.59265262611631	0.0948456043293412	2.62324052020099	2.30986805079326
0.827093089699801	0.0223196785043769	-0.0207502334016464	-2.59167424278684	0.0955242923217882	2.62057101379918	2.30966333325407
0.824989031483694	0.020464854696829	-0.0185588803171384	-2.59068647102408	0.0962083659542558	2.61787592113489	2.30945468210193
0.822864382907276	0.0185925770281582	-0.0163487430871078	-2.58968931952348	0.0968977895383977	2.61515526672188	2.30924204733655
0.820719148493407	0.0167028677202028	-0.0141198959764736	-2.58868279790157	0.0975925264561854	2.61240907759478	2.3090253786423
0.818553334571461	0.0147957507649354	-0.0118724158090969	-2.58766691669594	0.098292539159908	2.60963738330909	2.30880462538827
0.816366949277321	0.0128712519244626	-0.00960638196778012	-2.58664168736524	0.0989977891721721	2.60684021594116	2.3085797366282
0.814160002553383	0.0109293987310253	-0.00732187639426761	-2.5856071222892	0.0997082370859022	2.60401761008818	2.30835066110056
0.811932506148552	0.00897022048699819	-0.00501898358924509	-2.58456323476864	0.10042384256434	2.60116960286825	2.30811734722846
0.809684473618247	0.00699374826489034	-0.0026977906123401	-2.58351003902544	0.101144564341046	2.59829623392028	2.30787974311974
0.807415920324396	0.00500001490734479	-0.000358387082121728	-2.58244755020252	0.101870360219898	2.59539754540407	2.3076377965669
0.805126863435439	0.0029890550271387	0.00199913482389942	-2.58137578436393	0.102601187075089	2.59247358200028	2.30739145504714
0.802817321926328	0.000960905007183481	0.00437468036927074	-2.58029475849474	0.103337000851134	2.58952439091041	2.30714066572233
0.800487316578525	-0.00108439699947564	0.00676815225859843	-2.57920449050111	0.104077756562863	2.58655002185684	2.30688537543906
0.798136869980003	-0.00314681106965906	0.00917945063754681	-2.57810499921029	0.104823408295423	2.5835505270828	2.30662553072856
0.795766006525248	-0.0052262955100531	0.0116084730928384	-2.57699630437057	0.10557390920428	2.58052596135239	2.30636107780679
0.793374752415256	-0.00732280685721014	0.0140551146522546	-2.57587842665134	0.106329211515219	2.57747638195057	2.30609196257438
0.790963135657533	-0.00943629987754829	0.0165192677846345	-2.57475138764303	0.10708926652434	2.57440184868314	2.30581813061664
0.7885311860661	-0.0115667275673516	0.0190008223998761	-2.57361520985717	0.107854024598061	2.57130242387678	2.30553952720359
0.786078935261484	-0.0137140411527701	0.0214996658489357	-2.57246991672634	0.10862343517312	2.56817817237904	2.3052560972899
0.783606416670728	-0.0158781900898196	0.0240156829238275	-2.57131553260421	0.10939744675657	2.5650291615583	2.30496778551496
0.781113665527384	-0.0180591220643819	0.0265487558576247	-2.57015208276552	0.110176006925784	2.56185546130383	2.30467453620283
0.778600718871514	-0.0202567829922046	0.0290987643244585	-2.56897959340605	0.11095906232845	2.55865714402574	2.30437629336227
0.776067615549695	-0.0224711170189012	0.0316655854395184	-2.5677980916427	0.111746558682576	2.555434284655	2.30407300068672
0.77351439621501	-0.0247020665199511	0.0342490937590525	-2.5666076055134	0.112538440776487	2.55218696064347	2.3037646015543
0.770941103327058	-0.0269495721006996	0.0368491612803672	-2.56540816397718	0.113334652468825	2.54891525196384	2.30345103902783
0.768347781151948	-0.029213572596358	0.039465657441827	-2.56419979691413	0.114135136688551	2.54561924110966	2.3031322558548
0.765734475762297	-0.0314940050720034	0.0420984491228551	-2.56298253512539	0.114939835434941	2.54229901309536	2.30280819446741
0.763101235037238	-0.0337908048225788	0.044747400643933	-2.56175641033322	0.115748689777593	2.53895465545622	2.30247879698252
0.760448108662412	-0.036103905372893	0.0474123737666005	-2.56052145518091	0.116561639856418	2.53558625824837	2.30214400520171
0.757775148129972	-0.0384332384776208	0.0500932276934558	-2.55927770323284	0.117378624881648	2.53219391404883	2.30180376061122
0.755082406738582	-0.0407787341213029	0.0527898190681552	-2.55802518897445	0.118199583133831	2.52877771795545	2.30145800438198
0.752369939593419	-0.0431403205183458	0.0555020019754139	-2.55676394781226	0.119024451963834	2.52533776758695	2.30110667736962
0.74963780360617	-0.0455179241130222	0.058229627941005	-2.55549401607386	0.11985316779284	2.52187416308292	2.30074972011445
0.746886057495031	-0.0479114695794702	0.0609725459317602	-2.55421543100791	0.12068566611235	2.51838700710379	2.30038707284147
0.744114761784713	-0.0503208798216941	0.0637306023555694	-2.55292823078415	0.121521881484185	2.51487640483089	2.30001867546035
0.741323978806435	-0.0527460759735641	0.0665036410613811	-2.55163245449338	0.12236174754048	2.51134246396636	2.29964446756548
0.738513772697931	-0.055186977398816	0.0692915033392017	-2.55032814214746	0.123205196983691	2.50778529473323	2.29926438843591
0.735684209403441	-0.057643501691052	0.0720940279200965	-2.54901533467936	0.124052161586589	2.50420500987539	2.29887837703537
0.732835356673722	-0.0601155646737399	0.0749110509761892	-2.54769407394308	0.124902572192265	2.50060172465758	2.29848637201232
0.729967284066038	-0.0626030804002133	0.0777424061206612	-2.54636440271372	0.125756358714126	2.49697555686542	2.29808831169986
0.727080062944165	-0.0651059611536719	0.0805879244077528	-2.54502636468743	0.126613450135897	2.49332662680535	2.2976841341158
0.724173766478391	-0.0676241174471811	0.0834474343327627	-2.54368000448145	0.127473774511622	2.48965505730472	2.29727377696264
0.721248469645517	-0.0701574580236723	0.0863207618320475	-2.54232536763408	0.12833725896566	2.48596097371171	2.29685717762755
0.71830424922885	-0.0727058898559428	0.0892077302830226	-2.5409625006047	0.129203829692689	2.48224450389537	2.2964342731824
0.715341183818214	-0.0752693181466558	0.0921081605041617	-2.53959145077375	0.130073411957707	2.4785057782456	2.29600500038375
0.712359353809941	-0.0778476463283402	0.0950218707549966	-2.53821226644275	0.130945930096026	2.47474492967318	2.29556929567284
0.709358841406875	-0.0804407760633913	0.0979486767361179	-2.53682499683428	0.131821307513278	2.47096209360973	2.29512709517559
0.70633973061837	-0.0830486072440697	0.100888391589174	-2.53542969209201	0.132699466685411	2.46715740800775	2.29467833470263
0.703302107260293	-0.0856710379925023	0.103840825896873	-2.53402640328067	0.133580329158692	2.46333101334058	2.29422294974925
0.700246058955022	-0.0883079646606815	0.106805787682978	-2.53261518238607	0.134463815549706	2.45948305260243	2.29376087549545
0.697171675131446	-0.090959281830466	0.109783082412316	-2.53119608231507	0.135349845545354	2.45561367130838	2.29329204680589
0.694079047024963	-0.0936248823135803	0.112772512990766	-2.52976915689562	0.136238337902856	2.45172301749435	2.29281639822995
0.690968267677487	-0.0963046571516144	0.115773879765271	-2.52833446087674	0.137129210449749	2.44781124171715	2.29233386400168
0.687839431937438	-0.0989984956160249	0.118786980523829	-2.52689204992852	0.138022380083889	2.44387849705441	2.29184437803981
0.684692636459752	-0.101706285208134	0.121811610495496	-2.52544198064212	0.138917762773446	2.43992493910466	2.29134787394777
0.681527979705871	-0.104427911659129	0.12484756235039	-2.52398431052976	0.139815273556913	2.43595072598727	2.29084428501366
0.678345561943754	-0.107163258930064	0.127894626199684	-2.52251909802476	0.140714826543097	2.43195601834246	2.2903335442103
0.675145485247866	-0.10991220921186	0.130952589595609	-2.52104640248148	0.141616334911124	2.42794097933135	2.28981558419516
0.671927853499186	-0.112674642925301	0.134021237531458	-2.51956628417538	0.142519710910436	2.42390577463587	2.28929033731042
0.668692772385205	-0.115450438721039	0.137100352441578	-2.51807880430296	0.143424865860795	2.41985057245885	2.28875773558293
0.665440349399923	-0.118239473479592	0.140189714201378	-2.51658402498182	0.14433171015228	2.41577554352396	2.28821771072425
0.662170693843852	-0.121041622311343	0.143289100127323	-2.51508200925061	0.145240153245286	2.41168086107573	2.28767019413061
0.658883916824015	-0.123856758556542	0.146398284976937	-2.51357282106907	0.146150103670528	2.40756670087957	2.28711511688292
0.655580131253948	-0.126684753785303	0.149517040948803	-2.512056525318	0.147061469029037	2.40343324122173	2.28655240974681
0.652259451853696	-0.129525477797607	0.152645137682562	-2.51053318779927	0.147974155992163	2.39928066290933	2.28598200317255
0.648921995149816	-0.132378798623302	0.155782342258914	-2.50900287523583	0.148888070301573	2.39510914927034	2.28540382729514
0.645567879475376	-0.1352445825221	0.158928419199614	-2.50746565527169	0.149803116769251	2.39091888615361	2.28481781193425
0.642197224969956	-0.13812269398358	0.162083130467481	-2.50592159647195	0.150719199277499	2.38671006192884	2.28422388659423
0.638810153579647	-0.141012995727186	0.165246235466387	-2.50437076832276	0.151636220778939	2.38248286748657	2.28362198046412
0.63540678905705	-0.14391534870223	0.168417491041267	-2.50281324123135	0.152554083296506	2.37823749623824	2.28301202241765
0.631987256961278	-0.146829612087887	0.17159665147811	-2.50124908652602	0.153472687923457	2.37397414411612	2.28239394101324
0.628551684657957	-0.149755643293199	0.174783468503966	-2.49967837645615	0.154391934823365	2.36969300957335	2.281767664494
0.625100201319221	-0.152693297957076	0.177977691286943	-2.49810118419219	0.15531172323012	2.36539429358394	2.28113312078772
0.621632937923717	-0.155642429948291	0.181179066436208	-2.49651758382564	0.156231951447931	2.36107819964275	2.28049023750688
0.618150027256603	-0.158602891365483	0.184387338001985	-2.4949276503691	0.157152516851323	2.35674493376549	2.27983894194863
0.614651603909549	-0.161574532537159	0.187602247475556	-2.49333145975623	0.158073315885141	2.35239470448876	2.27917916109484
0.611137804280735	-0.164557202021691	0.190823533789263	-2.49172908884175	0.158994244064546	2.34802772286998	2.27851082161205
0.607608766574852	-0.167550746607316	0.194050933316505	-2.49012061540147	0.159915195975016	2.34364420248748	2.27783384985147
0.604064630803103	-0.170555011312138	0.197284179871742	-2.48850611813226	0.160836065272349	2.33924435944041	2.27714817184903
0.600505538783204	-0.173569839384126	0.200523004710488	-2.48688567665206	0.161756744682658	2.33482841234879	2.27645371332532
0.596931634139378	-0.176595072301115	0.203767136529318	-2.4852593714999	0.162677126002377	2.33039658235351	2.27575039968563
0.593343062302362	-0.179630549770808	0.207016301465867	-2.48362728413585	0.163597100098254	2.32594909311632	2.27503815601995
0.589739970509405	-0.182676109730769	0.210270223098824	-2.48198949694108	0.164516556907357	2.32148617081982	2.27431690710292
0.586122507804265	-0.185731588348434	0.213528622447941	-2.48034609321782	0.165435385437071	2.31700804416748	2.2735865773939
0.582490825037212	-0.1887968200211	0.216791217974024	-2.47869715718937	0.166353473765099	2.31251494438363	2.27284709103692
0.578845074865027	-0.191871637375933	0.220057725578941	-2.4770427740001	0.167270709039461	2.30800710521344	2.27209837186071
0.575185411751005	-0.194955871269963	0.223327858605617	-2.47538302971546	0.168186977478496	2.30348476292298	2.27134034337868
0.571511991964947	-0.198049350790087	0.226601327838035	-2.47371801132196	0.169102164370858	2.29894815629914	2.27057292878892
0.567824973583169	-0.201151903253067	0.229877841501236	-2.47204780672719	0.170016154075521	2.2943975266497	2.26979605097422
0.564124516488498	-0.204263354205531	0.23315710526132	-2.4703725047598	0.170928830021778	2.28983311780329	2.26900963250205
0.560410782370271	-0.207383527423974	0.236438822225446	-2.46869219516953	0.171840074709235	2.28525517610938	2.26821359562457
0.556683934724337	-0.210512244914756	0.239722692941831	-2.46700696862718	0.17274976970782	2.28066395043835	2.26740786227861
0.552944138853055	-0.213649326914104	0.243008415399749	-2.46531691672463	0.173657795657776	2.27605969218139	2.26659235408573
0.549191561865297	-0.216794591888108	0.246295685029534	-2.4636221319748	0.174564032269666	2.27144265525057	2.26576699235213
0.545426372676445	-0.219947856532726	0.249584194702578	-2.46192270781173	0.175468358324369	2.26681309607883	2.26493169806872
0.541648742008393	-0.223108935773783	0.252873634731331	-2.46021873859049	0.176370651673082	2.26217127361996	2.26408639191109
0.537858842389546	-0.226277642766969	0.256163692869302	-2.45851031958725	0.17727078923732	2.25751744934861	2.26323099423952
0.534056848154819	-0.229453788897837	0.259454054311057	-2.45679754699923	0.178168647008915	2.2528518872603	2.26236542509899
0.53024293544564	-0.232637183781811	0.262744401692221	-2.45508051794474	0.179064100050017	2.24817485387139	2.26148960421915
0.526417282209948	-0.235827635264177	0.266034415089479	-2.45335933046315	0.179957022493095	2.24348661821912	2.26060345101433
0.522580068202191	-0.239024949420089	0.269323772020572	-2.4516340835149	0.180847287540932	2.23878745186159	2.25970688458357
0.518731474983331	-0.242228930554564	0.272612147444301	-2.4499048769815	0.181734767466634	2.23407762887774	2.25879982371058
0.514871685920841	-0.24543938120249	0.275899213760524	-2.44817181166555	0.18261933361362	2.2293574258674	2.25788218686376
0.511000886188702	-0.248656102128615	0.279184640810159	-2.4464349892907	0.183500856395629	2.22462712195124	2.25695389219621
0.507119262767411	-0.251878892327558	0.28246809587518	-2.44469451250168	0.184379205296718	2.2198869987708	2.2560148575457
0.503227004443972	-0.2551075490238	0.285749243678622	-2.44295048486429	0.185254248871259	2.21513734048846	2.25506500043469
0.499324301811903	-0.258341867671691	0.289027746384577	-2.44120301086541	0.186125854743944	2.2103784337875	2.25410423807034
0.495411347271231	-0.261581641955444	0.292303263598196	-2.43945219591297	0.186993889609783	2.20561056787202	2.25313248734449
0.491488335028497	-0.26482666378914	0.295575452365686	-2.43769814633599	0.187858219234102	2.200834034467	2.25214966483365
0.487555461096751	-0.268076723316726	0.298843967174317	-2.43594096938456	0.188718708452547	2.19604912781829	2.25115568679904
0.483612923295555	-0.271331608912013	0.302108459952412	-2.43418077322983	0.189575221171078	2.19125614469258	2.25015046918656
0.479660921250982	-0.274591107178679	0.305368580069356	-2.43241766696404	0.190427620365976	2.18645538437742	2.24913392762679
0.475699656395616	-0.277855002950268	0.308623974335592	-2.43065176060048	0.191275768083838	2.18164714868125	2.24810597743501
0.471729331968552	-0.28112307929019	0.311874287002621	-2.42888316507353	0.19211952544158	2.17683174193334	2.24706653361118
0.467750153015398	-0.284395117491722	0.315119159763	-2.42711199223862	0.192958752626434	2.17200947098382	2.24601551083994
0.463762326388271	-0.287670897078003	0.318358231750348	-2.42533835487228	0.193793308895951	2.16718064520371	2.24495282349064
0.459766060745801	-0.290950195802042	0.321591139539341	-2.42356236667209	0.194623052578	2.16234557648486	2.24387838561728
0.455761566553128	-0.294232789646712	0.324817517145713	-2.42178414225671	0.195447841070765	2.15750457923999	2.24279211095858
0.451749056081904	-0.297518452824753	0.328036996026255	-2.42000379716586	0.19626753084275	2.15265797040269	2.24169391293794
0.447728743410291	-0.300806957778769	0.33124920507882	-2.41822144786035	0.197081977432777	2.1478060694274	2.24058370466343
0.443700844422964	-0.304098075181231	0.334453770642317	-2.41643721172204	0.197891035449985	2.14294919828942	2.23946139892783
0.439665576811107	-0.307391573934477	0.337650316496712	-2.41465120705389	0.19869455857383	2.13808768148492	2.23832690820859
0.435623160072417	-0.31068722117071	0.340838463863032	-2.41286355307989	0.199492399554085	2.13322184603092	2.23718014466785
0.431573815511103	-0.313984782251997	0.344017831403362	-2.41107436994515	0.200284410210844	2.1283520214653	2.23602102015245
0.427517766237882	-0.317284020770274	0.347188035220843	-2.40928377871582	0.201070441434516	2.12347853984681	2.2348494461939
0.423455237169985	-0.320584698547341	0.350348688859678	-2.40749190137912	0.201850343185828	2.11860173575506	2.23366533400841
0.419386455031154	-0.323886575634865	0.353499403305126	-2.40569886084335	0.202623964495824	2.11372194629052	2.23246859449687
0.415311648351641	-0.327189410314377	0.356639786983504	-2.40390478093789	0.203391153465868	2.1088395110745	2.23125913824486
0.411231047468209	-0.330492959097276	0.359769445762188	-2.40210978641318	0.204151757267639	2.10395477224919	2.23003687552264
0.407144884524134	-0.333796976724827	0.362887982949614	-2.40031400294073	0.204905622143136	2.09906807447765	2.22880171628516
0.403053393469202	-0.337101216168158	0.365994999295273	-2.39851755711313	0.205652593404673	2.09417976494378	2.22755357017207
0.39895681005971	-0.340405428628267	0.369090092989718	-2.39672057644403	0.206392515434885	2.08929019335235	2.2262923465077
0.394855371858468	-0.343709363536014	0.372172859664558	-2.39492318936817	0.207125231686723	2.08439971192899	2.22501795430105
0.390749318234794	-0.347012768552127	0.375242892392461	-2.39312552524133	0.207850584683454	2.07950867542018	2.22373030224582
0.386638890364521	-0.350315389567201	0.378299781687152	-2.3913277143404	0.208568416018665	2.07461744109328	2.22242929872041
0.38252433122999	-0.353616970701693	0.381343115503418	-2.38952988786332	0.20927856635626	2.0697263687365	2.22111485178789
0.378405885620055	-0.35691725430593	0.384372479237101	-2.38773217792909	0.209980875430461	2.06483582065891	2.21978686919603
0.374283800130081	-0.360215980960103	0.387387455725102	-2.38593471757781	0.210675182045806	2.05994616169043	2.21844525837726
0.370158323161943	-0.363512889474269	0.390387625245382	-2.38413764077063	0.211361324077153	2.05505775918187	2.21708992644873
0.366029704924029	-0.366807716888351	0.393372565516958	-2.38234108238977	0.212039138469677	2.05017098300487	2.21572078021226
0.361898197431238	-0.370100198472138	0.396341851699906	-2.38054517823855	0.212708461238869	2.04528620555194	2.21433772615436
0.357764054504979	-0.373390067725284	0.399295056395363	-2.37875006504132	0.21336912747054	2.04040380173646	2.21294067044622
0.353627531773172	-0.376677056377311	0.402231749645521	-2.37695588044353	0.214020971320817	2.03552414899266	2.21152951894374
0.34948888667025	-0.379960894387604	0.405151498933632	-2.37516276301169	0.214663826016146	2.03064762727564	2.21010417718748
0.345348378437156	-0.383241309945417	0.408053869184005	-2.3733708522334	0.215297523853289	2.02577461906135	2.2086645504027
0.341206268121346	-0.386518029469868	0.410938422762009	-2.37158028851729	0.215921896199327	2.0209055093466	2.20721054349935
0.337062818576783	-0.389790777609941	0.413804719474072	-2.36979121319311	0.216536773491659	2.01604068564907	2.20574206107205
0.332918294463946	-0.393059277244486	0.416652316567677	-2.36800376851165	0.217141985238	2.0111805380073	2.20425900740013
0.328772962249822	-0.396323249482219	0.419480768731368	-2.36621809764478	0.217737360016384	2.00632545898067	2.2027612864476
0.324627090207911	-0.399582413661722	0.422289628094748	-2.36443434468544	0.218322725475163	2.00147584364946	2.20124880186314
0.320480948418224	-0.402836487351442	0.425078444228475	-2.36265265464764	0.218897908333004	1.99663208961477	2.19972145698014
0.316334808767282	-0.406085186349695	0.42784676414427	-2.36087317346648	0.219462734378896	1.99179459699858	2.19817915481667
0.312188944948119	-0.409328224684659	0.430594132294909	-2.3590960479981	0.220017028472142	1.98696376844374	2.19662179807547
0.308043632460277	-0.41256531461438	0.433320090574226	-2.35732142601974	0.220560614542365	1.98214000911393	2.195049289144
0.303899148609814	-0.415796166626769	0.436024178317116	-2.35554945622969	0.221093315589503	1.97732372669372	2.19346153009438
0.299755772509296	-0.419020489439604	0.43870593229953	-2.35378028824731	0.221614953683815	1.97251533138853	2.19185842268342
0.295613785077801	-0.422237990000526	0.44136488673848	-2.35201407261306	0.222125349965875	1.96771523592464	2.19023986835263
0.291473469040917	-0.425448373487048	0.444000573292033	-2.35025096078845	0.222624324646576	1.96292385554918	2.1886057682282
0.287335108930746	-0.428651343306541	0.446612521059317	-2.34849110515606	0.223111697007128	1.95814160803017	2.18695602312101
0.283198991085898	-0.431846601096248	0.449200256580517	-2.34673465901954	0.22358728539906	1.95336891365645	2.18529053352661
0.279065403651497	-0.435033846723276	0.451763303836877	-2.34498177660363	0.224050907244217	1.94860619523776	2.18360919962526
0.274934636579176	-0.438212778284596	0.454301184250699	-2.34323261305411	0.224502379034762	1.94385387810466	2.1819119212819
0.270806981627081	-0.441383092107048	0.456813416685344	-2.34148732443787	0.224941516333177	1.93911239010862	2.18019859804616
0.266682732359868	-0.444544482747336	0.45929951744523	-2.33974606774284	0.22536813377226	1.93438216162192	2.17846912915233
0.262562184148705	-0.44769664299203	0.461759000275835	-2.33800900087803	0.225782045055127	1.92966362553774	2.17672341351944
0.25844563417127	-0.450839263857568	0.464191376363695	-2.33627628267353	0.226183062955213	1.92495721727009	2.17496134975115
0.254333381411755	-0.453972034590249	0.466596154336403	-2.3345480728805	0.226570999316269	1.92026337475387	2.17318283613584
0.250225726660859	-0.457094642666243	0.468972840262612	-2.33282453217115	0.226945665052365	1.91558253844481	2.17138777064658
0.246122972515797	-0.460206773791584	0.471320937652033	-2.33110582213879	0.227306870147888	1.91091515131952	2.1695760509411
0.24202542338029	-0.463308111902171	0.473639947455434	-2.32939210529779	0.227654423657542	1.90626165887547	2.16774757436185
0.237933385464575	-0.46639833916377	0.475929368064642	-2.32768354508359	0.22798813370635	1.90162250913099	2.16590223793595
0.233847166785398	-0.469477135972012	0.478188695312546	-2.3259803058527	0.228307807489652	1.89699815262525	2.1640399383752
0.229767077166015	-0.472544180952396	0.480417422473086	-2.3242825528827	0.228613251273106	1.89238904241831	2.1621605720761
0.225693428236196	-0.475599150960284	0.482615040261268	-2.32259045237225	0.228904270392687	1.88779563409108	2.16026403511983
0.221626533432221	-0.478641721080906	0.48478103683315	-2.32090417144108	0.229180669254687	1.88321838574533	2.15835022327226
0.217566707996879	-0.481671564629357	0.486914897785854	-2.31922387812998	0.229442251335719	1.87865775800367	2.15641903198395
0.213514218682482	-0.484688405888843	0.48901621115293	-2.31754971529483	0.229688864716885	1.87411414208085	2.1544703879885
0.209469132257714	-0.487692178915466	0.491084983243462	-2.31588172198157	0.229920538996196	1.86958764315714	2.15250434420278
0.205431465344806	-0.490682870356059	0.493121325148666	-2.31421991120692	0.230137349228366	1.86507829469414	2.15052098511573
0.201401234565993	-0.493660466857458	0.495125347959755	-2.31256429598758	0.230339370468107	1.86058613015345	2.14852039521632
0.197378456543509	-0.496624955066497	0.497097162767942	-2.31091488934027	0.230526677770133	1.85611118299665	2.14650265899347
0.193363147899586	-0.499576321630011	0.499036880664442	-2.30927170428168	0.230699346189157	1.85165348668535	2.14446786093615
0.189355325256459	-0.502514553194836	0.500944612740467	-2.30763475382854	0.230857450779891	1.84721307468113	2.14241608553331
0.18535500523636	-0.505439636407806	0.502820470087233	-2.30600405099755	0.231001066597048	1.8427899804456	2.14034741727388
0.181362204461524	-0.508351557915755	0.504664563795952	-2.30437960880542	0.231130268695341	1.83838423744034	2.13826194064684
0.177376939554184	-0.511250304365519	0.506477004957839	-2.30276144026886	0.231245132129484	1.83399587912695	2.13615974014111
0.173399227136573	-0.514135862403933	0.508257904664107	-2.30114955840458	0.231345731954188	1.82962493896703	2.13404090024566
0.169429083830925	-0.517008218677831	0.510007374005971	-2.29954397622929	0.231432143224167	1.82527145042217	2.13190550544942
0.165466526259473	-0.519867359834048	0.511725524074643	-2.29794470675969	0.231504440994135	1.82093544695396	2.12975364024136
0.161511571044452	-0.522713272519419	0.513412465961338	-2.2963517630125	0.231562700318803	1.816616962024	2.12758538911042
0.157564234808094	-0.52554594338078	0.515068310757269	-2.29476515800442	0.231606996252884	1.81231602909389	2.12540083654555
0.153624534172633	-0.528365359064963	0.516693169553651	-2.29318490475217	0.231637403851093	1.80803268162521	2.1232000670357
0.149692485760303	-0.531171506218806	0.518287153441696	-2.29161101627245	0.23165399816814	1.80376695307957	2.12098316506982
0.145768106193337	-0.533964371489142	0.51985037351262	-2.29004350558197	0.231656854258741	1.79951887691855	2.11875021513686
0.141851412093969	-0.536743941522806	0.521382940857634	-2.28848238569745	0.231646047177606	1.79528848660376	2.11650130172577
0.137942420084431	-0.539510202966633	0.522884966567955	-2.28692766963559	0.23162165197945	1.79107581559679	2.11423650932549
0.134041146786959	-0.542263142467459	0.524356561734794	-2.28537937041309	0.231583743718985	1.78688089735922	2.11195592242498
0.130147608823784	-0.545002746672117	0.525797837449367	-2.28383750104668	0.231532397450925	1.78270376535266	2.10965962551319
0.126261822817142	-0.547729002227442	0.527208904802886	-2.28230207455306	0.231467688229981	1.77854445303871	2.10734770307907
0.122383805389265	-0.550441895780271	0.528589874886566	-2.28077310394893	0.231389691110867	1.77440299387894	2.10502023961156
0.118513573162386	-0.553141413977436	0.52994085879162	-2.27925060225101	0.231298481148296	1.77027942133497	2.10267731959962
0.11465114275874	-0.555827543465774	0.531261967609262	-2.27773458247601	0.231194133396981	1.76617376886838	2.10031902753219
0.11079653080056	-0.558500270892119	0.532553312430706	-2.27622505764064	0.231076722911634	1.76208606994078	2.09794544789823
0.106949753910079	-0.561159582903305	0.533815004347165	-2.27472204076159	0.23094632474697	1.75801635801374	2.09555666518668
0.103110828709531	-0.563805466146169	0.535047154449854	-2.2732255448556	0.230803013957699	1.75396466654887	2.09315276388649
0.0992797718211494	-0.566437907267544	0.536249873829987	-2.27173558293935	0.230646865598536	1.74993102900777	2.09073382848662
0.0954565998671679	-0.569056892914265	0.537423273578776	-2.27025216802957	0.230477954724194	1.74591547885202	2.08829994347601
0.0916413294698199	-0.571662409733167	0.538567464787436	-2.26877531314296	0.230296356389385	1.74191804954323	2.08585119334362
0.0878339772513389	-0.574254444371086	0.539682558547181	-2.26730503129623	0.230102145648822	1.73793877454298	2.08338766257838
0.0840345598339585	-0.576832983474856	0.540768665949224	-2.26584133550609	0.229895397557218	1.73397768731287	2.08090943566926
0.0802430938399122	-0.579398013691311	0.54182589808478	-2.26438423878925	0.229676187169286	1.7300348213145	2.0784165971052
0.0764595958914335	-0.581949521667287	0.542854366045061	-2.26293375416242	0.229444589539739	1.72611021000946	2.07590923137515
0.0726840826107559	-0.584487494049618	0.543854180921282	-2.2614898946423	0.22920067972329	1.72220388685934	2.07338742296806
0.0689165706201131	-0.58701191748514	0.544825453804656	-2.26005267324562	0.228944532774651	1.71831588532575	2.07085125637288
0.0651570765417384	-0.589522778620687	0.545768295786398	-2.25862210298906	0.228676223748537	1.71444623887027	2.06830081607855
0.0614056169978654	-0.592020064103093	0.546682817957721	-2.25719819688936	0.228395827699659	1.71059498095449	2.06573618657404
0.0576622086107278	-0.594503760579195	0.547569131409839	-2.25578096796321	0.22810341968273	1.70676214504002	2.06315745234828
0.0539268680025588	-0.596973854695826	0.548427347233965	-2.25437042922732	0.227799074752464	1.70294776458845	2.06056469789024
0.0501996117955922	-0.599430333099822	0.549257576521314	-2.2529665936984	0.227482867963574	1.69915187306137	2.05795800768885
0.0464804566120615	-0.601873182438017	0.5500599303631	-2.25156947439317	0.227154874370771	1.69537450392038	2.05533746623306
0.0427694190742001	-0.604302389357247	0.550834519850535	-2.25017908432833	0.22681516902877	1.69161569062707	2.05270315801184
0.0390665158042416	-0.606717940504345	0.551581456074834	-2.24879543652059	0.226463826992283	1.68787546664303	2.05005516751412
0.0353717634244195	-0.609119822526148	0.552300850127211	-2.24741854398666	0.226100923316023	1.68415386542987	2.04739357922885
0.0316851785569674	-0.611508022069489	0.552992813098879	-2.24604841974324	0.225726533054703	1.68045092044917	2.04471847764499
0.0280067778241187	-0.613882525781204	0.553657456081052	-2.24468507680706	0.225340731263036	1.67676666516253	2.04202994725148
0.0243365778481071	-0.616243320308127	0.554294890164944	-2.24332852819481	0.224943592995735	1.67310113303155	2.03932807253728
0.020674595251166	-0.618590392297093	0.554905226441769	-2.24197878692321	0.224535193307512	1.66945435751781	2.03661293799133
0.017020846655529	-0.620923728394937	0.55548857600274	-2.24063586600897	0.224115607253081	1.66582637208292	2.03388462810259
0.0133753486834295	-0.623243315248495	0.556045049939072	-2.23929977846878	0.223684909887155	1.66221721018847	2.03114322736
0.00973811795710117	-0.6255491395046	0.556574759341978	-2.23797053731938	0.223243176264445	1.65862690529605	2.02838882025251
0.00610917109877749	-0.627841187810088	0.557077815302672	-2.23664815557746	0.222790481439667	1.65505549086726	2.02562149126907
0.00248852473069195	-0.630119446811794	0.557554328912367	-2.23533264625972	0.222326900467531	1.65150300036369	2.02284132489863
-0.00112380452492186	-0.632383903156551	0.558004411262278	-2.2340240223829	0.221852508402752	1.64796946724694	2.02004840563014
-0.00472780004583048	-0.634634543491196	0.558428173443618	-2.23272229696368	0.221367380300042	1.6444549249786	2.01724281795256
-0.00832344520980034	-0.636871354462563	0.558825726547601	-2.23142748301878	0.220871591214114	1.64095940702026	2.01442464635482
-0.0119107233945979	-0.639094322717487	0.559197181665441	-2.23013959356491	0.220365216199681	1.63748294683353	2.01159397532588
-0.0154896179779896	-0.641303434902802	0.559542649888352	-2.22885864161878	0.219848330311456	1.63402557787999	2.0087508893547
-0.019060112337742	-0.643498677665345	0.559862242307547	-2.2275846401971	0.219321008604152	1.63058733362124	2.00589547293021
-0.0226221898516216	-0.645680037651948	0.56015607001424	-2.22631760231657	0.218783326132481	1.62716824751887	2.00302781054136
-0.0261758338973947	-0.647847501509448	0.560424244099645	-2.22505754099391	0.218235357951157	1.62376835303448	2.00014798667712
-0.029721027852828	-0.650001055884679	0.560666875654976	-2.22380446924583	0.217677179114892	1.62038768362967	1.99725608582642
-0.0332577550956878	-0.652140687424475	0.560884075771446	-2.22255840008903	0.2171088646784	1.61702627276603	1.99435219247822
-0.0367859990037406	-0.654266382775673	0.56107595554027	-2.22131934654022	0.216530489696394	1.61368415390514	1.99143639112147
-0.0403057429547529	-0.656378128585106	0.561242626052661	-2.22008732161612	0.215942129223585	1.61036136050862	1.98850876624511
-0.0438169703264912	-0.658475911499609	0.561384198399833	-2.21886233833343	0.215343858314688	1.60705792603805	1.9855694023381
-0.047319664496722	-0.660559718166018	0.561500783672999	-2.21764440970886	0.214735752024415	1.60377388395502	1.98261838388938
-0.0508138088432116	-0.662629535231167	0.561592492963374	-2.21643354875912	0.214117885407479	1.60050926772113	1.97965579538791
-0.0542993867437266	-0.664685349341891	0.561659437362171	-2.21522976850092	0.213490333518593	1.59726411079798	1.97668172132263
-0.0577763815760335	-0.666727147145025	0.561701727960604	-2.21403308195097	0.21285317141247	1.59403844664716	1.97369624618249
-0.0612447767178987	-0.668754915287404	0.561719475849887	-2.21284350212598	0.212206474143823	1.59083230873027	1.97069945445645
-0.0647045555470887	-0.670768640415862	0.561712792121234	-2.21166104204265	0.211550316767364	1.58764573050889	1.96769143063345
-0.06815570144137	-0.672768309177234	0.561681787865858	-2.21048571471771	0.210884774337807	1.58447874544463	1.96467225920244
-0.0715981977785091	-0.674753908218356	0.561626574174973	-2.20931753316784	0.210209921909865	1.58133138699908	1.96164202465237
-0.0750320279362723	-0.676725424186061	0.561547262139793	-2.20815651040978	0.20952583453825	1.57820368863383	1.95860081147219
-0.0784571752924262	-0.678682843727186	0.561443962851532	-2.20700265946021	0.208832587277675	1.57509568381048	1.95554870415086
-0.0818736232247374	-0.680626153488564	0.561316787401403	-2.20585599333586	0.208130255182854	1.57200740599062	1.95248578717731
-0.0852813551109721	-0.682555340117031	0.561165846880621	-2.20471652505343	0.207418913308499	1.56893888863585	1.94941214504051
-0.088680354328897	-0.684470390259421	0.560991252380399	-2.20358426762964	0.206698636709323	1.56589016520776	1.94632786222939
-0.0920706042562785	-0.68637129056257	0.560793114991951	-2.20245923408118	0.205969500440039	1.56286126916794	1.94323302323291
-0.095452088270883	-0.688258027673312	0.56057154580649	-2.20134143742478	0.20523157955536	1.559852233978	1.94012771254002
-0.098824789750477	-0.690130588238481	0.560326655915231	-2.20023089067713	0.204484949109999	1.55686309309952	1.93701201463967
-0.102188692072827	-0.691988958904914	0.560058556409387	-2.19912760685496	0.203729684158669	1.5538938799941	1.9338860140208
-0.1055437786157	-0.693833126319444	0.559767358380172	-2.19803159897496	0.202965859756082	1.55094462812334	1.93074979517238
-0.108890032756861	-0.695663077128907	0.5594531729188	-2.19694288005384	0.202193550956952	1.54801537094883	1.92760344258334
-0.112227437874078	-0.697478797980136	0.559116111116485	-2.19586146310833	0.201412832815992	1.54510614193215	1.92444704074263
-0.115555977345117	-0.699280275519969	0.55875628406444	-2.19478736115512	0.200623780387914	1.54221697453492	1.92128067413921
-0.118875634547744	-0.701067496395238	0.558373802853879	-2.19372058721092	0.199826468727432	1.53934790221872	1.91810442726203
-0.122186392859726	-0.702840447252779	0.557968778576016	-2.19266115429245	0.199020972889258	1.53649895844515	1.91491838460003
-0.125488235658829	-0.704599114739426	0.557541322322065	-2.19160907541641	0.198207367928105	1.5336701766758	1.91172263064216
-0.12878114632282	-0.706343485502016	0.55709154518324	-2.19056436359951	0.197385728898686	1.53086159037227	1.90851724987738
-0.132065108229465	-0.708073546187381	0.556619558250754	-2.18952703185846	0.196556130855714	1.52807323299615	1.90530232679463
-0.135340104756531	-0.709789283442358	0.556125472615821	-2.18849709320998	0.195718648853902	1.52530513800903	1.90207794588286
-0.138606119281784	-0.711490683913781	0.555609399369654	-2.18747456067076	0.194873357947963	1.52255733887251	1.89884419163103
-0.141863135182991	-0.713177734248485	0.555071449603469	-2.18645944725753	0.19402033319261	1.51982986904819	1.89560114852808
-0.145111135837918	-0.714850421093305	0.554511734408478	-2.18545176598698	0.193159649642556	1.51712276199766	1.89234890106296
-0.148350104624332	-0.716508731095075	0.553930364875895	-2.18445152987583	0.192291382352513	1.51443605118252	1.88908753372462
-0.151580024919999	-0.718152650900631	0.553327452096935	-2.18345875194078	0.191415606377195	1.51176977006435	1.88581713100201
-0.154800880102685	-0.719782167156807	0.55270310716281	-2.18247344519855	0.190532396771315	1.50912395210475	1.88253777738408
-0.158012653550157	-0.721397266510438	0.552057441164734	-2.18149562266585	0.189641828589584	1.50649863076533	1.87924955735978
-0.161215328640182	-0.722997935608359	0.551390565193922	-2.18052529735938	0.188743976886717	1.50389383950766	1.87595255541805
-0.164408888750526	-0.724584161097405	0.550702590341588	-2.17956248229586	0.187838916717426	1.50130961179336	1.87264685604786
-0.167593317258955	-0.726155929624411	0.549993627698944	-2.17860719049198	0.186926723136425	1.498745981084	1.86933254373815
-0.170768597543236	-0.727713227836211	0.549263788357205	-2.17765943496447	0.186007471198425	1.49620298084119	1.86600970297786
-0.173934712981136	-0.729256042379641	0.548513183407585	-2.17671922873003	0.185081235958141	1.49368064452653	1.86267841825595
-0.17709164695042	-0.730784359901535	0.547741923941297	-2.17578658480537	0.184148092470284	1.49117900560159	1.85933877406137
-0.180239382828856	-0.732298167048728	0.546950121049555	-2.1748615162072	0.183208115789568	1.48869809752799	1.85599085488306
-0.183377903994209	-0.733797450468054	0.546137885823573	-2.17394403595223	0.182261380970706	1.48623795376732	1.85263474520998
-0.186507193824247	-0.73528219680635	0.545305329354565	-2.17303415705716	0.181307963068411	1.48379860778116	1.84927052953107
-0.189627235696736	-0.736752392710449	0.544452562733744	-2.17213189253871	0.180347937137395	1.48138009303112	1.84589829233529
-0.192738012989441	-0.738208024827186	0.543579697052324	-2.17123725541359	0.179381378232371	1.47898244297878	1.84251811811159
-0.195839509080131	-0.739649079803397	0.54268684340152	-2.17035025869851	0.178408361408053	1.47660569108575	1.8391300913489
-0.198931707346571	-0.741075544285916	0.541774112872544	-2.16947091541017	0.177428961719153	1.47424987081361	1.8357342965362
-0.202014591166527	-0.742487404921578	0.540841616556611	-2.16859923856528	0.176443254220385	1.47191501562397	1.83233081816241
-0.205088143917766	-0.743884648357218	0.539889465544934	-2.16773524118055	0.175451313966461	1.46960115897842	1.8289197407165
-0.208152348978055	-0.74526726123967	0.538917770928728	-2.1668789362727	0.174453216012093	1.46730833433854	1.8255011486874
-0.21120718972516	-0.74663523021577	0.537926643799205	-2.16603033685843	0.173449035411996	1.46503657516595	1.82207512656409
-0.214252649536848	-0.747988541932352	0.53691619524758	-2.16518945595445	0.172438847220882	1.46278591492222	1.81864175883549
-0.217288711790885	-0.749327183036251	0.535886536365067	-2.16435630657747	0.171422726493463	1.46055638706896	1.81520112999056
-0.220315359865037	-0.750651140174302	0.534837778242879	-2.1635309017442	0.170400748284453	1.45834802506776	1.81175332451825
-0.223332577137071	-0.751960399993341	0.533770031972231	-2.16271325447134	0.169372987648565	1.45616086238021	1.80829842690751
-0.226340346984753	-0.753254949140201	0.532683408644335	-2.16190337777562	0.168339519640511	1.45399493246791	1.80483652164729
-0.22933865278585	-0.754534774261717	0.531578019350406	-2.16110128467373	0.167300419315005	1.45185026879246	1.80136769322654
-0.232327477918129	-0.755799862004725	0.530453975181657	-2.16030698818239	0.166255761726759	1.44972690481544	1.79789202613421
-0.235306805759356	-0.757050199016059	0.529311387229303	-2.1595205013183	0.165205621930487	1.44762487399846	1.79440960485925
-0.238276619687297	-0.758285771942554	0.528150366584556	-2.15874183709817	0.164150074980901	1.4455442098031	1.7909205138906
-0.241236903079718	-0.759506567431045	0.526971024338632	-2.15797100853872	0.163089195932714	1.44348494569097	1.78742483771722
-0.244187639314387	-0.760712572128367	0.525773471582743	-2.15720802865666	0.162023059840639	1.44144711512365	1.78392266082806
-0.24712881176907	-0.761903772681354	0.524557819408104	-2.15645291046868	0.160951741759389	1.43943075156274	1.78041406771206
-0.250060403821532	-0.763080155736842	0.523324178905927	-2.15570566699151	0.159875316743676	1.43743588846984	1.77689914285818
-0.252982398849542	-0.764241707941666	0.522072661167428	-2.15496631124184	0.158793859848215	1.43546255930654	1.77337797075537
-0.255894780230865	-0.765388415942659	0.520803377283819	-2.1542348562364	0.157707446127718	1.43351079753444	1.76985063589257
-0.258797531343267	-0.766520266386657	0.519516438346316	-2.15351131499188	0.156616150636897	1.43158063661512	1.76631722275873
-0.261690635564515	-0.767637245920496	0.51821195544613	-2.152795700525	0.155520048430465	1.42967211001019	1.76277781584281
-0.264574076272376	-0.768739341191009	0.516890039674477	-2.15208802585247	0.154419214563137	1.42778525118124	1.75923249963375
-0.267447836844616	-0.769826538845031	0.515550802122569	-2.15138830399099	0.153313724089623	1.42592009358986	1.7556813586205
-0.270311900659001	-0.770898825529398	0.514194353881621	-2.15069654795728	0.152203652064638	1.42407667069765	1.75212447729201
-0.273166251093299	-0.771956187890944	0.512820806042847	-2.15001277076805	0.151089073542894	1.4222550159662	1.74856194013724
-0.276010871525275	-0.772998612576504	0.51143026969746	-2.14933698544	0.149970063579105	1.42045516285711	1.74499383164513
-0.278845745332696	-0.774026086232913	0.510022855936674	-2.14866920498984	0.148846697227982	1.41867714483197	1.74142023630463
-0.281670855893328	-0.775038595507006	0.508598675851702	-2.14800944243428	0.147719049544239	1.41692099535238	1.73784123860469
-0.284486186584938	-0.776036127045617	0.50715784053376	-2.14735771079004	0.14658719558259	1.41518674787992	1.73425692303426
-0.287291720785292	-0.777018667495581	0.50570046107406	-2.14671402307382	0.145451210397746	1.41347443587621	1.73066737408229
-0.290087441872157	-0.777986203503735	0.504226648563816	-2.14607839230232	0.144311169044421	1.41178409280282	1.72707267623772
-0.2928733332233	-0.778938721716911	0.502736514094242	-2.14545083149227	0.143167146577327	1.41011575212136	1.72347291398952
-0.295649378216486	-0.779876208781945	0.501230168756551	-2.14483135366036	0.142019218051178	1.40846944729341	1.71986817182663
-0.298415560229483	-0.780798651345672	0.499707723641959	-2.14421997182331	0.140867458520687	1.40684521178058	1.71625853423799
-0.301171862640056	-0.781706036054926	0.498169289841677	-2.14361669899783	0.139711943040566	1.40524307904446	1.71264408571256
-0.303918268825972	-0.782598349556543	0.496614978446921	-2.14302154820062	0.138552746665528	1.40366308254664	1.70902491073929
-0.306654762164998	-0.783475578497357	0.495044900548904	-2.1424345324484	0.137389944450287	1.40210525574872	1.70540109380712
-0.3093813260349	-0.784337709524204	0.493459167238839	-2.14185566475787	0.136223611449554	1.4005696321123	1.70177271940501
-0.312097943813445	-0.785184729283917	0.491857889607941	-2.14128495814575	0.135053822718044	1.39905624509895	1.6981398720219
-0.314804598878399	-0.786016624423333	0.490241178747424	-2.14072242562874	0.133880653310469	1.3975651281703	1.69450263614675
-0.317501274607528	-0.786833381589285	0.4886091457485	-2.14016808022355	0.132704178281542	1.39609631478791	1.69086109626851
-0.3201879543786	-0.787634987428608	0.486961901702384	-2.13962193494689	0.131524472685975	1.3946498384134	1.68721533687611
-0.322864621569379	-0.788421428588139	0.48529955770029	-2.13908400281548	0.130341611578482	1.39322573250835	1.68356544245852
-0.325531259557634	-0.78919269171471	0.483622224833431	-2.13855429684601	0.129155670013776	1.39182403053436	1.67991149750469
-0.32818785172113	-0.789948763455157	0.481930014193021	-2.1380328300552	0.12796672304657	1.39044476595303	1.67625358650356
-0.330834381437634	-0.790689630456315	0.480223036870275	-2.13751961545976	0.126774845731576	1.38908797222594	1.67259179394407
-0.333470832084913	-0.79141527936502	0.478501403956405	-2.13701466607639	0.125580113123507	1.3877536828147	1.6689262043152
-0.336097187040732	-0.792125696828104	0.476765226542626	-2.13651799492182	0.124382600277077	1.3864419311809	1.66525690210587
-0.338713429682859	-0.792820869492404	0.475014615720151	-2.13602961501273	0.123182382246998	1.38515275078613	1.66158397180504
-0.341319543389059	-0.793500784004755	0.473249682580194	-2.13554953936586	0.121979534087983	1.38388617509198	1.65790749790166
-0.3439155115371	-0.79416542701199	0.471470538213969	-2.13507778099789	0.120774130854746	1.38264223756006	1.65422756488469
-0.346501317504747	-0.794814785160946	0.46967729371269	-2.13461435292555	0.119566247601998	1.38142097165196	1.65054425724306
-0.349076944669768	-0.795448845098456	0.46787006016757	-2.13415926816555	0.118355959384453	1.38022241082926	1.64685765946573
-0.351642376409928	-0.796067593471356	0.466048948669824	-2.13371253973458	0.117143341256824	1.37904658855358	1.64316785604165
-0.354197596102995	-0.796671016926481	0.464214070310664	-2.13327418064936	0.115928468273824	1.37789353828649	1.63947493145977
-0.356742587126734	-0.797259102110665	0.462365536181306	-2.13284420392661	0.114711415490165	1.3767632934896	1.63577897020903
-0.359277332858912	-0.797831835670743	0.460503457372962	-2.13242262258302	0.113492257960561	1.37565588762449	1.63208005677839
-0.361801816677296	-0.798389204253551	0.458627944976847	-2.13200944963531	0.112271070739725	1.37457135415277	1.6283782756568
-0.364316021959651	-0.798931194505922	0.456739110084174	-2.13160469810019	0.111047928882369	1.37350972653603	1.62467371133321
-0.366819932083746	-0.799457793074691	0.454837063786156	-2.13120838099437	0.109822907443206	1.37247103823586	1.62096644829656
-0.369313530427345	-0.799968986606695	0.452921917174009	-2.13082051133455	0.10859608147695	1.37145532271387	1.6172565710358
-0.371796800368216	-0.800464761748767	0.450993781338945	-2.13044110213745	0.107367526038312	1.37046261343163	1.61354416403989
-0.374269725284124	-0.800945105147742	0.449052767372178	-2.13007016641977	0.106137316182007	1.36949294385075	1.60982931179778
-0.376732288552837	-0.801410003450455	0.447098986364923	-2.12970771719822	0.104905526962747	1.36854634743282	1.6061120987984
-0.379184473552121	-0.801859443303742	0.445132549408393	-2.12935376748952	0.103672233435245	1.36762285763944	1.60239260953073
-0.381626263659742	-0.802293411354436	0.443153567593801	-2.12900833031037	0.102437510654213	1.3667225079322	1.59867092848369
-0.384057642253468	-0.802711894249372	0.441162152012362	-2.12867141867748	0.101201433674366	1.36584533177269	1.59494714014625
-0.386478592711063	-0.803114878635387	0.439158413755289	-2.12834304560756	0.0999640775504145	1.36499136262251	1.59122132900735
-0.388889098410295	-0.803502351159313	0.437142463913796	-2.12802322411732	0.0987255173370731	1.36416063394326	1.58749357955594
-0.39128914272893	-0.803874298467987	0.435114413579097	-2.12771196722347	0.0974858280890542	1.36335317919653	1.58376397628097
-0.393678709044735	-0.804230707208242	0.433074373842405	-2.12740928794272	0.0962450848610707	1.36256903184391	1.58003260367139
-0.396057780735477	-0.804571564026915	0.431022455794935	-2.12711519929178	0.0950033627078356	1.361808225347	1.57629954621615
-0.398426341178921	-0.804896855570839	0.428958770527901	-2.12682971428735	0.0937607366840616	1.36107079316739	1.5725648884042
-0.400784373752834	-0.80520656848685	0.426883429132515	-2.12655284594614	0.092517281844462	1.36035676876668	1.56882871472449
-0.403131861834982	-0.805500689421782	0.424796542699992	-2.12628460728488	0.0912730732437493	1.35966618560647	1.56509110966597
-0.405468788803133	-0.805779205022471	0.422698222321545	-2.12602501132025	0.0900281859366368	1.35899907714833	1.56135215771759
-0.407795138035052	-0.80604210193575	0.420588579088389	-2.12577407106898	0.0887826949778371	1.35835547685388	1.55761194336829
-0.410110892908506	-0.806289366808456	0.418467724091738	-2.12553179954777	0.0875366754220633	1.35773541818471	1.55387055110704
-0.412416036801262	-0.806520986287422	0.416335768422804	-2.12529820977333	0.0862902023240282	1.35713893460241	1.55012806542277
-0.414710553091086	-0.806736947019484	0.414192823172801	-2.12507331476238	0.0850433507384448	1.35656605956857	1.54638457080443
-0.416994425155744	-0.806937235651476	0.412038999432945	-2.12485712753161	0.083796195720026	1.35601682654479	1.54264015174098
-0.419267636373003	-0.807121838830234	0.409874408294447	-2.12464966109774	0.0825488123234846	1.35549126899267	1.53889489272137
-0.421530170120629	-0.807290743202592	0.407699160848523	-2.12445092847749	0.0813012756035339	1.35498942037379	1.53514887823454
-0.42378200977639	-0.807443935415385	0.405513368186385	-2.12426094268754	0.0800536606148863	1.35451131414976	1.53140219276945
-0.42602313871805	-0.807581402115447	0.403317141399248	-2.12407971674463	0.0788060424122551	1.35405698378217	1.52765492081504
-0.428253540323377	-0.807703129949614	0.401110591578326	-2.12390726366545	0.077558496050353	1.3536264627326	1.52390714686026
-0.430473197970138	-0.807809105564721	0.398893829814832	-2.12374359646672	0.076311096583893	1.35321978446267	1.52015895539407
-0.432682095036099	-0.807899315607603	0.39666696719998	-2.12358872816514	0.0750639190675881	1.35283698243396	1.51641043090541
-0.434880214899025	-0.807973746725093	0.394430114824983	-2.12344267177743	0.073817038556151	1.35247809010806	1.51266165788323
-0.437067540936684	-0.808032385564027	0.392183383781056	-2.12330544032028	0.0725705301042948	1.35214314094658	1.50891272081649
-0.439244056526843	-0.808075218771241	0.389926885159413	-2.12317704681042	0.0713244687667325	1.3518321684111	1.50516370419412
-0.441409745047267	-0.808102232993568	0.387660730051266	-2.12305750426455	0.0700789295981768	1.35154520596322	1.50141469250509
-0.443564589875723	-0.808113414877843	0.385385029547831	-2.12294682569939	0.0688339876533406	1.35128228706453	1.49766577023834
-0.445708574389978	-0.808108751070902	0.38309989474032	-2.12284502413163	0.067589717986937	1.35104344517664	1.49391702188281
-0.447841681967797	-0.80808822821958	0.380805436719948	-2.12275211257799	0.0663461956536788	1.35082871376113	1.49016853192747
-0.449963895986949	-0.80805183297071	0.378501766577928	-2.12266810405517	0.065103495708279	1.3506381262796	1.48642038486125
-0.452075199825198	-0.807999551971128	0.376188995405474	-2.1225930115799	0.0638616932054505	1.35047171619364	1.48267266517312
-0.454175576860312	-0.80793137186767	0.3738672342938	-2.12252684816887	0.0626208631999061	1.35032951696485	1.47892545735201
-0.456265010470056	-0.807847279307169	0.37153659433412	-2.1224696268388	0.0613810807463588	1.35021156205482	1.47517884588688
-0.458343484032198	-0.80774726093646	0.369197186617647	-2.12242136060639	0.0601424208995215	1.35011788492514	1.47143291526667
-0.460410980924504	-0.807631303402379	0.366849122235596	-2.12238206248836	0.0589049587141072	1.35004851903742	1.46768774998034
-0.462467484524741	-0.80749939335176	0.364492512279179	-2.12235174550141	0.0576687692448288	1.35000349785325	1.46394343451684
-0.464512978210674	-0.807351517431438	0.362127467839611	-2.12233042266225	0.0564339275463991	1.34998285483422	1.46020005336512
-0.46654744536007	-0.807187662288247	0.359754100008106	-2.12231810698759	0.055200508673531	1.34998662344192	1.45645769101412
-0.468570869350696	-0.807007814569024	0.357372519875877	-2.12231481149415	0.0539685876809377	1.35001483713795	1.45271643195279
-0.470583233560318	-0.806811960920602	0.354982838534138	-2.12232054919862	0.0527382396233318	1.3500675293839	1.44897636067009
-0.472584521366704	-0.806600087989816	0.352585167074103	-2.12233533311772	0.0515095395554263	1.35014473364138	1.44523756165496
-0.474574716147618	-0.806372182423502	0.350179616586986	-2.12235917626817	0.0502825625319343	1.35024648337197	1.44150011939636
-0.476553801280828	-0.806128230868494	0.347766298164001	-2.12239209166666	0.0490573836075684	1.35037281203726	1.43776411838323
-0.4785217601441	-0.805868219971626	0.34534532289636	-2.1224340923299	0.0478340778370418	1.35052375309886	1.43402964310452
-0.480478576115201	-0.805592136379735	0.342916801875279	-2.12248519127462	0.0466127202750673	1.35069934001836	1.43029677804918
-0.482424232571896	-0.805299966739654	0.340480846191971	-2.1225454015175	0.0453933859763578	1.35089960625735	1.42656560770617
-0.484358712891954	-0.804991697698219	0.338037566937649	-2.12261473607528	0.0441761499956262	1.35112458527743	1.42283621656442
-0.486282000453139	-0.804667315902264	0.335587075203528	-2.12269320796464	0.0429610873875855	1.35137431054018	1.4191086891129
-0.488194078633219	-0.804326807998623	0.333129482080821	-2.12278083020231	0.0417482732069486	1.35164881550722	1.41538310984055
-0.49009493080996	-0.803970160634133	0.330664898660742	-2.12287761580499	0.0405377825084284	1.35194813364012	1.41165956323631
-0.491984540361128	-0.803597360455628	0.328193436034505	-2.1229835777894	0.0393296903467378	1.35227229840049	1.40793813378915
-0.49386289066449	-0.803208394109943	0.325715205293323	-2.12309872917223	0.0381240717765897	1.35262134324992	1.404218905988
-0.495729965097812	-0.802803248243912	0.323230317528411	-2.1232230829702	0.036921001852697	1.35299530165	1.40050196432183
-0.497585747038862	-0.80238190950437	0.320738883830982	-2.12335665220002	0.0357205556297727	1.35339420706233	1.39678739327957
-0.499430219865404	-0.801944364538153	0.31824101529225	-2.1234994498784	0.0345228081625296	1.3538180929485	1.39307527735017
-0.501263366955207	-0.801490599992094	0.315736823003428	-2.12365148902205	0.0333278345056809	1.35426699277011	1.3893657010226
-0.503085171686036	-0.80102060251303	0.313226418055731	-2.12381278264767	0.0321357097139392	1.35474093998876	1.38565874878579
-0.504895617435657	-0.800534358747794	0.310709911540373	-2.12398334377198	0.0309465088420175	1.35523996806603	1.3819545051287
-0.506694687581838	-0.800031855343222	0.308187414548566	-2.12416318541169	0.0297603069446287	1.35576411046352	1.37825305454027
-0.508482365502344	-0.799513078946148	0.305659038171525	-2.12435232058349	0.0285771790764859	1.35631340064283	1.37455448150946
-0.510258634574943	-0.798978016203408	0.303124893500465	-2.12455076230412	0.0273972002923017	1.35688787206555	1.37085887052521
-0.5120234781774	-0.798426653761835	0.300585091626597	-2.12475852359026	0.0262204456467894	1.35748755819328	1.36716630607648
-0.513776879687482	-0.797858978268266	0.298039743641137	-2.12497561745864	0.0250469901946616	1.35811249248761	1.36347687265221
-0.515518822482956	-0.797274976369535	0.295488960635297	-2.12520205692595	0.0238769089906314	1.35876270841013	1.35979065474135
-0.517249289941588	-0.796674634712476	0.292932853700293	-2.12543785500892	0.0227102770894115	1.35943823942244	1.35610773683285
-0.518968265441144	-0.796057939943924	0.290371533927337	-2.12568302472425	0.0215471695457151	1.36013911898613	1.35242820341567
-0.520675732359392	-0.795424878710715	0.287805112407643	-2.12593757908864	0.0203876614142549	1.3608653805628	1.34875213897875
-0.522371674074097	-0.794775437659683	0.285233700232426	-2.12620153111881	0.0192318277497439	1.36161705761405	1.34507962801104
-0.524056073963026	-0.794109603437663	0.282657408492898	-2.12647489383147	0.018079743606895	1.36239418360146	1.3414107550015
-0.525728915403945	-0.79342736269149	0.280076348280275	-2.12675768024333	0.0169314840404212	1.36319679198664	1.33774560443906
-0.527390181774621	-0.792728702067999	0.277490630685769	-2.12704990337109	0.0157871241050354	1.36402491623117	1.33408426081268
-0.52903985645282	-0.792013608214024	0.274900366800594	-2.12735157623146	0.0146467388554504	1.36487858979666	1.33042680861131
-0.53067792281631	-0.791282067776401	0.272305667715964	-2.12766271184116	0.0135104033463792	1.36575784614469	1.3267733323239
-0.532304364242855	-0.790534067401964	0.269706644523093	-2.12798332321689	0.0123781926325347	1.36666271873686	1.3231239164394
-0.533919164110224	-0.789769593737548	0.267103408313195	-2.12831342337537	0.0112501817686298	1.36759324103476	1.31947864544676
-0.535522305796181	-0.788988633429987	0.264496070177483	-2.12865302533329	0.0101264458093775	1.3685494465	1.31583760383493
-0.537113772678495	-0.788191173126118	0.261884741207171	-2.12900214210738	0.00900705980949049	1.36953136859416	1.31220087609285
-0.53869354813493	-0.787377199472774	0.259269532493474	-2.12936078671433	0.007892098823682	1.37053904077884	1.30856854670948
-0.540261615543254	-0.786546699116791	0.256650555127604	-2.12972897217087	0.00678163790666475	1.37157249651563	1.30494070017376
-0.541817958281233	-0.785699658705003	0.254027920200776	-2.13010671149369	0.00567575211315169	1.37263176926613	1.30131742097466
-0.543362559726635	-0.784836064884245	0.251401738804203	-2.13049401769951	0.00457451649785581	1.37371689249193	1.2976987936011
-0.544895403257224	-0.783955904301352	0.248772122029099	-2.13089090380504	0.00347800611548979	1.37482789965463	1.29408490254205
-0.546416472250767	-0.783059163603159	0.246139180966679	-2.13129738282698	0.00238629602076693	1.37596482421582	1.29047583228646
-0.547925750085032	-0.782145829436501	0.243503026708155	-2.13171346778205	0.00129946126839975	1.3771276996371	1.28687166732327
-0.549423220137784	-0.781215888448212	0.240863770344742	-2.13213917168695	0.000217576913101702	1.37831655938006	1.28327249214143
-0.55090886578679	-0.780269327285128	0.238221522967652	-2.1325745075584	-0.000859281990414879	1.3795314369063	1.2796783912299
-0.552382670409816	-0.779306132594083	0.235576395668102	-2.13301948841309	-0.00193104038743691	1.38077236567741	1.27608944907762
-0.55384461738463	-0.778326291021912	0.232928499537302	-2.13347412726775	-0.00299762322325131	1.38203937915498	1.27250575017354
-0.555294690088996	-0.777329789215449	0.230277945666469	-2.13393843713908	-0.00405895544314527	1.38333251080061	1.26892737900661
-0.556732871900683	-0.776316613821531	0.227624845146815	-2.13441243104379	-0.00511496199240591	1.38465179407589	1.26535442006578
-0.558159146197456	-0.775286751486991	0.224969309069554	-2.13489612199859	-0.00616556781632016	1.38599726244243	1.26178695784001
-0.559573496357082	-0.774240188858664	0.222311448525901	-2.13538952302019	-0.0072106978601752	1.3873689493618	1.25822507681823
-0.560975905757327	-0.773176912583386	0.219651374607068	-2.1358926471253	-0.00825027706925818	1.38876688829562	1.25466886148941
-0.562366357775957	-0.772096909307991	0.216989198404269	-2.13640550733062	-0.00928423038885601	1.39019111270546	1.25111839634248
-0.563744835790741	-0.771000165679314	0.214325031008719	-2.13692811665287	-0.010312482764256	1.39164165605294	1.2475737658664
-0.565111323179442	-0.769886668344189	0.211658983511631	-2.13746048810875	-0.0113349591407451	1.39311855179963	1.24403505455012
-0.566465803319829	-0.768756403949453	0.20899116700422	-2.13800263471498	-0.0123515844636104	1.39462183340715	1.24050234688259
-0.567808259589668	-0.767609359141938	0.206321692577698	-2.13855456948827	-0.013362283678139	1.39615153433707	1.23697572735276
-0.569138675366724	-0.766445520568481	0.203650671323279	-2.13911630544531	-0.0143669817296179	1.397707688051	1.23345528044957
-0.570457034028766	-0.765264874875917	0.200978214332178	-2.13968785560283	-0.0153656035633343	1.39929032801052	1.22994109066198
-0.571763318953558	-0.764067408711079	0.198304432695607	-2.14026923297753	-0.0163580741245752	1.40089948767725	1.22643324247893
-0.573057513518867	-0.762853108720803	0.195629437504782	-2.14086045058612	-0.0173443183586278	1.40253520051276	1.22293182038938
-0.574339601102461	-0.761621961551924	0.192953339850916	-2.14146152144531	-0.018324261210779	1.40419749997865	1.21943690888228
-0.575609565082105	-0.760373953851276	0.190276250825221	-2.14207245857181	-0.0192978276263161	1.40588641953653	1.21594859244657
-0.576867388835567	-0.759109072265695	0.187598281518914	-2.14269327498233	-0.0202649425505259	1.40760199264798	1.21246695557121
-0.578113055740611	-0.757827303442015	0.184919543023206	-2.14332398369357	-0.021225530928696	1.40934425277459	1.20899208274513
-0.579346549175006	-0.756528634027072	0.182240146429312	-2.14396459772225	-0.0221795177061128	1.41111323337797	1.20552405845731
-0.580567852516516	-0.755213050667698	0.179560202828445	-2.14461513008508	-0.0231268278280638	1.4129089679197	1.20206296719667
-0.58177694914291	-0.753880540010731	0.17687982331182	-2.14527559379876	-0.024067386239836	1.41473148986139	1.19860889345218
-0.582973822431953	-0.752531088703005	0.17419911897065	-2.14594600188001	-0.0250011178867166	1.41658083266462	1.19516192171278
-0.584158455761412	-0.751164683391354	0.171518200896149	-2.14662636734553	-0.0259279477139925	1.41845702979099	1.19172213646742
-0.585330832509053	-0.749781310722613	0.168837180179531	-2.14731670321203	-0.0268478006669507	1.42036011470209	1.18828962220505
-0.586490936052643	-0.748380957343617	0.166156167912009	-2.14801702249623	-0.0277606016908787	1.42229012085953	1.18486446341462
-0.587638749769948	-0.746963609901202	0.163475275184798	-2.14872733821482	-0.0286662757310631	1.42424708172489	1.18144674458508
-0.588774257038734	-0.745529255042201	0.160794613089111	-2.14944766338453	-0.0295647477327914	1.42623103075977	1.17803655020538
-0.589897441236769	-0.74407787941345	0.158114292716161	-2.15017801102205	-0.0304559426413504	1.42824200142576	1.17463396476447
-0.591008285741818	-0.742609469661783	0.155434425157164	-2.15091839414411	-0.0313397854020271	1.43028002718446	1.1712390727513
-0.592106773931649	-0.741124012434036	0.152755121503332	-2.1516688257674	-0.032216200960109	1.43234514149747	1.16785195865482
-0.593192889184027	-0.739621494377043	0.150076492845878	-2.15242931890864	-0.0330851142608828	1.43443737782637	1.16447270696397
-0.594266614876719	-0.738101902137639	0.147398650276018	-2.15319988658453	-0.0339464502496357	1.43655676963276	1.16110140216771
-0.595327934387491	-0.736565222362659	0.144721704884965	-2.15398054181179	-0.0348001338716548	1.43870335037824	1.15773812875499
-0.59637683109411	-0.735011441698938	0.142045767763933	-2.15477129760713	-0.0356460900722272	1.4408771535244	1.15438297121476
-0.597413288374343	-0.73344054679331	0.139370950004135	-2.15557216698724	-0.03648424379664	1.44307821253283	1.15103601403596
-0.598437289605956	-0.73185252429261	0.136697362696785	-2.15638316296886	-0.0373145199901802	1.44530656086514	1.14769734170754
-0.599448818166716	-0.730247360843674	0.134025116933097	-2.15720429856867	-0.038136843598135	1.44756223198291	1.14436703871847
-0.600447857434388	-0.728625043093337	0.131354323804285	-2.1580355868034	-0.0389511395657913	1.44984525934774	1.14104518955767
-0.601434390786739	-0.726985557688431	0.128685094401562	-2.15887704068974	-0.0397573328384363	1.45215567642122	1.13773187871411
-0.602408401601536	-0.725328891275794	0.126017539816142	-2.15972867324442	-0.0405553483613573	1.45449351666496	1.13442719067673
-0.603369873256546	-0.72365503050226	0.12335177113924	-2.16059049748413	-0.0413451110798408	1.45685881354053	1.13113120993449
-0.604318789129534	-0.721963962014663	0.120687899462069	-2.1614625264256	-0.0421265459391745	1.45925160050955	1.12784402097633
-0.605255132598267	-0.720255672459838	0.118026035875842	-2.16234477308552	-0.0428995778846452	1.46167191103359	1.1245657082912
-0.606178887040513	-0.71853014848462	0.115366291471774	-2.1632372504806	-0.0436641318615399	1.46411977857427	1.12129635636805
-0.607090035834036	-0.716787376735845	0.112708777341078	-2.16413997162757	-0.0444201328151459	1.46659523659316	1.11803604969584
-0.607988562356604	-0.715027343860346	0.110053604574968	-2.16505294954312	-0.0451675056907502	1.46909831855187	1.1147848727635
-0.608874449985983	-0.713250036504959	0.107400884264658	-2.16597619724396	-0.0459061754336397	1.47162905791199	1.11154291005999
-0.60974768209994	-0.711455441316519	0.104750727501361	-2.16690972774681	-0.0466360669891018	1.47418748813512	1.10831024607427
-0.610608242076241	-0.70964354494186	0.102103245376292	-2.16785355406836	-0.0473571053024235	1.47677364268284	1.10508696529527
-0.611456113292652	-0.707814334027817	0.0994585489806639	-2.16880768922534	-0.0480692153188916	1.47938755501676	1.10187315221195
-0.61229127912694	-0.705967795221226	0.0968167494056912	-2.16977214623446	-0.0487723219837933	1.48202925859848	1.09866889131327
-0.613113722956872	-0.70410391516892	0.0941779577425866	-2.17074693811241	-0.0494663502424161	1.48469878688957	1.09547426708815
-0.613923428160214	-0.702222680517735	0.0915422850825651	-2.17173207787591	-0.0501512250400466	1.48739617335164	1.09228936402557
-0.614720378114732	-0.700324077914506	0.0889098425168398	-2.17272757854167	-0.0508268713219719	1.49012145144629	1.08911426661447
-0.615504556198193	-0.698408094006067	0.0862807411366244	-2.1737334531264	-0.0514932140334795	1.4928746546351	1.08594905934379
-0.616275945788363	-0.696474715439253	0.0836550920331333	-2.1747497146468	-0.0521501781198559	1.49565581637967	1.08279382670248
-0.617034530263009	-0.6945239288609	0.0810330062975796	-2.1757763761196	-0.0527976885263888	1.4984649701416	1.0796486531795
-0.617780292999898	-0.692555720917841	0.0784145950211772	-2.17681345056148	-0.0534356701983648	1.50130214938249	1.0765136232638
-0.618513217376795	-0.690570078256913	0.0757999692951403	-2.17786095098917	-0.0540640480810711	1.50416738756391	1.07338882144432
-0.619233286771467	-0.688566987524949	0.0731892402106821	-2.17891889041938	-0.054682747119795	1.50706071814748	1.07027433221002
-0.619940484561682	-0.686546435368784	0.0705825188590171	-2.17998728186881	-0.0552916922598234	1.50998217459479	1.06717024004984
-0.620634794125205	-0.684508408435254	0.0679799163313587	-2.18106613835417	-0.0558908084464433	1.51293179036742	1.06407662945273
-0.621316198839801	-0.682452893371194	0.0653815437189207	-2.18215547289217	-0.0564800206249418	1.51590959892698	1.06099358490765
-0.62198468208324	-0.680379876823437	0.0627875121129167	-2.18325529849953	-0.0570592537406063	1.51891563373505	1.05792119090354
-0.622640227233286	-0.678289345438819	0.0601979326045606	-2.18436562819294	-0.0576284327387235	1.52194992825324	1.05485953192935
-0.623282817667706	-0.676181285864175	0.0576129162850666	-2.18548647498912	-0.0581874825645806	1.52501251594314	1.05180869247403
-0.623912436764266	-0.674055684746339	0.0550325742456481	-2.18661785190478	-0.0587363281634648	1.52810343026634	1.04876875702653
-0.624529067900734	-0.671912528732147	0.0524570175775186	-2.18775977195663	-0.0592748944806633	1.53122270468444	1.0457398100758
-0.625132694454875	-0.669751804468433	0.0498863573718924	-2.18891224816137	-0.0598031064614626	1.53437037265903	1.0427219361108
-0.625723299804456	-0.667573498602033	0.0473207047199832	-2.19007529353573	-0.0603208890511505	1.5375464676517	1.03971521962046
-0.626300867327244	-0.66537759777978	0.0447601707130046	-2.19124892109639	-0.0608281671950135	1.54075102312406	1.03671974509374
-0.626865380401004	-0.66316408864851	0.0422048664421706	-2.19243314386008	-0.0613248658383391	1.54398407253769	1.03373559701959
-0.627416822403504	-0.660932957855057	0.0396549029986945	-2.19362797484351	-0.0618109099264141	1.54724564935419	1.03076285988696
-0.627955176712509	-0.658684192046258	0.0371103914737908	-2.19483342706337	-0.0622862244045256	1.55053578703516	1.0278016181848
-0.628480426705788	-0.656417777868945	0.0345714429586728	-2.19604951353639	-0.062750734217961	1.55385451904218	1.02485195640205
-0.628992555761105	-0.654133701969955	0.0320381685445543	-2.19727624727927	-0.0632043643120072	1.55720187883686	1.02191395902767
-0.629491547256227	-0.651831950996121	0.0295106793226494	-2.19851364130872	-0.063647039631951	1.56057789988079	1.01898771055061
-0.62997738456892	-0.64951251159428	0.0269890863841717	-2.19976170864145	-0.0640786851230799	1.56398261563556	1.01607329545981
-0.630450051076953	-0.647175370411265	0.0244735008203348	-2.20102046229417	-0.0644992257306808	1.56741605956277	1.01317079824423
-0.63090953015809	-0.644820514093912	0.0219640337223529	-2.20228991528359	-0.0649085864000408	1.57087826512401	1.01028030339282
-0.631355805190098	-0.642447929289055	0.0194607961814393	-2.20357008062641	-0.0653066920764468	1.57436926578088	1.00740189539451
-0.631788859550743	-0.64005760264353	0.0169638992888078	-2.20486097133935	-0.0656934677051864	1.57788909499497	1.00453565873828
-0.632208676617793	-0.63764952080417	0.0144734541356731	-2.20616260043911	-0.066068838231546	1.58143778622788	1.00168167791305
-0.632615239769013	-0.635223670417811	0.0119895718132479	-2.20747498094241	-0.0664327286008132	1.58501537294119	0.99884003740779
-0.633008532382171	-0.632780038131289	0.00951236341274653	-2.20879812586596	-0.0667850637582748	1.58862188859652	0.996010821711441
-0.633388537835032	-0.630318610591437	0.00704194002538239	-2.21013204822645	-0.0671257686492183	1.59225736665544	0.993194115312955
-0.633755239505362	-0.62783937444509	0.00457841274236959	-2.21147676104061	-0.0674547682189303	1.59592184057955	0.99039000270128
-0.63410862077093	-0.625342316339084	0.00212189265492191	-2.21283227732515	-0.067771987412698	1.59961534383046	0.987598568365367
-0.6344486650095	-0.622827422920252	-0.000327509145746863	-2.21419861009676	-0.0680773511758085	1.60333790986975	0.984819896794164
-0.63477535559884	-0.620294680835431	-0.00276968156842283	-2.21557577237216	-0.0683707844535489	1.60708957215901	0.982054072476622
-0.635088675916716	-0.617744076731455	-0.00520451352189244	-2.21696377716806	-0.0686522121912064	1.61087036415985	0.97930117990169
-0.635388609340894	-0.615175597255158	-0.00763189391494246	-2.21836263750117	-0.0689215593340682	1.61468031933386	0.976561303558317
-0.635675139249141	-0.612589229053376	-0.0100517116563582	-2.2197723663882	-0.0691787508274209	1.61851947114263	0.973834527935453
-0.635948249019223	-0.609984958772943	-0.0124638556549257	-2.22119297684585	-0.0694237116165517	1.62238785304775	0.971120937522047
-0.636207922028907	-0.607362773060694	-0.0148682148194322	-2.22262448189084	-0.0696563666467485	1.62628549851083	0.968420616807049
-0.63645414165596	-0.604722658563465	-0.0172646780586628	-2.22406689453988	-0.069876640863297	1.63021244099345	0.965733650279409
-0.636686891278146	-0.602064601928089	-0.0196531342814054	-2.22552022780967	-0.0700844592114854	1.63416871395721	0.963060122428076
-0.636906154273235	-0.599388589801402	-0.0220334723964438	-2.22698449471692	-0.0702797466366002	1.63815435086371	0.960400117742
-0.637111914018991	-0.596694608830239	-0.0244055813125661	-2.22845970827834	-0.0704624280839289	1.64216938517454	0.95775372071013
-0.637304153893181	-0.593982645661434	-0.0267693499385582	-2.22994588151065	-0.0706324284987579	1.64621385035129	0.955121015821416
-0.637482857273571	-0.591252686941822	-0.0291246671832057	-2.23144302743055	-0.0707896728263753	1.65028777985556	0.952502087564807
-0.637648007537929	-0.588504719318238	-0.0314714219552951	-2.23295115905475	-0.0709340860120673	1.65439120714894	0.949897020429252
-0.63779958806402	-0.585738729437518	-0.0338095031636124	-2.23447028939996	-0.0710655930011214	1.65852416569303	0.947305898903702
-0.637937582229612	-0.582954703946495	-0.0361387997169447	-2.23600043148289	-0.0711841187388246	1.66268668894943	0.944728807477106
-0.63806197341247	-0.580152629492005	-0.0384592005240774	-2.23754159832024	-0.0712895881704638	1.66687881037972	0.942165830638413
-0.63817274499036	-0.577332492720882	-0.0407705944937964	-2.23909380292874	-0.0713819262413262	1.6711005634455	0.939617052876573
-0.638269880341051	-0.574494280279962	-0.0430728705348892	-2.24065705832508	-0.0714610578966995	1.67535198160837	0.937082558680535
-0.638353362842307	-0.571637978816079	-0.0453659175561407	-2.24223137752597	-0.0715269080818698	1.67963309832992	0.93456243253925
-0.638423175871896	-0.568763574976068	-0.0476496244663378	-2.24381677354813	-0.0715794017421245	1.68394394707174	0.932056758941666
-0.638479302807583	-0.565871055406764	-0.0499238801742663	-2.24541325940826	-0.0716184638227508	1.68828456129543	0.929565622376733
-0.638521727027136	-0.562960406755001	-0.0521885735887131	-2.24702084812308	-0.0716440192690361	1.69265497446259	0.927089107333401
-0.638550431908321	-0.560031615667615	-0.054443593618464	-2.24863955270929	-0.071655993026267	1.69705522003481	0.924627298300619
-0.638565400828904	-0.557084668791441	-0.0566888291723049	-2.2502693861836	-0.0716543100397308	1.70148533147368	0.922180279767336
-0.638566617166651	-0.554119552773312	-0.0589241691590221	-2.25191036156272	-0.0716388952547142	1.70594534224081	0.919748136222503
-0.63855406429933	-0.551136254260065	-0.0611495024874025	-2.25356249186337	-0.0716096736165047	1.71043528579777	0.917330952155068
-0.638527725604707	-0.548134759898534	-0.0633647180662316	-2.25522579010224	-0.0715665700703894	1.71495519560617	0.914928812053982
-0.638487584460548	-0.545115056335553	-0.0655697048042958	-2.25690026929605	-0.0715095095616552	1.7195051051276	0.912541800408194
-0.638433624244619	-0.542077130217958	-0.0677643516103819	-2.2585859424615	-0.0714384170355893	1.72408504782366	0.910170001706653
-0.638365828334688	-0.539020968192584	-0.0699485473932748	-2.26028282261532	-0.0713532174374787	1.72869505715594	0.907813500438308
-0.63828418010852	-0.535946556906265	-0.072122181061762	-2.2619909227742	-0.0712538357126106	1.73333516658604	0.905472381092111
-0.638188662943882	-0.532853883005836	-0.0742851415246295	-2.26371025595485	-0.0711401968062719	1.73800540957555	0.903146728157009
-0.638079260218541	-0.529742933138132	-0.0764373176906628	-2.26544083517399	-0.0710122256637499	1.74270581958606	0.900836626121953
-0.637955955310263	-0.526613693949987	-0.0785785984686487	-2.26718267344833	-0.0708698472303315	1.74743643007918	0.898542159475891
-0.637818731596814	-0.523466152088238	-0.080708872767373	-2.26893578379456	-0.0707129864513037	1.75219727451648	0.896263412707775
-0.637667572455962	-0.520300294199717	-0.0828280294956223	-2.27070017922941	-0.0705415682719538	1.75698838635958	0.894000470306552
-0.637502461265471	-0.517116106931262	-0.0849359575621826	-2.27247587276958	-0.0703555176375691	1.76180979907006	0.891753416761173
-0.63732338140311	-0.513913576929705	-0.0870325458758405	-2.27426287743178	-0.070154759493436	1.76666154610952	0.889522336560587
-0.637130316246644	-0.510692690841884	-0.0891176833453811	-2.27606120623272	-0.0699392187848422	1.77154366093955	0.887307314193744
-0.63692324917384	-0.50745343531463	-0.0911912588795925	-2.27787087218911	-0.0697088204570743	1.77645617702174	0.885108434149594
-0.636702163562464	-0.50419579699478	-0.0932531613872594	-2.27969188831766	-0.0694634894554198	1.7813991278177	0.882925780917084
-0.636467042790283	-0.500919762529169	-0.0953032797771685	-2.28152426763507	-0.0692031507251657	1.78637254678902	0.880759438985167
-0.636217870235063	-0.497625318564631	-0.0973415029581055	-2.28336802315806	-0.0689277292115988	1.79137646739729	0.87860949284279
-0.635954629274571	-0.494312451748002	-0.0993677198388576	-2.28522316790334	-0.0686371498600067	1.7964109231041	0.876476026978903
-0.635677303286573	-0.490981148726115	-0.10138181932821	-2.28708971488761	-0.0683313376156761	1.80147594737105	0.874359125882457
-0.635385875648836	-0.487631396145807	-0.10338369033495	-2.28896767712758	-0.0680102174238939	1.80657157365974	0.8722588740424
-0.635080329739125	-0.484263180653911	-0.105373221767863	-2.29085706763997	-0.0676737142299478	1.81169783543176	0.870175355947682
-0.634760648935209	-0.480876488897264	-0.107350302535735	-2.29275789944148	-0.0673217529791243	1.8168547661487	0.868108656087253
-0.634426816614853	-0.477471307522698	-0.109314821547353	-2.29467018554883	-0.0669542586167108	1.82204239927216	0.866058858950061
-0.634078816155823	-0.47404762317705	-0.111266667711504	-2.29659393897871	-0.0665711560879944	1.82726076826373	0.864026049025057
-0.633716630935886	-0.470605422507154	-0.113205729936972	-2.29852917274784	-0.066172370338262	1.83250990658501	0.862010310801191
-0.633340244332809	-0.467144692159845	-0.115131897132544	-2.30047589987294	-0.0657578263128006	1.83778984769759	0.860011728767411
-0.632949639724358	-0.463665418781958	-0.117045058207007	-2.3024341333707	-0.0653274489568976	1.84310062506307	0.858030387412667
-0.632544800488299	-0.460167589020328	-0.118945102069146	-2.30440388625784	-0.0648811632158397	1.84844227214305	0.856066371225909
-0.632125710002399	-0.456651189521789	-0.120831917627749	-2.30638517155106	-0.0644188940349144	1.8538148223991	0.854119764696087
-0.631692351644425	-0.453116206933176	-0.1227053937916	-2.30837800226708	-0.0639405663594084	1.85921830929284	0.852190652312149
-0.631244708792143	-0.449562627901325	-0.124565419469487	-2.31038239142261	-0.063446105134609	1.86465276628586	0.850279118563045
-0.630782764823318	-0.44599043907307	-0.126411883570196	-2.31239835203435	-0.0629354353058035	1.87011822683974	0.848385247937726
-0.630306503115719	-0.442399627095246	-0.128244675002512	-2.31442589711902	-0.0624084818182785	1.87561472441609	0.84650912492514
-0.629815907047111	-0.438790178614687	-0.130063682675223	-2.31646503969332	-0.0618651696173216	1.8811422924765	0.844650834014237
-0.629310959995261	-0.43516208027823	-0.131868795497113	-2.31851579277396	-0.0613054236482193	1.88670096448256	0.842810459693967
-0.628791645337935	-0.431515318732708	-0.13365990237697	-2.32057816937765	-0.060729168856259	1.89229077389587	0.840988086453278
-0.628257946452899	-0.427849880624955	-0.13543689222358	-2.3226521825211	-0.0601363301867279	1.89791175417802	0.839183798781121
-0.627709846717921	-0.424165752601809	-0.137199653945729	-2.32473784522102	-0.0595268325849129	1.90356393879061	0.837397681166445
-0.627147379537183	-0.420463032313647	-0.138948105114365	-2.32683510387419	-0.0589006679281114	1.90924718193907	0.835629783786143
-0.626570777817015	-0.416742259880994	-0.140682277939675	-2.32894363930624	-0.0582580951280044	1.91496062325478	0.83388001969811
-0.625980322830492	-0.413004082181825	-0.142402233268105	-2.3310630682216	-0.0575994381207243	1.92070322985202	0.832148268003572
-0.625376294040134	-0.409249141462009	-0.144108031917845	-2.33319301005056	-0.0569250187614306	1.92647397619674	0.830434408191456
-0.624758969097913	-0.405478075335309	-0.145799734678831	-2.3353330869493	-0.0562351568243093	1.93227184410661	0.828738320138382
-0.624128623845244	-0.401691516783388	-0.147477402312743	-2.33748292379986	-0.0555301700025735	1.93809582275099	0.827059884108668
-0.623485532312995	-0.3978900941558	-0.149141095553004	-2.33964214821015	-0.054810373908463	1.94394490865095	0.82539898075433
-0.622829966721478	-0.394074431169997	-0.150790875104782	-2.34181039051397	-0.0540760820732447	1.94981810567924	0.823755491115081
-0.622162197480454	-0.390245146911327	-0.15242680164499	-2.34398728377096	-0.053327605947212	1.95571442506031	0.822129296618331
-0.621482493189134	-0.386402855833032	-0.154048935822284	-2.34617246376666	-0.0525652548996854	1.96163288537031	0.820520279079185
-0.620791120636173	-0.382548167756249	-0.155657338257065	-2.34836556901249	-0.0517893362190122	1.96757251253708	0.818928320700449
-0.620088344799677	-0.378681687870014	-0.157252069541479	-2.35056624074571	-0.0510001551125664	1.97353233984018	0.817353304072622
-0.619374428847198	-0.374804016731254	-0.158833190239413	-2.35277412292948	-0.050198014706749	1.97951140791083	0.815795112173903
-0.618649634135738	-0.370915750264795	-0.160400760886503	-2.35498886225282	-0.0493832160469877	1.98550876473198	0.814253628370186
-0.617914220211745	-0.367017479763358	-0.161954841990126	-2.35721010813063	-0.0485560580977374	1.99152346563825	0.812728736415065
-0.617168444811116	-0.363109791887557	-0.163495494029403	-2.35943751270369	-0.0477168377424794	1.99755457331599	0.811220320449827
-0.616412563859195	-0.359193268665905	-0.165022777455202	-2.36167073083862	-0.046865849783722	2.00360115780322	0.809728265003458
-0.615646831470773	-0.355268487494808	-0.166536752690133	-2.36390942012795	-0.0460033869430005	2.00966229648965	0.808252454992643
-0.614871499950093	-0.35133602113857	-0.168037480128551	-2.36615324089006	-0.0451297398608769	2.01573707411672	0.806792775721762
-0.614086819790841	-0.347396437729388	-0.169525020136555	-2.36840185616921	-0.0442451970969401	2.02182458277753	0.805349112882891
-0.613293039676154	-0.343450300767355	-0.170999433051989	-2.37065493173555	-0.0433500451298057	2.02792392191691	0.803921352555805
-0.612490406478616	-0.339498169120462	-0.17246077918444	-2.37291213608506	-0.0424445683571164	2.03403419833136	0.802509381207976
-0.611679165260257	-0.335540597024592	-0.173909118815239	-2.37517314043964	-0.0415290490955415	2.0401545261691	0.801113085694572
-0.610859559272559	-0.331578134083527	-0.175344512197464	-2.37743761874703	-0.0406037675807774	2.04628402693003	0.799732353258458
-0.610031829956449	-0.327611325268941	-0.176767019555935	-2.37970524768086	-0.0396690019675472	2.05242182946574	0.798367071530198
-0.609196216942301	-0.323640710920407	-0.178176701087216	-2.38197570664062	-0.0387250283296007	2.05856706997955	0.797017128528051
-0.60835295804994	-0.319666826745391	-0.179573616959616	-2.38424867775168	-0.0377721206597148	2.06471889202644	0.795682412657973
-0.607502289288636	-0.315690203819256	-0.180957827313189	-2.38652384586529	-0.0368105508696931	2.0708764465131	0.794362812713619
-0.60664444485711	-0.31171136858526	-0.182329392259733	-2.38880089855856	-0.0358405887903662	2.07703889169794	0.793058217876339
-0.605779657143527	-0.307730842854557	-0.183688371882787	-2.39107952613448	-0.0348625021715913	2.08320539319103	0.791768517715182
-0.604908156725503	-0.303749143806195	-0.18503482623764	-2.39335942162191	-0.0338765566822526	2.08937512395415	0.790493602186892
-0.604030172370101	-0.29976678398712	-0.186368815351321	-2.39564028077559	-0.0328830159102613	2.09554726430079	0.789233361635912
-0.603145931033831	-0.295784271312171	-0.187690399222604	-2.39792180207611	-0.0318821413625551	2.10172100189612	0.78798768679438
-0.602255657862651	-0.291802109064085	-0.188999637822009	-2.40020368672995	-0.0308741924650987	2.10789553175701	0.786756468782133
-0.60135957619197	-0.287820795893493	-0.190296591091798	-2.40248563866948	-0.0298594265628838	2.11407005625205	0.785539599106704
-0.60045790754664	-0.283840825818922	-0.191581318945979	-2.40476736455291	-0.0288380989199287	2.12024378510148	0.784336969663323
-0.599550871640964	-0.279862688226793	-0.192853881270303	-2.40704857376434	-0.0278104627192788	2.12641593537729	0.783148472734918
-0.598638686378692	-0.275886867871426	-0.194114337922265	-2.40932897841374	-0.0267767690630061	2.13258573150312	0.781974000992113
-0.597721567853023	-0.271913844875034	-0.195362748731107	-2.41160829333695	-0.0257372669722095	2.13875240525434	0.780813447493229
-0.596799730346603	-0.267944094727726	-0.196599173497813	-2.4138862360957	-0.0246922033870149	2.144915195758	0.779666705684286
-0.595873386331524	-0.263978088287507	-0.19782367199511	-2.41616252697755	-0.0236418231665749	2.15107334949286	0.778533669398998
-0.594942746469329	-0.260016291780276	-0.199036303967472	-2.41843688899598	-0.0225863690890691	2.15722612028935	0.777414232858778
-0.594008019611008	-0.25605916679983	-0.200237129131117	-2.42070904789032	-0.0215260818517036	2.16337276932963	0.776308290672736
-0.593069412796998	-0.25210717030786	-0.201426207174004	-2.42297873212578	-0.0204612000707118	2.16951256514754	0.77521573783768
-0.592127131257185	-0.248160754633952	-0.20260359775584	-2.42524567289343	-0.0193919602813536	2.17564478362862	0.774136469738112
-0.591181378410901	-0.24422036747559	-0.203769360508076	-2.42750960411023	-0.018318596937916	2.18176870801009	0.773070382146233
-0.590232355866929	-0.240286451898151	-0.204923555033904	-2.429770262419	-0.0172413424137126	2.18788362888091	0.772017371221943
-0.589280263423496	-0.236359446334909	-0.206066240908263	-2.43202738718844	-0.016160427001084	2.19398884418169	0.770977333512835
-0.588325299068281	-0.232439784587032	-0.207197477677836	-2.43428072051311	-0.0150760789113977	2.20008365920476	0.769950165954201
-0.587367658978408	-0.228527895823586	-0.208317324861051	-2.43653000721347	-0.0139885242750478	2.20616738659414	0.768935765869031
-0.586407537520451	-0.224624204581531	-0.209425841948077	-2.43877499483582	-0.0128979871414555	2.21223934634556	0.767934030968012
-0.585445127250428	-0.220729130765722	-0.210523088400831	-2.44101543365235	-0.0118046894790688	2.21829886580643	0.766944859349525
-0.58448061891381	-0.21684308964891	-0.211609123652971	-2.44325107666113	-0.0107088511753624	2.22434527967586	0.765968149499653
-0.583514201445512	-0.212966491871743	-0.212684007109903	-2.44548167958609	-0.00961069003683803	2.23037793000467	0.765003800292171
-0.582546061969899	-0.209099743442762	-0.213747798148775	-2.44770700087703	-0.0085104217890241	2.23639616619536	0.764051710988554
-0.581576385800784	-0.205243245738407	-0.214800556118478	-2.44992680170964	-0.00740826007647599	2.24239934500213	0.763111781237975
-0.580605356441426	-0.201397395503009	-0.215842340339649	-2.45214084598546	-0.00630441646277588	2.2483868305309	0.762183911077302
-0.579633155584533	-0.197562584848799	-0.216873210104671	-2.45434890033192	-0.00519910043053278	2.25435799423925	0.761268000931099
-0.578659963112262	-0.193739201255901	-0.217893224677666	-2.45655073410232	-0.00409251938138258	2.26031221493648	0.760363951611631
-0.577685957096216	-0.189927627572334	-0.218902443294506	-2.45874611937583	-0.00298487863598801	2.26624887878358	0.759471664318856
-0.576711313797446	-0.186128242014015	-0.219900925162804	-2.46093483095749	-0.00187638143403861	2.27216737929324	0.758591040640431
-0.575736207666453	-0.182341418164755	-0.220888729461918	-2.46311664637821	-0.000767228934250808	2.27806711732985	0.757721982551711
-0.574760811343185	-0.178567524976261	-0.221865915342951	-2.46529134589479	0.000342379785632145	2.28394750110948	0.756864392415746
-0.573785295657035	-0.174806926768134	-0.222832541928748	-2.46745871248988	0.00145224772884012	2.28980794619992	0.756018172983284
-0.572809829626849	-0.171059983227874	-0.2237886683139	-2.46961853187202	0.0025621799795762	2.29564787552065	0.755183227392771
-0.571834580460916	-0.167327049410872	-0.224734353564744	-2.47177059247561	0.00367198370301657	2.30146671934283	0.754359459170348
-0.570859713556976	-0.163608475740419	-0.225669656719357	-2.47391468546094	0.00478146814531058	2.30726391528933	0.753546772229854
-0.569885392502216	-0.159904608007699	-0.226594636787563	-2.47605060471416	0.00589044463358075	2.31303890833472	0.752745070872827
-0.568911779073271	-0.156215787371791	-0.227509352750931	-2.47817814684729	0.00699872657592275	2.31879115080527	0.751954259788498
-0.567939033236223	-0.152542350359672	-0.228413863562773	-2.48029711119822	0.00810612946140537	2.32452010237893	0.7511742440538
-0.566967313146604	-0.148884628866213	-0.229308228148144	-2.48240729983074	0.00921247086007062	2.33022523008536	0.750404929133358
-0.565996775149391	-0.14524295015418	-0.230192505403846	-2.48450851753447	0.0103175704229336	2.33590600830592	0.749646220879497
-0.565027573779011	-0.141617636854236	-0.231066754198423	-2.48660057182495	0.0114212498819826	2.34156191877365	0.748898025532239
-0.564059861759339	-0.138009006964938	-0.231931033372164	-2.48868327294354	0.0125233330501791	2.34719245057331	0.748160249719303
-0.563093790003697	-0.13441737385274	-0.232785401737103	-2.49075643385753	0.0136236458214576	2.35279710014133	0.747432800456104
-0.562129507614854	-0.130843046251991	-0.233629918077017	-2.49281987026003	0.0147220161707259	2.35837537126586	0.746715585145755
-0.561167161885029	-0.127286328264936	-0.234464641147429	-2.49487340057007	0.0158182741538648	2.36392677508673	0.746008511579066
-0.560206898295888	-0.123747519361714	-0.235289629675603	-2.49691684593251	0.0169122519077285	2.36945083009549	0.745311487934543
-0.559248860518545	-0.120226914380361	-0.236104942360552	-2.4989500302181	0.0180037836501441	2.37494706213536	0.744624422778391
-0.558293190413561	-0.116724803526808	-0.23691063787303	-2.50097278002349	0.019092705679912	2.38041500440127	0.74394722506451
-0.557340028030945	-0.113241472374882	-0.237706774855534	-2.50298492467115	0.0201788563768057	2.38585419743985	0.743279804134498
-0.556389511610156	-0.109777201866304	-0.23849341192231	-2.50498629620946	0.0212620762015719	2.39126418914941	0.742622069717651
-0.555441777580098	-0.106332268310694	-0.239270607659343	-2.50697672941267	0.0223422076959304	2.39664453477998	0.741973931930961
-0.554496960559125	-0.102906943385564	-0.240038420624366	-2.50895606178089	0.0234190954825741	2.40199479693328	0.741335301279116
-0.553555193355038	-0.099501494136323	-0.240796909346855	-2.51092413354011	0.0244925862651692	2.40731454556271	0.740706088654504
-0.552616606965086	-0.0961161829762755	-0.24154613232803	-2.51288078764219	0.0255625288283549	2.41260335797339	0.740086205337207
-0.551681330575966	-0.0927512676866215	-0.242286148040855	-2.51482586976486	0.0266287740377438	2.41786081882212	0.739475562995006
-0.550749491563823	-0.0894070014164567	-0.243017014930039	-2.51675922831173	0.0276911748399213	2.4230865201174	0.738874073683378
-0.54982121549425	-0.0860836326827719	-0.243738791412036	-2.51868071441229	0.0287495862624463	2.42828006121944	0.738281649845498
-0.548896626122286	-0.082781405370454	-0.244451535875042	-2.52059018192187	0.0298038654138505	2.43344104884014	0.737698204312238
-0.547975845392422	-0.079500558732285	-0.245155306678999	-2.52248748742172	0.0308538714836392	2.43856909704308	0.737123650302165
-0.547058993438592	-0.0762413273889428	-0.245850162155593	-2.52437249021892	0.0318994657422904	2.44366382724355	0.736557901421546
-0.546146188584181	-0.0730039413290006	-0.246536160608254	-2.52624505234644	0.0329405115412556	2.44872486820856	0.736000871664343
-0.545237547342023	-0.0697886259089274	-0.247213360312155	-2.52810503856314	0.0339768743129592	2.45375185605677	0.735452475412217
-0.544333184414395	-0.0665956018530874	-0.247881819514216	-2.52995231635372	0.035008421570799	2.45874443425857	0.734912627434524
-0.543433212693028	-0.0634250852537407	-0.2485415964331	-2.53178675592877	0.0360350229091456	2.46370225363604	0.734381242888318
-0.542537743259095	-0.0602772875710426	-0.249192749259213	-2.53360823022476	0.0370565500033432	2.46862497236295	0.73385823731835
-0.541646885383222	-0.0571524156330444	-0.249835336154707	-2.53541661490402	0.0380728766097088	2.47351225596477	0.733343526657068
-0.54076074652548	-0.0540506716356927	-0.250469415253477	-2.53721178835475	0.0390838785655327	2.47836377731868	0.732837027224617
-0.539879432335388	-0.0509722531428293	-0.251095044661164	-2.53899363169104	0.0400894337890784	2.48317921665354	0.73233865572884
-0.539003046651914	-0.0479173530861923	-0.251712282455151	-2.54076202875284	0.0410894222795824	2.48795826154991	0.731848329265275
-0.538131691503473	-0.0448861597654147	-0.252321186684566	-2.54251686610597	0.0420837261172545	2.49270060694005	0.731365965317159
-0.537265467107929	-0.0418788568480254	-0.252921815370283	-2.54425803304213	0.0430722294632775	2.49740595510792	0.730891481755426
-0.536404471872592	-0.0388956233694488	-0.253514226504918	-2.5459854215789	0.0440548185598076	2.50207401568916	0.730424796838705
-0.535548802394221	-0.0359366337330047	-0.254098478052833	-2.54769892645971	0.0450313817299739	2.50670450567114	0.729965829213324
-0.534698553459024	-0.0330020577099086	-0.254674627950132	-2.54939844515388	0.0460018093778788	2.51129714939289	0.729514497913308
-0.533853818042655	-0.0300920604392715	-0.255242734104666	-2.5510838778566	0.0469659939885978	2.51585167854515	0.729070722360378
-0.533014687310217	-0.0272068024281	-0.255802854396028	-2.55275512748894	0.0479238301281796	2.52036783217038	0.728634422363953
-0.53218125061626	-0.0243464395512961	-0.256355046675556	-2.55441209969782	0.048875214443646	2.5248453566627	0.728205518121149
-0.531353595504783	-0.0215111230516576	-0.256899368766333	-2.55605470285605	0.0498200456629919	2.52928400576796	0.727783930216778
-0.530531807709233	-0.0187009995398776	-0.257435878463186	-2.55768284806232	0.0507582245951855	2.53368354058367	0.727369579623351
-0.529715971152503	-0.0159162109945448	-0.257964633532686	-2.55929644914117	0.0516896541301681	2.53804372955907	0.726962387701073
-0.528906167946936	-0.0131568947621437	-0.258485691713147	-2.56089542264303	0.0526142392388541	2.54236434849508	0.72656227619785
-0.528102478394321	-0.0104231835570541	-0.25899911071463	-2.5624796878442	0.0535318869731311	2.54664518054433	0.726169167249282
-0.527304980985897	-0.00771520546155118	-0.259504948218937	-2.56404916674685	0.0544425064658598	2.55088601621113	0.725782983378668
-0.52651375240235	-0.00503308392580621	-0.260003261879618	-2.56560378407903	0.0553460089308741	2.5550866533515	0.725403647497001
-0.525728867513813	-0.00237693776788556	-0.260494109321963	-2.56714346729464	0.0562423076629812	2.55924689717314	0.725031082902975
-0.524950399379868	0.000253118826248719	-0.260977548143011	-2.56866814657349	0.0571313180379611	2.56336656023547	0.72466521328298
-0.524178419249544	0.00285697630273892	-0.26145363591154	-2.57017775482122	0.0580129575125673	2.5674454624496	0.7243059627111
-0.523412996561319	0.00543452973983209	-0.261922430168078	-2.57167222766937	0.0588871456245263	2.57148343107832	0.723953255649119
-0.522654198943117	0.00798567884787924	-0.262383988424892	-2.57315150347536	0.0597538039925376	2.57548030073614	0.72360701694652
-0.521902092212313	0.0105103279693364	-0.262838368165996	-2.57461552332246	0.0606128563162743	2.57943591338924	0.723267171840477
-0.521156740375728	0.0130083860787635	-0.263285626847148	-2.57606423101983	0.0614642283763821	2.58335011835553	0.722933645955866
-0.52041820562963	0.0154797667828253	-0.263725821895851	-2.57749757310248	0.0623078480344803	2.58722277230459	0.722606365305259
-0.519686548359735	0.0179243883202909	-0.26415901071135	-2.57891549883133	0.0631436452331612	2.59105373925772	0.722285256288925
-0.51896182714121	0.0203421735620339	-0.264585250664635	-2.58031796019313	0.0639715519959901	2.59484289058788	0.721970245694828
-0.518244098738666	0.0227330500110321	-0.265004599098443	-2.58170491190053	0.0647915024275057	2.59859010501977	0.721661260698633
-0.517533418106165	0.025096949802368	-0.265417113327252	-2.58307631139206	0.0656034327132197	2.60229526862976	0.721358228863698
-0.516829838387214	0.0274338097032286	-0.265822850637285	-2.58443211883209	0.066407281119617	2.60595827484593	0.721061078141082
-0.51613341091477	0.029743571112905	-0.266221868286509	-2.58577229711089	0.0672029879941556	2.60957902444804	0.720769736869537
-0.515444185211237	0.0320261800627932	-0.266614223504638	-2.5870968118446	0.0679904957652668	2.61315742556756	0.720484133775514
-0.514762208988467	0.0342815872163934	-0.266999973493126	-2.58840563137522	0.0687697489423549	2.61669339368767	0.720204197973163
-0.51408752814776	0.03650974786931	-0.267379175425175	-2.58969872677063	0.0695406941157974	2.62018685164321	0.719929858964327
-0.513420186779865	0.0387106219492527	-0.267751886445729	-2.59097607182458	0.0703032799569451	2.62363772962075	0.71966104663855
-0.512760227164976	0.0408841740160346	-0.268118163671476	-2.59223764305671	0.0710574572181216	2.62704596515854	0.719397691273071
-0.512107689772738	0.0430303732615738	-0.26847806419085	-2.5934834197125	0.0718031787326241	2.63041150314653	0.719139723532825
-0.511462613262242	0.045149193509893	-0.268831645064029	-2.59471338376334	0.0725403994147226	2.63373429582638	0.718887074470447
-0.510825034482028	0.0472406132171189	-0.269178963322933	-2.59592751990646	0.0732690762596604	2.63701430279143	0.718639675526266
-0.510194988470083	0.0493046154714829	-0.26952007597123	-2.59712581556497	0.0739891683436538	2.64025149098672	0.718397458528311
-0.509572508453842	0.051341187993321	-0.269855039984328	-2.59830826088788	0.0747006368238927	2.64344583470899	0.718160355692306
-0.508957625850189	0.0533503231350735	-0.270183912309384	-2.59947484875004	0.0754034449385396	2.64659731560667	0.717928299621673
-0.508350370265454	0.0553320178812847	-0.270506749865294	-2.60062557475219	0.0760975580067306	2.64970592267991	0.71770122330753
-0.507750769495417	0.0572862738486043	-0.270823609542703	-2.60176043722093	0.0767829434285745	2.65277165228052	0.717479060128692
-0.507158849525304	0.0592130972857856	-0.271134548203998	-2.60287943720874	0.0774595706851537	2.65579450811204	0.717261743851674
-0.506574634529789	0.0611124990736867	-0.271439622683309	-2.60398257849398	0.0781274113385234	2.65877450122969	0.717049208630685
-0.505998146872997	0.0629844947252703	-0.271738889786513	-2.60506986758088	0.0787864390317123	2.6617116500404	0.716841389007631
-0.505429407108496	0.0648291043856032	-0.27203240629123	-2.60614131369952	0.0794366294887219	2.66460598030276	0.716638219912118
-0.504868433979306	0.0666463528318571	-0.272320228946824	-2.60719692880589	0.0800779605145272	2.66745752512711	0.716439636661445
-0.504315244417893	0.0684362694733075	-0.272602414474403	-2.60823672758182	0.080710411995076	2.67026632497546	0.716245574960611
-0.503769853546171	0.0701988883513348	-0.272879019566821	-2.60926072743504	0.0813339658972895	2.6730324276615	0.716055970902311
-0.503232274675502	0.071934248139424	-0.273150100888674	-2.61026894849913	0.0819486062690621	2.67575588835064	0.715870760966938
-0.502702519306696	0.0736423921431642	-0.273415715076304	-2.61126141363356	0.082554319239261	2.67843676956	0.715689882022581
-0.502180597130011	0.075323368300249	-0.273675918737796	-2.61223814842365	0.0831510930177269	2.68107514115835	0.715513271325025
-0.501666516025153	0.0769772291804766	-0.273930768452979	-2.61319918118062	0.0837389178952736	2.68367108036621	0.715340866517756
-0.501160282061274	0.0786040319857495	-0.274180320773429	-2.61414454294155	0.0843177862436879	2.68622467175576	0.715172605631952
-0.500661899496978	0.0802038385500747	-0.274424632222464	-2.61507426746939	0.0848876925157299	2.68873600725089	0.715008427086493
-0.500171370780314	0.0817767153395639	-0.274663759295145	-2.61598839125297	0.0854486332451329	2.69120518612718	0.714848269687951
-0.499688696548778	0.0833227334524328	-0.27489775845828	-2.61688695350698	0.0860006070466032	2.69363231501193	0.7146920726306
-0.499213875629315	0.0848419686190016	-0.27512668615042	-2.617769996172	0.0865436146158202	2.6960175078841	0.714539775496407
-0.49874690503832	0.0863345012016956	-0.275350598781861	-2.61863756391447	0.0870776587294366	2.69836088607438	0.714391318255039
-0.498287779981633	0.0878004161950438	-0.275569552734641	-2.6194897041267	0.0876027442450784	2.70066257826513	0.714246641263858
-0.497836493854543	0.0892398032256798	-0.275783604362545	-2.6203264669269	0.0881188781013445	2.70292272049043	0.714105685267925
-0.497393038241786	0.0906527565523418	-0.275992809991101	-2.62114790515911	0.0886260693178069	2.70514145613605	0.713968391399996
-0.496957402917548	0.0920393750658726	-0.276197225917582	-2.62195407439328	0.089124328995011	2.70731893593944	0.713834701180525
-0.496529575845461	0.0933997622892192	-0.276396908411003	-2.62274503292521	0.0896136703144752	2.70945531798977	0.713704556517664
-0.496109543178605	0.0947340263774329	-0.276591913712126	-2.62352084177658	0.090094108538691	2.7115507677279	0.71357789970726
-0.495697289259509	0.09604228011767	-0.276782298033457	-2.62428156469495	0.0905656610111233	2.71360545794637	0.713454673432859
-0.495292796620149	0.0973246409291907	-0.276968117559244	-2.62502726815374	0.09102834715621	2.71561956878945	0.713334820765704
-0.49489604598195	0.0985812308633599	-0.277149428445481	-2.62575802135226	0.0914821884793621	2.71759328775308	0.713218285164733
-0.494507016255783	0.0998121766036469	-0.277326286819907	-2.62647389621566	0.0919272085669637	2.71952680968489	0.713105010476582
-0.494125684541968	0.101017609465626	-0.277498748782003	-2.627174967395	0.0923634330863724	2.72142033678425	0.712994940935587
-0.493752026130273	0.102197665396974	-0.277666870402995	-2.6278613122672	0.0927908897859185	2.72327407860217	0.712888021163776
-0.493386014499914	0.103352484977475	-0.277830707725856	-2.62853301093504	0.0932096084949056	2.72508825204141	0.712784196170877
-0.493027621319555	0.104482213419015	-0.277990316765299	-2.62919014622718	0.0936196211236109	2.72686308135638	0.712683411354316
-0.492676816447306	0.105587000565587	-0.278145753507783	-2.62983280369817	0.0940209616632841	2.72859879815323	0.712585612499214
-0.492333567930728	0.106667000893285	-0.278297073911513	-2.6304610716284	0.0944136661861483	2.73029564138977	0.712490745778389
-0.491997842006827	0.107722373510312	-0.278444333906437	-2.63107504102417	0.0947977728453999	2.73195385737553	0.712398757752358
-0.491669603102059	0.10875328215697	-0.278587589394245	-2.63167480561762	0.0951733218752084	2.73357369977172	0.712309595369333
-0.491348813832327	0.109759895205671	-0.278726896248375	-2.63226046186677	0.0955403555907161	2.73515542959127	0.712223205965225
-0.491035435002982	0.110742385660927	-0.278862310314006	-2.63283210895554	0.0958989183880389	2.73669931519879	0.71213953726364
-0.490729425608823	0.111700931159358	-0.278993887408065	-2.63338984879368	0.0962490567442661	2.73820563231058	0.712058537375882
-0.490430742834097	0.112635713969684	-0.279121683319219	-2.63393378601685	0.096590819217459	2.73967466399465	0.711980154800953
-0.490139342052497	0.113546920992735	-0.279245753807882	-2.63446402798656	0.0969242564466533	2.74110670067072	0.711904338425551
-0.489855176827167	0.114434743761441	-0.279366154606212	-2.63498068479021	0.0972494211518574	2.74250204011017	0.71183103752407
-0.489578198910698	0.115299378440838	-0.27948294141811	-2.63548386924104	0.0975663681340525	2.74386098743611	0.711760201758604
-0.489308358245127	0.116141025828068	-0.279596169919223	-2.63597369687821	0.0978751542751936	2.74518385512332	0.711691781178942
-0.48904560296194	0.116959891352374	-0.279705895756941	-2.63645028596671	0.0981758385382083	2.74647096299831	0.711625726222569
-0.488789879382073	0.117756185075106	-0.279812174550399	-2.63691375749743	0.0984684819669976	2.74772263823925	0.711561987714671
-0.488541132015906	0.118530121689719	-0.279915061890475	-2.63736423518712	0.0987531476864358	2.74893921537604	0.711500516868127
-0.488299303563271	0.11928192052177	-0.280014613339792	-2.63780184547841	0.0990299009023699	2.75012103629025	0.711441265283514
-0.488064334913444	0.120011805528922	-0.280110884432719	-2.6382267175398	0.0992988089016206	2.75126845021517	0.711384184949108
-0.487836165145151	0.120720005300943	-0.280203930675366	-2.63863898326566	0.0995599410519813	2.75238181373577	0.71132922824088
-0.487614731526566	0.121406753059703	-0.280293807545589	-2.63903877727623	0.0998133688022188	2.75346149078871	0.711276347922499
-0.48739996951531	0.12207228665918	-0.28038057049299	-2.63942623691763	0.100059165682073	2.75450785266238	0.711225497145332
-0.487191812758453	0.122716848585453	-0.280464274938911	-2.63980150226185	0.100297407302257	2.75552127799683	0.71117662944844
-0.486990193092512	0.123340685956709	-0.280544976276442	-2.64016471610676	0.100528171354458	2.75650215278383	0.711129698758583
-0.486795040543452	0.123944050523235	-0.280622729870415	-2.64051602397608	0.100751537611333	2.75745087036684	0.71108465939022
-0.486606283326687	0.124527198667426	-0.280697591057409	-2.64085557411943	0.100967587926516	2.75836783144102	0.711041466045504
-0.486423847847076	0.125090391403781	-0.280769615145744	-2.64118351751229	0.101176406234613	2.75925344405321	0.711000073814285
-0.48624765869893	0.125633894378901	-0.280838857415486	-2.64150000785601	0.101378078551203	2.76010812360197	0.710960438174114
-0.486077638666004	0.126157977871496	-0.280905373118444	-2.64180520157782	0.101572692972836	2.76093229283754	0.710922514990233
-0.485913708721504	0.126662916792375	-0.280969217478174	-2.64209925783082	0.101760339677039	2.76172638186187	0.710886260515587
-0.485755788028081	0.127148990684456	-0.281030445689974	-2.64238233849398	0.10194111092231	2.7624908281286	0.710851631390814
-0.485603793937837	0.127616483722758	-0.281089112920887	-2.64265460817214	0.10211510104812	2.76322607644307	0.710818584644251
-0.485457641992319	0.128065684714407	-0.281145274309698	-2.64291623419603	0.102282406474914	2.76393257896231	0.710787077691932
-0.485317245922523	0.128496887098633	-0.281198984966941	-2.64316738662222	0.10244312570411	2.76461079519505	0.710757068337586
-0.485182517648895	0.128910388946769	-0.281250299974889	-2.64340823823319	0.102597359318097	2.76526119200173	0.710728514772642
-0.485053367281326	0.129306492962254	-0.281299274387564	-2.64363896453727	0.102745209980242	2.76588424359445	0.710701375576224
-0.484929703119155	0.12968550648063	-0.281345963230729	-2.64385974376867	0.10288678243488	2.76648043153706	0.710675609715154
-0.48481143165117	0.130047741469545	-0.281390421501892	-2.64407075688747	0.103022183507322	2.76705024474506	0.710651176543952
-0.484698457555608	0.130393514528751	-0.281432704170306	-2.64427218757962	0.103151522103852	2.76759417948567	0.710628035804832
-0.484590683700152	0.130723146890103	-0.281472866176968	-2.64446422225696	0.103274909211726	2.7681127393778	0.710606147627708
-0.484488011141932	0.131036964417563	-0.281510962434619	-2.64464705005717	0.103392457899174	2.76860643539207	0.71058547253019
-0.484390339127529	0.131335297607195	-0.281547047827744	-2.64482086284384	0.103504283315399	2.76907578585077	0.710565971417584
-0.48429756509297	0.131618481587169	-0.281581177212573	-2.6449858552064	0.103610502690577	2.76952131642791	0.710547605582896
-0.484209584663729	0.13188685611776	-0.281613405417079	-2.64514222446018	0.103711235335858	2.7699435601492	0.710530336706826
-0.48412629165473	0.132140765591344	-0.281643787240981	-2.64529017064636	0.103806602643364	2.77034305739202	0.710514126857772
-0.484047578070344	0.132380559032407	-0.281672377455741	-2.64542989653201	0.10389672808619	2.77072035588547	0.71049893849183
-0.48397333410439	0.132606590097533	-0.281699230804566	-2.64556160761006	0.103981737218405	2.77107601071034	0.710484734452792
-0.483903448140133	0.132819217075417	-0.281724402002406	-2.64568551209932	0.104061757675052	2.77141058429913	0.710471477972148
-0.48383780675029	0.133018802886853	-0.281747945735957	-2.64580182094448	0.104136919172145	2.771724646436	0.710459132669083
-0.483776294697022	0.133205715084742	-0.281769916663659	-2.64591074781609	0.104207353506672	2.77201877425684	0.710447662550483
-0.483718794931939	0.13338032585409	-0.281790369415694	-2.64601250911056	0.104273194556595	2.77229355224923	0.710437032010926
-0.4836651885961	0.133543012012006	-0.28180935859399	-2.64610732395022	0.104334578280849	2.77254957225245	0.710427205832692
-0.483615355020011	0.133694155007704	-0.281826938772221	-2.64619541418322	0.10439164271934	2.77278743345747	0.710418149185754
-0.483569171723627	0.133834140922502	-0.281843164495802	-2.64627700438361	0.10444452799295	2.77300774240694	0.710409827627785
-0.483526514416349	0.133963360469825	-0.281858090281894	-2.6463523218513	0.104493376303533	2.77321111299525	0.710402207104152
-0.483487256997026	0.134082208995198	-0.281871770619402	-2.6464215966121	0.104538331933916	2.77339816646844	0.710395253947923
-0.483451271553957	0.134191086476254	-0.281884259968976	-2.64648506141766	0.104579541247899	2.77356953142429	0.710388934879861
-0.483418428364888	0.134290397522728	-0.281895612763008	-2.64654295174552	0.104617152690255	2.77372584381224	0.710383217008425
-0.483388595897011	0.134380551376463	-0.281905883405636	-2.64659550579908	0.104651316786732	2.77386774693344	0.710378067829772
-0.483361640806969	0.134461961911402	-0.281915126272743	-2.64664296450763	0.104682186144049	2.77399589144076	0.710373455227756
-0.483337427940849	0.134535047633596	-0.281923395711954	-2.64668557152633	0.104709915449899	2.77411093533872	0.710369347473929
-0.483315820334191	0.134600231681199	-0.281930746042641	-2.64672357323619	0.104734661472947	2.77421354398358	0.710365713227539
-0.483296679211979	0.134657941824469	-0.281937231555918	-2.64675721874412	0.104756583062834	2.77430439008327	0.710362521535532
-0.483279863988645	0.134708610465769	-0.281942906514643	-2.6467867598829	0.104775841150172	2.77438415369744	0.71035974183255
-0.483265232268071	0.134752674639566	-0.281947825153421	-2.64681245121116	0.104792598746545	2.7744535222374	0.710357343940931
-0.483252639843585	0.134790576012433	-0.281952041678598	-2.64683455001342	0.104807020944513	2.77451319046621	0.710355298070714
-0.483241940697964	0.134822760883046	-0.281955610268267	-2.64685331630008	0.104819274917608	2.77456386049858	0.71035357481963
-0.483232987003433	0.134849680182185	-0.281958585072264	-2.6468690128074	0.104829529920334	2.77460624180093	0.710352145173112
-0.483225629121664	0.134871789472736	-0.281961020212169	-2.64688190499751	0.10483795728817	2.77464105119139	0.710350980504286
-0.483219715603778	0.134889548949689	-0.281962969781306	-2.64689226105843	0.104844730437566	2.77466901283977	0.710350052573978
-0.483215093190342	0.134903423440137	-0.281964487844744	-2.64690035190403	0.104850024865948	2.77469085826759	0.710349333530709
-0.483211606811373	0.134913882403279	-0.281965628439297	-2.64690645117407	0.104854018151713	2.77470732634806	0.710348795910699
-0.483209099586335	0.134921399930418	-0.281966445573522	-2.64691083523418	0.104856889954232	2.77471916330609	0.710348412637862
-0.483207412824139	0.134926454744962	-0.28196699322772	-2.64691378317585	0.104858822013848	2.77472712271829	0.710348157023813
-0.483206386023146	0.134929530202422	-0.281967325353938	-2.64691557681646	0.104859998151879	2.77473196551295	0.71034800276786
-0.483205856871163	0.134931114290415	-0.281967495875965	-2.64691650069925	0.104860604270615	2.77473445997007	0.710347923957013
-0.483205661245446	0.134931699628662	-0.281967558689335	-2.64691684209335	0.104860828353319	2.77473538172135	0.710347895065973
-0.483205633212698	0.134931783468988	-0.281967567661329	-2.64691689099374	0.104860860464228	2.77473551375019	0.710347890957144
