0	0	0	0	0	0	0
-0.0089875489227567	-0.00821846875834751	0.0104877074738257	0.00434074060075326	0.00349168158032276	-0.0118564304482347	-6.85200357478202e-05
-0.0179153784663934	-0.0163784206867102	0.0208908218357048	0.00865103256059822	0.00695262986050009	-0.0236295266663697	-0.000147463640470041
-0.0267834886309102	-0.0244798557850882	0.0312093430856375	0.0129308758795349	0.010382844840532	-0.035319288654405	-0.000236830814166662
-0.035591879416307	-0.0325227740534814	0.0414432712236237	0.0171802705575633	0.0137823265204185	-0.0469257164123406	-0.000336621556837684
-0.0443405508225838	-0.0405071754918898	0.0515926062496634	0.0213992165946833	0.0171510749001595	-0.0584488099401765	-0.000446835868483106
-0.0530295028497406	-0.0484330601003135	0.0616573481637566	0.0255877139908951	0.0204890899797551	-0.0698885692379126	-0.000567473749102929
-0.0616587354977774	-0.0563004278787524	0.0716374969659033	0.0297457627461986	0.0237963717592053	-0.0812449943055492	-0.000698535198697152
-0.0702282487666943	-0.0641092788272065	0.0815330526561035	0.0338733628605937	0.0270729202385101	-0.0925180851430859	-0.000840020217265776
-0.0787380426564912	-0.0718596129456759	0.0913440152343572	0.0379705143340806	0.0303187354176695	-0.103707841750523	-0.0009919288048088
-0.0871881171671682	-0.0795514302341605	0.101070384700664	0.0420372171666592	0.0335338172966834	-0.11481426412786	-0.00115426096132622
-0.0955784722987251	-0.0871847306926603	0.110712161055025	0.0460734713583294	0.0367181658755519	-0.125837352275098	-0.00132701668681805
-0.103909108051162	-0.0947595143211753	0.120269344297439	0.0500792769090914	0.0398717811542749	-0.136777106192236	-0.00151019598128428
-0.112180024424479	-0.102275781119706	0.129741934427907	0.0540546338189451	0.0429946631328526	-0.147633525879274	-0.0017037988447249
-0.120391221418676	-0.109733531088251	0.139129931446428	0.0579995420878905	0.0460868118112848	-0.158406611336213	-0.00190782527713993
-0.128542699033753	-0.117132764226812	0.148433335353003	0.0619140017159275	0.0491482271895715	-0.169096362563052	-0.00212227527852936
-0.13663445726971	-0.124473480535388	0.157652146147631	0.0657980127030563	0.0521789092677129	-0.179702779559791	-0.00234714884889318
-0.144666496126547	-0.131755680013979	0.166786363830313	0.0696515750492768	0.0551788580457088	-0.190225862326431	-0.00258244598823141
-0.152638815604265	-0.138979362662585	0.175835988401048	0.073474688754589	0.0581480735235593	-0.20066561086297	-0.00282816669654404
-0.160551415702862	-0.146144528481207	0.184801019859837	0.0772673538189928	0.0610865557012644	-0.211022025169411	-0.00308431097383107
-0.168404296422339	-0.153251177469844	0.193681458206679	0.0810295702424884	0.063994304578824	-0.221295105245751	-0.0033508788200925
-0.176197457762696	-0.160299309628496	0.202477303441575	0.0847613380250757	0.0668713201562383	-0.231484851091992	-0.00362787023532833
-0.183930899723934	-0.167288924957164	0.211188555564524	0.0884626571667547	0.0697176024335071	-0.241591262708133	-0.00391528521953856
-0.191604622306051	-0.174220023455846	0.219815214575527	0.0921335276675254	0.0725331514106304	-0.251614340094174	-0.00421312377272319
-0.199218625509048	-0.181092605124544	0.228357280474583	0.0957739495273878	0.0753179670876084	-0.261554083250116	-0.00452138589488222
-0.206772909332925	-0.187906669963257	0.236814753261693	0.0993839227463419	0.0780720494644409	-0.271410492175957	-0.00484007158601566
-0.214267473777683	-0.194662217971985	0.245187632936856	0.102963447324388	0.0807953985411279	-0.2811835668717	-0.00516918084612349
-0.22170231884332	-0.201359249150729	0.253475919500073	0.106512523261525	0.0834880143176696	-0.290873307337342	-0.00550871367520572
-0.229077444529838	-0.207997763499488	0.261679612951343	0.110031150557754	0.0861498967940658	-0.300479713572885	-0.00585867007326236
-0.236392850837235	-0.214577761018261	0.269798713290667	0.113519329213075	0.0887810459703166	-0.310002785578328	-0.00621905004029339
-0.243648537765513	-0.221099241707051	0.277833220518044	0.116977059227488	0.091381461846422	-0.319442523353672	-0.00658985357629883
-0.25084450531467	-0.227562205565855	0.285783134633475	0.120404340600992	0.0939511444223819	-0.328798926898915	-0.00697108068127866
-0.257980753484708	-0.233966652594675	0.293648455636959	0.123801173333588	0.0964900936981965	-0.338071996214059	-0.0073627313552329
-0.265057282275625	-0.24031258279351	0.301429183528497	0.127167557425276	0.0989983096738656	-0.347261731299103	-0.00776480559816153
-0.272074091687423	-0.24659999616236	0.309125318308088	0.130503492876055	0.101475792349389	-0.356368132154048	-0.00817730341006457
-0.2790311817201	-0.252828892701225	0.316736859975733	0.133808979685926	0.103922541724767	-0.365391198778893	-0.00860022479094201
-0.285928552373658	-0.258999272410106	0.324263808531431	0.137084017854889	0.1063385578	-0.374330931173638	-0.00903356974079385
-0.292766203648096	-0.265111135289002	0.331706163975183	0.140328607382944	0.108723840575088	-0.383187329338284	-0.00947733825962008
-0.299544135543413	-0.271164481337913	0.339063926306989	0.14354274827009	0.11107839005003	-0.391960393272829	-0.00993153034742073
-0.306262348059611	-0.277159310556839	0.346337095526847	0.146726440516328	0.113402206224826	-0.400650122977276	-0.0103961460041958
-0.312920841196689	-0.28309562294578	0.35352567163476	0.149879684121657	0.115695289099477	-0.409256518451622	-0.0108711852299452
-0.319519614954646	-0.288973418504737	0.360629654630726	0.153002479086079	0.117957638673983	-0.417779579695869	-0.011356648024669
-0.326058669333484	-0.294792697233709	0.367649044514745	0.156094825409592	0.120189254948343	-0.426219306710016	-0.0118525343883673
-0.332538004333202	-0.300553459132696	0.374583841286818	0.159156723092196	0.122390137922558	-0.434575699494063	-0.0123588443210399
-0.3389576199538	-0.306255704201699	0.381434044946944	0.162188172133893	0.124560287596627	-0.442848758048011	-0.012875577822687
-0.345317516195278	-0.311899432440716	0.388199655495124	0.165189172534681	0.126699703970551	-0.451038482371859	-0.0134027348933084
-0.351617693057636	-0.317484643849749	0.394880672931357	0.168159724294561	0.12880838704433	-0.459144872465607	-0.0139403155329043
-0.357858150540874	-0.323011338428798	0.401477097255644	0.171099827413532	0.130886336817963	-0.467167928329255	-0.0144883197414745
-0.364038888644992	-0.328479516177861	0.407988928467985	0.174009481891595	0.132933553291451	-0.475107649962804	-0.0150467475190191
-0.37015990736999	-0.333889177096939	0.414416166568378	0.17688868772875	0.134950036464793	-0.482964037366253	-0.0156155988655382
-0.376221206715868	-0.339240321186033	0.420758811556826	0.179737444924997	0.13693578633799	-0.490737090539603	-0.0161948737810316
-0.382222786682626	-0.344532948445142	0.427016863433326	0.182555753480335	0.138890802911041	-0.498426809482852	-0.0167845722654995
-0.388164647270264	-0.349767058874267	0.433190322197881	0.185343613394765	0.140815086183947	-0.506033194196002	-0.0173846943189417
-0.394046788478782	-0.354942652473406	0.439279187850489	0.188101024668287	0.142708636156708	-0.513556244679053	-0.0179952399413584
-0.39986921030818	-0.360059729242561	0.44528346039115	0.1908279873009	0.144571452829323	-0.520995960932003	-0.0186162091327494
-0.405631912758458	-0.365118289181731	0.451203139819865	0.193524501292605	0.146403536201793	-0.528352342954854	-0.0192476018931149
-0.411334895829616	-0.370118332290916	0.457038226136633	0.196190566643402	0.148204886274117	-0.535625390747606	-0.0198894182224547
-0.416978159521654	-0.375059858570116	0.462788719341455	0.198826183353291	0.149975503046296	-0.542815104310257	-0.020541658120769
-0.422561703834573	-0.379942868019332	0.468454619434331	0.201431351422271	0.151715386518329	-0.549921483642809	-0.0212043215880576
-0.428085528768371	-0.384767360638563	0.47403592641526	0.204006070850343	0.153424536690217	-0.556944528745261	-0.0218774086243207
-0.433549634323049	-0.389533336427809	0.479532640284242	0.206550341637507	0.15510295356196	-0.563884239617613	-0.0225609192295581
-0.438954020498607	-0.394240795387071	0.484944761041278	0.209064163783762	0.156750637133557	-0.570740616259866	-0.02325485340377
-0.444298687295046	-0.398889737516347	0.490272288686367	0.211547537289109	0.158367587405009	-0.577513658672019	-0.0239592111469562
-0.449583634712364	-0.403480162815639	0.49551522321951	0.214000462153548	0.159953804376315	-0.584203366854072	-0.0246739924591169
-0.454808862750562	-0.408012071284946	0.500673564640706	0.216422938377078	0.161509288047476	-0.590809740806026	-0.0253991973402519
-0.459974371409641	-0.412485462924268	0.505747312949956	0.2188149659597	0.163034038418491	-0.59733278052788	-0.0261348257903614
-0.465080160689599	-0.416900337733606	0.51073646814726	0.221176544901414	0.164528055489361	-0.603772486019634	-0.0268808778094452
-0.470126230590438	-0.421256695712959	0.515641030232617	0.223507675202219	0.165991339260086	-0.610128857281289	-0.0276373533975035
-0.475112581112156	-0.425554536862327	0.520460999206027	0.225808356862117	0.167423889730665	-0.616401894312844	-0.0284042525545361
-0.480039212254755	-0.42979386118171	0.525196375067491	0.228078589881106	0.168825706901099	-0.622591597114299	-0.0291815752805432
-0.484906124018233	-0.433974668671108	0.529847157817009	0.230318374259186	0.170196790771387	-0.628697965685654	-0.0299693215755246
-0.489713316402592	-0.438096959330522	0.534413347454579	0.232527709996359	0.17153714134153	-0.63472100002691	-0.0307674914394805
-0.49446078940783	-0.442160733159951	0.538894943980204	0.234706597092623	0.172846758611527	-0.640660700138066	-0.0315760848724108
-0.499148543033949	-0.446165990159395	0.543291947393882	0.236855035547978	0.174125642581379	-0.646517066019122	-0.0323951018743154
-0.503776577280948	-0.450112730328854	0.547604357695613	0.238973025362426	0.175373793251086	-0.652290097670079	-0.0332245424451945
-0.508344892148826	-0.454000953668329	0.551832174885398	0.241060566535965	0.176591210620647	-0.657979795090936	-0.0340644065850479
-0.512853487637585	-0.457830660177819	0.555975398963237	0.243117659068596	0.177777894690063	-0.663586158281693	-0.0349146942938758
-0.517302363747224	-0.461601849857324	0.560034029929129	0.245144302960318	0.178933845459333	-0.66910918724235	-0.035775405571678
-0.521691520477743	-0.465314522706844	0.564008067783074	0.247140498211133	0.180059062928458	-0.674548881972908	-0.0366465404184547
-0.526020957829141	-0.46896867872638	0.567897512525073	0.249106244821039	0.181153547097437	-0.679905242473366	-0.0375280988342058
-0.53029067580142	-0.47256431791593	0.571702364155126	0.251041542790036	0.182217297966271	-0.685178268743725	-0.0384200808189312
-0.534500674394579	-0.476101440275496	0.575422622673232	0.252946392118126	0.18325031553496	-0.690367960783983	-0.0393224863726311
-0.538650953608618	-0.479580045805078	0.579058288079391	0.254820792805307	0.184252599803503	-0.695474318594143	-0.0402353154953053
-0.542741513443537	-0.483000134504674	0.582609360373604	0.256664744851579	0.185224150771901	-0.700497342174202	-0.041158568186954
-0.546772353899336	-0.486361706374286	0.586075839555871	0.258478248256944	0.186164968440153	-0.705437031524162	-0.0420922444475771
-0.550743474976015	-0.489664761413912	0.58945772562619	0.2602613030214	0.18707505280826	-0.710293386644022	-0.0430363442771745
-0.554654876673573	-0.492909299623555	0.592755018584564	0.262013909144948	0.187954403876221	-0.715066407533782	-0.0439908676757464
-0.558506558992012	-0.496095321003212	0.595967718430991	0.263736066627587	0.188803021644037	-0.719756094193442	-0.0449558146432927
-0.562298521931331	-0.499222825552885	0.599095825165471	0.265427775469319	0.189620906111708	-0.724362446623003	-0.0459311851798133
-0.566030765491531	-0.502291813272572	0.602139338788005	0.267089035670142	0.190408057279233	-0.728885464822464	-0.0469169792853084
-0.56970328967261	-0.505302284162276	0.605098259298593	0.268719847230056	0.191164475146613	-0.733325148791826	-0.0479131969597779
-0.573316094474569	-0.508254238221994	0.607972586697234	0.270320210149063	0.191890159713847	-0.737681498531087	-0.0489198382032217
-0.576869179897408	-0.511147675451727	0.610762320983929	0.271890124427161	0.192585110980936	-0.741954514040249	-0.04993690301564
-0.580362545941127	-0.513982595851476	0.613467462158677	0.27342959006435	0.19324932894788	-0.746144195319312	-0.0509643913970326
-0.583796192605726	-0.51675899942124	0.616088010221478	0.274938607060632	0.193882813614678	-0.750250542368274	-0.0520023033473997
-0.587170119891205	-0.519476886161019	0.618623965172333	0.276417175416005	0.19448556498133	-0.754273555187137	-0.0530506388667412
-0.590484327797565	-0.522136256070814	0.621075327011242	0.27786529513047	0.195057583047838	-0.758213233775901	-0.0541093979550571
-0.593738816324804	-0.524737109150623	0.623442095738204	0.279282966204026	0.195598867814199	-0.762069578134564	-0.0551785806123473
-0.596933585472923	-0.527279445400448	0.625724271353219	0.280670188636675	0.196109419280416	-0.765842588263128	-0.056258186838612
-0.600068635241922	-0.529763264820288	0.627921853856288	0.282026962428415	0.196589237446487	-0.769532264161592	-0.057348216633851
-0.603143965631802	-0.532188567410144	0.630034843247411	0.283353287579246	0.197038322312412	-0.773138605829956	-0.0584486699980645
-0.606159576642561	-0.534555353170014	0.632063239526587	0.28464916408917	0.197456673878192	-0.776661613268221	-0.0595595469312524
-0.609115468274201	-0.5368636220999	0.634007042693816	0.285914591958185	0.197844292143827	-0.780101286476386	-0.0606808474334147
-0.61201164052672	-0.539113374199801	0.635866252749099	0.287149571186291	0.198201177109316	-0.783457625454452	-0.0618125715045513
-0.614848093400119	-0.541304609469718	0.637640869692436	0.28835410177349	0.19852732877466	-0.786730630202417	-0.0629547191446624
-0.617624826894399	-0.543437327909649	0.639330893523826	0.28952818371978	0.198822747139858	-0.789920300720283	-0.0641072903537479
-0.620341841009558	-0.545511529519596	0.64093632424327	0.290671817025162	0.199087432204911	-0.793026637008049	-0.0652702851318078
-0.622999135745598	-0.547527214299558	0.642457161850767	0.291785001689636	0.199321383969818	-0.796049639065716	-0.066443703478842
-0.625596711102517	-0.549484382249535	0.643893406346317	0.292867737713201	0.199524602434581	-0.798989306893283	-0.0676275453948507
-0.628134567080317	-0.551383033369527	0.645245057729921	0.293920025095858	0.199697087599197	-0.80184564049075	-0.0688218108798338
-0.630612703678997	-0.553223167659535	0.646512116001579	0.294941863837607	0.199838839463668	-0.804618639858117	-0.0700264999337912
-0.633031120898556	-0.555004785119558	0.64769458116129	0.295933253938447	0.199949858027994	-0.807308304995385	-0.0712416125567231
-0.635389818738996	-0.556727885749596	0.648792453209055	0.296894195398379	0.200030143292175	-0.809914635902553	-0.0724671487486294
-0.637688797200316	-0.55839246954965	0.649805732144873	0.297824688217403	0.200079695256209	-0.812437632579622	-0.0737031085095101
-0.639928056282515	-0.559998536519718	0.650734417968744	0.298724732395518	0.200098513920099	-0.81487729502659	-0.0749494918393652
-0.642107595985595	-0.561546086659802	0.651578510680669	0.299594327932725	0.200086599283843	-0.817233623243459	-0.0762062987381946
-0.644227416309555	-0.563035119969901	0.652338010280648	0.300433474829024	0.200043951347442	-0.819506617230228	-0.0774735292059985
-0.646287517254395	-0.564465636450015	0.65301291676868	0.301242173084415	0.199970570110895	-0.821696276986898	-0.0787511832427768
-0.648287898820114	-0.565837636100145	0.653603230144766	0.302020422698897	0.199866455574203	-0.823802602513468	-0.0800392608485295
-0.650228561006714	-0.56715111892029	0.654108950408905	0.302768223672471	0.199731607737365	-0.825825593809938	-0.0813377620232566
-0.652109503814194	-0.56840608491045	0.654530077561097	0.303485576005137	0.199566026600382	-0.827765250876308	-0.082646686766958
-0.653930727242554	-0.569602534070625	0.654866611601344	0.304172479696894	0.199369712163254	-0.829621573712579	-0.0839660350796339
-0.655692231291794	-0.570740466400815	0.655118552529643	0.304828934747743	0.19914266442598	-0.83139456231875	-0.0852958069612842
-0.657394015961914	-0.571819881901021	0.655285900345997	0.305454941157684	0.19888488338856	-0.833084216694821	-0.0866360024119089
-0.659036081252914	-0.572840780571242	0.655368655050403	0.306050498926717	0.198596369050996	-0.834690536840793	-0.087986621431508
-0.660618427164794	-0.573803162411478	0.655366816642863	0.306615608054841	0.198277121413285	-0.836213522756665	-0.0893476640200814
-0.662141053697554	-0.574707027421729	0.655280385123377	0.307150268542057	0.19792714047543	-0.837653174442437	-0.0907191301776293
-0.663603960851194	-0.575552375601996	0.655109360491944	0.307654480388364	0.197546426237429	-0.83900949189811	-0.0921010199041516
-0.665007148625714	-0.576339206952278	0.654853742748564	0.308128243593764	0.197134978699282	-0.840282475123683	-0.0934933331996483
-0.666350617021114	-0.577067521472575	0.654513531893239	0.308571558158255	0.19669279786099	-0.841472124119156	-0.0948960700641194
-0.667634366037394	-0.577737319162887	0.654088727925966	0.308984424081837	0.196219883722553	-0.842578438884529	-0.0963092304975649
-0.668858395674555	-0.578348600023215	0.653579330846748	0.309366841364512	0.19571623628397	-0.843601419419803	-0.0977328144999847
-0.670022705932595	-0.578901364053557	0.652985340655582	0.309718810006278	0.195181855545242	-0.844541065724977	-0.099166822071379
-0.671127296811515	-0.579395611253915	0.65230675735247	0.310040330007136	0.194616741506368	-0.845397377800052	-0.100611253211748
-0.672172168311315	-0.579831341624289	0.651543580937412	0.310331401367085	0.194020894167349	-0.846170355645026	-0.102066107921091
-0.673157320431995	-0.580208555164677	0.650695811410407	0.310592024086126	0.193394313528185	-0.846859999259901	-0.103531386199408
-0.674082753173556	-0.580527251875081	0.649763448771456	0.310822198164259	0.192736999588875	-0.847466308644676	-0.1050070880467
-0.674948466535996	-0.5807874317555	0.648746493020558	0.311021923601484	0.19204895234942	-0.847989283799352	-0.106493213462967
-0.675754460519316	-0.580989094805934	0.647644944157714	0.3111912003978	0.191330171809819	-0.848428924723928	-0.107989762448207
-0.676500735123517	-0.581132241026383	0.646458802182923	0.311330028553208	0.190580657970073	-0.848785231418404	-0.109496735002422
-0.677187290348597	-0.581216870416848	0.645188067096186	0.311438408067708	0.189800410830181	-0.849058203882781	-0.111014131125612
-0.677814126194558	-0.581242982977328	0.643832738897502	0.311516338941299	0.188989430390144	-0.849247842117057	-0.112541950817776
-0.678381242661398	-0.581210578707823	0.642392817586872	0.311563821173982	0.188147716649962	-0.849354146121234	-0.114080194078914
-0.678888639749119	-0.581119657608333	0.640868303164295	0.311580854765757	0.187275269609634	-0.849377115895312	-0.115628860909027
-0.679336317457719	-0.580970219678859	0.639259195629772	0.311567439716624	0.186372089269161	-0.849316751439289	-0.117187951308114
-0.6797242757872	-0.580762264919399	0.637565494983302	0.311523576026582	0.185438175628542	-0.849173052753167	-0.118757465276175
-0.68005251473756	-0.580495793329955	0.635787201224885	0.311449263695632	0.184473528687778	-0.848946019836946	-0.120337402813211
-0.680321034308801	-0.580170804910526	0.633924314354523	0.311344502723773	0.183478148446868	-0.848635652690624	-0.121927763919221
-0.680529834500921	-0.579787299661113	0.631976834372213	0.311209293111007	0.182452034905813	-0.848241951314203	-0.123528548594206
-0.680678915313922	-0.579345277581715	0.629944761277958	0.311043634857332	0.181395188064613	-0.847764915707682	-0.125139756838165
-0.680768276747803	-0.578844738672332	0.627828095071756	0.310847527962748	0.180307607923267	-0.847204545871062	-0.126761388651099
-0.680797918802563	-0.578285682932964	0.625626835753607	0.310620972427257	0.179189294481775	-0.846560841804341	-0.128393444033007
-0.680767841478204	-0.577668110363611	0.623340983323511	0.310363968250857	0.178040247740139	-0.845833803507521	-0.130035922983889
-0.680678044774725	-0.576992020964274	0.62097053778147	0.310076515433549	0.176860467698357	-0.845023430980602	-0.131688825503746
-0.680528528692126	-0.576257414734952	0.618515499127481	0.309758613975332	0.175649954356429	-0.844129724223582	-0.133352151592577
-0.680319293230406	-0.575464291675645	0.615975867361547	0.309410263876207	0.174408707714356	-0.843152683236463	-0.135025901250382
-0.680050338389567	-0.574612651786353	0.613351642483665	0.309031465136174	0.173136727772138	-0.842092308019245	-0.136710074477162
-0.679721664169608	-0.573702495067076	0.610642824493838	0.308622217755233	0.171834014529774	-0.840948598571926	-0.138404671272916
-0.679333270570529	-0.572733821517815	0.607849413392064	0.308182521733383	0.170500567987264	-0.839721554894508	-0.140109691637645
-0.67888515759233	-0.571706631138569	0.604971409178343	0.307712377070625	0.16913638814461	-0.83841117698699	-0.141825135571348
-0.678377325235011	-0.570620923929338	0.602008811852675	0.307211783766959	0.16774147500181	-0.837017464849373	-0.143551003074026
-0.677809773498572	-0.569476699890123	0.598961621415062	0.306680741822385	0.166315828558864	-0.835540418481656	-0.145287294145678
-0.677182502383013	-0.568273959020922	0.595829837865502	0.306119251236902	0.164859448815773	-0.833980037883838	-0.147034008786304
-0.676495511888334	-0.567012701321738	0.592613461203995	0.305527312010511	0.163372335772537	-0.832336323055922	-0.148791146995905
-0.675748802014535	-0.565692926792568	0.589312491430541	0.304904924143211	0.161854489429155	-0.830609273997906	-0.15055870877448
-0.674942372761616	-0.564314635433413	0.585926928545142	0.304252087635003	0.160305909785628	-0.82879889070979	-0.152336694122029
-0.674076224129577	-0.562877827244274	0.582456772547796	0.303568802485887	0.158726596841955	-0.826905173191574	-0.154125103038553
-0.673150356118418	-0.56138250222515	0.578902023438503	0.302855068695863	0.157116550598137	-0.824928121443258	-0.155923935524051
-0.672164768728139	-0.559828660376041	0.575262681217264	0.30211088626493	0.155475771054173	-0.822867735464843	-0.157733191578524
-0.671119461958741	-0.558216301696947	0.571538745884078	0.301336255193089	0.153804258210064	-0.820724015256329	-0.159552871201971
-0.670014435810222	-0.556545426187868	0.567730217438946	0.30053117548034	0.15210201206581	-0.818496960817714	-0.161382974394393
-0.668849690282583	-0.554816033848805	0.563837095881867	0.299695647126682	0.15036903262141	-0.816186572149	-0.163223501155789
-0.667625225375824	-0.553028124679757	0.559859381212842	0.298829670132116	0.148605319876865	-0.813792849250186	-0.165074451486159
-0.666341041089946	-0.551181698680724	0.55579707343187	0.297933244496642	0.146810873832174	-0.811315792121272	-0.166935825385504
-0.664997137424947	-0.549276755851707	0.551650172538952	0.29700637022026	0.144985694487338	-0.808755400762259	-0.168807622853823
-0.663593514380828	-0.547313296192704	0.547418678534087	0.296049047302969	0.143129781842356	-0.806111675173146	-0.170689843891116
-0.662130171957589	-0.545291319703717	0.543102591417276	0.29506127574477	0.141243135897229	-0.803384615353933	-0.172582488497384
-0.660607110155231	-0.543210826384745	0.538701911188519	0.294043055545663	0.139325756651957	-0.800574221304621	-0.174485556672627
-0.659024328973752	-0.541071816235789	0.534216637847814	0.292994386705647	0.137377644106539	-0.797680493025208	-0.176399048416843
-0.657381828413154	-0.538874289256847	0.529646771395164	0.291915269224723	0.135398798260976	-0.794703430515696	-0.178322963730034
-0.655679608473435	-0.536618245447921	0.524992311830567	0.290805703102891	0.133389219115267	-0.791643033776085	-0.1802573026122
-0.653917669154597	-0.53430368480901	0.520253259154023	0.28966568834015	0.131348906669413	-0.788499302806374	-0.18220206506334
-0.652096010456638	-0.531930607340115	0.515429613365533	0.288495224936502	0.129277860923414	-0.785272237606563	-0.184157251083454
-0.65021463237956	-0.529499013041234	0.510521374465096	0.287294312891944	0.127176081877269	-0.781961838176652	-0.186122860672543
-0.648273534923361	-0.527008901912369	0.505528542452713	0.286062952206479	0.125043569530978	-0.778568104516642	-0.188098893830606
-0.646272718088043	-0.524460273953519	0.500451117328383	0.284801142880105	0.122880323884542	-0.775091036626532	-0.190085350557643
-0.644212181873605	-0.521853129164684	0.495289099092107	0.283508884912823	0.120686344937961	-0.771530634506322	-0.192082230853655
-0.642091926280046	-0.519187467545865	0.490042487743884	0.282186178304633	0.118461632691234	-0.767886898156013	-0.194089534718642
-0.639911951307368	-0.51646328909706	0.484711283283716	0.280833023055534	0.116206187144362	-0.764159827575604	-0.196107262152602
-0.63767225695557	-0.513680593818271	0.4792954857116	0.279449419165527	0.113920008297345	-0.760349422765095	-0.198135413155537
-0.635372843224652	-0.510839381709498	0.473795095027538	0.278035366634612	0.111603096150182	-0.756455683724486	-0.200173987727447
-0.633013710114613	-0.507939652770739	0.468210111231529	0.276590865462788	0.109255450702873	-0.752478610453778	-0.202222985868331
-0.630594857625455	-0.504981407001995	0.462540534323574	0.275115915650057	0.10687707195542	-0.74841820295297	-0.204282407578189
-0.628116285757177	-0.501964644403267	0.456786364303672	0.273610517196416	0.10446795990782	-0.744274461222063	-0.206352252857022
-0.625577994509779	-0.498889364974554	0.450947601171824	0.272074670101868	0.102028114560076	-0.740047385261055	-0.208432521704829
-0.622979983883261	-0.495755568715857	0.44502424492803	0.270508374366411	0.0995575359121857	-0.735736975069949	-0.210523214121611
-0.620322253877622	-0.492563255627174	0.439016295572289	0.268911629990046	0.0970562239641501	-0.731343230648742	-0.212624330107367
-0.617604804492864	-0.489312425708507	0.432923753104601	0.267284436972773	0.0945241787159693	-0.726866151997435	-0.214735869662097
-0.614827635728986	-0.486003078959855	0.426746617524967	0.265626795314591	0.0919614001676429	-0.722305739116029	-0.216857832785802
-0.611990747585988	-0.482635215381218	0.420484888833387	0.263938705015501	0.0893678883191711	-0.717661992004523	-0.218990219478481
-0.60909414006387	-0.479208834972597	0.414138567029859	0.262220166075503	0.0867436431705538	-0.712934910662917	-0.221133029740134
-0.606137813162632	-0.47572393773399	0.407707652114385	0.260471178494596	0.0840886647217911	-0.708124495091212	-0.223286263570762
-0.603121766882274	-0.472180523665399	0.401192144086965	0.258691742272782	0.0814029529728831	-0.703230745289408	-0.225449920970364
-0.600046001222797	-0.468578592766824	0.394592042947599	0.256881857410059	0.0786865079238296	-0.698253661257503	-0.227624001938941
-0.596910516184199	-0.464918145038263	0.387907348696286	0.255041523906427	0.0759393295746308	-0.693193242995499	-0.229808506476492
-0.593715311766481	-0.461199180479717	0.381138061333027	0.253170741761887	0.0731614179252863	-0.688049490503395	-0.232003434583018
-0.590460387969643	-0.457421699091187	0.37428418085782	0.251269510976439	0.0703527729757966	-0.682822403781191	-0.234208786258518
-0.587145744793685	-0.453585700872672	0.367345707270668	0.249337831550083	0.0675133947261614	-0.677511982828888	-0.236424561502992
-0.583771382238607	-0.449691185824173	0.360322640571569	0.247375703482818	0.0646432831763807	-0.672118227646484	-0.238650760316441
-0.580337300304409	-0.445738153945688	0.353214980760523	0.245383126774645	0.0617424383264545	-0.666641138233981	-0.240887382698864
-0.576843498991092	-0.441726605237219	0.346022727837532	0.243360101425564	0.0588108601763832	-0.661080714591379	-0.243134428650261
-0.573289978298654	-0.437656539698765	0.338745881802593	0.241306627435575	0.0558485487261663	-0.655436956718677	-0.245391898170633
-0.569676738227097	-0.433527957330326	0.331384442655708	0.239222704804677	0.052855503975804	-0.649709864615875	-0.24765979125998
-0.566003778776419	-0.429340858131903	0.323938410396876	0.237108333532871	0.0498317259252962	-0.643899438282973	-0.2499381079183
-0.562271099946621	-0.425095242103494	0.316407785026098	0.234963513620156	0.0467772145746429	-0.638005677719972	-0.252226848145596
-0.558478701737704	-0.420791109245101	0.308792566543374	0.232788245066534	0.0436919699238442	-0.632028582926871	-0.254526011941865
-0.554626584149666	-0.416428459556723	0.301092754948703	0.230582527872003	0.0405759919729002	-0.62596815390367	-0.256835599307109
-0.550714747182508	-0.412007293038361	0.293308350242085	0.228346362036563	0.0374292807218107	-0.61982439065037	-0.259155610241327
-0.546743190836231	-0.407527609690014	0.285439352423521	0.226079747560216	0.0342518361705759	-0.61359729316697	-0.26148604474452
-0.542711915110833	-0.402989409511681	0.277485761493011	0.22378268444296	0.0310436583191955	-0.60728686145347	-0.263826902816687
-0.538620920006316	-0.398392692503364	0.269447577450554	0.221455172684796	0.0278047471676698	-0.600893095509871	-0.266178184457829
-0.534470205522678	-0.393737458665063	0.26132480029615	0.219097212285723	0.0245351027159986	-0.594415995336171	-0.268539889667945
-0.530259771659921	-0.389023707996776	0.2531174300298	0.216708803245742	0.0212347249641819	-0.587855560932372	-0.270912018447035
-0.525989618418044	-0.384251440498505	0.244825466651504	0.214289945564853	0.0179036139122198	-0.581211792298474	-0.2732945707951
-0.521659745797046	-0.379420656170249	0.23644891016126	0.211840639243056	0.0145417695601124	-0.574484689434476	-0.275687546712139
-0.517270153796929	-0.374531355012008	0.227987760559071	0.20936088428035	0.0111491919078596	-0.567674252340378	-0.278090946198152
-0.512820842417692	-0.369583537023783	0.219442017844936	0.206850680676736	0.00772588095546134	-0.56078048101618	-0.28050476925314
-0.508311811659334	-0.364577202205572	0.210811682018853	0.204310028432214	0.00427183670291742	-0.553803375461883	-0.282929015877103
-0.503743061521857	-0.359512350557377	0.202096753080824	0.201738927546783	0.000787059150228253	-0.546742935677485	-0.285363686070039
-0.49911459200526	-0.354388982079197	0.193297231030848	0.199137378020444	-0.00272845170260627	-0.539599161662988	-0.287808779831951
-0.494426403109543	-0.349207096771033	0.184413115868926	0.196505379853197	-0.00627469585558638	-0.532372053418392	-0.290264297162836
-0.489678494834705	-0.343966694632883	0.175444407595058	0.193842933045042	-0.00985167330871173	-0.525061610943696	-0.292730238062696
-0.484870867180748	-0.338667775664749	0.166391106209243	0.191150037595978	-0.0134593840619827	-0.5176678342389	-0.29520660253153
-0.480003520147672	-0.333310339866631	0.157253211711482	0.188426693506006	-0.0170978281153988	-0.510190723304004	-0.297693390569339
-0.475076453735475	-0.327894387238527	0.148030724101774	0.185672900775125	-0.0207670054689606	-0.50263027813901	-0.300190602176122
-0.470089667944157	-0.322419917780438	0.138723643380119	0.182888659403337	-0.0244669161226678	-0.494986498743914	-0.30269823735188
-0.46504316277372	-0.316886931492365	0.129331969546518	0.18007396939064	-0.0281975600765205	-0.487259385118719	-0.305216296096612
-0.459936938224163	-0.311295428374307	0.119855702600971	0.177228830737034	-0.0319589373305186	-0.479448937263425	-0.307744778410318
-0.454770994295487	-0.305645408426264	0.110294842543477	0.174353243442521	-0.0357510478846619	-0.471555155178031	-0.310283684292999
-0.449545330987689	-0.299936871648236	0.100649389374036	0.171447207507099	-0.0395738917389509	-0.463578038862537	-0.312833013744654
-0.444259948300772	-0.294169818040224	0.0909193430926494	0.168510722930769	-0.0434274688933852	-0.455517588316944	-0.315392766765283
-0.438914846234736	-0.288344247602227	0.081104703699316	0.16554378971353	-0.0473117793479648	-0.447373803541251	-0.317962943354887
-0.433510024789578	-0.282460160334245	0.0712054711940362	0.162546407855384	-0.0512268231026899	-0.439146684535457	-0.320543543513466
-0.428045483965302	-0.276517556236278	0.0612216455768095	0.159518577356328	-0.0551726001575605	-0.430836231299565	-0.323134567241019
-0.422521223761905	-0.270516435308327	0.0511532268476365	0.156460298216365	-0.0591491105125767	-0.422442443833572	-0.325736014537546
-0.416937244179388	-0.264456797550391	0.041000215006517	0.153371570435493	-0.0631563541677381	-0.41396532213748	-0.328347885403047
-0.411293545217751	-0.258338642962471	0.0307626100534515	0.150252394013713	-0.0671943311230448	-0.405404866211289	-0.330970179837523
-0.405590126876995	-0.252161971544565	0.0204404119884387	0.147102768951025	-0.0712630413784973	-0.396761076054998	-0.333602897840974
-0.399826989157118	-0.245926783296675	0.01003362081148	0.143922695247429	-0.0753624849340948	-0.388033951668607	-0.336246039413398
-0.394004132058122	-0.239633078218799	-0.000457763477424766	0.140712172902924	-0.0794926617898379	-0.379223493052116	-0.338899604554797
-0.388121555580004	-0.233280856310939	-0.0110337408782772	0.13747120191751	-0.0836535719457266	-0.370329700205525	-0.341563593265171
-0.382179259722768	-0.226870117573094	-0.0216943113910752	0.134199782291189	-0.0878452154017606	-0.361352573128835	-0.344238005544519
-0.376177244486411	-0.220400862005264	-0.0324394750158206	0.130897914023959	-0.0920675921579401	-0.352292111822045	-0.346922841392841
-0.370115509870935	-0.21387308960745	-0.0432692317525118	0.127565597115821	-0.0963207022142649	-0.343148316285156	-0.349618100810138
-0.363994055876338	-0.207286800379651	-0.0541835816011496	0.124202831566775	-0.100604545570735	-0.333921186518166	-0.352323783796409
-0.357812882502622	-0.200641994321867	-0.0651825245617341	0.12080961737682	-0.104919122227351	-0.324610722521077	-0.355039890351655
-0.351571989749785	-0.193938671434099	-0.0762660606342651	0.117385954545957	-0.109264432184112	-0.315216924293889	-0.357766420475875
-0.345271377617828	-0.187176831716346	-0.0874341898187421	0.113931843074186	-0.113640475441019	-0.3057397918366	-0.360503374169069
-0.338911046106752	-0.180356475168607	-0.0986869121151663	0.110447282961506	-0.118047251998071	-0.296179325149212	-0.363250751431238
-0.332490995216556	-0.173477601790884	-0.110024227523536	0.106932274207918	-0.122484761855268	-0.286535524231724	-0.366008552262381
-0.32601122494724	-0.166540211583177	-0.121446136043853	0.103386816813422	-0.126953005012611	-0.276808389084137	-0.368776776662498
-0.319471735298803	-0.159544304545484	-0.132952637676117	0.0998109107780176	-0.131451981470099	-0.266997919706449	-0.37155542463159
-0.312872526271247	-0.152489880677807	-0.144543732420327	0.0962045561017049	-0.135981691227733	-0.257104116098662	-0.374344496169657
-0.30621359786457	-0.145376939980145	-0.156219420276483	0.0925677527844839	-0.140542134285512	-0.247126978260776	-0.377143991276697
-0.299494950078774	-0.138205482452498	-0.167979701244585	0.0889005008263546	-0.145133310643436	-0.23706650619279	-0.379953909952713
-0.292716582913858	-0.130975508094867	-0.179824575324635	0.0852028002273169	-0.149755220301506	-0.226922699894704	-0.382774252197702
-0.285878496369822	-0.123687016907251	-0.191754042516631	0.0814746509873709	-0.154407863259722	-0.216695559366518	-0.385605018011666
-0.278980690446665	-0.116340008889649	-0.203768102820573	0.0777160531065164	-0.159091239518083	-0.206385084608232	-0.388446207394605
-0.272023165144389	-0.108934484042063	-0.215866756236462	0.0739270065847539	-0.163805349076589	-0.195991275619848	-0.391297820346517
-0.265005920462993	-0.101470442364493	-0.228050002764298	0.070107511422083	-0.168550191935241	-0.185514132401363	-0.394159856867404
-0.257928956402477	-0.0939478838569379	-0.240317842404079	0.066257567618504	-0.173325768094038	-0.174953654952779	-0.397032316957266
-0.250792272962841	-0.0863668085193976	-0.252670275155807	0.0623771751740165	-0.17813207755298	-0.164309843274094	-0.399915200616102
-0.243595870144085	-0.0787272163518726	-0.265107301019482	0.0584663340886209	-0.182969120312068	-0.15358269736531	-0.402808507843912
-0.236339747946209	-0.0710291073543625	-0.277628919995104	0.0545250443623166	-0.187836896371302	-0.142772217226427	-0.405712238640697
-0.229023906369212	-0.0632724815268682	-0.290235132082672	0.0505533059951042	-0.192735405730681	-0.131878402857443	-0.408626393006456
-0.221648345413097	-0.0554573388693891	-0.302925937282186	0.0465511189869838	-0.197664648390205	-0.120901254258361	-0.41155097094119
-0.21421306507786	-0.0475836793819249	-0.315701335593647	0.0425184833379548	-0.202624624349875	-0.109840771429178	-0.414485972444898
-0.206718065363505	-0.0396515030644764	-0.328561327017054	0.0384553990480176	-0.20761533360969	-0.0986969543698955	-0.41743139751758
-0.199163346270029	-0.0316608099170428	-0.341505911552407	0.0343618661171723	-0.21263677616965	-0.0874698030805137	-0.420387246159237
-0.191548907797433	-0.0236115999396245	-0.354535089199708	0.0302378845454183	-0.217688952029756	-0.0761593175610318	-0.423353518369868
-0.183874749945717	-0.0155038731322215	-0.367648859958954	0.0260834543327559	-0.222771861190007	-0.0647654978114502	-0.426330214149474
-0.176140872714881	-0.00733762949483374	-0.380847223830148	0.0218985754791854	-0.227885503650404	-0.0532883438317686	-0.429317333498054
-0.168347276104926	0.000887130972538674	-0.394130180813288	0.0176832479847067	-0.233029879410946	-0.0417278556219882	-0.432314876415608
-0.16049396011585	0.00917040826989624	-0.407497730908374	0.0134374718493198	-0.238204988471634	-0.0300840331821077	-0.435322842902137
-0.152580924747654	0.0175122023972389	-0.420949874115407	0.00916124707302424	-0.243410830832467	-0.0183568765121267	-0.43834123295764
-0.144608170000339	0.025912513354565	-0.434486610434385	0.00485457365582098	-0.248647406493446	-0.00654638561204779	-0.441370046582117
-0.136575695873903	0.0343713411418771	-0.448107939865312	0.000517451597708884	-0.25391471545457	0.00534743951813255	-0.444409283775569
-0.128483502368347	0.0428886857591735	-0.461813862408184	-0.00385011910131139	-0.259212757715839	0.0173245988784116	-0.447458944537996
-0.120331589483671	0.051464547206455	-0.475604378063003	-0.00824813844123984	-0.264541533277254	0.0293850924687913	-0.450519028869396
-0.112119957219876	0.0600989254837208	-0.489479486829768	-0.0126766064220767	-0.269901042138814	0.0415289202892692	-0.453589536769772
-0.10384860557696	0.0687918205909717	-0.503439188708479	-0.0171355230438219	-0.27529128430052	0.0537560823398482	-0.456670468239121
-0.0955175345549244	0.0775432325282068	-0.517483483699138	-0.0216248883064754	-0.280712259762371	0.0660665786205263	-0.459761823277445
-0.0871267441537689	0.0863531612954276	-0.531612371801743	-0.0261447022100372	-0.286163968524367	0.0784604091313041	-0.462863601884744
-0.0786762343734937	0.0952216068926321	-0.545825853016293	-0.0306949647545069	-0.291646410586509	0.0909375738721812	-0.465975804061016
-0.0701660052140984	0.104148569319822	-0.560123927342791	-0.0352756759398853	-0.297159585948797	0.103498072843159	-0.469098429806263
-0.0615960566755822	0.113134048576997	-0.574506594781235	-0.0398868357661721	-0.302703494611229	0.116141906044235	-0.472231479120485
-0.0529663887579468	0.122178044664156	-0.588973855331627	-0.0445284442333671	-0.308278136573807	0.128869073475413	-0.475374952003681
-0.0442770014611922	0.1312805575813	-0.603525708993963	-0.04920050134147	-0.313883511836531	0.141679575136689	-0.478528848455851
-0.0355278947853161	0.140441587328429	-0.618162155768247	-0.0539030070904818	-0.3195196203994	0.154573411028065	-0.481693168476996
-0.0267190687303205	0.149661133905543	-0.632883195654478	-0.0586359614804015	-0.325186462262415	0.167550581149541	-0.484867912067115
-0.0178505232962056	0.158939197312642	-0.647688828652654	-0.0633993645112296	-0.330884037425575	0.180611085501116	-0.488053079226209
-0.00892225848297024	0.168275777549725	-0.662579054762777	-0.0681932161829661	-0.33661234588888	0.193754924082792	-0.491248669954277
6.57257093852337e-05	0.177670874616792	-0.677553873984847	-0.0730175164956106	-0.342371387652331	0.206982096894566	-0.494454684251319
0.00911342928086034	0.187124488513846	-0.692613286318863	-0.0778722654491639	-0.348161162715927	0.220292603936441	-0.497671122117336
0.0182208522314555	0.196636619240883	-0.707757291764826	-0.082757463043625	-0.353981671079669	0.233686445208415	-0.500897983552327
0.0273879945611704	0.206207266797905	-0.722985890322735	-0.0876731092789949	-0.359832912743556	0.247163620710489	-0.504135268556293
0.0366148562700062	0.215836431184912	-0.738299081992591	-0.0926192041552729	-0.365714887707588	0.260724130442663	-0.507382977129233
0.0459014373579612	0.225524112401904	-0.753696866774393	-0.0975957476724589	-0.371627595971766	0.274367974404936	-0.510641109271147
0.0552477378250358	0.235270310448881	-0.769179244668141	-0.102602739830554	-0.377571037536089	0.288095152597309	-0.513909664982036
0.0646537576712314	0.245075025325842	-0.784746215673836	-0.107640180629556	-0.383545212400558	0.301905665019782	-0.517188644261899
0.0741194968965466	0.254938257032788	-0.800397779791479	-0.112708070069468	-0.389550120565173	0.315799511672355	-0.520478047110737
0.0836449555009811	0.264860005569719	-0.816133937021066	-0.117806408150287	-0.395585762029932	0.329776692555026	-0.523777873528549
0.093230133484536	0.274840270936635	-0.831954687362601	-0.122935194872014	-0.401652136794837	0.343837207667798	-0.527088123515335
0.102875030847212	0.284879053133536	-0.847860030816082	-0.128094430234651	-0.407749244859888	0.357981057010671	-0.530408797071096
0.112579647589007	0.294976352160421	-0.863849967381511	-0.133284114238195	-0.413877086225084	0.372208240583642	-0.533739894195831
0.122343983709921	0.30513216801729	-0.879924497058884	-0.138504246882647	-0.420035660890425	0.386518758386712	-0.53708141488954
0.132168039209956	0.315346500704145	-0.896083619848204	-0.143754828168008	-0.426224968855912	0.400912610419883	-0.540433359152225
0.142051814089111	0.325619350220985	-0.912327335749473	-0.149035858094278	-0.432445010121544	0.415389796683153	-0.543795726983883
0.151995308347385	0.335950716567809	-0.928655644762685	-0.154347336661455	-0.438695784687321	0.429950317176523	-0.547168518384516
0.16199852198478	0.346340599744618	-0.945068546887846	-0.159689263869541	-0.444977292553244	0.444594171899992	-0.550551733354123
0.172061455001295	0.356788999751412	-0.961566042124952	-0.165061639718535	-0.451289533719313	0.459321360853563	-0.553945371892705
0.18218410739693	0.367295916588191	-0.978148130474006	-0.170464464208437	-0.457632508185527	0.474131884037231	-0.55734943400026
0.192366479171685	0.377861350254954	-0.994814811935005	-0.175897737339248	-0.464006215951886	0.489025741451	-0.560763919676791
0.202608570325559	0.388485300751702	-1.01156608650795	-0.181361459110967	-0.470410657018391	0.504002933094869	-0.564188828922296
0.212910380858555	0.399167768078435	-1.02840195419284	-0.186855629523595	-0.476845831385041	0.519063458968838	-0.567624161736775
0.223271910770669	0.409908752235153	-1.04532241498968	-0.19238024857713	-0.483311739051837	0.534207319072905	-0.571069918120228
0.233693160061903	0.420708253221855	-1.06232746889847	-0.197935316271574	-0.489808380018778	0.549434513407073	-0.574526098072656
0.244174128732258	0.431566271038542	-1.0794171159192	-0.203520832606926	-0.496335754285864	0.56474504197134	-0.577992701594059
0.244723624055484	0.432007697985857	-1.07574467909983	-0.203951137043364	-0.493854606751416	0.565851210387604	-0.575199678468893
0.245273119378712	0.432449124933171	-1.07207224228046	-0.204381441479803	-0.491373459216968	0.566957378803871	-0.572406655343724
0.24582261470194	0.432890551880485	-1.06839980546108	-0.204811745916241	-0.48889231168252	0.568063547220137	-0.569613632218555
0.246372110025168	0.433331978827799	-1.06472736864171	-0.20524205035268	-0.486411164148072	0.569169715636404	-0.566820609093385
0.246921605348396	0.433773405775113	-1.06105493182234	-0.205672354789119	-0.483930016613624	0.570275884052671	-0.564027585968216
0.247471100671624	0.434214832722427	-1.05738249500297	-0.206102659225557	-0.481448869079176	0.571382052468937	-0.561234562843047
0.248020595994852	0.434656259669741	-1.0537100581836	-0.206532963661996	-0.478967721544728	0.572488220885204	-0.558441539717878
0.24857009131808	0.435097686617055	-1.05003762136422	-0.206963268098435	-0.47648657401028	0.573594389301471	-0.555648516592709
0.249119586641308	0.435539113564369	-1.04636518454485	-0.207393572534873	-0.474005426475832	0.574700557717737	-0.55285549346754
0.249669081964536	0.435980540511683	-1.04269274772548	-0.207823876971312	-0.471524278941383	0.575806726134004	-0.55006247034237
0.250218577287764	0.436421967458997	-1.03902031090611	-0.208254181407751	-0.469043131406935	0.576912894550271	-0.547269447217201
0.250768072610992	0.436863394406311	-1.03534787408674	-0.20868448584419	-0.466561983872487	0.578019062966537	-0.544476424092032
0.25131756793422	0.437304821353625	-1.03167543726736	-0.209114790280628	-0.464080836338039	0.579125231382804	-0.541683400966863
0.251867063257448	0.437746248300939	-1.02800300044799	-0.209545094717067	-0.461599688803591	0.580231399799071	-0.538890377841694
0.252416558580676	0.438187675248253	-1.02433056362862	-0.209975399153506	-0.459118541269143	0.581337568215338	-0.536097354716524
0.252966053903904	0.438629102195567	-1.02065812680925	-0.210405703589944	-0.456637393734695	0.582443736631604	-0.533304331591355
0.253515549227132	0.439070529142881	-1.01698568998987	-0.210836008026383	-0.454156246200247	0.583549905047871	-0.530511308466186
0.25406504455036	0.439511956090195	-1.0133132531705	-0.211266312462822	-0.451675098665799	0.584656073464138	-0.527718285341017
0.254614539873588	0.439953383037509	-1.00964081635113	-0.21169661689926	-0.449193951131351	0.585762241880404	-0.524925262215848
0.255164035196816	0.440394809984823	-1.00596837953176	-0.212126921335699	-0.446712803596903	0.586868410296671	-0.522132239090678
0.255713530520043	0.440836236932137	-1.00229594271239	-0.212557225772138	-0.444231656062455	0.587974578712938	-0.519339215965509
0.256263025843271	0.441277663879451	-0.998623505893014	-0.212987530208577	-0.441750508528007	0.589080747129204	-0.51654619284034
0.256812521166499	0.441719090826765	-0.994951069073642	-0.213417834645015	-0.439269360993559	0.590186915545471	-0.513753169715171
0.257362016489727	0.442160517774079	-0.991278632254269	-0.213848139081454	-0.436788213459111	0.591293083961738	-0.510960146590002
0.257911511812955	0.442601944721393	-0.987606195434897	-0.214278443517893	-0.434307065924663	0.592399252378004	-0.508167123464833
0.258461007136183	0.443043371668707	-0.983933758615525	-0.214708747954331	-0.431825918390215	0.593505420794271	-0.505374100339663
0.259010502459411	0.443484798616021	-0.980261321796153	-0.21513905239077	-0.429344770855767	0.594611589210538	-0.502581077214494
0.259559997782639	0.443926225563335	-0.976588884976781	-0.215569356827209	-0.426863623321319	0.595717757626804	-0.499788054089325
0.260109493105867	0.444367652510649	-0.972916448157409	-0.215999661263647	-0.424382475786871	0.596823926043071	-0.496995030964156
0.260658988429095	0.444809079457963	-0.969244011338037	-0.216429965700086	-0.421901328252423	0.597930094459338	-0.494202007838987
0.261208483752323	0.445250506405278	-0.965571574518664	-0.216860270136525	-0.419420180717975	0.599036262875604	-0.491408984713817
0.261757979075551	0.445691933352592	-0.961899137699292	-0.217290574572964	-0.416939033183527	0.600142431291871	-0.488615961588648
0.262307474398779	0.446133360299906	-0.95822670087992	-0.217720879009402	-0.414457885649079	0.601248599708138	-0.485822938463479
0.262856969722007	0.44657478724722	-0.954554264060548	-0.218151183445841	-0.411976738114631	0.602354768124404	-0.48302991533831
0.263406465045235	0.447016214194534	-0.950881827241176	-0.21858148788228	-0.409495590580183	0.603460936540671	-0.480236892213141
0.263955960368463	0.447457641141848	-0.947209390421804	-0.219011792318718	-0.407014443045735	0.604567104956938	-0.477443869087971
0.264505455691691	0.447899068089162	-0.943536953602432	-0.219442096755157	-0.404533295511287	0.605673273373204	-0.474650845962802
0.265054951014919	0.448340495036476	-0.939864516783059	-0.219872401191596	-0.402052147976839	0.606779441789471	-0.471857822837633
0.265604446338147	0.44878192198379	-0.936192079963687	-0.220302705628034	-0.399571000442391	0.607885610205738	-0.469064799712464
0.266153941661375	0.449223348931104	-0.932519643144315	-0.220733010064473	-0.397089852907943	0.608991778622004	-0.466271776587295
0.266703436984602	0.449664775878418	-0.928847206324943	-0.221163314500912	-0.394608705373495	0.610097947038271	-0.463478753462126
0.26725293230783	0.450106202825732	-0.925174769505571	-0.221593618937351	-0.392127557839047	0.611204115454538	-0.460685730336956
0.267802427631058	0.450547629773046	-0.921502332686199	-0.222023923373789	-0.389646410304599	0.612310283870805	-0.457892707211787
0.268351922954286	0.45098905672036	-0.917829895866827	-0.222454227810228	-0.387165262770151	0.613416452287071	-0.455099684086618
0.268901418277514	0.451430483667674	-0.914157459047455	-0.222884532246667	-0.384684115235703	0.614522620703338	-0.452306660961449
0.269450913600742	0.451871910614988	-0.910485022228082	-0.223314836683105	-0.382202967701255	0.615628789119605	-0.44951363783628
0.27000040892397	0.452313337562302	-0.90681258540871	-0.223745141119544	-0.379721820166807	0.616734957535871	-0.44672061471111
0.270549904247198	0.452754764509616	-0.903140148589338	-0.224175445555983	-0.377240672632359	0.617841125952138	-0.443927591585941
0.271099399570426	0.45319619145693	-0.899467711769966	-0.224605749992421	-0.374759525097911	0.618947294368405	-0.441134568460772
0.271648894893654	0.453637618404244	-0.895795274950594	-0.22503605442886	-0.372278377563463	0.620053462784671	-0.438341545335603
0.272198390216882	0.454079045351558	-0.892122838131222	-0.225466358865299	-0.369797230029015	0.621159631200938	-0.435548522210434
0.27274788554011	0.454520472298872	-0.88845040131185	-0.225896663301738	-0.367316082494566	0.622265799617205	-0.432755499085264
0.273297380863338	0.454961899246186	-0.884777964492477	-0.226326967738176	-0.364834934960118	0.623371968033471	-0.429962475960095
0.273846876186566	0.4554033261935	-0.881105527673105	-0.226757272174615	-0.36235378742567	0.624478136449738	-0.427169452834926
0.274396371509794	0.455844753140814	-0.877433090853733	-0.227187576611054	-0.359872639891222	0.625584304866005	-0.424376429709757
0.274945866833022	0.456286180088128	-0.873760654034361	-0.227617881047492	-0.357391492356774	0.626690473282271	-0.421583406584588
0.27549536215625	0.456727607035442	-0.870088217214989	-0.228048185483931	-0.354910344822326	0.627796641698538	-0.418790383459418
0.276044857479478	0.457169033982756	-0.866415780395617	-0.22847848992037	-0.352429197287878	0.628902810114805	-0.415997360334249
0.276594352802706	0.45761046093007	-0.862743343576245	-0.228908794356808	-0.34994804975343	0.630008978531071	-0.41320433720908
0.277143848125934	0.458051887877384	-0.859070906756873	-0.229339098793247	-0.347466902218982	0.631115146947338	-0.410411314083911
0.277693343449161	0.458493314824698	-0.8553984699375	-0.229769403229686	-0.344985754684534	0.632221315363605	-0.407618290958742
0.278242838772389	0.458934741772012	-0.851726033118128	-0.230199707666125	-0.342504607150086	0.633327483779871	-0.404825267833573
0.278792334095617	0.459376168719327	-0.848053596298756	-0.230630012102563	-0.340023459615638	0.634433652196138	-0.402032244708403
0.279341829418845	0.459817595666641	-0.844381159479384	-0.231060316539002	-0.33754231208119	0.635539820612405	-0.399239221583234
0.279891324742073	0.460259022613955	-0.840708722660012	-0.231490620975441	-0.335061164546742	0.636645989028672	-0.396446198458065
0.280440820065301	0.460700449561269	-0.83703628584064	-0.231920925411879	-0.332580017012294	0.637752157444938	-0.393653175332896
0.280990315388529	0.461141876508583	-0.833363849021268	-0.232351229848318	-0.330098869477846	0.638858325861205	-0.390860152207727
0.281539810711757	0.461583303455897	-0.829691412201895	-0.232781534284757	-0.327617721943398	0.639964494277471	-0.388067129082557
0.282089306034985	0.462024730403211	-0.826018975382523	-0.233211838721195	-0.32513657440895	0.641070662693738	-0.385274105957388
0.282638801358213	0.462466157350525	-0.822346538563151	-0.233642143157634	-0.322655426874502	0.642176831110005	-0.382481082832219
0.283188296681441	0.462907584297839	-0.818674101743779	-0.234072447594073	-0.320174279340054	0.643282999526272	-0.37968805970705
0.283737792004669	0.463349011245153	-0.815001664924407	-0.234502752030512	-0.317693131805606	0.644389167942538	-0.376895036581881
0.284287287327897	0.463790438192467	-0.811329228105035	-0.23493305646695	-0.315211984271158	0.645495336358805	-0.374102013456711
0.284836782651125	0.464231865139781	-0.807656791285663	-0.235363360903389	-0.31273083673671	0.646601504775072	-0.371308990331542
0.285386277974353	0.464673292087095	-0.80398435446629	-0.235793665339828	-0.310249689202262	0.647707673191338	-0.368515967206373
0.285935773297581	0.465114719034409	-0.800311917646918	-0.236223969776266	-0.307768541667814	0.648813841607605	-0.365722944081204
0.286485268620809	0.465556145981723	-0.796639480827546	-0.236654274212705	-0.305287394133366	0.649920010023872	-0.362929920956035
0.287034763944037	0.465997572929037	-0.792967044008174	-0.237084578649144	-0.302806246598918	0.651026178440138	-0.360136897830865
0.287584259267265	0.466438999876351	-0.789294607188802	-0.237514883085582	-0.30032509906447	0.652132346856405	-0.357343874705696
0.288133754590493	0.466880426823665	-0.78562217036943	-0.237945187522021	-0.297843951530022	0.653238515272672	-0.354550851580527
0.28868324991372	0.467321853770979	-0.781949733550058	-0.23837549195846	-0.295362803995574	0.654344683688938	-0.351757828455358
0.289232745236948	0.467763280718293	-0.778277296730685	-0.238805796394899	-0.292881656461126	0.655450852105205	-0.348964805330189
0.289782240560176	0.468204707665607	-0.774604859911313	-0.239236100831337	-0.290400508926678	0.656557020521472	-0.34617178220502
0.290331735883404	0.468646134612921	-0.770932423091941	-0.239666405267776	-0.28791936139223	0.657663188937738	-0.34337875907985
0.290881231206632	0.469087561560235	-0.767259986272569	-0.240096709704215	-0.285438213857782	0.658769357354005	-0.340585735954681
0.29143072652986	0.469528988507549	-0.763587549453197	-0.240527014140653	-0.282957066323334	0.659875525770272	-0.337792712829512
0.291980221853088	0.469970415454863	-0.759915112633825	-0.240957318577092	-0.280475918788886	0.660981694186538	-0.334999689704343
0.292529717176316	0.470411842402177	-0.756242675814453	-0.241387623013531	-0.277994771254438	0.662087862602805	-0.332206666579174
0.293079212499544	0.470853269349491	-0.752570238995081	-0.241817927449969	-0.27551362371999	0.663194031019072	-0.329413643454004
0.293628707822772	0.471294696296805	-0.748897802175708	-0.242248231886408	-0.273032476185542	0.664300199435338	-0.326620620328835
0.294178203146	0.471736123244119	-0.745225365356336	-0.242678536322847	-0.270551328651094	0.665406367851605	-0.323827597203666
0.294727698469228	0.472177550191433	-0.741552928536964	-0.243108840759286	-0.268070181116646	0.666512536267872	-0.321034574078497
0.295277193792456	0.472618977138748	-0.737880491717592	-0.243539145195724	-0.265589033582197	0.667618704684139	-0.318241550953328
0.295826689115684	0.473060404086062	-0.73420805489822	-0.243969449632163	-0.263107886047749	0.668724873100405	-0.315448527828159
0.296376184438912	0.473501831033376	-0.730535618078848	-0.244399754068602	-0.260626738513301	0.669831041516672	-0.312655504702989
0.29692567976214	0.47394325798069	-0.726863181259476	-0.24483005850504	-0.258145590978853	0.670937209932938	-0.30986248157782
0.297475175085368	0.474384684928004	-0.723190744440103	-0.245260362941479	-0.255664443444405	0.672043378349205	-0.307069458452651
0.298024670408596	0.474826111875318	-0.719518307620731	-0.245690667377918	-0.253183295909957	0.673149546765472	-0.304276435327482
0.298574165731823	0.475267538822632	-0.715845870801359	-0.246120971814356	-0.250702148375509	0.674255715181739	-0.301483412202313
0.299123661055052	0.475708965769946	-0.712173433981987	-0.246551276250795	-0.248221000841061	0.675361883598005	-0.298690389077143
0.299673156378279	0.47615039271726	-0.708500997162615	-0.246981580687234	-0.245739853306613	0.676468052014272	-0.295897365951974
0.300222651701507	0.476591819664574	-0.704828560343243	-0.247411885123673	-0.243258705772165	0.677574220430539	-0.293104342826805
0.300772147024735	0.477033246611888	-0.701156123523871	-0.247842189560111	-0.240777558237717	0.678680388846805	-0.290311319701636
0.301321642347963	0.477474673559202	-0.697483686704498	-0.24827249399655	-0.238296410703269	0.679786557263072	-0.287518296576467
0.301871137671191	0.477916100506516	-0.693811249885126	-0.248702798432989	-0.235815263168821	0.680892725679339	-0.284725273451297
0.302420632994419	0.47835752745383	-0.690138813065754	-0.249133102869427	-0.233334115634373	0.681998894095605	-0.281932250326128
0.302970128317647	0.478798954401144	-0.686466376246382	-0.249563407305866	-0.230852968099925	0.683105062511872	-0.279139227200959
0.303519623640875	0.479240381348458	-0.68279393942701	-0.249993711742305	-0.228371820565477	0.684211230928139	-0.27634620407579
0.304069118964103	0.479681808295772	-0.679121502607638	-0.250424016178744	-0.225890673031029	0.685317399344405	-0.273553180950621
0.304618614287331	0.480123235243086	-0.675449065788266	-0.250854320615182	-0.223409525496581	0.686423567760672	-0.270760157825451
0.305168109610559	0.4805646621904	-0.671776628968894	-0.251284625051621	-0.220928377962133	0.687529736176939	-0.267967134700282
0.305717604933787	0.481006089137714	-0.668104192149521	-0.25171492948806	-0.218447230427685	0.688635904593205	-0.265174111575113
0.306267100257015	0.481447516085028	-0.664431755330149	-0.252145233924498	-0.215966082893237	0.689742073009472	-0.262381088449944
0.306816595580243	0.481888943032342	-0.660759318510777	-0.252575538360937	-0.213484935358789	0.690848241425739	-0.259588065324775
0.307366090903471	0.482330369979656	-0.657086881691405	-0.253005842797376	-0.211003787824341	0.691954409842005	-0.256795042199606
0.307915586226699	0.48277179692697	-0.653414444872033	-0.253436147233814	-0.208522640289893	0.693060578258272	-0.254002019074436
0.308465081549927	0.483213223874284	-0.649742008052661	-0.253866451670253	-0.206041492755445	0.694166746674539	-0.251208995949267
0.309014576873155	0.483654650821598	-0.646069571233289	-0.254296756106692	-0.203560345220997	0.695272915090805	-0.248415972824098
0.309564072196382	0.484096077768912	-0.642397134413917	-0.254727060543131	-0.201079197686549	0.696379083507072	-0.245622949698929
0.310113567519611	0.484537504716226	-0.638724697594544	-0.255157364979569	-0.198598050152101	0.697485251923339	-0.24282992657376
0.310663062842838	0.48497893166354	-0.635052260775172	-0.255587669416008	-0.196116902617653	0.698591420339606	-0.24003690344859
0.311212558166066	0.485420358610854	-0.6313798239558	-0.256017973852447	-0.193635755083205	0.699697588755872	-0.237243880323421
0.311762053489294	0.485861785558168	-0.627707387136428	-0.256448278288885	-0.191154607548757	0.700803757172139	-0.234450857198252
0.312311548812522	0.486303212505482	-0.624034950317056	-0.256878582725324	-0.188673460014309	0.701909925588406	-0.231657834073083
0.31286104413575	0.486744639452797	-0.620362513497684	-0.257308887161763	-0.186192312479861	0.703016094004672	-0.228864810947914
0.313410539458978	0.487186066400111	-0.616690076678311	-0.257739191598201	-0.183711164945413	0.704122262420939	-0.226071787822744
0.313960034782206	0.487627493347425	-0.613017639858939	-0.25816949603464	-0.181230017410965	0.705228430837206	-0.223278764697575
0.314509530105434	0.488068920294739	-0.609345203039567	-0.258599800471079	-0.178748869876517	0.706334599253472	-0.220485741572406
0.315059025428662	0.488510347242053	-0.605672766220195	-0.259030104907518	-0.176267722342069	0.707440767669739	-0.217692718447237
0.31560852075189	0.488951774189367	-0.602000329400823	-0.259460409343956	-0.173786574807621	0.708546936086006	-0.214899695322068
0.316158016075118	0.489393201136681	-0.598327892581451	-0.259890713780395	-0.171305427273173	0.709653104502272	-0.212106672196898
0.316707511398346	0.489834628083995	-0.594655455762079	-0.260321018216834	-0.168824279738725	0.710759272918539	-0.209313649071729
0.317257006721574	0.490276055031309	-0.590983018942707	-0.260751322653272	-0.166343132204277	0.711865441334806	-0.20652062594656
0.317806502044802	0.490717481978623	-0.587310582123334	-0.261181627089711	-0.163861984669829	0.712971609751072	-0.203727602821391
0.31835599736803	0.491158908925937	-0.583638145303962	-0.26161193152615	-0.16138083713538	0.714077778167339	-0.200934579696222
0.318905492691258	0.491600335873251	-0.57996570848459	-0.262042235962588	-0.158899689600932	0.715183946583606	-0.198141556571053
0.319454988014486	0.492041762820565	-0.576293271665218	-0.262472540399027	-0.156418542066484	0.716290114999872	-0.195348533445883
0.320004483337714	0.492483189767879	-0.572620834845846	-0.262902844835466	-0.153937394532036	0.717396283416139	-0.192555510320714
0.320553978660941	0.492924616715193	-0.568948398026474	-0.263333149271905	-0.151456246997588	0.718502451832406	-0.189762487195545
0.321103473984169	0.493366043662507	-0.565275961207102	-0.263763453708343	-0.14897509946314	0.719608620248672	-0.186969464070376
0.321652969307397	0.493807470609821	-0.56160352438773	-0.264193758144782	-0.146493951928692	0.720714788664939	-0.184176440945207
0.322202464630625	0.494248897557135	-0.557931087568357	-0.264624062581221	-0.144012804394244	0.721820957081206	-0.181383417820037
0.322751959953853	0.494690324504449	-0.554258650748985	-0.265054367017659	-0.141531656859796	0.722927125497472	-0.178590394694868
0.323301455277081	0.495131751451763	-0.550586213929613	-0.265484671454098	-0.139050509325348	0.724033293913739	-0.175797371569699
0.323850950600309	0.495573178399077	-0.546913777110241	-0.265914975890537	-0.1365693617909	0.725139462330006	-0.17300434844453
0.324400445923537	0.496014605346391	-0.543241340290869	-0.266345280326975	-0.134088214256452	0.726245630746272	-0.170211325319361
0.324949941246765	0.496456032293705	-0.539568903471497	-0.266775584763414	-0.131607066722004	0.727351799162539	-0.167418302194192
0.325499436569993	0.496897459241019	-0.535896466652125	-0.267205889199853	-0.129125919187556	0.728457967578806	-0.164625279069022
0.326048931893221	0.497338886188333	-0.532224029832752	-0.267636193636292	-0.126644771653108	0.729564135995073	-0.161832255943853
0.326598427216449	0.497780313135647	-0.52855159301338	-0.26806649807273	-0.12416362411866	0.730670304411339	-0.159039232818684
0.327147922539677	0.498221740082961	-0.524879156194008	-0.268496802509169	-0.121682476584212	0.731776472827606	-0.156246209693515
0.327697417862905	0.498663167030275	-0.521206719374636	-0.268927106945608	-0.119201329049764	0.732882641243872	-0.153453186568346
0.328246913186133	0.499104593977589	-0.517534282555264	-0.269357411382046	-0.116720181515316	0.733988809660139	-0.150660163443176
0.328796408509361	0.499546020924903	-0.513861845735892	-0.269787715818485	-0.114239033980868	0.735094978076406	-0.147867140318007
0.329345903832589	0.499987447872217	-0.51018940891652	-0.270218020254924	-0.11175788644642	0.736201146492673	-0.145074117192838
0.329895399155817	0.500428874819531	-0.506516972097147	-0.270648324691362	-0.109276738911972	0.737307314908939	-0.142281094067669
0.330444894479045	0.500870301766846	-0.502844535277775	-0.271078629127801	-0.106795591377524	0.738413483325206	-0.1394880709425
0.330994389802273	0.50131172871416	-0.499172098458403	-0.27150893356424	-0.104314443843076	0.739519651741473	-0.13669504781733
0.3315438851255	0.501753155661474	-0.495499661639031	-0.271939238000679	-0.101833296308628	0.740625820157739	-0.133902024692161
0.332093380448728	0.502194582608788	-0.491827224819659	-0.272369542437117	-0.0993521487741799	0.741731988574006	-0.131109001566992
0.332642875771956	0.502636009556102	-0.488154788000287	-0.272799846873556	-0.0968710012397319	0.742838156990273	-0.128315978441823
0.333192371095184	0.503077436503416	-0.484482351180915	-0.273230151309995	-0.0943898537052839	0.743944325406539	-0.125522955316654
0.333741866418412	0.50351886345073	-0.480809914361543	-0.273660455746433	-0.0919087061708359	0.745050493822806	-0.122729932191484
0.33429136174164	0.503960290398044	-0.47713747754217	-0.274090760182872	-0.0894275586363878	0.746156662239073	-0.119936909066315
0.334840857064868	0.504401717345358	-0.473465040722798	-0.274521064619311	-0.0869464111019398	0.747262830655339	-0.117143885941146
0.335390352388096	0.504843144292672	-0.469792603903426	-0.274951369055749	-0.0844652635674917	0.748368999071606	-0.114350862815977
0.335939847711324	0.505284571239986	-0.466120167084054	-0.275381673492188	-0.0819841160330437	0.749475167487873	-0.111557839690808
0.336489343034552	0.5057259981873	-0.462447730264682	-0.275811977928627	-0.0795029684985957	0.750581335904139	-0.108764816565639
0.33703883835778	0.506167425134614	-0.45877529344531	-0.276242282365066	-0.0770218209641477	0.751687504320406	-0.105971793440469
0.337588333681008	0.506608852081928	-0.455102856625938	-0.276672586801504	-0.0745406734296996	0.752793672736673	-0.1031787703153
0.338137829004236	0.507050279029242	-0.451430419806565	-0.277102891237943	-0.0720595258952516	0.753899841152939	-0.100385747190131
0.338687324327464	0.507491705976556	-0.447757982987193	-0.277533195674382	-0.0695783783608036	0.755006009569206	-0.0975927240649618
0.339236819650692	0.50793313292387	-0.444085546167821	-0.27796350011082	-0.0670972308263555	0.756112177985473	-0.0947997009397926
0.33978631497392	0.508374559871184	-0.440413109348449	-0.278393804547259	-0.0646160832919075	0.757218346401739	-0.0920066778146234
0.340335810297148	0.508815986818498	-0.436740672529077	-0.278824108983698	-0.0621349357574595	0.758324514818006	-0.0892136546894542
0.340885305620376	0.509257413765812	-0.433068235709705	-0.279254413420136	-0.0596537882230115	0.759430683234273	-0.086420631564285
0.341434800943604	0.509698840713126	-0.429395798890333	-0.279684717856575	-0.0571726406885635	0.76053685165054	-0.0836276084391158
0.341984296266832	0.51014026766044	-0.42572336207096	-0.280115022293014	-0.0546914931541155	0.761643020066806	-0.0808345853139467
0.342533791590059	0.510581694607754	-0.422050925251588	-0.280545326729453	-0.0522103456196674	0.762749188483073	-0.0780415621887774
0.343083286913287	0.511023121555068	-0.418378488432216	-0.280975631165891	-0.0497291980852194	0.76385535689934	-0.0752485390636083
0.343632782236515	0.511464548502382	-0.414706051612844	-0.28140593560233	-0.0472480505507714	0.764961525315606	-0.072455515938439
0.344182277559743	0.511905975449696	-0.411033614793472	-0.281836240038769	-0.0447669030163234	0.766067693731873	-0.0696624928132699
0.344731772882971	0.51234740239701	-0.4073611779741	-0.282266544475207	-0.0422857554818753	0.76717386214814	-0.0668694696881007
0.345281268206199	0.512788829344324	-0.403688741154728	-0.282696848911646	-0.0398046079474272	0.768280030564406	-0.0640764465629314
0.345830763529427	0.513230256291638	-0.400016304335355	-0.283127153348085	-0.0373234604129792	0.769386198980673	-0.0612834234377622
0.346380258852655	0.513671683238952	-0.396343867515983	-0.283557457784524	-0.0348423128785312	0.77049236739694	-0.0584904003125931
0.346929754175883	0.514113110186266	-0.392671430696611	-0.283987762220962	-0.0323611653440832	0.771598535813206	-0.0556973771874238
0.347479249499111	0.51455453713358	-0.388998993877239	-0.284418066657401	-0.0298800178096352	0.772704704229473	-0.0529043540622547
0.348028744822339	0.514995964080895	-0.385326557057867	-0.28484837109384	-0.0273988702751871	0.77381087264574	-0.0501113309370854
0.348578240145567	0.515437391028209	-0.381654120238495	-0.285278675530278	-0.0249177227407392	0.774917041062006	-0.0473183078119164
0.349127735468795	0.515878817975523	-0.377981683419123	-0.285708979966717	-0.0224365752062911	0.776023209478273	-0.0445252846867471
0.349677230792023	0.516320244922837	-0.37430924659975	-0.286139284403156	-0.0199554276718431	0.77712937789454	-0.0417322615615779
0.350226726115251	0.516761671870151	-0.370636809780378	-0.286569588839594	-0.017474280137395	0.778235546310806	-0.0389392384364087
0.350776221438479	0.517203098817465	-0.366964372961006	-0.286999893276033	-0.014993132602947	0.779341714727073	-0.0361462153112395
0.351325716761707	0.517644525764779	-0.363291936141634	-0.287430197712472	-0.012511985068499	0.78044788314334	-0.0333531921860704
0.351875212084935	0.518085952712093	-0.359619499322262	-0.287860502148911	-0.0100308375340509	0.781554051559606	-0.0305601690609011
0.352424707408163	0.518527379659407	-0.35594706250289	-0.288290806585349	-0.00754968999960298	0.782660219975873	-0.027767145935732
0.352974202731391	0.518968806606721	-0.352274625683518	-0.288721111021788	-0.00506854246515492	0.78376638839214	-0.0249741228105628
0.353523698054618	0.519410233554035	-0.348602188864146	-0.289151415458227	-0.00258739493070687	0.784872556808407	-0.0221810996853936
0.354073193377846	0.519851660501349	-0.344929752044773	-0.289581719894665	-0.000106247396258807	0.785978725224673	-0.0193880765602243
0.354622688701074	0.520293087448663	-0.341257315225401	-0.290012024331104	0.00237490013818914	0.78708489364094	-0.0165950534350553
0.355172184024302	0.520734514395977	-0.337584878406029	-0.290442328767543	0.00485604767263714	0.788191062057206	-0.013802030309886
0.35572167934753	0.521175941343291	-0.333912441586657	-0.290872633203981	0.0073371952070852	0.789297230473473	-0.0110090071847169
0.356271174670758	0.521617368290605	-0.330240004767285	-0.29130293764042	0.00981834274153315	0.79040339888974	-0.00821598405954771
0.356820669993986	0.522058795237919	-0.326567567947913	-0.291733242076859	0.0122994902759812	0.791509567306007	-0.00542296093437844
0.357370165317214	0.522500222185233	-0.322895131128541	-0.292163546513298	0.0147806378104293	0.792615735722273	-0.00262993780920928
0.357919660640442	0.522941649132547	-0.319222694309168	-0.292593850949736	0.0172617853448773	0.79372190413854	0.000163085315959988
0.35846915596367	0.523383076079861	-0.315550257489796	-0.293024155386175	0.0197429328793253	0.794828072554807	0.00295610844112904
0.359018651286898	0.523824503027175	-0.311877820670424	-0.293454459822614	0.0222240804137733	0.795934240971073	0.0057491315662983
0.359568146610126	0.524265929974489	-0.308205383851052	-0.293884764259052	0.0247052279482214	0.79704040938734	0.00854215469146746
0.360117641933354	0.524707356921803	-0.30453294703168	-0.294315068695491	0.0271863754826694	0.798146577803607	0.0113351778166367
0.360667137256582	0.525148783869117	-0.300860510212308	-0.29474537313193	0.0296675230171174	0.799252746219873	0.0141282009418058
0.36121663257981	0.525590210816431	-0.297188073392936	-0.295175677568368	0.0321486705515653	0.80035891463614	0.0169212240669749
0.361766127903038	0.526031637763745	-0.293515636573563	-0.295605982004807	0.0346298180860134	0.801465083052407	0.0197142471921441
0.362315623226266	0.526473064711059	-0.289843199754191	-0.296036286441246	0.0371109656204615	0.802571251468673	0.0225072703173134
0.362865118549494	0.526914491658373	-0.286170762934819	-0.296466590877685	0.0395921131549095	0.80367741988494	0.0253002934424826
0.363414613872722	0.527355918605687	-0.282498326115447	-0.296896895314123	0.0420732606893575	0.804783588301207	0.0280933165676517
0.36396410919595	0.527797345553001	-0.278825889296075	-0.297327199750562	0.0445544082238055	0.805889756717473	0.030886339692821
0.364513604519177	0.528238772500315	-0.275153452476703	-0.297757504187001	0.0470355557582536	0.80699592513374	0.0336793628179901
0.365063099842405	0.52868019944763	-0.271481015657331	-0.298187808623439	0.0495167032927016	0.808102093550007	0.0364723859431594
0.365612595165633	0.529121626394944	-0.267808578837959	-0.298618113059878	0.0519978508271496	0.809208261966273	0.0392654090683284
0.366162090488861	0.529563053342258	-0.264136142018586	-0.299048417496317	0.0544789983615976	0.81031443038254	0.0420584321934977
0.366711585812089	0.530004480289572	-0.260463705199214	-0.299478721932755	0.0569601458960457	0.811420598798807	0.0448514553186669
0.367261081135317	0.530445907236886	-0.256791268379842	-0.299909026369194	0.0594412934304936	0.812526767215073	0.047644478443836
0.367810576458545	0.5308873341842	-0.25311883156047	-0.300339330805633	0.0619224409649417	0.81363293563134	0.0504375015690053
0.368360071781773	0.531328761131514	-0.249446394741098	-0.300769635242072	0.0644035884993898	0.814739104047607	0.0532305246941744
0.368909567105001	0.531770188078828	-0.245773957921726	-0.30119993967851	0.0668847360338377	0.815845272463873	0.0560235478193437
0.369459062428229	0.532211615026142	-0.242101521102354	-0.301630244114949	0.0693658835682858	0.81695144088014	0.0588165709445128
0.370008557751457	0.532653041973456	-0.238429084282981	-0.302060548551388	0.0718470311027337	0.818057609296407	0.061609594069682
0.370558053074685	0.53309446892077	-0.234756647463609	-0.302490852987826	0.0743281786371818	0.819163777712673	0.0644026171948512
0.371107548397913	0.533535895868084	-0.231084210644237	-0.302921157424265	0.0768093261716297	0.82026994612894	0.0671956403200203
0.371657043721141	0.533977322815398	-0.227411773824865	-0.303351461860704	0.0792904737060778	0.821376114545207	0.0699886634451895
0.372206539044369	0.534418749762712	-0.223739337005493	-0.303781766297142	0.0817716212405258	0.822482282961474	0.0727816865703588
0.372756034367597	0.534860176710026	-0.220066900186121	-0.304212070733581	0.0842527687749739	0.82358845137774	0.0755747096955279
0.373305529690825	0.53530160365734	-0.216394463366749	-0.30464237517002	0.0867339163094218	0.824694619794007	0.0783677328206971
0.373855025014053	0.535743030604654	-0.212722026547376	-0.305072679606459	0.0892150638438699	0.825800788210274	0.0811607559458664
0.374404520337281	0.536184457551968	-0.209049589728004	-0.305502984042897	0.091696211378318	0.82690695662654	0.0839537790710355
0.374954015660509	0.536625884499282	-0.205377152908632	-0.305933288479336	0.094177358912766	0.828013125042807	0.0867468021962048
0.375503510983736	0.537067311446596	-0.20170471608926	-0.306363592915775	0.096658506447214	0.829119293459074	0.0895398253213738
0.376053006306964	0.53750873839391	-0.198032279269888	-0.306793897352213	0.099139653981662	0.83022546187534	0.0923328484465431
0.376602501630192	0.537950165341224	-0.194359842450516	-0.307224201788652	0.10162080151611	0.831331630291607	0.0951258715717123
0.37715199695342	0.538391592288538	-0.190687405631144	-0.307654506225091	0.104101949050558	0.832437798707874	0.0979188946968815
0.377701492276648	0.538833019235852	-0.187014968811772	-0.308084810661529	0.106583096585006	0.83354396712414	0.100711917822051
0.378250987599876	0.539274446183166	-0.183342531992399	-0.308515115097968	0.109064244119454	0.834650135540407	0.10350494094722
0.378800482923104	0.53971587313048	-0.179670095173027	-0.308945419534407	0.111545391653902	0.835756303956674	0.106297964072389
0.379349978246332	0.540157300077794	-0.175997658353655	-0.309375723970846	0.11402653918835	0.83686247237294	0.109090987197558
0.37989947356956	0.540598727025108	-0.172325221534283	-0.309806028407284	0.116507686722798	0.837968640789207	0.111884010322727
0.380448968892788	0.541040153972422	-0.168652784714911	-0.310236332843723	0.118988834257246	0.839074809205474	0.114677033447897
0.380998464216016	0.541481580919736	-0.164980347895539	-0.310666637280162	0.121469981791694	0.84018097762174	0.117470056573066
0.381547959539244	0.54192300786705	-0.161307911076166	-0.3110969417166	0.123951129326142	0.841287146038007	0.120263079698235
0.382097454862472	0.542364434814364	-0.157635474256794	-0.311527246153039	0.12643227686059	0.842393314454274	0.123056102823404
0.3826469501857	0.542805861761679	-0.153963037437422	-0.311957550589478	0.128913424395038	0.84349948287054	0.125849125948573
0.383196445508928	0.543247288708993	-0.15029060061805	-0.312387855025916	0.131394571929486	0.844605651286807	0.128642149073742
0.383745940832156	0.543688715656307	-0.146618163798678	-0.312818159462355	0.133875719463934	0.845711819703074	0.131435172198912
0.384295436155384	0.544130142603621	-0.142945726979306	-0.313248463898794	0.136356866998382	0.846817988119341	0.134228195324081
0.384844931478612	0.544571569550935	-0.139273290159934	-0.313678768335233	0.138838014532831	0.847924156535607	0.13702121844925
0.38539442680184	0.545012996498249	-0.135600853340561	-0.314109072771671	0.141319162067278	0.849030324951874	0.139814241574419
0.385943922125068	0.545454423445563	-0.131928416521189	-0.31453937720811	0.143800309601727	0.850136493368141	0.142607264699589
0.386493417448295	0.545895850392877	-0.128255979701817	-0.314969681644549	0.146281457136174	0.851242661784407	0.145400287824758
0.387042912771523	0.546337277340191	-0.124583542882445	-0.315399986080987	0.148762604670622	0.852348830200674	0.148193310949927
0.387592408094751	0.546778704287505	-0.120911106063073	-0.315830290517426	0.15124375220507	0.853454998616941	0.150986334075096
0.388141903417979	0.547220131234819	-0.117238669243701	-0.316260594953865	0.153724899739519	0.854561167033207	0.153779357200265
0.388691398741207	0.547661558182133	-0.113566232424329	-0.316690899390303	0.156206047273967	0.855667335449474	0.156572380325434
0.389240894064435	0.548102985129447	-0.109893795604957	-0.317121203826742	0.158687194808415	0.856773503865741	0.159365403450604
0.389790389387663	0.548544412076761	-0.106221358785585	-0.317551508263181	0.161168342342863	0.857879672282007	0.162158426575773
0.390339884710891	0.548985839024075	-0.102548921966212	-0.31798181269962	0.163649489877311	0.858985840698274	0.164951449700942
0.390889380034119	0.549427265971389	-0.0988764851468403	-0.318412117136058	0.166130637411759	0.860092009114541	0.167744472826111
0.391438875357347	0.549868692918703	-0.0952040483274682	-0.318842421572497	0.168611784946207	0.861198177530807	0.17053749595128
0.391988370680575	0.550310119866017	-0.091531611508096	-0.319272726008936	0.171092932480655	0.862304345947074	0.17333051907645
0.392537866003803	0.550751546813331	-0.0878591746887238	-0.319703030445374	0.173574080015103	0.863410514363341	0.176123542201619
0.393087361327031	0.551192973760645	-0.0841867378693516	-0.320133334881813	0.176055227549551	0.864516682779607	0.178916565326788
0.393636856650259	0.551634400707959	-0.0805143010499795	-0.320563639318252	0.178536375083999	0.865622851195874	0.181709588451957
0.394186351973487	0.552075827655273	-0.0768418642306075	-0.32099394375469	0.181017522618447	0.866729019612141	0.184502611577126
0.394735847296715	0.552517254602587	-0.0731694274112353	-0.321424248191129	0.183498670152895	0.867835188028407	0.187295634702295
0.395285342619943	0.552958681549901	-0.0694969905918632	-0.321854552627568	0.185979817687343	0.868941356444674	0.190088657827465
0.395834837943171	0.553400108497215	-0.0658245537724911	-0.322284857064007	0.188460965221791	0.870047524860941	0.192881680952634
0.396384333266399	0.553841535444529	-0.062152116953119	-0.322715161500445	0.190942112756239	0.871153693277207	0.195674704077803
0.396933828589627	0.554282962391843	-0.0584796801337466	-0.323145465936884	0.193423260290687	0.872259861693474	0.198467727202972
0.397483323912854	0.554724389339157	-0.0548072433143745	-0.323575770373323	0.195904407825135	0.873366030109741	0.201260750328142
0.398032819236082	0.555165816286471	-0.0511348064950026	-0.324006074809761	0.198385555359583	0.874472198526007	0.204053773453311
0.39858231455931	0.555607243233785	-0.0474623696756302	-0.3244363792462	0.200866702894031	0.875578366942274	0.20684679657848
0.399131809882538	0.556048670181099	-0.0437899328562583	-0.324866683682639	0.203347850428479	0.876684535358541	0.209639819703649
0.399681305205766	0.556490097128413	-0.0401174960368862	-0.325296988119077	0.205828997962927	0.877790703774807	0.212432842828818
0.400230800528994	0.556931524075728	-0.0364450592175138	-0.325727292555516	0.208310145497375	0.878896872191074	0.215225865953987
0.400780295852222	0.557372951023042	-0.0327726223981417	-0.326157596991955	0.210791293031823	0.880003040607341	0.218018889079157
0.40132979117545	0.557814377970356	-0.0291001855787696	-0.326587901428394	0.213272440566271	0.881109209023607	0.220811912204326
0.401879286498678	0.55825580491767	-0.0254277487593975	-0.327018205864832	0.215753588100719	0.882215377439874	0.223604935329495
0.402428781821906	0.558697231864984	-0.0217553119400253	-0.327448510301271	0.218234735635167	0.883321545856141	0.226397958454664
0.402978277145134	0.559138658812298	-0.0180828751206534	-0.32787881473771	0.220715883169615	0.884427714272408	0.229190981579833
0.403527772468362	0.559580085759612	-0.0144104383012811	-0.328309119174148	0.223197030704063	0.885533882688674	0.231984004705002
0.40407726779159	0.560021512706926	-0.010738001481909	-0.328739423610587	0.225678178238511	0.886640051104941	0.234777027830172
0.404626763114818	0.56046293965424	-0.00706556466253683	-0.329169728047026	0.228159325772959	0.887746219521208	0.237570050955341
0.405176258438046	0.560904366601554	-0.0033931278431647	-0.329600032483464	0.230640473307407	0.888852387937474	0.24036307408051
0.405725753761274	0.561345793548868	0.000279308976207648	-0.330030336919903	0.233121620841855	0.889958556353741	0.243156097205679
0.406275249084502	0.561787220496182	0.00395174579557955	-0.330460641356342	0.235602768376303	0.891064724770008	0.245949120330848
0.40682474440773	0.562228647443496	0.00762418261495168	-0.330890945792781	0.238083915910751	0.892170893186274	0.248742143456018
0.407374239730958	0.56267007439081	0.0112966194343238	-0.331321250229219	0.240565063445199	0.893277061602541	0.251535166581187
0.407923735054185	0.563111501338124	0.0149690562536959	-0.331751554665658	0.243046210979647	0.894383230018808	0.254328189706356
0.408473230377413	0.563552928285438	0.0186414930730681	-0.332181859102097	0.245527358514095	0.895489398435074	0.257121212831525
0.409022725700641	0.563994355232752	0.0223139298924404	-0.332612163538535	0.248008506048544	0.896595566851341	0.259914235956694
0.409572221023869	0.564435782180066	0.0259863667118125	-0.333042467974974	0.250489653582992	0.897701735267608	0.262707259081864
0.410121716347097	0.56487720912738	0.0296588035311844	-0.333472772411413	0.25297080111744	0.898807903683874	0.265500282207033
0.410671211670325	0.565318636074694	0.0333312403505568	-0.333903076847852	0.255451948651888	0.899914072100141	0.268293305332202
0.411220706993553	0.565760063022008	0.0370036771699287	-0.33433338128429	0.257933096186336	0.901020240516408	0.271086328457371
0.411770202316781	0.566201489969322	0.0406761139893008	-0.334763685720729	0.260414243720784	0.902126408932674	0.27387935158254
0.412319697640009	0.566642916916636	0.0443485508086732	-0.335193990157168	0.262895391255232	0.903232577348941	0.27667237470771
0.412869192963237	0.56708434386395	0.0480209876280453	-0.335624294593606	0.26537653878968	0.904338745765208	0.279465397832879
0.413418688286465	0.567525770811264	0.0516934244474174	-0.336054599030045	0.267857686324128	0.905444914181474	0.282258420958048
0.413968183609693	0.567967197758578	0.0553658612667896	-0.336484903466484	0.270338833858576	0.906551082597741	0.285051444083217
0.414517678932921	0.568408624705892	0.0590382980861617	-0.336915207902922	0.272819981393024	0.907657251014008	0.287844467208386
0.415067174256149	0.568850051653206	0.0627107349055336	-0.337345512339361	0.275301128927472	0.908763419430274	0.290637490333555
0.415616669579377	0.56929147860052	0.0663831717249059	-0.3377758167758	0.27778227646192	0.909869587846541	0.293430513458725
0.416166164902605	0.569732905547834	0.0700556085442781	-0.338206121212239	0.280263423996368	0.910975756262808	0.296223536583894
0.416715660225833	0.570174332495148	0.0737280453636502	-0.338636425648677	0.282744571530816	0.912081924679075	0.299016559709063
0.417265155549061	0.570615759442463	0.0774004821830223	-0.339066730085116	0.285225719065264	0.913188093095341	0.301809582834232
0.417814650872289	0.571057186389777	0.0810729190023947	-0.339497034521555	0.287706866599712	0.914294261511608	0.304602605959401
0.418364146195517	0.571498613337091	0.0847453558217666	-0.339927338957993	0.29018801413416	0.915400429927875	0.307395629084571
0.418913641518744	0.571940040284405	0.0884177926411387	-0.340357643394432	0.292669161668608	0.916506598344141	0.31018865220974
0.419463136841972	0.572381467231719	0.0920902294605108	-0.340787947830871	0.295150309203056	0.917612766760408	0.312981675334909
0.4200126321652	0.572822894179033	0.0957626662798829	-0.341218252267309	0.297631456737504	0.918718935176675	0.315774698460078
0.420562127488428	0.573264321126347	0.0994351030992551	-0.341648556703748	0.300112604271952	0.919825103592941	0.318567721585247
0.421111622811656	0.573705748073661	0.103107539918627	-0.342078861140187	0.3025937518064	0.920931272009208	0.321360744710417
0.421661118134884	0.574147175020975	0.106779976738	-0.342509165576626	0.305074899340848	0.922037440425475	0.324153767835586
0.422210613458112	0.574588601968289	0.110452413557371	-0.342939470013064	0.307556046875296	0.923143608841741	0.326946790960755
0.42276010878134	0.575030028915603	0.114124850376744	-0.343369774449503	0.310037194409744	0.924249777258008	0.329739814085924
0.423309604104568	0.575471455862917	0.117797287196116	-0.343800078885942	0.312518341944192	0.925355945674275	0.332532837211093
0.423859099427796	0.575912882810231	0.121469724015488	-0.34423038332238	0.31499948947864	0.926462114090541	0.335325860336263
0.424408594751024	0.576354309757545	0.12514216083486	-0.344660687758819	0.317480637013088	0.927568282506808	0.338118883461432
0.424958090074252	0.576795736704859	0.128814597654232	-0.345090992195258	0.319961784547536	0.928674450923075	0.340911906586601
0.42550758539748	0.577237163652173	0.132487034473604	-0.345521296631696	0.322442932081984	0.929780619339341	0.34370492971177
0.426057080720708	0.577678590599487	0.136159471292977	-0.345951601068135	0.324924079616432	0.930886787755608	0.346497952836939
0.426606576043936	0.578120017546801	0.139831908112349	-0.346381905504574	0.32740522715088	0.931992956171875	0.349290975962108
0.427156071367164	0.578561444494115	0.143504344931721	-0.346812209941013	0.329886374685328	0.933099124588141	0.352083999087278
0.427705566690392	0.579002871441429	0.147176781751093	-0.347242514377451	0.332367522219776	0.934205293004408	0.354877022212447
0.42825506201362	0.579444298388743	0.150849218570465	-0.34767281881389	0.334848669754224	0.935311461420675	0.357670045337616
0.428804557336848	0.579885725336057	0.154521655389837	-0.348103123250329	0.337329817288672	0.936417629836941	0.360463068462785
0.429354052660076	0.580327152283371	0.158194092209209	-0.348533427686767	0.33981096482312	0.937523798253208	0.363256091587954
0.429903547983303	0.580768579230685	0.161866529028581	-0.348963732123206	0.342292112357568	0.938629966669475	0.366049114713124
0.430453043306531	0.581210006177999	0.165538965847954	-0.349394036559645	0.344773259892016	0.939736135085741	0.368842137838293
0.431002538629759	0.581651433125313	0.169211402667326	-0.349824340996084	0.347254407426465	0.940842303502008	0.371635160963462
0.431552033952987	0.582092860072627	0.172883839486698	-0.350254645432522	0.349735554960912	0.941948471918275	0.374428184088631
0.432101529276215	0.582534287019941	0.17655627630607	-0.350684949868961	0.352216702495361	0.943054640334541	0.3772212072138
0.432651024599443	0.582975713967255	0.180228713125442	-0.3511152543054	0.354697850029809	0.944160808750808	0.38001423033897
0.433200519922671	0.583417140914569	0.183901149944814	-0.351545558741838	0.357178997564257	0.945266977167075	0.382807253464139
0.433750015245899	0.583858567861883	0.187573586764186	-0.351975863178277	0.359660145098705	0.946373145583342	0.385600276589308
0.434299510569127	0.584299994809197	0.191246023583558	-0.352406167614716	0.362141292633153	0.947479313999608	0.388393299714477
0.434849005892355	0.584741421756511	0.194918460402931	-0.352836472051154	0.364622440167601	0.948585482415875	0.391186322839646
0.435398501215583	0.585182848703826	0.198590897222303	-0.353266776487593	0.367103587702049	0.949691650832142	0.393979345964815
0.435947996538811	0.58562427565114	0.202263334041675	-0.353697080924032	0.369584735236497	0.950797819248408	0.396772369089985
0.436497491862039	0.586065702598454	0.205935770861047	-0.354127385360471	0.372065882770945	0.951903987664675	0.399565392215154
0.437046987185267	0.586507129545768	0.209608207680419	-0.354557689796909	0.374547030305393	0.953010156080942	0.402358415340323
0.437596482508495	0.586948556493082	0.213280644499791	-0.354987994233348	0.377028177839841	0.954116324497208	0.405151438465492
0.438145977831723	0.587389983440396	0.216953081319164	-0.355418298669787	0.379509325374289	0.955222492913475	0.407944461590661
0.438695473154951	0.58783141038771	0.220625518138536	-0.355848603106225	0.381990472908737	0.956328661329742	0.410737484715831
0.439244968478179	0.588272837335024	0.224297954957908	-0.356278907542664	0.384471620443185	0.957434829746008	0.413530507841
0.439794463801407	0.588714264282338	0.22797039177728	-0.356709211979103	0.386952767977633	0.958540998162275	0.416323530966169
0.440343959124635	0.589155691229652	0.231642828596652	-0.357139516415541	0.389433915512081	0.959647166578542	0.419116554091338
0.440893454447862	0.589597118176966	0.235315265416024	-0.35756982085198	0.391915063046529	0.960753334994808	0.421909577216507
0.44144294977109	0.59003854512428	0.238987702235396	-0.358000125288419	0.394396210580977	0.961859503411075	0.424702600341677
0.441992445094318	0.590479972071594	0.242660139054768	-0.358430429724858	0.396877358115425	0.962965671827342	0.427495623466846
0.442541940417546	0.590921399018908	0.246332575874141	-0.358860734161296	0.399358505649873	0.964071840243608	0.430288646592015
0.443091435740774	0.591362825966222	0.250005012693513	-0.359291038597735	0.401839653184321	0.965178008659875	0.433081669717184
0.443640931064002	0.591804252913536	0.253677449512885	-0.359721343034174	0.404320800718769	0.966284177076142	0.435874692842353
0.44419042638723	0.59224567986085	0.257349886332257	-0.360151647470612	0.406801948253217	0.967390345492408	0.438667715967523
0.444739921710458	0.592687106808164	0.261022323151629	-0.360581951907051	0.409283095787665	0.968496513908675	0.441460739092692
0.445289417033686	0.593128533755478	0.264694759971001	-0.36101225634349	0.411764243322113	0.969602682324942	0.444253762217861
0.445838912356914	0.593569960702792	0.268367196790374	-0.361442560779928	0.414245390856561	0.970708850741208	0.44704678534303
0.446388407680142	0.594011387650106	0.272039633609746	-0.361872865216367	0.416726538391009	0.971815019157475	0.449839808468199
0.44693790300337	0.59445281459742	0.275712070429118	-0.362303169652806	0.419207685925457	0.972921187573742	0.452632831593368
0.447487398326598	0.594894241544734	0.27938450724849	-0.362733474089245	0.421688833459905	0.974027355990009	0.455425854718538
0.448036893649826	0.595335668492048	0.283056944067862	-0.363163778525683	0.424169980994353	0.975133524406275	0.458218877843707
0.448586388973054	0.595777095439362	0.286729380887234	-0.363594082962122	0.426651128528801	0.976239692822542	0.461011900968876
0.449135884296282	0.596218522386676	0.290401817706606	-0.364024387398561	0.429132276063249	0.977345861238809	0.463804924094045
0.44968537961951	0.59665994933399	0.294074254525978	-0.364454691834999	0.431613423597697	0.978452029655075	0.466597947219215
0.450234874942738	0.597101376281304	0.297746691345351	-0.364884996271438	0.434094571132145	0.979558198071342	0.469390970344384
0.450784370265966	0.597542803228618	0.301419128164722	-0.365315300707877	0.436575718666593	0.980664366487609	0.472183993469553
0.451333865589194	0.597984230175932	0.305091564984095	-0.365745605144315	0.439056866201041	0.981770534903875	0.474977016594722
0.451883360912421	0.598425657123246	0.308764001803467	-0.366175909580754	0.441538013735489	0.982876703320142	0.477770039719891
0.452432856235649	0.598867084070561	0.312436438622839	-0.366606214017193	0.444019161269937	0.983982871736409	0.48056306284506
0.452982351558877	0.599308511017875	0.316108875442211	-0.367036518453631	0.446500308804385	0.985089040152675	0.483356085970229
0.453531846882105	0.599749937965189	0.319781312261583	-0.36746682289007	0.448981456338833	0.986195208568942	0.486149109095399
0.454081342205333	0.600191364912503	0.323453749080956	-0.367897127326509	0.451462603873282	0.987301376985209	0.488942132220568
0.454630837528561	0.600632791859817	0.327126185900327	-0.368327431762948	0.453943751407729	0.988407545401475	0.491735155345737
0.455180332851789	0.601074218807131	0.3307986227197	-0.368757736199386	0.456424898942177	0.989513713817742	0.494528178470906
0.455729828175017	0.601515645754445	0.334471059539072	-0.369188040635825	0.458906046476625	0.990619882234009	0.497321201596076
0.456279323498245	0.601957072701759	0.338143496358444	-0.369618345072264	0.461387194011074	0.991726050650275	0.500114224721245
0.456828818821473	0.602398499649073	0.341815933177816	-0.370048649508702	0.463868341545522	0.992832219066542	0.502907247846414
0.457378314144701	0.602839926596387	0.345488369997188	-0.370478953945141	0.46634948907997	0.993938387482809	0.505700270971583
0.457927809467929	0.603281353543701	0.349160806816561	-0.37090925838158	0.468830636614418	0.995044555899075	0.508493294096752
0.458477304791157	0.603722780491015	0.352833243635932	-0.371339562818018	0.471311784148866	0.996150724315342	0.511286317221921
0.459026800114385	0.604164207438329	0.356505680455305	-0.371769867254457	0.473792931683314	0.997256892731609	0.51407934034709
0.459576295437613	0.604605634385643	0.360178117274677	-0.372200171690896	0.476274079217762	0.998363061147875	0.51687236347226
0.460125790760841	0.605047061332957	0.363850554094049	-0.372630476127335	0.47875522675221	0.999469229564142	0.519665386597429
0.460675286084069	0.605488488280271	0.367522990913421	-0.373060780563773	0.481236374286658	1.00057539798041	0.522458409722598
0.461224781407297	0.605929915227585	0.371195427732793	-0.373491085000212	0.483717521821106	1.00168156639668	0.525251432847767
0.461774276730525	0.606371342174899	0.374867864552165	-0.373921389436651	0.486198669355554	1.00278773481294	0.528044455972937
0.462323772053753	0.606812769122213	0.378540301371538	-0.374351693873089	0.488679816890002	1.00389390322921	0.530837479098106
0.46287326737698	0.607254196069527	0.38221273819091	-0.374781998309528	0.49116096442445	1.00500007164548	0.533630502223275
0.463422762700208	0.607695623016841	0.385885175010282	-0.375212302745967	0.493642111958898	1.00610624006174	0.536423525348444
0.463972258023436	0.608137049964155	0.389557611829654	-0.375642607182405	0.496123259493346	1.00721240847801	0.539216548473613
0.464521753346664	0.608578476911469	0.393230048649026	-0.376072911618844	0.498604407027794	1.00831857689428	0.542009571598782
0.465071248669892	0.609019903858783	0.396902485468398	-0.376503216055283	0.501085554562242	1.00942474531054	0.544802594723952
0.46562074399312	0.609461330806097	0.40057492228777	-0.376933520491722	0.50356670209669	1.01053091372681	0.547595617849121
0.466170239316348	0.609902757753411	0.404247359107143	-0.37736382492816	0.506047849631138	1.01163708214308	0.55038864097429
0.466719734639576	0.610344184700725	0.407919795926514	-0.377794129364599	0.508528997165586	1.01274325055934	0.553181664099459
0.467269229962804	0.610785611648039	0.411592232745887	-0.378224433801038	0.511010144700034	1.01384941897561	0.555974687224628
0.467818725286032	0.611227038595353	0.415264669565259	-0.378654738237476	0.513491292234482	1.01495558739188	0.558767710349798
0.46836822060926	0.611668465542667	0.418937106384631	-0.379085042673915	0.51597243976893	1.01606175580814	0.561560733474967
0.468917715932488	0.612109892489981	0.422609543204003	-0.379515347110354	0.518453587303378	1.01716792422441	0.564353756600136
0.469467211255716	0.612551319437295	0.426281980023375	-0.379945651546793	0.520934734837826	1.01827409264068	0.567146779725305
0.470016706578944	0.61299274638461	0.429954416842748	-0.380375955983231	0.523415882372274	1.01938026105694	0.569939802850475
0.470566201902172	0.613434173331924	0.43362685366212	-0.38080626041967	0.525897029906722	1.02048642947321	0.572732825975644
0.4711156972254	0.613875600279238	0.437299290481492	-0.381236564856109	0.52837817744117	1.02159259788948	0.575525849100813
0.471665192548628	0.614317027226552	0.440971727300864	-0.381666869292547	0.530859324975618	1.02269876630574	0.578318872225982
0.472214687871856	0.614758454173866	0.444644164120236	-0.382097173728986	0.533340472510066	1.02380493472201	0.581111895351151
0.472764183195084	0.61519988112118	0.448316600939608	-0.382527478165425	0.535821620044514	1.02491110313828	0.58390491847632
0.473313678518312	0.615641308068494	0.45198903775898	-0.382957782601863	0.538302767578962	1.02601727155454	0.586697941601489
0.473863173841539	0.616082735015808	0.455661474578352	-0.383388087038302	0.54078391511341	1.02712343997081	0.589490964726659
0.474412669164767	0.616524161963122	0.459333911397725	-0.383818391474741	0.543265062647859	1.02822960838708	0.592283987851828
0.474962164487995	0.616965588910436	0.463006348217097	-0.384248695911179	0.545746210182306	1.02933577680334	0.595077010976997
0.475511659811223	0.61740701585775	0.466678785036469	-0.384679000347618	0.548227357716754	1.03044194521961	0.597870034102166
0.476061155134451	0.617848442805064	0.470351221855841	-0.385109304784057	0.550708505251202	1.03154811363588	0.600663057227335
0.476610650457679	0.618289869752378	0.474023658675213	-0.385539609220496	0.553189652785651	1.03265428205214	0.603456080352505
0.46725251405984	0.59675234650617	0.472011271815879	-0.372778569586441	0.542412227805618	0.998266267985016	0.599446610277895
0.457954230624219	0.57536795067978	0.469999819030638	-0.360107641447946	0.53170359532654	0.964121285218603	0.595449956635037
0.448715800150814	0.554136682273207	0.467989300319491	-0.347526824805011	0.521063755348417	0.930219333752905	0.591466119423932
0.439537222639626	0.533058541286451	0.465979715682437	-0.335036119657636	0.510492707871249	0.896560413587921	0.58749509864458
0.430418498090655	0.512133527719512	0.463971065119477	-0.32263552600582	0.499990452895037	0.863144524723651	0.58353689429698
0.421359626503901	0.491361641572389	0.46196334863061	-0.310325043849564	0.489556990419779	0.829971667160095	0.579591506381133
0.412360607879364	0.470742882845083	0.459956566215836	-0.298104673188867	0.479192320445476	0.797041840897254	0.575658934897039
0.403421442217044	0.450277251537595	0.457950717875156	-0.28597441402373	0.468896442972128	0.764355045935126	0.571739179844697
0.394542129516941	0.429964747649923	0.45594580360857	-0.273934266354153	0.458669357999734	0.731911282273713	0.567832241224108
0.385722669779055	0.409805371182067	0.453941823416076	-0.261984230180135	0.448511065528296	0.699710549913015	0.563938119035271
0.376963063003386	0.389799122134029	0.451938777297677	-0.250124305501677	0.438421565557813	0.66775284885303	0.560056813278187
0.368263309189933	0.369946000505808	0.44993666525337	-0.238354492318778	0.428400858088285	0.636038179093759	0.556188323952855
0.359623408338698	0.350246006297403	0.447935487283157	-0.22667479063144	0.418448943119711	0.604566540635203	0.552332651059277
0.351043360449679	0.330699139508815	0.445935243387038	-0.21508520043966	0.408565820652093	0.573337933477361	0.54848979459745
0.342523165522878	0.311305400140044	0.443935933565012	-0.203585721743441	0.398751490685429	0.542352357620233	0.544659754567377
0.334062823558293	0.29206478819109	0.441937557817079	-0.192176354542781	0.389005953219721	0.511609813063819	0.540842530969056
0.325662334555925	0.272977303661953	0.43994011614324	-0.18085709883768	0.379329208254967	0.48111029980812	0.537038123802487
0.317321698515774	0.254042946552632	0.437943608543495	-0.169627954628139	0.369721255791168	0.450853817853135	0.533246533067671
0.309040915437841	0.235261716863129	0.435948035017843	-0.158488921914158	0.360182095828325	0.420840367198864	0.529467758764608
0.300819985322124	0.216633614593442	0.433953395566284	-0.147440000695737	0.350711728366436	0.391069947845307	0.525701800893298
0.292658908168624	0.198158639743572	0.431959690188818	-0.136481190972875	0.341310153405502	0.361542559792464	0.52194865945374
0.284557683977341	0.179836792313519	0.429966918885446	-0.125612492745572	0.331977370945523	0.332258203040335	0.518208334445935
0.276516312748274	0.161668072303283	0.427975081656168	-0.114833906013829	0.322713380986499	0.303216877588921	0.514480825869882
0.268534794481425	0.143652479712864	0.425984178500983	-0.104145430777646	0.31351818352843	0.274418583438221	0.510766133725582
0.260613129176793	0.125790014542261	0.423994209419891	-0.0935470670370228	0.304391778571316	0.245863320588235	0.507064258013034
0.252751316834378	0.108080676791476	0.422005174412893	-0.083038814791959	0.295334166115157	0.217551089038964	0.503375198732239
0.244949357454179	0.0905244664605068	0.420017073479989	-0.0726206740424547	0.286345346159953	0.189481888790406	0.499698955883197
0.237207251036198	0.0731213835493549	0.418029906621177	-0.06229264478851	0.277425318705704	0.161655719842563	0.496035529465907
0.229524997580433	0.0558714280580198	0.416043673836459	-0.052054727030125	0.268574083752409	0.134072582195434	0.49238491948037
0.221902597086886	0.0387745999865015	0.414058375125835	-0.0419069207672996	0.25979164130007	0.106732475849019	0.488747125926586
0.214340049555555	0.0218308993348001	0.412074010489304	-0.0318492260000339	0.251077991348685	0.0796354008033184	0.485122148804554
0.206837354986441	0.00504032610291556	0.410090579926867	-0.0218816427283277	0.242433133898256	0.052781357058332	0.481509988114275
0.199394513379544	-0.0115971197091522	0.408108083438523	-0.0120041709521811	0.233857068948781	0.0261703446140598	0.477910643855748
0.192011524734864	-0.0280814381014031	0.406126521024272	-0.00221681067159414	0.225349796500262	-0.000197636529498474	0.474324116028974
0.184688389052401	-0.0444126290738371	0.404145892684115	0.0074804381134332	0.216911316552697	-0.0263225863723423	0.470750404633953
0.177425106332155	-0.0605906926264542	0.402166198418051	0.0170875754029009	0.208541629106087	-0.0522045049144719	0.467189509670684
0.170221676574126	-0.0766156287592546	0.400187438226081	0.0266046011968089	0.200240734160433	-0.0778433921558873	0.463641431139168
0.163078099778314	-0.0924874374722381	0.398209612108204	0.0360315154951574	0.192008631715733	-0.103239248096588	0.460106169039404
0.155994375944719	-0.108206118765405	0.39623272006442	0.0453683182979463	0.183845321771988	-0.128392072736576	0.456583723371393
0.148970505073341	-0.123771672638755	0.39425676209473	0.0546150096051755	0.175750804329198	-0.153301866075849	0.453074094135135
0.142006487164179	-0.139184099092288	0.392281738199134	0.0637715894168451	0.167725079387363	-0.177968628114407	0.449577281330629
0.135102322217235	-0.154443398126004	0.390307648377631	0.0728380577329551	0.159768146946483	-0.202392358852252	0.446093284957876
0.128258010232507	-0.169549569739903	0.388334492630221	0.0818144145535055	0.151880007006557	-0.226573058289382	0.442622105016876
0.121473551209997	-0.184502613933985	0.386362270956905	0.0907006598784963	0.144060659567587	-0.250510726425798	0.439163741507628
0.114748945149703	-0.199302530708251	0.384390983357682	0.0994967937079275	0.136310104629572	-0.274205363261499	0.435718194430133
0.108084192051626	-0.2139493200627	0.382420629832553	0.108202816041799	0.128628342192512	-0.297656968796487	0.43228546378439
0.101479291915767	-0.228442981997332	0.380451210381517	0.116818726880111	0.121015372256406	-0.320865543030761	0.4288655495704
0.0949342447421237	-0.242783516512147	0.378482725004574	0.125344526222863	0.113471194821256	-0.34383108596432	0.425458451788162
0.0884490505306977	-0.256970923607145	0.376515173701725	0.133780214070056	0.10599580988706	-0.366553597597165	0.422064170437678
0.0820237092814888	-0.271005203282326	0.37454855647297	0.142125790421689	0.0985892174538197	-0.389033077929295	0.418682705518946
0.0756582209944967	-0.284886355537691	0.372582873318308	0.150381255277762	0.091251417521534	-0.411269526960712	0.415314057031966
0.0693525856697215	-0.298614380373238	0.370618124237739	0.158546608638276	0.0839824100902032	-0.433262944691415	0.411958224976739
0.0631068033071633	-0.312189277788969	0.368654309231264	0.16662185050323	0.0767821951598275	-0.455013331121403	0.408615209353265
0.056920873906822	-0.325611047784883	0.366691428298882	0.174606980872625	0.0696507727304067	-0.476520686250677	0.405285010161543
0.0507947974686977	-0.33887969036098	0.364729481440594	0.18250199974646	0.0625881428019408	-0.497785010079237	0.401967627401574
0.0447285739927903	-0.35199520551726	0.362768468656399	0.190306907124735	0.0555943053744299	-0.518806302607082	0.398663061073357
0.0387222034790998	-0.364957593253724	0.360808389946297	0.198021703007451	0.0486692604478738	-0.539584563834214	0.395371311176893
0.0327756859276262	-0.37776685357037	0.358849245310289	0.205646387394607	0.0418130080222727	-0.560119793760631	0.392092377712182
0.0268890213383697	-0.3904229864672	0.356891034748374	0.213180960286204	0.0350255480976267	-0.580411992386334	0.388826260679223
0.02106220971133	-0.402925991944213	0.354933758260553	0.220625421682241	0.0283068806739355	-0.600461159711322	0.385572960078017
0.0152952510465072	-0.415275870001409	0.352977415846826	0.227979771582718	0.0216570057511992	-0.620267295735597	0.382332475908564
0.00958814534390137	-0.427472620638788	0.351022007507191	0.235244009987636	0.015075923329418	-0.639830400459158	0.379104808170863
0.00394089260351244	-0.439516243856351	0.34906753324165	0.242418136896994	0.00856363340859159	-0.659150473882004	0.375889956864914
-0.00164650717465945	-0.451406739654096	0.347113993050203	0.249502152310792	0.00212013598872016	-0.678227516004136	0.372687921990719
-0.00717405399061452	-0.463144108032025	0.345161386932849	0.256496056229031	-0.00425456893019627	-0.697061526825554	0.369498703548276
-0.0126417478443527	-0.474728348990137	0.343209714889588	0.26339984865171	-0.0105604813481578	-0.715652506346257	0.366322301537585
-0.0180495887358738	-0.486159462528432	0.341258976920421	0.27021352957883	-0.0167976012651645	-0.734000454566247	0.363158715958648
-0.0233975766651781	-0.49743744864691	0.339309173025348	0.27693709901039	-0.0229659286812161	-0.752105371485522	0.360007946811462
-0.0286857116322654	-0.508562307345571	0.337360303204367	0.28357055694639	-0.0290654635963128	-0.769967257104083	0.35686999409603
-0.0339139936371358	-0.519534038624415	0.335412367457481	0.290113903386831	-0.0350962060104547	-0.787586111421929	0.35374485781235
-0.0390824226797892	-0.530352642483443	0.333465365784687	0.296567138331712	-0.0410581559236414	-0.804961934439062	0.350632537960422
-0.0441909987602257	-0.541018118922654	0.331519298185987	0.302930261781033	-0.0469513133358733	-0.82209472615548	0.347533034540248
-0.0492397218784454	-0.551530467942048	0.329574164661381	0.309203273734795	-0.0527756782471503	-0.838984486571184	0.344446347551826
-0.0542285920344479	-0.561889689541625	0.327629965210868	0.315386174192997	-0.0585312506574723	-0.855631215686174	0.341372476995156
-0.0591576092282337	-0.572095783721385	0.325686699834448	0.32147896315564	-0.0642180305668394	-0.87203491350045	0.338311422870239
-0.0640267734598025	-0.582148750481328	0.323744368532122	0.327481640622723	-0.0698360179752516	-0.888195580014012	0.335263185177075
-0.0688360847291544	-0.592048589821455	0.32180297130389	0.333394206594246	-0.0753852128827087	-0.904113215226859	0.332227763915663
-0.0735855430362893	-0.601795301741764	0.31986250814975	0.33921666107021	-0.080865615289211	-0.919787819138992	0.329205159086004
-0.0782751483812073	-0.611388886242258	0.317922979069705	0.344949004050614	-0.0862772251947584	-0.935219391750411	0.326195370688098
-0.0829049007639084	-0.620829343322933	0.315984384063752	0.350591235535459	-0.0916200425993507	-0.950407933061116	0.323198398721944
-0.0874748001843925	-0.630116672983792	0.314046723131893	0.356143355524744	-0.0968940675029881	-0.965353443071107	0.320214243187543
-0.0919848466426597	-0.639250875224835	0.312109996274128	0.361605364018469	-0.102099299905671	-0.980055921780383	0.317242904084894
-0.0964350401387099	-0.64823195004606	0.310174203490456	0.366977261016635	-0.107235739807398	-0.994515369188945	0.314284381413998
-0.100825380672543	-0.657059897447469	0.308239344780877	0.372259046519241	-0.112303387208171	-1.00873178529679	0.311338675174854
-0.10515586824416	-0.665734717429061	0.306305420145392	0.377450720526287	-0.117302242107988	-1.02270517010393	0.308405785367464
-0.109426502853559	-0.674256409990835	0.304372429584	0.382552283037774	-0.122232304506851	-1.03643552361035	0.305485711991826
-0.113637284500742	-0.682624975132794	0.302440373096702	0.387563734053701	-0.127093574404759	-1.04992284581605	0.30257845504794
-0.117788213185707	-0.690840412854935	0.300509250683497	0.392485073574069	-0.131886051801712	-1.06316713672104	0.299684014535807
-0.121879288908456	-0.698902723157259	0.298579062344385	0.397316301598877	-0.13660973669771	-1.07616839632532	0.296802390455427
-0.125910511668988	-0.706811906039767	0.296649808079368	0.402057418128125	-0.141264629092753	-1.08892662462888	0.293933582806799
-0.129881881467303	-0.714567961502457	0.294721487888443	0.406708423161814	-0.145850728986841	-1.10144182163173	0.291077591589924
-0.133793398303401	-0.722170889545331	0.292794101771612	0.411269316699943	-0.150368036379974	-1.11371398733387	0.288234416804801
-0.137645062177282	-0.729620690168388	0.290867649728874	0.415740098742513	-0.154816551272152	-1.12574312173529	0.285404058451431
-0.141436873088946	-0.736917363371628	0.28894213176023	0.420120769289523	-0.159196273663375	-1.13752922483599	0.282586516529814
-0.145168831038393	-0.744060909155051	0.287017547865679	0.424411328340973	-0.163507203553644	-1.14907229663598	0.279781791039949
-0.148840936025623	-0.751051327518658	0.285093898045222	0.428611775896864	-0.167749340942957	-1.16037233713526	0.276989881981837
-0.152453188050636	-0.757888618462447	0.283171182298858	0.432722111957195	-0.171922685831315	-1.17142934633382	0.274210789355478
-0.156005587113432	-0.76457278198642	0.281249400626588	0.436742336521966	-0.176027238218719	-1.18224332423167	0.271444513160871
-0.159498133214012	-0.771103818090576	0.279328553028411	0.440672449591178	-0.180062998105167	-1.19281427082881	0.268691053398017
-0.162930826352374	-0.777481726774915	0.277408639504327	0.44451245116483	-0.184029965490661	-1.20314218612523	0.265950410066915
-0.16630366652852	-0.783706508039437	0.275489660054337	0.448262341242923	-0.187928140375199	-1.21322707012093	0.263222583167566
-0.169616653742448	-0.789778161884143	0.27357161467844	0.451922119825456	-0.191757522758783	-1.22306892281593	0.26050757269997
-0.17286978799416	-0.795696688309031	0.271654503376637	0.455491786912429	-0.195518112641412	-1.23266774421021	0.257805378664126
-0.176063069283655	-0.801462087314103	0.269738326148927	0.458971342503843	-0.199209910023086	-1.24202353430377	0.255116001060035
-0.179196497610933	-0.807074358899358	0.267823082995311	0.462360786599697	-0.202832914903805	-1.25113629309662	0.252439439887696
-0.182270072975994	-0.812533503064796	0.265908773915788	0.465660119199991	-0.206387127283568	-1.26000602058875	0.24977569514711
-0.185283795378837	-0.817839519810417	0.263995398910358	0.468869340304726	-0.209872547162378	-1.26863271678018	0.247124766838277
-0.188237664819464	-0.822992409136221	0.262082957979022	0.471988449913902	-0.213289174540231	-1.27701638167088	0.244486654961196
-0.191131681297874	-0.827992171042209	0.26017145112178	0.475017448027517	-0.216637009417131	-1.28515701526088	0.241861359515868
-0.193965844814068	-0.83283880552838	0.25826087833863	0.477956334645573	-0.219916051793075	-1.29305461755015	0.239248880502293
-0.196740155368044	-0.837532312594733	0.256351239629575	0.48080510976807	-0.223126301668064	-1.30070918853872	0.23664921792047
-0.199454612959803	-0.84207269224127	0.254442534994613	0.483563773395006	-0.226267759042098	-1.30812072822657	0.234062371770399
-0.202109217589346	-0.84645994446799	0.252534764433744	0.486232325526384	-0.229340423915178	-1.31528923661371	0.231488342052082
-0.204703969256671	-0.850694069274893	0.250627927946968	0.488810766162201	-0.232344296287302	-1.32221471370013	0.228927128765517
-0.207238867961779	-0.85477506666198	0.248722025534286	0.491299095302459	-0.235279376158471	-1.32889715948583	0.226378731910704
-0.209713913704671	-0.858702936629249	0.246817057195698	0.493697312947157	-0.238145663528686	-1.33533657397083	0.223843151487644
-0.212129106485346	-0.862477679176702	0.244913022931203	0.496005419096296	-0.240943158397946	-1.34153295715511	0.221320387496337
-0.214484446303803	-0.866099294304338	0.243009922740801	0.498223413749875	-0.24367186076625	-1.34748630903867	0.218810439936783
-0.216779933160044	-0.869567782012157	0.241107756624493	0.500351296907895	-0.2463317706336	-1.35319662962152	0.216313308808981
-0.219015567054068	-0.872883142300159	0.239206524582278	0.502389068570354	-0.248922887999995	-1.35866391890366	0.213828994112931
-0.221191347985875	-0.876045375168345	0.237306226614157	0.504336728737255	-0.251445212865435	-1.36388817688508	0.211357495848634
-0.223307275955465	-0.879054480616713	0.235406862720129	0.506194277408595	-0.25389874522992	-1.36886940356579	0.20889881401609
-0.225363350962838	-0.881910458645265	0.233508432900194	0.507961714584376	-0.25628348509345	-1.37360759894579	0.206452948615299
-0.227359573007994	-0.884613309253999	0.231610937154353	0.509639040264598	-0.258599432456024	-1.37810276302507	0.20401989964626
-0.229295942090933	-0.887163032442917	0.229714375482606	0.51122625444926	-0.260846587317645	-1.38235489580363	0.201599667108973
-0.231172458211655	-0.889559628212018	0.227818747884952	0.512723357138362	-0.26302494967831	-1.38636399728148	0.19919225100344
-0.232989121370161	-0.891803096561303	0.225924054361391	0.514130348331904	-0.26513451953802	-1.39013006745862	0.196797651329659
-0.234745931566449	-0.89389343749077	0.224030294911924	0.515447228029887	-0.267175296896775	-1.39365310633504	0.19441586808763
-0.236442888800521	-0.895830651000421	0.22213746953655	0.51667399623231	-0.269147281754575	-1.39693311391075	0.192046901277354
-0.238079993072375	-0.897614737090254	0.220245578235269	0.517810652939174	-0.271050474111421	-1.39997009018575	0.189690750898831
-0.239657244382013	-0.899245695760271	0.218354621008083	0.518857198150478	-0.272884873967311	-1.40276403516003	0.18734741695206
-0.241174642729433	-0.900723527010471	0.216464597854989	0.519813631866223	-0.274650481322247	-1.40531494883359	0.185016899437042
-0.242632188114637	-0.902048230840854	0.214575508775989	0.520679954086408	-0.276347296176227	-1.40762283120644	0.182699198353777
-0.244029880537624	-0.90321980725142	0.212687353771082	0.521456164811033	-0.277975318529253	-1.40968768227858	0.180394313702264
-0.245367719998394	-0.90423825624217	0.210800132840269	0.522142264040098	-0.279534548381324	-1.41150950205001	0.178102245482504
-0.246645706496947	-0.905103577813102	0.208913845983549	0.522738251773604	-0.281024985732439	-1.41308829052072	0.175822993694496
-0.247863840033283	-0.905815771964218	0.207028493200923	0.523244128011551	-0.2824466305826	-1.41442404769071	0.173556558338241
-0.249022120607402	-0.906374838695517	0.20514407449239	0.523659892753937	-0.283799482931806	-1.41551677355999	0.171302939413739
-0.250120548219304	-0.906780778007	0.203260589857951	0.523985546000765	-0.285083542780057	-1.41636646812856	0.169062136920989
-0.251159122868989	-0.907033589898665	0.201378039297605	0.524221087752032	-0.286298810127353	-1.41697313139641	0.166834150859992
-0.252137844556457	-0.907133274370513	0.199496422811352	0.52436651800774	-0.287445284973694	-1.41733676336355	0.164618981230747
-0.253056713281709	-0.907079831422544	0.197615740399193	0.524421836767888	-0.28852296731908	-1.41745736402997	0.162416628033255
-0.253915729044743	-0.90687326105476	0.195735992061128	0.524387044032477	-0.289531857163511	-1.41733493339568	0.160227091267516
-0.254714891845561	-0.906513563267157	0.193857177797155	0.524262139801506	-0.290471954506987	-1.41696947146068	0.158050370933529
-0.255454201684161	-0.906000738059738	0.191979297607277	0.524047124074975	-0.291343259349509	-1.41636097822496	0.155886467031295
-0.256133658560545	-0.905334785432502	0.190102351491491	0.523741996852885	-0.292145771691075	-1.41550945368853	0.153735379560814
-0.256753262474712	-0.90451570538545	0.188226339449799	0.523346758135235	-0.292879491531686	-1.41441489785138	0.151597108522085
-0.257313013426661	-0.90354349791858	0.186351261482201	0.522861407922026	-0.293544418871343	-1.41307731071352	0.149471653915108
-0.257812911416394	-0.902418163031894	0.184477117588696	0.522285946213257	-0.294140553710044	-1.41149669227495	0.147359015739885
-0.25825295644391	-0.90113970072539	0.182603907769284	0.521620373008928	-0.294667896047791	-1.40967304253566	0.145259193996414
-0.258633148509209	-0.899708110999071	0.180731632023966	0.52086468830904	-0.295126445884582	-1.40760636149565	0.143172188684695
-0.258953487612291	-0.898123393852934	0.178860290352742	0.520018892113592	-0.295516203220419	-1.40529664915494	0.14109799980473
-0.259213973753156	-0.89638554928698	0.17698988275561	0.519082984422584	-0.295837168055301	-1.4027439055135	0.139036627356516
-0.259414606931805	-0.894494577301209	0.175120409232573	0.518056965236017	-0.296089340389228	-1.39994813057136	0.136988071340056
-0.259555387148236	-0.892450477895622	0.173251869783628	0.516940834553891	-0.2962727202222	-1.3969093243285	0.134952331755348
-0.25963631440245	-0.890253251070217	0.171384264408777	0.515734592376204	-0.296387307554217	-1.39362748678492	0.132929408602392
-0.259657388694447	-0.887902896824996	0.16951759310802	0.514438238702958	-0.296433102385278	-1.39010261794063	0.13091930188119
-0.259618610024228	-0.885399415159959	0.167651855881356	0.513051773534153	-0.296410104715386	-1.38633471779563	0.12892201159174
-0.259519978391791	-0.882742806075104	0.165787052728785	0.511575196869788	-0.296318314544538	-1.38232378634991	0.126937537734042
-0.259361493797138	-0.879933069570432	0.163923183650308	0.510008508709863	-0.296157731872735	-1.37806982360348	0.124965880308097
-0.259143156240268	-0.876970205645944	0.162060248645924	0.508351709054378	-0.295928356699977	-1.37357282955634	0.123007039313905
-0.25886496572118	-0.873854214301638	0.160198247715634	0.506604797903334	-0.295630189026264	-1.36883280420848	0.121061014751465
-0.258526922239876	-0.870585095537516	0.158337180859437	0.50476777525673	-0.295263228851597	-1.3638497475599	0.119127806620778
-0.258129025796355	-0.867162849353577	0.156477048077334	0.502840641114567	-0.294827476175974	-1.35862365961061	0.117207414921844
-0.257671276390617	-0.863587475749821	0.154617849369324	0.500823395476844	-0.294322930999397	-1.35315454036061	0.115299839654662
-0.257153674022662	-0.859858974726248	0.152759584735407	0.498716038343562	-0.293749593321864	-1.34744238980989	0.113405080819232
-0.25657621869249	-0.855977346282859	0.150902254175584	0.49651856971472	-0.293107463143377	-1.34148720795846	0.111523138415556
-0.255938910400101	-0.851942590419652	0.149045857689854	0.494230989590318	-0.292396540463934	-1.33528899480632	0.109654012443632
-0.255241749145496	-0.847754707136629	0.147190395278218	0.491853297970356	-0.291616825283537	-1.32884775035346	0.10779770290346
-0.254484734928673	-0.843413696433789	0.145335866940676	0.489385494854835	-0.290768317602185	-1.32216347459989	0.105954209795042
-0.253667867749633	-0.838919558311132	0.143482272677226	0.486827580243755	-0.289851017419878	-1.3152361675456	0.104123533118375
-0.252791147608377	-0.834272292768658	0.14162961248787	0.484179554137115	-0.288864924736616	-1.3080658291906	0.102305672873462
-0.251854574504903	-0.829471899806367	0.139777886372608	0.481441416534915	-0.287810039552399	-1.30065245953488	0.100500629060301
-0.250858148439213	-0.82451837942426	0.137927094331439	0.478613167437155	-0.286686361867226	-1.29299605857845	0.0987084016788924
-0.249801869411305	-0.819411731622335	0.136077236364363	0.475694806843836	-0.285493891681099	-1.28509662632131	0.0969289907292367
-0.248685737421181	-0.814151956400595	0.134228312471381	0.472686334754957	-0.284232628994018	-1.27695416276345	0.0951623962113336
-0.24750975246884	-0.808739053759036	0.132380322652492	0.469587751170519	-0.282902573805981	-1.26856866790487	0.093408618125183
-0.246273914554282	-0.803173023697661	0.130533266907697	0.466399056090521	-0.281503726116989	-1.25994014174559	0.0916676564707851
-0.244978223677506	-0.79745386621647	0.128687145236995	0.463120249514963	-0.280036085927042	-1.25106858428559	0.0899395112481399
-0.243622679838514	-0.791581581315461	0.126841957640387	0.459751331443846	-0.278499653236141	-1.24195399552487	0.0882241824572472
-0.242207283037305	-0.785556168994635	0.124997704117872	0.45629230187717	-0.276894428044284	-1.23259637546344	0.0865216700981071
-0.24073203327388	-0.779377629253994	0.123154384669451	0.452743160814933	-0.275220410351473	-1.2229957241013	0.0848319741707196
-0.239196930548237	-0.773045962093534	0.121311999295123	0.449103908257137	-0.273477600157706	-1.21315204143844	0.0831550946750848
-0.237601974860377	-0.766561167513259	0.119470547994888	0.445374544203781	-0.271665997462985	-1.20306532747487	0.0814910316112025
-0.235947166210301	-0.759923245513165	0.117630030768747	0.441555068654866	-0.269785602267309	-1.19273558221058	0.0798397849790728
-0.234232504598007	-0.753132196093255	0.115790447616699	0.437645481610391	-0.267836414570677	-1.18216280564558	0.0782013547786958
-0.232457990023496	-0.746188019253529	0.113951798538745	0.433645783070357	-0.265818434373091	-1.17134699777986	0.0765757410100715
-0.230623622486769	-0.739090714993986	0.112114083534884	0.429555973034763	-0.26373166167455	-1.16028815861344	0.0749629436731996
-0.228729401987824	-0.731840283314626	0.110277302605117	0.425376051503609	-0.261576096475053	-1.14898628814629	0.0733629627680804
-0.226775328526663	-0.724436724215449	0.108441455749443	0.421106018476896	-0.259351738774603	-1.13744138637843	0.0717757982947139
-0.224761402103285	-0.716880037696455	0.106606542967862	0.416745873954622	-0.257058588573197	-1.12565345330986	0.0702014502531
-0.222687622717689	-0.709170223757644	0.104772564260375	0.41229561793679	-0.254696645870836	-1.11362248894058	0.0686399186432387
-0.220553990369878	-0.701307282399017	0.102939519626981	0.407755250423398	-0.25226591066752	-1.10134849327058	0.0670912034651299
-0.218360505059848	-0.693291213620572	0.101107409067681	0.403124771414446	-0.249766382963249	-1.08883146629986	0.0655553047187737
-0.216107166787603	-0.685122017422311	0.0992762325824744	0.398404180909935	-0.247198062758023	-1.07607140802843	0.0640322224041703
-0.21379397555314	-0.676799693804233	0.0974459901713612	0.393593478909864	-0.244560950051843	-1.06306831845629	0.0625219565213193
-0.21142093135646	-0.668324242766338	0.0956166818343413	0.388692665414233	-0.241855044844707	-1.04982219758343	0.0610245070702211
-0.208988034197563	-0.659695664308626	0.0937883075714148	0.383701740423042	-0.239080347136617	-1.03633304540986	0.0595398740508754
-0.206495284076449	-0.650913958431098	0.0919608673825818	0.378620703936293	-0.236236856927571	-1.02260086193558	0.0580680574632823
-0.203942680993119	-0.641979125133752	0.0901343612678422	0.373449555953983	-0.23332457421757	-1.00862564716058	0.0566090573074418
-0.201330224947571	-0.63289116441659	0.0883087892271961	0.368188296476114	-0.230343499006615	-0.994407401084864	0.0551628735833539
-0.198657915939807	-0.62365007627961	0.0864841512606435	0.362836925502685	-0.227293631294705	-0.979946123708437	0.0537295062910188
-0.195925753969825	-0.614255860722814	0.0846604473681842	0.357395443033697	-0.22417497108184	-0.965241815031295	0.0523089554304361
-0.193133739037627	-0.604708517746202	0.0828376775498185	0.351863849069149	-0.220987518368019	-0.95029447505344	0.0509012210016062
-0.190281871143211	-0.595008047349772	0.0810158418055461	0.346242143609041	-0.217731273153244	-0.935104103774868	0.0495063030045287
-0.187370150286579	-0.585154449533525	0.0791949401353672	0.340530326653374	-0.214406235437514	-0.919670701195583	0.0481242014392039
-0.18439857646773	-0.575147724297461	0.0773749725392816	0.334728398202147	-0.211012405220829	-0.903994267315584	0.0467549163056318
-0.181367149686664	-0.564987871641581	0.0755559390172896	0.32883635825536	-0.207549782503189	-0.888074802134871	0.0453984476038122
-0.178275869943381	-0.554674891565885	0.073737839569391	0.322854206813015	-0.204018367284595	-0.871912305653444	0.0440547953337453
-0.175124737237881	-0.54420878407037	0.0719206741955859	0.316781943875109	-0.200418159565044	-0.855506777871303	0.042723959495431
-0.171913751570164	-0.533589549155039	0.0701044428958741	0.310619569441644	-0.19674915934454	-0.838858218788447	0.0414059400888692
-0.16864291294023	-0.522817186819892	0.0682891456702559	0.304367083512619	-0.19301136662308	-0.821966628404877	0.0401007371140601
-0.16531222134808	-0.511891697064928	0.0664747825187311	0.298024486088034	-0.189204781400665	-0.804832006720593	0.0388083505710036
-0.161921676793712	-0.500813079890146	0.0646613534412996	0.29159177716789	-0.185329403677296	-0.787454353735595	0.0375287804596997
-0.158471279277127	-0.489581335295547	0.0628488584379616	0.285068956752186	-0.181385233452971	-0.769833669449882	0.0362620267801484
-0.154961028798326	-0.478196463281133	0.0610372975087172	0.278456024840923	-0.177372270727692	-0.751969953863456	0.0350080895323498
-0.151390925357307	-0.466658463846902	0.0592266706535661	0.2717529814341	-0.173290515501457	-0.733863206976315	0.0337669687163037
-0.147760968954072	-0.454967336992853	0.0574169778725084	0.264959826531717	-0.169139967774268	-0.715513428788459	0.0325386643320102
-0.14407115958862	-0.443123082718987	0.0556082191655443	0.258076560133775	-0.164920627546123	-0.69692061929989	0.0313231763794695
-0.14032149726095	-0.431125701025304	0.0538003945326735	0.251103182240273	-0.160632494817024	-0.678084778510606	0.0301205048586812
-0.136511981971064	-0.418975191911806	0.0519935039738962	0.244039692851211	-0.15627556958697	-0.659005906420608	0.0289306497696457
-0.132642613718961	-0.406671555378489	0.0501875474892123	0.23688609196659	-0.151849851855961	-0.639684003029895	0.0277536111123626
-0.128713392504641	-0.394214791425357	0.0483825250786219	0.22964237958641	-0.147355341623997	-0.620119068338471	0.0265893888868322
-0.124724318328104	-0.381604900052406	0.0465784367421248	0.222308555710669	-0.142792038891078	-0.600311102346329	0.0254379830930545
-0.12067539118935	-0.368841881259641	0.0447752824797213	0.214884620339369	-0.138159943657204	-0.580260105053476	0.0242993937310293
-0.11656661108838	-0.355925735047057	0.0429730622914112	0.20737057347251	-0.133459055922375	-0.559966076459907	0.0231736208007568
-0.112397978025191	-0.342856461414656	0.0411717761771945	0.19976641511009	-0.128689375686591	-0.539429016565624	0.0220606643022369
-0.108169491999787	-0.329634060362439	0.0393714241370712	0.192072145252112	-0.123850902949852	-0.518648925370627	0.0209605242354695
-0.103881153012165	-0.316258531890406	0.0375720061710414	0.184287763898573	-0.118943637712159	-0.497625802874915	0.0198732006004547
-0.0995329610623266	-0.302729875998554	0.035773522279105	0.176413271049475	-0.11396757997351	-0.476359649078489	0.0187986933971926
-0.0951249161502712	-0.289048092686887	0.0339759724612622	0.168448666704818	-0.108922729733906	-0.454850463981351	0.0177370026256832
-0.0906570182759989	-0.275213181955401	0.0321793567175127	0.1603939508646	-0.103809086993348	-0.433098247583496	0.0166881282859263
-0.0861292674395091	-0.261225143804101	0.0303836750478566	0.152249123528823	-0.0986266517518346	-0.411102999884927	0.015652070377922
-0.0815416636408031	-0.247083978232983	0.0285889274522941	0.144014184697487	-0.0933754240093663	-0.388864720885645	0.0146288289016703
-0.0768942068798799	-0.232789685242047	0.0267951139308249	0.135689134370591	-0.0880554037659429	-0.366383410585648	0.0136184038571713
-0.0721868971567394	-0.218342264831294	0.0250022344834492	0.127273972548135	-0.0826665910215643	-0.343659068984938	0.0126207952444249
-0.0674197344713825	-0.203741717000727	0.0232102891101669	0.118768699230119	-0.0772089857762313	-0.320691696083514	0.011636003063431
-0.0625927188238087	-0.188988041750342	0.0214192778109781	0.110173314416545	-0.0716825880299432	-0.297481291881375	0.0106640273141899
-0.0577058502140178	-0.174081239080138	0.0196292005858827	0.10148781810741	-0.0660873977827003	-0.27402785637852	0.00970486799670128
-0.0527591286420097	-0.159021308990118	0.0178400574348807	0.0927122103027154	-0.0604234150345018	-0.250331389574952	0.00875852511096525
-0.047752554107785	-0.143808251480283	0.0160518483579723	0.0838464910024621	-0.0546906397853488	-0.226391891470672	0.00782499865698194
-0.0426861266113434	-0.128442066550631	0.0142645733551572	0.0748906602066484	-0.0488890720352413	-0.202209362065676	0.00690428863475112
-0.0375598461526845	-0.11292275420116	0.0124782324264355	0.0658447179152755	-0.0430187117841778	-0.177783801359965	0.00599639504427296
-0.0323737127318089	-0.0972503144318724	0.0106928255718073	0.0567086641283425	-0.0370795590321604	-0.15311520935354	0.00510131788554735
-0.0271277263487166	-0.08142474724277	0.00890835279127257	0.0474824988458509	-0.0310716137791878	-0.128203586046402	0.00421905715857451
-0.0218218870034068	-0.0654460526338498	0.00712481408483129	0.0381662220677987	-0.0249948760252603	-0.103048931438549	0.00334961286335417
-0.0164561946958806	-0.0493142306051118	0.00534220945248339	0.0287598337941866	-0.0188493457703771	-0.0776512455299807	0.00249298499988643
-0.0110306494261372	-0.0330292811565567	0.00356053889422893	0.0192633340250152	-0.0126350230145396	-0.0520105283207011	0.0016491735681714
-0.00554525119417737	-0.0165912042881873	0.00177980241006795	0.00967672276028519	-0.00635190775774763	-0.0261267798107063	0.000818178568208872
2.22044604925031e-16	0	4.30211422042248e-16	-5.32907051820075e-15	-4.44089209850063e-16	4.44089209850063e-15	-9.43689570931383e-16
