0	0	0	0	0	0	0
0.00251141229865694	-0.00932328780023182	-0.000622309062639294	-0.000254617962315866	-0.0139258052075423	-0.000140155403713348	0.0206749662916682
0.00500183568854398	-0.0185793391111353	-0.00125108838144262	-0.000501283880575094	-0.0277556180028328	-0.000293722259981514	0.04118697222572
0.00747127016966113	-0.0277681539327104	-0.00188633795640998	-0.000739997754777682	-0.0414894383858714	-0.000460700568804495	0.0615360178021554
0.00991971574200838	-0.0368897322649571	-0.00252805778754137	-0.000970759584923632	-0.0551272663566583	-0.000641090330182294	0.0817221030209743
0.0123471724055857	-0.0459440741078755	-0.00317624787483679	-0.00119356937101294	-0.0686691019151933	-0.000834891544114908	0.101745227882177
0.0147536401603932	-0.0549311794614655	-0.00383090821829625	-0.00140842711304561	-0.0821149450614764	-0.00104210421060234	0.121605392385763
0.0171391190064308	-0.0638510483257271	-0.00449203881791974	-0.00161533281102165	-0.0954647957955077	-0.00126272832964459	0.141302596531732
0.0195036089436984	-0.0727036807006604	-0.00515963967370726	-0.00181428646494104	-0.108718654117287	-0.00149676390124165	0.160836840320085
0.0218471099721962	-0.0814890765862653	-0.00583371078565881	-0.00200528807480379	-0.121876520026815	-0.00174421092539353	0.180208123750822
0.0241696220919241	-0.0902072359825418	-0.0065142521537744	-0.00218833764060991	-0.134938393524091	-0.00200506940210023	0.199416446823942
0.0264711453028821	-0.09885815888949	-0.00720126377805402	-0.00236343516235939	-0.147904274609115	-0.00227933933136175	0.218461809539446
0.0287516796050702	-0.10744184530711	-0.00789474565849767	-0.00253058064005223	-0.160774163281887	-0.00256702071317808	0.237344211897333
0.0310112249984884	-0.115958295235401	-0.00859469779510535	-0.00268977407368842	-0.173548059542407	-0.00286811354754923	0.256063653897604
0.0332497814831367	-0.124407508674364	-0.00930112018787707	-0.00284101546326798	-0.186225963390676	-0.00318261783447519	0.274620135540259
0.0354673490590151	-0.132789485623999	-0.0100140128368128	-0.00298430480879091	-0.198807874826693	-0.00351053357395597	0.293013656825297
0.0376639277261236	-0.141104226084305	-0.0107333757419126	-0.00311964211025719	-0.211293793850457	-0.00385186076599157	0.311244217752718
0.0398395174844622	-0.149351730055283	-0.0114592089031764	-0.00324702736766683	-0.22368372046197	-0.00420659941058199	0.329311818322523
0.041994118334031	-0.157531997536933	-0.0121915123206043	-0.00336646058101983	-0.235977654661232	-0.00457474950772722	0.347216458534712
0.0441277302748298	-0.165645028529254	-0.0129302859941961	-0.0034779417503162	-0.248175596448241	-0.00495631105742726	0.364958138389284
0.0462403533068587	-0.173690823032247	-0.013675529923952	-0.00358147087555593	-0.260277545822999	-0.00535128405968213	0.38253685788624
0.0483319874301177	-0.181669381045912	-0.014427244109872	-0.00367704795673901	-0.272283502785504	-0.00575966851449181	0.399952617025579
0.0504026326446069	-0.189580702570248	-0.015185428551956	-0.00376467299386546	-0.284193467335758	-0.00618146442185631	0.417205415807302
0.0524522889503261	-0.197424787605256	-0.015950083250204	-0.00384434598693527	-0.29600743947376	-0.00661667178177562	0.434295254231408
0.0544809563472755	-0.205201636150935	-0.016721208204616	-0.00391606693594844	-0.307725419199511	-0.00706529059424975	0.451222132297898
0.056488634835455	-0.212911248207286	-0.0174988034151921	-0.00397983584090497	-0.319347406513009	-0.0075273208592787	0.467986050006772
0.0584753244148645	-0.220553623774309	-0.0182828688819322	-0.00403565270180486	-0.330873401414256	-0.00800276257686246	0.484587007358029
0.0604410250855042	-0.228128762852003	-0.0190734046048363	-0.00408351751864812	-0.34230340390325	-0.00849161574700104	0.501025004351669
0.062385736847374	-0.235636665440369	-0.0198704105839045	-0.00412343029143473	-0.353637413979993	-0.00899388036969444	0.517300040987694
0.0643094597004738	-0.243077331539407	-0.0206738868191367	-0.00415539102016471	-0.364875431644484	-0.00950955644494266	0.533412117266101
0.0662121936448038	-0.250450761149116	-0.0214838333105329	-0.00417939970483804	-0.376017456896724	-0.0100386439727457	0.549361233186892
0.0680939386803639	-0.257756954269497	-0.0223002500580932	-0.00419545634545474	-0.387063489736711	-0.0105811429531035	0.565147388750067
0.0699546948071541	-0.264995910900549	-0.0231231370618175	-0.0042035609420148	-0.398013530164447	-0.0111370533860162	0.580770583955626
0.0717944620251744	-0.272167631042274	-0.0239524943217058	-0.00420371349451822	-0.40886757817993	-0.0117063752714837	0.596230818803568
0.0736132403344248	-0.279272114694669	-0.0247883218377582	-0.004195914002965	-0.419625633783162	-0.012289108609506	0.611528093293893
0.0754110297349053	-0.286309361857737	-0.0256306196099746	-0.00418016246735514	-0.430287696974143	-0.0128852534000831	0.626662407426602
0.0771878302266159	-0.293279372531476	-0.026479387638355	-0.00415645888768864	-0.440853767752871	-0.013494809643215	0.641633761201695
0.0789436418095566	-0.300182146715887	-0.0273346259228995	-0.00412480326396551	-0.451323846119347	-0.0141177773389018	0.656442154619171
0.0806784644837275	-0.307017684410969	-0.028196334463608	-0.00408519559618573	-0.461697932073572	-0.0147541564871433	0.67108758767903
0.0823922982491284	-0.313785985616723	-0.0290645132604805	-0.00403763588434932	-0.471976025615545	-0.0154039470879397	0.685570060381274
0.0840851431057594	-0.320487050333148	-0.0299391623135171	-0.00398212412845626	-0.482158126745266	-0.0160671491412909	0.6998895727259
0.0857569990536205	-0.327120878560246	-0.0308202816227176	-0.00391866032850657	-0.492244235462735	-0.0167437626471969	0.714046124712911
0.0874078660927118	-0.333687470298015	-0.0317078711880823	-0.00384724448450024	-0.502234351767952	-0.0174337876056577	0.728039716342305
0.0890377442230331	-0.340186825546455	-0.0326019310096109	-0.00376787659643727	-0.512128475660918	-0.0181372240166734	0.741870347614082
0.0906466334445846	-0.346618944305567	-0.0335024610873036	-0.00368055666431766	-0.521926607141631	-0.0188540718802439	0.755538018528243
0.0922345337573661	-0.352983826575351	-0.0344094614211603	-0.00358528468814141	-0.531628746210093	-0.0195843311963691	0.769042729084788
0.0938014451613778	-0.359281472355806	-0.0353229320111811	-0.00348206066790853	-0.541234892866303	-0.0203280019650492	0.782384479283716
0.0953473676566196	-0.365511881646933	-0.0362428728573659	-0.003370884603619	-0.550745047110261	-0.0210850841862842	0.795563269125027
0.0968723012430914	-0.371675054448732	-0.0371692839597147	-0.00325175649527283	-0.560159208941968	-0.0218555778600739	0.808579098608723
0.0983762459207934	-0.377770990761203	-0.0381021653182275	-0.00312467634287003	-0.569477378361422	-0.0226394829864184	0.821431967734801
0.0998592016897255	-0.383799690584344	-0.0390415169329044	-0.00298964414641059	-0.578699555368625	-0.0234367995653178	0.834121876503264
0.101321168549888	-0.389761153918158	-0.0399873388037453	-0.00284665990589451	-0.587825739963576	-0.024247527596772	0.846648824914109
0.10276214650128	-0.395655380762643	-0.0409396309307503	-0.00269572362132179	-0.596855932146275	-0.025071667080781	0.859012812967339
0.104182135543902	-0.4014823711178	-0.0418983933139193	-0.00253683529269243	-0.605790131916722	-0.0259092180173448	0.871213840662952
0.105581135677755	-0.407242124983629	-0.0428636259532523	-0.00236999492000643	-0.614628339274917	-0.0267601804064634	0.883251908000948
0.106959146902837	-0.412934642360129	-0.0438353288487493	-0.00219520250326379	-0.623370554220861	-0.0276245542481369	0.895127014981328
0.10831616921915	-0.4185599232473	-0.0448135020004104	-0.00201245804246451	-0.632016776754553	-0.0285023395423651	0.906839161604092
0.109652202626693	-0.424117967645144	-0.0457981454082355	-0.0018217615376086	-0.640567006875993	-0.0293935362891482	0.918388347869239
0.110967247125466	-0.429608775553659	-0.0467892590722247	-0.00162311298869604	-0.649021244585181	-0.0302981444884861	0.92977457377677
0.112261302715469	-0.435032346972846	-0.0477868429923778	-0.00141651239572685	-0.657379489882117	-0.0312161641403788	0.940997839326684
0.113534369396702	-0.440388681902704	-0.048790897168695	-0.00120195975870102	-0.665641742766801	-0.0321475952448263	0.952058144518982
0.114786447169165	-0.445677780343234	-0.0498014216011763	-0.000979455077618546	-0.673808003239234	-0.0330924378018287	0.962955489353664
0.116017536032859	-0.450899642294435	-0.0508184162898216	-0.000748998352479437	-0.681878271299414	-0.0340506918113858	0.973689873830728
0.117227635987782	-0.456054267756309	-0.0518418812346309	-0.000510589583283684	-0.689852546947343	-0.0350223572734978	0.984261297950177
0.118416747033936	-0.461141656728853	-0.0528718164356042	-0.000264228770031297	-0.697730830183021	-0.0360074341881646	0.994669761712009
0.119584869171319	-0.46616180921207	-0.0539082218927416	-9.91591272227199e-06	-0.705513121006446	-0.0370059225553862	1.00491526511622
0.120732002399933	-0.471114725205958	-0.054951097606043	0.000252348988643399	-0.713199419417619	-0.0380178223751627	1.01499780816282
0.121858146719777	-0.476000404710518	-0.0560004435755084	0.000522565934065702	-0.720789725416541	-0.0390431336474939	1.02491739085181
0.122963302130851	-0.480818847725749	-0.0570562598011379	0.000800734923544644	-0.72828403900321	-0.04008185637238	1.03467401318317
0.124047468633155	-0.485570054251652	-0.0581185462829314	0.00108685595708023	-0.735682360177629	-0.0411339905498209	1.04426767515692
0.125110646226689	-0.490254024288227	-0.0591873030208889	0.00138092903467245	-0.742984688939795	-0.0421995361798165	1.05369837677306
0.126152834911453	-0.494870757835473	-0.0602625300150105	0.00168295415632131	-0.750191025289709	-0.043278493262367	1.06296611803157
0.127174034687448	-0.499420254893391	-0.0613442272652961	0.00199293132202681	-0.757301369227371	-0.0443708617974724	1.07207089893247
0.128174245554672	-0.503902515461981	-0.0624323947717457	0.00231086053178895	-0.764315720752782	-0.0454766417851325	1.08101271947576
0.129153467513127	-0.508317539541242	-0.0635270325343594	0.00263674178560773	-0.771234079865941	-0.0465958332253475	1.08979157966142
0.130111700562812	-0.512665327131175	-0.0646281405531371	0.00297057508348315	-0.778056446566848	-0.0477284361181173	1.09840747948948
0.131048944703726	-0.516945878231779	-0.0657357188280788	0.0033123604254152	-0.784782820855503	-0.0488744504634419	1.10686041895991
0.131965199935871	-0.521159192843055	-0.0668497673591845	0.0036620978114039	-0.791413202731906	-0.0500338762613213	1.11515039807273
0.132860466259246	-0.525305270965003	-0.0679702861464543	0.00401978724144923	-0.797947592196057	-0.0512067135117555	1.12327741682793
0.133734743673851	-0.529384112597622	-0.0690972751898882	0.00438542871555121	-0.804385989247957	-0.0523929622147446	1.13124147522552
0.134588032179687	-0.533395717740913	-0.070230734489486	0.00475902223370982	-0.810728393887605	-0.0535926223702884	1.13904257326548
0.135420331776752	-0.537340086394876	-0.0713706640452479	0.00514056779592507	-0.816974806115001	-0.0548056939783871	1.14668071094784
0.136231642465047	-0.54121721855951	-0.0725170638571738	0.00553006540219696	-0.823125225930145	-0.0560321770390406	1.15415588827257
0.137021964244573	-0.545027114234816	-0.0736699339252638	0.00592751505252549	-0.829179653333038	-0.0572720715522489	1.16146810523969
0.137791297115329	-0.548769773420794	-0.0748292742495178	0.00633291674691065	-0.835138088323678	-0.058525377518012	1.1686173618492
0.138539641077314	-0.552445196117443	-0.0759950848299358	0.00674627048535246	-0.841000530902067	-0.05979209493633	1.17560365810108
0.13926699613053	-0.556053382324764	-0.0771673656665178	0.0071675762678509	-0.846766981068203	-0.0610722238072027	1.18242699399535
0.139973362274976	-0.559594332042756	-0.0783461167592639	0.00759683409440599	-0.852437438822089	-0.0623657641306303	1.18908736953201
0.140658739510652	-0.563068045271421	-0.079531338108174	0.00803404396501771	-0.858011904163722	-0.0636727159066127	1.19558478471104
0.141323127837558	-0.566474522010756	-0.0807230297132482	0.00847920587968608	-0.863490377093103	-0.0649930791351499	1.20191923953246
0.141966527255695	-0.569813762260764	-0.0819211915744864	0.00893231983841108	-0.868872857610233	-0.0663268538162419	1.20809073399627
0.142588937765061	-0.573085766021443	-0.0831258236918886	0.00939338584119271	-0.87415934571511	-0.0676740399498888	1.21409926810246
0.143190359365658	-0.576290533292793	-0.0843369260654548	0.00986240388803098	-0.879349841407736	-0.0690346375360904	1.21994484185103
0.143770792057484	-0.579428064074816	-0.0855544986951851	0.0103393739789259	-0.88444434468811	-0.0704086465748469	1.22562745524198
0.144330235840541	-0.582498358367509	-0.0867785415810794	0.0108242961138775	-0.889442855556233	-0.0717960670661582	1.23114710827532
0.144868690714828	-0.585501416170875	-0.0880090547231378	0.0113171702928857	-0.894345374012103	-0.0731968990100243	1.23650380095104
0.145386156680345	-0.588437237484912	-0.0892460381213601	0.0118179965159505	-0.899151900055721	-0.0746111424064452	1.24169753326915
0.145882633737092	-0.591305822309621	-0.0904894917757465	0.012326774783072	-0.903862433687088	-0.076038797255421	1.24672830522964
0.146358121885069	-0.594107170645001	-0.091739415686297	0.0128435050942501	-0.908476974906203	-0.0774798635569516	1.25159611683251
0.146812621124276	-0.596841282491053	-0.0929958098530114	0.0133681874494848	-0.912995523713066	-0.0789343413110369	1.25630096807777
0.147246131454713	-0.599508157847777	-0.09425867427589	0.0139008218487762	-0.917418080107677	-0.0804022305176771	1.26084285896541
0.147658652876381	-0.602107796715173	-0.0955280089549325	0.0144414082921243	-0.921744644090037	-0.0818835311768721	1.26522178949543
0.148050185389278	-0.60464019909324	-0.0968038138901391	0.0149899467795289	-0.925975215660144	-0.083378243288622	1.26943775966784
0.148420728993406	-0.607105364981978	-0.0980860890815096	0.0155464373109902	-0.930109794818	-0.0848863668529266	1.27349076948263
0.148770283688764	-0.609503294381389	-0.0993748345290443	0.0161108798865082	-0.934148381563604	-0.0864079018697861	1.2773808189398
0.149098849475352	-0.61183398729147	-0.100670050232743	0.0166832745060828	-0.938090975896956	-0.0879428483392003	1.28110790803936
0.149406426353169	-0.614097443712224	-0.101971736192606	0.017263621169714	-0.941937577818056	-0.0894912062611694	1.2846720367813
0.149693014322218	-0.616293663643649	-0.103279892408632	0.0178519198774019	-0.945688187326905	-0.0910529756356933	1.28807320516563
0.149958613382496	-0.618422647085746	-0.104594518880823	0.0184481706291464	-0.949342804423501	-0.0926281564627721	1.29131141319234
0.150203223534004	-0.620484394038514	-0.105915615609178	0.0190523734249475	-0.952901429107846	-0.0942167487424056	1.29438666086143
0.150426844776742	-0.622478904501954	-0.107243182593697	0.0196645282648053	-0.956364061379939	-0.095818752474594	1.2972989481729
0.150629477110711	-0.624406178476066	-0.10857721983438	0.0202846351487197	-0.95973070123978	-0.0974341676593372	1.30004827512676
0.150811120535909	-0.626266215960849	-0.109917727331227	0.0209126940766908	-0.96300134868737	-0.0990629942966351	1.302634641723
0.150971775052338	-0.628059016956304	-0.111264705084237	0.0215487050487185	-0.966176003722707	-0.100705232386488	1.30505804796163
0.151111440659997	-0.629784581462431	-0.112618153093412	0.0221926680648028	-0.969254666345793	-0.102360881928896	1.30731849384264
0.151230117358886	-0.631442909479229	-0.113978071358751	0.0228445831249438	-0.972237336556626	-0.104029942923858	1.30941597936603
0.151327805149005	-0.633034001006699	-0.115344459880254	0.0235044502291414	-0.975124014355208	-0.105712415371375	1.31135050453181
0.151404504030354	-0.634557856044841	-0.116717318657922	0.0241722693773956	-0.977914699741539	-0.107408299271447	1.31312206933997
0.151460214002933	-0.636014474593654	-0.118096647691753	0.0248480405697065	-0.980609392715617	-0.109117594624074	1.31473067379051
0.151494935066742	-0.637403856653139	-0.119482446981748	0.0255317638060741	-0.983208093277443	-0.110840301429256	1.31617631788344
0.151508667221782	-0.638726002223295	-0.120874716527907	0.0262234390864982	-0.985710801427018	-0.112576419686993	1.31745900161875
0.151501410468051	-0.639980911304123	-0.12227345633023	0.026923066410979	-0.988117517164341	-0.114325949397284	1.31857872499645
0.151473164805551	-0.641168583895623	-0.123678666388717	0.0276306457795165	-0.990428240489412	-0.11608889056013	1.31953548801653
0.151423930234281	-0.642289019997794	-0.125090346703369	0.0283461771921106	-0.992642971402231	-0.117865243175531	1.32032929067899
0.151353706754241	-0.643342219610637	-0.126508497274184	0.0290696606487613	-0.994761709902798	-0.119655007243487	1.32096013298383
0.151262494365431	-0.644328182734152	-0.127933118101163	0.0298010961494687	-0.996784455991114	-0.121458182763997	1.32142801493106
0.151150293067851	-0.645246909368338	-0.129364209184306	0.0305404836942327	-0.998711209667178	-0.123274769737063	1.32173293652067
0.151017102861501	-0.646098399513196	-0.130801770523614	0.0312878232830533	-1.00054197093099	-0.125104768162683	1.32187489775267
0.150862923746381	-0.646882653168725	-0.132245802119085	0.0320431149159306	-1.00227673978255	-0.126948178040858	1.32185389862705
0.150687755722491	-0.647599670334926	-0.133696303970721	0.0328063585928645	-1.00391551622186	-0.128804999371588	1.32166993914381
0.150491598789832	-0.648249451011799	-0.13515327607852	0.0335775543138551	-1.00545830024891	-0.130675232154873	1.32132301930296
0.150274452948403	-0.648831995199344	-0.136616718442484	0.0343567020789023	-1.00690509186372	-0.132558876390712	1.32081313910449
0.150036318198203	-0.64934730289756	-0.138086631062611	0.0351438018880061	-1.00825589106627	-0.134455932079106	1.3201402985484
0.149777194539234	-0.649795374106447	-0.139563013938903	0.0359388537411666	-1.00951069785657	-0.136366399220056	1.3193044976347
0.149497081971495	-0.650176208826007	-0.141045867071358	0.0367418576383837	-1.01066951223462	-0.13829027781356	1.31830573636338
0.149195980494986	-0.650489807056238	-0.142535190459978	0.0375528135796575	-1.01173233420042	-0.140227567859618	1.31714401473444
0.148873890109707	-0.65073616879714	-0.144030984104762	0.0383717215649878	-1.01269916375396	-0.142178269358232	1.31581933274789
0.148530810815658	-0.650915294048715	-0.145533248005709	0.0391985815943749	-1.01357000089526	-0.1441423823094	1.31433169040372
0.14816674261284	-0.651027182810961	-0.147041982162821	0.0400333936678186	-1.0143448456243	-0.146119906713124	1.31268108770194
0.147781685501251	-0.651071835083878	-0.148557186576097	0.0408761577853189	-1.01502369794109	-0.148110842569402	1.31086752464254
0.147375639480892	-0.651049250867467	-0.150078861245537	0.0417268739468758	-1.01560655784563	-0.150115189878235	1.30889100122552
0.146948604551764	-0.650959430161728	-0.151607006171141	0.0425855421524894	-1.01609342533791	-0.152132948639622	1.30675151745088
0.146500580713866	-0.65080237296666	-0.153141621352908	0.0434521624021596	-1.01648430041795	-0.154164118853565	1.30444907331863
0.146031567967198	-0.650578079282264	-0.15468270679084	0.0443267346958865	-1.01677918308573	-0.156208700520062	1.30198366882877
0.14554156631176	-0.65028654910854	-0.156230262484936	0.04520925903367	-1.01697807334126	-0.158266693639114	1.29935530398128
0.145030575747552	-0.649927782445487	-0.157784288435196	0.0460997354155101	-1.01708097118454	-0.160338098210721	1.29656397877618
0.144498596274574	-0.649501779293106	-0.15934478464162	0.0469981638414069	-1.01708787661557	-0.162422914234883	1.29360969321347
0.143945627892826	-0.649008539651397	-0.160911751104208	0.0479045443113604	-1.01699878963434	-0.164521141711599	1.29049244729313
0.143371670602308	-0.648448063520359	-0.16248518782296	0.0488188768253704	-1.01681371024087	-0.166632780640871	1.28721224101518
0.142776724403021	-0.647820350899993	-0.164065094797876	0.0497411613834371	-1.01653263843514	-0.168757831022697	1.28376907437962
0.142160789294963	-0.647125401790298	-0.165651472028957	0.0506713979855605	-1.01615557421716	-0.170896292857078	1.28016294738643
0.141523865278136	-0.646363216191275	-0.167244319516201	0.0516095866317404	-1.01568251758693	-0.173048166144014	1.27639386003564
0.140865952352539	-0.645533794102924	-0.168843637259609	0.0525557273219771	-1.01511346854444	-0.175213450883505	1.27246181232722
0.140187050518172	-0.644637135525245	-0.170449425259181	0.0535098200562703	-1.01444842708971	-0.17739214707555	1.26836680426119
0.139487159775035	-0.643673240458237	-0.172061683514917	0.0544718648346202	-1.01368739322272	-0.17958425472015	1.26410883583754
0.138766280123128	-0.6426421089019	-0.173680412026818	0.0554418616570267	-1.01283036694348	-0.181789773817305	1.25968790705628
0.138024411562451	-0.641543740856236	-0.175305610794882	0.0564198105234899	-1.01187734825199	-0.184008704367015	1.25510401791739
0.137261554093004	-0.640378136321243	-0.17693727981911	0.0574057114340097	-1.01082833714824	-0.18624104636928	1.2503571684209
0.136477707714788	-0.639145295296921	-0.178575419099503	0.0583995643885862	-1.00968333363225	-0.1884867998241	1.24544735856678
0.135672872427801	-0.637845217783271	-0.180220028636059	0.0594013693872193	-1.008442337704	-0.190745964731474	1.24037458835505
0.134847048232045	-0.636477903780293	-0.18187110842878	0.060411126429909	-1.0071053493635	-0.193018541091403	1.23513885778571
0.134000235127519	-0.635043353287987	-0.183528658477664	0.0614288355166553	-1.00567236861075	-0.195304528903887	1.22974016685874
0.133132433114223	-0.633541566306352	-0.185192678782713	0.0624544966474584	-1.00414339544575	-0.197603928168926	1.22417851557416
0.132243642192157	-0.631972542835389	-0.186863169343925	0.063488109822318	-1.0025184298685	-0.19991673888652	1.21845390393197
0.131333862361321	-0.630336282875097	-0.188540130161302	0.0645296750412343	-1.00079747187899	-0.202242961056668	1.21256633193215
0.130403093621715	-0.628632786425477	-0.190223561234842	0.0655791923042073	-0.998980521477235	-0.204582594679371	1.20651579957472
0.129451335973339	-0.626862053486529	-0.191913462564547	0.0666366616112368	-0.997067578663225	-0.20693563975463	1.20030230685968
0.128478589416193	-0.625024084058252	-0.193609834150416	0.067702082962323	-0.995058643436964	-0.209302096282442	1.19392585378702
0.127484853950278	-0.623118878140647	-0.195312675992448	0.0687754563574659	-0.992953715798451	-0.21168196426281	1.18738644035674
0.126470129575592	-0.621146435733714	-0.197021988090645	0.0698567817966653	-0.990752795747686	-0.214075243695733	1.18068406656884
0.125434416292137	-0.619106756837451	-0.198737770445006	0.0709460592799215	-0.988455883284669	-0.21648193458121	1.17381873242333
0.124377714099912	-0.616999841451861	-0.200460023055531	0.0720432888072342	-0.9860629784094	-0.218902036919242	1.1667904379202
0.123300022998917	-0.614825689576943	-0.20218874592222	0.0731484703786036	-0.98357408112188	-0.221335550709829	1.15959918305946
0.122201342989152	-0.612584301212696	-0.203923939045072	0.0742616039940296	-0.980989191422108	-0.223782475952971	1.1522449678411
0.121081674070617	-0.610275676359121	-0.205665602424089	0.0753826896535123	-0.978308309310083	-0.226242812648668	1.14472779226512
0.119941016243312	-0.607899815016217	-0.20741373605927	0.0765117273570516	-0.975531434785808	-0.228716560796919	1.13704765633153
0.118779369507237	-0.605456717183985	-0.209168339950615	0.0776487171046476	-0.97265856784928	-0.231203720397725	1.12920456004032
0.117596733862393	-0.602946382862425	-0.210929414098124	0.0787936588963002	-0.969689708500501	-0.233704291451086	1.12119850339149
0.116393109308778	-0.600368812051536	-0.212696958501797	0.0799465527320094	-0.966624856739469	-0.236218273957002	1.11302948638505
0.115168495846394	-0.597724004751319	-0.214470973161634	0.0811073986117753	-0.963464012566186	-0.238745667915473	1.10469750902099
0.11392289347524	-0.595011960961773	-0.216251458077636	0.0822761965355978	-0.960207175980651	-0.241286473326499	1.09620257129931
0.112656302195315	-0.5922326806829	-0.218038413249801	0.083452946503477	-0.956854346982864	-0.243840690190079	1.08754467322002
0.111368722006621	-0.589386163914698	-0.21983183867813	0.0846376485154127	-0.953405525572825	-0.246408318506214	1.07872381478311
0.110060152909157	-0.586472410657167	-0.221631734362623	0.0858303025714051	-0.949860711750535	-0.248989358274904	1.06973999598859
0.108730594902923	-0.583491420910308	-0.22343810030328	0.0870309086714542	-0.946219905515992	-0.251583809496149	1.06059321683644
0.10738004798792	-0.580443194674121	-0.225250936500102	0.0882394668155599	-0.942483106869198	-0.254191672169948	1.05128347732669
0.106008512164146	-0.577327731948605	-0.227070242953087	0.0894559770037223	-0.938650315810152	-0.256812946296303	1.04181077745931
0.104615987431602	-0.574145032733761	-0.228896019662236	0.0906804392359413	-0.934721532338854	-0.259447631875212	1.03217511723432
0.103202473790289	-0.570895097029589	-0.230728266627549	0.0919128535122169	-0.930696756455304	-0.262095728906676	1.02237649665171
0.101767971240206	-0.567577924836088	-0.232566983849027	0.0931532198325491	-0.926575988159503	-0.264757237390695	1.01241491571149
0.100312479781352	-0.564193516153259	-0.234412171326668	0.094401538196938	-0.922359227451449	-0.267432157327269	1.00229037441365
0.0988359994137293	-0.560741870981101	-0.236263829060474	0.0956578086053836	-0.918046474331144	-0.270120488716397	0.992002872758192
0.0973385301373363	-0.557222989319616	-0.238121957050443	0.0969220310578857	-0.913637728798587	-0.272822231558081	0.981552410745119
0.0958200719521734	-0.553636871168802	-0.239986555296577	0.0981942055544446	-0.909132990853778	-0.275537385852319	0.970938988374429
0.0942806248582406	-0.549983516528659	-0.241857623798874	0.09947433209506	-0.904532260496717	-0.278265951599112	0.960162605646123
0.0927201888555379	-0.546262925399188	-0.243735162557336	0.100762410679732	-0.899835537727405	-0.281007928798459	0.949223262560202
0.0911387639440653	-0.542475097780389	-0.245619171571962	0.102058441308461	-0.89504282254584	-0.283763317450362	0.938120959116662
0.0895363501238228	-0.538620033672261	-0.247509650842751	0.103362423981246	-0.890154114952024	-0.286532117554819	0.926855695315507
0.0879129473948104	-0.534697733074805	-0.249406600369705	0.104674358698088	-0.885169414945956	-0.289314329111832	0.915427471156735
0.0862685557570282	-0.530708195988021	-0.251310020152823	0.105994245458987	-0.880088722527637	-0.292109952121399	0.903836286640346
0.0846031752104759	-0.526651422411908	-0.253219910192104	0.107322084263942	-0.874912037697065	-0.294918986583521	0.892082141766341
0.0829168057551539	-0.522527412346466	-0.25513627048755	0.108657875112954	-0.869639360454241	-0.297741432498197	0.880165036534719
0.0812094473910619	-0.518336165791697	-0.25705910103916	0.110001618006023	-0.864270690799166	-0.300577289865429	0.868084970945482
0.0794811001182001	-0.514077682747599	-0.258988401846934	0.111353312943148	-0.858806028731839	-0.303426558685215	0.855841944998629
0.0777317639365683	-0.509751963214173	-0.260924172910872	0.11271295992433	-0.85324537425226	-0.306289238957556	0.843435958694158
0.0759614388461666	-0.505359007191419	-0.262866414230974	0.114080558949568	-0.847588727360429	-0.309165330682452	0.83086701203207
0.0741701248469951	-0.500898814679336	-0.26481512580724	0.115456110018863	-0.841836088056346	-0.312054833859903	0.818135105012367
0.0723578219390536	-0.496371385677924	-0.26677030763967	0.116839613132215	-0.835987456340012	-0.314957748489908	0.805240237635046
0.0705245301223423	-0.491776720187185	-0.268731959728264	0.118231068289623	-0.830042832211426	-0.317874074572469	0.79218240990011
0.068670249396861	-0.487114818207117	-0.270700082073022	0.119630475491089	-0.824002215670587	-0.320803812107584	0.778961621807557
0.06679497976261	-0.482385679737721	-0.272674674673944	0.12103783473661	-0.817865606717498	-0.323746961095254	0.765577873357388
0.064898721219589	-0.477589304778996	-0.27465573753103	0.122453146026188	-0.811633005352156	-0.326703521535479	0.752031164549603
0.062981473767798	-0.472725693330943	-0.27664327064428	0.123876409359823	-0.805304411574562	-0.329673493428258	0.7383214953842
0.0610432374072372	-0.467794845393561	-0.278637274013694	0.125307624737515	-0.798879825384717	-0.332656876773593	0.724448865861182
0.0590840121379064	-0.462796760966851	-0.280637747639272	0.126746792159263	-0.79235924678262	-0.335653671571482	0.710413275980547
0.0571037979598059	-0.457731440050813	-0.282644691521015	0.128193911625068	-0.78574267576827	-0.338663877821926	0.696214725742295
0.0551025948729353	-0.452598882645447	-0.284658105658921	0.12964898313493	-0.779030112341669	-0.341687495524925	0.681853215146427
0.053080402877295	-0.447399088750752	-0.286677990052991	0.131112006688848	-0.772221556502817	-0.344724524680479	0.667328744192943
0.0510372219728847	-0.442132058366728	-0.288704344703225	0.132582982286823	-0.765317008251712	-0.347774965288588	0.652641312881841
0.0489730521597045	-0.436797791493376	-0.290737169609624	0.134061909928854	-0.758316467588356	-0.350838817349251	0.637790921213125
0.0468878934377545	-0.431396288130697	-0.292776464772186	0.135548789614942	-0.751219934512747	-0.353916080862469	0.62277756918679
0.0447817458070344	-0.425927548278688	-0.294822230190913	0.137043621345087	-0.744027409024887	-0.357006755828242	0.60760125680284
0.0426546092675445	-0.420391571937351	-0.296874465865803	0.138546405119288	-0.736738891124775	-0.36011084224657	0.592261984061274
0.0405064838192848	-0.414788359106686	-0.298933171796858	0.140057140937546	-0.729354380812412	-0.363228340117453	0.57675975096209
0.0383373694622552	-0.409117909786692	-0.300998347984076	0.141575828799861	-0.721873878087796	-0.36635924944089	0.561094557505291
0.0361472661964556	-0.403380223977371	-0.303069994427459	0.143102468706232	-0.714297382950929	-0.369503570216882	0.545266403690875
0.0339361740218862	-0.397575301678721	-0.305148111127005	0.14463706065666	-0.70662489540181	-0.372661302445429	0.529275289518843
0.0317040929385468	-0.391703142890742	-0.307232698082716	0.146179604651144	-0.698856415440439	-0.375832446126531	0.513121214989193
0.0294510229464375	-0.385763747613435	-0.30932375529459	0.147730100689686	-0.690991943066816	-0.379017001260188	0.496804180101929
0.0271769640455585	-0.3797571158468	-0.311421282762629	0.149288548772283	-0.683031478280941	-0.3822149678464	0.480324184857047
0.0248819162359094	-0.373683247590836	-0.313525280486832	0.150854948898938	-0.674975021082814	-0.385426345885166	0.463681229254548
0.0225658795174906	-0.367542142845544	-0.315635748467199	0.152429301069649	-0.666822571472436	-0.388651135376487	0.446875313294433
0.0202288538903016	-0.361333801610924	-0.317752686703729	0.154011605284417	-0.658574129449806	-0.391889336320363	0.429906436976702
0.017870839354343	-0.355058223886975	-0.319876095196424	0.155601861543241	-0.650229695014924	-0.395140948716794	0.412774600301356
0.0154918359096143	-0.348715409673698	-0.322005973945283	0.157200069846122	-0.64178926816779	-0.398405972565779	0.39547980326839
0.0130918435561158	-0.342305358971092	-0.324142322950306	0.15880623019306	-0.633252848908405	-0.40168440786732	0.378022045877811
0.0106708622938474	-0.335828071779158	-0.326285142211493	0.160420342584054	-0.624620437236767	-0.404976254621415	0.360401328129614
0.00822889212280908	-0.329283548097896	-0.328434431728844	0.162042407019105	-0.615892033152877	-0.408281512828065	0.3426176500238
0.00576593304300099	-0.322671787927306	-0.330590191502359	0.163672423498213	-0.607067636656736	-0.41160018248727	0.324671011560371
0.00328198505442279	-0.315992791267386	-0.332752421532038	0.165310392021377	-0.598147247748343	-0.41493226359903	0.306561412739324
0.0007770481570748	-0.309246558118139	-0.334921121817881	0.166956312588598	-0.589130866427699	-0.418277756163345	0.288288853560661
-0.00174887764904297	-0.302433088479563	-0.337096292359888	0.168610185199875	-0.580018492694802	-0.421636660180214	0.269853334024382
-0.00429579236393085	-0.295552382351659	-0.339277933158059	0.170272009855209	-0.570810126549653	-0.425008975649638	0.251254854130486
-0.0068636959875884	-0.288604439734427	-0.341466044212394	0.1719417865546	-0.561505767992253	-0.428394702571617	0.232493413878974
-0.00945258852001607	-0.281589260627866	-0.343660625522893	0.173619515298047	-0.552105417022601	-0.431793840946151	0.213569013269845
-0.0120624699612136	-0.274506845031977	-0.345861677089557	0.175305196085551	-0.542609073640697	-0.435206390773239	0.1944816523031
-0.0146933403111809	-0.26735719294676	-0.348069198912384	0.176998828917112	-0.533016737846542	-0.438632352052883	0.17523133097874
-0.0173451995699182	-0.260140304372213	-0.350283190991375	0.178700413792729	-0.523328409640134	-0.442071724785081	0.155818049296761
-0.0200180477374252	-0.25285617930834	-0.35250365332653	0.180409950712403	-0.513544089021475	-0.445524508969834	0.136241807257167
-0.0227118848137022	-0.245504817755137	-0.35473058591785	0.182127439676134	-0.503663775990563	-0.448990704607142	0.116502604859957
-0.0254267107987491	-0.238086219712606	-0.356963988765333	0.183852880683921	-0.4936874705474	-0.452470311697005	0.096600442105129
-0.0281625256925661	-0.230600385180746	-0.359203861868981	0.185586273735765	-0.483615172691985	-0.455963330239422	0.0765353189926854
-0.0309193294951529	-0.223047314159559	-0.361450205228792	0.187327618831666	-0.473446882424318	-0.459469760234395	0.0563072355226248
-0.0336971222065093	-0.215427006649043	-0.363703018844768	0.189076915971623	-0.4631825997444	-0.462989601681921	0.0359161916949491
-0.0364959038266359	-0.207739462649198	-0.365962302716907	0.190834165155637	-0.452822324652229	-0.466522854582003	0.0153621875096555
-0.0393156743555323	-0.199984682160026	-0.368228056845211	0.192599366383707	-0.442366057147807	-0.47006951893464	-0.00535477703325338
-0.0421564337931986	-0.192162665181524	-0.370500281229678	0.194372519655834	-0.431813797231133	-0.473629594739832	-0.0262347019337792
-0.0450181821396347	-0.184273411713695	-0.37277897587031	0.196153624972018	-0.421165544902207	-0.477203081997578	-0.047277587191922
-0.047900919394841	-0.176316921756537	-0.375064140767105	0.197942682332258	-0.410421300161029	-0.48078998070788	-0.0684834328076809
-0.0508046455588169	-0.168293195310051	-0.377355775920065	0.199739691736555	-0.3995810630076	-0.484390290870736	-0.0898522387810559
-0.0537293606315626	-0.160202232374236	-0.379653881329189	0.201544653184909	-0.388644833441918	-0.488004012486146	-0.111384005112047
-0.0566750646130787	-0.152044032949093	-0.381958456994476	0.203357566677319	-0.377612611463985	-0.491631145554112	-0.133078731800657
-0.0596417575033642	-0.143818597034621	-0.384269502915928	0.205178432213786	-0.3664843970738	-0.495271690074633	-0.154936418846881
-0.0626294393024198	-0.135525924630822	-0.386587019093544	0.207007249794309	-0.355260190271363	-0.498925646047708	-0.176957066250721
-0.0656381100102452	-0.127166015737694	-0.388911005527324	0.20884401941889	-0.343939991056674	-0.502593013473338	-0.199140674012179
-0.0686677696268406	-0.118738870355238	-0.391241462217268	0.210688741087526	-0.332523799429734	-0.506273792351523	-0.221487242131253
-0.0717184181522059	-0.110244488483453	-0.393578389163376	0.21254141480022	-0.321011615390541	-0.509967982682263	-0.243996770607943
-0.074790055586341	-0.101682870122339	-0.395921786365648	0.21440204055697	-0.309403438939097	-0.513675584465557	-0.26666925944225
-0.0778826819292461	-0.0930540152718979	-0.398271653824083	0.216270618357777	-0.297699270075401	-0.517396597701407	-0.289504708634174
-0.0809962971809211	-0.0843579239321275	-0.400627991538683	0.21814714820264	-0.285899108799453	-0.521131022389811	-0.312503118183713
-0.0841309013413657	-0.0755945961030302	-0.402990799509447	0.22003163009156	-0.274002955111254	-0.52487885853077	-0.335664488090869
-0.0872864944105805	-0.066764031784603	-0.405360077736375	0.221924064024537	-0.262010809010802	-0.528640106124284	-0.358988818355641
-0.0904630763885652	-0.0578662309768481	-0.407735826219468	0.22382445000157	-0.249922670498099	-0.532414765170352	-0.382476108978031
-0.0936606472753198	-0.0489011936797645	-0.410118044958724	0.22573278802266	-0.237738539573144	-0.536202835668976	-0.406126359958036
-0.0968792070708442	-0.0398689198933528	-0.412506733954144	0.227649078087807	-0.225458416235936	-0.540004317620154	-0.429939571295659
-0.100118755775138	-0.030769409617613	-0.414901893205728	0.22957332019701	-0.213082300486477	-0.543819211023887	-0.453915742990897
-0.103379293388203	-0.0216026628525445	-0.417303522713476	0.23150551435027	-0.200610192324767	-0.547647515880175	-0.478054875043752
-0.106660819910037	-0.0123686795981475	-0.419711622477389	0.233445660547586	-0.188042091750805	-0.551489232189018	-0.502356967454222
-0.109963335340641	-0.00306745985442269	-0.422126192497465	0.235393758788959	-0.175377998764591	-0.555344359950415	-0.52682202022231
-0.113286839680015	0.00630099637863113	-0.424547232773705	0.237349809074389	-0.162617913366125	-0.559212899164368	-0.551450033348014
-0.116631332928158	0.0157366891010127	-0.426974743306109	0.239313811403875	-0.149761835555406	-0.563094849830875	-0.576241006831334
-0.119996815085072	0.0252396183127233	-0.429408724094678	0.241285765777419	-0.136809765332436	-0.566990211949937	-0.601194940672273
-0.123383286150756	0.0348097840137616	-0.43184917513941	0.243265672195018	-0.123761702697215	-0.570898985521554	-0.626311834870825
-0.126790746125209	0.0444471862041289	-0.434296096440307	0.245253530656674	-0.110617647649742	-0.574821170545725	-0.651591689426996
-0.130219195008433	0.0541518248838249	-0.436749487997367	0.247249341162387	-0.0973776001900157	-0.578756767022452	-0.677034504340783
-0.133668632800426	0.0639237000528476	-0.439209349810592	0.249253103712157	-0.0840415603180396	-0.582705774951733	-0.702640279612184
-0.137139059501189	0.0737628117112004	-0.44167568187998	0.251264818305983	-0.0706095280338097	-0.586668194333569	-0.728409015241205
-0.140630475110722	0.0836691598588808	-0.444148484205533	0.253284484943866	-0.0570815033373293	-0.59064402516796	-0.75434071122784
-0.144142879629025	0.0936427444958898	-0.446627756787249	0.255312103625806	-0.043457486228597	-0.594633267454906	-0.780435367572093
-0.147676273056098	0.103683565622227	-0.44911349962513	0.257347674351802	-0.029737476707612	-0.598635921194406	-0.806692984273961
-0.15123065539194	0.113791623237892	-0.451605712719175	0.259391197121855	-0.0159214747743759	-0.602651986386462	-0.833113561333446
-0.154806026636553	0.123966917342886	-0.454104396069383	0.261442671935964	-0.00200948042888793	-0.606681463031072	-0.859697098750548
-0.158402386789936	0.134209447937208	-0.456609549675756	0.26350209879413	0.0119985063288528	-0.610724351128237	-0.886443596525266
-0.162019735852088	0.144519215020859	-0.459121173538293	0.265569477696353	0.0261024854988436	-0.614780650677957	-0.913353054657599
-0.16565807382301	0.154896218593838	-0.461639267656994	0.267644808642632	0.0403024570810873	-0.618850361680231	-0.940425473147551
-0.169317400702703	0.165340458656145	-0.464163832031859	0.269728091632968	0.0545984210755828	-0.622933484135061	-0.967660851995118
-0.172997716491165	0.175851935207781	-0.466694866662887	0.271819326667361	0.0689903774823302	-0.627030018042445	-0.995059191200302
-0.176699021188397	0.186430648248745	-0.46923237155008	0.27391851374581	0.0834783263013286	-0.631139963402384	-1.0226204907631
-0.180421314794399	0.197076597779038	-0.471776346693437	0.276025652868316	0.0980622675325797	-0.635263320214878	-1.05034475068352
-0.18416459730917	0.207789783798659	-0.474326792092958	0.278140744034879	0.112742201176083	-0.639400088479927	-1.07823197096155
-0.187928868732712	0.218570206307608	-0.476883707748643	0.280263787245498	0.127518127231837	-0.64355026819753	-1.1062821515972
-0.191714129065024	0.229417865305886	-0.479447093660492	0.282394782500174	0.142390045699844	-0.647713859367689	-1.13449529259047
-0.195520378306105	0.240332760793491	-0.482016949828505	0.284533729798906	0.157357956580102	-0.651890861990402	-1.16287139394135
-0.199347616455957	0.251314892770426	-0.484593276252682	0.286680629141695	0.172421859872612	-0.65608127606567	-1.19141045564985
-0.203195843514578	0.262364261236688	-0.487176072933023	0.288835480528541	0.187581755577374	-0.660285101593492	-1.22011247771596
-0.207065059481969	0.273480866192279	-0.489765339869529	0.290998283959443	0.202837643694387	-0.66450233857387	-1.2489774601397
-0.21095526435813	0.284664707637199	-0.492361077062198	0.293169039434402	0.218189524223654	-0.668732987006803	-1.27800540292105
-0.214866458143061	0.295915785571446	-0.494963284511031	0.295347746953418	0.233637397165171	-0.67297704689229	-1.30719630606001
-0.218798640836762	0.307234099995022	-0.497571962216028	0.29753440651649	0.249181262518939	-0.677234518230332	-1.33655016955659
-0.222751812439232	0.318619650907927	-0.50018711017719	0.299729018123619	0.264821120284961	-0.681505401020929	-1.36606699341079
-0.226725972950473	0.330072438310161	-0.502808728394515	0.301931581774805	0.280556970463234	-0.68578969526408	-1.3957467776226
-0.230721122370484	0.341592462201721	-0.505436816868004	0.304142097470047	0.296388813053758	-0.690087400959787	-1.42558952219203
-0.234737260699264	0.353179722582611	-0.508071375597658	0.306360565209346	0.312316648056535	-0.694398518108048	-1.45559522711908
-0.238774387936815	0.364834219452829	-0.510712404583475	0.308586984992701	0.328340475471563	-0.698723046708864	-1.48576389240374
-0.242832504083135	0.376555952812375	-0.513359903825456	0.310821356820113	0.344460295298844	-0.703060986762235	-1.51609551804602
-0.246911609138225	0.38834492266125	-0.516013873323602	0.313063680691582	0.360676107538375	-0.707412338268161	-1.54659010404592
-0.251011703102085	0.400201128999453	-0.518674313077911	0.315313956607108	0.376987912190159	-0.711777101226642	-1.57724765040343
-0.255132785974715	0.412124571826984	-0.521341223088385	0.31757218456669	0.393395709254195	-0.716155275637677	-1.60806815711856
-0.259274857756114	0.424115251143844	-0.524014603355022	0.319838364570328	0.409899498730482	-0.720546861501267	-1.63905162419131
-0.263437918446284	0.436173166950032	-0.526694453877824	0.322112496618024	0.426499280619021	-0.724951858817412	-1.67019805162167
-0.267621968045224	0.448298319245549	-0.52938077465679	0.324394580709776	0.443195054919813	-0.729370267586112	-1.70150743940965
-0.271827006552933	0.460490708030393	-0.53207356569192	0.326684616845584	0.459986821632856	-0.733802087807367	-1.73297978755524
-0.276053033969413	0.472750333304567	-0.534772826983213	0.328982605025449	0.47687458075815	-0.738247319481176	-1.76461509605845
-0.280300050294662	0.485077195068068	-0.537478558530671	0.331288545249371	0.493858332295697	-0.742705962607541	-1.79641336491928
-0.284568055528681	0.497471293320899	-0.540190760334293	0.33360243751735	0.510938076245496	-0.74717801718646	-1.82837459413773
-0.28885704967147	0.509932628063057	-0.542909432394079	0.335924281829385	0.528113812607545	-0.751663483217934	-1.86049878371379
-0.293167032723029	0.522461199294543	-0.545634574710028	0.338254078185477	0.545385541381847	-0.756162360701962	-1.89278593364746
-0.297498004683358	0.535057007015359	-0.548366187282142	0.340591826585625	0.562753262568402	-0.760674649638546	-1.92523604393876
-0.297149090864041	0.535148771218965	-0.544561246759636	0.33780991963884	0.56266519559853	-0.754067759553385	-1.91919153693828
-0.296800177044724	0.535240535422571	-0.540756306237129	0.335028012692058	0.56257712862866	-0.747460869468224	-1.91314702993781
-0.296451263225407	0.535332299626176	-0.536951365714623	0.332246105745276	0.562489061658789	-0.740853979383063	-1.90710252293734
-0.29610234940609	0.535424063829782	-0.533146425192116	0.329464198798495	0.562400994688919	-0.734247089297903	-1.90105801593686
-0.295753435586773	0.535515828033388	-0.52934148466961	0.326682291851713	0.562312927719048	-0.727640199212742	-1.89501350893639
-0.295404521767456	0.535607592236994	-0.525536544147103	0.323900384904931	0.562224860749178	-0.721033309127582	-1.88896900193592
-0.295055607948139	0.5356993564406	-0.521731603624597	0.321118477958149	0.562136793779308	-0.714426419042421	-1.88292449493544
-0.294706694128822	0.535791120644206	-0.51792666310209	0.318336571011368	0.562048726809437	-0.70781952895726	-1.87687998793497
-0.294357780309505	0.535882884847811	-0.514121722579583	0.315554664064586	0.561960659839567	-0.7012126388721	-1.8708354809345
-0.294008866490188	0.535974649051417	-0.510316782057077	0.312772757117804	0.561872592869696	-0.694605748786939	-1.86479097393402
-0.293659952670871	0.536066413255023	-0.50651184153457	0.309990850171022	0.561784525899826	-0.687998858701779	-1.85874646693355
-0.293311038851554	0.536158177458629	-0.502706901012064	0.307208943224241	0.561696458929956	-0.681391968616618	-1.85270195993308
-0.292962125032237	0.536249941662235	-0.498901960489557	0.304427036277459	0.561608391960085	-0.674785078531457	-1.8466574529326
-0.29261321121292	0.536341705865841	-0.495097019967051	0.301645129330677	0.561520324990215	-0.668178188446297	-1.84061294593213
-0.292264297393603	0.536433470069446	-0.491292079444544	0.298863222383895	0.561432258020344	-0.661571298361136	-1.83456843893166
-0.291915383574286	0.536525234273052	-0.487487138922038	0.296081315437114	0.561344191050474	-0.654964408275976	-1.82852393193118
-0.291566469754969	0.536616998476658	-0.483682198399531	0.293299408490332	0.561256124080604	-0.648357518190815	-1.82247942493071
-0.291217555935652	0.536708762680264	-0.479877257877025	0.29051750154355	0.561168057110733	-0.641750628105654	-1.81643491793024
-0.290868642116335	0.53680052688387	-0.476072317354518	0.287735594596768	0.561079990140863	-0.635143738020494	-1.81039041092976
-0.290519728297018	0.536892291087476	-0.472267376832011	0.284953687649986	0.560991923170992	-0.628536847935333	-1.80434590392929
-0.290170814477701	0.536984055291081	-0.468462436309505	0.282171780703205	0.560903856201122	-0.621929957850173	-1.79830139692882
-0.289821900658384	0.537075819494687	-0.464657495786998	0.279389873756423	0.560815789231251	-0.615323067765012	-1.79225688992834
-0.289472986839067	0.537167583698293	-0.460852555264492	0.276607966809641	0.560727722261381	-0.608716177679851	-1.78621238292787
-0.28912407301975	0.537259347901899	-0.457047614741985	0.273826059862859	0.560639655291511	-0.602109287594691	-1.7801678759274
-0.288775159200433	0.537351112105505	-0.453242674219479	0.271044152916078	0.56055158832164	-0.59550239750953	-1.77412336892692
-0.288426245381115	0.537442876309111	-0.449437733696972	0.268262245969296	0.56046352135177	-0.58889550742437	-1.76807886192645
-0.288077331561798	0.537534640512716	-0.445632793174466	0.265480339022514	0.560375454381899	-0.582288617339209	-1.76203435492598
-0.287728417742481	0.537626404716322	-0.441827852651959	0.262698432075732	0.560287387412029	-0.575681727254048	-1.7559898479255
-0.287379503923164	0.537718168919928	-0.438022912129453	0.259916525128951	0.560199320442159	-0.569074837168888	-1.74994534092503
-0.287030590103847	0.537809933123534	-0.434217971606946	0.257134618182169	0.560111253472288	-0.562467947083727	-1.74390083392456
-0.28668167628453	0.53790169732714	-0.43041303108444	0.254352711235387	0.560023186502418	-0.555861056998567	-1.73785632692408
-0.286332762465213	0.537993461530746	-0.426608090561933	0.251570804288605	0.559935119532547	-0.549254166913406	-1.73181181992361
-0.285983848645896	0.538085225734351	-0.422803150039426	0.248788897341824	0.559847052562677	-0.542647276828245	-1.72576731292314
-0.285634934826579	0.538176989937957	-0.41899820951692	0.246006990395042	0.559758985592807	-0.536040386743085	-1.71972280592266
-0.285286021007262	0.538268754141563	-0.415193268994413	0.24322508344826	0.559670918622936	-0.529433496657924	-1.71367829892219
-0.284937107187945	0.538360518345169	-0.411388328471907	0.240443176501478	0.559582851653066	-0.522826606572764	-1.70763379192172
-0.284588193368628	0.538452282548775	-0.4075833879494	0.237661269554697	0.559494784683195	-0.516219716487603	-1.70158928492124
-0.284239279549311	0.538544046752381	-0.403778447426894	0.234879362607915	0.559406717713325	-0.509612826402442	-1.69554477792077
-0.283890365729994	0.538635810955986	-0.399973506904387	0.232097455661133	0.559318650743455	-0.503005936317282	-1.6895002709203
-0.283541451910677	0.538727575159592	-0.396168566381881	0.229315548714351	0.559230583773584	-0.496399046232121	-1.68345576391982
-0.28319253809136	0.538819339363198	-0.392363625859374	0.22653364176757	0.559142516803714	-0.489792156146961	-1.67741125691935
-0.282843624272043	0.538911103566804	-0.388558685336868	0.223751734820788	0.559054449833843	-0.4831852660618	-1.67136674991888
-0.282494710452726	0.53900286777041	-0.384753744814361	0.220969827874006	0.558966382863973	-0.476578375976639	-1.6653222429184
-0.282145796633409	0.539094631974016	-0.380948804291854	0.218187920927224	0.558878315894103	-0.469971485891479	-1.65927773591793
-0.281796882814092	0.539186396177621	-0.377143863769348	0.215406013980442	0.558790248924232	-0.463364595806318	-1.65323322891746
-0.281447968994775	0.539278160381227	-0.373338923246841	0.212624107033661	0.558702181954362	-0.456757705721158	-1.64718872191698
-0.281099055175458	0.539369924584833	-0.369533982724335	0.209842200086879	0.558614114984491	-0.450150815635997	-1.64114421491651
-0.280750141356141	0.539461688788439	-0.365729042201828	0.207060293140097	0.558526048014621	-0.443543925550836	-1.63509970791604
-0.280401227536824	0.539553452992045	-0.361924101679322	0.204278386193315	0.558437981044751	-0.436937035465676	-1.62905520091556
-0.280052313717507	0.539645217195651	-0.358119161156815	0.201496479246534	0.55834991407488	-0.430330145380515	-1.62301069391509
-0.27970339989819	0.539736981399256	-0.354314220634309	0.198714572299752	0.55826184710501	-0.423723255295355	-1.61696618691462
-0.279354486078873	0.539828745602862	-0.350509280111802	0.19593266535297	0.558173780135139	-0.417116365210194	-1.61092167991414
-0.279005572259556	0.539920509806468	-0.346704339589296	0.193150758406188	0.558085713165269	-0.410509475125033	-1.60487717291367
-0.278656658440239	0.540012274010074	-0.342899399066789	0.190368851459407	0.557997646195398	-0.403902585039873	-1.59883266591319
-0.278307744620922	0.54010403821368	-0.339094458544282	0.187586944512625	0.557909579225528	-0.397295694954712	-1.59278815891272
-0.277958830801605	0.540195802417285	-0.335289518021776	0.184805037565843	0.557821512255658	-0.390688804869552	-1.58674365191225
-0.277609916982288	0.540287566620891	-0.331484577499269	0.182023130619061	0.557733445285787	-0.384081914784391	-1.58069914491177
-0.277261003162971	0.540379330824497	-0.327679636976763	0.17924122367228	0.557645378315917	-0.37747502469923	-1.5746546379113
-0.276912089343654	0.540471095028103	-0.323874696454256	0.176459316725498	0.557557311346046	-0.37086813461407	-1.56861013091083
-0.276563175524337	0.540562859231709	-0.32006975593175	0.173677409778716	0.557469244376176	-0.364261244528909	-1.56256562391035
-0.27621426170502	0.540654623435315	-0.316264815409243	0.170895502831934	0.557381177406306	-0.357654354443749	-1.55652111690988
-0.275865347885703	0.54074638763892	-0.312459874886737	0.168113595885153	0.557293110436435	-0.351047464358588	-1.55047660990941
-0.275516434066386	0.540838151842526	-0.30865493436423	0.165331688938371	0.557205043466565	-0.344440574273427	-1.54443210290893
-0.275167520247069	0.540929916046132	-0.304849993841724	0.162549781991589	0.557116976496694	-0.337833684188267	-1.53838759590846
-0.274818606427752	0.541021680249738	-0.301045053319217	0.159767875044807	0.557028909526824	-0.331226794103106	-1.53234308890799
-0.274469692608434	0.541113444453344	-0.297240112796711	0.156985968098026	0.556940842556954	-0.324619904017946	-1.52629858190751
-0.274120778789117	0.54120520865695	-0.293435172274204	0.154204061151244	0.556852775587083	-0.318013013932785	-1.52025407490704
-0.2737718649698	0.541296972860555	-0.289630231751697	0.151422154204462	0.556764708617213	-0.311406123847624	-1.51420956790657
-0.273422951150483	0.541388737064161	-0.285825291229191	0.14864024725768	0.556676641647342	-0.304799233762464	-1.50816506090609
-0.273074037331166	0.541480501267767	-0.282020350706684	0.145858340310899	0.556588574677472	-0.298192343677303	-1.50212055390562
-0.272725123511849	0.541572265471373	-0.278215410184178	0.143076433364117	0.556500507707602	-0.291585453592143	-1.49607604690515
-0.272376209692532	0.541664029674979	-0.274410469661671	0.140294526417335	0.556412440737731	-0.284978563506982	-1.49003153990467
-0.272027295873215	0.541755793878585	-0.270605529139165	0.137512619470553	0.556324373767861	-0.278371673421821	-1.4839870329042
-0.271678382053898	0.54184755808219	-0.266800588616658	0.134730712523771	0.55623630679799	-0.271764783336661	-1.47794252590373
-0.271329468234581	0.541939322285796	-0.262995648094152	0.13194880557699	0.55614823982812	-0.2651578932515	-1.47189801890325
-0.270980554415264	0.542031086489402	-0.259190707571645	0.129166898630208	0.556060172858249	-0.25855100316634	-1.46585351190278
-0.270631640595947	0.542122850693008	-0.255385767049139	0.126384991683426	0.555972105888379	-0.251944113081179	-1.45980900490231
-0.27028272677663	0.542214614896614	-0.251580826526632	0.123603084736644	0.555884038918509	-0.245337222996018	-1.45376449790183
-0.269933812957313	0.54230637910022	-0.247775886004125	0.120821177789863	0.555795971948638	-0.238730332910858	-1.44771999090136
-0.269584899137996	0.542398143303826	-0.243970945481619	0.118039270843081	0.555707904978768	-0.232123442825697	-1.44167548390089
-0.269235985318679	0.542489907507431	-0.240166004959112	0.115257363896299	0.555619838008897	-0.225516552740537	-1.43563097690041
-0.268887071499362	0.542581671711037	-0.236361064436606	0.112475456949517	0.555531771039027	-0.218909662655376	-1.42958646989994
-0.268538157680045	0.542673435914643	-0.232556123914099	0.109693550002736	0.555443704069157	-0.212302772570215	-1.42354196289947
-0.268189243860728	0.542765200118249	-0.228751183391593	0.106911643055954	0.555355637099286	-0.205695882485055	-1.41749745589899
-0.267840330041411	0.542856964321855	-0.224946242869086	0.104129736109172	0.555267570129416	-0.199088992399894	-1.41145294889852
-0.267491416222094	0.542948728525461	-0.22114130234658	0.10134782916239	0.555179503159545	-0.192482102314734	-1.40540844189805
-0.267142502402777	0.543040492729066	-0.217336361824073	0.0985659222156086	0.555091436189675	-0.185875212229573	-1.39936393489757
-0.26679358858346	0.543132256932672	-0.213531421301567	0.0957840152688268	0.555003369219805	-0.179268322144412	-1.3933194278971
-0.266444674764143	0.543224021136278	-0.20972648077906	0.0930021083220451	0.554915302249934	-0.172661432059252	-1.38727492089663
-0.266095760944826	0.543315785339884	-0.205921540256553	0.0902202013752633	0.554827235280064	-0.166054541974091	-1.38123041389615
-0.265746847125509	0.54340754954349	-0.202116599734047	0.0874382944284816	0.554739168310193	-0.159447651888931	-1.37518590689568
-0.265397933306192	0.543499313747095	-0.19831165921154	0.0846563874816998	0.554651101340323	-0.15284076180377	-1.36914139989521
-0.265049019486875	0.543591077950701	-0.194506718689034	0.0818744805349181	0.554563034370453	-0.146233871718609	-1.36309689289473
-0.264700105667558	0.543682842154307	-0.190701778166527	0.0790925735881363	0.554474967400582	-0.139626981633449	-1.35705238589426
-0.264351191848241	0.543774606357913	-0.186896837644021	0.0763106666413546	0.554386900430712	-0.133020091548288	-1.35100787889379
-0.264002278028924	0.543866370561519	-0.183091897121514	0.0735287596945728	0.554298833460841	-0.126413201463128	-1.34496337189331
-0.263653364209607	0.543958134765125	-0.179286956599008	0.070746852747791	0.554210766490971	-0.119806311377967	-1.33891886489284
-0.26330445039029	0.54404989896873	-0.175482016076501	0.0679649458010093	0.554122699521101	-0.113199421292807	-1.33287435789237
-0.262955536570973	0.544141663172336	-0.171677075553995	0.0651830388542275	0.55403463255123	-0.106592531207646	-1.32682985089189
-0.262606622751656	0.544233427375942	-0.167872135031488	0.0624011319074457	0.55394656558136	-0.0999856411224853	-1.32078534389142
-0.262257708932339	0.544325191579548	-0.164067194508982	0.059619224960664	0.553858498611489	-0.0933787510373247	-1.31474083689095
-0.261908795113022	0.544416955783154	-0.160262253986475	0.0568373180138823	0.553770431641619	-0.0867718609521642	-1.30869632989047
-0.261559881293705	0.54450871998676	-0.156457313463969	0.0540554110671005	0.553682364671748	-0.0801649708670036	-1.30265182289
-0.261210967474387	0.544600484190365	-0.152652372941462	0.0512735041203187	0.553594297701878	-0.0735580807818429	-1.29660731588953
-0.26086205365507	0.544692248393971	-0.148847432418955	0.048491597173537	0.553506230732008	-0.0669511906966823	-1.29056280888905
-0.260513139835753	0.544784012597577	-0.145042491896449	0.0457096902267552	0.553418163762137	-0.0603443006115216	-1.28451830188858
-0.260164226016436	0.544875776801183	-0.141237551373942	0.0429277832799734	0.553330096792267	-0.0537374105263612	-1.27847379488811
-0.259815312197119	0.544967541004789	-0.137432610851436	0.0401458763331917	0.553242029822396	-0.0471305204412006	-1.27242928788763
-0.259466398377802	0.545059305208395	-0.133627670328929	0.0373639693864099	0.553153962852526	-0.0405236303560399	-1.26638478088716
-0.259117484558485	0.545151069412	-0.129822729806423	0.0345820624396282	0.553065895882656	-0.0339167402708794	-1.26034027388669
-0.258768570739168	0.545242833615606	-0.126017789283916	0.0318001554928464	0.552977828912785	-0.0273098501857187	-1.25429576688621
-0.258419656919851	0.545334597819212	-0.12221284876141	0.0290182485460647	0.552889761942915	-0.0207029601005582	-1.24825125988574
-0.258070743100534	0.545426362022818	-0.118407908238903	0.0262363415992829	0.552801694973044	-0.0140960700153975	-1.24220675288526
-0.257721829281217	0.545518126226424	-0.114602967716396	0.0234544346525011	0.552713628003174	-0.00748917993023701	-1.23616224588479
-0.2573729154619	0.54560989043003	-0.11079802719389	0.0206725277057194	0.552625561033304	-0.000882289845076323	-1.23011773888432
-0.257024001642583	0.545701654633635	-0.106993086671383	0.0178906207589376	0.552537494063433	0.00572460024008425	-1.22407323188384
-0.256675087823266	0.545793418837241	-0.103188146148877	0.0151087138121558	0.552449427093563	0.0123314903252449	-1.21802872488337
-0.256326174003949	0.545885183040847	-0.0993832056263703	0.0123268068653741	0.552361360123692	0.0189383804104054	-1.2119842178829
-0.255977260184632	0.545976947244453	-0.0955782651038638	0.00954489991859236	0.552273293153822	0.025545270495566	-1.20593971088242
-0.255628346365315	0.546068711448059	-0.0917733245813572	0.00676299297181054	0.552185226183952	0.0321521605807267	-1.19989520388195
-0.255279432545998	0.546160475651665	-0.0879683840588507	0.00398108602502883	0.552097159214081	0.0387590506658873	-1.19385069688148
-0.254930518726681	0.54625223985527	-0.0841634435363441	0.00119917907824707	0.552009092244211	0.0453659407510478	-1.187806189881
-0.254581604907364	0.546344004058876	-0.0803585030138376	-0.00158272786853469	0.55192102527434	0.0519728308362084	-1.18176168288053
-0.254232691088047	0.546435768262482	-0.0765535624913311	-0.00436463481531646	0.55183295830447	0.0585797209213691	-1.17571717588006
-0.25388377726873	0.546527532466088	-0.0727486219688245	-0.00714654176209822	0.5517448913346	0.0651866110065297	-1.16967266887958
-0.253534863449413	0.546619296669694	-0.068943681446318	-0.00992844870887999	0.551656824364729	0.0717935010916904	-1.16362816187911
-0.253185949630096	0.5467110608733	-0.0651387409238114	-0.0127103556556618	0.551568757394859	0.0784003911768508	-1.15758365487864
-0.252837035810779	0.546802825076905	-0.0613338004013049	-0.0154922626024435	0.551480690424988	0.0850072812620115	-1.15153914787816
-0.252488121991462	0.546894589280511	-0.0575288598787984	-0.0182741695492253	0.551392623455118	0.0916141713471721	-1.14549464087769
-0.252139208172145	0.546986353484117	-0.0537239193562918	-0.021056076496007	0.551304556485248	0.0982210614323326	-1.13945013387722
-0.251790294352828	0.547078117687723	-0.0499189788337853	-0.0238379834427888	0.551216489515377	0.104827951517493	-1.13340562687674
-0.251441380533511	0.547169881891329	-0.0461140383112788	-0.0266198903895705	0.551128422545507	0.111434841602654	-1.12736111987627
-0.251092466714194	0.547261646094935	-0.0423090977887721	-0.0294017973363523	0.551040355575636	0.118041731687815	-1.1213166128758
-0.250743552894877	0.54735341029854	-0.0385041572662657	-0.0321837042831341	0.550952288605766	0.124648621772975	-1.11527210587532
-0.25039463907556	0.547445174502146	-0.0346992167437591	-0.0349656112299158	0.550864221635896	0.131255511858136	-1.10922759887485
-0.250045725256243	0.547536938705752	-0.0308942762212525	-0.0377475181766976	0.550776154666025	0.137862401943296	-1.10318309187438
-0.249696811436926	0.547628702909358	-0.0270893356987459	-0.0405294251234793	0.550688087696155	0.144469292028457	-1.0971385848739
-0.249347897617609	0.547720467112964	-0.0232843951762395	-0.0433113320702611	0.550600020726284	0.151076182113617	-1.09109407787343
-0.248998983798292	0.54781223131657	-0.0194794546537329	-0.0460932390170429	0.550511953756414	0.157683072198778	-1.08504957087296
-0.248650069978975	0.547903995520175	-0.0156745141312263	-0.0488751459638246	0.550423886786543	0.164289962283939	-1.07900506387248
-0.248301156159658	0.547995759723781	-0.0118695736087199	-0.0516570529106063	0.550335819816673	0.170896852369099	-1.07296055687201
-0.247952242340341	0.548087523927387	-0.0080646330862133	-0.0544389598573881	0.550247752846803	0.17750374245426	-1.06691604987154
-0.247603328521024	0.548179288130993	-0.00425969256370673	-0.0572208668041699	0.550159685876932	0.18411063253942	-1.06087154287106
-0.247254414701706	0.548271052334599	-0.000454752041200157	-0.0600027737509516	0.550071618907062	0.190717522624581	-1.05482703587059
-0.246905500882389	0.548362816538205	0.0033501884813063	-0.0627846806977334	0.549983551937191	0.197324412709742	-1.04878252887012
-0.246556587063072	0.54845458074181	0.00715512900381288	-0.0655665876445152	0.549895484967321	0.203931302794902	-1.04273802186964
-0.246207673243755	0.548546344945416	0.0109600695263194	-0.0683484945912969	0.549807417997451	0.210538192880063	-1.03669351486917
-0.245858759424438	0.548638109149022	0.014765010048826	-0.0711304015380787	0.54971935102758	0.217145082965224	-1.0306490078687
-0.245509845605121	0.548729873352628	0.0185699505713325	-0.0739123084848604	0.54963128405771	0.223751973050384	-1.02460450086822
-0.245160931785804	0.548821637556234	0.0223748910938391	-0.0766942154316422	0.549543217087839	0.230358863135545	-1.01855999386775
-0.244812017966487	0.548913401759839	0.0261798316163456	-0.0794761223784239	0.549455150117969	0.236965753220705	-1.01251548686728
-0.24446310414717	0.549005165963445	0.0299847721388521	-0.0822580293252057	0.549367083148099	0.243572643305866	-1.0064709798668
-0.244114190327853	0.549096930167051	0.0337897126613587	-0.0850399362719875	0.549279016178228	0.250179533391026	-1.00042647286633
-0.243765276508536	0.549188694370657	0.0375946531838652	-0.0878218432187692	0.549190949208358	0.256786423476187	-0.994381965865856
-0.243416362689219	0.549280458574263	0.0413995937063718	-0.090603750165551	0.549102882238487	0.263393313561348	-0.988337458865383
-0.243067448869902	0.549372222777869	0.0452045342288783	-0.0933856571123328	0.549014815268617	0.270000203646508	-0.982292951864909
-0.242718535050585	0.549463986981474	0.0490094747513848	-0.0961675640591145	0.548926748298747	0.276607093731669	-0.976248444864436
-0.242369621231268	0.54955575118508	0.0528144152738914	-0.0989494710058962	0.548838681328876	0.283213983816829	-0.970203937863962
-0.242020707411951	0.549647515388686	0.056619355796398	-0.101731377952678	0.548750614359006	0.28982087390199	-0.964159430863489
-0.241671793592634	0.549739279592292	0.0604242963189044	-0.10451328489946	0.548662547389135	0.296427763987151	-0.958114923863016
-0.241322879773317	0.549831043795898	0.064229236841411	-0.107295191846242	0.548574480419265	0.303034654072311	-0.952070416862542
-0.240973965954	0.549922807999504	0.0680341773639176	-0.110077098793023	0.548486413449395	0.309641544157472	-0.946025909862069
-0.240625052134683	0.550014572203109	0.0718391178864241	-0.112859005739805	0.548398346479524	0.316248434242632	-0.939981402861596
-0.240276138315366	0.550106336406715	0.0756440584089306	-0.115640912686587	0.548310279509654	0.322855324327793	-0.933936895861122
-0.239927224496049	0.550198100610321	0.0794489989314372	-0.118422819633369	0.548222212539783	0.329462214412954	-0.927892388860649
-0.239578310676732	0.550289864813927	0.0832539394539438	-0.12120472658015	0.548134145569913	0.336069104498114	-0.921847881860175
-0.239229396857415	0.550381629017533	0.0870588799764502	-0.123986633526932	0.548046078600043	0.342675994583275	-0.915803374859702
-0.238880483038098	0.550473393221139	0.0908638204989568	-0.126768540473714	0.547958011630172	0.349282884668435	-0.909758867859229
-0.238531569218781	0.550565157424744	0.0946687610214634	-0.129550447420496	0.547869944660302	0.355889774753596	-0.903714360858755
-0.238182655399464	0.55065692162835	0.0984737015439699	-0.132332354367277	0.547781877690431	0.362496664838757	-0.897669853858282
-0.237833741580147	0.550748685831956	0.102278642066476	-0.135114261314059	0.547693810720561	0.369103554923917	-0.891625346857808
-0.23748482776083	0.550840450035562	0.106083582588983	-0.137896168260841	0.54760574375069	0.375710445009078	-0.885580839857335
-0.237135913941513	0.550932214239168	0.10988852311149	-0.140678075207623	0.54751767678082	0.382317335094238	-0.879536332856862
-0.236787000122196	0.551023978442774	0.113693463633996	-0.143459982154404	0.54742960981095	0.388924225179399	-0.873491825856388
-0.236438086302879	0.551115742646379	0.117498404156503	-0.146241889101186	0.547341542841079	0.39553111526456	-0.867447318855915
-0.236089172483562	0.551207506849985	0.121303344679009	-0.149023796047968	0.547253475871209	0.40213800534972	-0.861402811855442
-0.235740258664245	0.551299271053591	0.125108285201516	-0.15180570299475	0.547165408901338	0.408744895434881	-0.855358304854968
-0.235391344844928	0.551391035257197	0.128913225724022	-0.154587609941531	0.547077341931468	0.415351785520041	-0.849313797854495
-0.235042431025611	0.551482799460803	0.132718166246529	-0.157369516888313	0.546989274961598	0.421958675605202	-0.843269290854021
-0.234693517206294	0.551574563664409	0.136523106769035	-0.160151423835095	0.546901207991727	0.428565565690363	-0.837224783853548
-0.234344603386977	0.551666327868014	0.140328047291542	-0.162933330781877	0.546813141021857	0.435172455775523	-0.831180276853074
-0.233995689567659	0.55175809207162	0.144132987814048	-0.165715237728659	0.546725074051986	0.441779345860684	-0.825135769852601
-0.233646775748342	0.551849856275226	0.147937928336555	-0.16849714467544	0.546637007082116	0.448386235945845	-0.819091262852128
-0.233297861929025	0.551941620478832	0.151742868859062	-0.171279051622222	0.546548940112246	0.454993126031005	-0.813046755851654
-0.232948948109708	0.552033384682438	0.155547809381568	-0.174060958569004	0.546460873142375	0.461600016116166	-0.807002248851181
-0.232600034290391	0.552125148886044	0.159352749904075	-0.176842865515785	0.546372806172505	0.468206906201326	-0.800957741850707
-0.232251120471074	0.552216913089649	0.163157690426581	-0.179624772462567	0.546284739202634	0.474813796286487	-0.794913234850234
-0.231902206651757	0.552308677293255	0.166962630949088	-0.182406679409349	0.546196672232764	0.481420686371648	-0.788868727849761
-0.23155329283244	0.552400441496861	0.170767571471594	-0.185188586356131	0.546108605262894	0.488027576456808	-0.782824220849287
-0.231204379013123	0.552492205700467	0.174572511994101	-0.187970493302913	0.546020538293023	0.494634466541969	-0.776779713848814
-0.230855465193806	0.552583969904073	0.178377452516607	-0.190752400249694	0.545932471323153	0.501241356627129	-0.77073520684834
-0.230506551374489	0.552675734107679	0.182182393039114	-0.193534307196476	0.545844404353282	0.50784824671229	-0.764690699847867
-0.230157637555172	0.552767498311284	0.185987333561621	-0.196316214143258	0.545756337383412	0.514455136797451	-0.758646192847394
-0.229808723735855	0.55285926251489	0.189792274084127	-0.19909812109004	0.545668270413541	0.521062026882611	-0.75260168584692
-0.229459809916538	0.552951026718496	0.193597214606634	-0.201880028036821	0.545580203443671	0.527668916967772	-0.746557178846447
-0.229110896097221	0.553042790922102	0.19740215512914	-0.204661934983603	0.545492136473801	0.534275807052933	-0.740512671845973
-0.228761982277904	0.553134555125708	0.201207095651647	-0.207443841930385	0.54540406950393	0.540882697138093	-0.7344681648455
-0.228413068458587	0.553226319329314	0.205012036174153	-0.210225748877167	0.54531600253406	0.547489587223253	-0.728423657845027
-0.22806415463927	0.553318083532919	0.20881697669666	-0.213007655823948	0.545227935564189	0.554096477308414	-0.722379150844553
-0.227715240819953	0.553409847736525	0.212621917219166	-0.21578956277073	0.545139868594319	0.560703367393575	-0.71633464384408
-0.227366327000636	0.553501611940131	0.216426857741673	-0.218571469717512	0.545051801624449	0.567310257478735	-0.710290136843607
-0.227017413181319	0.553593376143737	0.220231798264179	-0.221353376664294	0.544963734654578	0.573917147563896	-0.704245629843133
-0.226668499362002	0.553685140347343	0.224036738786686	-0.224135283611076	0.544875667684708	0.580524037649057	-0.69820112284266
-0.226319585542685	0.553776904550949	0.227841679309192	-0.226917190557857	0.544787600714837	0.587130927734217	-0.692156615842187
-0.225970671723368	0.553868668754554	0.231646619831699	-0.229699097504639	0.544699533744967	0.593737817819378	-0.686112108841713
-0.225621757904051	0.55396043295816	0.235451560354206	-0.232481004451421	0.544611466775097	0.600344707904538	-0.68006760184124
-0.225272844084734	0.554052197161766	0.239256500876712	-0.235262911398203	0.544523399805226	0.606951597989699	-0.674023094840766
-0.224923930265417	0.554143961365372	0.243061441399219	-0.238044818344984	0.544435332835356	0.613558488074859	-0.667978587840293
-0.2245750164461	0.554235725568978	0.246866381921725	-0.240826725291766	0.544347265865485	0.62016537816002	-0.66193408083982
-0.224226102626783	0.554327489772584	0.250671322444232	-0.243608632238548	0.544259198895615	0.626772268245181	-0.655889573839346
-0.223877188807466	0.554419253976189	0.254476262966738	-0.24639053918533	0.544171131925745	0.633379158330341	-0.649845066838873
-0.223528274988149	0.554511018179795	0.258281203489245	-0.249172446132111	0.544083064955874	0.639986048415502	-0.643800559838399
-0.223179361168832	0.554602782383401	0.262086144011751	-0.251954353078893	0.543994997986004	0.646592938500662	-0.637756052837926
-0.222830447349515	0.554694546587007	0.265891084534258	-0.254736260025675	0.543906931016133	0.653199828585823	-0.631711545837453
-0.222481533530198	0.554786310790613	0.269696025056764	-0.257518166972456	0.543818864046263	0.659806718670984	-0.625667038836979
-0.222132619710881	0.554878074994218	0.273500965579271	-0.260300073919238	0.543730797076393	0.666413608756144	-0.619622531836506
-0.221783705891564	0.554969839197824	0.277305906101777	-0.26308198086602	0.543642730106522	0.673020498841305	-0.613578024836033
-0.221434792072247	0.55506160340143	0.281110846624284	-0.265863887812802	0.543554663136652	0.679627388926465	-0.607533517835559
-0.22108587825293	0.555153367605036	0.284915787146791	-0.268645794759584	0.543466596166781	0.686234279011626	-0.601489010835086
-0.220736964433613	0.555245131808642	0.288720727669297	-0.271427701706365	0.543378529196911	0.692841169096787	-0.595444503834612
-0.220388050614296	0.555336896012248	0.292525668191804	-0.274209608653147	0.54329046222704	0.699448059181947	-0.589399996834139
-0.220039136794978	0.555428660215854	0.29633060871431	-0.276991515599929	0.54320239525717	0.706054949267108	-0.583355489833665
-0.219690222975661	0.555520424419459	0.300135549236817	-0.279773422546711	0.5431143282873	0.712661839352269	-0.577310982833192
-0.219341309156344	0.555612188623065	0.303940489759323	-0.282555329493492	0.543026261317429	0.719268729437429	-0.571266475832719
-0.218992395337027	0.555703952826671	0.30774543028183	-0.285337236440274	0.542938194347559	0.725875619522589	-0.565221968832246
-0.21864348151771	0.555795717030277	0.311550370804336	-0.288119143387056	0.542850127377688	0.73248250960775	-0.559177461831772
-0.218294567698393	0.555887481233883	0.315355311326843	-0.290901050333838	0.542762060407818	0.739089399692911	-0.553132954831298
-0.217945653879076	0.555979245437489	0.319160251849349	-0.293682957280619	0.542673993437948	0.745696289778071	-0.547088447830825
-0.217596740059759	0.556071009641094	0.322965192371856	-0.296464864227401	0.542585926468077	0.752303179863232	-0.541043940830352
-0.217247826240442	0.5561627738447	0.326770132894363	-0.299246771174183	0.542497859498207	0.758910069948393	-0.534999433829878
-0.216898912421125	0.556254538048306	0.330575073416869	-0.302028678120965	0.542409792528336	0.765516960033553	-0.528954926829405
-0.216549998601808	0.556346302251912	0.334380013939376	-0.304810585067746	0.542321725558466	0.772123850118714	-0.522910419828932
-0.216201084782491	0.556438066455518	0.338184954461882	-0.307592492014528	0.542233658588596	0.778730740203874	-0.516865912828458
-0.215852170963174	0.556529830659124	0.341989894984389	-0.31037439896131	0.542145591618725	0.785337630289035	-0.510821405827985
-0.215503257143857	0.556621594862729	0.345794835506895	-0.313156305908092	0.542057524648855	0.791944520374195	-0.504776898827512
-0.21515434332454	0.556713359066335	0.349599776029402	-0.315938212854874	0.541969457678984	0.798551410459356	-0.498732391827038
-0.214805429505223	0.556805123269941	0.353404716551908	-0.318720119801655	0.541881390709114	0.805158300544517	-0.492687884826565
-0.214456515685906	0.556896887473547	0.357209657074415	-0.321502026748437	0.541793323739244	0.811765190629677	-0.486643377826091
-0.214107601866589	0.556988651677153	0.361014597596921	-0.324283933695219	0.541705256769373	0.818372080714838	-0.480598870825618
-0.213758688047272	0.557080415880759	0.364819538119428	-0.327065840642001	0.541617189799503	0.824978970799999	-0.474554363825145
-0.213409774227955	0.557172180084364	0.368624478641934	-0.329847747588782	0.541529122829632	0.831585860885159	-0.468509856824671
-0.213060860408638	0.55726394428797	0.372429419164441	-0.332629654535564	0.541441055859762	0.83819275097032	-0.462465349824198
-0.212711946589321	0.557355708491576	0.376234359686948	-0.335411561482346	0.541352988889892	0.84479964105548	-0.456420842823724
-0.212363032770004	0.557447472695182	0.380039300209454	-0.338193468429128	0.541264921920021	0.851406531140641	-0.450376335823251
-0.212014118950687	0.557539236898788	0.383844240731961	-0.340975375375909	0.541176854950151	0.858013421225801	-0.444331828822778
-0.21166520513137	0.557631001102393	0.387649181254467	-0.343757282322691	0.54108878798028	0.864620311310962	-0.438287321822304
-0.211316291312053	0.557722765305999	0.391454121776974	-0.346539189269473	0.54100072101041	0.871227201396123	-0.432242814821831
-0.210967377492736	0.557814529509605	0.39525906229948	-0.349321096216255	0.54091265404054	0.877834091481283	-0.426198307821357
-0.210618463673419	0.557906293713211	0.399064002821987	-0.352103003163036	0.540824587070669	0.884440981566444	-0.420153800820884
-0.210269549854102	0.557998057916817	0.402868943344493	-0.354884910109818	0.540736520100799	0.891047871651605	-0.414109293820411
-0.209920636034785	0.558089822120423	0.406673883867	-0.3576668170566	0.540648453130928	0.897654761736765	-0.408064786819937
-0.209571722215468	0.558181586324028	0.410478824389506	-0.360448724003382	0.540560386161058	0.904261651821926	-0.402020279819464
-0.209222808396151	0.558273350527634	0.414283764912013	-0.363230630950163	0.540472319191188	0.910868541907086	-0.395975772818991
-0.208873894576834	0.55836511473124	0.418088705434519	-0.366012537896945	0.540384252221317	0.917475431992247	-0.389931265818517
-0.208524980757517	0.558456878934846	0.421893645957026	-0.368794444843727	0.540296185251447	0.924082322077408	-0.383886758818044
-0.2081760669382	0.558548643138452	0.425698586479533	-0.371576351790509	0.540208118281576	0.930689212162568	-0.37784225181757
-0.207827153118883	0.558640407342058	0.429503527002039	-0.374358258737291	0.540120051311706	0.937296102247729	-0.371797744817097
-0.207478239299566	0.558732171545663	0.433308467524546	-0.377140165684072	0.540031984341836	0.943902992332889	-0.365753237816623
-0.207129325480249	0.558823935749269	0.437113408047052	-0.379922072630854	0.539943917371965	0.95050988241805	-0.35970873081615
-0.206780411660932	0.558915699952875	0.440918348569559	-0.382703979577636	0.539855850402095	0.95711677250321	-0.353664223815677
-0.206431497841614	0.559007464156481	0.444723289092065	-0.385485886524417	0.539767783432224	0.963723662588371	-0.347619716815204
-0.206082584022297	0.559099228360087	0.448528229614572	-0.388267793471199	0.539679716462354	0.970330552673532	-0.34157520981473
-0.20573367020298	0.559190992563693	0.452333170137079	-0.391049700417981	0.539591649492483	0.976937442758693	-0.335530702814256
-0.205384756383663	0.559282756767298	0.456138110659585	-0.393831607364763	0.539503582522613	0.983544332843853	-0.329486195813783
-0.205035842564346	0.559374520970904	0.459943051182091	-0.396613514311545	0.539415515552743	0.990151222929013	-0.32344168881331
-0.204686928745029	0.55946628517451	0.463747991704598	-0.399395421258326	0.539327448582872	0.996758113014174	-0.317397181812836
-0.204338014925712	0.559558049378116	0.467552932227104	-0.402177328205108	0.539239381613002	1.00336500309933	-0.311352674812363
-0.203989101106395	0.559649813581722	0.471357872749611	-0.40495923515189	0.539151314643131	1.0099718931845	-0.30530816781189
-0.203640187287078	0.559741577785328	0.475162813272118	-0.407741142098671	0.539063247673261	1.01657878326966	-0.299263660811416
-0.203291273467761	0.559833341988933	0.478967753794624	-0.410523049045453	0.538975180703391	1.02318567335482	-0.293219153810943
-0.202942359648444	0.559925106192539	0.482772694317131	-0.413304955992235	0.53888711373352	1.02979256343998	-0.287174646810469
-0.202593445829127	0.560016870396145	0.486577634839637	-0.416086862939017	0.53879904676365	1.03639945352514	-0.281130139809996
-0.20224453200981	0.560108634599751	0.490382575362144	-0.418868769885799	0.538710979793779	1.0430063436103	-0.275085632809523
-0.201895618190493	0.560200398803357	0.49418751588465	-0.42165067683258	0.538622912823909	1.04961323369546	-0.269041125809049
-0.201546704371176	0.560292163006963	0.497992456407157	-0.424432583779362	0.538534845854039	1.05622012378062	-0.262996618808576
-0.201197790551859	0.560383927210568	0.501797396929663	-0.427214490726144	0.538446778884168	1.06282701386578	-0.256952111808103
-0.200848876732542	0.560475691414174	0.50560233745217	-0.429996397672926	0.538358711914298	1.06943390395094	-0.250907604807629
-0.200499962913225	0.56056745561778	0.509407277974677	-0.432778304619707	0.538270644944427	1.0760407940361	-0.244863097807156
-0.200151049093908	0.560659219821386	0.513212218497183	-0.435560211566489	0.538182577974557	1.08264768412126	-0.238818590806682
-0.199802135274591	0.560750984024992	0.51701715901969	-0.438342118513271	0.538094511004687	1.08925457420642	-0.232774083806209
-0.199453221455274	0.560842748228598	0.520822099542196	-0.441124025460053	0.538006444034816	1.09586146429158	-0.226729576805736
-0.199104307635957	0.560934512432203	0.524627040064703	-0.443905932406834	0.537918377064946	1.10246835437674	-0.220685069805262
-0.19875539381664	0.561026276635809	0.528431980587209	-0.446687839353616	0.537830310095075	1.1090752444619	-0.214640562804789
-0.198406479997323	0.561118040839415	0.532236921109716	-0.449469746300398	0.537742243125205	1.11568213454706	-0.208596055804315
-0.198057566178006	0.561209805043021	0.536041861632222	-0.45225165324718	0.537654176155335	1.12228902463223	-0.202551548803842
-0.197708652358689	0.561301569246627	0.539846802154729	-0.455033560193962	0.537566109185464	1.12889591471739	-0.196507041803369
-0.197359738539372	0.561393333450233	0.543651742677235	-0.457815467140743	0.537478042215594	1.13550280480255	-0.190462534802895
-0.197010824720055	0.561485097653838	0.547456683199742	-0.460597374087525	0.537389975245723	1.14210969488771	-0.184418027802422
-0.196661910900738	0.561576861857444	0.551261623722249	-0.463379281034307	0.537301908275853	1.14871658497287	-0.178373520801949
-0.196312997081421	0.56166862606105	0.555066564244755	-0.466161187981088	0.537213841305982	1.15532347505803	-0.172329013801475
-0.195964083262104	0.561760390264656	0.558871504767262	-0.46894309492787	0.537125774336112	1.16193036514319	-0.166284506801002
-0.195615169442787	0.561852154468262	0.562676445289768	-0.471725001874652	0.537037707366242	1.16853725522835	-0.160239999800528
-0.19526625562347	0.561943918671868	0.566481385812275	-0.474506908821434	0.536949640396371	1.17514414531351	-0.154195492800055
-0.194917341804153	0.562035682875473	0.570286326334781	-0.477288815768216	0.536861573426501	1.18175103539867	-0.148150985799581
-0.194568427984836	0.562127447079079	0.574091266857288	-0.480070722714997	0.53677350645663	1.18835792548383	-0.142106478799108
-0.194219514165519	0.562219211282685	0.577896207379794	-0.482852629661779	0.53668543948676	1.19496481556899	-0.136061971798635
-0.193870600346202	0.562310975486291	0.581701147902301	-0.485634536608561	0.53659737251689	1.20157170565415	-0.130017464798162
-0.193521686526885	0.562402739689897	0.585506088424807	-0.488416443555342	0.536509305547019	1.20817859573931	-0.123972957797688
-0.193172772707567	0.562494503893503	0.589311028947314	-0.491198350502124	0.536421238577149	1.21478548582447	-0.117928450797214
-0.19282385888825	0.562586268097108	0.59311596946982	-0.493980257448906	0.536333171607278	1.22139237590963	-0.111883943796741
-0.192474945068933	0.562678032300714	0.596920909992327	-0.496762164395688	0.536245104637408	1.2279992659948	-0.105839436796268
-0.192126031249616	0.56276979650432	0.600725850514834	-0.49954407134247	0.536157037667538	1.23460615607996	-0.0997949297957945
-0.191777117430299	0.562861560707926	0.60453079103734	-0.502325978289251	0.536068970697667	1.24121304616512	-0.093750422795321
-0.191428203610982	0.562953324911532	0.608335731559847	-0.505107885236033	0.535980903727797	1.24781993625028	-0.0877059157948477
-0.191079289791665	0.563045089115138	0.612140672082353	-0.507889792182815	0.535892836757926	1.25442682633544	-0.0816614087943743
-0.190730375972348	0.563136853318743	0.61594561260486	-0.510671699129597	0.535804769788056	1.2610337164206	-0.0756169017939008
-0.190381462153031	0.563228617522349	0.619750553127366	-0.513453606076378	0.535716702818186	1.26764060650576	-0.0695723947934275
-0.190032548333714	0.563320381725955	0.623555493649873	-0.51623551302316	0.535628635848315	1.27424749659092	-0.0635278877929539
-0.189683634514397	0.563412145929561	0.627360434172379	-0.519017419969942	0.535540568878445	1.28085438667608	-0.0574833807924806
-0.18933472069508	0.563503910133167	0.631165374694886	-0.521799326916724	0.535452501908574	1.28746127676124	-0.0514388737920073
-0.188985806875763	0.563595674336772	0.634970315217392	-0.524581233863505	0.535364434938704	1.2940681668464	-0.045394366791534
-0.188636893056446	0.563687438540378	0.638775255739899	-0.527363140810287	0.535276367968833	1.30067505693156	-0.0393498597910606
-0.188287979237129	0.563779202743984	0.642580196262406	-0.530145047757069	0.535188300998963	1.30728194701672	-0.0333053527905871
-0.187939065417812	0.56387096694759	0.646385136784912	-0.532926954703851	0.535100234029093	1.31388883710188	-0.0272608457901138
-0.187590151598495	0.563962731151196	0.650190077307419	-0.535708861650632	0.535012167059222	1.32049572718704	-0.0212163387896402
-0.187241237779178	0.564054495354802	0.653995017829925	-0.538490768597414	0.534924100089352	1.3271026172722	-0.0151718317891667
-0.186892323959861	0.564146259558407	0.657799958352432	-0.541272675544196	0.534836033119481	1.33370950735736	-0.0091273247886936
-0.186543410140544	0.564238023762013	0.661604898874938	-0.544054582490978	0.534747966149611	1.34031639744253	-0.00308281778822028
-0.186194496321227	0.564329787965619	0.665409839397445	-0.54683648943776	0.534659899179741	1.34692328752769	0.00296168921225304
-0.18584558250191	0.564421552169225	0.669214779919951	-0.549618396384541	0.53457183220987	1.35353017761285	0.00900619621272658
-0.185496668682593	0.564513316372831	0.673019720442458	-0.552400303331323	0.53448376524	1.36013706769801	0.0150507032132001
-0.185147754863276	0.564605080576437	0.676824660964964	-0.555182210278105	0.534395698270129	1.36674395778317	0.0210952102136734
-0.184798841043959	0.564696844780042	0.680629601487471	-0.557964117224887	0.534307631300259	1.37335084786833	0.027139717214147
-0.184449927224642	0.564788608983648	0.684434542009978	-0.560746024171668	0.534219564330389	1.37995773795349	0.0331842242146201
-0.184101013405325	0.564880373187254	0.688239482532484	-0.56352793111845	0.534131497360518	1.38656462803865	0.0392287312150936
-0.183752099586008	0.56497213739086	0.69204442305499	-0.566309838065232	0.534043430390648	1.39317151812381	0.0452732382155667
-0.183403185766691	0.565063901594466	0.695849363577497	-0.569091745012013	0.533955363420777	1.39977840820897	0.0513177452160403
-0.183054271947374	0.565155665798072	0.699654304100004	-0.571873651958795	0.533867296450907	1.40638529829413	0.0573622522165138
-0.182705358128057	0.565247430001677	0.70345924462251	-0.574655558905577	0.533779229481037	1.41299218837929	0.0634067592169871
-0.18235644430874	0.565339194205283	0.707264185145017	-0.577437465852359	0.533691162511166	1.41959907846445	0.0694512662174607
-0.182007530489423	0.565430958408889	0.711069125667523	-0.58021937279914	0.533603095541296	1.42620596854961	0.0754957732179338
-0.181658616670106	0.565522722612495	0.71487406619003	-0.583001279745922	0.533515028571425	1.43281285863477	0.0815402802184071
-0.181309702850789	0.565614486816101	0.718679006712536	-0.585783186692704	0.533426961601555	1.43941974871993	0.0875847872188804
-0.180960789031472	0.565706251019707	0.722483947235043	-0.588565093639486	0.533338894631685	1.4460266388051	0.0936292942193542
-0.180611875212155	0.565798015223312	0.72628888775755	-0.591347000586268	0.533250827661814	1.45263352889026	0.0996738012198275
-0.180262961392838	0.565889779426918	0.730093828280056	-0.594128907533049	0.533162760691944	1.45924041897542	0.105718308220301
-0.179914047573521	0.565981543630524	0.733898768802563	-0.596910814479831	0.533074693722073	1.46584730906058	0.111762815220774
-0.179565133754203	0.56607330783413	0.737703709325069	-0.599692721426613	0.532986626752203	1.47245419914574	0.117807322221247
-0.179216219934886	0.566165072037736	0.741508649847576	-0.602474628373395	0.532898559782332	1.4790610892309	0.123851829221721
-0.178867306115569	0.566256836241342	0.745313590370082	-0.605256535320176	0.532810492812462	1.48566797931606	0.129896336222195
-0.178518392296252	0.566348600444947	0.749118530892589	-0.608038442266958	0.532722425842592	1.49227486940122	0.135940843222668
-0.178169478476935	0.566440364648553	0.752923471415095	-0.61082034921374	0.532634358872721	1.49888175948638	0.141985350223141
-0.177820564657618	0.566532128852159	0.756728411937602	-0.613602256160522	0.532546291902851	1.50548864957154	0.148029857223615
-0.177471650838301	0.566623893055765	0.760533352460108	-0.616384163107303	0.53245822493298	1.5120955396567	0.154074364224088
-0.177122737018984	0.566715657259371	0.764338292982615	-0.619166070054085	0.53237015796311	1.51870242974186	0.160118871224561
-0.176773823199667	0.566807421462977	0.768143233505121	-0.621947977000867	0.53228209099324	1.52530931982702	0.166163378225035
-0.17642490938035	0.566899185666582	0.771948174027628	-0.624729883947649	0.532194024023369	1.53191620991218	0.172207885225508
-0.176075995561033	0.566990949870188	0.775753114550134	-0.627511790894431	0.532105957053499	1.53852309999734	0.178252392225982
-0.175727081741716	0.567082714073794	0.779558055072641	-0.630293697841212	0.532017890083628	1.5451299900825	0.184296899226455
-0.175378167922399	0.5671744782774	0.783362995595148	-0.633075604787994	0.531929823113758	1.55173688016766	0.190341406226928
-0.175029254103082	0.567266242481006	0.787167936117654	-0.635857511734776	0.531841756143888	1.55834377025283	0.196385913227402
-0.174680340283765	0.567358006684612	0.790972876640161	-0.638639418681558	0.531753689174017	1.56495066033799	0.202430420227875
-0.174331426464448	0.567449770888217	0.794777817162667	-0.641421325628339	0.531665622204147	1.57155755042315	0.208474927228349
-0.173982512645131	0.567541535091823	0.798582757685174	-0.644203232575121	0.531577555234276	1.57816444050831	0.214519434228822
-0.173633598825814	0.567633299295429	0.80238769820768	-0.646985139521903	0.531489488264406	1.58477133059347	0.220563941229295
-0.173284685006497	0.567725063499035	0.806192638730187	-0.649767046468684	0.531401421294536	1.59137822067863	0.226608448229769
-0.17293577118718	0.567816827702641	0.809997579252693	-0.652548953415466	0.531313354324665	1.59798511076379	0.232652955230242
-0.172586857367863	0.567908591906247	0.8138025197752	-0.655330860362248	0.531225287354795	1.60459200084895	0.238697462230716
-0.172237943548546	0.568000356109852	0.817607460297707	-0.65811276730903	0.531137220384924	1.61119889093411	0.244741969231189
-0.171889029729229	0.568092120313458	0.821412400820213	-0.660894674255812	0.531049153415054	1.61780578101927	0.250786476231662
-0.171540115909912	0.568183884517064	0.82521734134272	-0.663676581202593	0.530961086445184	1.62441267110443	0.256830983232136
-0.171191202090595	0.56827564872067	0.829022281865226	-0.666458488149375	0.530873019475313	1.63101956118959	0.262875490232609
-0.170842288271278	0.568367412924276	0.832827222387733	-0.669240395096157	0.530784952505443	1.63762645127475	0.268919997233082
-0.170493374451961	0.568459177127882	0.836632162910239	-0.672022302042939	0.530696885535572	1.64423334135991	0.274964504233556
-0.170144460632644	0.568550941331487	0.840437103432746	-0.67480420898972	0.530608818565702	1.65084023144507	0.281009011234029
-0.169795546813327	0.568642705535093	0.844242043955252	-0.677586115936502	0.530520751595832	1.65744712153023	0.287053518234503
-0.16944663299401	0.568734469738699	0.848046984477759	-0.680368022883284	0.530432684625961	1.66405401161539	0.293098025234976
-0.169097719174693	0.568826233942305	0.851851925000266	-0.683149929830066	0.530344617656091	1.67066090170056	0.29914253223545
-0.168748805355376	0.568917998145911	0.855656865522772	-0.685931836776847	0.53025655068622	1.67726779178572	0.305187039235923
-0.168399891536059	0.569009762349517	0.859461806045278	-0.688713743723629	0.53016848371635	1.68387468187088	0.311231546236396
-0.168050977716742	0.569101526553122	0.863266746567785	-0.691495650670411	0.53008041674648	1.69048157195604	0.317276053236869
-0.167702063897425	0.569193290756728	0.867071687090292	-0.694277557617193	0.529992349776609	1.6970884620412	0.323320560237343
-0.167353150078108	0.569285054960334	0.870876627612798	-0.697059464563974	0.529904282806739	1.70369535212636	0.329365067237816
-0.167004236258791	0.56937681916394	0.874681568135305	-0.699841371510756	0.529816215836868	1.71030224221152	0.33540957423829
-0.166655322439474	0.569468583367546	0.878486508657811	-0.702623278457538	0.529728148866998	1.71690913229668	0.341454081238763
-0.166306408620156	0.569560347571151	0.882291449180318	-0.70540518540432	0.529640081897128	1.72351602238184	0.347498588239236
-0.165957494800839	0.569652111774757	0.886096389702824	-0.708187092351102	0.529552014927257	1.730122912467	0.35354309523971
-0.165608580981522	0.569743875978363	0.889901330225331	-0.710968999297883	0.529463947957387	1.73672980255216	0.359587602240183
-0.165259667162205	0.569835640181969	0.893706270747837	-0.713750906244665	0.529375880987516	1.74333669263732	0.365632109240657
-0.164910753342888	0.569927404385575	0.897511211270344	-0.716532813191447	0.529287814017646	1.74994358272248	0.37167661624113
-0.164561839523571	0.570019168589181	0.901316151792851	-0.719314720138229	0.529199747047775	1.75655047280764	0.377721123241603
-0.164212925704254	0.570110932792787	0.905121092315357	-0.72209662708501	0.529111680077905	1.7631573628928	0.383765630242077
-0.163864011884937	0.570202696996392	0.908926032837863	-0.724878534031792	0.529023613108035	1.76976425297796	0.38981013724255
-0.16351509806562	0.570294461199998	0.91273097336037	-0.727660440978574	0.528935546138164	1.77637114306312	0.395854644243023
-0.163166184246303	0.570386225403604	0.916535913882877	-0.730442347925356	0.528847479168294	1.78297803314829	0.401899151243497
-0.162817270426986	0.57047798960721	0.920340854405383	-0.733224254872137	0.528759412198423	1.78958492323345	0.40794365824397
-0.162468356607669	0.570569753810816	0.92414579492789	-0.736006161818919	0.528671345228553	1.79619181331861	0.413988165244444
-0.162119442788352	0.570661518014422	0.927950735450396	-0.738788068765701	0.528583278258683	1.80279870340377	0.420032672244917
-0.161770528969035	0.570753282218027	0.931755675972903	-0.741569975712483	0.528495211288812	1.80940559348893	0.426077179245391
-0.161421615149718	0.570845046421633	0.935560616495409	-0.744351882659264	0.528407144318942	1.81601248357409	0.432121686245864
-0.161072701330401	0.570936810625239	0.939365557017916	-0.747133789606046	0.528319077349071	1.82261937365925	0.438166193246337
-0.160723787511084	0.571028574828845	0.943170497540422	-0.749915696552828	0.528231010379201	1.82922626374441	0.44421070024681
-0.160374873691767	0.571120339032451	0.946975438062929	-0.75269760349961	0.528142943409331	1.83583315382957	0.450255207247284
-0.16002595987245	0.571212103236057	0.950780378585436	-0.755479510446391	0.52805487643946	1.84244004391473	0.456299714247757
-0.159677046053133	0.571303867439662	0.954585319107942	-0.758261417393173	0.52796680946959	1.84904693399989	0.462344221248231
-0.159328132233816	0.571395631643268	0.958390259630449	-0.761043324339955	0.527878742499719	1.85565382408505	0.468388728248704
-0.158979218414499	0.571487395846874	0.962195200152955	-0.763825231286737	0.527790675529849	1.86226071417021	0.474433235249178
-0.158630304595182	0.57157916005048	0.966000140675461	-0.766607138233518	0.527702608559979	1.86886760425537	0.480477742249651
-0.158281390775865	0.571670924254086	0.969805081197968	-0.7693890451803	0.527614541590108	1.87547449434053	0.486522249250124
-0.157932476956548	0.571762688457692	0.973610021720475	-0.772170952127082	0.527526474620238	1.88208138442569	0.492566756250598
-0.157583563137231	0.571854452661297	0.977414962242981	-0.774952859073864	0.527438407650367	1.88868827451086	0.498611263251071
-0.157234649317914	0.571946216864903	0.981219902765488	-0.777734766020646	0.527350340680497	1.89529516459602	0.504655770251544
-0.156885735498597	0.572037981068509	0.985024843287994	-0.780516672967427	0.527262273710627	1.90190205468118	0.510700277252018
-0.15653682167928	0.572129745272115	0.988829783810501	-0.783298579914209	0.527174206740756	1.90850894476634	0.516744784252491
-0.156187907859963	0.572221509475721	0.992634724333007	-0.786080486860991	0.527086139770886	1.9151158348515	0.522789291252964
-0.155838994040646	0.572313273679326	0.996439664855514	-0.788862393807773	0.526998072801015	1.92172272493666	0.528833798253438
-0.155490080221329	0.572405037882932	1.00024460537802	-0.791644300754554	0.526910005831145	1.92832961502182	0.534878305253911
-0.155141166402012	0.572496802086538	1.00404954590053	-0.794426207701336	0.526821938861274	1.93493650510698	0.540922812254385
-0.154792252582695	0.572588566290144	1.00785448642303	-0.797208114648118	0.526733871891404	1.94154339519214	0.546967319254858
-0.154443338763378	0.57268033049375	1.01165942694554	-0.7999900215949	0.526645804921534	1.9481502852773	0.553011826255332
-0.154094424944061	0.572772094697356	1.01546436746805	-0.802771928541681	0.526557737951663	1.95475717536246	0.559056333255805
-0.153745511124744	0.572863858900961	1.01926930799055	-0.805553835488463	0.526469670981793	1.96136406544762	0.565100840256278
-0.153396597305427	0.572955623104567	1.02307424851306	-0.808335742435245	0.526381604011922	1.96797095553278	0.571145347256752
-0.15304768348611	0.573047387308173	1.02687918903557	-0.811117649382027	0.526293537042052	1.97457784561794	0.577189854257225
-0.152698769666792	0.573139151511779	1.03068412955807	-0.813899556328809	0.526205470072182	1.9811847357031	0.583234361257698
-0.152349855847475	0.573230915715385	1.03448907008058	-0.81668146327559	0.526117403102311	1.98779162578826	0.589278868258172
-0.152000942028158	0.573322679918991	1.03829401060309	-0.819463370222372	0.526029336132441	1.99439851587342	0.595323375258646
-0.151652028208841	0.573414444122596	1.04209895112559	-0.822245277169154	0.52594126916257	2.00100540595859	0.601367882259119
-0.151303114389524	0.573506208326202	1.0459038916481	-0.825027184115936	0.5258532021927	2.00761229604375	0.607412389259592
-0.150954200570207	0.573597972529808	1.04970883217061	-0.827809091062717	0.52576513522283	2.01421918612891	0.613456896260065
-0.15060528675089	0.573689736733414	1.05351377269311	-0.830590998009499	0.525677068252959	2.02082607621407	0.619501403260539
-0.150256372931573	0.57378150093702	1.05731871321562	-0.833372904956281	0.525589001283089	2.02743296629923	0.625545910261012
-0.149907459112256	0.573873265140626	1.06112365373813	-0.836154811903062	0.525500934313218	2.03403985638439	0.631590417261486
-0.139665165142453	0.552661100403687	1.04059729179649	-0.815903854733138	0.513057162996133	1.98399712479383	0.632372079083961
-0.129500322290186	0.531600876804713	1.02020170790568	-0.795788691442105	0.500696458085311	1.93429099217649	0.633127170436625
-0.119412930555456	0.510692594343701	0.999936902065682	-0.775809322029967	0.488418819580752	1.88492145853236	0.633855691319478
-0.109402989938262	0.489936253020652	0.979802874276501	-0.755965746496723	0.476224247482458	1.83588852386144	0.63455764173252
-0.0994705004386061	0.469331852835566	0.959799624538136	-0.736257964842373	0.464112741790427	1.78719218816373	0.63523302167575
-0.0896154620564869	0.448879393788443	0.939927152850588	-0.716685977066917	0.45208430250466	1.73883245143924	0.635881831149168
-0.0798378747919046	0.428578875879283	0.920185459213857	-0.697249783170355	0.440138929625157	1.69080931368796	0.636504070152776
-0.0701377386448594	0.408430299108085	0.900574543627943	-0.677949383152687	0.428276623151917	1.6431227749099	0.637099738686572
-0.0605150536153511	0.388433663474851	0.881094406092846	-0.658784777013914	0.416497383084941	1.59577283510504	0.637668836750556
-0.0509698197033798	0.368588968979579	0.861745046608565	-0.639755964754034	0.404801209424229	1.5487594942734	0.638211364344729
-0.0415020369089455	0.34889621562227	0.8425264651751	-0.620862946373049	0.39318810216978	1.50208275241498	0.638727321469091
-0.0321117052320482	0.329355403402924	0.823438661792453	-0.602105721870957	0.381658061321595	1.45574260952976	0.639216708123641
-0.0227988246726879	0.309966532321541	0.804481636460622	-0.58348429124776	0.370211086879674	1.40973906561776	0.63967952430838
-0.0135633952308646	0.29072960237812	0.785655389179608	-0.564998654503457	0.358847178844017	1.36407212067898	0.640115770023307
-0.00440541690657822	0.271644613572663	0.76695991994941	-0.546648811638047	0.347566337214623	1.3187417747134	0.640525445268423
0.00467511030017111	0.252711565905168	0.74839522877003	-0.528434762651532	0.336368561991493	1.27374802772104	0.640908550043727
0.0136781863893835	0.233930459375636	0.729961315641466	-0.510356507543911	0.325253853174627	1.22909087970189	0.64126508434922
0.0226038113610589	0.215301293984067	0.711658180563718	-0.492414046315185	0.314222210764024	1.18477033065596	0.641595048184902
0.0314519852151972	0.196824069730461	0.693485823536788	-0.474607378965352	0.303273634759686	1.14078638058323	0.641898441550772
0.0402227079517986	0.178498786614818	0.675444244560674	-0.456936505494413	0.292408125161611	1.09713902948372	0.642175264446831
0.048915979570863	0.160325444637138	0.657533443635376	-0.439401425902369	0.281625681969799	1.05382827735743	0.642425516873079
0.0575318000723904	0.14230404379742	0.639753420760896	-0.422002140189218	0.270926305184252	1.01085412420434	0.642649198829515
0.0660701694563808	0.124434584095665	0.622104175937232	-0.404738648354961	0.260309994804968	0.968216570024472	0.642846310316139
0.0745310877228343	0.106717065531873	0.604585709164385	-0.387610950399599	0.249776750831947	0.925915614817814	0.643016851332952
0.0829145548717507	0.0891514881060444	0.587198020442354	-0.370619046323131	0.239326573265191	0.88395125858437	0.643160821879954
0.0912205709031302	0.0717378518181783	0.569941109771141	-0.353762936125557	0.228959462104698	0.842323501324138	0.643278221957144
0.0994491358169726	0.0544761566682749	0.552814977150743	-0.337042619806877	0.218675417350469	0.80103234303712	0.643369051564523
0.107600249613278	0.0373664026563344	0.535819622581163	-0.320458097367091	0.208474439002504	0.760077783723314	0.643433310702091
0.115673912292047	0.0204085897823569	0.518955046062399	-0.304009368806199	0.198356527060802	0.719459823382721	0.643470999369847
0.123670123853278	0.00360271804634213	0.502221247594452	-0.287696434124201	0.188321681525364	0.679178462015342	0.643482117567791
0.131588884296973	-0.0130512125517097	0.485618227177322	-0.271519293321097	0.17836990239619	0.639233699621175	0.643466665295925
0.13943019362313	-0.0295532020117988	0.469145984811008	-0.255477946396888	0.16850118967328	0.599625536200222	0.643424642554246
0.147194051831751	-0.045903250333925	0.452804520495511	-0.239572393351572	0.158715543356633	0.560353971752481	0.643356049342757
0.154880458922834	-0.0621013575180884	0.436593834230831	-0.223802634185151	0.14901296344625	0.521419006277953	0.643260885661456
0.162489414896381	-0.0781475235642889	0.420513926016968	-0.208168668897623	0.139393449942131	0.482820639776639	0.643139151510343
0.17002091975239	-0.0940417484725265	0.404564795853921	-0.19267049748899	0.129857002844275	0.444558872248537	0.642990846889419
0.177474973490863	-0.109784032242801	0.388746443741691	-0.177308119959251	0.120403622152683	0.406633703693649	0.642815971798684
0.184851576111798	-0.125374374875113	0.373058869680277	-0.162081536308406	0.111033307867355	0.369045134111973	0.642614526238137
0.192150727615197	-0.140812776369462	0.357502073669681	-0.146990746536455	0.101746059988291	0.331793163503511	0.642386510207779
0.199372428001059	-0.156099236725849	0.342076055709901	-0.132035750643398	0.0925418785154898	0.294877791868261	0.64213192370761
0.206516677269383	-0.171233755944272	0.326780815800937	-0.117216548629235	0.0834207634489528	0.258299019206225	0.641850766737629
0.213583475420171	-0.186216334024733	0.311616353942791	-0.102533140493966	0.0743827147886795	0.222056845517401	0.641543039297836
0.220572822453422	-0.20104697096723	0.296582670135461	-0.0879855262375915	0.0654277325346699	0.18615127080179	0.641208741388232
0.227484718369135	-0.215725666771765	0.281679764378947	-0.0735737058601109	0.0565558166869241	0.150582295059393	0.640847873008817
0.234319163167312	-0.230252421438337	0.266907636673251	-0.0592976793615245	0.0477669672454419	0.115349918290208	0.64046043415959
0.241076156847952	-0.244627234966946	0.252266287018371	-0.045157446741832	0.0390611842102235	0.0804541404942367	0.640046424840552
0.247755699411054	-0.258850107357593	0.237755715414308	-0.0311530080010338	0.0304384675812688	0.0458949616714784	0.639605845051703
0.25435779085662	-0.272921038610276	0.223375921861061	-0.0172843631391295	0.0218988173585778	0.0116723818219327	0.639138694793042
0.260882431184649	-0.286840028724997	0.209126906358631	-0.00355151215611935	0.0134422335421506	-0.0222135990543996	0.63864497406457
0.26732962039514	-0.300607077701754	0.195008668907018	0.0100455449479966	0.0050687161319871	-0.055762980957519	0.638124682866286
0.273699358488095	-0.314222185540549	0.181021209506222	0.0235068081732186	-0.00322173487191274	-0.0889757638874252	0.637577821198191
0.279991645463513	-0.327685352241381	0.167164528156242	0.0368322775195463	-0.011429119469549	-0.121851947844119	0.637004389060284
0.286206481321393	-0.34099657780425	0.153438624857079	0.0500219529869801	-0.0195534376609214	-0.154391532827599	0.636404386452566
0.292343866061737	-0.354155862229157	0.139843499608733	0.0630758345755198	-0.02759468944603	-0.186594518837867	0.635777813375036
0.298403799684544	-0.3671632055161	0.126379152411203	0.0759939222851654	-0.035552874824875	-0.218460905874922	0.635124669827696
0.304386282189814	-0.380018607665081	0.113045583264491	0.088776216115917	-0.0434279937974562	-0.249990693938763	0.634444955810543
0.310291313577547	-0.392722068676099	0.0998427921685942	0.101422716067774	-0.0512200463637738	-0.281183883029391	0.63373867132358
0.316118893847742	-0.405273588549154	0.0867707791235148	0.113933422140738	-0.0589290325238276	-0.312040473146807	0.633005816366805
0.321869023000401	-0.417673167284246	0.0738295441292521	0.126308334334807	-0.0665549522776176	-0.342560464291009	0.632246390940218
0.327541701035523	-0.429920804881375	0.061019087185806	0.138547452649982	-0.074097805625144	-0.372743856461998	0.63146039504382
0.333136927953108	-0.442016501340541	0.0483394082931766	0.150650777086263	-0.0815575925664066	-0.402590649659775	0.630647828677611
0.338654703753156	-0.453960256661745	0.0357905074513638	0.16261830764365	-0.0889343131014055	-0.432100843884338	0.62980869184159
0.344095028435667	-0.465752070844985	0.0233723846603678	0.174450044322143	-0.0962279672301408	-0.461274439135689	0.628942984535758
0.34945790200064	-0.477391943890263	0.0110850399201884	0.186145987121742	-0.103438554952612	-0.490111435413826	0.628050706760114
0.354743324448077	-0.488879875797578	-0.00107152676917421	0.197706136042446	-0.11056607626882	-0.51861183271875	0.627131858514659
0.359951295777977	-0.50021586656693	-0.01309731540772	0.209130491084257	-0.117610531178764	-0.546775631050462	0.626186439799392
0.36508181599034	-0.51139991619832	-0.0249923259954494	0.220419052247174	-0.124571919682445	-0.57460283040896	0.625214450614315
0.370134885085166	-0.522432024691746	-0.0367565585323619	0.231571819531196	-0.131450241779861	-0.602093430794246	0.624215890959425
0.375110503062455	-0.53331219204721	-0.0483900130184578	0.242588792936324	-0.138245497471014	-0.629247432206318	0.623190760834724
0.380008669922207	-0.544040418264711	-0.0598926894537369	0.253469972462558	-0.144957686755903	-0.656064834645178	0.622139060240212
0.384829385664422	-0.554616703344248	-0.0712645878381994	0.264215358109899	-0.151586809634529	-0.682545638110823	0.621060789175889
0.3895726502891	-0.565041047285823	-0.082505708171845	0.274824949878345	-0.15813286610689	-0.708689842603257	0.619955947641754
0.394238463796241	-0.575313450089436	-0.0936160504546741	0.285298747767896	-0.164595856172989	-0.734497448122478	0.618824535637807
0.398826826185845	-0.585433911755085	-0.104595614686686	0.295636751778554	-0.170975779832823	-0.759968454668485	0.617666553164049
0.403337737457912	-0.595402432282771	-0.115444400867882	0.305838961910318	-0.177272637086394	-0.785102862241279	0.61648200022048
0.407771197612442	-0.605219011672495	-0.126162408998261	0.315905378163188	-0.1834864279337	-0.80990067084086	0.6152708768071
0.412127206649435	-0.614883649924256	-0.136749639077823	0.325836000537164	-0.189617152374744	-0.834361880467229	0.614033182923907
0.416405764568891	-0.624396347038054	-0.147206091106569	0.335630829032245	-0.195664810409523	-0.858486491120384	0.612768918570904
0.42060687137081	-0.633757103013889	-0.157531765084498	0.345289863648433	-0.201629402038039	-0.882274502800326	0.611478083748089
0.424730527055192	-0.642965917851761	-0.16772666101161	0.354813104385726	-0.207510927260291	-0.905725915507056	0.610160678455463
0.428776731622037	-0.65202279155167	-0.177790778887906	0.364200551244125	-0.213309386076279	-0.928840729240571	0.608816702693025
0.432745485071345	-0.660927724113617	-0.187724118713384	0.37345220422363	-0.219024778486004	-0.951618944000875	0.607446156460776
0.436636787403116	-0.6696807155376	-0.197526680488047	0.382568063324241	-0.224657104489465	-0.974060559787965	0.606049039758715
0.44045063861735	-0.678281765823621	-0.207198464211892	0.391548128545958	-0.230206364086662	-0.996165576601842	0.604625352586843
0.444187038714047	-0.686730874971679	-0.216739469884921	0.400392399888781	-0.235672557277595	-1.01793399444251	0.60317509494516
0.447845987693207	-0.695028042981774	-0.226149697507133	0.40910087735271	-0.241055684062265	-1.03936581330996	0.601698266833665
0.45142748555483	-0.703173269853907	-0.235429147078528	0.417673560937745	-0.246355744440671	-1.0604610332042	0.600194868252358
0.454931532298916	-0.711166555588076	-0.244577818599107	0.426110450643886	-0.251572738412813	-1.08121965412522	0.598664899201241
0.458358127925466	-0.719007900184283	-0.253595712068868	0.434411546471132	-0.256706665978692	-1.10164167607303	0.597108359680312
0.461707272434478	-0.726697303642526	-0.262482827487814	0.442576848419485	-0.261757527138307	-1.12172709904763	0.595525249689571
0.464978965825953	-0.734234765962807	-0.271239164855942	0.450606356488943	-0.266725321891658	-1.14147592304902	0.593915569229019
0.468173208099891	-0.741620287145125	-0.279864724173254	0.458500070679507	-0.271610050238745	-1.16088814807719	0.592279318298656
0.471289999256292	-0.74885386718948	-0.288359505439749	0.466257990991177	-0.276411712179569	-1.17996377413215	0.590616496898481
0.474329339295156	-0.755935506095872	-0.296723508655428	0.473880117423954	-0.281130307714129	-1.1987028012139	0.588927105028495
0.477291228216484	-0.762865203864302	-0.304956733820289	0.481366449977835	-0.285765836842425	-1.21710522932243	0.587211142688697
0.480175666020274	-0.769642960494768	-0.313059180934334	0.488716988652823	-0.290318299564458	-1.23517105845776	0.585468609879088
0.482982652706527	-0.776268775987272	-0.321030849997563	0.495931733448917	-0.294787695880227	-1.25290028861986	0.583699506599668
0.485712188275243	-0.782742650341813	-0.328871741009974	0.503010684366117	-0.299174025789731	-1.27029291980876	0.581903832850436
0.488364272726423	-0.789064583558391	-0.336581853971569	0.509953841404422	-0.303477289292973	-1.28734895202444	0.580081588631392
0.490938906060065	-0.795234575637006	-0.344161188882348	0.516761204563834	-0.30769748638995	-1.30406838526691	0.578232773942537
0.49343608827617	-0.801252626577659	-0.351609745742309	0.523432773844351	-0.311834617080665	-1.32045121953617	0.576357388783871
0.495855819374738	-0.807118736380348	-0.358927524551454	0.529968549245975	-0.315888681365115	-1.33649745483221	0.574455433155394
0.49819809935577	-0.812832905045075	-0.366114525309782	0.536368530768704	-0.319859679243301	-1.35220709115504	0.572526907057105
0.500462928219264	-0.818395132571839	-0.373170748017294	0.542632718412539	-0.323747610715224	-1.36758012850466	0.570571810489004
0.502650305965221	-0.82380541896064	-0.380096192673989	0.548761112177481	-0.327552475780883	-1.38261656688106	0.568590143451092
0.504760232593641	-0.829063764211478	-0.386890859279867	0.554753712063528	-0.331274274440279	-1.39731640628425	0.566581905943369
0.506792708104525	-0.834170168324353	-0.393554747834928	0.560610518070681	-0.33491300669341	-1.41167964671423	0.564547097965834
0.508747732497871	-0.839124631299266	-0.400087858339172	0.566331530198939	-0.338468672540278	-1.425706288171	0.562485719518488
0.51062530577368	-0.843927153136215	-0.4064901907926	0.571916748448304	-0.341941271980882	-1.43939633065455	0.560397770601331
0.512425427931953	-0.848577733835202	-0.412761745195212	0.577366172818775	-0.345330805015223	-1.45274977416489	0.558283251214362
0.514148098972688	-0.853076373396226	-0.418902521547007	0.582679803310351	-0.3486372716433	-1.46576661870201	0.556142161357582
0.515793318895887	-0.857423071819287	-0.424912519847984	0.587857639923034	-0.351860671865113	-1.47844686426593	0.55397450103099
0.517361087701548	-0.861617829104385	-0.430791740098145	0.592899682656822	-0.355001005680662	-1.49079051085663	0.551780270234587
0.518851405389673	-0.86566064525152	-0.43654018229749	0.597805931511717	-0.358058273089948	-1.50279755847411	0.549559468968372
0.52026427196026	-0.869551520260692	-0.442157846446018	0.602576386487717	-0.36103247409297	-1.51446800711839	0.547312097232346
0.52159968741331	-0.873290454131902	-0.447644732543729	0.607211047584823	-0.363923608689728	-1.52580185678945	0.545038155026508
0.522857651748824	-0.876877446865149	-0.453000840590624	0.611709914803035	-0.366731676880222	-1.5367991074873	0.54273764235086
0.5240381649668	-0.880312498460432	-0.458226170586701	0.616072988142353	-0.369456678664453	-1.54745975921193	0.540410559205399
0.52514122706724	-0.883595608917753	-0.463320722531962	0.620300267602777	-0.37209861404242	-1.55778381196335	0.538056905590128
0.526166838050142	-0.886726778237112	-0.468284496426407	0.624391753184307	-0.374657483014123	-1.56777126574156	0.535676681505044
0.527114997915508	-0.889706006418507	-0.473117492270034	0.628347444886942	-0.377133285579563	-1.57742212054656	0.53326988695015
0.527985706663336	-0.892533293461939	-0.477819710062845	0.632167342710684	-0.379526021738739	-1.58673637637834	0.530836521925444
0.528778964293628	-0.895208639367409	-0.48239114980484	0.635851446655532	-0.381835691491651	-1.59571403323691	0.528376586430927
0.529494770806382	-0.897732044134916	-0.486831811496017	0.639399756721485	-0.384062294838299	-1.60435509112227	0.525890080466598
0.5301331262016	-0.90010350776446	-0.491141695136378	0.642812272908544	-0.386205831778684	-1.61265955003441	0.523377004032457
0.53069403047928	-0.902323030256041	-0.495320800725922	0.646088995216709	-0.388266302312805	-1.62062740997334	0.520837357128506
0.531177483639424	-0.904390611609659	-0.499369128264649	0.649229923645981	-0.390243706440663	-1.62825867093906	0.518271139754743
0.53158348568203	-0.906306251825314	-0.50328667775256	0.652235058196358	-0.392138044162256	-1.63555333293157	0.515678351911168
0.5319120366071	-0.908069950903007	-0.507073449189654	0.655104398867841	-0.393949315477586	-1.64251139595086	0.513058993597782
0.532163136414632	-0.909681708842737	-0.510729442575932	0.65783794566043	-0.395677520386652	-1.64913285999694	0.510413064814585
0.532336785104628	-0.911141525644503	-0.514254657911392	0.660435698574124	-0.397322658889455	-1.6554177250698	0.507740565561576
0.532432982677087	-0.912449401308308	-0.517649095196036	0.662897657608926	-0.398884730985993	-1.66136599116946	0.505041495838756
0.532451729132008	-0.913605335834149	-0.520912754429864	0.665223822764832	-0.400363736676268	-1.6669776582959	0.502315855646124
0.532393024469393	-0.914609329222027	-0.524045635612874	0.667414194041845	-0.40175967596028	-1.67225272644912	0.499563644983681
0.53225686868924	-0.915461381471942	-0.527047738745068	0.669468771439963	-0.403072548838027	-1.67719119562914	0.496784863851427
0.532043261791551	-0.916161492583895	-0.529919063826445	0.671387554959187	-0.404302355309511	-1.68179306583594	0.493979512249361
0.531752203776325	-0.916709662557885	-0.532659610857006	0.673170544599518	-0.405449095374731	-1.68605833706953	0.491147590177484
0.531383694643561	-0.917105891393911	-0.53526937983675	0.674817740360953	-0.406512769033687	-1.6899870093299	0.488289097635795
0.530937734393261	-0.917350179091976	-0.537748370765677	0.676329142243496	-0.40749337628638	-1.69357908261706	0.485404034624295
0.530414323025424	-0.917442525652077	-0.540096583643787	0.677704750247144	-0.408390917132809	-1.69683455693101	0.482492401142983
0.52981346054005	-0.917382931074215	-0.542314018471081	0.678944564371897	-0.409205391572975	-1.69975343227175	0.47955419719186
0.529135146937138	-0.917171395358391	-0.544400675247558	0.680048584617758	-0.409936799606876	-1.70233570863927	0.476589422770926
0.52837938221669	-0.916807918504603	-0.546356553973218	0.681016810984723	-0.410585141234514	-1.70458138603358	0.47359807788018
0.527546166378705	-0.916292500512853	-0.548181654648062	0.681849243472795	-0.411150416455888	-1.70649046445468	0.470580162519623
0.526635499423182	-0.91562514138314	-0.549875977272089	0.682545882081973	-0.411632625270998	-1.70806294390256	0.467535676689254
0.525647381350123	-0.914805841115464	-0.551439521845299	0.683106726812255	-0.412031767679845	-1.70929882437723	0.464464620389074
0.524581812159527	-0.913834599709825	-0.552872288367693	0.683531777663646	-0.412347843682428	-1.71019810587869	0.461366993619083
0.523438791851394	-0.912711417166223	-0.554174276839269	0.68382103463614	-0.412580853278747	-1.71076078840694	0.45824279637928
0.522218320425723	-0.911436293484659	-0.55534548726003	0.683974497729742	-0.412730796468803	-1.71098687196197	0.455092028669666
0.520920397882516	-0.910009228665131	-0.556385919629973	0.683992166944448	-0.412797673252595	-1.71087635654379	0.45191469049024
0.519545024221772	-0.908430222707641	-0.5572955739491	0.683874042280261	-0.412781483630123	-1.71042924215239	0.448710781841003
0.518092199443491	-0.906699275612188	-0.55807445021741	0.683620123737181	-0.412682227601387	-1.70964552878779	0.445480302721954
0.516561923547673	-0.904816387378772	-0.558722548434903	0.683230411315205	-0.412499905166387	-1.70852521644996	0.442223253133094
0.514954196534318	-0.902781558007393	-0.55923986860158	0.682704905014337	-0.412234516325125	-1.70706830513893	0.438939633074423
0.513269018403425	-0.900594787498052	-0.55962641071744	0.682043604834573	-0.411886061077598	-1.70527479485469	0.43562944254594
0.511506389154996	-0.898256075850748	-0.559882174782483	0.681246510775916	-0.411454539423807	-1.70314468559723	0.432292681547646
0.50966630878903	-0.89576542306548	-0.56000716079671	0.680313622838364	-0.410939951363753	-1.70067797736655	0.42892935007954
0.507748777305527	-0.89312282914225	-0.56000136876012	0.679244941021918	-0.410342296897435	-1.69787467016267	0.425539448141623
0.505753794704487	-0.890328294081057	-0.559864798672713	0.678040465326579	-0.409661576024853	-1.69473476398557	0.422122975733895
0.50368136098591	-0.887381817881901	-0.559597450534489	0.676700195752345	-0.408897788746008	-1.69125825883526	0.418679932856355
0.501531476149796	-0.884283400544783	-0.559199324345449	0.675224132299217	-0.408050935060899	-1.68744515471174	0.415210319509003
0.499304140196144	-0.881033042069701	-0.558670420105592	0.673612274967195	-0.407121014969526	-1.683295451615	0.411714135691841
0.496999353124957	-0.877630742456657	-0.558010737814918	0.671864623756279	-0.40610802847189	-1.67880914954505	0.408191381404866
0.494617114936232	-0.87407650170565	-0.557220277473428	0.669981178666469	-0.405011975567989	-1.67398624850189	0.404642056648081
0.492157425629969	-0.870370319816679	-0.556299039081121	0.667961939697764	-0.403832856257825	-1.66882674848551	0.401066161421484
0.48962028520617	-0.866512196789746	-0.555247022637998	0.665806906850166	-0.402570670541398	-1.66333064949592	0.397463695725075
0.487005693664835	-0.862502132624851	-0.554064228144057	0.663516080123674	-0.401225418418706	-1.65749795153312	0.393834659558855
0.484313651005961	-0.858340127321992	-0.5527506555993	0.661089459518287	-0.399797099889751	-1.6513286545971	0.390179052922824
0.481544157229552	-0.854026180881171	-0.551306305003726	0.658527045034007	-0.398285714954532	-1.64482275868787	0.386496875816982
0.478697212335604	-0.849560293302386	-0.549731176357336	0.655828836670832	-0.39669126361305	-1.63798026380543	0.382788128241327
0.475772816324121	-0.844942464585639	-0.548025269660129	0.652994834428763	-0.395013745865304	-1.63080116994978	0.379052810195862
0.4727709691951	-0.840172694730929	-0.546188584912105	0.6500250383078	-0.393253161711294	-1.62328547712091	0.375290921680585
0.469691670948542	-0.835250983738256	-0.544221122113264	0.646919448307944	-0.39140951115102	-1.61543318531883	0.371502462695497
0.466534921584447	-0.83017733160762	-0.542122881263607	0.643678064429193	-0.389482794184482	-1.60724429454354	0.367687433240597
0.463300721102815	-0.824951738339021	-0.539893862363133	0.640300886671547	-0.387473010811681	-1.59871880479503	0.363845833315885
0.459989069503646	-0.81957420393246	-0.537534065411842	0.636787915035008	-0.385380161032616	-1.58985671607331	0.359977662921363
0.45659996678694	-0.814044728387936	-0.535043490409735	0.633139149519575	-0.383204244847288	-1.58065802837838	0.356082922057029
0.453133412952697	-0.808363311705449	-0.532422137356811	0.629354590125247	-0.380945262255695	-1.57112274171023	0.352161610722883
0.449589408000917	-0.802529953884998	-0.529670006253069	0.625434236852026	-0.37860321325784	-1.56125085606888	0.348213728918926
0.4459679519316	-0.796544654926586	-0.526787097098513	0.621378089699911	-0.37617809785372	-1.55104237145431	0.344239276645158
0.442269044744746	-0.790407414830209	-0.523773409893138	0.617186148668901	-0.373669916043336	-1.54049728786652	0.340238253901578
0.438492686440356	-0.784118233595871	-0.520628944636948	0.612858413758997	-0.371078667826689	-1.52961560530552	0.336210660688187
0.434638877018428	-0.77767711122357	-0.51735370132994	0.608394884970199	-0.368404353203778	-1.51839732377131	0.332156497004985
0.430707616478963	-0.771084047713306	-0.513947679972116	0.603795562302508	-0.365646972174604	-1.50684244326389	0.328075762851971
0.426698904821961	-0.764339043065078	-0.510410880563475	0.599060445755921	-0.362806524739165	-1.49495096378325	0.323968458229145
0.422612742047422	-0.757442097278888	-0.506743303104017	0.594189535330441	-0.359883010897464	-1.4827228853294	0.319834583136508
0.418449128155346	-0.750393210354736	-0.502944947593743	0.589182831026067	-0.356876430649497	-1.47015820790234	0.31567413757406
0.414208063145734	-0.74319238229262	-0.499015814032652	0.584040332842798	-0.353786783995268	-1.45725693150207	0.3114871215418
0.409889547018584	-0.735839613092542	-0.494955902420744	0.578762040780636	-0.350614070934775	-1.44401905612858	0.307273535039729
0.405493579773897	-0.7283349027545	-0.49076521275802	0.57334795483958	-0.347358291468018	-1.43044458178188	0.303033378067847
0.401020161411673	-0.720678251278496	-0.486443745044479	0.567798075019629	-0.344019445594997	-1.41653350846196	0.298766650626153
0.396469291931912	-0.712869658664529	-0.481991499280121	0.562112401320784	-0.340597533315713	-1.40228583616884	0.294473352714648
0.391840971334615	-0.704909124912599	-0.477408475464946	0.556290933743046	-0.337092554630165	-1.38770156490249	0.290153484333331
0.38713519961978	-0.696796650022706	-0.472694673598955	0.550333672286413	-0.333504509538354	-1.37278069466294	0.285807045482203
0.382351976787408	-0.688532233994851	-0.467850093682147	0.544240616950886	-0.329833398040278	-1.35752322545018	0.281434036161263
0.377491302837499	-0.680115876829032	-0.462874735714523	0.538011767736465	-0.326079220135938	-1.34192915726419	0.277034456370512
0.372553177770054	-0.671547578525251	-0.457768599696082	0.53164712464315	-0.322241975825336	-1.325998490105	0.27260830610995
0.367537601585071	-0.662827339083507	-0.452531685626823	0.52514668767094	-0.318321665108469	-1.3097312239726	0.268155585379576
0.362444574282552	-0.653955158503799	-0.447163993506749	0.518510456819838	-0.314318287985339	-1.29312735886698	0.26367629417939
0.357274095862495	-0.644931036786129	-0.441665523335857	0.51173843208984	-0.310231844455944	-1.27618689478815	0.259170432509394
0.352026166324901	-0.635754973930496	-0.436036275114149	0.504830613480948	-0.306062334520286	-1.2589098317361	0.254638000369585
0.34670078566977	-0.626426969936901	-0.430276248841625	0.497787000993163	-0.301809758178365	-1.24129616971085	0.250078997759966
0.341297953897103	-0.616947024805343	-0.424385444518283	0.490607594626483	-0.29747411543018	-1.22334590871238	0.245493424680535
0.335817671006898	-0.607315138535822	-0.418363862144125	0.48329239438091	-0.293055406275731	-1.20505904874069	0.240881281131293
0.330259936999157	-0.597531311128337	-0.41221150171915	0.475841400256441	-0.288553630715018	-1.1864355897958	0.236242567112239
0.324624751873878	-0.58759554258289	-0.405928363243358	0.46825461225308	-0.283968788748042	-1.16747553187769	0.231577282623374
0.318912115631062	-0.57750783289948	-0.399514446716751	0.460532030370824	-0.279300880374802	-1.14817887498636	0.226885427664697
0.31312202827071	-0.567268182078108	-0.392969752139325	0.452673654609673	-0.274549905595298	-1.12854561912183	0.222167002236209
0.307254489792821	-0.556876590118772	-0.386294279511084	0.44467948496963	-0.269715864409531	-1.10857576428408	0.21742200633791
0.301309500197394	-0.546333057021474	-0.379488028832026	0.436549521450692	-0.264798756817499	-1.08826931047312	0.212650439969799
0.295287059484431	-0.535637582786213	-0.37255100010215	0.428283764052859	-0.259798582819204	-1.06762625768894	0.207852303131876
0.289187167653929	-0.524790167412989	-0.365483193321459	0.419882212776133	-0.254715342414646	-1.04664660593156	0.203027595824143
0.283009824705892	-0.513790810901801	-0.35828460848995	0.411344867620512	-0.249549035603823	-1.02533035520096	0.198176318046597
0.276755030640318	-0.502639513252652	-0.350955245607625	0.402671728585998	-0.244299662386737	-1.00367750549714	0.193298469799241
0.270422785457206	-0.491336274465539	-0.343495104674484	0.393862795672588	-0.238967222763387	-0.981688056820115	0.188394051082073
0.264013089156558	-0.479881094540464	-0.335904185690524	0.384918068880286	-0.233551716733774	-0.959362009169876	0.183463061895093
0.257525941738373	-0.468273973477425	-0.32818248865575	0.375837548209089	-0.228053144297897	-0.936699362546423	0.178505502238302
0.25096134320265	-0.456514911276424	-0.320330013570157	0.366621233658998	-0.222471505455755	-0.913700116949758	0.1735213721117
0.244319293549391	-0.44460390793746	-0.312346760433749	0.357269125230013	-0.216806800207351	-0.890364272379879	0.168510671515287
0.237599792778594	-0.432540963460534	-0.304232729246524	0.347781222922134	-0.211059028552683	-0.866691828836789	0.163473400449061
0.23080284089026	-0.420326077845643	-0.295987920008482	0.33815752673536	-0.20522819049175	-0.842682786320482	0.158409558913025
0.22392843788439	-0.407959251092791	-0.287612332719623	0.328398036669693	-0.199314286024554	-0.818337144830965	0.153319146907177
0.216976583760982	-0.395440483201976	-0.279105967379948	0.318502752725132	-0.193317315151095	-0.793654904368235	0.148202164431518
0.209947278520038	-0.382769774173197	-0.270468823989455	0.308471674901677	-0.187237277871371	-0.768636064932291	0.143058611486047
0.202840522161557	-0.369947124006456	-0.261700902548147	0.298304803199327	-0.181074174185385	-0.743280626523136	0.137888488070765
0.195656314685539	-0.356972532701753	-0.252802203056021	0.288002137618084	-0.174828004093134	-0.717588589140766	0.132691794185671
0.188394656091983	-0.343846000259085	-0.243772725513079	0.277563678157946	-0.168498767594619	-0.691559952785182	0.127468529830766
0.18105554638089	-0.330567526678456	-0.234612469919321	0.266989424818913	-0.162086464689841	-0.665194717456387	0.12221869500605
0.173638985552262	-0.317137111959863	-0.225321436274745	0.256279377600988	-0.155591095378799	-0.638492883154379	0.116942289711522
0.166144973606095	-0.303554756103307	-0.215899624579353	0.245433536504168	-0.149012659661494	-0.611454449879158	0.111639313947182
0.158573510542392	-0.289820459108789	-0.206347034833144	0.234451901528454	-0.142351157537924	-0.584079417630722	0.106309767713032
0.150924596361151	-0.275934220976308	-0.196663667036118	0.223334472673845	-0.135606589008091	-0.556367786409075	0.100953651009069
0.143198231062375	-0.261896041705864	-0.186849521188276	0.212081249940343	-0.128778954071994	-0.528319556214214	0.0955709638352958
0.13539441464606	-0.247705921297458	-0.176904597289617	0.200692233327947	-0.121868252729634	-0.499934727046142	0.090161706191711
0.127513147112209	-0.233363859751088	-0.166828895340141	0.189167422836656	-0.114874484981009	-0.471213298904853	0.0847258780783146
0.11955442846082	-0.218869857066754	-0.156622415339848	0.177506818466471	-0.107797650826122	-0.442155271790353	0.0792634794951067
0.111518258691895	-0.204223913244459	-0.146285157288739	0.165710420217393	-0.10063775026497	-0.41276064570264	0.0737745104420875
0.103404637805433	-0.189426028284202	-0.135817121186814	0.15377822808942	-0.0933947832975552	-0.383029420641718	0.0682589709192569
0.095213565801433	-0.17447620218598	-0.12521830703407	0.141710242082553	-0.0860687499238759	-0.352961596607576	0.0627168609266148
0.0869450426798974	-0.159374434949796	-0.114488714830512	0.129506462196793	-0.0786596501439329	-0.322557173600224	0.0571481804641611
0.0785990684408242	-0.14412072657565	-0.103628344576136	0.117166888432138	-0.0711674839577268	-0.291816151619662	0.0515529295318965
0.0701756430842138	-0.12871507706354	-0.0926371962709434	0.104691520788588	-0.0635922513652565	-0.260738530665883	0.04593110812982
0.0616747666100665	-0.113157486413468	-0.0815152699149344	0.092080359266145	-0.0559339523665225	-0.229324310738892	0.0402827162579322
0.0530964390183817	-0.0974479546254319	-0.0702625655081075	0.0793334038648084	-0.0481925869615245	-0.197573491838689	0.0346077539162331
0.0444406603091609	-0.0815864816994347	-0.0588790830504657	0.0664506545845764	-0.0403681551502637	-0.165486073965273	0.0289062211047226
0.0357074304824034	-0.0655730676354729	-0.0473648225420056	0.053432111425451	-0.0324606569327384	-0.133062057118643	0.0231781178234006
0.0268967495381078	-0.049407712433549	-0.0357197839827297	0.0402777743874312	-0.0244700923089498	-0.100301441298798	0.017423444072267
0.0180086174762755	-0.0330904160936623	-0.0239439673726372	0.026987643470517	-0.0163964612788972	-0.0672042265057442	0.0116421998513221
0.00904303429690678	-0.0166211786158135	-0.0120373727117276	0.0135617186747101	-0.00823976384258085	-0.0337704127394769	0.00583438516056611
0	-8.88178419700125e-16	-1.77635683940025e-15	7.99360577730113e-15	-8.88178419700125e-16	7.105427357601e-15	-1.66533453693773e-15
