0.923039704189138	0.127823638274671	-0.129901748540528	-2.648856949072	0.0498262390592291	2.77516103407085	2.31779724664847
0.92303969485214	0.127823602109957	-0.129901726308096	-2.64885692768074	0.0498262416361997	2.77516097651244	2.31779725949356
0.923039629546791	0.127823349458268	-0.129901571067558	-2.64885677823991	0.0498262596064437	2.77516057440506	2.31779734909398
0.923039452452236	0.127822665211235	-0.12990115087363	-2.64885637351936	0.0498263081747226	2.77515948540377	2.31779759133819
0.92303910790853	0.127821335764416	-0.129900334940469	-2.6488555871829	0.0498264023401481	2.77515736956803	2.31779806116905
0.923038540416633	0.127819149017303	-0.129898993641679	-2.64885429378825	0.0498265568961824	2.77515388936171	2.3177988325837
0.923037694638414	0.127815894373318	-0.129896998510304	-2.64885236878707	0.0498267864306378	2.77514870965307	2.3177999786337
0.923036515396648	0.127811362739813	-0.129894222238832	-2.64884968852498	0.0498271053256773	2.77514149771479	2.3178015714249
0.923034947675017	0.127805346528074	-0.129890538679195	-2.6488461302415	0.0498275277578143	2.77513192322394	2.31780368211754
0.923032936618111	0.127797639653314	-0.129885822842766	-2.64884157207009	0.0498280676979122	2.77511965826198	2.31780638092619
0.923030427531426	0.127788037534679	-0.129879950900363	-2.64883589303816	0.0498287389111853	2.7751043773148	2.31780973711976
0.923027365881365	0.127776337095246	-0.129872800182245	-2.64882897306704	0.0498295549571979	2.77508575727267	2.31781381902154
0.923023697295241	0.127762336762024	-0.129864249178116	-2.64882069297199	0.0498305291898648	2.77506347743028	2.31781869400915
0.923019367561272	0.127745836465951	-0.129854177537121	-2.64881093446223	0.0498316747574512	2.77503721948669	2.31782442851455
0.923014322628582	0.127726637641895	-0.129842466067849	-2.64879958014087	0.0498330046025727	2.77500666754541	2.31783108802406
0.923008508607203	0.12770454322866	-0.129828996738334	-2.648786513505	0.0498345314621953	2.7749715081143	2.31783873707836
0.923001871768077	0.127679357668975	-0.129813652676049	-2.64877161894562	0.0498362678676353	2.77493143010566	2.31784743927245
0.922994358543049	0.127650886909503	-0.129796318167912	-2.64875478174766	0.0498382261445595	2.77488612483618	2.31785725725571
0.922985915524873	0.127618938400839	-0.129776878660286	-2.64873588808999	0.0498404184129849	2.77483528602695	2.31786825273186
0.922976489467211	0.127583321097507	-0.129755220758973	-2.64871482504542	0.0498428565872791	2.77477860980345	2.31788048645896
0.92296602728463	0.127543845457961	-0.129731232229221	-2.64869148058068	0.04984555237616	2.77471579469559	2.31789401824942
0.922954476052606	0.12750032344459	-0.12970480199572	-2.64866574355645	0.0498485172826957	2.77464654163766	2.31790890697001
0.922941783007522	0.127452568523709	-0.129675820142603	-2.64863750372734	0.0498517626043051	2.77457055396837	2.31792521054184
0.922927895546668	0.127400395665568	-0.129644177913447	-2.64860665174188	0.0498552994327571	2.7744875374308	2.31794298594037
0.922912761228239	0.127343621344346	-0.129609767711269	-2.64857307914254	0.0498591386541712	2.77439720017247	2.31796228919541
0.922896327771341	0.127282063538154	-0.129572483098533	-2.64853667836574	0.0498632909490171	2.77429925274527	2.31798317539113
0.922878543055984	0.127215541729032	-0.129532218797143	-2.64849734274181	0.0498677667921151	2.77419340810552	2.31800569866604
0.922859355123088	0.127143876902954	-0.129488870688447	-2.64845496649504	0.0498725764526357	2.77407938161392	2.31802991221298
0.922838712174476	0.127066891549822	-0.129442335813237	-2.64840944474362	0.0498777299940999	2.77395689103558	2.31805586827918
0.922816562572883	0.12698440966347	-0.129392512371747	-2.64836067349971	0.0498832372743791	2.77382565654002	2.31808361816619
0.922792854841947	0.126896256741664	-0.129339299723653	-2.64830854966937	0.0498891079456949	2.77368540070114	2.31811321222991
0.922767537666216	0.1268022597861	-0.129282598388076	-2.64825297105262	0.0498953514546195	2.77353584849727	2.3181446998806
0.922740559891144	0.126702247302406	-0.129222310043579	-2.64819383634341	0.0499019770420754	2.77337672731112	2.31817812958286
0.922711870523092	0.126596049300138	-0.129158337528168	-2.6481310451296	0.0499089937433354	2.77320776692981	2.31821354885566
0.922681418729329	0.126483497292787	-0.129090584839291	-2.64806449789302	0.049916410388023	2.77302869954487	2.31825100427228
0.92264915383803	0.126364424297772	-0.129018957133843	-2.6479940960094	0.0499242356001115	2.77283925975222	2.31829054146039
0.922615025338279	0.126238664836445	-0.128943360728156	-2.64791974174844	0.0499324777979253	2.77263918455218	2.31833220510199
0.922578982880064	0.126106054934087	-0.12886370309801	-2.64784133827373	0.0499411451941385	2.77242821334947	2.31837603893342
0.922540976274284	0.125966432119911	-0.128779892878625	-2.64775878964284	0.0499502457957762	2.77220608795324	2.31842208574538
0.922500955492741	0.125819635427061	-0.128691839864667	-2.64767200080723	0.0499597874042134	2.77197255257702	2.31847038738293
0.922458870668149	0.125665505392613	-0.12859945501024	-2.64758087761232	0.0499697776151757	2.77172735383872	2.31852098474547
0.922414672094125	0.125503884057572	-0.128502650428897	-2.64748532679747	0.049980223818739	2.7714702407607	2.31857391778673
0.922368310225194	0.125334614966874	-0.12840133939363	-2.64738525599595	0.0499911331993298	2.77120096476969	2.31862922551482
0.922319735676791	0.125157543169389	-0.128295436336875	-2.64728057373499	0.0500025127357248	2.77091927969682	2.31868694599219
0.922268899225255	0.124972515217913	-0.128184856850512	-2.64717118943572	0.050014369201051	2.77062494177764	2.31874711633562
0.922215751807832	0.124779379169178	-0.128069517685861	-2.64705701341324	0.050026709162786	2.77031770965209	2.31880977271626
0.922160244522678	0.124577984583844	-0.12794933675369	-2.64693795687656	0.0500395389827576	2.76999734436452	2.3188749503596
0.922102328628854	0.124368182526502	-0.127824233124205	-2.64681393192864	0.0500528648171441	2.76966360936367	2.31894268354549
0.922041955546329	0.124149825565675	-0.127694127027058	-2.64668485156636	0.0500666926164742	2.7693162705027	2.31901300560812
0.921979076855978	0.123922767773817	-0.127558939851343	-2.64655062968054	0.0500810281256268	2.76895509603915	2.31908594893603
0.921913644299585	0.123686864727312	-0.127418594145597	-2.64641118105593	0.0500958768838315	2.76857985663497	2.31916154497211
0.921845609779839	0.123441973506476	-0.127273013617801	-2.64626642137122	0.050111244224668	2.76819032535652	2.31923982421359
0.921774925360338	0.123187952695555	-0.127122123135377	-2.64611626719902	0.0501271352760665	2.76778627767457	2.31932081621207
0.921701543265586	0.122924662382728	-0.126965848725192	-2.64596063600591	0.0501435549603075	2.76736749146425	2.31940454957349
0.921625415880995	0.122651964160101	-0.126804117573555	-2.64579944615235	0.0501605079940221	2.76693374700515	2.31949105195812
0.921546495752884	0.122369721123715	-0.126636858026218	-2.64563261689278	0.0501779988881915	2.76648482698121	2.31958035008061
0.921464735588478	0.12207779787354	-0.126463999588376	-2.64546006837556	0.0501960319481475	2.76602051648081	2.31967246970994
0.921380088255911	0.121776060513478	-0.126285472924667	-2.64528172164296	0.0502146112735722	2.7655406029967	2.31976743566945
0.921292506784223	0.12146437665136	-0.126101209859173	-2.64509749863122	0.0502337407584981	2.76504487642606	2.31986527183681
0.921201944363362	0.12114261539895	-0.125911143375417	-2.64490732217049	0.0502534240913081	2.76453312907046	2.31996600114407
0.921108354344181	0.120810647371943	-0.125715207616368	-2.64471111598487	0.0502736647547354	2.76400515563588	2.32006964557759
0.921011690238442	0.120468344689963	-0.125513337884435	-2.64450880469237	0.0502944660258637	2.76346075323267	2.32017622617812
0.920911905718816	0.120115580976567	-0.125305470641471	-2.64430031380496	0.050315830976127	2.76289972137563	2.32028576304073
0.920808954618876	0.119752231359241	-0.125091543508772	-2.64408556972854	0.0503377624713097	2.76232186198392	2.32039827531486
0.920702790933108	0.119378172469404	-0.124871495267078	-2.64386449976292	0.0503602631715466	2.76172697938113	2.32051378120428
0.9205933688169	0.118993282442406	-0.124645265856571	-2.64363703210186	0.0503833355313229	2.76111488029524	2.32063229796711
0.920480642586551	0.118597440917525	-0.124412796376876	-2.64340309583308	0.0504069817994742	2.76048537385864	2.32075384191584
0.920364566719265	0.118190529037973	-0.124174029087062	-2.64316262093818	0.0504312040191865	2.7598382716081	2.32087842841729
0.920245095853154	0.117772429450893	-0.123928907405639	-2.64291553829273	0.050456004027996	2.75917338748482	2.32100607189263
0.920122184787236	0.117343026307356	-0.123677375910562	-2.64266177966624	0.0504813834577894	2.75849053783439	2.3211367858174
0.919995788481439	0.116902205262368	-0.123419380339228	-2.64240127772212	0.050507343734804	2.75778954140679	2.32127058272145
0.919865862056596	0.116449853474862	-0.123154867588476	-2.64213396601774	0.0505338860796272	2.75707021935643	2.32140747418903
0.919732360794446	0.115985859607705	-0.122883785714592	-2.6418597790044	0.0505610115071968	2.75633239524209	2.32154747085869
0.919595240137637	0.115510113827694	-0.1226060839333	-2.64157865202734	0.0505887208268011	2.75557589502697	2.32169058242336
0.919454455689725	0.115022507805556	-0.12232171261977	-2.6412905213257	0.0506170146420788	2.75480054707868	2.32183681763031
0.919309963215171	0.11452293471595	-0.122030623308613	-2.6409953240326	0.0506458933510188	2.75400618216921	2.32198618428116
0.919161718639344	0.114011289237466	-0.121732768693887	-2.64069299817507	0.0506753571459607	2.75319263347498	2.32213868923187
0.91900967804852	0.113487467552624	-0.121428102629088	-2.64038348267407	0.0507054060135941	2.75235973657677	2.32229433839277
0.918853797689884	0.112951367347877	-0.121116580127157	-2.64006671734451	0.0507360397349593	2.7515073294598	2.32245313672852
0.918694033971524	0.112402887813606	-0.12079815736048	-2.63974264289521	0.0507672578854469	2.75063525251368	2.32261508825814
0.91853034346244	0.111841929644126	-0.120472791660883	-2.63941120092895	0.0507990598347977	2.74974334853242	2.32278019605499
0.918362682892536	0.111268395037681	-0.120140441519636	-2.63907233394243	0.0508314447471032	2.74883146271443	2.32294846224678
0.918191009152623	0.110682187696447	-0.119801066587454	-2.63872598532627	0.050864411580805	2.74789944266253	2.32311988801559
0.918015279294422	0.11008321282653	-0.119454627674491	-2.63837209936506	0.0508979590886952	2.74694713838393	2.32329447359782
0.917835450530558	0.109471377137967	-0.119101086750348	-2.6380106212373	0.0509320858179164	2.74597440229025	2.32347221828423
0.917651480234565	0.108846588844727	-0.118740406944066	-2.63764149701542	0.0509667901099614	2.74498108919752	2.32365312041994
0.917463325940884	0.10820875766471	-0.118372552544131	-2.63726467366579	0.0510020701006734	2.74396705632615	2.3238371774044
0.917270945344862	0.107557794819746	-0.117997488998472	-2.63688009904873	0.0510379237202461	2.74293216330097	2.32402438569143
0.917074296302754	0.106893613035595	-0.117615182914459	-2.63648772191845	0.0510743486932235	2.7418762721512	2.32421474078919
0.916873336831724	0.106216126541951	-0.117225602058906	-2.63608749192315	0.0511113425385001	2.74079924731048	2.32440823726017
0.916668025109839	0.105525251072437	-0.116828715358071	-2.63567935960493	0.0511489025693206	2.73970095561684	2.32460486872125
0.916458319476076	0.104820903864607	-0.116424492897655	-2.63526327639982	0.0511870258932802	2.73858126631269	2.32480462784362
0.916244178430319	0.104103003659946	-0.1160129059228	-2.6348391946378	0.0512257094123244	2.73744005104489	2.32500750635284
0.916025560633358	0.103371470703871	-0.115593926838093	-2.63440706754278	0.0512649498227492	2.73627718386467	2.32521349502881
0.915802424906893	0.102626226745728	-0.115167529207563	-2.63396684923259	0.051304743615201	2.73509254122766	2.3254225837058
0.915574730233527	0.101867195038796	-0.114733687754683	-2.63351849471902	0.0513450870746765	2.7338860019939	2.32563476127239
0.915342435756772	0.101094300340284	-0.114292378362367	-2.63306195990778	0.0513859762805227	2.73265744742784	2.32585001567155
0.915105500781049	0.100307468911331	-0.113843578072974	-2.6325972015985	0.0514274071064371	2.73140676119832	2.32606833390057
0.914863884771684	0.0995066285170098	-0.113387265088306	-2.63212417748477	0.0514693752204676	2.73013382937858	2.3262897020111
0.91461754735491	0.0986917084263211	-0.112923418769606	-2.63164284615409	0.0515118760850125	2.72883854044628	2.32651410510915
0.914366448317868	0.0978626394121982	-0.112452019637562	-2.63115316708791	0.0515549049568204	2.72752078528346	2.32674152735507
0.914110547608607	0.0970193537515052	-0.111973049372304	-2.63065510066161	0.0515984568869903	2.72618045717657	2.32697195196354
0.913849805336081	0.0961617852250368	-0.111486490813406	-2.63014860814449	0.0516425267209716	2.72481745181647	2.32720536120362
0.913584181770154	0.0952898691175189	-0.110992327959884	-2.62963365169981	0.0516871090985641	2.72343166729842	2.32744173639871
0.913313637341593	0.0944035422176084	-0.110490545970197	-2.62911019438475	0.051732198453918	2.72202300412206	2.32768105792654
0.913038132642077	0.0935027428178931	-0.109981131162248	-2.62857820015042	0.0517777890155338	2.72059136519146	2.32792330521922
0.912757628424188	0.0925874107148918	-0.109464071013381	-2.62803763384186	0.0518238748062625	2.71913665581509	2.32816845676319
0.912472085601418	0.0916574872090541	-0.108939354160385	-2.62748846119807	0.0518704496433055	2.71765878370579	2.32841649009923
0.912181465248165	0.0907129151047609	-0.108406970399492	-2.62693064885194	0.0519175071382143	2.71615765898085	2.3286673818225
0.911885728599735	0.0897536387103237	-0.107866910686376	-2.62636416433034	0.0519650406968912	2.71463319416192	2.32892110758249
0.911584837052339	0.0887796038379852	-0.107319167136155	-2.62578897605404	0.0520130435195886	2.71308530417508	2.32917764208303
0.911278752163097	0.0877907578039191	-0.106763733023387	-2.62520505333777	0.0520615086009093	2.71151390635079	2.32943695908231
0.910967435650036	0.0867870494282299	-0.106200602782078	-2.62461236639016	0.0521104287298067	2.70991892042393	2.32969903139288
0.91065084939209	0.0857684290349531	-0.105629772005673	-2.62401088631382	0.0521597964895843	2.70830026853377	2.32996383088161
0.9103289554291	0.0847348484520552	-0.105051237447061	-2.62340058510525	0.0522096042578962	2.70665787522399	2.33023132846976
0.910001715961814	0.0836862610114339	-0.104464997018576	-2.6227814356549	0.0522598442067467	2.70499166744267	2.3305014941329
0.909669093351888	0.0826226215489174	-0.103871049791991	-2.62215341174717	0.0523105083024907	2.70330157454229	2.33077429690097
0.909331050121883	0.0815438864042652	-0.103269395998527	-2.62151648806037	0.0523615883058333	2.70158752827973	2.33104970485825
0.908987548955271	0.0804500134211677	-0.102660037028843	-2.62087064016676	0.0524130757718302	2.69984946281627	2.33132768514339
0.908638552696427	0.0793409619472463	-0.102042975433045	-2.62021584453252	0.0524649620498871	2.69808731471761	2.33160820394935
0.908284024350636	0.0782166928340532	-0.10141821492068	-2.61955207851778	0.0525172382837605	2.69630102295382	2.33189122652348
0.907923927084089	0.0770771684370718	-0.100785760360738	-2.61887932037658	0.052569895411557	2.69449052889941	2.33217671716745
0.907558224223884	0.0759223526157164	-0.100145617781652	-2.61819754925692	0.0526229241657338	2.69265577633326	2.3324646392373
0.907186879258026	0.074752210733332	-0.0994977943712996	-2.61750674520072	0.0526763150730983	2.69079671143867	2.33275495514341
0.906809855835429	0.073566709657195	-0.0988422984769993	-2.61680688914384	0.0527300584548083	2.68891328280333	2.3330476263505
0.906427117765912	0.0723658177585125	-0.0981791396055137	-2.61609796291607	0.0527841444263722	2.68700544141934	2.33334261337765
0.906038629020203	0.0711495049124226	-0.0975083284230481	-2.61537994924113	0.0528385628976486	2.6850731406832	2.3336398757983
0.905644353729934	0.0699177424979945	-0.0968298767552511	-2.61465283173668	0.0528933035728465	2.68311633639581	2.33393937224021
0.905244256187648	0.0686705033982281	-0.096143797587214	-2.61391659491431	0.0529483559505252	2.68113498676248	2.33424106038551
0.904838300846792	0.0674077620000545	-0.0954501050634712	-2.61317122417954	0.0530037093235946	2.67912905239291	2.33454489697068
0.904426452321724	0.0661294941943358	-0.094748814488	-2.61241670583184	0.0530593527793148	2.67709849630121	2.33485083778654
0.904008675387704	0.0648356773758648	-0.094039942324221	-2.61165302706461	0.0531152751992964	2.67504328390588	2.33515883767826
0.903584934980904	0.0635262904433656	-0.0933235061949975	-2.61088017596516	0.0531714652595004	2.67296338302985	2.33546885054537
0.9031551961984	0.062201313799493	-0.0925995248826359	-2.61009814151475	0.0532279114302379	2.67085876390043	2.33578082934174
0.902719424298176	0.0608607293508329	-0.0918680183288857	-2.60930691358859	0.0532846019761708	2.66872939914932	2.33609472607559
0.902277584699124	0.0595045205079021	-0.0911290076349391	-2.6085064829558	0.0533415249563111	2.66657526381265	2.33641049180949
0.901829642981043	0.0581326721851485	-0.0903825150614319	-2.60769684127944	0.0533986682240214	2.66439633533093	2.33672807666035
0.901375564884637	0.0567451708009507	-0.0896285640284421	-2.60687798111652	0.0534560194270144	2.66219259354909	2.33704742979945
0.900915316311521	0.0553420042776187	-0.0888671791154915	-2.60604989591795	0.0535135660073534	2.65996402071645	2.3373684994524
0.900448863324213	0.053923162041393	-0.0880983860615443	-2.60521258002861	0.053571295201452	2.65771060148674	2.33769123289918
0.899976172146141	0.0524886350224453	-0.087322211765008	-2.60436602868728	0.0536291940400743	2.65543232291808	2.33801557647409
0.89949720916164	0.0510384156548784	-0.0865386842837331	-2.60351023802671	0.0536872493483347	2.653129174473	2.3383414755658
0.899011940915951	0.0495724978767257	-0.085747832835013	-2.60264520507356	0.0537454477456979	2.65080114801843	2.33866887461732
0.898520334115222	0.048090877129952	-0.0849496877955841	-2.60177092774843	0.053803775645979	2.64844823782571	2.33899771712602
0.89802235562651	0.0465935503604526	-0.0841442807016258	-2.60088740486584	0.0538622192573437	2.64607044057056	2.33932794564361
0.897517972477777	0.0450805160180543	-0.0833316442487607	-2.59999463613428	0.0539207645823079	2.64366775533314	2.33965950177616
0.897007151857893	0.0435517740565144	-0.0825118122920542	-2.59909262215613	0.0539793974177378	2.64124018359796	2.33999232618407
0.896489861116636	0.0420073259335214	-0.0816848198460148	-2.59818136442774	0.0540381033548502	2.63878772925399	2.3403263585821
0.895966067764691	0.0404471746106947	-0.0808507030845938	-2.59726086533936	0.0540968677792123	2.63631039859455	2.34066153773936
0.895435739473648	0.0388713245535847	-0.0800094993411858	-2.59633112817521	0.0541556758707413	2.63380820031739	2.34099780147931
0.894898844076006	0.0372797817316727	-0.0791612471086281	-2.59539215711342	0.0542145126037053	2.63128114552466	2.34133508667976
0.894355349565172	0.0356725536183712	-0.0783059860392015	-2.59444395722605	0.0542733627467224	2.62872924772291	2.34167332927287
0.893805224095458	0.0340496491910234	-0.0774437569446292	-2.59348653447912	0.0543322108627613	2.62615252282308	2.34201246424514
0.893248435982084	0.0324110789309035	-0.0765746017960777	-2.59251989573256	0.054391041309141	2.62355098914054	2.34235242563742
0.892684953701179	0.0307568548232168	-0.0756985637241565	-2.59154404874025	0.0544498382375308	2.62092466739502	2.34269314654492
0.892114745889776	0.0290869903570994	-0.0748156870189182	-2.59055900214997	0.0545085855939505	2.6182735807107	2.34303455911719
0.891537781345818	0.0274015005256186	-0.0739260171298581	-2.58956476550349	0.0545672671187704	2.61559775461612	2.34337659455814
0.890954029028152	0.0257004018257725	-0.0730296006659149	-2.58856134923646	0.054625866346711	2.61289721704425	2.34371918312602
0.890363458056536	0.0239837122584901	-0.0721264853954699	-2.5875487646785	0.0546843666068431	2.61017199833246	2.34406225413343
0.889766037711632	0.0222514513286316	-0.0712167202463476	-2.58652702405314	0.0547427510225881	2.60742213122249	2.34440573594731
0.88916173743501	0.0205036400449879	-0.0703003553058156	-2.58549614047786	0.0548010025117177	2.60464765086052	2.34474955598898
0.888550526829149	0.0187403009202812	-0.0693774418205844	-2.58445612796408	0.054859103786354	2.60184859479712	2.34509364073407
0.887932375657432	0.0169614579711642	-0.0684480321968075	-2.58340700141712	0.0549170373529694	2.59902500298725	2.34543791571258
0.887307253844152	0.0151671367182211	-0.0675121800000813	-2.58234877663627	0.0549747855123869	2.59617691779029	2.34578230550887
0.886675131474507	0.0133573641859666	-0.0665699399554454	-2.58128147031473	0.0550323303597796	2.59330438397001	2.34612673376162
0.886035978794604	0.0115321689028467	-0.0656213679473822	-2.58020510003965	0.0550896537846711	2.59040744869459	2.34647112316388
0.885389766211455	0.00969158090123818	-0.0646665210198175	-2.57911968429211	0.0551467374709355	2.5874861615366	2.34681539546305
0.884736464292982	0.00783563171744892	-0.0637054573761195	-2.57802524244712	0.0552035628967972	2.58454057447303	2.34715947146087
0.884076043768012	0.00596435439171768	-0.0627382363790998	-2.57692179477362	0.0552601113348308	2.58157074188524	2.34750327101343
0.883408475526279	0.00407778346821423	-0.0617649185510131	-2.57580936243449	0.0553163638519617	2.57857672055904	2.34784671303118
0.882733730618425	0.00217595499503918	-0.0607855655735568	-2.57468796748654	0.0553723013094653	2.57555856968459	2.3481897154789
0.882051780256	0.000258906524224341	-0.0598002402878714	-2.57355763288052	0.0554279043629675	2.5725163508565	2.34853219537574
0.88136259581146	-0.00167332288826776	-0.0588090066945405	-2.57241838246112	0.0554831534624448	2.56945012807374	2.34887406879518
0.880666148818168	-0.00362069268254342	-0.0578119299535905	-2.57127024096694	0.0555380288522236	2.56635996773972	2.34921525086507
0.879962410970395	-0.00558316079477807	-0.0568090763844912	-2.57011323403053	0.0555925105709813	2.56324593866221	2.34955565576759
0.879251354123318	-0.00756068365721616	-0.0558005134661549	-2.56894738817838	0.0556465784517451	2.56010811205342	2.34989519673927
0.878532950293022	-0.00955321619817121	-0.0547863098369372	-2.56777273083089	0.055700212121893	2.55694656152994	2.35023378607101
0.877807171656499	-0.0115607118420256	-0.0537665352946368	-2.56658929030243	0.0557533910031532	2.55376136311278	2.35057133510804
0.877073990551649	-0.013583122509231	-0.0527412607964951	-2.56539709580126	0.0558060943116042	2.55055259522733	2.35090775424995
0.876333379477277	-0.015620398616308	-0.0517105584591967	-2.56419617742962	0.0558583010576752	2.54732033870339	2.35124295295066
0.875585311093097	-0.0176724890758461	-0.0506745015588691	-2.56298656618365	0.0559099900461455	2.54406467677517	2.35157683971846
0.87482975821973	-0.019739341296504	-0.049633164531083	-2.56176829395343	0.0559611398761449	2.54078569508128	2.35190932211599
0.874066693838704	-0.0218209011830094	-0.0485866229708519	-2.56054139352299	0.0560117289411534	2.53748348166472	2.35224030676022
0.873296091092453	-0.0239171131361589	-0.0475349536326323	-2.55930589857027	0.0560617354290018	2.53415812697291	2.35256969932249
0.87251792328432	-0.0260279200528184	-0.0464782344303238	-2.55806184366717	0.0561111373218708	2.53080972385765	2.35289740452846
0.871732163878554	-0.0281532633259226	-0.0454165444372691	-2.5568092642795	0.0561599123962918	2.52743836757516	2.35322332615818
0.870938786500311	-0.0302930828444751	-0.0443499638862536	-2.55554819676701	0.0562080382231465	2.52404415578606	2.35354736704603
0.870137764935654	-0.032447316993549	-0.043278574169506	-2.5542786783834	0.056255492167667	2.52062718855536	2.35386942908071
0.869329073131556	-0.034615902654286	-0.0422024578386979	-2.55300074727628	0.0563022513894356	2.51718756835249	2.35418941320533
0.868512685195893	-0.036798775203897	-0.0411216986049437	-2.55171444248722	0.0563482928423854	2.51372540005126	2.35450721941729
0.86768857539745	-0.0389958685156622	-0.0400363813388012	-2.55041980395169	0.0563935932747995	2.5102407909299	2.35482274676837
0.86685671816592	-0.0412071149589302	-0.0389465920702709	-2.54911687249913	0.0564381292293114	2.50673385067104	2.3551358933647
0.866017088091903	-0.0434324453991192	-0.0378524179887965	-2.54780568985289	0.0564818770429053	2.5032046913617	2.35544655636676
0.865169659926904	-0.0456717891977162	-0.0367539474432644	-2.54648629863026	0.0565248128469155	2.49965342749332	2.35575463198935
0.864314408583337	-0.0479250742122772	-0.0356512699420043	-2.54515874234246	0.0565669125670267	2.49608017596172	2.35606001550166
0.863451309134524	-0.0501922267964272	-0.0345444761527889	-2.54382306539466	0.0566081519232742	2.49248505606714	2.3563626012272
0.862580336814691	-0.0524731717998604	-0.0334336579028337	-2.54247931308595	0.0566485064300434	2.48886818951421	2.35666228254385
0.861701467018975	-0.0547678325683401	-0.0323189081787974	-2.54112753160934	0.0566879513960703	2.48522970041197	2.35695895188381
0.860814675303418	-0.0570761309436983	-0.0312003211267815	-2.53976776805181	0.0567264619244412	2.48156971527386	2.35725250073367
0.859919937384969	-0.0593979872638363	-0.0300779920523307	-2.53840007039424	0.0567640129125927	2.47788836301772	2.35754281963434
0.859017229141484	-0.0617333203627244	-0.0289520174204326	-2.53702448751147	0.056800579052312	2.4741857749658	2.35782979818108
0.858106526611728	-0.0640820475704018	-0.0278224948555178	-2.53564106917224	0.0568361348297365	2.47046208484473	2.35811332502351
0.857187805995372	-0.0664440847129767	-0.02668952314146	-2.53424986603927	0.056870654525354	2.46671742878557	2.3583932878656
0.856261043652993	-0.0688193461126267	-0.0255532022215758	-2.53285092966918	0.0569041122140028	2.46295194532377	2.35866957346565
0.855326216106077	-0.0712077445875979	-0.0244136331986248	-2.53144431251253	0.0569364817648715	2.45916577539917	2.35894206763634
0.854383300037016	-0.073609191452206	-0.0232709183348096	-2.53003006791381	0.056967736841499	2.45535906235603	2.35921065524466
0.85343227228911	-0.0760235965168353	-0.0221251610517759	-2.52860825011147	0.0569978509017748	2.45153195194301	2.359475220212
0.852473109866566	-0.0784508680879393	-0.0209764659306124	-2.52717891423785	0.0570267971979387	2.44768459231316	2.35973564551404
0.851505789934497	-0.0808909129680404	-0.0198249387118506	-2.52574211631927	0.0570545487765807	2.44381713402393	2.35999181318087
0.850530289818924	-0.0833436364557303	-0.0186706862954653	-2.52429791327595	0.0570810784786414	2.4399297300372	2.36024360429687
0.849546587006777	-0.0858089423456694	-0.0175138167408741	-2.52284636292205	0.0571063589394117	2.43602253571921	2.36049089900082
0.848554659145889	-0.0882867329285874	-0.0163544392669376	-2.52138752396569	0.0571303625885329	2.43209570884065	2.36073357648582
0.847554484045004	-0.0907769089912829	-0.0151926642519596	-2.51992145600889	0.0571530616499968	2.42814940957656	2.36097151499933
0.846546039673771	-0.0932793698166237	-0.0140286032336865	-2.51844821954761	0.0571744281421453	2.42418380050643	2.36120459184315
0.845529304162747	-0.0957940131835464	-0.0128623689093082	-2.51696787597177	0.057194433877671	2.42019904661412	2.36143268337343
0.844504255803397	-0.0983207353670566	-0.0116940751354574	-2.51548048756518	0.0572130504636166	2.4161953152879	2.36165566500068
0.843470873048091	-0.100859431138229	-0.0105238369282095	-2.51398611750564	0.0572302493013755	2.41217277632045	2.36187341118976
0.842429134510107	-0.103409993764208	-0.00935177046308346	-2.51248482986483	0.0572460015866911	2.40813160190884	2.36208579545986
0.841379018963631	-0.105972315008206	-0.00817799307504079	-2.51097668960839	0.0572602783096576	2.40407196665456	2.36229269038454
0.840320505343756	-0.108546285129505	-0.00700262325848623	-2.50946176259589	0.0572730502547192	2.39999404756348	2.3624939675917
0.839253572746481	-0.111131792883455	-0.00582578066726748	-2.50794011558084	0.0572842880006708	2.39589802404588	2.36268949776359
0.838178200428714	-0.113728725521477	-0.00464758611467515	-2.50641181621068	0.0572939619206574	2.39178407791645	2.3628791506368
0.837094367808268	-0.11633696879106	-0.00346816157344298	-2.50487693302677	0.0573020421821746	2.38765239339427	2.36306279500229
0.836002054463865	-0.118956406935762	-0.00228763017574772	-2.50333553546442	0.0573084987470684	2.38350315710283	2.36324029870535
0.834901240135133	-0.121586922695209	-0.00110611621320902	-2.50178769385288	0.057313301371535	2.37933655807002	2.36341152864563
0.833791904722608	-0.124228397305097	7.62548631104698e-05	-2.5002334794153	0.0573164196061211	2.37515278772814	2.36357635077713
0.832674028287733	-0.126880710497193	0.00125935644270497	-2.49867296426882	0.0573178227957238	2.37095203991387	2.36373463010819
0.831547591052856	-0.129543740499329	0.00244306075562584	-2.49710622142445	0.0573174800795906	2.36673451086831	2.3638862307015
0.830412573401236	-0.13221736403541	0.0036272388724814	-2.49553332478718	0.0573153603913191	2.36250039923696	2.3640310156741
0.829268955877037	-0.134901456325407	0.00481176070443678	-2.49395434915592	0.0573114324588578	2.35824990606971	2.3641688471974
0.828116719185329	-0.137595891085361	0.00599649500321445	-2.4923693702235	0.0573056648045052	2.35398323482088	2.36429958649713
0.826955844192092	-0.140300540527383	0.00718130936109357	-2.49077846457671	0.0572980257449102	2.34970059134915	2.36442309385338
0.825786311924211	-0.143015275359652	0.00836607021091043	-2.48918170969625	0.0572884833910723	2.34540218391764	2.36453922860059
0.824608103569479	-0.145739964786416	0.0095506428260583	-2.48757918395677	0.0572770056483412	2.34108822319386	2.36464784912756
0.823421200476596	-0.148474476507992	0.0107348913204876	-2.48597096662685	0.057263560216417	2.33675892224971	2.36474881287741
0.822225584155169	-0.151218676720768	0.0119186786487054	-2.484357137869	0.0572481145893504	2.3324144965615	2.36484197634764
0.821021236275713	-0.153972430117198	0.0131018666057761	-2.48273777873965	0.0572306360555421	2.32805516400995	2.36492719509009
0.819808138669648	-0.156735599885807	0.0142843158273209	-2.4811129711892	0.0572110916977435	2.32368114488018	2.36500432371093
0.818586273329304	-0.159508047711188	0.015465885789518	-2.47948279806196	0.0571894483930563	2.31929266186168	2.36507321587071
0.817355622407916	-0.162289633774005	0.0166464348091028	-2.47784734309616	0.0571656728129325	2.3148899400484	2.36513372428431
0.816116168219627	-0.165080216750987	0.0178258200433676	-2.476206690924	0.0571397314231746	2.31047320693864	2.36518570072096
0.814867893239488	-0.167879653814936	0.0190038974901614	-2.47456092707159	0.0571115904839354	2.30604269243514	2.36522899600425
0.813610780103455	-0.170687800634722	0.0201805219878906	-2.47291013795897	0.0570812160497181	2.301598628845	2.3652634600121
0.812344811608393	-0.173504511375283	0.0213555472155184	-2.47125441090013	0.0570485739693764	2.29714125087977	2.36528894167681
0.811069970712074	-0.176329638697627	0.0225288256925652	-2.46959383410298	0.0570136298861142	2.29267079565537	2.36530528898499
0.809786240533175	-0.17916303375883	0.023700208779108	-2.46792849666937	0.0569763492374858	2.28818750269212	2.36531234897762
0.808493604351284	-0.182004546212039	0.0248695466757811	-2.46625848859509	0.0569366972553961	2.28369161391477	2.36530996775004
0.807192045606894	-0.184854024206467	0.0260366884237759	-2.46458390076986	0.0568946389661002	2.27918337365244	2.36529799045193
0.805881547901403	-0.187711314387399	0.0272014819048405	-2.46290482497732	0.0568501391902037	2.27466302863867	2.3652762612873
0.80456209499712	-0.190576261896188	0.0283637738412801	-2.46122135389506	0.0568031625426623	2.27013082801141	2.36524462351455
0.80323367081726	-0.193448710370256	0.0295234097959569	-2.45953358109461	0.0567536734327824	2.26558702331298	2.36520291944638
0.801896259445943	-0.196328501943092	0.0306802341722902	-2.4578416010414	0.0567016360642207	2.26103186849013	2.36515099044988
0.800549845128199	-0.199215477244258	0.0318340902142563	-2.45614550909483	0.0566470144349843	2.25646561989401	2.36508867694646
0.799194412269964	-0.202109475399382	0.0329848200063881	-2.45444540150823	0.0565897723374305	2.25188853628016	2.36501581841191
0.797829945438081	-0.205010334030163	0.0341322644737761	-2.45274137542884	0.0565298733582672	2.24730087880853	2.36493225337634
0.7964564293603	-0.207917889254366	0.0352762633820675	-2.45103352889784	0.0564672808785528	2.24270291104347	2.36483781942423
0.795073848925278	-0.210831975685829	0.0364166553374664	-2.44932196085038	0.0564019580736956	2.23809489895372	2.36473235319439
0.793682189182581	-0.213752426434456	0.037553277786734	-2.44760677111549	0.0563338679134547	2.23347711091245	2.36461569038
0.792281435342679	-0.216679073106221	0.0386859670171885	-2.44588806041617	0.0562629731619395	2.22884981769721	2.36448766572857
0.790871572776953	-0.219611745803169	0.0398145581567052	-2.44416593036935	0.0561892363776098	2.22421329248995	2.36434811304197
0.789452587017688	-0.22255027312341	0.0409388851737162	-2.44244048348587	0.0561126199132756	2.21956781087704	2.36419686517642
0.788024463758077	-0.225494482161126	0.0420587808772107	-2.44071182317054	0.0560330859160976	2.21491365084924	2.36403375404248
0.78658718885222	-0.228444198506567	0.0431740769167349	-2.43898005372207	0.0559505963275865	2.2102510928017	2.36385861060507
0.785140748315126	-0.231399246246052	0.0442846037823919	-2.43724528033312	0.0558651128836037	2.205580419534	2.36367126488345
0.783685128322709	-0.234359447961971	0.0453901908048419	-2.4355076090903	0.0557765971143609	2.2009019162501	2.36347154595124
0.782220315211791	-0.237324624732779	0.0464906661553023	-2.43376714697412	0.05568501034442	2.19621587055837	2.3632592819364
0.7807462954801	-0.240294596133004	0.0475858568455471	-2.43202400185904	0.0555903136926937	2.19152257247159	2.36303430002124
0.779263055786274	-0.243269180233241	0.0486755887279074	-2.43027828251345	0.0554924680724446	2.18682231440691	2.36279642644243
0.777770582949855	-0.246248193600155	0.0497596864952713	-2.4285300985997	0.055391434191286	2.18211539118593	2.36254548649096
0.776268863951294	-0.249231451296478	0.0508379736810843	-2.42677956067403	0.0552871725511815	2.17740210003462	2.36228130451221
0.774757885931949	-0.252218766881013	0.0519102726593483	-2.42502678018665	0.0551796434484451	2.17268274058334	2.36200370390589
0.773237636194084	-0.255209952408633	0.0529764046446225	-2.42327186948167	0.0550688069737412	2.1679576148669	2.36171250712604
0.771708102200871	-0.258204818430276	0.0540361896920231	-2.42151494179718	0.0549546230120844	2.16322702732446	2.36140753568108
0.77016927157639	-0.261203173992954	0.0550894466972232	-2.41975611126515	0.0548370512428399	2.15849128479961	2.36108861013376
0.768621132105627	-0.264204826639745	0.056135993396453	-2.41799549291153	0.0547160511397233	2.15375069654034	2.36075555010119
0.767063671734475	-0.267209582409795	0.0571756463664996	-2.41623320265618	0.0545915819708004	2.14900557419904	2.36040817425482
0.765496878569735	-0.270217245838323	0.0582082210247071	-2.41446935731289	0.0544636027984875	2.14425623183249	2.36004630032046
0.763920740879115	-0.273227619956613	0.0592335316289768	-2.41270407458941	0.0543320724795513	2.1395029859019	2.35966974507825
0.76233524709123	-0.27624050629202	0.0602513912777667	-2.41093747308739	0.0541969496651089	2.13474615527284	2.35927832436271
0.760740385795601	-0.279255704867969	0.061261611910092	-2.40916967230243	0.0540581928006276	2.12998606121533	2.35887185306268
0.759136145742658	-0.282273014203953	0.0622640043055248	-2.40740079262407	0.0539157601259254	2.12522302740376	2.35845014512137
0.757522515843737	-0.285292231315532	0.0632583780841942	-2.40563095533578	0.0537696096751703	2.12045737991692	2.35801301353631
0.755899485171082	-0.288313151714337	0.0642445417067863	-2.40386028261496	0.0536196992768811	2.11568944723802	2.35756027035942
0.754267042957844	-0.29133556940807	0.0652223024745444	-2.40208889753295	0.0534659865539267	2.11091956025467	2.35709172669694
0.75262517859808	-0.294359276900498	0.0661914665292683	-2.400316924055	0.0533084289235264	2.10614805225886	2.35660719270947
0.750973881646756	-0.297384065191459	0.0671518388533154	-2.39854448704033	0.05314698359725	2.10137525894701	2.35610647761194
0.749313141819743	-0.300409723776862	0.0681032232695997	-2.39677171224207	0.0529816075810177	2.09660151841993	2.35558938967367
0.747642948993822	-0.303436040648681	0.0690454224415923	-2.3949987263073	0.0528122576750998	2.09182717118282	2.35505573621829
0.745963293206678	-0.306462802294962	0.0699782378733214	-2.39322565677701	0.0526388904741174	2.08705256014531	2.3545053236238
0.744274164656906	-0.309489793699818	0.070901469909372	-2.39145263208615	0.0524614623670418	2.0822780306214	2.35393795732254
0.742575553704005	-0.312516798343434	0.0718149177348863	-2.38967978156359	0.0522799295371945	2.07750393032951	2.35335344180119
0.740867450868384	-0.315543598202061	0.0727183793755632	-2.38790723543214	0.0520942479622477	2.07273060939247	2.35275158060082
0.739149846831359	-0.31856997374802	0.0736116516976589	-2.38613512480852	0.0519043734142237	2.0679584203375	2.3521321763168
0.737422732435151	-0.321595703949702	0.0744945304079865	-2.38436358170343	0.0517102614594954	2.06318771809621	2.35149503059887
0.73568609868289	-0.324620566271566	0.0753668100539162	-2.38259273902145	0.051511867458786	2.05841886000464	2.35083994415112
0.733939936738612	-0.32764433667414	0.0762282840233749	-2.38082273056115	0.0513091465671691	2.0536522058032	2.350166716732
0.732184237927262	-0.330666789614022	0.0770787445448468	-2.37905369101499	0.0511020537340687	2.04888811763673	2.34947514715428
0.730418993734689	-0.333687698043877	0.0779179826873728	-2.37728575596937	0.050890543703259	2.04412696005447	2.34876503328511
0.728644195807653	-0.336706833412442	0.0787457883605512	-2.37551906190465	0.050674571012865	2.03936910001003	2.34803617204597
0.726859835953819	-0.339723965664521	0.079561950314537	-2.3737537461951	0.0504540899953616	2.03461490686147	2.3472883594127
0.725065906141759	-0.342738863240986	0.0803662561400422	-2.37198994710893	0.0502290547775744	2.02986475237121	2.34652139041547
0.723262398500952	-0.345751293078782	0.0811584922683358	-2.37022780380829	0.0499994192806794	2.02511901070609	2.34573505913883
0.721449305321785	-0.348761020610918	0.0819384439712441	-2.36846745634924	0.0497651372202026	2.02037805843735	2.34492915872165
0.719626619055552	-0.351767809766477	0.08270589536115	-2.36670904568181	0.049526162106021	2.01564227454064	2.34410348135717
0.717794332314454	-0.354771422970606	0.0834606293909936	-2.36495271364995	0.0492824472423614	2.010912040396	2.34325781829296
0.7159524378716	-0.357771621144526	0.084202427854272	-2.36319860299152	0.0490339457278013	2.00618773978788	2.34239195983097
0.714100928661004	-0.360768163705523	0.084931071385039	-2.36144685733834	0.0487806104552686	2.00146975890512	2.34150569532745
0.712239797777589	-0.363760808566955	0.0856463394579061	-2.35969762121616	0.0485223941120414	1.99675848634098	2.34059881319306
0.710369038477185	-0.366749312138247	0.0863480103880407	-2.35795104004467	0.0482592491797483	1.9920543130931	2.33967110089275
0.708488644176529	-0.369733429324894	0.0870358613311685	-2.35620726013747	0.0479911279343684	1.98735763256355	2.33872234494586
0.706598608453264	-0.372712913528459	0.087709668283571	-2.35446642870212	0.0477179824462308	1.98266884055878	2.33775233092607
0.704698925045942	-0.375687516646575	0.0883692060820876	-2.35272869384009	0.0474397645800155	1.97798833528964	2.33676084346139
0.70278958785402	-0.378656989072945	0.0890142484041142	-2.35099420454681	0.0471564259947524	1.97331651737139	2.33574766623421
0.700870590937865	-0.381621079697339	0.0896445677676038	-2.34926311071162	0.0468679181438222	1.96865378982371	2.33471258198124
0.698941928518749	-0.384579535905597	0.0902599355310665	-2.34753556311781	0.0465741922749557	1.96400055807065	2.33365537249356
0.697003594978852	-0.387532103579627	0.0908601218935695	-2.3458117134426	0.0462751994302342	1.95935722994067	2.33257581861659
0.695055584861261	-0.390478527097409	0.091444895894736	-2.34409171425713	0.0459708904460893	1.95472421566665	2.33147370025011
0.693097892869969	-0.393418549332989	0.0920140254147481	-2.3423757190265	0.0456612159533031	1.95010192788585	2.33034879634822
0.691130513869879	-0.396351911656482	0.0925672771743432	-2.34066388210972	0.0453461263770081	1.94549078163995	2.3292008849194
0.689153442886798	-0.399278353934076	0.0931044167348165	-2.33895635875975	0.0450255719366869	1.94089119437502	2.32802974302648
0.687166675107441	-0.402197614528022	0.09362520849802	-2.33725330512347	0.0446995026461729	1.93630358594153	2.3268351467866
0.685170205879433	-0.405109430296644	0.0941294157063625	-2.3355548782417	0.0443678683136496	1.93172837859437	2.32561687137131
0.683164030711302	-0.408013536594335	0.0946168004428102	-2.3338612360492	0.044030618541651	1.92716599699281	2.32437469100645
0.681148145272485	-0.410909667271555	0.0950871236308859	-2.33217253737466	0.0436877027270615	1.92261686820053	2.32310837897224
0.679122545393328	-0.413797554674836	0.0955401450346698	-2.33048894194069	0.0433390700611157	1.91808142168562	2.32181770760325
0.67708722706508	-0.416676929646775	0.0959756232587989	-2.32881061036387	0.0429846695293988	1.91356008932056	2.32050244828839
0.675042186439901	-0.419547521526042	0.0963933157484669	-2.32713770415466	0.0426244499118463	1.90905330538224	2.31916237147093
0.672987419830856	-0.422409058147374	0.0967929787894253	-2.32547038571751	0.0422583597827441	1.90456150655194	2.31779724664847
0.670922932192217	-0.425261306905196	0.0971744229853607	-2.3238087935038	0.041886363041964	1.90008506517675	2.31640689979525
0.668848762506726	-0.428104198445783	0.0975376800765163	-2.32215296717301	0.0415084855772211	1.89562408825225	2.31499138594419
0.66676495825083	-0.430937704353702	0.0978828371838935	-2.32050292161217	0.0411247687903282	1.89117861623577	2.31355081747165
0.664671566900981	-0.433761796213521	0.098209981428494	-2.31885867170828	0.0407352540830983	1.88674868958465	2.31208530675401
0.662568635933625	-0.436576445609805	0.0985191999313195	-2.31722023234836	0.0403399828573445	1.8823343487562	2.31059496616766
0.660456212825213	-0.439381624127123	0.0988105798133714	-2.31558761841942	0.0399389965148799	1.87793563420779	2.30907990808896
0.658334345052194	-0.44217730335004	0.0990842081956517	-2.31396084480848	0.0395323364575173	1.87355258639672	2.30754024489431
0.656203080091017	-0.444963454863124	0.0993401721991618	-2.31233992640255	0.0391200440870698	1.86918524578035	2.30597608896007
0.65406246541813	-0.447740050250941	0.0995785589449035	-2.31072487808865	0.0387021608053504	1.864833652816	2.30438755266263
0.651912548509984	-0.450507061098059	0.0997994555538784	-2.30911571475379	0.0382787280141722	1.860497847961	2.30277474837835
0.649753376843026	-0.453264458989044	0.100002949147088	-2.30751245128499	0.0378497871153482	1.8561778716727	2.30113778848363
0.647584997893706	-0.456012215508462	0.100189126845534	-2.30591510256925	0.0374153795106913	1.85187376440843	2.29947678535484
0.645407459138474	-0.458750302240882	0.100358075770219	-2.30432368349359	0.0369755466020145	1.84758556662551	2.29779185136835
0.643220808053777	-0.461478690770869	0.100509883042143	-2.30273820894504	0.036530329791131	1.84331331878128	2.29608309890055
0.641025092116067	-0.464197352682991	0.100644635782309	-2.30115869381059	0.0360797704798537	1.83905706133309	2.29435064032781
0.63882035880179	-0.466906259561814	0.100762421111717	-2.29958515297727	0.0356239100699956	1.83481683473825	2.29259458802651
0.636606655587397	-0.469605382991905	0.100863326151371	-2.29801760133209	0.0351627899633697	1.83059267945411	2.29081505437302
0.634384029949337	-0.472294694557831	0.100947438022271	-2.29645605376206	0.034696451561789	1.826384635938	2.28901215174374
0.632152529364058	-0.47497416584416	0.101014843845419	-2.29490052515421	0.0342249362670666	1.82219274464725	2.28718599251502
0.62991220130801	-0.477643768435456	0.101065630741817	-2.29335103039553	0.0337482854810154	1.8180170460392	2.28533668906326
0.627663093257642	-0.480303473916288	0.101099885832466	-2.29180758437306	0.0332665406054486	1.81385758057118	2.28346435376483
0.625405252689404	-0.482953253871223	0.101117696238368	-2.29027020197379	0.032779743042179	1.80971438870052	2.28156909899611
0.623138727079743	-0.485593079884827	0.101119149080525	-2.28873889808475	0.0322879341930197	1.80558751088457	2.27965103713347
0.620863563905109	-0.488222923541666	0.101104331479938	-2.28721368759295	0.0317911554597837	1.80147698758064	2.27771028055329
0.618579810641951	-0.490842756426309	0.10107333055761	-2.2856945853854	0.0312894482442841	1.79738285924609	2.27574694163196
0.616287514766719	-0.493452550123321	0.101026233434541	-2.28418160634912	0.0307828539483338	1.79330516633823	2.27376113274585
0.613986723755861	-0.49605227621727	0.100963127231733	-2.28267476537112	0.0302714139737458	1.78924394931441	2.27175296627133
0.611677485085827	-0.498641906292723	0.100884099070188	-2.28117407733842	0.0297551697223332	1.78519924863196	2.26972255458479
0.609359846233065	-0.501221411934245	0.100789236070908	-2.27967955713803	0.029234162595909	1.78117110474821	2.26767001006261
0.607033854674025	-0.503790764726404	0.100678625354894	-2.27819121965697	0.0287084339962862	1.7771595581205	2.26559544508115
0.604699557885156	-0.506349936253768	0.100552354043148	-2.27670907978224	0.0281780253252778	1.77316464920616	2.26349897201681
0.602357003342907	-0.508898898100902	0.100410509256671	-2.27523315240087	0.0276429779846967	1.76918641846252	2.26138070324595
0.600006238523726	-0.511437621852374	0.100253178116466	-2.27376345239987	0.0271033333763561	1.76522490634692	2.25924075114496
0.597647310904064	-0.51396607909275	0.100080447743534	-2.27229999466624	0.026559132902069	1.7612801533167	2.25707922809021
0.595280267960368	-0.516484241406597	0.0998924052588758	-2.27084279408702	0.0260104179636483	1.75735219982918	2.25489624645808
0.59290515716909	-0.518992080378482	0.0996891377834942	-2.2693918655492	0.025457229962907	1.7534410863417	2.25269191862495
0.590522026006676	-0.521489567592973	0.0994707324383904	-2.26794722393981	0.0248996103016583	1.7495468533116	2.2504663569672
0.588130921949576	-0.523976674634635	0.0992372763445661	-2.26650888414586	0.024337600381715	1.7456695411962	2.2482196738612
0.585731892474241	-0.526453373088036	0.0989888566230229	-2.26507686105436	0.0237712416048902	1.74180919045285	2.24595198168334
0.583324985057117	-0.528919634537742	0.0987255603947625	-2.26365116955233	0.0232005753729969	1.73796584153888	2.24366339280998
0.580910247174656	-0.53137543056832	0.0984474747807866	-2.26223182452678	0.0226256430878482	1.73413953491161	2.24135401961752
0.578487726303305	-0.533820732764338	0.0981546869020968	-2.26081884086472	0.022046486151257	1.73033031102839	2.23902397448232
0.576057469919514	-0.536255512710361	0.0978472838796947	-2.25941223345318	0.0214631459650363	1.72653821034655	2.23667336978077
0.573619525499732	-0.538679741990957	0.0975253528345821	-2.25801201717916	0.0208756639309992	1.72276327332342	2.23430231788924
0.571173940520407	-0.541093392190693	0.0971889808877604	-2.25661820692968	0.0202840814509587	1.71900554041634	2.23191093118411
0.568720762457991	-0.543496434894135	0.0968382551602316	-2.25523081759175	0.0196884399267278	1.71526505208264	2.22949932204176
0.56626003878893	-0.545888841685851	0.0964732627729971	-2.25384986405239	0.0190887807601194	1.71154184877965	2.22706760283857
0.563791816989674	-0.548270584150407	0.0960940908470586	-2.25247536119861	0.0184851453529467	1.70783597096471	2.22461588595091
0.561316144536673	-0.550641633872369	0.0957008265034178	-2.25110732391742	0.0178775751070226	1.70414745909516	2.22214428375516
0.558833068906375	-0.553001962436306	0.0952935568630763	-2.24974576709585	0.0172661114241602	1.70047635362832	2.21965290862771
0.55634263757523	-0.555351541426783	0.0948723690470359	-2.24839070562089	0.0166507957061724	1.69682269502153	2.21714187294492
0.553844898019687	-0.557690342428367	0.094437350176298	-2.24704215437958	0.0160316693548722	1.69318652373212	2.21461128908318
0.551339897716194	-0.560018337025626	0.0939885873718645	-2.24570012825892	0.0154087737720727	1.68956788021743	2.21206126941887
0.548827684141201	-0.562335496803127	0.0935261677547369	-2.24436464214592	0.0147821503595869	1.6859668049348	2.20949192632835
0.546308304771157	-0.564641793345435	0.0930501784459169	-2.24303571092761	0.0141518405192279	1.68238333834155	2.20690337218802
0.543781807082511	-0.566937198237118	0.0925607065664061	-2.24171334949099	0.0135178856528085	1.67881752089502	2.20429571937425
0.541248238551712	-0.569221683062742	0.0920578392372063	-2.24039757272308	0.0128803271621418	1.67526939305255	2.20166908026341
0.53870764665521	-0.571495219406876	0.091541663579319	-2.2390883955109	0.0122392064490409	1.67173899527146	2.19902356723188
0.536160078869452	-0.573757778854084	0.0910122667137459	-2.23778583274145	0.0115945649153188	1.6682263680091	2.19635929265605
0.533605582670889	-0.576009332988935	0.0904697357614887	-2.23648989930175	0.0109464439627884	1.66473155172279	2.19367636891229
0.53104420553597	-0.578249853395994	0.089914157843549	-2.23520061007882	0.0102948849932627	1.66125458686987	2.19097490837698
0.528475994941142	-0.58047931165983	0.0893456200809284	-2.23391797995967	0.00963992940855491	1.65779551390768	2.18825502342649
0.525900998362857	-0.582697679365008	0.0887642095946287	-2.23264202383132	0.00898161861047787	1.65435437329354	2.1855168264372
0.523319263277562	-0.584904928096096	0.0881700135056515	-2.23137275658077	0.00831999400084464	1.6509312054848	2.1827604297855
0.520730837161707	-0.58710102943766	0.0875631189349984	-2.23011019309505	0.00765509698146824	1.64752605093878	2.17998594584776
0.518135767491741	-0.589285954974268	0.0869436130036711	-2.22885434826116	0.00698696895416167	1.64413895011283	2.17719348700036
0.515534101744113	-0.591459676290485	0.0863115828326712	-2.22760523696613	0.00631565132073795	1.64076994346426	2.17438316561967
0.512925887395272	-0.59362216497088	0.0856671155430004	-2.22636287409696	0.0056411854830101	1.63741907145043	2.17155509408207
0.510311171921667	-0.595773392600018	0.0850102982556604	-2.22512727454067	0.00496361284279112	1.63408637452865	2.16870938476395
0.507690002799748	-0.597913330762466	0.0843412180916528	-2.22389845318428	0.00428297480189403	1.63077189315628	2.16584615004168
0.505062427505962	-0.600041951042792	0.0836599621719792	-2.22267642491479	0.00359931276213184	1.62747566779063	2.16296550229163
0.50242849351676	-0.602159225025563	0.0829666176176413	-2.22146120461923	0.00291266812531756	1.62419773888904	2.16006755389019
0.499788248308591	-0.604265124295344	0.0822612715496407	-2.2202528071846	0.0022230822932642	1.62093814690886	2.15715241721374
0.497141739357903	-0.606359620436703	0.0815440110889792	-2.21905124749793	0.00153059666778478	1.6176969323074	2.15422020463864
0.494489014141146	-0.608442685034208	0.0808149233566584	-2.21785654044622	0.000835252650692308	1.61447413554201	2.15127102854129
0.491830120134769	-0.610514289672423	0.0800740954736798	-2.21666870091649	0.000137091643799797	1.61126979707003	2.14830500129805
0.489165104815221	-0.612574405935917	0.0793216145610453	-2.21548774379575	-0.000563844951079734	1.60808395734877	2.14532223528531
0.48649401565895	-0.614623005409257	0.0785575677397563	-2.21431368397103	-0.00126751573213328	1.60491665683558	2.14232284287944
0.483816900142407	-0.616660059677008	0.0777820421308147	-2.21314653632932	-0.00197387929754783	1.6017679359878	2.13930693645682
0.48113380574204	-0.618685540323739	0.076995124855222	-2.21198631575765	-0.00268289424551037	1.59863783526275	2.13627462839383
0.478444779934298	-0.620699418934015	0.0761969030339798	-2.21083303714303	-0.00339451917420788	1.59552639511777	2.13322603106685
0.47574987019563	-0.622701667092404	0.0753874637880899	-2.20968671537248	-0.00410871268182735	1.59243365601019	2.13016125685226
0.473049124002486	-0.624692256383472	0.0745668942385539	-2.20854736533301	-0.00482543336655578	1.58935965839735	2.12708041812642
0.470342588831314	-0.626671158391787	0.0737352815063734	-2.20741500191163	-0.00554463982658015	1.58630444273658	2.12398362726573
0.467630312158564	-0.628638344701914	0.0728927127125501	-2.20628963999536	-0.00626629066008744	1.58326804948522	2.12087099664656
0.464912341460684	-0.630593786898422	0.0720392749780857	-2.20517129447121	-0.00699034446526464	1.5802505191006	2.11774263864529
0.462188724214124	-0.632537456565877	0.0711750554239818	-2.20405998022619	-0.00771675984029875	1.57725189204005	2.11459866563828
0.459459507895333	-0.634469325288845	0.07030014117124	-2.20295571214733	-0.00844549538337674	1.57427220876091	2.11143919000194
0.456724739980761	-0.636389364651894	0.0694146193408621	-2.20185850512163	-0.00917650969268561	1.57131150972051	2.10826432411262
0.453984467946855	-0.63829754623959	0.0685185770538496	-2.20076837403611	-0.00990976136641234	1.56836983537618	2.10507418034671
0.451238739270065	-0.6401938416365	0.0676121014312042	-2.19968533377779	-0.0106452090027439	1.56544722618527	2.10186887108059
0.44848760142684	-0.642078222427191	0.0666952795939276	-2.19860939923367	-0.0113828111998673	1.5625437226051	2.09864850869064
0.44573110189363	-0.64395066019623	0.0657681986630214	-2.19754058529077	-0.0121225265559696	1.559659365093	2.09541320555322
0.442969288146883	-0.645811126528184	0.0648309457594873	-2.19647890683611	-0.0128643136692376	1.55679419410632	2.09216307404473
0.440202207663049	-0.647659593007619	0.063883608004327	-2.19542437875669	-0.0136081311378585	1.55394825010238	2.08889822654154
0.437429907918576	-0.649496031219102	0.062926272518542	-2.19437701593955	-0.0143539375600192	1.55112157353852	2.08561877542002
0.434652436389913	-0.651320412747201	0.061959026423134	-2.19333683327168	-0.0151016915339066	1.54831420487208	2.08232483305655
0.431869840553511	-0.653132709176482	0.0609819568391048	-2.1923038456401	-0.0158513516577078	1.54552618456038	2.07901651182752
0.429082167885817	-0.654932892091512	0.0599951508874559	-2.19127806793183	-0.0166028765296097	1.54275755306076	2.0756939241093
0.426289465863282	-0.656720933076857	0.058998695689189	-2.19025951503388	-0.0173562247477994	1.54000835083056	2.07235718227827
0.423491781962353	-0.658496803717085	0.0579926783653057	-2.18924820183327	-0.0181113549104638	1.53727861832711	2.06900639871081
0.42068916365948	-0.660260475596762	0.0569771860368078	-2.18824414321701	-0.0188682256157899	1.53456839600774	2.06564168578329
0.417881658431113	-0.662011920300456	0.0559523058246968	-2.18724735407211	-0.0196267954619648	1.53187772432979	2.06226315587209
0.4150693137537	-0.663751109412732	0.0549181248499744	-2.18625784928559	-0.0203870230471753	1.52920664375058	2.05887092135359
0.41225217710369	-0.665478014518159	0.0538747302336423	-2.18527564374446	-0.0211488669696085	1.52655519472747	2.05546509460417
0.409430295957533	-0.667192607201302	0.052822209096702	-2.18430075233574	-0.0219122858274513	1.52392341771777	2.05204578800021
0.406603717791677	-0.668894859046729	0.0517606485601554	-2.18333318994644	-0.0226772382188908	1.52131135317883	2.04861311391808
0.403772490082572	-0.670584741639006	0.050690135745004	-2.18237297146357	-0.0234436827421139	1.51871904156797	2.04516718473416
0.400936660306667	-0.6722622265627	0.0496107577722495	-2.18142011177416	-0.0242115779953077	1.51614652334253	2.04170811282483
0.39809627594041	-0.673927285402379	0.0485226017628935	-2.1804746257652	-0.0249808825766591	1.51359383895985	2.03823601056647
0.395251384460251	-0.675579889742608	0.0474257548379377	-2.17953652832373	-0.0257515550843551	1.51106102887726	2.03475099033546
0.39240203334264	-0.677220011167956	0.0463203041183837	-2.17860583433675	-0.0265235541165826	1.50854813355209	2.03125316450817
0.389548270064024	-0.678847621262987	0.0452063367252332	-2.17768255869127	-0.0272968382715288	1.50605519344168	2.02774264546098
0.386690142100854	-0.68046269161227	0.0440839397794879	-2.17676671627431	-0.0280713661473805	1.50358224900336	2.02421954557027
0.383827696929577	-0.682065193800372	0.0429532004021493	-2.17585832197289	-0.0288470963423248	1.50112934069446	2.02068397721242
0.380960982026645	-0.683655099411859	0.0418142057142192	-2.17495739067402	-0.0296239874545486	1.49869650897232	2.0171360527638
0.378090044868504	-0.685232380031297	0.0406670428366992	-2.17406393726471	-0.0304019980822389	1.49628379429428	2.0135758846008
0.375214932931606	-0.686797007243255	0.039511798890591	-2.17317797663198	-0.0311810868235827	1.49389123711766	2.01000358509979
0.372335693692397	-0.688348952632298	0.0383485609968962	-2.17229952366284	-0.0319612122767671	1.4915188778998	2.00641926663715
0.369452374627329	-0.689888187782993	0.0371774162766164	-2.1714285932443	-0.0327423330399789	1.48916675709804	2.00282304158926
0.366565023212849	-0.691414684279908	0.0359984518507534	-2.17056520026339	-0.0335244077114052	1.4868349151697	1.99921502233249
0.363673686925407	-0.692928413707609	0.0348117548403087	-2.16970935960711	-0.034307394889233	1.48452339257213	1.99559532124323
0.360778413241452	-0.694429347650663	0.0336174123662841	-2.16886108616247	-0.0350912531716492	1.48223222976266	1.99196405069785
0.357879249637434	-0.695917457693636	0.0324155115496811	-2.1680203948165	-0.0358759411568409	1.47996146719861	1.98832132307273
0.3549762435898	-0.697392715421097	0.0312061395115014	-2.16718730045621	-0.0366614174429949	1.47771114533733	1.98466725074424
0.352069442575	-0.69885509241761	0.0299893833727468	-2.16636181796861	-0.0374476406282985	1.47548130463615	1.98100194608877
0.349158894069484	-0.700304560267745	0.0287653302544188	-2.16554396224072	-0.0382345693109384	1.4732719855524	1.97732552148269
0.346244645549701	-0.701741090556066	0.027534067277519	-2.16473374815954	-0.0390221620891017	1.47108322854342	1.97363808930239
0.343326744492099	-0.703164654867141	0.0262956815630493	-2.1639311906121	-0.0398103775609753	1.46891507406654	1.96993976192423
0.340405238373127	-0.704575224785538	0.0250502602320111	-2.16313630448541	-0.0405991743247463	1.46676756257909	1.9662306517246
0.337480174669235	-0.705972771895821	0.0237978904054061	-2.16234910466648	-0.0413885109786017	1.46464073453841	1.96251087107988
0.334551600856872	-0.70735726778256	0.0225386592042361	-2.16156960604232	-0.0421783461207285	1.46253463040184	1.95878053236644
0.331619564412487	-0.70872868403032	0.0212726537495026	-2.16079782349996	-0.0429686383493135	1.4604492906267	1.95503974796066
0.328684112812529	-0.710086992223668	0.0199999611622074	-2.1600337719264	-0.0437593462625439	1.45838475567033	1.95128863023892
0.325745293533446	-0.711432163947171	0.018720668563352	-2.15927746620866	-0.0445504284586065	1.45634106599006	1.94752729157759
0.322803154051689	-0.712764170785395	0.0174348630739381	-2.15852892123375	-0.0453418435356885	1.45431826204324	1.94375584435306
0.319857741843706	-0.714082984322909	0.0161426318149674	-2.1577881518887	-0.0461335500919767	1.45231638428718	1.93997440094171
0.316909104385947	-0.715388576144278	0.0148440619074415	-2.1570551730605	-0.0469255067256582	1.45033547317923	1.9361830737199
0.31395728915486	-0.71668091783407	0.0135392404723621	-2.15632999963618	-0.04771767203492	1.44837556917673	1.93238197506402
0.311002343626894	-0.71795998097685	0.0122282546307308	-2.15561264650275	-0.048510004617949	1.44643671273699	1.92857121735045
0.308044315278499	-0.719225737157187	0.0109111915035493	-2.15490312854723	-0.0493024630729322	1.44451894431737	1.92475091295557
0.305083251586124	-0.720478157959647	0.00958813821181927	-2.15420146065662	-0.0500950059980566	1.44262230437518	1.92092117425575
0.302119200026217	-0.721717214968796	0.00825918187654229	-2.15350765771795	-0.0508875919915092	1.44074683336778	1.91708211362736
0.299152208075228	-0.722942879769202	0.00692440961872007	-2.15282173461823	-0.0516801796514771	1.43889257175248	1.9132338434468
0.296182323209606	-0.724155123945432	0.00558390855935428	-2.15214370624446	-0.0524727275761471	1.43705955998663	1.90937647609043
0.2932095929058	-0.725353919082051	0.00423776581944647	-2.15147358748368	-0.0532651943637062	1.43524783852755	1.90551012393464
0.29023406464026	-0.726539236763628	0.00288606851999838	-2.15081139322288	-0.0540575386123415	1.43345744783259	1.9016348993558
0.287255785889433	-0.727711048574729	0.00152890378201165	-2.15015713834909	-0.05484971892024	1.43168842835907	1.89775091473029
0.28427480412977	-0.72886932609992	0.000166358726487979	-2.14951083774931	-0.0556416938855886	1.42994082056434	1.89385828243449
0.281291166837719	-0.730014040923769	-0.00120147952557104	-2.14887250631057	-0.0564334221065743	1.42821466490572	1.88995711484477
0.278304921489729	-0.731145164630843	-0.00257452385316377	-2.14824215891988	-0.0572248621813841	1.42651000184054	1.88604752433752
0.275316115562251	-0.732262668805707	-0.0039526871352885	-2.14761981046424	-0.058015972708205	1.42482687182615	1.88212962328911
0.272324796531731	-0.73336652503293	-0.00533588225094363	-2.14700547583069	-0.0588067122852239	1.42316531531987	1.87820352407592
0.269331011874621	-0.734456704897078	-0.00672402207912747	-2.14639916990622	-0.0595970395106279	1.42152537277905	1.87426933907433
0.266334809067368	-0.735533179982718	-0.0081170194988384	-2.14580090757785	-0.060386912982604	1.419907084661	1.87032718066071
0.263336235586423	-0.736595921874416	-0.00951478738907473	-2.14521070373261	-0.0611762912993391	1.41831049142308	1.86637716121145
0.260335338908233	-0.73764490215674	-0.0109172386288348	-2.14462857325749	-0.0619651330590203	1.4167356335226	1.86241939310292
0.257332166509248	-0.738680092414256	-0.012324286097117	-2.14405453103953	-0.0627533968598344	1.41518255141692	1.8584539887115
0.254326765865918	-0.739701464231531	-0.0137358426729197	-2.14348859196572	-0.0635410412999686	1.41365128556335	1.85448106041357
0.251319184454691	-0.740708989193132	-0.0151518212352412	-2.14293077092309	-0.0643280249776098	1.41214187641924	1.85050072058551
0.248309469752016	-0.741702638883626	-0.0165721346630798	-2.14238108279865	-0.0651143064909449	1.41065436444191	1.84651308160369
0.245297669234343	-0.74268238488758	-0.0179966958354339	-2.14183954247941	-0.065899844438161	1.40918879008871	1.84251825584449
0.24228383037812	-0.74364819878956	-0.0194254176313018	-2.14130616485239	-0.066684597417445	1.40774519381696	1.83851635568429
0.239268000659797	-0.744600052174133	-0.020858212929682	-2.14078096480461	-0.067468524026984	1.406323616084	1.83450749349946
0.236250227555822	-0.745537916625867	-0.0222949946095727	-2.14026395722306	-0.0682515828649649	1.40492409734716	1.8304917816664
0.233230558542646	-0.746461763729328	-0.0237356755499723	-2.13975515699478	-0.0690337325295748	1.40354667806379	1.82646933256146
0.230209041096716	-0.747371565069082	-0.025180168629879	-2.13925457900678	-0.0698149316190005	1.4021913986912	1.82244025856104
0.227185722694482	-0.748267292229697	-0.0266283867282914	-2.13876223814606	-0.0705951387314291	1.40085829968674	1.81840467204151
0.224160650812393	-0.74914891679574	-0.0280802427242077	-2.13827814929964	-0.0713743124650476	1.39954742150774	1.81436268537924
0.221133872926899	-0.750016410351777	-0.0295356494966262	-2.13780232735455	-0.072152411418043	1.39825880461153	1.81031441095062
0.218105436514448	-0.750869744482376	-0.0309945199245454	-2.13733478719778	-0.0729293941886022	1.39699248945545	1.80625996113203
0.215075389051489	-0.751708890772102	-0.0324567668869635	-2.13687554371636	-0.0737052193749122	1.39574851649683	1.80219944829983
0.212043778014471	-0.752533820805523	-0.033922303262879	-2.13642461179731	-0.0744798455751601	1.39452692619301	1.79813298483042
0.209010650879844	-0.753344506167206	-0.0353910419312901	-2.13598200632762	-0.0752532313875328	1.39332775900132	1.79406068310016
0.205976055124057	-0.754140918441717	-0.0368628957711952	-2.13554774219432	-0.0760253354102173	1.39215105537909	1.78998265548544
0.202940038223558	-0.754923029213624	-0.0383377776615926	-2.13512183428443	-0.0767961162414006	1.39099685578365	1.78589901436263
0.199902647654797	-0.755690810067493	-0.0398156004814808	-2.13470429748496	-0.0775655324792697	1.38986520067235	1.78180987210811
0.196863930894223	-0.756444232587891	-0.041296277109858	-2.13429514668291	-0.0783335427220115	1.38875613050252	1.77771534109826
0.193823935418285	-0.757183268359386	-0.0427797204257226	-2.13389439676531	-0.0791001055678131	1.38766968573148	1.77361553370945
0.190782708703432	-0.757907888966542	-0.0442658433080729	-2.13350206261917	-0.0798651796148614	1.38660590681658	1.76951056231808
0.187740298226113	-0.758618065993929	-0.0457545586359073	-2.13311815913151	-0.0806287234613434	1.38556483421514	1.7654005393005
0.184696751462778	-0.759313771026111	-0.0472457792882241	-2.13274270118933	-0.0813906957054462	1.38454650838451	1.76128557703311
0.181652115889875	-0.759994975647657	-0.0487394181440217	-2.13237570367965	-0.0821510549453567	1.38355096978201	1.75716578789227
0.178606438983853	-0.760661651443133	-0.0502353880822985	-2.1320171814895	-0.0829097597792618	1.38257825886498	1.75304128425437
0.175559768221161	-0.761313769997106	-0.0517336019820527	-2.13166714950587	-0.0836667688053487	1.38162841609075	1.74891217849579
0.17251215107825	-0.761951302894143	-0.0532339727222827	-2.13132562261579	-0.0844220406218042	1.38070148191666	1.7447785829929
0.169463635031566	-0.762574221718811	-0.0547364131819869	-2.13099261570626	-0.0851755338268153	1.37979749680004	1.74064061012208
0.166414267557561	-0.763182498055676	-0.0562408362401636	-2.13066814366431	-0.0859272070185691	1.37891650119823	1.73649837225971
0.163364096132683	-0.763776103489305	-0.0577471547758111	-2.13035222137695	-0.0866770187952526	1.37805853556855	1.73235198178216
0.16031316823338	-0.764355009604265	-0.0592552816679278	-2.13004486373119	-0.0874249277550526	1.37722364036835	1.72820155106582
0.157261531336103	-0.764919187985123	-0.0607651297955122	-2.12974608561405	-0.0881708924961562	1.37641185605496	1.72404719248706
0.154209232917299	-0.765468610216446	-0.0622766120375624	-2.12945590191254	-0.0889148716167504	1.3756232230857	1.71988901842226
0.151156320453419	-0.766003247882801	-0.0637896412730768	-2.12917432751367	-0.0896568237150223	1.37485778191792	1.7157271412478
0.148102841420911	-0.766523072568754	-0.0653041303810538	-2.12890137730446	-0.0903967073891586	1.37411557300895	1.71156167334006
0.145048843296225	-0.767028055858872	-0.0668199922404918	-2.12863706617193	-0.0911344812373465	1.37339663681613	1.70739272707541
0.141994373555809	-0.767518169337723	-0.068337139730389	-2.12838140900308	-0.091870103857773	1.37270101379678	1.70322041483024
0.138939479676113	-0.767993384589873	-0.0698554857297439	-2.12813442068493	-0.092603533848625	1.37202874440824	1.69904484898091
0.135884209133585	-0.768453673199888	-0.0713749431175548	-2.1278961161045	-0.0933347298080895	1.37137986910785	1.69486614190381
0.132828609404675	-0.768899006752336	-0.0728954247728199	-2.1276665101488	-0.0940636503343535	1.37075442835293	1.69068440597532
0.129772727965832	-0.769329356831783	-0.0744168435745378	-2.12744561770484	-0.094790254025604	1.37015246260083	1.68649975357181
0.126716612293505	-0.769744695022798	-0.0759391124017066	-2.12723345365965	-0.095514499480028	1.36957401230887	1.68231229706967
0.123660309864142	-0.770144992909945	-0.0774621441333248	-2.12703003290022	-0.0962363452958124	1.3690191179344	1.67812214884526
0.120603868154194	-0.770530222077792	-0.0789858516483908	-2.12683537031358	-0.0969557500711443	1.36848781993474	1.67392942127497
0.117547334640109	-0.770900354110906	-0.0805101478259028	-2.12664948078675	-0.0976726724042107	1.36798015876723	1.66973422673518
0.114490756798337	-0.771255360593853	-0.0820349455448592	-2.12647237920673	-0.0983870708931985	1.3674961748892	1.66553667760227
0.111434182105326	-0.771595213111201	-0.0835601576842583	-2.12630408046054	-0.0990989041362946	1.36703590875799	1.6613368862526
0.108377658037525	-0.771919883247517	-0.0850856971230986	-2.12614459943519	-0.0998081307316862	1.36659940083093	1.65713496506256
0.105321232071384	-0.772229342587367	-0.0866114767403782	-2.1259939510177	-0.10051470927756	1.36618669156535	1.65293102640854
0.102264951683351	-0.772523562715317	-0.0881374094150957	-2.12585215009509	-0.101218598372104	1.36579782141859	1.64872518266689
0.0992088643498762	-0.772802515215936	-0.0896634080262493	-2.12571921155436	-0.101919756613503	1.36543283084799	1.64451754621401
0.0961530175474081	-0.773066171673789	-0.0911893854528374	-2.12559515028253	-0.102618142599946	1.36509176031087	1.64030822942628
0.0930974587523961	-0.773314503673444	-0.0927152545738583	-2.12547998116661	-0.10331371492962	1.36477465026457	1.63609734468006
0.0900422354412891	-0.773547482799467	-0.0942409282683104	-2.12537371909363	-0.10400643220071	1.36448154116642	1.63188500435174
0.086987395090536	-0.773765080636426	-0.095766319415192	-2.12527637895059	-0.104696253011406	1.36421247347377	1.62767132081769
0.0839329851765862	-0.773967268768887	-0.0972913408935015	-2.12518797562451	-0.105383135959892	1.36396748764394	1.6234564064543
0.0808790531758885	-0.774154018781416	-0.0988159055822372	-2.1251085240024	-0.106067039644357	1.36374662413426	1.61924037363794
0.0778256465648924	-0.774325302258581	-0.100339926360397	-2.12503803897127	-0.106747922662986	1.36354992340207	1.61502333474499
0.0747728128200466	-0.774481090784949	-0.101863316106981	-2.12497653541815	-0.107425743613969	1.36337742590471	1.61080540215183
0.0717205994178003	-0.774621355945086	-0.103385987700985	-2.12492402823004	-0.10810046109549	1.36322917209951	1.60658668823483
0.0686690538346026	-0.77474606932356	-0.104907854021409	-2.12488053229396	-0.108772033705738	1.3631052024438	1.60236730537038
0.0656182235469028	-0.774855202504936	-0.106428827947251	-2.12484606249693	-0.109440420042899	1.36300555739491	1.59814736593484
0.0625681560311497	-0.774948727073783	-0.107948822357509	-2.12482063372595	-0.11010557870516	1.36293027741019	1.59392698230461
0.0595188987637924	-0.775026614614666	-0.109467750131182	-2.12480426086804	-0.110767468290708	1.36287940294696	1.58970626685605
0.0564704992212802	-0.775088836712153	-0.110985524147268	-2.12479695881022	-0.111426047397731	1.36285297446256	1.58548533196555
0.053423004880062	-0.77513536495081	-0.112502057284766	-2.1247987424395	-0.112081274624414	1.36285103241432	1.58126429000948
0.0503764632165869	-0.775166170915205	-0.114017262422672	-2.12480962664289	-0.112733108568946	1.36287361725958	1.57704325336422
0.0473309217073041	-0.775181226189904	-0.115531052439987	-2.12482962630741	-0.113381507829513	1.36292076945566	1.57282233440615
0.0442864278286628	-0.775180502359474	-0.117043340215709	-2.12485875632008	-0.114026431004302	1.36299252945991	1.56860164551165
0.0412430290571117	-0.775163971008481	-0.118554038628835	-2.1248970315679	-0.114667836691501	1.36308893772966	1.5643812990571
0.0382007728691001	-0.775131603721493	-0.120063060558364	-2.12494446693789	-0.115305683489295	1.36321003472225	1.56016140741886
0.0351597067410774	-0.775083372083077	-0.121570318883294	-2.12500107731707	-0.115939929995873	1.36335586089499	1.55594208297333
0.0321198781494922	-0.775019247677799	-0.123075726482625	-2.12506687759245	-0.11657053480942	1.36352645670524	1.55172343809687
0.0290813345707937	-0.774939202090226	-0.124579196235353	-2.12514188265104	-0.117197456528125	1.36372186261032	1.54750558516587
0.0260441234814311	-0.774843206904925	-0.126080641020478	-2.12522610737986	-0.117820653750174	1.36394211906757	1.54328863655671
0.0230082923578536	-0.774731233706463	-0.127579973716998	-2.12531956666593	-0.118440085073753	1.36418726653432	1.53907270464576
0.01997388867651	-0.774603254079407	-0.129077107203911	-2.12542227539625	-0.119055709097051	1.36445734546791	1.5348579018094
0.0169409599138496	-0.774459239608323	-0.130571954360215	-2.12553424845784	-0.119667484418254	1.36475239632567	1.53064434042401
0.0139095535463213	-0.774299161877778	-0.132064428064909	-2.12565550073771	-0.120275369635549	1.36507245956493	1.52643213286596
0.0108797170503746	-0.77412299247234	-0.133554441196992	-2.12578604712289	-0.120879323347123	1.36541757564303	1.52222139151164
0.00785149790245807	-0.773930702976574	-0.13504190663546	-2.12592590250038	-0.121479304151163	1.3657877850173	1.51801222873742
0.00482494357902105	-0.773722264975049	-0.136526737259314	-2.12607508175719	-0.122075270645856	1.36618312814508	1.51380475691968
0.00180010155651267	-0.77349765005233	-0.138008845947551	-2.12623359978035	-0.122667181429388	1.36660364548369	1.5095990884348
-0.00122298068861799	-0.773256829792985	-0.13948814557917	-2.12640147145687	-0.123254995099948	1.36704937749049	1.50539533565916
-0.00424425567992194	-0.77299977578158	-0.140964549033168	-2.12657871167375	-0.123838670255722	1.36752036462278	1.50119361096913
-0.00726367594095001	-0.772726459602682	-0.142437969188545	-2.12676533531802	-0.124418165494897	1.36801664733792	1.49699402674109
-0.0102811939952532	-0.772436852840858	-0.143908318924298	-2.12696135727669	-0.124993439415659	1.36853826609324	1.49279669535142
-0.0132967623663823	-0.772130927080675	-0.145375511119427	-2.12716679243678	-0.125564450616197	1.36908526134607	1.4886017291765
-0.0163103335778884	-0.7718086539067	-0.146839458652928	-2.12738165568529	-0.126131157694696	1.36965767355374	1.48440924059271
-0.0193218601533222	-0.7714700049035	-0.148300074403802	-2.12760596190924	-0.126693519249344	1.37025554317358	1.48021934197642
-0.0223312946162347	-0.771114951655641	-0.149757271251045	-2.12783972599565	-0.127251493878328	1.37087891066294	1.47603214570401
-0.0253385894901768	-0.77074346574769	-0.151210962073657	-2.12808296283153	-0.127805040179835	1.37152781647915	1.47184776415187
-0.0283436972986994	-0.770355518764214	-0.152661059750635	-2.12833568730389	-0.128354116752052	1.37220230107953	1.46766630969636
-0.0313465705653535	-0.76995108228978	-0.154107477160979	-2.12859791429975	-0.128898682193166	1.37290240492143	1.46348789471386
-0.0343471618136899	-0.769530127908955	-0.155550127183685	-2.12886965870613	-0.129438695101363	1.37362816846217	1.45931263158076
-0.0373454235672597	-0.769092627206305	-0.156988922697754	-2.12915093541003	-0.129974114074831	1.3743796321591	1.45514063267344
-0.0403413083496135	-0.768638551766398	-0.158423776582183	-2.12944175929847	-0.130504897711757	1.37515683646954	1.45097201036826
-0.0433347686843024	-0.7681678731738	-0.15985460171597	-2.12974214525847	-0.131031004610328	1.37595982185083	1.44680687704161
-0.0463257570948773	-0.767680563013079	-0.161281310978113	-2.13005210817704	-0.131552393368731	1.37678862876031	1.44264534506986
-0.0493142261048891	-0.767176592868799	-0.162703817247613	-2.13037166294119	-0.132069022585152	1.3776432976553	1.4384875268294
-0.0523001282378887	-0.76665593432553	-0.164122033403465	-2.13070082443794	-0.132580850857779	1.37852386899314	1.4343335346966
-0.0552834160174271	-0.766118558967838	-0.165535872324669	-2.1310396075543	-0.133087836784799	1.37943038323117	1.43018348104784
-0.058264041967055	-0.765564438380289	-0.166945246890223	-2.13138802717729	-0.133589938964398	1.38036288082672	1.4260374782595
-0.0612419586103237	-0.76499354414745	-0.168350069979127	-2.13174609819392	-0.134087115994765	1.38132140223712	1.42189563870795
-0.0642171184707837	-0.764405847853889	-0.169750254470376	-2.13211383549121	-0.134579326474085	1.38230598791971	1.41775807476957
-0.067189474071986	-0.763801321084171	-0.171145713242971	-2.13249125395617	-0.135066529000545	1.38331667833182	1.41362489882075
-0.0701589779374817	-0.763179935422864	-0.17253635917591	-2.1328783684758	-0.135548682172333	1.38435351393079	1.40949622323786
-0.0731255825908214	-0.762541662454535	-0.17392210514819	-2.13327519393714	-0.136025744587636	1.38541653517394	1.40537216039727
-0.0760892405555563	-0.76188647376375	-0.175302864038811	-2.13368174522719	-0.136497674844641	1.38650578251862	1.40125282267537
-0.0790499043552372	-0.761214340935077	-0.17667854872677	-2.13409803723297	-0.136964431541534	1.38762129642216	1.39713832244853
-0.0820075265134151	-0.760525235553081	-0.178049072091066	-2.13452408484148	-0.137425973276503	1.38876311734189	1.39302877209313
-0.0849620595536408	-0.759819129202331	-0.179414347010698	-2.13495990293975	-0.137882258647734	1.38993128573514	1.38892428398555
-0.0879134559994652	-0.759095993467393	-0.180774286364663	-2.13540550641479	-0.138333246253415	1.39112584205925	1.38482497050217
-0.0908616683744393	-0.758355799932833	-0.18212880303196	-2.13586091015362	-0.138778894691733	1.39234682677155	1.38073094401937
-0.0938066492021138	-0.757598520183219	-0.183477809891587	-2.13632612904324	-0.139219162560874	1.39359428032938	1.37664231691351
-0.0967483510060399	-0.756824125803117	-0.184821219822543	-2.13680117797067	-0.139654008459026	1.39486824319008	1.37255920156099
-0.0996867263097684	-0.756032588377094	-0.186158945703827	-2.13728607182293	-0.140083390984375	1.39616875581096	1.36848171033818
-0.10262172763685	-0.755223879489717	-0.187490900414435	-2.13778082548703	-0.140507268735109	1.39749585864938	1.36440995562145
-0.105553307510836	-0.754397970725553	-0.188816996833367	-2.13828545384998	-0.140925600309414	1.39884959216266	1.36034404978719
-0.108481418455277	-0.753554833669169	-0.190137147839621	-2.1387999717988	-0.141338344305478	1.40022999680813	1.35628410521177
-0.111406012993725	-0.752694439905132	-0.191451266312196	-2.13932439422051	-0.141745459321487	1.40163711304314	1.35223023427157
-0.114327043649729	-0.751816761018008	-0.192759265130089	-2.13985873600211	-0.142146903955629	1.40307098132501	1.34818254934297
-0.11724446294684	-0.750921768592363	-0.1940610571723	-2.14040301203062	-0.14254263680609	1.40453164211108	1.34414116280235
-0.120158223408611	-0.750009434212766	-0.195356555317826	-2.14095723719306	-0.142932616471058	1.40601913585869	1.34010618702608
-0.123068277558591	-0.749079729463783	-0.196645672445665	-2.14152142637644	-0.143316801548719	1.40753350302516	1.33607773439054
-0.125974577920333	-0.748132625929981	-0.197928321434817	-2.14209559446777	-0.14369515063726	1.40907478406783	1.33205591727211
-0.128877077017385	-0.747168095195926	-0.19920441516428	-2.14267975635407	-0.144067622334869	1.41064301944404	1.32804084804718
-0.1317757273733	-0.746186108846186	-0.200473866513051	-2.14327392692236	-0.144434175239733	1.41223824961111	1.3240326390921
-0.134670481511628	-0.745186638465326	-0.201736588360129	-2.14387812105964	-0.144794767950037	1.41386051502639	1.32003140278328
-0.13756129195592	-0.744169655637915	-0.202992493584513	-2.14449235365293	-0.145149359063971	1.4155098561472	1.31603725149707
-0.140448111229728	-0.743135131948519	-0.204241495065201	-2.14511663958924	-0.145497907179719	1.41718631343089	1.31205029760987
-0.143330891856601	-0.742083038981704	-0.205483505681191	-2.1457509937556	-0.14584037089547	1.41888992733478	1.30807065349804
-0.146209586360092	-0.741013348322039	-0.206718438311481	-2.14639543103901	-0.14617670880941	1.42062073831621	1.30409843153797
-0.14908414726375	-0.739926031554088	-0.207946205835071	-2.14704996632649	-0.146506879519727	1.42237878683251	1.30013374410603
-0.151954527091128	-0.73882106026242	-0.209166721130957	-2.14771461450505	-0.146830841624606	1.42416411334101	1.29617670357861
-0.154820678365774	-0.737698406031601	-0.21037989707814	-2.1483893904617	-0.147148553722237	1.42597675829906	1.29222742233208
-0.157682553611242	-0.736558040446198	-0.211585646555616	-2.14907430908347	-0.147459974410804	1.42781676216399	1.28828601274281
-0.160540105351081	-0.735399935090777	-0.212783882442384	-2.14976938525736	-0.147765062288496	1.42968416539312	1.28435258718719
-0.163393286108842	-0.734224061549907	-0.213974517617444	-2.15047463387039	-0.148063775953499	1.43157900844379	1.28042725804159
-0.166242048408077	-0.733030391408152	-0.215157464959792	-2.15119006980957	-0.148356074004	1.43350133177334	1.2765101376824
-0.169086344772336	-0.731818896250081	-0.216332637348427	-2.15191570796193	-0.148641915038187	1.4354511758391	1.27260133848598
-0.17192612772517	-0.730589547660261	-0.217499947662348	-2.15265156321446	-0.148921257654245	1.43742858109841	1.26870097282873
-0.17476134979013	-0.729342317223257	-0.218659308780554	-2.15339765045419	-0.149194060450363	1.43943358800859	1.26480915308701
-0.177591963490767	-0.728077176523637	-0.219810633582041	-2.15415398456813	-0.149460282024727	1.44146623702699	1.2609259916372
-0.180417921350632	-0.726794097145967	-0.220953834945809	-2.15492058044329	-0.149719880975525	1.44352656861093	1.25705160085568
-0.183239175893276	-0.725493050674815	-0.222088825750857	-2.15569745296669	-0.149972815900942	1.44561462321775	1.25318609311884
-0.18605567964225	-0.724174008694747	-0.223215518876182	-2.15648461702535	-0.150219045399167	1.44773044130479	1.24932958080304
-0.188867385121104	-0.722836942790331	-0.224333827200782	-2.15728208750627	-0.150458528068386	1.44987406332937	1.24548217628466
-0.19167424485339	-0.721481824546132	-0.225443663603657	-2.15808987929648	-0.150691222506786	1.45204552974884	1.24164399194009
-0.194476211362658	-0.720108625546719	-0.226544940963804	-2.15890800728298	-0.150917087312554	1.45424488102052	1.23781514014571
-0.19727323717246	-0.718717317376657	-0.227637572160222	-2.15973648635279	-0.151136081083877	1.45647215760176	1.23399573327788
-0.200065274806345	-0.717307871620513	-0.228721470071909	-2.16057533139292	-0.151348162418942	1.45872739994988	1.23018588371299
-0.202852276787866	-0.715880259862855	-0.229796547577864	-2.16142455729039	-0.151553289915937	1.46101064852221	1.22638570382741
-0.205634195640573	-0.714434453688249	-0.230862717557084	-2.16228417893222	-0.151751422173047	1.4633219437761	1.22259530599753
-0.208410983888017	-0.712970424681262	-0.231919892888569	-2.16315421120541	-0.151942517788461	1.46566132616888	1.21881480259971
-0.211182594053749	-0.711488144426461	-0.232967986451316	-2.16403466899698	-0.152126535360364	1.46802883615787	1.21504430601035
-0.21394897866132	-0.709987584508413	-0.234006911124324	-2.16492556719395	-0.152303433486945	1.47042451420042	1.21128392860581
-0.216710090234281	-0.708468716511684	-0.235036579786591	-2.16582692068332	-0.15247317076639	1.47284840075386	1.20753378276248
-0.219465881296182	-0.706931512020842	-0.236056905317116	-2.16673874435212	-0.152635705796885	1.47530053627552	1.20379398085674
-0.222216304370574	-0.705375942620452	-0.237067800594897	-2.16766105308736	-0.152790997176619	1.47778096122273	1.20006463526495
-0.22496131198101	-0.703801979895083	-0.238069178498932	-2.16859386177605	-0.152939003503778	1.48028971605284	1.1963458583635
-0.227700856651038	-0.702209595429301	-0.239060951908219	-2.16953718530521	-0.153079683376549	1.48282684122316	1.19263776252877
-0.230434890904211	-0.700598760807672	-0.240043033701758	-2.17049103856185	-0.153212995393118	1.48539237719105	1.18894046013713
-0.233163367264079	-0.698969447614764	-0.241015336758546	-2.17145543643298	-0.153338898151674	1.48798636441383	1.18525406356497
-0.235886238254193	-0.697321627435144	-0.241977773957582	-2.17243039380562	-0.153457350250402	1.49060884334884	1.18157868518866
-0.238603456398104	-0.695655271853377	-0.242930258177863	-2.17341592556679	-0.153568310287491	1.4932598544534	1.17791443738457
-0.241314974219363	-0.693970352454032	-0.243872702298389	-2.17441204660349	-0.153671736861126	1.49593943818486	1.1742614325291
-0.244020744241521	-0.692266840821675	-0.244805019198158	-2.17541877180274	-0.153767588569496	1.49864763500054	1.1706197829986
-0.246720718988129	-0.690544708540872	-0.245727121756168	-2.17643611605156	-0.153855824010786	1.50138448535779	1.16698960116947
-0.249414850982737	-0.688803927196191	-0.246638922851416	-2.17746409423696	-0.153936401783184	1.50415002971394	1.16337099941809
-0.252103092748897	-0.687044468372198	-0.247540335362903	-2.17850272124596	-0.154009280484877	1.50694430852631	1.15976409012081
-0.254785396810159	-0.685266303653461	-0.248431272169626	-2.17955201196556	-0.154074418714052	1.50976736225225	1.15616898565404
-0.257461715690075	-0.683469404624546	-0.249311646150584	-2.18061198128279	-0.154131775068895	1.51261923134908	1.15258579839414
-0.260132001912195	-0.681653742870019	-0.250181370184774	-2.18168264408465	-0.154181308147595	1.51549995627415	1.14901464071749
-0.26279620800007	-0.679819289974449	-0.251040357151195	-2.18276401525817	-0.154222976548337	1.51840957748478	1.14545562500048
-0.265454286477252	-0.677966017522401	-0.251888519928845	-2.18385610969035	-0.154256738869309	1.52134813543831	1.14190886361947
-0.26810618986729	-0.676093897098443	-0.252725771396724	-2.18495894226821	-0.154282553708698	1.52431567059208	1.13837446895084
-0.270751870693737	-0.67420290028714	-0.253552024433829	-2.18607252787877	-0.154300379664691	1.52731222340341	1.13485255337098
-0.273391281480142	-0.672292998673062	-0.254367191919158	-2.18719688140903	-0.154310175335474	1.53033783432965	1.13134322925627
-0.276024374750057	-0.670364163840772	-0.25517118673171	-2.18833201774601	-0.154311899319235	1.53339254382812	1.12784660898307
-0.278651103027033	-0.66841636737484	-0.255963921750483	-2.18947795177674	-0.154305510214161	1.53647639235616	1.12436280492777
-0.28127141883462	-0.666449580859832	-0.256745309854476	-2.19063469838821	-0.154290966618439	1.5395894203711	1.12089192946675
-0.28388527469637	-0.664463775880313	-0.257515263922687	-2.19180227246745	-0.154268227130255	1.54273166833028	1.11743409497638
-0.286492623135833	-0.662458924020853	-0.258273696834114	-2.19298068890147	-0.154237250347797	1.54590317669103	1.11398941383305
-0.28909341667656	-0.660434996866016	-0.259020521467755	-2.19416996257728	-0.154197994869252	1.54910398591069	1.11055799841312
-0.291687607842103	-0.658391966000371	-0.25975565070261	-2.1953701083819	-0.154150419292807	1.55233413644659	1.10713996109298
-0.294275149156012	-0.656329803008483	-0.260478997417675	-2.19658114120234	-0.154094482216648	1.55559366875606	1.10373541424901
-0.296855993141838	-0.65424847947492	-0.261190474491951	-2.19780307592562	-0.154030142238962	1.55888262329643	1.10034447025758
-0.299430092323132	-0.652147966984248	-0.261889994804434	-2.19903592743875	-0.153957357957938	1.56220104052505	1.09696724149507
-0.301997399223444	-0.650028237121035	-0.262577471234124	-2.20027971062874	-0.153876087971761	1.56554896089925	1.09360384033787
-0.304557866366327	-0.647889261469847	-0.263252816660018	-2.20153444038262	-0.153786290878619	1.56892642487635	1.09025437916234
-0.30711144627533	-0.645731011615251	-0.263915943961115	-2.20280013158738	-0.153687925276698	1.5723334729137	1.08691897034486
-0.309658091474005	-0.643553459141813	-0.264566766016414	-2.20407679913006	-0.153580949764186	1.57577014546862	1.08359772626182
-0.312197754485902	-0.641356575634102	-0.265205195704912	-2.20536445789766	-0.153465322939269	1.57923648299846	1.08029075928959
-0.314730387834573	-0.639140332676683	-0.265831145905609	-2.20666312277719	-0.153341003400135	1.58273252596054	1.07699818180455
-0.317255944043568	-0.636904701854124	-0.266444529497502	-2.20797280865567	-0.153207949744971	1.5862583148122	1.07372010618308
-0.319774375636439	-0.63464965475099	-0.26704525935959	-2.20929353042012	-0.153066120571963	1.58981389001077	1.07045664480155
-0.322285635136736	-0.63237516295185	-0.26763324837087	-2.21062530295754	-0.152915474479298	1.59339929201359	1.06720791003635
-0.324789675068009	-0.63008119804127	-0.268208409410343	-2.21196814115496	-0.152755970065165	1.59701456127799	1.06397401426385
-0.327286447953811	-0.627767731603816	-0.268770655357005	-2.21332205989939	-0.152587565927748	1.60065973826131	1.06075506986042
-0.329775906317691	-0.625434735224056	-0.269319899089855	-2.21468707407783	-0.152410220665236	1.60433486342087	1.05755118920246
-0.332258002683202	-0.623082180486556	-0.269856053487891	-2.21606319857732	-0.152223892875816	1.60803997721402	1.05436248466633
-0.334732689573893	-0.620710038975884	-0.270379031430113	-2.21745044828485	-0.152028541157674	1.61177512009809	1.05118906862841
-0.337199919513315	-0.618318282276606	-0.270888745795517	-2.21884883808745	-0.151824124108998	1.6155403325304	1.04803105346508
-0.33965964502502	-0.615906881973288	-0.271385109463103	-2.22025838287212	-0.151610600327974	1.6193356549683	1.04488855155273
-0.342111818632559	-0.613475809650498	-0.27186803531187	-2.22167909752589	-0.151387928412789	1.62316112786912	1.04176167526771
-0.344556392859482	-0.611025036892803	-0.272337436220813	-2.22311099693576	-0.151156066961631	1.62701679169019	1.03865053698643
-0.346993320229341	-0.60855453528477	-0.272793225068935	-2.22455409598876	-0.150914974572686	1.63090268688885	1.03555524908525
-0.349422553265685	-0.606064276410964	-0.27323531473523	-2.22600840957189	-0.150664609844142	1.63481885392244	1.03247592394054
-0.351844044492067	-0.603554231855954	-0.273663618098699	-2.22747395257217	-0.150404931374185	1.63876533324827	1.0294126739287
-0.354257746432036	-0.601024373204306	-0.27407804803834	-2.22895073987661	-0.150135897761003	1.64274216532369	1.0263656114261
-0.356663611609145	-0.598474672040586	-0.27447851743315	-2.23043878637224	-0.149857467602781	1.64674939060604	1.0233348488091
-0.359061592546943	-0.595905099949362	-0.274864939162129	-2.23193810694605	-0.149569599497708	1.65078704955265	1.02032049845411
-0.361451641768982	-0.593315628515201	-0.275237226104274	-2.23344871648507	-0.149272252043971	1.65485518262084	1.01732267273748
-0.363833711798813	-0.590706229322668	-0.275595291138585	-2.23497062987631	-0.148965383839755	1.65895383026796	1.0143414840356
-0.366207755159986	-0.588076873956332	-0.275939047144058	-2.23650386200679	-0.14864895348325	1.66308303295134	1.01137704472484
-0.368573724376053	-0.58542753400076	-0.276268406999694	-2.23804842776351	-0.14832291957264	1.66724283112831	1.0084294671816
-0.370931571970564	-0.582758181040516	-0.27658328358449	-2.2396043420335	-0.147987240706114	1.6714332652562	1.00549886378223
-0.37328125046707	-0.58006878666017	-0.276883589777444	-2.24117161970377	-0.147641875481858	1.67565437579236	1.00258534690312
-0.375622712389123	-0.577359322444287	-0.277169238457554	-2.24275027566133	-0.147286782498059	1.67990620319411	0.999689028920658
-0.377955910260273	-0.574629759977434	-0.27744014250382	-2.24434032479319	-0.146921920352904	1.6841887879188	0.996810022211207
-0.38028079660407	-0.571880070844178	-0.277696214795239	-2.24594178198638	-0.146547247644581	1.68850217042374	0.993948439151151
-0.382597323944067	-0.569110226629087	-0.27793736821081	-2.2475546621279	-0.146162722971275	1.69284639116628	0.991104392116866
-0.384905444803814	-0.566320198916726	-0.278163515629531	-2.24917898010476	-0.145768304931176	1.69722149060375	0.988277993484732
-0.387205111706861	-0.563509959291663	-0.2783745699304	-2.25081475080399	-0.145363952122468	1.70162750919348	0.985469355631127
-0.38949627717676	-0.560679479338464	-0.278570443992416	-2.2524619891126	-0.144949623143339	1.70606448739282	0.982678590932427
-0.391778893737061	-0.557828730641697	-0.278751050694578	-2.2541207099176	-0.144525276591977	1.71053246565908	0.979905811765011
-0.394052913911316	-0.554957684785928	-0.278916302915883	-2.25579092810601	-0.144090871066568	1.71503148444962	0.977151130505258
-0.396318290223076	-0.552066313355724	-0.279066113535329	-2.25747265856483	-0.143646365165298	1.71956158422175	0.974414659529544
-0.398574975195891	-0.549154587935652	-0.279200395431916	-2.25916591618109	-0.143191717486356	1.72412280543282	0.971696511214249
-0.400822921353311	-0.546222480110279	-0.279319061484641	-2.2608707158418	-0.142726886627929	1.72871518854015	0.968996797935749
-0.403062081218889	-0.543269961464171	-0.279422024572504	-2.26258707243397	-0.142251831188202	1.73333877400109	0.966315632070423
-0.405292407316175	-0.540297003581895	-0.279509197574501	-2.26431500084462	-0.141766509765363	1.73799360227296	0.963653125994649
-0.407513852168721	-0.537303578048019	-0.279580493369633	-2.26605451596075	-0.1412708809576	1.74267971381311	0.961009392084805
-0.409726368300076	-0.534289656447108	-0.279635824836896	-2.2678056326694	-0.140764903363098	1.74739714907885	0.958384542717269
-0.411929908233791	-0.531255210363731	-0.279675104855289	-2.26956836585756	-0.140248535580046	1.75214594852754	0.955778690268418
-0.414124424493419	-0.528200211382454	-0.279698246303811	-2.27134273041226	-0.139721736206629	1.7569261526165	0.953191947114631
-0.416309869602509	-0.525124631087842	-0.27970516206146	-2.2731287412205	-0.139184463841036	1.76173780180306	0.950624425632285
-0.418486196084612	-0.522028441064465	-0.279695765007234	-2.27492641316931	-0.138636677081453	1.76658093654457	0.94807623819776
-0.42065335646328	-0.518911612896888	-0.279669968020132	-2.27673576114569	-0.138078334526066	1.77145559729835	0.945547497187431
-0.422811303262063	-0.515774118169677	-0.279627683979152	-2.27855680003667	-0.137509394773064	1.77636182452174	0.943038314977678
-0.424959989004513	-0.512615928467401	-0.279568825763292	-2.28038954472925	-0.136929816420633	1.78129965867207	0.940548803944879
-0.427099366214179	-0.509437015374625	-0.279493306251551	-2.28223401011044	-0.136339558066959	1.78626914020667	0.938079076465411
-0.429229387414614	-0.506237350475917	-0.279401038322927	-2.28409021106728	-0.135738578310231	1.79127030958289	0.935629244915652
-0.431350005129368	-0.503016905355844	-0.279291934856418	-2.28595816248675	-0.135126835748634	1.79630320725805	0.93319942167198
-0.433461171881991	-0.499775651598972	-0.279165908731023	-2.28783787925589	-0.134504288980357	1.80136787368948	0.930789719110775
-0.435562840196036	-0.496513560789867	-0.27902287282574	-2.28972937626171	-0.133870896603585	1.80646434933453	0.928400249608412
-0.437654962595052	-0.493230604513098	-0.278862740019568	-2.29163266839122	-0.133226617216506	1.81159267465053	0.92603112554127
-0.439737491602591	-0.489926754353231	-0.278685423191504	-2.29354777053143	-0.132571409417307	1.8167528900948	0.923682459285728
-0.441810379742203	-0.486601981894832	-0.278490835220548	-2.29547469756936	-0.131905231804175	1.82194503612469	0.921354363218162
-0.443873579537439	-0.483256258722468	-0.278278888985697	-2.29741346439203	-0.131228042975297	1.82716915319753	0.919046949714951
-0.445927043511851	-0.479889556420708	-0.27804949736595	-2.29936408588644	-0.13053980152886	1.83242528177065	0.916760331152474
-0.44797072418899	-0.476501846574115	-0.277802573240304	-2.30132657693961	-0.12984046606305	1.83771346230138	0.914494619907108
-0.450004574092405	-0.47309310076726	-0.27753802948776	-2.30330095243856	-0.129129995176056	1.84303373524707	0.91224992835523
-0.452028545745648	-0.469663290584707	-0.277255778987314	-2.30528722727029	-0.128408347466063	1.84838614106504	0.91002636887322
-0.454042591672271	-0.466212387611023	-0.276955734617966	-2.30728541632184	-0.127675481531259	1.85377072021262	0.907824053837454
-0.456046664395823	-0.462740363430776	-0.276637809258713	-2.3092955344802	-0.126931355969831	1.85918751314716	0.905643095624311
-0.458040716439857	-0.459247189628532	-0.276301915788554	-2.31131759663239	-0.126175929379966	1.86463656032598	0.903483606610169
-0.460024700327921	-0.455732837788859	-0.275947967086487	-2.31335161766543	-0.12540916035985	1.87011790220643	0.901345699171405
-0.461998568583569	-0.452197279496322	-0.275575876031511	-2.31539761246633	-0.124631007507671	1.87563157924582	0.899229485684398
-0.46396227373035	-0.44864048633549	-0.275185555502624	-2.31745559592211	-0.123841429421616	1.88117763190151	0.897135078525527
-0.465915768291816	-0.445062429890928	-0.274776918378824	-2.31952558291977	-0.123040384699872	1.88675610063081	0.895062590071167
-0.467859004791517	-0.441463081747204	-0.27434987753911	-2.32160758834634	-0.122227831940625	1.89236702589107	0.893012132697697
-0.469791935753004	-0.437842413488883	-0.273904345862479	-2.32370162708883	-0.121403729742063	1.89801044813962	0.890983818781497
-0.471714518396688	-0.434200516265661	-0.273440307477352	-2.32580764593897	-0.120568087716917	1.9036862240807	0.888977714920405
-0.473626728892625	-0.430537957874961	-0.272958030798904	-2.32792532023053	-0.11972111895273	1.90939347789622	0.886993704793894
-0.47552854855381	-0.426855421244202	-0.272457853536688	-2.33005425974067	-0.118863085947357	1.91513115686271	0.8850316268413
-0.477419959179873	-0.423153584462476	-0.271940111267482	-2.33219407701604	-0.11799424944857	1.92089821572695	0.883091320089306
-0.479300943057071	-0.419433120780549	-0.27140513743529	-2.33434438737275	-0.11711486845407	1.92669361670592	0.88117262415194
-0.481171482958297	-0.415694698610861	-0.270853263351338	-2.33650480889641	-0.116225200211476	1.93251632948686	0.87927537923058
-0.483031562143075	-0.411938981527525	-0.270284818194081	-2.33867496244206	-0.115325500218334	1.93836533122723	0.877399426113947
-0.48488116435756	-0.408166628266328	-0.269700129009195	-2.34085447163425	-0.114416022222111	1.94423960655472	0.875544606178113
-0.486720273834541	-0.404378292724732	-0.269099520709584	-2.34304296286699	-0.113497018220199	1.95013814756725	0.873710761386493
-0.488548875293439	-0.40057462396187	-0.268483316075374	-2.34524006530377	-0.11256873845991	1.956059953833	0.871897734289851
-0.490366953940304	-0.39675626619855	-0.267851835753918	-2.34744541087754	-0.111631431438483	1.96200403239034	0.870105368026297
-0.492174495467822	-0.392923858817256	-0.267205398259794	-2.34965863429075	-0.110685343903079	1.9679693977479	0.868333506321288
-0.493971486055309	-0.389078036362141	-0.266544319974805	-2.35187937301529	-0.109730720850779	1.97395507188454	0.866581993487628
-0.495757912368714	-0.385219428539036	-0.265868915147976	-2.35410726729255	-0.108767805528593	1.97996008424934	0.864850674425468
-0.497533761560616	-0.381348660215443	-0.265179495895561	-2.35634196013338	-0.107796839433448	1.98598347176162	0.863139394622305
-0.49929902127023	-0.377466351420539	-0.264476372201037	-2.35858309731812	-0.106818062312199	1.99202427881093	0.861448000152982
-0.501053679623398	-0.373573117345174	-0.263759851915106	-2.36083032739656	-0.105831712161622	1.99808155725707	0.859776337679692
-0.5027977252326	-0.369669568341873	-0.263030240755694	-2.36308330168798	-0.104838025228417	2.00415436643004	0.858124254451972
-0.504531147196942	-0.365756309924833	-0.262287842307954	-2.36534167428114	-0.103837236009206	2.01024177313009	0.856491598306706
-0.506253935102167	-0.361833942769926	-0.261532958024263	-2.36760510203425	-0.102829577250534	2.01634285162771	0.854878217668126
-0.507966079020648	-0.357903062714696	-0.260765887224222	-2.36987324457502	-0.101815279948872	2.0224566836636	0.85328396154781
-0.509667569511389	-0.353964260758363	-0.259986927094658	-2.37214576430062	-0.100794573350611	2.02858235844872	0.851708679544684
-0.511358397620028	-0.350018123061819	-0.259196372689623	-2.37442232637768	-0.099767684952067	2.03471897266425	0.850152221845018
-0.513038554878835	-0.34606523094763	-0.258394516930393	-2.37670259874234	-0.0987348404994782	2.04086563046158	0.848614439222431
-0.514708033306711	-0.342106160900036	-0.257581650605469	-2.37898625210019	-0.0976962639890065	2.04702144346237	0.84709518303789
-0.51636682540919	-0.338141484564952	-0.256758062370579	-2.38127295992629	-0.0966521776667369	2.05318553075848	0.845594305239705
-0.518014924178437	-0.334171768749963	-0.255924038748673	-2.38356239846518	-0.0956028020286775	2.05935701891203	0.844111658363536
-0.519652323093249	-0.330197575424332	-0.255079864129928	-2.38585424673088	-0.0945483558207598	2.06553504195536	0.842647095532389
-0.521279016119058	-0.326219461718992	-0.254225820771745	-2.38814818650688	-0.093489056038838	2.07171874139103	0.841200470456617
-0.522894997707925	-0.322237979926553	-0.25336218879875	-2.39044390234615	-0.09242511792869	2.07790726619185	0.839771637433917
-0.524500262798543	-0.318253677501296	-0.252489246202794	-2.39274108157111	-0.0913567549860165	2.08409977280086	0.838360451349338
-0.52609480681624	-0.314267097059177	-0.251607268842953	-2.39503941427367	-0.0902841789564418	2.09029542513132	0.836966767675272
-0.527678625672973	-0.310278776377826	-0.250716530445528	-2.39733859331523	-0.0892075998355128	2.09649339456674	0.835590442471458
-0.529251715767332	-0.306289248396546	-0.249817302604045	-2.39963831432664	-0.0881272258687001	2.10269285996084	0.834231332384984
-0.530814073984541	-0.302299041216314	-0.248909854779254	-2.40193827570823	-0.0870432635513972	2.1088930076376	0.832889294650281
-0.532365697696453	-0.298308678099779	-0.247994454299132	-2.40423817862981	-0.0859559176289209	2.11509303139121	0.831564187089132
-0.533906584761555	-0.294318677471268	-0.247071366358879	-2.40653772703066	-0.0848653910965111	2.12129213248609	0.830255868110662
-0.535436733524966	-0.290329552916777	-0.246140854020921	-2.40883662761953	-0.083771885199331	2.12748951965692	0.828964196711346
-0.536956142818436	-0.286341813183978	-0.245203178214907	-2.41113458987464	-0.0826755994324667	2.13368440910858	0.827689032475004
-0.538464811960348	-0.282355962182217	-0.244258597737714	-2.41343132604371	-0.0815767315409279	2.13987602451621	0.826430235572802
-0.539962740755718	-0.278372498982513	-0.243307369253441	-2.41572655114389	-0.0804754775196472	2.14606359702515	0.825187666763257
-0.541449929496193	-0.274391917817558	-0.242349747293415	-2.41801998296186	-0.0793720316134803	2.15224636525101	0.823961187392228
-0.54292637896005	-0.270414708081719	-0.241385984256184	-2.42031134205371	-0.0782665863172063	2.1584235752796	0.822750659392923
-0.544392090412203	-0.266441354331036	-0.240416330407525	-2.42260035174506	-0.0771593323755275	2.16459448066698	0.821555945285896
-0.545847065604193	-0.262472336283223	-0.239441033880438	-2.42488673813097	-0.0760504587830691	2.17075834243943	0.82037690817905
-0.547291306774197	-0.258508128817667	-0.238460340675146	-2.42717023007599	-0.0749401527843798	2.17691442909349	0.819213411767632
-0.548724816647021	-0.254549201975431	-0.237474494659101	-2.42945055921413	-0.0738285998739312	2.18306201659589	0.818065320334237
-0.550147598434106	-0.250596020959247	-0.236483737566977	-2.43172745994889	-0.0727159837961183	2.18920038838363	0.816932498748807
-0.551559655833523	-0.246649046133527	-0.235488309000674	-2.43400066945323	-0.0716024865452591	2.19532883536392	0.815814812468631
-0.552960993029976	-0.24270873302435	-0.234488446429316	-2.43626992766959	-0.070488288365595	2.20144665591422	0.814712127538343
-0.5543516146948	-0.238775532319475	-0.233484385189253	-2.43853497730989	-0.0693735677512904	2.20755315588219	0.813624310589926
-0.555731525985965	-0.234849889868329	-0.23247635848406	-2.44079556385551	-0.0682585014464329	2.21364764858576	0.812551228842709
-0.557100732548068	-0.230932246682018	-0.231464597384536	-2.44305143555731	-0.0671432644450333	2.21972945481306	0.811492750103368
-0.558459240512344	-0.227023038933317	-0.230449330828706	-2.44530234343563	-0.0660280299910257	2.22579790282249	0.810448742765924
-0.559807056496656	-0.223122697956679	-0.229430785621818	-2.44754804128027	-0.0649129695782671	2.23185232834265	0.809419075811749
-0.5611441876055	-0.219231650248226	-0.228409186436347	-2.44978828565053	-0.063798252950538	2.23789207457238	0.808403618809557
-0.562470641430004	-0.215350317465758	-0.227384755811993	-2.45202283587515	-0.0626840481015419	2.24391649218075	0.807402241915411
-0.56378642604793	-0.211479116428746	-0.226357714155679	-2.45425145405236	-0.0615705212749055	2.24992493930709	0.806414815872721
-0.565091550023669	-0.207618459118337	-0.225328279741555	-2.45647390504988	-0.0604578369641786	2.25591678156091	0.805441212012245
-0.566386022408247	-0.203768752677348	-0.224296668710994	-2.45868995650487	-0.0593461579128343	2.261891392022	0.804481302252084
-0.567669852739319	-0.199930399410274	-0.223263095072595	-2.46089937882399	-0.058235645114269	2.26784815124036	0.80353495909769
-0.568943051041176	-0.196103796783281	-0.222227770702183	-2.46310194518337	-0.057126457811802	2.27378644723622	0.802602055641858
-0.570205627824738	-0.192289337424209	-0.221190905342805	-2.4652974315286	-0.0560187534986758	2.27970567550006	0.801682465564734
-0.571457594087557	-0.188487409122572	-0.220152706604736	-2.46748561657476	-0.0549126879180564	2.28560523899258	0.800776063133807
-0.57269896131382	-0.184698394829559	-0.219113379965474	-2.46966628180639	-0.0538084150630327	2.2914845481447	0.799882723203915
-0.573929741474342	-0.18092267265803	-0.218073128769742	-2.47183921147752	-0.0527060871766167	2.2973430208576	0.799002321217241
-0.575149947026574	-0.177160615882521	-0.21703215422949	-2.47400419261164	-0.0516058547517439	2.30318008250266	0.798134733203317
-0.576359590914597	-0.173412592939241	-0.21599065542389	-2.47616101500172	-0.0505078665312728	2.30899516592153	0.797279835779021
-0.577558686569124	-0.169678967426073	-0.214948829299341	-2.4783094712102	-0.049412269507985	2.31478771142606	0.796437506148576
-0.578747247907501	-0.165960098102571	-0.213906870669467	-2.480449356569	-0.0483192089245854	2.32055716679835	0.795607622103555
-0.579925289333706	-0.162256338889968	-0.212864972215114	-2.4825804691795	-0.047228828273702	2.32630298729072	0.794790062022875
-0.581092825738348	-0.158568038871165	-0.211823324484357	-2.48470260991258	-0.0461412692978861	2.33202463562574	0.793984704872802
-0.582249872498669	-0.154895542290741	-0.210782115892493	-2.48681558240857	-0.0450566719896121	2.33772158199619	0.793191430206946
-0.583396445478543	-0.151239188554947	-0.209741532722046	-2.48891919307728	-0.0439751745912775	2.3433933040651	0.792410118166266
-0.584532561028476	-0.147599312231707	-0.208701759122762	-2.49101325109799	-0.0428969135952032	2.34903928696572	0.791640649479069
-0.585658235985606	-0.14397624305062	-0.207662977111616	-2.49309756841948	-0.041822023743633	2.35465902330154	0.790882905461005
-0.586773487673704	-0.140370305902957	-0.206625366572805	-2.49517195975996	-0.040750638028734	2.36025201314629	0.790136768015074
-0.587878333903171	-0.136781820841666	-0.205589105257751	-2.49723624260715	-0.0396828876925967	2.36581776404391	0.789402119631621
-0.588972792971042	-0.133211103081364	-0.204554368785102	-2.49929023721822	-0.0386189022272344	2.37135579100858	0.78867884338834
-0.590056883660983	-0.129658462998346	-0.20352133064073	-2.50133376661984	-0.0375588093745838	2.37686561652474	0.787966822950268
-0.591130625243293	-0.126124206130579	-0.202490162177734	-2.50336665660813	-0.0365027351265048	2.38234677054702	0.787265942569793
-0.592194037474903	-0.122608633177703	-0.201461032616435	-2.50538873574869	-0.0354508037247804	2.3877987905003	0.786576087086647
-0.593247140599376	-0.119112040001032	-0.20043410904438	-2.5073998353766	-0.0344031376611168	2.39322122127971	0.78589714192791
-0.594289955346905	-0.115634717623554	-0.199409556416343	-2.50939978959641	-0.0333598576771433	2.39861361525059	0.785228993108008
-0.595322502934318	-0.112176952229931	-0.19838753755432	-2.51138843528214	-0.0323210827644125	2.40397553224851	0.784571527228715
-0.596344805065075	-0.108739025166499	-0.197368213147533	-2.5133656120773	-0.0312869301644002	2.40930653957929	0.783924631479151
-0.597356883929266	-0.105321212941267	-0.196351741752429	-2.51533116239485	-0.0302575153685053	2.41460621201896	0.783288193635782
-0.598358762203614	-0.101923787223917	-0.19533827979268	-2.51728493141723	-0.0292329521180498	2.41987413181381	0.782662102062423
-0.599350463051475	-0.0985470148458057	-0.194327981559183	-2.51922676709637	-0.0282133524042791	2.42510988868034	0.782046245710233
-0.600332010122835	-0.0951911577999637	-0.19332099921006	-2.52115652015367	-0.0271988264683616	2.4303130798053	0.78144051411772
-0.601303427554315	-0.0918564732410947	-0.192317482770658	-2.52307404407998	-0.0261894828013889	2.43548330984565	0.780844797410739
-0.602264739969166	-0.0885432134855762	-0.191317580133548	-2.52497919513564	-0.0251854281443759	2.44062019092859	0.780258986302489
-0.603215972477272	-0.0852516260114595	-0.190321437058527	-2.52687183235048	-0.0241867674882606	2.44572334265157	0.779682972093519
-0.604157150675148	-0.0819819534584697	-0.189329197172616	-2.52875181752379	-0.0231936040739041	2.45079239208226	0.779116646671723
-0.605088300645941	-0.0787344336280054	-0.188341001970062	-2.53061901522431	-0.0222060393920907	2.45582697375854	0.778559902512342
-0.606009448959433	-0.075509299483139	-0.187356990812335	-2.5324732927903	-0.0212241731835281	2.46082672968857	0.778012632677965
-0.606920622672036	-0.0723067791486165	-0.186377300928134	-2.53431452032945	-0.0202481034388469	2.4657913093507	0.777474730818526
-0.607821849326792	-0.0691270959108577	-0.185402067413378	-2.53614257071896	-0.0192779263986011	2.47072036969353	0.776946091171307
-0.608713156953378	-0.0659704682179562	-0.184431423231214	-2.53795731960548	-0.0183137365532676	2.47561357513589	0.776426608560937
-0.609594574068103	-0.0628371096796789	-0.183465499212012	-2.53975864540514	-0.0173556266432468	2.48047059756685	0.77591617839939
-0.610466129673907	-0.0597272290674669	-0.18250442405337	-2.54154642930355	-0.0164036876588621	2.48529111634569	0.775414696685989
-0.611327853260362	-0.0566410303144345	-0.181548324320107	-2.54332055525579	-0.0154580088403601	2.49007481830195	0.774922060007402
-0.612179774803673	-0.0535787125153702	-0.18059732444427	-2.5450809099864	-0.0145186776779106	2.49482139773538	0.774438165537646
-0.613021924766676	-0.0505404699267357	-0.17965154672513	-2.54682738298943	-0.0135857799116065	2.49953055641598	0.773962911038083
-0.613854334098841	-0.0475264919666669	-0.178711111329182	-2.54855986652836	-0.0126593995314641	2.50420200358397	0.773496194857421
-0.614677034236268	-0.044536963214973	-0.177776136290146	-2.55027825563617	-0.0117396187774226	2.50883545594981	0.773037915931717
-0.615490057101689	-0.041572063413137	-0.17684673750897	-2.55198244811532	-0.0108265181393446	2.51343063769418	0.772587973784375
-0.616293435104471	-0.0386319674643158	-0.175923028753822	-2.55367234453772	-0.00992017635701569	2.51798728046801	0.772146268526142
-0.617087201140609	-0.0357168454333395	-0.175005121660098	-2.55534784824476	-0.0090206704201448	2.52250512339244	0.771712700855117
-0.617871388592733	-0.0328268625467126	-0.174093125730419	-2.55700886534733	-0.00812807556836401	2.52698391305887	0.771287172056742
-0.618646031330105	-0.0299621791926126	-0.173187148334631	-2.55865530472576	-0.00724246529122848	2.5314234035289	0.770869584003807
-0.619411163708618	-0.0271229509208912	-0.172287294709802	-2.56028707802987	-0.00636391132821669	2.5358233563344	0.770459839156448
-0.620166820570797	-0.0243093284430736	-0.171393667960229	-2.56190409967895	-0.00549248366873015	2.54018354047744	0.770057840562151
-0.620913037245799	-0.0215214576323587	-0.170506369057431	-2.56350628686176	-0.00462825055209371	2.54450373243033	0.769663491855745
-0.621649849549415	-0.018759479523619	-0.169625496840154	-2.56509355953656	-0.00377127846755525	2.54878371613562	0.769276697259407
-0.622377293784065	-0.016023530313401	-0.168751148014367	-2.56666584043104	-0.00292163215428593	2.5530232830061	0.768897361582661
-0.623095406738805	-0.0133137413599246	-0.167883417153265	-2.5682230550424	-0.00207937460138006	2.55722223192477	0.768525390222379
-0.623804225689319	-0.0106302391830834	-0.167022396697269	-2.56976513163729	-0.0012445670478551	2.56138036924487	0.768160689162777
-0.624503788397926	-0.00797314546444486	-0.166168176954022	-2.57129200125186	-0.00041726898265175	2.56549750878989	0.767803164975421
-0.625194133113575	-0.00534257704725009	-0.165320846098394	-2.5728035976917	0.000402461855366168	2.56957347185352	0.767452724819222
-0.625875298571849	-0.00273864593641392	-0.164480490172481	-2.57429985753191	0.0012145694774116	2.57360808719971	0.767109276440436
-0.626547323994963	-0.000161459298524715	-0.163647193085601	-2.57578072011703	0.00201899964477441	2.57760119106263	0.76677272817267
-0.627210249091761	0.00238888053815523	-0.162821036614298	-2.5772461275611	0.00281569986882112	2.58155262714669	0.766442988936875
-0.627864114057724	0.00491227608369014	-0.162002100402343	-2.57869602474763	0.00360461941099525	2.58546224662652	0.76611996824135
-0.628508959574961	0.00740863468647037	-0.16119046196073	-2.58013035932958	0.00438570928281699	2.58932990814699	0.765803576181739
-0.629144826812215	0.00987786853321277	-0.160386196667677	-2.58154908172941	0.00515892224588348	2.5931554778232	0.765493723441034
-0.629771757424861	0.0123198946489603	-0.159589377768629	-2.58295214513904	0.00592421281186855	2.59693882924049	0.765190321289575
-0.630389793554906	0.0147346348970821	-0.158800076376255	-2.58433950551988	0.00668153724252296	2.60067984345442	0.764893281585047
-0.630998977830987	0.0171220159792742	-0.158018361470448	-2.58571112160279	0.00743085354967424	2.60437840899079	0.764602516772483
-0.631599353368377	0.0194819694355582	-0.157244299898329	-2.58706695488813	0.00817212149522676	2.60803442184564	0.764317939884261
-0.632190963768978	0.0218144316442826	-0.15647795637424	-2.58840696964572	0.00890530259116165	2.61164778548521	0.764039464540107
-0.632773853121326	0.0241193438221218	-0.155719393479751	-2.58973113291484	0.00963036009953694	2.61521841084602	0.763767004947096
-0.633348066000588	0.0263966520240767	-0.154968671663655	-2.59103941450426	0.0103472590324875	2.61874621633478	0.763500475899645
-0.633913647468563	0.0286463071434745	-0.15422584924197	-2.59233178699224	0.0110559661522249	2.62223112782845	0.763239792779521
-0.634470643073682	0.0308682649119687	-0.153490982397941	-2.59360822572648	0.0117564499710376	2.62567307867424	0.762984871555839
-0.635019098851009	0.0330624858995389	-0.152764125182035	-2.59486870882418	0.0124486807512909	2.62907200968955	0.762735628785057
-0.63555906132224	0.0352289355144913	-0.152045329511947	-2.59611321717199	0.0131326305054269	2.63242786916205	0.762491981610982
-0.636090577495702	0.0373675840034583	-0.151334645172595	-2.59734173442606	0.0138082729959645	2.63574061284963	0.762253847764769
-0.636613694866355	0.0394784064513986	-0.150632119816121	-2.598554247012	0.0144755837354995	2.6390102039804	0.762021145564917
-0.637128461415791	0.0415613827815969	-0.149937798961894	-2.59975074412489	0.0151345399867044	2.64223661325272	0.761793793917273
-0.637634925612234	0.0436164977556649	-0.149251725996507	-2.60093121772929	0.0157851207623287	2.64541981883518	0.761571712315032
-0.63813313641054	0.0456437409735399	-0.148573942173779	-2.60209566255923	0.0164273068251984	2.6485598063666	0.761354820838735
-0.638623143252197	0.0476431068734859	-0.147904486614752	-2.60324407611822	0.0170610806882167	2.65165656895601	0.761143040156269
-0.639104996065326	0.049614594732093	-0.147243396307694	-2.60437645867924	0.0176864266143634	2.65471010718271	0.760936291522868
-0.639578745264678	0.0515582086642779	-0.146590706108097	-2.60549281328475	0.018303330616695	2.65772042909621	0.760734496781113
-0.640044441751638	0.0534739576232833	-0.145946448738681	-2.60659314574667	0.0189117804583453	2.66068755021626	0.760537578360933
-0.640502136914223	0.0553618554006782	-0.145310654789387	-2.60767746464641	0.0195117656525243	2.66361149353283	0.760345459279603
-0.64095188262708	0.0572219206263582	-0.144683352717382	-2.60874578133484	0.0201032774625193	2.66649228950613	0.760158063141743
-0.641393731251492	0.0590541767685448	-0.144064568847061	-2.60979810993231	0.0206863089016943	2.66932997606662	0.759975314139323
-0.64182773563537	0.0608586521337861	-0.143454327370039	-2.61083446732864	0.0212608547334898	2.67212459861496	0.759797137051657
-0.64225394911326	0.0626353798669566	-0.14285265034516	-2.61185487318313	0.0218269114714237	2.67487621002207	0.759623457245407
-0.642672425506338	0.0643843979512567	-0.142259557698491	-2.61285934992456	0.0223844773790901	2.67758487062908	0.759454200674583
-0.643083219122413	0.0661057492082132	-0.141675067223323	-2.61384792275116	0.0229335524701605	2.68025064824737	0.75928929388054
-0.643486384755927	0.0677994812976799	-0.141099194580175	-2.61482061963066	0.0234741385083828	2.68287361815854	0.75912866399198
-0.643881977687953	0.0694656467178358	-0.140531953296788	-2.61577747130026	0.0240062390075819	2.68545386311443	0.758972238724951
-0.644270053686196	0.0711043028051869	-0.13997335476813	-2.6167185112666	0.0245298592316595	2.6879914733371	0.758819946382852
-0.644650669004993	0.0727155117345653	-0.139423408256392	-2.61764377580584	0.025045006194594	2.69048654651887	0.758671715856423
-0.645023880385315	0.0742993405191296	-0.138882120890991	-2.6185533039636	0.025551688660441	2.69293918782226	0.758527476623755
-0.645389745054762	0.0758558610103642	-0.138349497668569	-2.61944713755495	0.0260499171433323	2.69534950988004	0.758387158750284
-0.645748320727568	0.0773851498980807	-0.137825541452993	-2.62032532116446	0.0265397039074771	2.6977176327952	0.758250692888793
-0.646099665604599	0.0788872887104161	-0.137310252975355	-2.62118790214617	0.0270210629671612	2.70004368414099	0.758118010279412
-0.646443838373353	0.080362363813834	-0.13680363083397	-2.62203493062358	0.0274940100867471	2.70232779896086	0.757989042749618
-0.64678089820796	0.0818104664131246	-0.136305671494382	-2.62286645948969	0.0279585627806742	2.70457011976851	0.757863722714235
-0.647110904769182	0.0832316925514039	-0.135816369289355	-2.62368254440694	0.0284147403134589	2.70677079654786	0.757741983175432
-0.647433918204412	0.0846261431101147	-0.135335716418882	-2.62448324380727	0.0288625636996942	2.70892998675307	0.757623757722727
-0.647749999147678	0.0859939238090258	-0.134863702950179	-2.62526861889208	0.0293020557040499	2.71104785530854	0.757508980532984
-0.648059208719637	0.0873351452062322	-0.134400316817687	-2.62603873363225	0.0297332408412729	2.7131245746089	0.757397586370413
-0.64836160852758	0.0886499226981557	-0.133945543823072	-2.62679365476813	0.0301561453761866	2.71516032451899	0.757289510586573
-0.64865726066543	0.0899383765195438	-0.133499367635225	-2.62753345180956	0.0305707973236913	2.71715529237391	0.757184689120367
-0.64894622771374	0.0912006317434708	-0.133061769790263	-2.62825819703583	0.0309772264487644	2.71910967297897	0.757083058498047
-0.649228572739698	0.092436818281337	-0.132632729691527	-2.62896796549571	0.0313754642664597	2.72102366860974	0.75698455583321
-0.649504359297122	0.0936470708828691	-0.132212224609581	-2.62966283500746	0.031765544041908	2.72289748901199	0.756889118826802
-0.649773651426464	0.09483152913612	-0.131800229682218	-2.63034288615879	0.032147500790317	2.72473135140175	0.756796685767114
-0.650036513654805	0.0959903374674693	-0.131396717914453	-2.6310082023069	0.0325213712769712	2.72652548046526	0.756707195529783
-0.650293010995862	0.0971236451416224	-0.131001660178525	-2.63165886957846	0.0328871940172319	2.72828010835901	0.756620587577796
-0.650543208949981	0.098231606261611	-0.130615025213903	-2.63229497686961	0.033245009276537	2.72999547470971	0.756536801961485
-0.650787173504141	0.0993143797687935	-0.130236779627274	-2.63291661584598	0.0335948590704015	2.73167182661432	0.756455779318527
-0.651024971131954	0.100372129442855	-0.129866887892556	-2.63352388094265	0.0339367871644173	2.73330941863999	0.756377460873949
-0.651256668793663	0.101405023901805	-0.129505312350889	-2.63411686936418	0.0342708390742528	2.73490851282416	0.756301788440123
-0.651482333936144	0.102413236601982	-0.129152013210637	-2.63469568108462	0.0345970620656533	2.73646937867447	0.756228704416767
-0.651702034492904	0.103396945838048	-0.128806948547391	-2.63526041884747	0.0349155051544412	2.73799229316878	0.756158151790949
-0.651915838884083	0.104356334742994	-0.128470074303966	-2.63581118816573	0.0352262191065154	2.73947754075521	0.75609007413708
-0.652123816016452	0.105291591288136	-0.128141344290403	-2.63634809732186	0.0355292564378517	2.7409254133521	0.75602441561692
-0.652326035283416	0.106202908283115	-0.127820710183966	-2.63687125736778	0.0358246714145029	2.74233621034802	0.755961120979576
-0.65252256656501	0.107090483375901	-0.127508121529145	-2.63738078212491	0.0361125200525984	2.74371023860178	0.7559001355615
-0.652713480227902	0.107954519052789	-0.127203525737656	-2.63787678818413	0.0363928601183445	2.74504781244241	0.755841405286493
-0.652898847125393	0.108795222638399	-0.126906868088437	-2.63835939490579	0.0366657511280243	2.74634925366919	0.755784876665701
-0.653078738597414	0.10961280629568	-0.126618091727654	-2.63882872441973	0.0369312543479977	2.74761489155161	0.755730496797618
-0.653253226470531	0.110407487025905	-0.126337137668696	-2.63928490162524	0.0371894327947016	2.74884506282941	0.755678213368084
-0.653422383057938	0.111179486668674	-0.126063944792179	-2.6397280541911	0.0374403512346494	2.75004011171256	0.755627974650286
-0.653586281159465	0.111929031901913	-0.125798449845941	-2.64015831255557	0.0376840761844316	2.75120038988126	0.755579729504758
-0.653744994061573	0.112656354241877	-0.125540587445047	-2.64057580992637	0.0379206759107155	2.75232625648593	0.755533427379381
-0.653898595537354	0.113361690043143	-0.125290290071786	-2.6409806822807	0.038150220430245	2.75341807814723	0.755489018309381
-0.654047159846532	0.114045280498616	-0.125047488075672	-2.64137306836523	0.0383727815098411	2.75447622895608	0.755446452917335
-0.654190761735465	0.11470737163953	-0.124812109673446	-2.6417531096961	0.0385884326664013	2.75550109047359	0.755405682413163
-0.654329476437142	0.115348214335441	-0.12458408094907	-2.64212095055894	0.0387972491669003	2.75649305173112	0.755366658594131
-0.654463379671182	0.115968064294234	-0.124363325853735	-2.64247673800885	0.0389993080283892	2.75745250923026	0.755329333844857
-0.654592547643841	0.11656718206212	-0.124149766205854	-2.64282062187038	0.0391946880179964	2.75837986694285	0.755293661137299
-0.654717057048002	0.117145833023635	-0.123943321691066	-2.64315275473758	0.0393834696529267	2.75927553631093	0.755259594030768
-0.654836985063183	0.117704287401642	-0.123743909862234	-2.64347329197397	0.0395657352004619	2.7601399362468	0.755227086671919
-0.654952409355533	0.118242820257332	-0.123551446139449	-2.64378239171253	0.0397415686779607	2.76097349313298	0.755196093794752
-0.655063408077834	0.118761711490219	-0.123365843810023	-2.64408021485573	0.0399110558528583	2.76177664082221	0.755166570720617
-0.6551700598695	0.119261245838146	-0.123187014028495	-2.64436692507551	0.0400742842426672	2.7625498206375	0.755138473358209
-0.655272443856576	0.119741712877282	-0.123014865816628	-2.64464268881327	0.0402313431149764	2.76329348137205	0.75511175820357
-0.655370639651739	0.120203407022121	-0.122849306063412	-2.64490767527991	0.0403823234874516	2.76400807928931	0.755086382340091
-0.6554647273543	0.120646627525484	-0.122690239525059	-2.64516205645577	0.0405273181278358	2.76469407812298	0.755062303438506
-0.6555547875502	0.121071678478518	-0.122537568825009	-2.6454060070907	0.0406664215539483	2.76535194907696	0.755039479756898
-0.655640901312014	0.121478868810698	-0.122391194453924	-2.64563970470399	0.0407997300336856	2.76598217082539	0.755017870140696
-0.655723150198948	0.121868512289822	-0.122251014769692	-2.64586332958444	0.0409273415850207	2.76658522951267	0.754997434022678
-0.655801616256839	0.122240927522017	-0.122116925997427	-2.64607706479028	0.0410493559760037	2.7671616187534	0.754978131422965
-0.655876382018158	0.122596437951736	-0.121988822229467	-2.64628109614926	0.0411658747247614	2.76771183963243	0.754959922949029
-0.655947530502008	0.122935371861759	-0.121866595425374	-2.64647561225857	0.0412770010994976	2.76823640070483	0.754942769795685
-0.656015145214122	0.123258062373188	-0.121750135411937	-2.64666080448488	0.0413828401184923	2.76873581799591	0.754926633745097
-0.656079310146868	0.123564847445457	-0.121639329883169	-2.64683686696435	0.0414834985501032	2.76921061500122	0.754911477166775
-0.656140109779244	0.123856069876322	-0.121534064400306	-2.6470039966026	0.0415790849127642	2.76966132268652	0.754897263017577
-0.65619762907688	0.124132077301869	-0.121434222391814	-2.64716239307473	0.0416697094749862	2.77008847948782	0.754883954841706
-0.65625195349204	0.124393222196507	-0.121339685153377	-2.64731225882531	0.0417554842553569	2.77049263131135	0.754871516770712
-0.656303168963619	0.124639861872972	-0.12125033184791	-2.64745379906837	0.0418365230225411	2.7708743315336	0.754859913523495
-0.656351361917142	0.124872358482329	-0.12116603950555	-2.64758722178745	0.0419129412952799	2.77123414100126	0.754849110406296
-0.65639661926477	0.125091079013966	-0.121086683023659	-2.64771273773553	0.0419848563423916	2.77157262803126	0.754839073312709
-0.656439028405294	0.125296395295598	-0.121012135166824	-2.64783056043508	0.0420523871827712	2.77189036841078	0.75482976872367
-0.656478677224137	0.125488683993268	-0.120942266566859	-2.64794090617804	0.0421156545853906	2.7721879453972	0.754821163707464
-0.656515654093354	0.125668326611344	-0.120876945722799	-2.64804399402582	0.0421747810692983	2.77246594971817	0.754813225919723
-0.656550047871633	0.12583570949252	-0.120816039000908	-2.64814004580931	0.0422298909036198	2.77272497957155	0.754805923603425
-0.656581947904293	0.125991223817817	-0.120759410634672	-2.64822928612888	0.0422811101075575	2.77296564062542	0.754799225588895
-0.656611444023286	0.126135265606582	-0.120706922724803	-2.64831194235435	0.0423285664503905	2.77318854601813	0.754793101293804
-0.656638626547195	0.126268235716489	-0.120658435239238	-2.64838824462504	0.0423723894514747	2.77339431635822	0.754787520723173
-0.656663586281237	0.126390539843537	-0.120613806013139	-2.64845842584973	0.0424127103802428	2.7735835797245	0.754782454469365
-0.656686414517259	0.126502588522052	-0.120572890748893	-2.64852272170667	0.0424496622562045	2.77375697166599	0.754777873712093
-0.656707203033741	0.126604797124687	-0.120535543016112	-2.6485813706436	0.042483379848946	2.77391513520194	0.754773750218416
-0.656726044095796	0.126697585862419	-0.120501614251632	-2.64863461387772	0.0425139996781307	2.77405872082185	0.754770056342741
-0.656743030455167	0.126781379784555	-0.120470953759514	-2.64868269539572	0.0425416600134986	2.77418838648543	0.754766765026819
-0.656758255350231	0.126856608778725	-0.120443408711046	-2.64872586195373	0.0425665008748666	2.77430479762264	0.75476384979975
-0.656771812505996	0.126923707570887	-0.120418824144739	-2.6487643630774	0.0425886640321281	2.77440862713367	0.754761284777981
-0.656783796134102	0.126983115725324	-0.120397042966328	-2.64879845106181	0.0426082930052539	2.77450055538893	0.754759044665304
-0.656794300932822	0.127035277644647	-0.120377905948776	-2.64882838097154	0.0426255330642914	2.77458127022908	0.754757104752859
-0.656803422087061	0.127080642569792	-0.120361251732268	-2.64885441064065	0.0426405312293643	2.774651466965	0.754755440919133
-0.656811255268355	0.127119664580021	-0.120346916824216	-2.64887680067265	0.0426534362706741	2.7747118483778	0.75475402962996
-0.656817896634874	0.127152802592925	-0.120334735599255	-2.64889581444053	0.0426643987084982	2.77476312471884	0.754752847938519
-0.656823442831418	0.127180520364418	-0.120324540299247	-2.64891171808677	0.0426735708131911	2.77480601370968	0.754751873485337
-0.656827990989419	0.127203286488741	-0.120316161033278	-2.6489247805233	0.0426811066051846	2.77484124054215	0.754751084498289
-0.656831638726944	0.127221574398463	-0.120309425777658	-2.64893527343155	0.0426871618549867	2.77486953787828	0.754750459792595
-0.656834484148688	0.127235862364478	-0.120304160375923	-2.64894347126241	0.0426918940831825	2.77489164585036	0.754749978770823
-0.656836625845982	0.127246633496007	-0.120300188538834	-2.64894965123624	0.042695462560434	2.7749083120609	0.754749621422886
-0.656838162896787	0.127254375740596	-0.120297331844377	-2.64895409334288	0.0426980283074797	2.77492029158263	0.754749368326046
-0.656839194865697	0.127259581884119	-0.120295409737761	-2.64895708034164	0.0426997540951353	2.77492834695852	0.75474920064491
-0.656839821803935	0.127262749550774	-0.120294239531423	-2.6489588977613	0.042700804444293	2.77493324820179	0.754749100131433
-0.656840144249361	0.127264381203089	-0.120293636405023	-2.64895983390014	0.042701345625922	2.77493577279588	0.754749049124917
-0.656840263226465	0.127264984141914	-0.120293413405447	-2.64896017982587	0.0427015456610683	2.77493670569444	0.75474903055201
-0.656840280246367	0.127265070506428	-0.120293381446804	-2.64896022937571	0.0427015743208549	2.77493683932139	0.754749027926706
