0	0	0	0	0	0	0
-5.09168895002472e-06	-1.97148142771819e-05	1.21179970449527e-05	1.16611872450555e-05	1.40406235494605e-06	-3.13772794370834e-05	6.99924889895536e-06
-2.03472519021989e-05	-7.86769624459554e-05	4.83314496339795e-05	4.65363933645412e-05	5.59132219364731e-06	-0.000125217675089446	2.78823712535663e-05
-4.57374330096724e-05	-0.000176613002512162	0.000108429549948333	0.000104463084934936	1.25243886768984e-05	-0.000281084022968758	6.24774305504501e-05
-8.12329764255954e-05	-0.000313249492481643	0.000192201490169267	0.000185278728532718	2.21658709654941e-05	-0.000498539159086686	0.000110612490276224
-0.000126804626303118	-0.00048831299036024	0.000299436462478033	0.000288820790734367	3.44783782202288e-05	-0.0007771459194549	0.000172115613917505
-0.000182423126795389	-0.000701530054153795	0.000429923659055885	0.000414926738116362	4.94245196018974e-05	-0.00111646714008507	0.000246814864960911
-0.00024805922205556	-0.000952627241868149	0.000583452272084076	0.000563434037255181	6.69669042712945e-05	-0.00151606565698886	0.000334538306893059
-0.00032368365623678	-0.00124133111150914	0.000759811493743859	0.000734180154727302	8.70681413892147e-05	-0.00197550430617795	0.000435114003200566
-0.0004092671734922	-0.00156736822108262	0.000958790516216486	0.000927002557109206	0.000109690840116453	-0.00249434592366399	0.000548370017370049
-0.000504780517974969	-0.00193046512859442	0.00118017853168321	0.00114173871097737	0.000134797609613803	-0.00307215334545867	0.000674134412888127
-0.000610194433838236	-0.00233034839205039	0.00142376473232528	0.00137822608290827	0.00016235105904206	-0.00370848940757364	0.000812235253241415
-0.000725479665235154	-0.00276674456945636	0.00168933831032396	0.0016363021394784	0.00019231379756202	-0.00440291694602059	0.000962500601916531
-0.00085060695631887	-0.00323938021881818	0.0019766884578605	0.00191580434726421	0.000224648434334475	-0.00515499879681117	0.00112475852240009
-0.000985547051242535	-0.00374798189814169	0.00228560436711614	0.00221657017284221	0.000259317578520222	-0.00596429779595705	0.00129883707817872
-0.0011302706941593	-0.00429227616543274	0.00261587523027215	0.00253843708278886	0.000296283839280054	-0.00683037677946991	0.00148456433273902
-0.00128474862922231	-0.00487198957869715	0.00296729023950977	0.00288124254368064	0.000335509825774766	-0.00775279858336142	0.00168176834956762
-0.00144895160058473	-0.00548684869594078	0.00333963858701026	0.00324482402209404	0.000376958147165154	-0.00873112604364323	0.00189027719215114
-0.00162285035239969	-0.00613658007516947	0.00373270946495487	0.00362901898460552	0.000420591412612011	-0.00976492199632703	0.00210991892397619
-0.00180641562882035	-0.00682091027438905	0.00414629206552485	0.00403366489779158	0.000466372231276133	-0.0108537492774245	0.00234052160852939
-0.00199961817399986	-0.00753956585160538	0.00458017558090146	0.00445859922822868	0.000514263212318313	-0.0119971707229472	0.00258191330929735
-0.00220242873209137	-0.00829227336482428	0.00503414920326595	0.00490365944249331	0.000564226964899347	-0.013194749168907	0.0028339220897667
-0.00241481804724803	-0.0090787593720516	0.00550800212479957	0.00536868300716195	0.000616226098180029	-0.0144460474513154	0.00309637601342405
-0.00263675686362298	-0.00989875043129319	0.00600152353768358	0.00585350738881107	0.000670223221321154	-0.0157506284061841	0.00336910314375601
-0.00286821592536939	-0.0107519731005549	0.00651450263409923	0.00635797005401716	0.000726180943483517	-0.0171080548695249	0.00365193154424922
-0.00310916597664039	-0.0116381539378425	0.00704672860622776	0.00688190846935669	0.000784061873827912	-0.0185178896773492	0.00394468927839027
-0.00335957776158914	-0.012557019501162	0.00759799064625044	0.00742516010140614	0.000843828621515133	-0.019979695665669	0.0042472044096658
-0.0036194220243688	-0.013508296348519	0.00816807794634852	0.00798756241674199	0.000905443795705976	-0.0214930356704957	0.00455930500156241
-0.0038886695091325	-0.0144917110379196	0.00875677969870325	0.00856895288194072	0.000968870005561236	-0.0230574725278411	0.00488081911756673
-0.0041672909600334	-0.0155069901273694	0.00936388509549589	0.00916916896357881	0.00103406986024171	-0.0246725690737168	0.00521157482116537
-0.00445525712122465	-0.0165538601748744	0.00998918332890768	0.00978804812823273	0.00110100596890818	-0.0263378881441345	0.00555140017584494
-0.00475253873685939	-0.0176320477384404	0.0106324635911199	0.010425427842479	0.00116964094072146	-0.0280529925751059	0.00590012324509208
-0.00505910655109079	-0.0187412793760732	0.0112935150743137	0.011081145572894	0.00123993738484233	-0.0298174452026427	0.00625757209239339
-0.00537493130807198	-0.0198812816457787	0.0119721269706705	0.0117550387860543	0.00131185791043159	-0.0316308088627565	0.00662357478123549
-0.00569998375195613	-0.0210517811055628	0.0126680884723714	0.0124469449485364	0.00138536512665003	-0.0334926463914589	0.00699795937510499
-0.00603423462689637	-0.0222525043134312	0.0133811887715978	0.0131567015269167	0.00146042164265845	-0.0354025206247617	0.00738055393748852
-0.00637765467704586	-0.0234831778273898	0.0141112170605308	0.0138841459877717	0.00153699006761765	-0.0373599943986766	0.0077711865318727
-0.00673021464655775	-0.0247435282054444	0.0148579625313518	0.0146291157976778	0.00161503301068841	-0.0393646305492151	0.00816968522174413
-0.00709188527958519	-0.0260332820056009	0.015621214376242	0.0153914484232117	0.00169451308103154	-0.0414159919123889	0.00857587807058945
-0.00746263732028132	-0.0273521657858652	0.0164007617873825	0.0161709813309497	0.00177539288780782	-0.0435136413242098	0.00898959314189525
-0.00784244151279931	-0.028699906104243	0.0171963939569548	0.0169675519874683	0.00185763504017806	-0.0456571416206894	0.00941065849914817
-0.00823126860129229	-0.0300762295187402	0.01800790007714	0.0177809978593441	0.00194120214730304	-0.0478460556378394	0.00983890220583482
-0.00862908932991342	-0.0314808625873627	0.0188350693401194	0.0186111564131534	0.00202605681834356	-0.0500799462116714	0.0102741523254418
-0.00903587444281585	-0.0329135318681163	0.0196776909380742	0.0194578651154727	0.00211216166246042	-0.052358376178197	0.0107162369214558
-0.00945159468415273	-0.0343739639190068	0.0205355540631857	0.0203209614328786	0.00219947928881441	-0.0546809083734281	0.0111649840573633
-0.00987622079807721	-0.0358618852980401	0.0214084479076352	0.0212002828319476	0.00228797230656633	-0.0570471056333762	0.011620221796651
-0.0103097235287424	-0.0373770225632221	0.0222961616636039	0.022095666779256	0.00237760332487697	-0.059456530794053	0.0120817782028056
-0.0107520736203016	-0.0389191022725584	0.023198484523273	0.0230069507413804	0.00246833495290712	-0.0619087466914702	0.0125494813393136
-0.0112032418169077	-0.0404878509840551	0.0241152056788239	0.0239339721848973	0.00256012979981757	-0.0644033161616394	0.0130231592696616
-0.0116631988627141	-0.0420829952557179	0.0250461143224377	0.0248765685763831	0.00265295047476914	-0.0669398020405724	0.0135026400573363
-0.0121319155018738	-0.0437042616455527	0.0259909996462957	0.0258345773824143	0.0027467595869226	-0.0695177671642807	0.0139877517658243
-0.01260936247854	-0.0453513767115654	0.0269496508425792	0.0268078360695673	0.00284151974543875	-0.0721367743687761	0.0144783224586122
-0.0130955105368659	-0.0470240670117617	0.0279218571034694	0.0277961821044188	0.00293719355947839	-0.0747963864900702	0.0149741801991866
-0.0135903304210046	-0.0487220591041475	0.0289074076211476	0.0287994529535451	0.00303374363820232	-0.0774961663641747	0.0154751530510341
-0.0140937928751092	-0.0504450795467287	0.029906091587795	0.0298174860835228	0.00313113259077132	-0.0802356768271012	0.0159810690776414
-0.0146058686433329	-0.052192854897511	0.0309176981955929	0.0308501189609282	0.00322932302634619	-0.0830144807148615	0.0164917563424951
-0.0151265284698288	-0.0539651117145004	0.0319420166367225	0.031897189052338	0.00332827755408773	-0.0858321408634672	0.0170070429090818
-0.0156557430987502	-0.0557615765557027	0.0329788361033651	0.0329585338243285	0.00342795878315673	-0.0886882201089299	0.017526756840888
-0.0161934832742501	-0.0575819759791237	0.034027945787702	0.0340339907434762	0.00352832932271399	-0.0915822812872614	0.0180507262014005
-0.0167397197404817	-0.0594260365427692	0.0350891348819143	0.0351233972763577	0.0036293517819203	-0.0945138872344733	0.0185787790541058
-0.0172944232415982	-0.0612934848046451	0.0361621925781834	0.0362265908895493	0.00373098876993645	-0.0974826007865772	0.0191107434624906
-0.0178575645217526	-0.0631840473227573	0.0372469080686905	0.0373434090496277	0.00383320289592324	-0.100487984779585	0.0196464474900415
-0.0184291143250982	-0.0650974506551116	0.0383430705456168	0.0384736892231692	0.00393595676904147	-0.103529602049508	0.020185719200245
-0.0190090433957881	-0.0670334213597138	0.0394504692011436	0.0396172688767503	0.00403921299845192	-0.106607015432358	0.0207283866565879
-0.0195973224779754	-0.0689916859945698	0.0405688932274522	0.0407739854769476	0.0041429341933154	-0.109719787764147	0.0212742779225567
-0.0201939223158134	-0.0709719711176853	0.0416981318167238	0.0419436764903374	0.00424708296279269	-0.112867481880886	0.021823221061638
-0.0207988136534551	-0.0729740032870664	0.0428379741611397	0.0431261793834963	0.0043516219160446	-0.116049660618588	0.0223750441373185
-0.0214119672350536	-0.0749975090607187	0.043988209452881	0.0443213316230008	0.00445651366223192	-0.119265886813263	0.0229295752130847
-0.0220333538047623	-0.0770422149966481	0.0451486268841292	0.0455289706754273	0.00456172081051544	-0.122515723300924	0.0234866423524234
-0.0226629441067341	-0.0791078476528606	0.0463190156470653	0.0467489340073523	0.00466720597005596	-0.125798732917581	0.0240460736188211
-0.0233007088851223	-0.0811941335873618	0.0474991649338708	0.0479810590853523	0.00477293175001426	-0.129114478499248	0.0246076970757644
-0.02394661888408	-0.0833007993581576	0.0486888639367267	0.0492251833760038	0.00487886075955116	-0.132462522881935	0.0251713407867399
-0.0246006448477603	-0.085427571523254	0.0498879018478144	0.0504811443458832	0.00498495560782743	-0.135842428901654	0.0257368328152343
-0.0252627575203164	-0.0875741766406568	0.0510960678593152	0.0517487794615671	0.00509117890400388	-0.139253759394416	0.0263040012247342
-0.0259329276459015	-0.0897403412683717	0.0523131511634103	0.0530279261896318	0.0051974932572413	-0.142696077196235	0.0268726740787262
-0.0266111259686686	-0.0919257919644046	0.0535389409522809	0.0543184219966539	0.00530386127670049	-0.14616894514312	0.0274426794406969
-0.0272973232327711	-0.0941302552867614	0.0547732264181083	0.0556201043492099	0.00541024557154223	-0.149671926071084	0.028013845374133
-0.0279914901823619	-0.0963534577934479	0.0560157967530737	0.0569328107138763	0.00551660875092733	-0.153204582816139	0.028585999942521
-0.0286935975615942	-0.0985951260424699	0.0572664411493584	0.0582563785572294	0.00562291342401658	-0.156766478214295	0.0291589712093475
-0.0294036161146213	-0.100854986591833	0.0585249487991437	0.0595906453458459	0.00572912219997077	-0.160357175101566	0.0297325872380993
-0.0301215165855962	-0.103132765999544	0.0597911088946107	0.0609354485463021	0.00583519768795069	-0.163976236313961	0.0303066760922628
-0.0308472697186721	-0.105428190823608	0.0610647106279408	0.0622906256251746	0.00594110249711715	-0.167623224687494	0.0308810658353248
-0.0315808462580022	-0.10774098762203	0.0623455431913153	0.0636560140490398	0.00604679923663094	-0.171297703058176	0.0314555845307718
-0.0323222169477395	-0.110070882952818	0.0636333957769153	0.0650314512844742	0.00615225051565285	-0.174999234262018	0.0320300602420905
-0.0330713525320373	-0.112417603373976	0.0649280575769221	0.0664167747980543	0.00625741894334368	-0.178727381135033	0.0326043210327674
-0.0338282237550487	-0.11478087544351	0.066229317783517	0.0678118220563566	0.00636226712886422	-0.182481706513231	0.0331781949662892
-0.0345928013609268	-0.117160425719427	0.0675369655888812	0.0692164305259576	0.00646675768137526	-0.186261773232624	0.0337515101061425
-0.0353650560938249	-0.119555980759732	0.0688507901851959	0.0706304376734336	0.00657085321003761	-0.190067144129225	0.034324094515814
-0.036144958697896	-0.121967267122431	0.0701705807646425	0.0720536809653613	0.00667451632401205	-0.193897382039045	0.0348957762587902
-0.0369324799172932	-0.124394011365529	0.0714961265194022	0.0734859978683171	0.00677770963245938	-0.197752049798095	0.0354663833985577
-0.0377275904961699	-0.126835940047034	0.0728272166416562	0.0749272258488774	0.00688039574454039	-0.201630710242387	0.0360357439986033
-0.038530261178679	-0.129292779724949	0.0741636403235858	0.0763772023736187	0.00698253726941588	-0.205532926207933	0.0366036861224134
-0.0393404627089738	-0.131764256957282	0.0755051867573722	0.0778357649091176	0.00708409681624665	-0.209458260530744	0.0371700378334747
-0.0401581658312073	-0.134250098302039	0.0768516451351968	0.0793027509219505	0.00718503699419349	-0.213406276046833	0.0377346271952738
-0.0409833412895328	-0.136750030317224	0.0782028046492406	0.0807779978786939	0.00728532041241718	-0.21737653559221	0.0382972822712974
-0.0418159598281035	-0.139263779560844	0.0795584544916851	0.0822613432459242	0.00738490968007854	-0.221368602002888	0.0388578311250321
-0.0426559921910723	-0.141791072590905	0.0809183838547114	0.083752624490218	0.00748376740633835	-0.225382038114878	0.0394161018199644
-0.0435034091225926	-0.144331635965412	0.0822823819305008	0.0852516790781517	0.00758185620035741	-0.229416406764192	0.0399719224195811
-0.0443581813668174	-0.146885196242372	0.0836502379112346	0.0867583444763017	0.0076791386712965	-0.233471270786841	0.0405251209873686
-0.0452202796678999	-0.14945147997979	0.0850217409890939	0.0882724581512447	0.00777557742831644	-0.237546193018837	0.0410755255868137
-0.0460896747699933	-0.152030213735672	0.0863966803562602	0.089793857569557	0.007871135080578	-0.241640736296193	0.0416229642814029
-0.0469663374172506	-0.154621124068024	0.0877748452049145	0.0913223801978151	0.007965774237242	-0.245754463454918	0.0421672651346229
-0.0478502383538251	-0.157223937534852	0.0891560247272382	0.0928578635025956	0.00805945750746921	-0.249886937331026	0.0427082562099603
-0.0487413483238699	-0.159838380694161	0.0905400081154126	0.0944001449504748	0.00815214750042043	-0.254037720760528	0.0432457655709017
-0.0496396380715381	-0.162464180103958	0.0919265845616188	0.0959490620080293	0.00824380682525647	-0.258206376579435	0.0437796212809336
-0.050545078340983	-0.165101062322247	0.0933155432580381	0.0975044521418356	0.00833439809113811	-0.26239246762376	0.0443096514035429
-0.0514576398763576	-0.167748753907037	0.0947066733968518	0.09906615281847	0.00842388390722615	-0.266595556729513	0.044835684002216
-0.052377293421815	-0.170406981416331	0.0960997641702412	0.100634001504509	0.00851222688268138	-0.270815206732707	0.0453575471404395
-0.0533040097215085	-0.173075471408135	0.0974946047703874	0.10220783566653	0.0085993896266646	-0.275050980469353	0.0458750688817001
-0.0542377595195913	-0.175753950440457	0.0988909843894718	0.103787492771108	0.00868533474833661	-0.279302440775463	0.0463880772894845
-0.0551785135602164	-0.178442145071301	0.100288692219675	0.10537281028482	0.00877002485685819	-0.283569150487048	0.0468964004272791
-0.0561262425875369	-0.181139781858673	0.10168751745318	0.106963625674243	0.00885342256139014	-0.28785067244012	0.0473998663585707
-0.0570809173457061	-0.183846587360579	0.103087249282166	0.108559776405952	0.00893549047109326	-0.292146569470692	0.0478983031468459
-0.0580425085788772	-0.186562288135026	0.104487676898816	0.110161099946526	0.00901619119512835	-0.296456404414774	0.0483915388555912
-0.0590109870312031	-0.189286610740018	0.105888589495309	0.111767433762539	0.00909548734265618	-0.300779740108378	0.0488794015482933
-0.0599863234468372	-0.192019281733562	0.107289776263829	0.113378615320569	0.00917334152283757	-0.305116139387516	0.0493617192884388
-0.0609684885699325	-0.194760027673663	0.108691026396555	0.114994482087193	0.00924971634483331	-0.309465165088199	0.0498383201395143
-0.0619574531446422	-0.197508575118328	0.11009212908567	0.116614871528985	0.00932457441780418	-0.31382638004644	0.0503090321650065
-0.0629531879151194	-0.200264650625562	0.111492873523354	0.118239621112524	0.00939787835091099	-0.318199347098249	0.050773683428402
-0.0639556636255173	-0.203027980753371	0.112893048901789	0.119868568304385	0.00946959075331453	-0.322583629079639	0.0512321019931873
-0.0649648510199891	-0.205798292059761	0.114292444413155	0.121501550571144	0.00953967423417559	-0.326978788826621	0.0516841159228491
-0.0659807208426879	-0.208575311102738	0.115690849249635	0.12313840537938	0.00960809140265497	-0.331384389175208	0.052129553280874
-0.0670032438377669	-0.211358764440307	0.117088052603409	0.124778970195667	0.00967480486791347	-0.335799992961409	0.0525682421307487
-0.0680323907493791	-0.214148378630475	0.118483843666659	0.126423082486583	0.00973977723911187	-0.340225163021238	0.0530000105359596
-0.0690681323216778	-0.216943880231247	0.119878011631566	0.128070579718703	0.00980297112541098	-0.344659462190706	0.0534246865599936
-0.070110439298816	-0.219744995800629	0.121270345690311	0.129721299358605	0.00986434913597158	-0.349102453305824	0.0538420982663372
-0.0711592824249471	-0.222551451896627	0.122660635035075	0.131375078872864	0.00992387387995448	-0.353553699202605	0.0542520737184769
-0.072214632444224	-0.225362975077247	0.12404866885804	0.133031755728058	0.00998150796652046	-0.358012762717059	0.0546544409798994
-0.0732764601007999	-0.228179291900494	0.125434236351387	0.134691167390763	0.0100372140048303	-0.362479206685199	0.0550490281140914
-0.0743447361388281	-0.231000128924375	0.126817126707297	0.136353151327554	0.0100909546040449	-0.366952593943036	0.0554356631845394
-0.0754194313024616	-0.233825212706895	0.128197129117952	0.13801754500501	0.0101426923733249	-0.371432487326582	0.0558141742547301
-0.0765005163358536	-0.23665426980606	0.129574032775532	0.139684185889706	0.0101923899218311	-0.375918449671849	0.0561843893881501
-0.0775879619831572	-0.239487026779877	0.13094762687222	0.141352911448218	0.0102400098587245	-0.380410043814847	0.056546136648286
-0.0786817389885257	-0.24232321018635	0.132317700600195	0.143023559147124	0.0102855147931657	-0.38490683259159	0.0568992440986244
-0.0797818180961121	-0.245162546583486	0.13368404315164	0.144695966452999	0.0103288673343155	-0.389408378838089	0.0572435398026519
-0.0808881700500695	-0.24800476252929	0.135046443718736	0.14636997083242	0.0103700300913348	-0.393914245390354	0.0575788518238552
-0.0820007655945512	-0.250849584581769	0.136404691493664	0.148045409751964	0.0104089656733843	-0.398423995084399	0.0579050082257208
-0.0831195754737104	-0.253696739298928	0.137758575668605	0.149722120678207	0.0104456366896249	-0.402937190756234	0.0582218370717355
-0.0842445704317001	-0.256545953238773	0.13910788543574	0.151399941077725	0.0104800057492172	-0.407453395241871	0.0585291664253857
-0.0853757212126734	-0.25939695295931	0.140452409987251	0.153078708417096	0.0105120354613222	-0.411972171377322	0.0588268243501582
-0.0865129985607836	-0.262249465018544	0.141791938515319	0.154758260162895	0.0105416884351007	-0.416493081998599	0.0591146389095395
-0.0876563732201839	-0.265103215974482	0.143126260212125	0.156438433781699	0.0105689272797133	-0.421015689941713	0.0593924381670162
-0.0888058159350272	-0.26795793238513	0.144455164269851	0.158119066740084	0.0105937146043209	-0.425539558042676	0.0596600501860751
-0.0899612974494669	-0.270813340808492	0.145778439880678	0.159799996504628	0.0106160130180844	-0.430064249137499	0.0599173030302026
-0.091122788507656	-0.273669167802576	0.147095876236786	0.161481060541906	0.0106357851301644	-0.434589326062195	0.0601640247628854
-0.0922902598537477	-0.276525139925387	0.148407262530358	0.163162096318494	0.0106529935497218	-0.439114351652775	0.0604000434476102
-0.0934636822318951	-0.279380983734931	0.149712387953574	0.16484294130097	0.0106676008859175	-0.44363888874525	0.0606251871478635
-0.0946430263862514	-0.282236425789213	0.151011041698616	0.16652343295591	0.010679569747912	-0.448162500175632	0.0608392839271319
-0.0958282630609698	-0.285091192646239	0.152303012957665	0.168203408749891	0.0106888627448664	-0.452684748779934	0.0610421618489022
-0.0970193630002034	-0.287945010864016	0.153588090922903	0.169882706149488	0.0106954424859413	-0.457205197394166	0.0612336489766608
-0.0982162969481053	-0.290797607000549	0.154866064786509	0.171561162621278	0.0106992715802976	-0.46172340885434	0.0614135733738944
-0.0994190356488288	-0.293648707613844	0.156136723740667	0.173238615631838	0.0107003126370961	-0.466238945996468	0.0615817631040897
-0.100627549846527	-0.296498039261907	0.157399856977556	0.174914902647745	0.0106985282654975	-0.470751371656562	0.0617380462307332
-0.101841810285353	-0.299345328502744	0.158655253689359	0.176589861135574	0.0106938810746627	-0.475260248670633	0.0618822508173116
-0.103061787709459	-0.30219030189436	0.159902703068257	0.178263328561902	0.0106863336737524	-0.479765139874694	0.0620142049273114
-0.104287452863	-0.305032685994761	0.16114199430643	0.179935142393306	0.0106758486719274	-0.484265608104754	0.0621337366242194
-0.105518776490129	-0.307872207361954	0.16237291659606	0.181605140096363	0.0106623886783486	-0.488761216196827	0.0622406739715221
-0.106755729334997	-0.310708592553943	0.163595259129328	0.183273159137647	0.0106459163021767	-0.493251526986924	0.0623348450327061
-0.107998282141759	-0.313541568128736	0.164808811098416	0.184939036983737	0.0106263941525725	-0.497736103311057	0.062416077871258
-0.109246405654568	-0.316370860644337	0.166013361695505	0.186602611101209	0.0106037848386968	-0.502214508005236	0.0624842005506645
-0.110500070617577	-0.319196196658753	0.167208700112776	0.188263718956639	0.0105780509697104	-0.506686303905475	0.0625390411344122
-0.111759247774938	-0.322017302729989	0.16839461554241	0.189922198016603	0.0105491551547742	-0.511151053847785	0.0625804276859877
-0.113023907870806	-0.324833905416051	0.169570897176588	0.191577885747678	0.0105170600030488	-0.515608320668176	0.0626081882688776
-0.114294021649333	-0.327645731274946	0.170737334207493	0.193230619616441	0.0104817281236952	-0.520057667202662	0.0626221509465686
-0.115569559854673	-0.330452506864678	0.171893715827304	0.194880237089468	0.010443122125874	-0.524498656287253	0.0626221437825472
-0.116850493230978	-0.333253958743254	0.173039831228204	0.196526575633335	0.0104012046187461	-0.528930850757962	0.0626079948403001
-0.118136792522402	-0.33604981346868	0.174175469602373	0.198169472714619	0.0103559382114723	-0.5333538134508	0.0625795321833139
-0.119428428473097	-0.338839797598961	0.175300420141993	0.199808765799897	0.0103072855132133	-0.537767107201778	0.0625365838750751
-0.120725371827218	-0.341623637692103	0.176414472039245	0.201444292355744	0.0102552091331301	-0.542170294846908	0.0624789779790705
-0.122027593328917	-0.344401060306113	0.177517414486311	0.203075889848738	0.0101996716803833	-0.546562939222203	0.0624065425587867
-0.123335063722347	-0.347171791998996	0.178609036675371	0.204703395745455	0.0101406357641337	-0.550944603163673	0.0623191056777102
-0.124647753751662	-0.349935559328757	0.179689127798607	0.206326647512471	0.0100780639935422	-0.55531484950733	0.0622164953993276
-0.125965634161015	-0.352692088853403	0.1807574770482	0.207945482616363	0.0100119189777696	-0.559673241089187	0.0620985397871257
-0.127288675694558	-0.355441107130939	0.181813873616331	0.209559738523708	0.00994216332597654	-0.564019340745254	0.0619650669045909
-0.128616849096445	-0.358182340719372	0.182858106695182	0.211169252701081	0.00986875964732396	-0.568352711311543	0.06181590481521
-0.12995012511083	-0.360915516176707	0.183889965476933	0.212773862615059	0.00979167055097262	-0.572672915624067	0.0616508815824696
-0.131288474481864	-0.36364036006095	0.184909239153767	0.214373405732219	0.00971085864608329	-0.576979516518836	0.0614698252698561
-0.132631867953702	-0.366356598930107	0.185915716917864	0.215967719519137	0.00962628654181678	-0.581272076831862	0.0612725639408564
-0.133980276270497	-0.369063959342184	0.186909187961406	0.21755664144239	0.00953791684733389	-0.585550159399157	0.061058925658957
-0.135333670176401	-0.371762167855186	0.187889441476573	0.219140008968555	0.00944571217179541	-0.589813327056733	0.0608287384876445
-0.136692020415568	-0.374450951027119	0.188856266655548	0.220717659564206	0.00934963512436213	-0.594061142640602	0.0605818304904055
-0.138055297732151	-0.37713003541599	0.189809452690511	0.222289430695922	0.00924964831419484	-0.598293168986774	0.0603180297307266
-0.139423472870303	-0.379799147579804	0.190748788773643	0.223855159830279	0.00914571435045435	-0.602508968931262	0.0600371642720945
-0.140796516574177	-0.382458014076567	0.191674064097127	0.225414684433852	0.00903779584230144	-0.606708105310077	0.0597390621779958
-0.142174399587927	-0.385106361464284	0.192585067853142	0.22696784197322	0.00892585539889693	-0.610890140959232	0.0594235515119171
-0.143557092655706	-0.387743916300962	0.193481589233871	0.228514469914957	0.00880985562940157	-0.615054638714737	0.059090460337345
-0.144944566521666	-0.390370405144607	0.194363417431495	0.230054405725641	0.0086897591429762	-0.619201161412604	0.0587396167177662
-0.146336791929961	-0.392985554553224	0.195230341638194	0.231587486871848	0.00856552854878159	-0.623329271888846	0.0583708487166672
-0.147733739624745	-0.395589091084818	0.19608215104615	0.233113550820154	0.00843712645597854	-0.627438532979473	0.0579839843975346
-0.149135380350169	-0.398180741297397	0.196918634847545	0.234632435037136	0.00830451547372786	-0.631528507520497	0.0575788518238552
-0.150541684850388	-0.400760231748966	0.19773958223456	0.236143976989371	0.00816765821119031	-0.635598758347931	0.0571552790591155
-0.151952623869554	-0.40332728899753	0.198544782399375	0.237648014143435	0.00802651727752671	-0.639648848297785	0.056713094166802
-0.153368168151821	-0.405881639601096	0.199334024534173	0.239144383965904	0.00788105528189785	-0.643678340206071	0.0562521252104015
-0.154788288441342	-0.408423010117669	0.200107097831133	0.240632923923355	0.00773123483346452	-0.647686796908802	0.0557722002534006
-0.156212955482269	-0.410951127105255	0.200863791482439	0.242113471482364	0.00757701854138751	-0.651673781241988	0.0552731473592857
-0.157642140018757	-0.413465717121861	0.20160389468027	0.243585864109508	0.00741836901482765	-0.655638856041642	0.0547547945915438
-0.159075812794958	-0.415966506725491	0.202327196616809	0.245049939271364	0.00725524886294569	-0.659581584143774	0.0542169700136613
-0.160513944555025	-0.418453222474151	0.203033486484236	0.246505534434507	0.00708762069490245	-0.663501528384398	0.0536595016891247
-0.161956506043112	-0.420925590925849	0.203722553474732	0.247952487065514	0.00691544711985871	-0.667398251599523	0.0530822176814208
-0.163403468003372	-0.423383338638588	0.20439418678048	0.249390634630962	0.00673869074697526	-0.671271316625163	0.0524849460540361
-0.164854801179957	-0.425826192170376	0.205048175593659	0.250819814597428	0.00655731418541292	-0.675120286297328	0.0518675148704573
-0.166310476317022	-0.428253878079219	0.205684309106452	0.252239864431487	0.00637128004433248	-0.678944723452032	0.0512297521941711
-0.167770464158718	-0.43066612292312	0.20630237651104	0.253650621599717	0.00618055093289471	-0.682744190925283	0.0505714860886639
-0.1692347354492	-0.433062653260088	0.206902166999604	0.255051923568693	0.00598508946026042	-0.686518251553096	0.0498925446174224
-0.17070326093262	-0.435443195648127	0.207483469764324	0.256443607804992	0.00578485823559043	-0.690266468171481	0.0491927558439333
-0.172176011353132	-0.437807476645244	0.208046073997384	0.257825511775191	0.00557981986804548	-0.69398840361645	0.0484719478316832
-0.173652957454889	-0.440155222809444	0.208589768890963	0.259197472945866	0.00536993696678641	-0.697683620724015	0.0477299486441586
-0.175134069982043	-0.442486160698733	0.209114343637242	0.260559328783593	0.00515517214097398	-0.701351682330187	0.0469665863448462
-0.176619319678749	-0.444800016871117	0.209619587428404	0.26191091675495	0.00493548799976902	-0.704992151270978	0.0461816889972327
-0.178108677289159	-0.447096517884601	0.21010528945663	0.263252074326512	0.00471084715233229	-0.7086045903824	0.0453750846648046
-0.179602113557426	-0.449375390297193	0.2105712389141	0.264582638964856	0.00448121220782462	-0.712188562500464	0.0445466014110484
-0.181099599227704	-0.451636360666896	0.211017224992996	0.265902448136559	0.00424654577540681	-0.715743630461183	0.0436960672994511
-0.182601105044145	-0.453879155551719	0.211443036885499	0.267211339308196	0.00400681046423958	-0.719269357100567	0.0428233103934989
-0.184106601750903	-0.456103501509665	0.21184846378379	0.268509149946346	0.0037619688834838	-0.722765305254628	0.0419281587566787
-0.185616060092131	-0.458309125098741	0.212233294880052	0.269795717517583	0.00351198364230024	-0.726231037759379	0.0410104404524769
-0.187129450811982	-0.460495752876954	0.212597319366464	0.271070879488484	0.00325681734984971	-0.729666117450831	0.0400699835443804
-0.188646744654609	-0.462663111402307	0.212940326435209	0.272334473325626	0.00299643261529298	-0.733070107164994	0.0391066160958755
-0.190167912364166	-0.464810927232808	0.213262105278466	0.273586336495586	0.00273079204779085	-0.736442569737882	0.0381201661704491
-0.191692924684805	-0.466938926926463	0.213562445088419	0.27482630646494	0.00245985825650412	-0.739783068005505	0.0371104618315876
-0.19322175236068	-0.469046837041277	0.213841135057248	0.276054220700264	0.00218359385059361	-0.743091164803876	0.0360773311427777
-0.194754366135944	-0.471134384135256	0.214097964377134	0.277269916668134	0.00190196143922007	-0.746366422969007	0.0350206021675061
-0.19629073675475	-0.473201294766406	0.214332722240258	0.278473231835128	0.00161492363154431	-0.749608405336907	0.0339401029692593
-0.197830834961251	-0.475247295492733	0.214545197838802	0.279664003667822	0.00132244303672711	-0.752816674743591	0.0328356616115238
-0.1993746314996	-0.477272112872242	0.214735180364947	0.280842069632792	0.00102448226392932	-0.755990794025068	0.0317071061577865
-0.200922097113951	-0.479275473462939	0.214902459010874	0.282007267196615	0.000721003922311697	-0.759130326017351	0.030554264671534
-0.202473202548456	-0.481257103822831	0.215046822968765	0.283159433825867	0.000411970621034999	-0.762234833556452	0.0293769652162527
-0.204027918547269	-0.483216730509923	0.2151680614308	0.284298406987124	9.73449692601019e-05	-0.765303879478381	0.0281750358554293
-0.205586215854543	-0.485154080082221	0.215265963589161	0.285424024146964	-0.000222910423852266	-0.768337026619152	0.0269483046525505
-0.207148065214431	-0.48706887909773	0.21534031863603	0.286536122771962	-0.000548832949141292	-0.771333837814775	0.0256965996711028
-0.208713437371086	-0.488960854114458	0.215390915763587	0.287634540328696	-0.000880459997446181	-0.774293875901262	0.0244197489745729
-0.210282303068662	-0.490829731690408	0.215417544164014	0.288719114283741	-0.00121782895960612	-0.777216703714624	0.0231175806264474
-0.211854633051311	-0.492675238383588	0.215419993029492	0.289789682103674	-0.00156097722646033	-0.780101884090874	0.0217899226902128
-0.213430398063187	-0.494497100752003	0.215398051552202	0.290846081255072	-0.00190994218884802	-0.782948979866024	0.020436603229356
-0.215009568848442	-0.496295045353659	0.215351508924325	0.291888149204511	-0.00226476123760838	-0.785757553876084	0.0190574503073634
-0.21659211615123	-0.498068798746562	0.215280154338044	0.292915723418567	-0.00262547176358065	-0.788527168957066	0.0176522919877216
-0.218178010715705	-0.499818087488718	0.215183776985538	0.293928641363817	-0.00299211115760399	-0.791257387944983	0.0162209563339173
-0.219767223286019	-0.501542638138132	0.21506216605899	0.294926740506838	-0.00336471681051763	-0.793947773675846	0.0147632714094372
-0.221359724606325	-0.503242177252811	0.21491511075058	0.295909858314206	-0.00374332611316079	-0.796597888985665	0.0132790652777676
-0.222955485420776	-0.504916431390759	0.21474240025249	0.296877832252497	-0.00412797645637261	-0.799207296710455	0.0117681660023956
-0.224554476473527	-0.506565127109984	0.214543823756901	0.297830499788288	-0.00451870523099238	-0.801775559686224	0.0102304016468074
-0.226156668508729	-0.508187990968491	0.214319170455994	0.298767698388155	-0.00491554982785927	-0.804302240748987	0.00866560027448965
-0.227762032270536	-0.509784749524285	0.214068229541951	0.299689265518676	-0.00531854763781245	-0.806786902734753	0.00707358994892926
-0.229370538503102	-0.511355129335373	0.213790790206952	0.300595038646425	-0.00572773605169119	-0.809229108479535	0.00545419873361264
-0.230982157950578	-0.51289885695976	0.213486641643179	0.301484855237981	-0.00614315246033466	-0.811628420819345	0.00380725469202636
-0.232596861357119	-0.514415658955452	0.213155573042814	0.302358552759919	-0.00656483425458207	-0.813984402590194	0.00213258588765713
-0.234214619466878	-0.515905261880456	0.212797373598038	0.303215968678815	-0.00699281882527263	-0.816296616628093	0.000430020383991647
-0.235835403024007	-0.517367392292777	0.212411832501031	0.304056940461247	-0.00742714356324552	-0.818564625769055	-0.00130061375548368
-0.237459182772661	-0.51880177675042	0.211998738943975	0.30488130557379	-0.00786784585933997	-0.820787992849092	-0.00305948846728205
-0.239085929456991	-0.520208141811392	0.211557882119051	0.305688901483022	-0.00831496310439517	-0.822966280704214	-0.00484677568791692
-0.240715613821151	-0.521586214033698	0.211089051218441	0.306479565655519	-0.00876853268925037	-0.825099052170433	-0.00666264735390171
-0.242348206609295	-0.522935719975345	0.210592035434326	0.307253135557856	-0.00922859200474471	-0.827185870083762	-0.00850727540174967
-0.243983678565576	-0.524256386194337	0.210066623958887	0.308009448656611	-0.00969517844171745	-0.829226297280211	-0.0103808317679744
-0.245622000434146	-0.525547939248682	0.209512605984305	0.308748342418361	-0.0101683293910078	-0.831219896595793	-0.0122834883890892
-0.247263142959159	-0.526810105696385	0.208929770702762	0.309469654309681	-0.0106480822434549	-0.83316623086652	-0.0142154172016072
-0.248907076884767	-0.528042612095451	0.208317907306438	0.310173221797148	-0.0111344743898979	-0.835064862928402	-0.0161767901420421
-0.250553772955125	-0.529245185003887	0.207676804987516	0.310858882347339	-0.0116275432211762	-0.836915355617451	-0.0181677791469072
-0.252203201914385	-0.530417550979698	0.207006252938176	0.311526473426829	-0.0121273261281289	-0.838717271769679	-0.0201885561527158
-0.253855334506701	-0.53155943658089	0.206306040350599	0.312175832502196	-0.0126338605015952	-0.840470174221099	-0.0222392930959814
-0.255510141476225	-0.532670568365469	0.205575956416968	0.312806797040017	-0.0131471837324143	-0.842173625807721	-0.0243201619132172
-0.257167593567111	-0.533750672891441	0.204815790329462	0.313419204506866	-0.0136673332114255	-0.843827189365557	-0.0264313345409369
-0.258827661523511	-0.534799476716812	0.204025331280264	0.314012892369322	-0.0141943463294678	-0.845430427730619	-0.0285729829156535
-0.26049031608958	-0.535816706399588	0.203204368461554	0.31458769809396	-0.0147282604773806	-0.846982903738919	-0.0307452789738807
-0.26215552800947	-0.536802088497773	0.202352691065514	0.315143459147357	-0.015269113046003	-0.848484180226468	-0.0329483946521318
-0.263823268027334	-0.537755349569375	0.201470088284325	0.31568001299609	-0.0158169414261743	-0.849933820029277	-0.03518250188692
-0.265493506887325	-0.538676216172399	0.200556349310169	0.316197197106734	-0.0163717830087336	-0.851331385983359	-0.0374477726147588
-0.267166215333597	-0.539564414864851	0.199611263335226	0.316694848945866	-0.0169336751845202	-0.852676440924725	-0.0397443787721618
-0.268841364110303	-0.540419672204737	0.198634619551678	0.317172805980064	-0.0175026553443732	-0.853968547689387	-0.0420724922956421
-0.270518923961595	-0.541241714750062	0.197626207151706	0.317630905675903	-0.0180787608791319	-0.855207269113357	-0.0444322851217133
-0.272198865631628	-0.542030269058833	0.196585815327491	0.318068985499959	-0.0186620291796354	-0.856392168032645	-0.0468239291868883
-0.273881159864554	-0.542785061689055	0.195513233271216	0.31848688291881	-0.0192524976367231	-0.857522807283265	-0.049247596427681
-0.275565777404526	-0.543505819198734	0.194408250175059	0.318884435399032	-0.019850203641234	-0.858598749701227	-0.0517034587806047
-0.277252688995698	-0.544192268145877	0.193270655231204	0.319261480407201	-0.0204551845840073	-0.859619558122543	-0.0541916881821725
-0.278941865382222	-0.544844135088487	0.192100237631832	0.319617855409893	-0.0210674778558824	-0.860584795383226	-0.0567124565688982
-0.280633277308253	-0.545461146584573	0.190896786569123	0.319953397873686	-0.0216871208476984	-0.861494024319285	-0.0592659358772949
-0.282326895517942	-0.546043029192139	0.189660091235259	0.320267945265155	-0.0223141509502945	-0.862346807766735	-0.061852298043876
-0.284022690755443	-0.546589509469192	0.188389940822421	0.320561335050878	-0.0229486055545098	-0.863142708561584	-0.0644717150051549
-0.28572063376491	-0.547100313973736	0.18708612452279	0.32083340469743	-0.0235905220511837	-0.863881289539847	-0.067124358697645
-0.287420695290494	-0.547575169263779	0.185748431528548	0.321083991671388	-0.0242399378311553	-0.864562113537533	-0.0698104010578598
-0.289122846076351	-0.548013801897325	0.184376651031876	0.321312933439329	-0.0248968902852638	-0.865184743390655	-0.0725300140223126
-0.290827056866632	-0.548415938432381	0.182970572224955	0.321520067467829	-0.0255614168043485	-0.865748741935226	-0.0752833695275168
-0.292533298405491	-0.548781305426953	0.181529984299966	0.321705231223464	-0.0262335547792485	-0.866253672007255	-0.0780706395099856
-0.294241541437081	-0.549109629439046	0.180054676449091	0.321868262172812	-0.026913341600803	-0.866699096442755	-0.0808919959062326
-0.295951756705555	-0.549400637026666	0.178544437864511	0.322008997782448	-0.0276008146598512	-0.867084578077738	-0.083747610652771
-0.297663914955066	-0.54965405474782	0.176999057738407	0.322127275518949	-0.0282960113472324	-0.867409679748214	-0.0866376556861145
-0.299377986929768	-0.549869609160512	0.175418325262961	0.322222932848891	-0.0289989690537858	-0.867673964290198	-0.0895623029427761
-0.301093943373813	-0.550047026822749	0.173802029630353	0.322295807238851	-0.0297097251703505	-0.867876994539698	-0.0925217243592693
-0.302811755031355	-0.550186034292537	0.172149960032765	0.322345736155406	-0.0304283170877658	-0.868018333332727	-0.0955160918721077
-0.304531392646547	-0.550286358127881	0.170461905662378	0.322372557065132	-0.0311547821968708	-0.868097543505298	-0.0985455774178046
-0.306252826963543	-0.550347724886787	0.168737655711374	0.322376107434605	-0.0318891578885049	-0.868114187893421	-0.101610352932873
-0.307976028726494	-0.550369861127261	0.166976999371933	0.322356224730401	-0.032631481553507	-0.868067829333109	-0.104710590353827
-0.309700968679554	-0.55035249340731	0.165179725836237	0.322312746419098	-0.0333817905827166	-0.867958030660371	-0.107846461617179
-0.311427617566878	-0.550295348284938	0.163345624296468	0.322245509967272	-0.0341401223669728	-0.867784354711222	-0.111018138659444
-0.313155946132616	-0.550198152318152	0.161474483944805	0.3221543528415	-0.0349065142971148	-0.867546364321672	-0.114225793417133
-0.314885925120924	-0.550060632064957	0.159566093973432	0.322039112508357	-0.0356810037639817	-0.867243622327733	-0.117469597826761
-0.316617525275953	-0.549882514083359	0.157620243574528	0.32189962643442	-0.0364636281584129	-0.866875691565416	-0.120749723824842
-0.318350717341858	-0.549663524931365	0.155636721940276	0.321735732086266	-0.0372544248712476	-0.866442134870734	-0.124066343347888
-0.320085472062791	-0.54940339116698	0.153615318262856	0.321547266930471	-0.0380534312933248	-0.865942515079698	-0.127419628332413
-0.321821760182905	-0.549101839348209	0.15155582173445	0.321334068433612	-0.0388606848154838	-0.865376395028319	-0.13080975071493
-0.323559552446354	-0.54875859603306	0.149458021547238	0.321095974062265	-0.0396762228285638	-0.86474333755261	-0.134236882431952
-0.32529881959729	-0.548373387779536	0.147321706893403	0.320832821283006	-0.0405000827234042	-0.864042905488581	-0.137701195419994
-0.327039532379867	-0.547945941145646	0.145146666965125	0.320544447562413	-0.0413323018908439	-0.863274661672245	-0.141202861615568
-0.328781661538239	-0.547475982689393	0.142932690954586	0.320230690367061	-0.0421729177217222	-0.862438168939614	-0.144742052955188
-0.330525177816557	-0.546963238968784	0.140679568053967	0.319891387163527	-0.0430219676068785	-0.861532990126697	-0.148318941375367
-0.332270051958976	-0.546407436541826	0.13838708745545	0.319526375418388	-0.0438794889371518	-0.860558688069509	-0.151933698812619
-0.334016254709648	-0.545808301966523	0.136055038351214	0.31913549259822	-0.0447455191033813	-0.859514825604061	-0.155586497203456
-0.335763756812727	-0.545165561800881	0.133683209933442	0.3187185761696	-0.0456200954964063	-0.858400965566362	-0.159277508484393
-0.337512529012365	-0.544478942602907	0.131271391394316	0.318275463599103	-0.046503255507066	-0.857216670792427	-0.163006904591943
-0.339262542052717	-0.543748170930607	0.128819371926015	0.317805992353307	-0.0473950365261995	-0.855961504118266	-0.166774857462618
-0.341013766677934	-0.542972973341985	0.126326940720722	0.317309999898788	-0.0482954759446462	-0.854635028379891	-0.170581539032933
-0.342766173632171	-0.542153076395048	0.123793886970618	0.316787323702122	-0.0492046111532451	-0.853236806413312	-0.174427121239401
-0.34451973365958	-0.541288206647803	0.121219999867883	0.316237801229886	-0.0501224795428355	-0.851766401054545	-0.178311776018535
-0.346274417504314	-0.540378090658253	0.1186050686047	0.315661269948657	-0.0510491185042566	-0.850223375139597	-0.182235675306849
-0.348030195910527	-0.539422454984406	0.11594888237325	0.31505756732501	-0.0519845654283476	-0.848607291504483	-0.186198991040856
-0.349787039622372	-0.538421026184268	0.113251230365713	0.314426530825523	-0.0529288577059478	-0.846917712985212	-0.190201895157069
-0.351544919384002	-0.537373530815844	0.110511901774271	0.313767997916772	-0.0538820327278962	-0.845154202417798	-0.194244559592002
-0.35330380593957	-0.536279695437139	0.107730685791105	0.313081806065333	-0.0548441278850322	-0.843316322638251	-0.198327156282168
-0.355063670033229	-0.535139246606161	0.104907371608397	0.312367792737782	-0.0558151805681948	-0.841403636482584	-0.20244985716408
-0.356824482409132	-0.533951910880914	0.102041748418327	0.311625795400697	-0.0567952281682235	-0.839415706786807	-0.206612834174253
-0.358586213811433	-0.532717414819405	0.0991336054130783	0.310855651520654	-0.0577843080759572	-0.837352096386933	-0.210816259249198
-0.360348834984285	-0.531435484979639	0.0961827317848298	0.310057198564228	-0.0587824576822353	-0.835212368118973	-0.215060304325431
-0.362112316671841	-0.530105847919622	0.0931889167257642	0.309230273997998	-0.059789714377897	-0.832996084818939	-0.219345141339463
-0.363876629618254	-0.528728230197361	0.0901519494280623	0.308374715288538	-0.0608061155537813	-0.830702809322843	-0.223670942227809
-0.365641744567676	-0.52730235837086	0.0870716190839056	0.307490359902427	-0.0618316986007276	-0.828332104466697	-0.228037878926982
-0.367407632264262	-0.525827958998125	0.0839477148854748	0.306577045306239	-0.0628665009095751	-0.825883533086511	-0.232446123373495
-0.369174263452165	-0.524304758637164	0.0807800260249518	0.305634608966552	-0.063910559871163	-0.823356658018298	-0.236895847503861
-0.370941608875537	-0.522732483845981	0.0775683416945172	0.304662888349942	-0.0649639128763305	-0.820751042098069	-0.241387223254595
-0.372709639278532	-0.521110861182582	0.0743124510863531	0.303661720922986	-0.0660265973159166	-0.818066248161836	-0.245920422562208
-0.374478325405302	-0.519439617204973	0.0710121433926401	0.30263094415226	-0.0670986505807609	-0.815301839045611	-0.250495617363216
-0.376243013601186	-0.517740888201732	0.0676974769779387	0.301583955166909	-0.0681716369206642	-0.812493798678609	-0.255081651188732
-0.377999069715417	-0.516036992756097	0.0643986507453566	0.300534259451699	-0.0692370956582016	-0.809678402432701	-0.259647252945528
-0.379746493747995	-0.514327930868069	0.0611156646948932	0.29948185700663	-0.0702950267933731	-0.806855650307888	-0.264192422633605
-0.381485285698921	-0.512613702537648	0.0578485188265486	0.298426747831699	-0.0713454303261787	-0.804025542304171	-0.268717160252963
-0.383215445568194	-0.510894307764834	0.0545972131403228	0.297368931926909	-0.0723883062566184	-0.801188078421548	-0.273221465803601
-0.384936973355815	-0.509169746549627	0.0513617476362158	0.296308409292258	-0.0734236545846922	-0.798343258660021	-0.277705339285519
-0.386649869061783	-0.507440018892027	0.0481421223142276	0.295245179927748	-0.0744514753104	-0.795491083019589	-0.282168780698719
-0.388354132686098	-0.505705124792033	0.0449383371743581	0.294179243833376	-0.075471768433742	-0.792631551500252	-0.286611790043198
-0.390049764228761	-0.503965064249647	0.0417503922166075	0.293110601009145	-0.0764845339547181	-0.789764664102011	-0.291034367318959
-0.391736763689771	-0.502219837264867	0.0385782874409756	0.292039251455053	-0.0774897718733282	-0.786890420824865	-0.295436512526
-0.393415131069129	-0.500469443837695	0.0354220228474626	0.290965195171101	-0.0784874821895725	-0.784008821668814	-0.299818225664321
-0.395084866366834	-0.498713883968129	0.0322815984360683	0.289888432157289	-0.0794776649034508	-0.781119866633858	-0.304179506733923
-0.396745969582886	-0.49695315765617	0.0291570142067928	0.288808962413616	-0.0804603200149632	-0.778223555719997	-0.308520355734806
-0.398398440717286	-0.495187264901818	0.0260482701596361	0.287726785940083	-0.0814354475241098	-0.775319888927232	-0.312840772666969
-0.400042279770034	-0.493416205705073	0.0229553662945981	0.28664190273669	-0.0824030474308904	-0.772408866255561	-0.317140757530413
-0.401677486741129	-0.491639980065934	0.019878302611679	0.285554312803437	-0.0833631197353051	-0.769490487704986	-0.321420310325137
-0.403304061630571	-0.489858587984403	0.0168170791108786	0.284464016140323	-0.0843156644373539	-0.766564753275506	-0.325679431051142
-0.404922004438361	-0.488072029460479	0.0137716957921971	0.283371012747349	-0.0852606815370368	-0.763631662967122	-0.329918119708427
-0.406531315164498	-0.486280304494161	0.0107421526556343	0.282275302624515	-0.0861981710343538	-0.760691216779832	-0.334136376296993
-0.408131993808982	-0.48448341308545	0.0077284497011903	0.28117688577182	-0.0871281329293049	-0.757743414713638	-0.33833420081684
-0.409724040371814	-0.482681355234347	0.00473058692886511	0.280075762189265	-0.0880505672218901	-0.754788256768539	-0.342511593267967
-0.411307454852993	-0.48087413094085	0.00174856433865869	0.27897193187685	-0.0889654739121094	-0.751825742944535	-0.346668553650374
-0.41288223725252	-0.47906174020496	-0.00121761806942895	0.277865394834575	-0.0898728529999628	-0.748855873241627	-0.350805081964063
-0.414448387570394	-0.477244183026677	-0.00416796029539779	0.276756151062439	-0.0907727044854502	-0.745878647659813	-0.354921178209031
-0.416005905806616	-0.475421459406	-0.00710246233924785	0.275644200560443	-0.0916650283685718	-0.742894066199095	-0.359016842385281
-0.417554791961185	-0.473593569342931	-0.0100211242009791	0.274529543328587	-0.0925498246493275	-0.739902128859472	-0.363092074492811
-0.419095046034102	-0.471760512837469	-0.0129239458805916	0.27341217936687	-0.0934270933277172	-0.736902835640944	-0.367146874531621
-0.420626668025366	-0.469922289889613	-0.0158109273780853	0.272292108675294	-0.094296834403741	-0.733896186543512	-0.371181242501712
-0.422149657934977	-0.468078900499365	-0.0186820686934602	0.271169331253857	-0.095159047877399	-0.730882181567175	-0.375195178403084
-0.423664015762936	-0.466230344666723	-0.0215373698267163	0.270043847102559	-0.096013733748691	-0.727860820711932	-0.379188682235736
-0.425169741509242	-0.464376622391688	-0.0243768307778537	0.268915656221402	-0.0968608920176171	-0.724832103977786	-0.383161753999669
-0.426666835173895	-0.46251773367426	-0.0272004515468722	0.267784758610384	-0.0977005226841774	-0.721796031364734	-0.387114393694882
-0.428155296756897	-0.460653678514439	-0.030008232133772	0.266651154269506	-0.0985326257483717	-0.718752602872777	-0.391046601321376
-0.429635126258245	-0.458784456912225	-0.032800172538553	0.265514843198767	-0.0993572012102001	-0.715701818501916	-0.394958376879151
-0.431106323677941	-0.456910068867618	-0.0355762727612152	0.264375825398168	-0.100174249069663	-0.71264367825215	-0.398849720368206
-0.432568889015984	-0.455030514380617	-0.0383365328017585	0.263234100867709	-0.100983769326759	-0.709578182123479	-0.402720631788541
-0.434022822272375	-0.453145793451224	-0.0410809526601832	0.26208966960739	-0.10178576198149	-0.706505330115903	-0.406571111140157
-0.435468123447113	-0.451255906079437	-0.043809532336489	0.26094253161721	-0.102580227033855	-0.703425122229423	-0.410401158423054
-0.436904792540199	-0.449360852265258	-0.046522271830676	0.259792686897171	-0.103367164483854	-0.700337558464037	-0.414210773637231
-0.438332829551632	-0.447460632008685	-0.0492191711427443	0.25864013544727	-0.104146574331487	-0.697242638819747	-0.417999956782689
-0.439752234481412	-0.445555245309719	-0.0519002302726937	0.25748487726751	-0.104918456576754	-0.694140363296553	-0.421768707859428
-0.44116300732954	-0.44364469216836	-0.0545654492205244	0.256326912357889	-0.105682811219655	-0.691030731894453	-0.425517026867447
-0.442565148096015	-0.441728972584608	-0.0572148279862363	0.255166240718408	-0.10643963826019	-0.687913744613448	-0.429244913806746
-0.443958656780838	-0.439808086558463	-0.0598483665698294	0.254002862349067	-0.107188937698359	-0.684789401453539	-0.432952368677326
-0.445343533384008	-0.437882034089925	-0.0624660649713038	0.252836777249865	-0.107930709534163	-0.681657702414725	-0.436639391479187
-0.446719777905526	-0.435950815178993	-0.0650679231906593	0.251667985420804	-0.1086649537676	-0.678518647497006	-0.440305982212328
-0.448087390345391	-0.434014429825669	-0.067653941227896	0.250496486861882	-0.109391670398672	-0.675372236700383	-0.44395214087675
-0.449446370703603	-0.432072878029951	-0.070224119083014	0.249322281573099	-0.110110859427378	-0.672218470024854	-0.447577867472452
-0.450796718980163	-0.430126159791841	-0.0727784567560132	0.248145369554457	-0.110822520853717	-0.669057347470421	-0.451183161999435
-0.452138435175071	-0.428174275111337	-0.0753169542468935	0.246965750805954	-0.111526654677691	-0.665888869037083	-0.454768024457699
-0.453471519288325	-0.42621722398844	-0.0778396115556551	0.24578342532759	-0.112223260899299	-0.662713034724841	-0.458332454847243
-0.454795971319927	-0.42425500642315	-0.080346428682298	0.244598393119367	-0.112912339518542	-0.659529844533693	-0.461876453168067
-0.456111791269877	-0.422287622415467	-0.082837405626822	0.243410654181283	-0.113593890535418	-0.656339298463641	-0.465400019420173
-0.457418979138174	-0.420315071965391	-0.0853125423892272	0.242220208513339	-0.114267913949928	-0.653141396514683	-0.468903153603558
-0.458717534924818	-0.418337355072921	-0.0877718389695137	0.241027056115535	-0.114934409762072	-0.649936138686822	-0.472385855718225
-0.46000745862981	-0.416354471738059	-0.0902152953676813	0.23983119698787	-0.115593377971851	-0.646723524980055	-0.475848125764172
-0.461288750253149	-0.414366421960803	-0.0926429115837302	0.238632631130345	-0.116244818579263	-0.643503555394383	-0.479289963741399
-0.462561409794836	-0.412373205741155	-0.0950546876176603	0.23743135854296	-0.11688873158431	-0.640276229929807	-0.482711369649907
-0.46382543725487	-0.410374823079113	-0.0974506234694716	0.236227379225715	-0.117525116986991	-0.637041548586326	-0.486112343489696
-0.465080832633252	-0.408371273974678	-0.0998307191391641	0.235020693178609	-0.118153974787306	-0.63379951136394	-0.489492885260765
-0.466327595929981	-0.40636255842785	-0.102194974626738	0.233811300401643	-0.118775304985255	-0.630550118262649	-0.492852994963114
-0.467565727145057	-0.404348676438629	-0.104543389932193	0.232599200894817	-0.119389107580838	-0.627293369282454	-0.496192672596745
-0.468795226278481	-0.402329628007015	-0.106875965055529	0.23138439465813	-0.119995382574055	-0.624029264423353	-0.499511918161656
-0.470016093330252	-0.400305413133008	-0.109192699996746	0.230166881691583	-0.120594129964906	-0.620757803685348	-0.502810731657847
-0.471228328300371	-0.398276031816607	-0.111493594755845	0.228946661995176	-0.121185349753391	-0.617478987068439	-0.506089113085319
-0.472431931188837	-0.396241484057814	-0.113778649332825	0.227723735568909	-0.121769041939511	-0.614192814572624	-0.509347062444072
-0.473626901995651	-0.394201769856627	-0.116047863727686	0.226498102412781	-0.122345206523264	-0.610899286197904	-0.512584579734105
-0.474813240720812	-0.392156889213048	-0.118301237940428	0.225269762526793	-0.122913843504652	-0.60759840194428	-0.515801664955418
-0.47599094736432	-0.390106842127075	-0.120538771971051	0.224038715910945	-0.123474952883674	-0.604290161811751	-0.518998318108013
-0.477160021926176	-0.388051628598709	-0.122760465819556	0.222804962565236	-0.124028534660329	-0.600974565800317	-0.522174539191887
-0.478320464406379	-0.38599124862795	-0.124966319485942	0.221568502489668	-0.124574588834619	-0.597651613909979	-0.525330328207043
-0.47947227480493	-0.383925702214798	-0.127156332970209	0.220329335684239	-0.125113115406543	-0.594321306140735	-0.528465685153479
-0.480615453121828	-0.381854989359253	-0.129330506272357	0.219087462148949	-0.125644114376101	-0.590983642492587	-0.531580610031195
-0.481749999357073	-0.379779110061314	-0.131488839392387	0.2178428818838	-0.126167585743293	-0.587638622965534	-0.534675102840192
-0.482875913510666	-0.377698064320983	-0.133631332330297	0.21659559488879	-0.12668352950812	-0.584286247559576	-0.53774916358047
-0.483993195582607	-0.375611852138259	-0.135757985086089	0.215345601163919	-0.12719194567058	-0.580926516274714	-0.540802792252028
-0.485101845572894	-0.373520473513141	-0.137868797659763	0.214092900709189	-0.127692834230675	-0.577559429110946	-0.543835988854867
-0.486201863481529	-0.37142392844563	-0.139963770051317	0.212837493524598	-0.128186195188403	-0.574184986068274	-0.546848753388986
-0.487293249308512	-0.369322216935726	-0.142042902260752	0.211579379610147	-0.128672028543766	-0.570803187146697	-0.549841085854386
-0.488376003053842	-0.36721533898343	-0.144106194288069	0.210318558965836	-0.129150334296762	-0.567414032346215	-0.552812986251066
-0.48945012471752	-0.36510329458874	-0.146153646133267	0.209055031591664	-0.129621112447393	-0.564017521666829	-0.555764454579027
-0.490515614299545	-0.362986083751656	-0.148185257796346	0.207788797487632	-0.130084362995658	-0.560613655108538	-0.558695490838269
-0.491572471799917	-0.36086370647218	-0.150201029277307	0.20651985665374	-0.130540085941557	-0.557202432671342	-0.561606095028791
-0.492620697218637	-0.358736162750311	-0.152200960576148	0.205248209089988	-0.13098828128509	-0.553783854355241	-0.564496267150594
-0.493660290555704	-0.356603452586048	-0.154185051692871	0.203973854796375	-0.131428949026258	-0.550357920160235	-0.567366007203677
-0.494691251811118	-0.354465575979393	-0.156153302627475	0.202696793772902	-0.131862089165059	-0.546924630086324	-0.570215315188041
-0.495713580984881	-0.352322532930344	-0.158105713379961	0.201417026019569	-0.132287701701494	-0.543483984133509	-0.573044191103685
-0.49672727807699	-0.350174323438902	-0.160042283950327	0.200134551536375	-0.132705786635564	-0.540035982301789	-0.57585263495061
-0.497732343087447	-0.348020947505068	-0.161963014338575	0.198849370323322	-0.133116343967267	-0.536580624591164	-0.578640646728816
-0.498728776016251	-0.34586240512884	-0.163867904544704	0.197561482380407	-0.133519373696605	-0.533117911001634	-0.581408226438302
-0.499716576863403	-0.343698696310219	-0.165756954568714	0.196270887707633	-0.133914875823577	-0.5296478415332	-0.584155374079069
-0.500695745628902	-0.341529821049204	-0.167630164410605	0.194977586304998	-0.134302850348183	-0.526170416185861	-0.586882089651116
-0.501666282312749	-0.339355779345797	-0.169487534070378	0.193681578172503	-0.134683297270422	-0.522685634959617	-0.589588373154444
-0.502628186914943	-0.337176571199997	-0.171329063548031	0.192382863310148	-0.135056216590297	-0.519193497854468	-0.592274224589052
-0.503581459435484	-0.334992196611803	-0.173154752843566	0.191081441717933	-0.135421608307805	-0.515694004870414	-0.594939643954941
-0.504526099874373	-0.332802655581217	-0.174964601956983	0.189777313395857	-0.135779472422947	-0.512187156007456	-0.59758463125211
-0.505462108231609	-0.330607948108237	-0.17675861088828	0.188470478343921	-0.136129808935723	-0.508672951265593	-0.600209186480561
-0.506389484507193	-0.328408074192864	-0.178536779637459	0.187160936562125	-0.136472617846134	-0.505151390644825	-0.602813309640291
-0.507308228701124	-0.326203033835098	-0.180299108204518	0.185848688050468	-0.136807899154178	-0.501622474145152	-0.605397000731302
-0.508218340813403	-0.323992827034939	-0.18204559658946	0.184533732808951	-0.137135652859857	-0.498086201766574	-0.607960259753594
-0.509119820844029	-0.321777453792387	-0.183776244792282	0.183216070837574	-0.137455878963169	-0.494542573509092	-0.610503086707166
-0.510012668793002	-0.319556914107442	-0.185491052812985	0.181895702136336	-0.137768577464116	-0.490991589372705	-0.613025481592019
-0.510896884660323	-0.317331207980104	-0.18719002065157	0.180572626705239	-0.138073748362697	-0.487433249357413	-0.615527444408153
-0.511772468445991	-0.315100335410372	-0.188873148308036	0.179246844544281	-0.138371391658912	-0.483867553463216	-0.618008975155567
-0.512639420150007	-0.312864296398248	-0.190540435782383	0.177918355653462	-0.138661507352761	-0.480294501690115	-0.620470073834261
-0.51349773977237	-0.31062309094373	-0.192191883074611	0.176587160032784	-0.138944095444244	-0.476714094038108	-0.622910740444236
-0.514347427313081	-0.308376719046819	-0.193827490184721	0.175253257682245	-0.139219155933362	-0.473126330507197	-0.625330974985492
-0.515188482772139	-0.306125180707516	-0.195447257112711	0.173916648601846	-0.139486688820113	-0.469531211097381	-0.627730777458028
-0.516020906149544	-0.303868475925819	-0.197051183858584	0.172577332791586	-0.139746694104499	-0.46592873580866	-0.630110147861845
-0.516844697445297	-0.301606604701729	-0.198639270422337	0.171235310251467	-0.139999171786518	-0.462318904641035	-0.632469086196943
-0.517659856659397	-0.299339567035245	-0.200211516803971	0.169890580981487	-0.140244121866172	-0.458701717594505	-0.634807592463321
-0.518466383791845	-0.297067362926369	-0.201767923003487	0.168543144981647	-0.140481544343459	-0.455077174669069	-0.637125666660979
-0.51926427884264	-0.2947899923751	-0.203308489020883	0.167193002251946	-0.140711439218381	-0.45144527586473	-0.639423308789918
-0.520053541811783	-0.292507455381437	-0.204833214856161	0.165840152792385	-0.140933806490937	-0.447806021181485	-0.641700518850138
-0.520834172699273	-0.290219751945382	-0.206342100509321	0.164484596602964	-0.141148646161127	-0.444159410619335	-0.643957296841638
-0.52160617150511	-0.287926882066933	-0.207835145980361	0.163126333683683	-0.141355958228951	-0.440505444178281	-0.646193642764419
-0.522369538229295	-0.285628845746091	-0.209312351269283	0.161765364034541	-0.14155574269441	-0.436844121858322	-0.64840955661848
-0.523124272871827	-0.283325642982856	-0.210773716376086	0.160401687655539	-0.141747999557502	-0.433175443659458	-0.650605038403822
-0.523870375432707	-0.281017273777228	-0.21221924130077	0.159035304546677	-0.141932728818228	-0.42949940958169	-0.652780088120445
-0.524607845911934	-0.278703738129207	-0.213648926043335	0.157666214707955	-0.142109930476589	-0.425816019625016	-0.654934705768348
-0.525336684309508	-0.276385036038793	-0.215062770603782	0.156294418139372	-0.142279604532583	-0.422125273789438	-0.657068891347531
-0.52605689062543	-0.274061167505986	-0.216460774982109	0.154919914840929	-0.142441750986212	-0.418427172074955	-0.659182644857995
-0.5267684648597	-0.271732132530785	-0.217842939178318	0.153542704812626	-0.142596369837475	-0.414721714481567	-0.66127596629974
-0.527471407012317	-0.269397931113192	-0.219209263192408	0.152162788054462	-0.142743461086372	-0.411008901009275	-0.663348855672766
-0.528165717083281	-0.267058563253205	-0.22055974702438	0.150780164566438	-0.142883024732903	-0.407288731658077	-0.665401312977072
-0.528851395072592	-0.264714028950826	-0.221894390674232	0.149394834348554	-0.143015060777068	-0.403561206427975	-0.667433338212658
-0.529528440980251	-0.262364328206053	-0.223213194141966	0.148006797400809	-0.143139569218867	-0.399826325318968	-0.669444931379525
-0.530196854806258	-0.260009461018887	-0.224516157427581	0.146616053723205	-0.1432565500583	-0.396084088331056	-0.671436092477673
-0.530856636550612	-0.257649427389328	-0.225803280531077	0.14522260331574	-0.143366003295367	-0.39233449546424	-0.673406821507101
-0.531507786213313	-0.255284227317376	-0.227074563452455	0.143826446178415	-0.143467928930069	-0.388577546718518	-0.675357118467809
-0.532150303794362	-0.25291386080303	-0.228330006191714	0.142427582311229	-0.143562326962404	-0.384813242093892	-0.677286983359799
-0.532784189293758	-0.250538327846292	-0.229569608748853	0.141026011714183	-0.143649197392374	-0.381041581590361	-0.679196416183068
-0.533409442711502	-0.248157628447161	-0.230793371123874	0.139621734387277	-0.143728540219978	-0.377262565207926	-0.681085416937619
-0.534026064047593	-0.245771762605636	-0.232001293316777	0.138214750330511	-0.143800355445215	-0.373476192946585	-0.68295398562345
-0.534634053302031	-0.243380730321719	-0.23319337532756	0.136805059543884	-0.143864643068087	-0.36968246480634	-0.684802122240561
-0.535233410474817	-0.240984531595408	-0.234369617156225	0.135392662027397	-0.143921403088593	-0.36588138078719	-0.686629826788953
-0.535824135565951	-0.238583166426704	-0.235530018802771	0.13397755778105	-0.143970635506733	-0.362072940889135	-0.688437099268626
-0.536406228575431	-0.236176634815607	-0.236674580267198	0.132559746804842	-0.144012340322508	-0.358257145112175	-0.690223939679579
-0.536979689503259	-0.233764936762117	-0.237803301549506	0.131139229098775	-0.144046517535916	-0.354433993456311	-0.691990348021813
-0.537544518349435	-0.231348072266234	-0.238916182649696	0.129716004662846	-0.144073167146958	-0.350603485921541	-0.693736324295327
-0.538100715113958	-0.228926041327957	-0.240013223567767	0.128290073497058	-0.144092289155635	-0.346765622507867	-0.695461868500122
-0.538648279796829	-0.226498843947288	-0.241094424303719	0.12686143560141	-0.144103883561945	-0.342920403215288	-0.697166980636198
-0.539187212398047	-0.224066480124226	-0.242159784857552	0.125430090975901	-0.14410795036589	-0.339067828043805	-0.698851660703554
-0.539717512917612	-0.22162894985877	-0.243209305229266	0.123996039620531	-0.144104489567469	-0.335207896993416	-0.70051590870219
-0.540239181355525	-0.219186253150921	-0.244242985418862	0.122559281535302	-0.144093501166682	-0.331340610064123	-0.702159724632108
-0.540752217711785	-0.216738390000679	-0.245260825426339	0.121119816720212	-0.144074985163528	-0.327465967255925	-0.703783108493305
-0.541256621986392	-0.214285360408045	-0.246262825251697	0.119677645175262	-0.144048941558009	-0.323583968568822	-0.705386060285784
-0.541752394179347	-0.211827164373017	-0.247248984894936	0.118232766900452	-0.144015370350125	-0.319694614002815	-0.706968580009543
-0.54223953429065	-0.209363801895595	-0.248219304356057	0.116785181895781	-0.143974271539874	-0.315797903557902	-0.708530667664582
-0.5427180423203	-0.206895272975781	-0.249173783635058	0.11533489016125	-0.143925645127257	-0.311893837234085	-0.710072323250902
-0.543187918268297	-0.204421577613574	-0.250112422731941	0.113881891696859	-0.143869491112274	-0.307982415031363	-0.711593546768503
-0.543649162134642	-0.201942715808973	-0.251035221646705	0.112426186502608	-0.143805809494926	-0.304063636949736	-0.713094338217384
-0.544101773919334	-0.19945868756198	-0.251942180379351	0.110967774578496	-0.143734600275212	-0.300137502989205	-0.714574697597546
-0.544545753622373	-0.196969492872593	-0.252833298929877	0.109506655924524	-0.143655863453131	-0.296204013149769	-0.716034624908988
-0.54498110124376	-0.194475131740814	-0.253708577298285	0.108042830540692	-0.143569599028685	-0.292263167431427	-0.717474120151711
-0.545407816783495	-0.191975604166641	-0.254568015484574	0.106576298427	-0.143475807001873	-0.288314965834181	-0.718893183325714
-0.545825900241577	-0.189470910150075	-0.255411613488744	0.105107059583447	-0.143374487372695	-0.284359408358031	-0.720291814430998
-0.546235351618006	-0.186961049691116	-0.256239371310796	0.103635114010034	-0.143265640141151	-0.280396495002975	-0.721670013467563
-0.546636170912783	-0.184446022789764	-0.257051288950728	0.10216046170676	-0.143149265307241	-0.276426225769015	-0.723027780435407
-0.547028358125907	-0.181925829446018	-0.257847366408542	0.100683102673627	-0.143025362870965	-0.27244860065615	-0.724365115334533
-0.547411913257378	-0.17940046965988	-0.258627603684237	0.0992030369106327	-0.142893932832324	-0.26846361966438	-0.725682018164939
-0.547786836307197	-0.176869943431349	-0.259392000777813	0.0977202644177785	-0.142754975191316	-0.264471282793705	-0.726978488926626
-0.548153127275364	-0.174334250760424	-0.260140557689271	0.096234785195064	-0.142608489947943	-0.260471590044126	-0.728254527619594
-0.548510786161877	-0.171793391647106	-0.260873274418609	0.0947465992424892	-0.142454477102203	-0.256464541415641	-0.729510134243841
-0.548859812966739	-0.169247366091396	-0.261590150965829	0.0932557065600542	-0.142292936654098	-0.252450136908252	-0.73074530879937
-0.549200207689947	-0.166696174093292	-0.26229118733093	0.0917621071477589	-0.142123868603627	-0.248428376521958	-0.731960051286179
-0.549531970331503	-0.164139815652795	-0.262976383513913	0.0902658010056033	-0.14194727295079	-0.24439926025676	-0.733154361704269
-0.549855100891407	-0.161578290769905	-0.263645739514776	0.0887667881335874	-0.141763149695587	-0.240362788112656	-0.734328240053639
-0.550169599369658	-0.159011599444621	-0.264299255333521	0.0872650685317112	-0.141571498838018	-0.236318960089648	-0.73548168633429
-0.550475465766256	-0.156439741676945	-0.264936930970147	0.0857606421999748	-0.141372320378083	-0.232267776187735	-0.736614700546221
-0.550772700081202	-0.153862717466876	-0.265558766424654	0.0842535091383781	-0.141165614315782	-0.228209236406917	-0.737727282689433
-0.551061302314495	-0.151280526814413	-0.266164761697043	0.0827436693469211	-0.140951380651116	-0.224143340747195	-0.738819432763925
-0.551341272466136	-0.148693169719558	-0.266754916787312	0.0812311228256038	-0.140729619384083	-0.220070089208567	-0.739891150769698
-0.551612610536124	-0.146100646182309	-0.267329231695463	0.0797158695744263	-0.140500330514685	-0.215989481791035	-0.740942436706752
-0.55187531652446	-0.143502956202667	-0.267887706421495	0.0781979095933884	-0.14026351404292	-0.211901518494598	-0.741973290575086
-0.552129390431143	-0.140900099780632	-0.268430340965408	0.0766772428824903	-0.14001916996879	-0.207806199319256	-0.742983712374701
-0.552374832256173	-0.138292076916204	-0.268957135327203	0.0751538694417319	-0.139767298292294	-0.20370352426501	-0.743973702105596
-0.552611641999551	-0.135678887609383	-0.269468089506878	0.0736277892711132	-0.139507899013432	-0.199593493331858	-0.744943259767772
-0.552839819661276	-0.133060531860169	-0.269963203504435	0.0720990023706343	-0.139240972132204	-0.195476106519802	-0.745892385361228
-0.553059365241349	-0.130437009668561	-0.270442477319873	0.070567508740295	-0.13896651764861	-0.191351363828841	-0.746821078885965
-0.553270278739769	-0.127808321034561	-0.270905910953193	0.0690333083800955	-0.13868453556265	-0.187219265258975	-0.747729340341982
-0.553472560156536	-0.125174465958167	-0.271353504404393	0.0674964012900358	-0.138395025874325	-0.183079810810205	-0.748617169729281
-0.553666209491651	-0.122535444439381	-0.271785257673475	0.0659567874701157	-0.138097988583633	-0.17893300048253	-0.749484567047859
-0.553851226745113	-0.119891256478201	-0.272201170760438	0.0644144669203353	-0.137793423690576	-0.174778834275949	-0.750331532297718
-0.554027611916923	-0.117241902074628	-0.272601243665282	0.0628694396406947	-0.137481331195152	-0.170617312190464	-0.751158065478858
-0.55419536500708	-0.114587381228662	-0.272985476388007	0.0613217056311938	-0.137161711097363	-0.166448434226075	-0.751964166591279
-0.554354486015585	-0.111927693940303	-0.273353868928614	0.0597712648918326	-0.136834563397208	-0.16227220038278	-0.75274983563498
-0.554504974942437	-0.109262840209551	-0.273706421287102	0.0582181174226111	-0.136499888094686	-0.158088610660581	-0.753515072609961
-0.554646831787637	-0.106592820036405	-0.274043133463471	0.0566622632235294	-0.136157685189799	-0.153897665059477	-0.754259877516223
-0.554780056551183	-0.103917633420867	-0.274364005457721	0.0551037022945874	-0.135807954682547	-0.149699363579468	-0.754984250353766
-0.554904649233078	-0.101237280362936	-0.274669037269852	0.0535424346357851	-0.135450696572928	-0.145493706220554	-0.755688191122589
-0.55502060983332	-0.098551760862611	-0.274958228899865	0.0519784602471225	-0.135085910860943	-0.141280692982736	-0.756371699822693
-0.555127938351909	-0.0958610749198933	-0.275231580347759	0.0504117791285996	-0.134713597546592	-0.137060323866013	-0.757034776454077
-0.555226634788845	-0.0931652225347826	-0.275489091613534	0.0488423912802165	-0.134333756629876	-0.132832598870385	-0.757677421016742
-0.555316699144129	-0.0904642037072786	-0.27573076269719	0.0472702967019731	-0.133946388110793	-0.128597517995852	-0.758299633510687
-0.555398131417761	-0.0877580184373816	-0.275956593598728	0.0456954953938694	-0.133551491989345	-0.124355081242414	-0.758901413935913
-0.55547093160974	-0.0850466667250916	-0.276166584318146	0.0441179873559054	-0.133149068265531	-0.120105288610072	-0.75948276229242
-0.555535099720066	-0.0823301485704083	-0.276360734855446	0.0425377725880811	-0.13273911693935	-0.115848140098825	-0.760043678580207
-0.55559063574874	-0.079608463973332	-0.276539045210628	0.0409548510903966	-0.132321638010804	-0.111583635708673	-0.760584162799275
-0.555637539695761	-0.0768816129338625	-0.27670151538369	0.0393692228628518	-0.131896631479892	-0.107311775439616	-0.761104214949623
-0.55567581156113	-0.0741495954520001	-0.276848145374633	0.0377808879054467	-0.131464097346614	-0.103032559291654	-0.761603835031252
-0.555705451344846	-0.0714124115277444	-0.276978935183458	0.0361898462181813	-0.131024035610971	-0.0987459872647878	-0.762083023044161
-0.555726459046909	-0.0686700611610957	-0.277093884810164	0.0345960978010557	-0.130576446272961	-0.0944520593590166	-0.762541778988351
-0.55573883466732	-0.0659225443520539	-0.277192994254751	0.0329996426540698	-0.130121329332585	-0.0901507755743408	-0.762980102863821
-0.555742578206078	-0.0631698611006189	-0.27727626351722	0.0314004807772236	-0.129658684789844	-0.0858421359107599	-0.763397994670573
-0.555737689663184	-0.0604120114067908	-0.27734369259757	0.0297986121705171	-0.129188512644736	-0.0815261403682744	-0.763795454408604
-0.555724169038637	-0.0576489952705696	-0.2773952814958	0.0281940368339503	-0.128710812897263	-0.077202788946884	-0.764172482077916
-0.555702016332438	-0.0548808126919555	-0.277431030211912	0.0265867547675233	-0.128225585547424	-0.072872081646589	-0.764529077678509
-0.555671231544585	-0.0521074636709481	-0.277450938745906	0.0249767659712359	-0.127732830595219	-0.068534018467389	-0.764865241210383
-0.555631814675081	-0.0493289482075476	-0.27745500709778	0.0233640704450883	-0.127232548040648	-0.0641885994092843	-0.765180972673537
-0.555583765723924	-0.046545266301754	-0.277443235267536	0.0217486681890804	-0.126724737883711	-0.0598358244722747	-0.765476272067971
-0.555527084691114	-0.0437564179535674	-0.277415623255173	0.0201305592032123	-0.126209400124408	-0.0554756936563606	-0.765751139393686
-0.555461771576652	-0.0409624031629877	-0.277372171060691	0.0185097434874839	-0.125686534762739	-0.0511082069615415	-0.766005574650682
-0.555387826380537	-0.0381632219300147	-0.27731287868409	0.0168862210418951	-0.125156141798704	-0.0467333643878176	-0.766239577838958
-0.555305249102769	-0.0353588742546487	-0.277237746125371	0.0152599918664461	-0.124618221232304	-0.042351165935189	-0.766453148958514
-0.555214039743349	-0.0325493601368896	-0.277146773384533	0.0136310559611368	-0.124072773063537	-0.0379616116036554	-0.766646288009352
-0.555114198302277	-0.0297346795767375	-0.277039960461575	0.0119994133259673	-0.123519797292405	-0.0335647013932172	-0.76681899499147
-0.555005724779551	-0.0269148325741922	-0.2769173073565	0.0103650639609374	-0.122959293918907	-0.0291604353038742	-0.766971269904868
-0.554888619175174	-0.0240898191292537	-0.276778814069305	0.00872800786604731	-0.122391262943042	-0.0247488133356263	-0.767103112749547
-0.554762881489144	-0.0212596392419222	-0.276624480599992	0.0070882450412969	-0.121815704364812	-0.0203298354884736	-0.767214523525507
-0.554628511721461	-0.0184242929121977	-0.27645430694856	0.00544577548668626	-0.121232618184216	-0.0159035017624163	-0.767305502232747
-0.554485509872125	-0.0155837801400799	-0.276268293115009	0.00380059920221529	-0.120642004401254	-0.011469812157454	-0.767376048871268
-0.554333875941137	-0.012738100925569	-0.276066439099339	0.00215271618788403	-0.120043863015926	-0.00702876667358701	-0.767426163441069
-0.554173609928496	-0.00988725526866518	-0.27584874490155	0.000502126443692574	-0.119438194028233	-0.00258036531081537	-0.767455845942151
-0.554004711834203	-0.00703124316936815	-0.275615210521643	-0.00115117003035924	-0.118824997438173	0.00187539193086136	-0.767465096374513
-0.553827181658258	-0.00417006462767802	-0.275365835959617	-0.00280717323427133	-0.118204273245747	0.00633850505144276	-0.767453914738156
-0.553641019400659	-0.00130371964359469	-0.275100621215472	-0.00446588316804371	-0.117576021450956	0.010808974050929	-0.767422301033079
-0.553446225061408	0.00156779178288155	-0.274819566289208	-0.00612729983167627	-0.116940242053799	0.0152867989293198	-0.767370255259283
-0.553242798640505	0.00444446965175102	-0.274522671180826	-0.00779142322516921	-0.116296935054275	0.0197719796866157	-0.767297777416768
-0.553030740137949	0.00732631396301361	-0.274209935890325	-0.00945825334852242	-0.115646100452386	0.0242645163228163	-0.767204867505534
-0.55281004955374	0.0102133247166692	-0.273881360417705	-0.0111277902017358	-0.114987738248131	0.0287644088379214	-0.767091525525579
-0.552580726887879	0.0131055019127179	-0.273536944762966	-0.0128000337848096	-0.11432184844151	0.0332716572319316	-0.766957751476906
-0.552342772140365	0.0160028455511599	-0.273176688926108	-0.0144749840977437	-0.113648431032523	0.0377862615048467	-0.766803545359512
-0.552096185311199	0.0189053556319949	-0.272800592907132	-0.016152641140538	-0.11296748602117	0.0423082216566664	-0.7666289071734
-0.55184096640038	0.0218130321552228	-0.272408656706037	-0.0178330049131925	-0.112279013407452	0.0468375376873907	-0.766433836918568
-0.551577115407908	0.0247258751208441	-0.272000880322823	-0.0195160754157074	-0.111583013191367	0.0513742095970201	-0.766218334595017
-0.551304632333784	0.0276438845288584	-0.27157726375749	-0.0212018526480826	-0.110879485372917	0.0559182373855543	-0.765982400202746
-0.551023517178007	0.0305670603792658	-0.271137807010038	-0.022890336610318	-0.1101684299521	0.0604696210529932	-0.765726033741755
-0.550733769940578	0.0334954026720662	-0.270682510080468	-0.0245815273024137	-0.109449846928918	0.0650283605993368	-0.765449235212046
-0.550435390621496	0.0364289114072598	-0.270211372968779	-0.0262754247243697	-0.10872373630337	0.0695944560245852	-0.765152004613617
-0.550128379220762	0.0393675865848465	-0.269724395674971	-0.0279720288761859	-0.107990098075455	0.0741679073287387	-0.764834341946468
-0.549812735738375	0.0423114282048264	-0.269221578199044	-0.0296713397578625	-0.107248932245175	0.0787487145117967	-0.7644962472106
-0.549488460174336	0.0452604362671992	-0.268702920540999	-0.0313733573693993	-0.10650023881253	0.0833368775737594	-0.764137720406013
-0.549155552528643	0.0482146107719652	-0.268168422700834	-0.0330780817107964	-0.105744017777518	0.0879323965146271	-0.763758761532706
-0.548814012801299	0.0511739517191243	-0.267618084678551	-0.0347855127820537	-0.10498026914014	0.0925352713343995	-0.76335937059068
-0.548463840992301	0.0541384591086765	-0.26705190647415	-0.0364956505831714	-0.104208992900396	0.0971455020330767	-0.762939547579934
-0.548105037101652	0.0571081329406219	-0.266469888087629	-0.0382084951141494	-0.103430189058287	0.101763088610659	-0.762499292500469
-0.547737601129349	0.0600829732149603	-0.265872029518989	-0.0399240463749876	-0.102643857613811	0.106388031067146	-0.762038605352284
-0.547361533075394	0.0630629799316919	-0.265258330768231	-0.0416423043656861	-0.10184999856697	0.111020329402537	-0.76155748613538
-0.546976832939787	0.0660481530908165	-0.264628791835354	-0.0433632690862449	-0.101048611917762	0.115659983616834	-0.761055934849756
-0.546583500722527	0.0690384926923342	-0.263983412720359	-0.0450869405366639	-0.100239697666189	0.120306993710035	-0.760533951495413
-0.546181536423614	0.0720339987362451	-0.263322193423244	-0.0468133187169432	-0.0994232558122502	0.124961359682141	-0.759991536072351
-0.545770940043049	0.075034671222549	-0.262645133944011	-0.0485424036270828	-0.0985992863559452	0.129623081533152	-0.759428688580569
-0.545351711580831	0.078040510151246	-0.261952234282658	-0.0502741952670828	-0.0977677892972743	0.134292159263067	-0.758845409020068
-0.54492385103696	0.0810515155223362	-0.261243494439188	-0.0520086936369429	-0.0969287646362374	0.138968592871887	-0.758241697390847
-0.544487358411437	0.0840676873358195	-0.260518914413598	-0.0537458987366634	-0.0960822123728347	0.143652382359613	-0.757617553692907
-0.544042233704262	0.0870890255916959	-0.259778494205889	-0.0554858105662441	-0.095228132507066	0.148343527726243	-0.756972977926248
-0.543588476915434	0.0901155302899653	-0.259022233816062	-0.0572284291256851	-0.0943665250389315	0.153042028971777	-0.756307970090869
-0.543126088044953	0.0931472014306279	-0.258250133244116	-0.0589737544149864	-0.093497389968431	0.157747886096217	-0.755622530186771
-0.54265506709282	0.0961840390136835	-0.257462192490051	-0.0607217864341479	-0.0926207272955647	0.162461099099561	-0.754916658213953
-0.542175414059034	0.0992260430391324	-0.256658411553867	-0.0624725251831698	-0.0917365370203325	0.16718166798181	-0.754190354172416
-0.541687128943595	0.102273213506974	-0.255838790435565	-0.0642259706620519	-0.0908448191427343	0.171909592742964	-0.753443618062159
-0.541190211746504	0.105325550417209	-0.255003329135144	-0.0659821228707944	-0.0899455736627702	0.176644873383023	-0.752676449883182
-0.540684662467761	0.108383053769837	-0.254152027652604	-0.0677409818093971	-0.0890388005804402	0.181387509901986	-0.751888849635487
-0.540170481107364	0.111445723564859	-0.253284885987945	-0.06950254747786	-0.0881244998957443	0.186137502299855	-0.751080817319072
-0.539647667665316	0.114513559802273	-0.252401904141167	-0.0712668198761832	-0.0872026716086825	0.190894850576628	-0.750252352933938
-0.539116222141615	0.11758656248208	-0.251503082112271	-0.0730337990043667	-0.0862733157192549	0.195659554732305	-0.749403456480084
-0.538576144536261	0.120664731604281	-0.250588419901256	-0.0748034848624105	-0.0853364322274613	0.200431614766888	-0.74853412795751
-0.538027434849254	0.123748067168874	-0.249657917508122	-0.0765758774503146	-0.0843920211333017	0.205211030680376	-0.747644367366218
-0.537470093080595	0.126836569175861	-0.248711574932869	-0.078350976768079	-0.0834400824367763	0.209997802472768	-0.746734174706205
-0.536904119230283	0.129930237625241	-0.247749392175498	-0.0801287828157037	-0.082480616137885	0.214791930144065	-0.745803549977473
-0.536329513298319	0.133029072517014	-0.246771369236007	-0.0819092955931886	-0.0815136222366277	0.219593413694267	-0.744852493180023
-0.535746275284702	0.13613307385118	-0.245777506114398	-0.0836925151005337	-0.0805391007330046	0.224402253123373	-0.743881004313852
-0.535154405189433	0.139242241627739	-0.24476780281067	-0.0854784413377392	-0.0795570516270156	0.229218448431385	-0.742889083378962
-0.534553903012511	0.142356575846691	-0.243742259324824	-0.0872670743048049	-0.0785674749186607	0.234041999618301	-0.741876730375353
-0.533944768753937	0.145476076508037	-0.242700875656858	-0.089058414001731	-0.0775703706079398	0.238872906684122	-0.740843945303024
-0.53332700241371	0.148600743611775	-0.241643651806774	-0.0908524604285173	-0.076565738694853	0.243711169628848	-0.739790728161976
-0.53270060399183	0.151730577157907	-0.240570587774571	-0.0926492135851639	-0.0755535791794004	0.248556788452478	-0.738717078952208
-0.532065573488298	0.154865577146431	-0.239481683560249	-0.0944486734716708	-0.0745338920615818	0.253409763155014	-0.737622997673721
-0.531421910903113	0.158005743577349	-0.238376939163809	-0.0962508400880379	-0.0735066773413973	0.258270093736454	-0.736508484326515
-0.530769616236276	0.16115107645066	-0.237256354585249	-0.0980557134342654	-0.0724719350188469	0.263137780196799	-0.735373538910589
-0.530108689487786	0.164301575766364	-0.236119929824571	-0.099863293510353	-0.0714296650939307	0.268012822536048	-0.734218161425943
-0.529439130657643	0.167457241524461	-0.234967664881774	-0.101673580316301	-0.0703798675666485	0.272895220754203	-0.733042351872578
-0.528760939745848	0.170618073724951	-0.233799559756858	-0.103486573852109	-0.0693225424370004	0.277784974851262	-0.731846110250494
-0.528074116752401	0.173784072367834	-0.232615614449824	-0.105302274117778	-0.0682576897049864	0.282682084827227	-0.73062943655969
-0.5273786616773	0.176955237453111	-0.23141582896067	-0.107120681113307	-0.0671853093706064	0.287586550682095	-0.729392330800167
-0.526674574520548	0.18013156898078	-0.230200203289398	-0.108941794838696	-0.0661054014338606	0.292498372415869	-0.728134792971925
-0.525961855282142	0.183313066950843	-0.228968737436007	-0.110765615293945	-0.0650179658947488	0.297417550028548	-0.726856823074963
-0.525240503962084	0.186499731363298	-0.227721431400498	-0.112592142479055	-0.0639230027532713	0.302344083520131	-0.725558421109281
-0.524510520560374	0.189691562218147	-0.226458285182869	-0.114421376394025	-0.0628205120094277	0.307277972890619	-0.724239587074881
-0.523771905077011	0.192888559515389	-0.225179298783122	-0.116253317038855	-0.0617104936632183	0.312219218140012	-0.72290032097176
-0.523024657511995	0.196090723255024	-0.223884472201256	-0.118087964413546	-0.060592947714643	0.317167819268309	-0.72154062279992
-0.522268777865327	0.199298053437052	-0.222573805437271	-0.119925318518096	-0.0594678741637017	0.322123776275512	-0.720160492559361
-0.521504266137006	0.202510550061474	-0.221247298491168	-0.121765379352507	-0.0583352730103945	0.327087089161619	-0.718759930250082
-0.520731122327032	0.205728213128288	-0.219904951362945	-0.123608146916779	-0.0571951442547214	0.332057757926631	-0.717338935872085
-0.519949346435407	0.208951042637495	-0.218546764052604	-0.12545362121091	-0.0560474878966825	0.337035782570548	-0.715897509425367
-0.519158938462128	0.212179038589096	-0.217172736560144	-0.127301802234902	-0.0548923039362776	0.342021163093369	-0.71443565090993
-0.518359898407197	0.21541220098309	-0.215782868885565	-0.129152689988754	-0.0537295923735068	0.347013899495096	-0.712953360325773
-0.517552226270613	0.218650529819476	-0.214377161028868	-0.131006284472467	-0.0525593532083702	0.352013991775727	-0.711450637672898
-0.516735922052377	0.221894025098256	-0.212955612990051	-0.13286258568604	-0.0513815864408675	0.357021439935263	-0.709927482951303
-0.515910985752488	0.225142686819429	-0.211518224769116	-0.134721593629473	-0.050196292070999	0.362036243973704	-0.708383896160988
-0.515077417370947	0.228396514982995	-0.210064996366062	-0.136583308302766	-0.0490034700987646	0.36705840389105	-0.706819877301954
-0.514235216907753	0.231655509588954	-0.20859592778089	-0.138447729705919	-0.0478031205241643	0.3720879196873	-0.7052354263742
-0.513384384362906	0.234919670637307	-0.207111019013598	-0.140314857838933	-0.0465952433471981	0.377124791362455	-0.703630543377727
-0.512524919736407	0.238188998128052	-0.205610270064188	-0.142184692701807	-0.0453798385678659	0.382169018916515	-0.702005228312535
-0.511656823028255	0.24146349206119	-0.204093680932659	-0.144057234294542	-0.0441569061861679	0.38722060234948	-0.700359481178623
-0.510780094238451	0.244743152436722	-0.202561251619011	-0.145932482617137	-0.0429264462021039	0.392279541661349	-0.698693301975992
-0.509894733366994	0.248027979254647	-0.201012982123244	-0.147810437669592	-0.0416884586156741	0.397345836852124	-0.697006690704641
-0.509000740413885	0.251317972514964	-0.199448872445359	-0.149691099451907	-0.0404429434268784	0.402419487921803	-0.695299647364571
-0.508098115379123	0.254613132217675	-0.197868922585355	-0.151574467964082	-0.0391899006357167	0.407500494870387	-0.693572171955781
-0.507186858262708	0.257913458362779	-0.196273132543232	-0.153460543206118	-0.0379293302421892	0.412588857697875	-0.691824264478272
-0.506266969064641	0.261218950950276	-0.19466150231899	-0.155349325178014	-0.0366612322462957	0.417684576404269	-0.690055924932044
-0.505338447784921	0.264529609980167	-0.19303403191263	-0.157240813879771	-0.0353856066480363	0.422787650989567	-0.688267153317096
-0.504401294423549	0.26784543545245	-0.19139072132415	-0.159135009311387	-0.034102453447411	0.42789808145377	-0.686457949633429
-0.503455508980524	0.271166427367126	-0.189731570553552	-0.161031911472864	-0.0328117726444198	0.433015867796878	-0.684628313881042
-0.502501091455847	0.274492585724196	-0.188056579600835	-0.162931520364201	-0.0315135642390628	0.438141010018891	-0.682778246059936
-0.501538041849517	0.277823910523658	-0.186365748466	-0.164833835985399	-0.0302078282313398	0.443273508119808	-0.68090774617011
-0.500566360161534	0.281160401765514	-0.184659077149045	-0.166738858336456	-0.0288945646212508	0.448413362099631	-0.679016814211565
-0.499586046391899	0.284502059449763	-0.182936565649972	-0.168646587417375	-0.027573773408796	0.453560571958358	-0.677105450184301
-0.498597100540611	0.287848883576405	-0.181198213968779	-0.170557023228153	-0.0262454545939753	0.45871513769599	-0.675173654088316
-0.497599522607671	0.29120087414544	-0.179444022105469	-0.172470165768792	-0.0249096081767887	0.463877059312526	-0.673221425923613
-0.496593312593078	0.294558031156868	-0.177673990060039	-0.17438601503929	-0.0235662341572361	0.469046336807968	-0.671248765690191
-0.495578470496832	0.297920354610689	-0.17588811783249	-0.17630457103965	-0.0222153325353177	0.474222970182314	-0.669255673388048
-0.494554996318934	0.301287844506904	-0.174086405422823	-0.178225833769869	-0.0208569033110334	0.479406959435565	-0.667242149017187
-0.493522890059384	0.304660500845511	-0.172268852831037	-0.180149803229949	-0.0194909464843831	0.484598304567721	-0.665208192577605
-0.492482151718181	0.308038323626512	-0.170435460057133	-0.182076479419889	-0.018117462055367	0.489797005578781	-0.663153804069305
-0.491432781295325	0.311421312849905	-0.168586227101109	-0.184005862339689	-0.0167364500239849	0.495003062468747	-0.661078983492285
-0.490374778790816	0.314809468515692	-0.166721153962966	-0.18593795198935	-0.0153479103902369	0.500216475237617	-0.658983730846546
-0.489308144204655	0.318202790623872	-0.164840240642706	-0.18787274836887	-0.0139518431541231	0.505437243885392	-0.656868046132087
-0.488232877536842	0.321601279174445	-0.162943487140325	-0.189810251478252	-0.0125482483156432	0.510665368412072	-0.654731929348908
-0.487148978787376	0.325004934167411	-0.161030893455827	-0.191750461317493	-0.0111371258747976	0.515900848817656	-0.65257538049701
-0.486056447956257	0.32841375560277	-0.159102459589209	-0.193693377886595	-0.00971847583158603	0.521143685102145	-0.650398399576393
-0.484955285043486	0.331827743480522	-0.157158185540473	-0.195639001185556	-0.00829229818600857	0.526393877265539	-0.648200986587057
-0.483845490049062	0.335246897800668	-0.155198071309618	-0.197587331214379	-0.00685859293806512	0.531651425307838	-0.645983141529001
-0.482727062972986	0.338671218563206	-0.153222116896644	-0.199538367973061	-0.00541736008775578	0.536916329229042	-0.643744864402226
-0.481600003815257	0.342100705768138	-0.151230322301551	-0.201492111461604	-0.00396859963508062	0.542188589029151	-0.64148615520673
-0.480464312575875	0.345535359415463	-0.14922268752434	-0.203448561680007	-0.00251231158003945	0.547468204708164	-0.639207013942516
-0.479319989254841	0.348975179505181	-0.14719921256501	-0.20540771862827	-0.0010484959226324	0.552755176266082	-0.636907440609582
-0.478167033852155	0.352420166037291	-0.145159897423561	-0.207369582306394	0.000422847337140486	0.558049503702905	-0.634587435207929
-0.477005446367816	0.355870319011795	-0.143104742099993	-0.209334152714378	0.00190171819927931	0.563351187018633	-0.632246997737557
-0.475835226801824	0.359325638428693	-0.141033746594306	-0.211301429852222	0.00338811666378402	0.568660226213265	-0.629886128198465
-0.474656375154179	0.362786124287983	-0.138946910906501	-0.213271413719927	0.00488204273065468	0.573976621286802	-0.627504826590653
-0.473468891424882	0.366251776589666	-0.136844235036577	-0.215244104317491	0.00638349639989128	0.579300372239244	-0.625103092914122
-0.472272775613933	0.369722595333743	-0.134725718984534	-0.217219501644916	0.00789247767149376	0.584631479070591	-0.622680927168872
-0.471068027721331	0.373198580520212	-0.132591362750372	-0.219197605702202	0.00940898654546213	0.589969941780843	-0.620238329354902
-0.469854647747076	0.376679732149075	-0.130441166334091	-0.221178416489347	0.0109330230217964	0.595315760369999	-0.617775299472213
-0.468632635691169	0.38016605022033	-0.128275129735692	-0.223161934006353	0.0124645871004965	0.600668934838061	-0.615291837520804
-0.467401991553609	0.383657534733979	-0.126093252955174	-0.225148158253219	0.0140036787815626	0.606029465185027	-0.612787943500676
-0.466162715334397	0.387154185690021	-0.123895535992537	-0.227137089229946	0.0155502980649946	0.611397351410897	-0.610263617411828
-0.464914807033532	0.390656003088456	-0.121681978847781	-0.229128726936532	0.0171044449507926	0.616772593515673	-0.607718859254262
-0.463658266651014	0.394162986929284	-0.119452581520907	-0.231123071372979	0.0186661194389564	0.622155191499353	-0.605153669027975
-0.462393094186844	0.397675137212506	-0.117207344011914	-0.233120122539287	0.0202353215294861	0.627545145361939	-0.602568046732969
-0.461119289641021	0.40119245393812	-0.114946266320802	-0.235119880435454	0.0218120512223817	0.632942455103429	-0.599961992369244
-0.459836853013546	0.404714937106128	-0.112669348447571	-0.237122345061482	0.0233963085176432	0.638347120723823	-0.597335505936799
-0.458545784304418	0.408242586716528	-0.110376590392221	-0.23912751641737	0.0249880934152705	0.643759142223123	-0.594688587435635
-0.457246083513638	0.411775402769322	-0.108067992154753	-0.241135394503118	0.0265874059152639	0.649178519601327	-0.592021236865751
-0.455937750641205	0.415313385264509	-0.105743553735166	-0.243145979318727	0.0281942460176232	0.654605252858437	-0.589333454227149
-0.454620785687119	0.418856534202089	-0.103403275133459	-0.245159270864196	0.0298086137223484	0.66003934199445	-0.586625239519826
-0.453295188651381	0.422404849582062	-0.101047156349635	-0.247175269139525	0.0314305090294394	0.665480787009369	-0.583896592743784
-0.45196095953399	0.425958331404428	-0.0986751973836915	-0.249193974144715	0.0330599319388963	0.670929587903193	-0.581147513899023
-0.450618098334947	0.429516979669187	-0.0962873982356289	-0.251215385879764	0.0346968824507192	0.676385744675921	-0.578378002985542
-0.449266605054251	0.433080794376339	-0.0938837589054478	-0.253239504344675	0.0363413605649081	0.681849257327554	-0.575588060003342
-0.447906479691903	0.436649775525884	-0.0914642793931479	-0.255266329539445	0.0379933662814627	0.687320125858092	-0.572777684952422
-0.446537722247902	0.440223923117823	-0.0890289596987295	-0.257295861464075	0.0396528996003832	0.692798350267535	-0.569946877832783
-0.445160332722248	0.443803237152155	-0.0865777998221917	-0.259328100118566	0.0413199605216697	0.698283930555882	-0.567095638644424
-0.443774311114942	0.447387717628879	-0.0841107997635355	-0.261363045502918	0.0429945490453221	0.703776866723134	-0.564223967387347
-0.442379657425983	0.450977364547997	-0.0816279595227605	-0.263400697617129	0.0446766651713404	0.709277158769292	-0.561331864061549
-0.440976371655372	0.454572177909508	-0.0791292790998666	-0.265441056461201	0.0463663088997247	0.714784806694354	-0.558419328667032
-0.439564453803108	0.458172157713412	-0.076614758494854	-0.267484122035133	0.0480634802304747	0.72029981049832	-0.555486361203796
-0.438143903869192	0.461777303959709	-0.0740843977077226	-0.269529894338925	0.0497681791635907	0.725822170181191	-0.552532961671841
-0.436714721853623	0.4653876166484	-0.0715381967384723	-0.271578373372578	0.0514804056990728	0.731351885742968	-0.549559130071166
-0.435276907756401	0.469003095779483	-0.0689761555871033	-0.27362955913609	0.0532001598369206	0.736888957183649	-0.546564866401771
-0.433830461577527	0.472623741352959	-0.0663982742536156	-0.275683451629464	0.0549274415771343	0.742433384503235	-0.543550170663657
-0.432375383317	0.476249553368829	-0.0638045527380089	-0.277740050852697	0.0566622509197139	0.747985167701725	-0.540515042856824
-0.430911672974821	0.479880531827092	-0.0611949910402836	-0.279799356805791	0.0584045878646595	0.753544306779121	-0.53745948298127
-0.429439330550989	0.483516676727747	-0.0585695891604396	-0.281861369488744	0.0601544524119709	0.759110801735421	-0.534383491036999
-0.427958356045504	0.487157988070796	-0.0559283470984766	-0.283926088901559	0.0619118445616483	0.764684652570626	-0.531287067024007
-0.426468749458367	0.490804465856238	-0.0532712648543947	-0.285993515044233	0.0636767643136915	0.770265859284736	-0.528170210942295
-0.424970510789578	0.494456110084073	-0.0505983424281944	-0.288063647916768	0.0654492116681007	0.77585442187775	-0.525032922791865
-0.423463640039136	0.498112920754301	-0.0479095798198752	-0.290136487519163	0.0672291866248758	0.781450340349669	-0.521875202572715
-0.421948137207041	0.501774897866923	-0.0452049770294369	-0.292212033851418	0.0690166891840168	0.787053614700494	-0.518697050284845
-0.420424002293293	0.505442041421937	-0.04248453405688	-0.294290286913534	0.0708117193455238	0.792664244930223	-0.515498465928256
-0.418891235297894	0.509114351419344	-0.0397482509022045	-0.29637124670551	0.0726142771093964	0.798282231038856	-0.512279449502948
-0.417349836220841	0.512791827859145	-0.03699612756541	-0.298454913227346	0.0744243624756352	0.803907573026395	-0.509040001008921
-0.415799805062136	0.516474470741339	-0.034228164046497	-0.300541286479043	0.0762419754442398	0.809540270892838	-0.505780120446173
-0.414241141821778	0.520162280065926	-0.0314443603454648	-0.302630366460599	0.0780671160152103	0.815180324638186	-0.502499807814707
-0.412673846499768	0.523855255832906	-0.028644716462314	-0.304722153172016	0.0798997841885467	0.820827734262439	-0.499199063114521
-0.411097919096105	0.527553398042279	-0.0258292323970446	-0.306816646613294	0.081739979964249	0.826482499765597	-0.495877886345615
-0.40951335961079	0.531256706694045	-0.0229979081496561	-0.308913846784431	0.0835877033423174	0.83214462114766	-0.49253627750799
-0.407920168043822	0.534965181788204	-0.0201507437201491	-0.311013753685429	0.0854429543227513	0.837814098408626	-0.489174236601646
-0.406318344395201	0.538678823324756	-0.0172877391085231	-0.313116367316287	0.0873057329055514	0.843490931548499	-0.485791763626582
-0.404707888664928	0.542397631303702	-0.0144088943147784	-0.315221687677006	0.0891760390907174	0.849175120567275	-0.482388858582799
-0.403088800853002	0.54612160572504	-0.0115142093389149	-0.317329714767584	0.0910538728782493	0.854866665464957	-0.478965521470296
-0.401461080959424	0.549850746588772	-0.00860368418093227	-0.319440448588023	0.0929392342681472	0.860565566241544	-0.475521752289074
-0.399824728984194	0.553585053894897	-0.00567731884083122	-0.321553889138323	0.0948321232604108	0.866271822897035	-0.472057551039132
-0.39817974492731	0.557324527643415	-0.00273511331861132	-0.323670036418482	0.0967325398550404	0.871985435431431	-0.468572917720471
-0.396526128788774	0.561069167834326	0.000222932385727459	-0.325788890428502	0.0986404840520359	0.877706403844732	-0.465067852333091
-0.394863880568586	0.564818974467629	0.00319681827218443	-0.327910451168382	0.100555955851397	0.883434728136937	-0.461542354876991
-0.393193000266744	0.568573947543327	0.00618654434076094	-0.330034718638123	0.102478955253124	0.889170408308048	-0.457996425352172
-0.391513487883251	0.572334087061417	0.00919211059145586	-0.332161692837723	0.104409482257218	0.894913444358063	-0.454430063758633
-0.389825343418105	0.5760993930219	0.0122135170242696	-0.334291373767184	0.106347536863677	0.900663836286983	-0.450843270096375
-0.388128566871306	0.579869865424777	0.0152507636392023	-0.336423761426505	0.108293119072502	0.906421584094808	-0.447236044365398
-0.386423158242854	0.583645504270046	0.0183038504362536	-0.338558855815687	0.110246228883693	0.912186687781537	-0.443608386565701
-0.38470911753275	0.587426309557709	0.021372777415424	-0.340696656934729	0.11220686629725	0.917959147347172	-0.439960296697284
-0.382986444740994	0.591212281287765	0.0244575445767126	-0.342837164783631	0.114175031313172	0.923738962791711	-0.436291774760148
-0.381255139867585	0.595003419460214	0.0275581519201205	-0.344980379362393	0.116150723931461	0.929526134115155	-0.432602820754293
-0.379515202912523	0.598799724075056	0.0306745994456472	-0.347126300671016	0.118133944152115	0.935320661317504	-0.428893434679718
-0.377766633875809	0.602601195132291	0.0338068871532924	-0.349274928709499	0.120124691975136	0.941122544398757	-0.425163616536424
-0.376009432757442	0.606407832631919	0.0369550150430564	-0.351426263477842	0.122122967400522	0.946931783358916	-0.42141336632441
-0.374243599557422	0.610219636573941	0.0401189831149396	-0.353580304976045	0.124128770428275	0.952748378197979	-0.417642684043677
-0.37246913427575	0.614036606958355	0.0432987913689411	-0.355737053204109	0.126142101058393	0.958572328915947	-0.413851569694224
-0.370686036912426	0.617858743785162	0.0464944398050617	-0.357896508162033	0.128162959290877	0.96440363551282	-0.410040023276052
-0.368894307467449	0.621686047054363	0.0497059284233008	-0.360058669849817	0.130191345125727	0.970242297988597	-0.406208044789161
-0.367093945940819	0.625518516765956	0.0529332572236589	-0.362223538267462	0.132227258562943	0.976088316343279	-0.40235563423355
-0.365284952332537	0.629356152919943	0.0561764262061357	-0.364391113414967	0.134270699602524	0.981941690576866	-0.39848279160922
-0.363467326642602	0.633198955516323	0.0594354353707311	-0.366561395292332	0.136321668244472	0.987802420689358	-0.394589516916171
-0.361641068871014	0.637046924555096	0.0627102847174457	-0.368734383899557	0.138380164488786	0.993670506680755	-0.390675810154401
-0.359806179017774	0.640900060036263	0.066000974246279	-0.370910079236643	0.140446188335465	0.999545948551056	-0.386741671323913
-0.357962657082882	0.644758361959822	0.0693075039572311	-0.373088481303589	0.142519739784511	1.00542874630026	-0.382787100424705
-0.356110503066337	0.648621830325774	0.0726298738503015	-0.375269590100395	0.144600818835922	1.01131889992837	-0.378812097456778
-0.354249716968139	0.652490465134119	0.075968083925491	-0.377453405627061	0.146689425489699	1.01721640943539	-0.374816662420131
-0.352380298788288	0.656364266384858	0.0793221341827994	-0.379639927883588	0.148785559745842	1.02312127482131	-0.370800795314764
-0.350502248526786	0.66024323407799	0.0826920246222267	-0.381829156869975	0.150889221604351	1.02903349608614	-0.366764496140679
-0.348618131793374	0.664062187525716	0.0860389080808349	-0.383983970686401	0.15297259820876	1.03485290085964	-0.362732730559698
-0.346730573183501	0.667756532504034	0.0893241959138776	-0.386067583126846	0.155008088833124	1.0404802222543	-0.358730393040096
-0.344839661175731	0.671327148708633	0.0925482758986405	-0.388080497732006	0.156996011673231	1.04591681849417	-0.354757376791546
-0.342945484248626	0.674774915835207	0.0957115358124093	-0.39002321804258	0.158936684924865	1.05116404780329	-0.350813575023721
-0.341048130880746	0.678100713579446	0.09881436343247	-0.391896247599266	0.160830426783813	1.05622326840571	-0.346898880946293
-0.339147689550654	0.681305421637042	0.101857146536108	-0.393700089942763	0.162677555445858	1.06109583852548	-0.343013187768936
-0.337244248736913	0.684389919703686	0.10484027290061	-0.395435248613768	0.164478389106788	1.06578311638665	-0.339156388701323
-0.335337896918082	0.687355087475071	0.107764130303261	-0.39710222715298	0.166233245962388	1.07028646021327	-0.335328376953127
-0.333428722572725	0.690201804646887	0.110629106521348	-0.398701529101097	0.167942444208442	1.07460722822939	-0.33152904573402
-0.331516814179404	0.692930950914826	0.113435589332155	-0.400233657998818	0.169606302040737	1.07874677865905	-0.327758288253676
-0.329602260216679	0.69554340597458	0.116183966512969	-0.401699117386839	0.171225137655058	1.0827064697263	-0.324015997721768
-0.327685149163114	0.698040049521841	0.118874625841076	-0.403098410805861	0.172799269247191	1.08648765965519	-0.320302067347969
-0.325765569497269	0.700421761252299	0.121507955093762	-0.40443204179658	0.174329015012921	1.09009170666978	-0.316616390341952
-0.323843609697707	0.702689420861647	0.124084342048312	-0.405700513899695	0.175814693148034	1.0935199689941	-0.31295885991339
-0.32191935824299	0.704843908045575	0.126604174482012	-0.406904330655905	0.177256621848315	1.09677380485221	-0.309329369271956
-0.319992903611679	0.706886102499776	0.129067840172148	-0.408043995605907	0.17865511930955	1.09985457246816	-0.305727811627323
-0.318064334282336	0.708816883919941	0.131475726896005	-0.4091200122904	0.180010503727524	1.10276363006599	-0.302154080189164
-0.316133738733523	0.710637132001762	0.133828222430871	-0.410132884250081	0.181323093298023	1.10550233586976	-0.298608068167152
-0.314201205443803	0.71234772644093	0.13612571455403	-0.41108311502565	0.182593206216832	1.10807204810351	-0.29508966877096
-0.312266822891735	0.713949546933136	0.138368591042769	-0.411971208157804	0.183821160679737	1.11047412499129	-0.291598775210261
-0.310330679555884	0.715443473174073	0.140557239674372	-0.412797667187241	0.185007274882523	1.11270992475715	-0.288135280694729
-0.30839286391481	0.716830384859431	0.142692048226127	-0.41356299565466	0.186151867020976	1.11478080562514	-0.284699078434035
-0.306453464447075	0.718111161684903	0.144773404475319	-0.414267697100759	0.187255255290882	1.1166881258193	-0.281290061637854
-0.304512569631241	0.719286683346179	0.146801696199233	-0.414912275066236	0.188317757888025	1.11843324356369	-0.277908123515857
-0.302570267945871	0.720357829538952	0.148777311175156	-0.415497233091789	0.189339693008192	1.12001751708235	-0.27455315727772
-0.300626647869525	0.721325479958913	0.150700637180373	-0.416023074718117	0.190321378847168	1.12144230459934	-0.271225056133113
-0.298681797880766	0.722190514301754	0.152572061992171	-0.416490303485917	0.191263133600739	1.12270896433869	-0.26792371329171
-0.296735806458155	0.722953812263165	0.154391973387835	-0.416899422935888	0.192165275464689	1.12381885452447	-0.264649021963185
-0.294788762080255	0.723616253538839	0.15616075914465	-0.417250936608728	0.193028122634805	1.12477333338071	-0.261400875357211
-0.292840753225627	0.724178717824467	0.157878807039903	-0.417545348045136	0.193851993306872	1.12557375913147	-0.258179166683459
-0.290891868372833	0.724642084815741	0.15954650485088	-0.417783160785809	0.194637205676676	1.1262214900008	-0.254983789151604
-0.288942196000434	0.725007234208352	0.161164240354867	-0.417964878371446	0.195384077940002	1.12671788421274	-0.251814635971318
-0.286991824586994	0.725275045697992	0.162732401329148	-0.418091004342744	0.196092928292635	1.12706429999134	-0.248671600352275
-0.285040842611073	0.725446398980352	0.164251375551011	-0.418162042240403	0.196764074930362	1.12726209556065	-0.245554575504147
-0.283089338551234	0.725522173751124	0.16572155079774	-0.41817849560512	0.197397836048967	1.12731262914473	-0.242463454636608
-0.281137400886037	0.725503249706	0.167143314846623	-0.418140867977593	0.197994529844236	1.12721725896761	-0.23939813095933
-0.279185118094046	0.72539050654067	0.168517055474944	-0.418049662898522	0.198554474511956	1.12697734325335	-0.236358497681987
-0.277232578653822	0.725184823950827	0.169843160459989	-0.417905383908603	0.19907798824791	1.12659424022599	-0.233344448014252
-0.275279871043927	0.724887081632162	0.171122017579045	-0.417708534548535	0.199565389247885	1.12606930810959	-0.230355875165796
-0.273327083742922	0.724498159280367	0.172354014609396	-0.417459618359016	0.200016995707667	1.1254039051282	-0.227392672346295
-0.27137430522937	0.724018936591132	0.17353953932833	-0.417159138880745	0.20043312582304	1.12459938950585	-0.22445473276542
-0.269421623981832	0.723450293260151	0.174678979513131	-0.41680759965442	0.200814097789791	1.1236571194666	-0.221541949632845
-0.267469128478871	0.722793108983114	0.175772722941086	-0.416405504220739	0.201160229803704	1.12257845323451	-0.218654216158242
-0.265516907199047	0.722048263455712	0.176821157389481	-0.4159533561204	0.201471840060566	1.12136474903361	-0.215791425551286
-0.263565048620923	0.721216636373638	0.177824670635601	-0.415451658894101	0.201749246756162	1.12001736508795	-0.212953471021647
-0.261613641223061	0.720299107432583	0.178783650456732	-0.41490091608254	0.201992768086277	1.11853765962159	-0.210140245779001
-0.259662773484023	0.719296556328238	0.17969848463016	-0.414301631226417	0.202202722246697	1.11692699085857	-0.20735164303302
-0.25771253388237	0.718209862756295	0.18056956093317	-0.413654307866428	0.202379427433208	1.11518671702295	-0.204587555993376
-0.255763010896664	0.717039906412446	0.18139726714305	-0.412959449543272	0.202523201841594	1.11331819633876	-0.201847877869743
-0.253814293005467	0.715787566992382	0.182181991037083	-0.412217559797648	0.202634363667642	1.11132278703007	-0.199132501871794
-0.251866468687342	0.714453724191794	0.182924120392558	-0.411429142170253	0.202713231107138	1.10920184732091	-0.196441321209202
-0.249919626420849	0.713039257706375	0.183624042986758	-0.410594700201786	0.202760122355865	1.10695673543534	-0.19377422909164
-0.24797385468455	0.711545047231815	0.18428214659697	-0.409714737432945	0.202775355609611	1.1045888095974	-0.19113111872878
-0.246029241957008	0.709971972463807	0.18489881900048	-0.408789757404428	0.202759249064161	1.10209942803115	-0.188511883330297
-0.244085876716785	0.708320913098041	0.185474447974574	-0.407820263656934	0.202712120915299	1.09948994896062	-0.185916416105863
-0.242143847442442	0.70659274883021	0.186009421296537	-0.40680675973116	0.202634289358812	1.09676173060988	-0.18334461026515
-0.24020324261254	0.704788359356005	0.186504126743656	-0.405749749167805	0.202526072590486	1.09391613120297	-0.180796359017833
-0.238264150705643	0.702908624371117	0.186958952093216	-0.404649735507566	0.202387788806105	1.09095450896394	-0.178271555573584
-0.236326660200311	0.700954423571238	0.187374285122502	-0.403507222291143	0.202219756201455	1.08787822211683	-0.175770093142076
-0.234390859575107	0.69892663665206	0.187750513608802	-0.402322713059233	0.202022292972322	1.08468862888569	-0.173291864932982
-0.232456837308592	0.696826143309274	0.1880880253294	-0.401096711352535	0.201795717314491	1.08138708749458	-0.170836764155975
-0.230524681879328	0.694653823238571	0.188387208061583	-0.399829720711747	0.201540347423749	1.07797495616755	-0.168404684020728
-0.228594481765878	0.692410556135644	0.188648449582636	-0.398522244677566	0.201256501495879	1.07445359312863	-0.165995517736915
-0.226666325446802	0.690097221696184	0.188872137669845	-0.397174786790692	0.200944497726668	1.07082435660188	-0.163609158514207
-0.224740301400663	0.687714699615881	0.189058660100497	-0.395787850591822	0.200604654311902	1.06708860481135	-0.161245499562279
-0.222816498106023	0.685263869590429	0.189208404651876	-0.394361939621655	0.200237289447365	1.06324769598109	-0.158904434090803
-0.220895004041443	0.682745611315518	0.189321759101269	-0.392897557420888	0.199842721328844	1.05930298833514	-0.156585855309453
-0.218975907685486	0.68016080448684	0.189399111225961	-0.39139520753022	0.199421268152124	1.05525584009756	-0.154289656427901
-0.217059297516713	0.677510328800086	0.189440848803239	-0.38985539349035	0.19897324811299	1.05110760949239	-0.15201573065582
-0.215145262013686	0.674795063950949	0.189447359610388	-0.388278618841975	0.198498979407228	1.04685965474368	-0.149763971202883
-0.213233889654966	0.672015889635119	0.189419031424694	-0.386665387125794	0.197998780230624	1.04251333407548	-0.147534271278764
-0.211325268919116	0.669173685548288	0.189356252023443	-0.385016201882504	0.197472968778963	1.03807000571183	-0.145326524093136
-0.209419488284698	0.666269331386148	0.18925940918392	-0.383331566652804	0.19692186324803	1.0335310278768	-0.14314062285567
-0.207516636230273	0.66330370684439	0.189128890683413	-0.381611984977393	0.196345781833611	1.02889775879442	-0.140976460776042
-0.205616801234404	0.660277691618706	0.188965084299205	-0.379857960396968	0.195745042731492	1.02417155668874	-0.138833931063922
-0.203720071775651	0.657192165404787	0.188768377808584	-0.378069996452227	0.195119964137458	1.01935377978382	-0.136712926928986
-0.201826536332578	0.654048007898325	0.188539158988835	-0.376248596683869	0.194470864247295	1.0144457863037	-0.134613341580904
-0.199936283383745	0.650846098795012	0.188277815617243	-0.374394264632593	0.193798061256787	1.00944893447242	-0.132535068229352
-0.198049401407714	0.647587317790538	0.187984735471096	-0.372507503839095	0.193101873361722	1.00436458251405	-0.130478000084001
-0.196165978883049	0.644272544580596	0.187660306327678	-0.370588817844075	0.192382618757884	0.999194088652622	-0.128442030354524
-0.194286104288309	0.640902658860877	0.187304915964275	-0.368638710188231	0.191640615641058	0.993938811112191	-0.126427052250595
-0.192409866102058	0.637478540327072	0.186918952158174	-0.36665768441226	0.19087618220703	0.988600108116804	-0.124432958981887
-0.190537352802856	0.634001068674874	0.18650280268666	-0.364646244056862	0.190089636651587	0.98317933789051	-0.122459643758073
-0.188668652869267	0.630471123599973	0.186056855327019	-0.362604892662733	0.189281297170512	0.977677858657358	-0.120506999788825
-0.186803854779851	0.626889584798062	0.185581497856536	-0.360534133770573	0.188451481959593	0.972097028641395	-0.118574920283817
-0.18494304701317	0.623257331964831	0.185077118052498	-0.35843447092108	0.187600509214614	0.966438206066671	-0.116663298452722
-0.183086318047787	0.619575244795973	0.184544103692191	-0.356306407654952	0.18672869713136	0.960702749157235	-0.114772027505212
-0.181233756362264	0.615844202987179	0.183982842552899	-0.354150447512886	0.185836363905618	0.954892016137134	-0.112901000650962
-0.179385450435161	0.61206508623414	0.18339372241191	-0.351967094035582	0.184923827733173	0.949007365230418	-0.111050111099643
-0.177541488745041	0.608238774232548	0.182777131046509	-0.349756850763737	0.18399140680981	0.943050154661135	-0.109219252060929
-0.175701959770466	0.604366146678095	0.182133456233982	-0.34752022123805	0.183039419331316	0.937021742653334	-0.107408316744493
-0.173866951989997	0.600448083266471	0.181463085751614	-0.345257708999219	0.182068183493474	0.930923487431063	-0.105617198360008
-0.172036553882197	0.59648546369337	0.180766407376691	-0.342969817587941	0.181078017492072	0.924756747218371	-0.103845790117147
-0.170210853925628	0.592479167654481	0.1800438088865	-0.340657050544917	0.180069239522894	0.918522880239306	-0.102093985225583
-0.16838994059885	0.588430074845497	0.179295678058326	-0.338319911410842	0.179042167781726	0.912223244717918	-0.100361676894989
-0.166573902380426	0.58433906496211	0.178522402669455	-0.335958903726416	0.177997120464354	0.905859198878255	-0.0986487583350379
-0.164762827748918	0.58020701770001	0.177724370497173	-0.333574531032337	0.176934415766563	0.899432100944364	-0.0969551227554027
-0.162956805182888	0.57603481275489	0.176901969318765	-0.331167296869303	0.175854371884138	0.892943309140296	-0.0952806633657568
-0.161155923160897	0.57182332982244	0.176055586911518	-0.328737704778012	0.174757307012866	0.886394181690098	-0.0936252733757729
-0.159360270161508	0.567573448598353	0.175185611052717	-0.326286258299163	0.173643539348531	0.87978607681782	-0.0919888459951241
-0.157569934663282	0.56328604877832	0.174292429519649	-0.323813460973454	0.17251338708692	0.873120352747509	-0.0903712744334836
-0.15578500514478	0.558962010058033	0.173376430089598	-0.321319816341582	0.171367168423817	0.866398367703214	-0.0887724519005241
-0.154005570084566	0.554602212133182	0.172438000539851	-0.318805827944246	0.170205201555008	0.859621479908985	-0.0871922716059189
-0.152231717961201	0.550207534699461	0.171477528647694	-0.316271999322145	0.169027804676279	0.852791047588869	-0.0856306267593408
-0.150463537253246	0.545778857452559	0.170495402190412	-0.313718834015976	0.167835295983415	0.845908428966915	-0.0840874105704631
-0.148701116439263	0.541317060088169	0.169492008945292	-0.311146835566438	0.166627993672202	0.838974982267172	-0.0825625162489586
-0.146944543997815	0.536823022301983	0.168467736689618	-0.308556507514228	0.165406215938426	0.831992065713689	-0.0810558370045005
-0.145193908407462	0.532297623789691	0.167422973200678	-0.305948353400046	0.164170280977871	0.824961037530514	-0.0795672660467616
-0.143449298146768	0.527741744246986	0.166358106255757	-0.303322876764589	0.162920506986324	0.817883255941694	-0.0780966965854151
-0.141710801694294	0.523156263369558	0.16527352363214	-0.300680581148556	0.161657212159569	0.810760079171281	-0.076644021830134
-0.139978507528601	0.518542060853101	0.164169613107114	-0.298021970092644	0.160380714693393	0.803592865443321	-0.0752091349905913
-0.138252504128252	0.513900016393304	0.163046762457964	-0.295347547137552	0.159091332783581	0.796382972981864	-0.07379192927646
-0.136532879971808	0.509231009685859	0.161905359461976	-0.292657815823978	0.157789384625918	0.789131760010957	-0.0723922978974131
-0.134819723537831	0.504535920426459	0.160745791896436	-0.289953279692621	0.15647518841619	0.78184058475465	-0.0710101340631238
-0.133113123304883	0.499815628310795	0.15956844753863	-0.287234442284178	0.155149062350182	0.774510805436992	-0.069645330983265
-0.131413167751526	0.495071013034557	0.158373714165844	-0.284501807139348	0.153811324623681	0.76714378028203	-0.0682977818675096
-0.129719945356322	0.490302954293439	0.157161979555363	-0.281755877798828	0.152462293432471	0.759740867513814	-0.0669673799255308
-0.128033544597832	0.485512331783131	0.155933631484474	-0.278997157803318	0.151102286972339	0.752303425356391	-0.0656540183670016
-0.126354053954619	0.480700025199324	0.154689057730462	-0.276226150693515	0.149731623439068	0.744832812033812	-0.0643575904015951
-0.124681561905244	0.475866914237711	0.153428646070613	-0.273443360010118	0.148350621028446	0.737330385770124	-0.0630779892389841
-0.123016156928269	0.471013878593983	0.152152784282212	-0.270649289293824	0.146959597936258	0.729797504789376	-0.0618151080888418
-0.121357927502256	0.466141797963832	0.150861860142547	-0.267844442085332	0.145558872358288	0.722235527315615	-0.0605688401608412
-0.119706962105767	0.461251552042948	0.149556261428902	-0.26502932192534	0.144148762490324	0.714645811572893	-0.0593390786646553
-0.118063349217363	0.456344020527024	0.148236375918563	-0.262204432354547	0.142729586528149	0.707029715785255	-0.058125716809957
-0.116427177315607	0.451420083111752	0.146902591388817	-0.25937027691365	0.14130166266755	0.699388598176752	-0.0569286478064197
-0.11479853487906	0.446480619492821	0.145555295616949	-0.256527359143348	0.139865309104313	0.691723816971432	-0.055747764863716
-0.113177510386285	0.441526509365926	0.144194876380244	-0.253676182584339	0.138420844034222	0.684036730393344	-0.0545829611915191
-0.111564192315842	0.436558632426756	0.14282172145599	-0.250817250777321	0.136968585653063	0.676328696666535	-0.0534341299995021
-0.109958669146294	0.431577868371003	0.14143621862147	-0.247951067262992	0.135508852156623	0.668601074015055	-0.0523011644973379
-0.108361029356203	0.426585096894359	0.140038755653973	-0.245078135582051	0.134041961740685	0.660855220662953	-0.0511839578946997
-0.106771361424131	0.421581197692516	0.138629720330782	-0.242198959275196	0.132568232601037	0.653092494834276	-0.0500824034012604
-0.105189753828639	0.416567050461164	0.137209500429185	-0.239314041883124	0.131087982933462	0.645314254753075	-0.0489963942266929
-0.103616295048289	0.411543534895996	0.135778483726466	-0.236423886946535	0.129601530933748	0.637521858643396	-0.0479258235806705
-0.102051073561643	0.406511530692704	0.134337057999912	-0.233528998006126	0.128109194797679	0.629716664729289	-0.046870584672866
-0.100494177847263	0.401471917546977	0.132885611026809	-0.230629878602596	0.126611292721041	0.621900031234802	-0.0458305707129525
-0.0989456963837107	0.396425575154509	0.131424530584442	-0.227727032276642	0.12510814289962	0.614073316383984	-0.044805674910603
-0.0974057176495482	0.391373383210991	0.129954204450098	-0.224820962568963	0.1236000635292	0.606237878400884	-0.0437957904754907
-0.0958743301233371	0.386316221412114	0.128475020401062	-0.221912173020258	0.122087372805568	0.598395075509549	-0.0428008106172885
-0.0943516222836393	0.38125496945357	0.126987366214619	-0.219001167171224	0.120570388924509	0.59054626593403	-0.0418206285456692
-0.0928376826090167	0.37619050703105	0.125491629668056	-0.216088448562559	0.119049430081809	0.582692807898374	-0.0408551374703062
-0.0913325995780311	0.371123713840245	0.123988198538659	-0.213174520734962	0.117524814473252	0.57483605962663	-0.0399042306008723
-0.0898364616692442	0.366055469576849	0.122477460603713	-0.210259887229131	0.115996860294626	0.566977379342846	-0.0389678011470406
-0.0883493573612181	0.360986653936551	0.120959803640505	-0.207345051585765	0.114465885741714	0.559118125271072	-0.0380457423184841
-0.0868713751325145	0.355918146615044	0.11943561542632	-0.204430517345561	0.112932209010303	0.551259655635355	-0.0371379473248758
-0.0854026034616953	0.350850827308019	0.117905283738444	-0.201516788049217	0.111396148296178	0.543403328659745	-0.0362443093758889
-0.0839431308273223	0.345785575711168	0.116369196354162	-0.198604367237432	0.109858021795125	0.53555050256829	-0.0353647216811962
-0.0824930457079574	0.340723271520182	0.114827741050761	-0.195693758450904	0.108318147702929	0.527702535585038	-0.0344990774504707
-0.0810524365821623	0.335664794430752	0.113281305605527	-0.192785465230331	0.106776844215376	0.519860785934039	-0.0336472698933857
-0.079621391928499	0.330611024138571	0.111730277795744	-0.189879991116412	0.105234429528251	0.51202661183934	-0.032809192219614
-0.0782000002255293	0.325562840339329	0.1101750453987	-0.186977839649844	0.103691221837339	0.504201371524991	-0.0319847376388287
-0.076788349951815	0.32052112272872	0.10861599619168	-0.184079514371326	0.102147539338427	0.49638642321504	-0.0311737993607027
-0.0753865295859181	0.315486751002433	0.10705351795197	-0.181185518821556	0.1006037002273	0.488583125133535	-0.0303762705949093
-0.0739946276064003	0.31046060485616	0.105487998456855	-0.178296356541232	0.0990600226997435	0.480792835504526	-0.0295920445511214
-0.0726127324918234	0.305443563985594	0.103919825483622	-0.175412531071053	0.0975168249515427	0.47301691255206	-0.0288210144390119
-0.0712409327207493	0.300436508086424	0.102349386809556	-0.172534545951716	0.095974425178483	0.465256714500186	-0.028063073468254
-0.06987931677174	0.295440316854345	0.100777070211944	-0.16966290472392	0.0944331415763504	0.457513599572955	-0.0273181148485204
-0.0685279731233571	0.290455869985045	0.0992032634680698	-0.166798110928363	0.0928932923409302	0.449788925994412	-0.0265860317894846
-0.0671869902541626	0.285484047174218	0.0976283543552209	-0.163940668105744	0.091355195668008	0.442084051988608	-0.0258667175008194
-0.0658564566427183	0.280525728117555	0.0960527306506827	-0.161091079796759	0.0898191697533694	0.434400335779591	-0.0251600651921976
-0.0645364607675861	0.275581792510747	0.094476780131741	-0.158249849542109	0.0882855327927995	0.426739135591409	-0.0244659680732926
-0.0632270911073277	0.270653120049486	0.0929008905756816	-0.15541748088249	0.0867546029820843	0.419101809648111	-0.0237843193537773
-0.061928436140505	0.265740590429463	0.0913254497597903	-0.152594477358601	0.0852266985170091	0.411489716173745	-0.0231150122433246
-0.06064058434568	0.26084508334637	0.0897508454613531	-0.14978134251114	0.0837021375933595	0.403904213392361	-0.0224579399516077
-0.0593636242014144	0.255967478495899	0.0881774654576558	-0.146978579880806	0.082181238406921	0.396346659528008	-0.0218129956882994
-0.05809764418627	0.251108655573741	0.0866056975259841	-0.144186693008297	0.080664319153479	0.388818412804732	-0.021180072663073
-0.0568427327788088	0.246269494275587	0.0850359294436239	-0.14140618543431	0.0791516980288192	0.381320831446583	-0.0205590640856014
-0.0555989784575925	0.241450874297129	0.0834685489878612	-0.138637560699544	0.0776436932287272	0.373855273677611	-0.0199498631655575
-0.054366469701183	0.23665367533406	0.0819039439359815	-0.135881322344698	0.0761406229489882	0.366423097721862	-0.0193523631126146
-0.0531452949881422	0.231878777082069	0.080342502065271	-0.133137973910469	0.074642805385388	0.359025661803386	-0.0187664571364454
-0.0519355427970318	0.227127059236849	0.0787846111530151	-0.130408018937555	0.073150558733712	0.351664324146232	-0.0181920384467232
-0.0507373016064138	0.222399401494091	0.0772306589765002	-0.127691960966656	0.0716642011897456	0.344340442974449	-0.0176290002531209
-0.0495506598948501	0.217696683549488	0.0756810333130116	-0.124990303538469	0.0701840509492747	0.337055376512083	-0.0170772357653116
-0.0483757061409023	0.213019785098729	0.0741361219398356	-0.122303550193691	0.0687104262080845	0.329810482983185	-0.0165366381929682
-0.0472125288231324	0.208369585837508	0.0725963126342576	-0.119632204473023	0.0672436451619606	0.322607120611802	-0.0160071007457637
-0.0460612164201022	0.203746965461515	0.0710619931735637	-0.11697676991716	0.0657840260066885	0.315446647621985	-0.0154885166333715
-0.0449218574103736	0.199152803666442	0.0695335513350397	-0.114337750066803	0.0643318869380538	0.308330422237781	-0.014980779065464
-0.0437945402725084	0.194587980147981	0.0680113748959715	-0.111715648462649	0.0628875461518419	0.301259802683238	-0.0144837812517148
-0.0426793534850684	0.190053374601823	0.0664958516336447	-0.109110968645396	0.0614513218438386	0.294236147182405	-0.0139974164017967
-0.0415763855266156	0.18554986672366	0.0649873693253454	-0.106524214155743	0.0600235322098291	0.287260813959332	-0.0135215777253826
-0.0404857248757117	0.181078336209183	0.0634863157483593	-0.103955888534387	0.0586044954455991	0.280335161238066	-0.0130561584321457
-0.0394074600109185	0.176639662754084	0.0619930786799723	-0.101406495322027	0.057194529746934	0.273460547242656	-0.0126010517317591
-0.0383416794107981	0.172234726054054	0.0605080458974704	-0.0988765380593617	0.0557939533096197	0.266638330197152	-0.0121561508338955
-0.0372884715539121	0.167864405804785	0.059031605178139	-0.0963665202870881	0.0544030843294411	0.259869868325601	-0.0117213489482281
-0.0362479249188224	0.163529581701968	0.0575641442992639	-0.093876945545905	0.0530222410021841	0.253156519852051	-0.0112965392844301
-0.0352201279840909	0.159231133441296	0.0561060510381317	-0.0914083173765106	0.0516517415236341	0.246499643000552	-0.0108816150521744
-0.0342051692282794	0.154969940718458	0.0546577131720275	-0.088961139319603	0.0502919040895767	0.239900595995151	-0.010476469461134
-0.0332031371299498	0.150746883229148	0.0532195184782372	-0.0865359149158806	0.0489430468957975	0.233360737059899	-0.0100809957209817
-0.0322141201676639	0.146562840669057	0.0517918547340473	-0.0841331477060417	0.0476054881380821	0.226881424418844	-0.00969508704139092
-0.0312382068199835	0.142418692733876	0.0503751097167428	-0.081753341230784	0.0462795460122155	0.220464016296033	-0.0093186366320344
-0.0302754855654705	0.138315319119296	0.0489696712036101	-0.0793969990308062	0.0449655387139838	0.214109870915516	-0.00895153770258549
-0.0293260448826868	0.13425359952101	0.0475759269719346	-0.0770646246468061	0.0436637844391722	0.207820346501341	-0.00859368346271684
-0.0283899732501941	0.130234413634709	0.0461942647990026	-0.0747567216194822	0.0423746013835663	0.201596801277557	-0.00824496712210168
-0.0274673591465544	0.126258641156084	0.0448250724620996	-0.0724737934895328	0.0410983077429517	0.195440593468212	-0.00790528189041301
-0.0265582910503295	0.122327161780827	0.0434687377385116	-0.0702163437976556	0.0398352217131139	0.189353081297356	-0.00757452097732375
-0.0256628574400811	0.118440855204629	0.0421256484055244	-0.0679848760845494	0.0385856614898383	0.183335622989036	-0.00725257759250716
-0.0247811467943713	0.114600601123182	0.0407961922404236	-0.0657798938909119	0.0373499452689106	0.177389576767301	-0.00693934494563606
-0.0239132475917617	0.110807279232179	0.0394807570204954	-0.0636019007574414	0.0361283912461162	0.1715163008562	-0.00663471624638362
-0.0230592483108143	0.107061769227308	0.0381797305230255	-0.0614514002248364	0.0349213176172406	0.165717153479781	-0.00633858470442272
-0.0222192374300909	0.103364950804264	0.0368935005252997	-0.059328895833795	0.0337290425780695	0.159993492862094	-0.00605084352942625
-0.0213933034281534	0.0997177036587367	0.035622454804604	-0.0572348911250152	0.0325518843243882	0.154346677227186	-0.0057713859310676
-0.0205815347835635	0.0961209074864182	0.0343669811382238	-0.0551698896391953	0.0313901610519823	0.148778064799106	-0.00550010511901974
-0.0197840199748832	0.0925754419830001	0.0331274673034454	-0.0531343949170336	0.0302441909566374	0.143289013801903	-0.00523689430295549
-0.0190008474806742	0.089082186844174	0.0319043010775547	-0.0511289104992284	0.0291142922341391	0.137880882459626	-0.00498164669254791
-0.0182321057794985	0.0856420217656311	0.030697870237837	-0.0491539399264775	0.0280007830802727	0.132555028996324	-0.00473425549747009
-0.0174778833499179	0.0822558264430628	0.0295085625615783	-0.0472099867394793	0.0269039816908238	0.127312811636042	-0.00449461392739517
-0.0167382686704941	0.0789244805721616	0.028336765826065	-0.045297554478932	0.0258242062615777	0.122155588602833	-0.00426261519199589
-0.0160133502197891	0.0756488638486181	0.0271828678085821	-0.0434171466855339	0.0247617749883205	0.117084718120744	-0.00403815250094555
-0.0153032164763647	0.0724298559681238	0.026047256286416	-0.0415692668999832	0.0237170060668371	0.112101558413822	-0.00382111906391702
-0.0146079559187828	0.0692683366263716	0.0249303190368527	-0.0397544186629784	0.0226902176929138	0.107207467706119	-0.00361140809058333
-0.0139276570256052	0.0661651855190517	0.0238324438371775	-0.0379731055152169	0.0216817280623352	0.102403804221681	-0.00340891279061761
-0.0132624082753937	0.0631212823418554	0.0227540184646764	-0.0362258309973972	0.0206918553708874	0.0976919261845572	-0.00321352637369285
-0.0126122981467102	0.0601375067904755	0.0216954306966354	-0.0345130986502181	0.0197209178143557	0.0930731918187968	-0.00302514204948195
-0.0119774151181165	0.0572147385606023	0.0206570683103402	-0.0328354120143772	0.0187692335885256	0.0885489593484472	-0.00284365302765818
-0.0113578476681745	0.0543538573479287	0.0196393190830767	-0.0311932746305728	0.017837120889183	0.0841205869975581	-0.00266895251789423
-0.010753684275446	0.0515557428481448	0.0186425707921304	-0.0295871900395029	0.0169248979121128	0.079789432990176	-0.0025009337298634
-0.0101650134184929	0.0488212747569434	0.0176672112147879	-0.0280176617818664	0.0160328828531009	0.075556855550353	-0.00233948987323879
-0.00959192357587688	0.0461513327700152	0.0167136281283344	-0.0264851933983611	0.0151613939079331	0.0714242129021367	-0.00218451415769308
-0.00903450322616003	0.0435467965830523	0.0157822093100559	-0.0249902884296849	0.0143107492723946	0.0673928632695731	-0.00203589979289948
-0.00849284084790414	0.041008545891746	0.0148733425372384	-0.0235334504165363	0.0134812671422706	0.0634641648767134	-0.00189353998853095
-0.00796702491967083	0.0385374603917876	0.0139874155871672	-0.0221151828996133	0.0126732657133473	0.0596394759476051	-0.00175732795426062
-0.00745714392002222	0.0361344197788689	0.0131248162371289	-0.0207359894196146	0.0118870631814096	0.0559201547062984	-0.00162715689976159
-0.00696328632752005	0.0338003037486816	0.0122859322644087	-0.019396373517238	0.0111229777422434	0.0523075593768398	-0.00150292003470667
-0.00648554062072612	0.0315359919969171	0.0114711514462931	-0.0180968387331818	0.0103813275916342	0.0488030481832777	-0.00138451056876893
-0.00602399527820233	0.0293423642192665	0.010680861560067	-0.0168378886081441	0.00966243092536734	0.0454079793496627	-0.00127182171162157
-0.00557873877851051	0.0272203001114224	0.00991545038301722	-0.0156200266828235	0.00896660593922849	0.0421237111000439	-0.00116474667293742
-0.0051498596002125	0.0251706793690756	0.00917530569242919	-0.0144437564979175	0.00829417082900319	0.0389516016584666	-0.0010631786623897
-0.00473744622187011	0.0231943816879174	0.00846081526558828	-0.0133095815941248	0.00764544379047671	0.0358930092489813	-0.000967010889651343
-0.00434158712204527	0.0212922867636396	0.00777236687978111	-0.0122180055121435	0.00702074301943489	0.0329492920956374	-0.000876136564395169
-0.00396237077929978	0.0194652742919348	0.00711034831229296	-0.0111695317926719	0.00642038671166312	0.0301218084224821	-0.000790448896294177
-0.00359988567219546	0.0177142239684929	0.00647514734041021	-0.0101646639764079	0.00584469306294699	0.0274119164535653	-0.000709841095021951
-0.00325422027929423	0.0160400154890064	0.00586715174141783	-0.00920390560405004	0.00529398026907191	0.024820974412934	-0.000634206370251161
-0.00292546307915786	0.0144435285491662	0.00528674929260253	-0.00828776021629629	0.00476856652582336	0.0223503405246386	-0.000563437931654809
-0.00261370255034818	0.0129256428446647	0.0047343277712496	-0.00741673135384513	0.00426877002898707	0.0200013730127258	-0.000497428988905924
-0.0023190271714271	0.0114872380711932	0.00421027495464543	-0.00659132255739459	0.00379490897434842	0.0177754301012469	-0.00043607275167723
-0.00204152542095648	0.0101291939244428	0.00371497862007519	-0.00581203736764269	0.00334730155769303	0.0156738700142469	-0.000379262429642452
-0.00178128577749803	0.00885239010010475	0.00324882654482506	-0.00507937932528768	0.00292626597480605	0.0136980509757771	-0.000326891232474175
-0.00153839671961375	0.0076577062938723	0.00281220650618108	-0.00439385197102848	0.00253212042147377	0.0118493312098855	-0.000278852369845345
-0.0013129467258654	0.00654602220143463	0.00240550628142833	-0.00375595884556224	0.0021651830934809	0.0101290689406204	-0.000235039051429131
-0.00110502427481488	0.00551821751848491	0.00202911364785341	-0.0031662034895874	0.00182577218661339	0.00853862239203007	-0.000195344486898757
-0.000914717845023977	0.00457517194071411	0.00168341638274216	-0.00262508944380269	0.00151420589665685	0.00707934978816382	-0.000159661885926948
-0.000742115915054575	0.0037177651638145	0.00136880226337999	-0.00213312024890588	0.00123080241939644	0.00575260935306998	-0.000127884458186872
-0.000587306963468481	0.00294687688347706	0.00108565906705294	-0.00169079944559547	0.000975879950617875	0.00455975931079822	-9.99054133515309e-05
-0.000450379468827616	0.00226338679539273	0.000834374571046848	-0.00129863057456947	0.000749756686106773	0.00350215788539554	-7.56179610938434e-05
-0.000331421909693763	0.0016681745952547	0.00061533655264745	-0.000957117176526134	0.00055275082164874	0.00258116330091074	-5.49153110867007e-05
-0.000230522764628732	0.00116211997875304	0.000428932789140801	-0.000666762792163933	0.000385180553029052	0.00179813378139304	-3.76906730036319e-05
-0.000147770512194445	0.000746102641579593	0.000275551057812407	-0.000428070962180227	0.000247364076033096	0.00115442755089123	-2.38372565173894e-05
-8.32536309527121e-05	0.000421002279425764	0.000155579135948436	-0.00024154522727371	0.000139619586446593	0.000651402833452774	-1.32482713010029e-05
-3.70605994653717e-05	0.000187698587983842	6.9404800834505e-05	-0.000107689128143074	6.22652800552626e-05	0.000290417853126446	-5.81692702716907e-06
-9.27989629434522e-06	4.70712629452308e-05	1.74158297567839e-05	-2.70062054861242e-05	1.56193526444914e-05	7.28308339623673e-05	-1.43643336952826e-06
-1.27675647831893e-15	0	2.22044604925031e-16	-8.88178419700125e-16	-5.55111512312578e-16	7.99360577730113e-15	-7.7715611723761e-16
