-1.19705344488814e-16	-6.11010346020847e-16	-3.67420723561662e-16	-6.1083536921489e-16	1.74830323844494e-16	1.53390576057712e-17	-5.49632989229121e-16
-2.41132739445384e-06	-1.2308105305962e-05	-7.40127067674138e-06	-1.23045805981271e-05	3.52175712009965e-06	3.08987789708568e-07	-1.10717285805695e-05
-9.62987017931272e-06	-4.91536161307537e-05	-2.95576959285355e-05	-4.91395396822057e-05	1.40644780062676e-05	1.23397194733642e-06	-4.42160263031973e-05
-2.16324921778075e-05	-0.000110418455377095	-6.63982830193333e-05	-0.000110386832450001	3.15943627222611e-05	2.77198118460267e-06	-9.93266847890752e-05
-3.83960820421192e-05	-0.000195984706581461	-0.000117852158159022	-0.000195928571579697	5.60776283231848e-05	4.92003386167273e-06	-0.000176297655723681
-5.98975461906949e-05	-0.00030573459737977	-0.000183848569428724	-0.000305647008911396	8.74804874454471e-05	7.67512929102846e-06	-0.000275023044945164
-8.61138018665327e-05	-0.000439550483255257	-0.000264316889655573	-0.000439424517441337	0.000125769127262721	1.10342391901693e-05	-0.000395397106633282
-0.000117021770315953	-0.000597314831567149	-0.000359186619237586	-0.000597143573627234	0.000170909688805516	1.49942992822168e-05	-0.000537314237598697
-0.000152598370087338	-0.000778910205858164	-0.000468387388918821	-0.000778686740002567	0.000222868246641801	1.95522010435237e-05	-0.0007006689716719
-0.000192820510449416	-0.000984219250438954	-0.000591848962515008	-0.00098393664809775	0.000281610788916236	2.47047835974603e-05	-0.000885355974191071
-0.000237665084928736	-0.00121312467524754	-0.00072950123958975	-0.00121277598166607	0.000347103197745529	3.04488257535667e-05	-0.00109127003658813
-0.000287108964966088	-0.001465509240982	-0.000881274258081418	-0.00146508746021242	0.00041931122996758	3.67810381913609e-05	-0.00131830607107232
-0.000341128993691668	-0.0017412557445044	-0.00104709819688078	-0.00174075382282281	0.000498200498242026	4.36980557880762e-05	-0.00156635910541055
-0.000399701979818892	-0.00204024700451445	-0.00122690337835938	-0.00203965781229273	0.000583736452499894	5.11964300896903e-05	-0.00183532427780397
-0.000462804691656793	-0.00236236584749086	-0.0014206202708487	-0.00236168215955243	0.00067588436174014	5.92726219246379e-05	-0.00212509683185982
-0.00053041385124108	-0.00270749509389888	-0.00162817949106998	-0.00270670956838736	0.000774609296170783	6.79229941596603e-05	-0.00243557211165825
-0.00060250612858389	-0.00307551754466223	-0.0018495118065148	-0.0030746227004518	0.000879876109692528	7.71438045971946e-05	-0.00276664555691304
-0.00067905813604245	-0.00346631596789772	-0.00208454813777606	-0.00346530416057391	0.000991649422722665	8.69311990138955e-05	-0.0031182126982259
-0.00076004642280682	-0.0038797730859111	-0.00233321956082958	-0.00387863648235057	0.0011098936053572	9.72812043397999e-05	-0.00349016915243352
-0.000845447469507023	-0.00431577156245229	-0.00259545730926585	-0.00431450211403013	0.00123457276086913	0.0001081897219777	-0.00388241061804669
-0.000935237682939858	-0.00477419399022861	-0.00287119277647198	-0.00477278340468142	0.00136565070954075	0.000119652521262334	-0.00429483287078099
-0.00102939339091579	-0.0052549228786743	-0.0031603575177636	-0.00525336259064738	0.00150309097282811	0.000131665233059112	-0.00472733175917828
-0.00112789083722639	-0.00575784064197487	-0.00346288325246639	-0.00575612178228155	0.00164685675785553	0.000144223343501891	-0.00517980320031845
-0.00123070617673263	-0.00628282958734481	-0.00377870186594726	-0.00628094295096605	0.00179691094223838	0.000157322187869689	-0.00565214317562073
-0.00133781547057479	-0.00682977190355697	-0.00410774541159464	-0.00682770791640915	0.00195321605923192	0.000170956944601967	-0.00614424772673398
-0.00144919468150432	-0.00739854964972251	-0.00444994611274786	-0.00739629833422115	0.00211573428320475	0.000185122629452179	-0.00665601295151539
-0.00156481966933834	-0.00798904474431945	-0.00480523636457513	-0.00798659568376675	0.00228442741543455	0.000199814089779463	-0.00718733500009683
-0.00168466618653743	-0.00860113895446887	-0.00517354873590001	-0.0085984812562926	0.00245925687022457	0.000215025998978241	-0.00773811007103845
-0.00180870987390723	-0.00923471388545713	-0.00555481597097598	-0.00923183614332862	0.00264018366133904	0.00023075285104555	-0.00830823440756882
-0.00193692625642478	-0.00988965097050255	-0.00594897099120869	-0.00988654122536111	0.00282716838875548	0.00024698895528588	-0.00889760429391091
-0.00206929073918991	-0.0105658314607657	-0.0063559468968258	-0.0105624771607768	0.00302017122573246	0.000263728431153409	-0.00950611605169365
-0.00220577860350303	-0.0112631364156009	-0.00677567696849374	-0.011259524375076	0.00321915190619084	0.000280965203231603	-0.010133666036448
-0.00234636500306933	-0.0119814466930494	-0.00720809466888145	-0.0119775630503538	0.00342406971240686	0.000298692996349953	-0.0107801506341876
-0.00249102496033082	-0.0127206429405706	-0.00765313364417027	-0.0127164731150471	0.0036348834630154	0.000316905330837683	-0.0114454662580727
-0.00263973336292662	-0.0134806055860115	-0.00811072772551008	-0.0134761342339475	0.00385155150132153	0.000335595517914567	-0.0121295093451573
-0.00279246496028245	-0.0142612148288134	-0.00858081093042087	-0.0142564257984765	0.00407403168391905	0.000354756655218567	-0.012832176353219
-0.00294919436033016	-0.0150623506314527	-0.00906331746413989	-0.0150572269172246	0.004302281369614	0.000374381622470315	-0.0135533637576706
-0.00310989602635797	-0.0158838927111168	-0.00955818172091337	-0.0158784164067496	0.00453625740865168	0.000394463077274361	-0.0142929680485531
-0.00327454427399249	-0.0167257205316117	-0.0100653382852331	-0.0167198727826358	0.00477591613224561	0.000414993451057132	-0.0150508857276097
-0.00344311326831332	-0.0175877132955021	-0.0105847219330168	-0.0175814742508103	0.00502121334240675	0.000435964945141717	-0.0158270133054401
-0.00361557702110077	-0.0184697499364805	-0.0111162676327329	-0.0184630986991168	0.00527210430207114	0.000457369526958918	-0.0166212472987344
-0.00379190938821801	-0.0193717091119662	-0.0116599105464677	-0.0193646236891449	0.00552854372552511	0.000479198926395332	-0.0174334842275869
-0.00397208406712826	-0.0202934691959317	-0.0122155860309365	-0.0202859264483131	0.00579048576912561	0.000501444632277681	-0.0182636206128879
-0.00415607459454777	-0.0212349082719551	-0.0127832296384372	-0.0212268838622051	0.00605788402231471	0.000524097888993796	-0.019111552973794
-0.00434385434423568	-0.0221959041264982	-0.0133627771177456	-0.0221873724671577	0.00633069149892636	0.000547149693250064	-0.0199771778252768
-0.00453539652492143	-0.0231763342424088	-0.0139541644149534	-0.0231672684430986	0.00660886062878442	0.000570590790965359	-0.0208603916757474
-0.00473067417837059	-0.0241760757926447	-0.0145573276742471	-0.0241664476066335	0.00689234324958944	0.000594411674301224	-0.0217610910247594
-0.00492966017758976	-0.025195005634221	-0.015172203238629	-0.0251847854043807	0.00718109059909407	0.000618602578828912	-0.0226791723607868
-0.0051323272251719	-0.0262330003023758	-0.0157987276505778	-0.0262221569065519	0.00747505330756399	0.000643153480831796	-0.0236145321590781
-0.00533864785178196	-0.0272899360049565	-0.0164368376526514	-0.0272784368007786	0.00777418139052447	0.0006680540947455	-0.024567066879586
-0.00554859441478457	-0.0283656886170234	-0.0170864701880283	-0.0283534993861813	0.00807842424178968	0.000693293870732604	-0.0255366729649718
-0.00576213909701365	-0.0294601336756704	-0.0177475624009902	-0.0294472185676821	0.0083877306267742	0.000718861992395041	-0.0265232468386837
-0.0059792539056855	-0.0305731463750604	-0.0184200516373436	-0.0305594678505577	0.00870204867608479	0.000744747374621349	-0.0275266849031097
-0.00619991067145529	-0.0317046015616763	-0.0191038754447814	-0.0316901203352327	0.00902132587939115	0.000770938661570881	-0.0285468835378034
-0.00642408104761839	-0.0328543737297842	-0.0197989715731824	-0.0328390487123109	0.0093455090795739	0.000797424224793046	-0.0295837390977834
-0.00665173650945638	-0.0340223370171086	-0.0205052779748514	-0.0340061252578445	0.00967454446714893	0.000824192161483538	-0.030637147911905
-0.00688284835372925	-0.0352083652007191	-0.0212227328046961	-0.0351912218288383	0.0100083775749659	0.00085123029287473	-0.0317070062813036
-0.00711738769831361	-0.0364123316931255	-0.0219512744203444	-0.0363942098589889	0.0103469532731798	0.000878526162763172	-0.032793210477911
-0.0073553254819882	-0.0376341095385824	-0.0226908413821979	-0.0376149603546569	0.0106902157644944	0.000906067036171357	-0.0338956567430419
-0.00759663246436643	-0.0388735714095997	-0.0234413724534252	-0.038853343891071	0.0110381085796755	0.000933839898145375	-0.0350142412860519
-0.00784127922597727	-0.0401305896036604	-0.0242028065998919	-0.0401092306087626	0.011390574573333	0.0009618314526878	-0.0361488602830662
-0.00808923616849437	-0.0414050360401422	-0.0249750829900291	-0.0413824902102293	0.0117475559199703	0.000990028121824656	-0.0372994098757783
-0.00834047351511423	-0.0426967822574426	-0.0257581409946392	-0.0426729919568263	0.0121089941102992	0.00101841604480808	-0.0384657861703179
-0.0085949613110834	-0.044005699410307	-0.0265519201866395	-0.0439806046658837	0.0124748299478194	0.00104698107745277	-0.0396478852361895
-0.00885266942437555	-0.045331658267357	-0.0273563603407428	-0.0453051967080495	0.0128450035456606	0.00107570879160733	-0.0408456031052786
-0.0091135675465185	-0.0466745292088192	-0.0281714014330762	-0.0466466360048551	0.0132194543236863	0.00110458447475862	-0.042058835770928
-0.0093776251935711	-0.0480341822244523	-0.0289969836407372	-0.0480047900265037	0.0135981210058573	0.0011335931297709	-0.0432874791870815
-0.00964481170725134	-0.049410486911672	-0.0298330473412857	-0.049379525789879	0.0139809416178542	0.00116271947475776	-0.0445314292674956
-0.00991509625621389	-0.0508033124738715	-0.0306795331121765	-0.050770709856773	0.0143678534849559	0.00119194794308692	-0.0457905818850199
-0.0101884478374799	-0.0522125277189372	-0.0315363817301265	-0.0521782083323317	0.0147587932301752	0.00122126268351858	-0.047064832870944
-0.0104648352780162	-0.0536380010579577	-0.0324035341704208	-0.0536018868637165	0.0151536967726468	0.0012506475604754	-0.0483540780144113
-0.0107442272364664	-0.0550796005041266	-0.0332809316061566	-0.0550416106389814	0.01555249932627	0.00128008615444431	-0.0496582130619005
-0.0110265922050326	-0.0565371936718337	-0.0341685154074242	-0.056497244386162	0.0159551353986004	0.00130956176251088	-0.0509771337167728
-0.0113118985115079	-0.0580106477759496	-0.0350662271404273	-0.0579686523725781	0.0163615387899933	0.001339057399024	-0.0523107356388861
-0.0116001143214597	-0.0594998296312952	-0.0359740085665398	-0.0594556984043436	0.016771642592994	0.00136855579639092	-0.053658914444274
-0.0118912076405629	-0.0610046056523016	-0.036891801641303	-0.0609582458260879	0.0171853791919758	0.00139803940600339	-0.0550215657048915
-0.0121851463170852	-0.0625248418528536	-0.0378195485133601	-0.0624761575208825	0.0176026802630222	0.00142749039929285	-0.0563985849484255
-0.0124818980445201	-0.0640604038463201	-0.03875719152333	-0.0640092959103732	0.0180234767740547	0.00145689066891452	-0.0577898676581716
-0.0127814303643718	-0.0656111568457652	-0.0397046732026212	-0.0655575229551168	0.0184476989852007	0.00148622183006085	-0.0591953092729738
-0.013083710669088	-0.0671769656643447	-0.0406619362721845	-0.0671207001551195	0.0188752764494045	0.00151546522190181	-0.0606148051872311
-0.0133887062051422	-0.0687576947158792	-0.0416289236412058	-0.0686986885505748	0.0193061380132755	0.00154460190915347	-0.0620482507509673
-0.0136963840762647	-0.0703532080156109	-0.0426055784057406	-0.0702913487228018	0.0197402118181763	0.0015736126837722	-0.0634955412699656
-0.0140067112468205	-0.0719633691811345	-0.0435918438472877	-0.0718985407953794	0.0201774253015449	0.00160247806677611	-0.0649565720059671
-0.0143196545453355	-0.0735880414335079	-0.044587663431306	-0.0735201244354767	0.0206177051984539	0.00163117831019062	-0.0664312381769338
-0.0146351806681688	-0.0752270875985352	-0.0455929808056716	-0.0751559588553754	0.0210609775434011	0.00165969339911882	-0.067919434957374
-0.0149532561833304	-0.076880370108227	-0.0466077397990794	-0.0768059028141871	0.0215071676723335	0.00168800305393584	-0.0694210574787331
-0.0152738475344447	-0.0785477510024293	-0.0476318844193857	-0.0784698146197569	0.0219562002248997	0.00171608673260649	-0.070936000829847
-0.0155969210448576	-0.0802290919306261	-0.0486653588518965	-0.0801475521307575	0.0224079991469323	0.0017439236331235	-0.0724641600574576
-0.0159224429218866	-0.0819242541539116	-0.0497081074575987	-0.0818389727589704	0.0228624876931571	0.00177149269606875	-0.0740054301667941
-0.0162503792612147	-0.0836330985471282	-0.0507600747713367	-0.083543933471749	0.0233195884301271	0.00179877260729387	-0.0755597061222145
-0.0165806960514224	-0.085355485601174	-0.0518212054999359	-0.0852622907946667	0.023779223239381	0.00182574180072034	-0.077126882847912
-0.0169133591786633	-0.0870912754254751	-0.0528914445202711	-0.0869939008143464	0.0242413133208251	0.00185237846125858	-0.0787068552286835
-0.0172483344314759	-0.088840327750618	-0.0539707368772839	-0.0887386191814644	0.0247057791963328	0.00187866052784346	-0.0802995181107603
-0.0175855875057343	-0.090602501931151	-0.0550590277819464	-0.0904963011139378	0.0251725407135673	0.00190456569658741	-0.0819047663027019
-0.0179250840097351	-0.0923776569485395	-0.0561562626091762	-0.0922668014002814	0.0256415170500184	0.00193007142404836	-0.0835224945763527
-0.0182667894694186	-0.0941656514142849	-0.0572623868956995	-0.0940499744031405	0.0261126267172567	0.00195515493061196	-0.0851525976678598
-0.0186106693337243	-0.0959663435732009	-0.0583773463378662	-0.0958456740629945	0.0265857875654034	0.00197979320398703	-0.0867949702787548
-0.0189566889800775	-0.0977795913068428	-0.0595010867894167	-0.0976537539020277	0.0270609167878089	0.00200396300281367	-0.0884495070770962
-0.0193048137200079	-0.0996052521370955	-0.0606335542592008	-0.0994740670281695	0.0275379309259468	0.00202764086038079	-0.0901161026986751
-0.0196550088048945	-0.101443183229911	-0.0617746949088521	-0.101306466139297	0.0280167458745136	0.00205080308845484	-0.0917946517482832
-0.0200072394318397	-0.103293241399202	-0.0629244550504156	-0.103150803527602	0.0284972768867387	0.00207342578121663	-0.0934850488010412
-0.0203614707496681	-0.105155283110878	-0.0640827811439327	-0.10500693108412	0.0289794385798982	0.00209548481930479	-0.095187188403792
-0.0207176678650486	-0.107029164487037	-0.0652496197949833	-0.106874700303415	0.0294631449410341	0.00211695587396499	-0.0969009650765535
-0.0210757958487367	-0.108914741310301	-0.0664249177521859	-0.108753962288418	0.0299483093328756	0.00213781441130439	-0.0986262733140346
-0.0214358197419401	-0.110811869028291	-0.0676086219046576	-0.110644567755429	0.0304348444999616	0.00215803569664917	-0.100363007587213
-0.0217977045627974	-0.112720402758259	-0.0688006792794351	-0.112546367039263	0.0309226625749613	0.00217759479900305	-0.102111062344974
-0.0221614153129759	-0.114640197291845	-0.070001037038858	-0.114459210098545	0.0314116750851922	0.00219646659560636	-0.103870332015813
-0.0225269169843801	-0.116571107099986	-0.0712096424779146	-0.116382946521162	0.0319017929593354	0.00221462577659544	-0.105640711009601
-0.022894174565973	-0.118512986337956	-0.0724264430215549	-0.118317425529847	0.032392926534341	0.00223204684975657	-0.107422093719404
-0.0232631530507055	-0.120465688850548	-0.0736513862219666	-0.120262495987916	0.0328849855625289	0.00224870414537828	-0.109214374523377
-0.0236338174425521	-0.122429068177387	-0.0748844197558218	-0.122218006405143	0.0333778792188777	0.00226457182119729	-0.111017447786711
-0.0240061327636515	-0.124402977558375	-0.0761254914214901	-0.12418380494377	0.033871516108502	0.00227962386743608	-0.112831207863641
-0.0243800640615471	-0.126387269939271	-0.0773745491362247	-0.126159739424659	0.0343658042743165	0.00229383411193261	-0.114655549099524
-0.0247555764165286	-0.128381797977397	-0.0786315409333187	-0.128145657333568	0.0348606512048842	0.00230717622535984	-0.116490365832972
-0.0251326349490687	-0.130386414047472	-0.0798964149592361	-0.130141405827571	0.0353559638424473	0.00231962372653177	-0.118335552398049
-0.0255112048273535	-0.132400970247573	-0.0811691194707169	-0.132146831741597	0.035851648591139	0.00233114998779584	-0.120191003126527
-0.0258912512749053	-0.134425318405221	-0.082449602831859	-0.1341617815951	0.0363476113253746	0.00234172824051175	-0.122056612350213
-0.0262727395782914	-0.136459310083582	-0.0837378135111811	-0.136186101598845	0.0368437573984164	0.00235133158060989	-0.123932274403329
-0.0266556350949212	-0.138502796587795	-0.0850337000786602	-0.138219637661831	0.0373399916511185	0.00235993297423123	-0.125817883624952
-0.0270399032609236	-0.140555628971418	-0.0863372112027553	-0.140262235398318	0.0378362184208397	0.00236750526344896	-0.127713334361529
-0.0274255095991043	-0.142617658042986	-0.087648295647414	-0.142313740134977	0.0383323415505306	0.00237402117206348	-0.12961852096944
-0.0278124197269822	-0.144688734372685	-0.0889669022690603	-0.144373996918155	0.0388282643979878	0.00237945331147571	-0.131533337817631
-0.0282005993648951	-0.146768708299138	-0.0902929800135739	-0.146442850521246	0.0393238898452754	0.00238377418663095	-0.133457679290304
-0.0285900143441794	-0.148857429936305	-0.0916264779132553	-0.148520145452177	0.0398191203083119	0.00238695620203787	-0.135391439789676
-0.0289806306154162	-0.150954749180485	-0.0929673450837809	-0.150605725960999	0.0403138577466185	0.00238897166785378	-0.137334513738789
-0.0293724142567401	-0.153060515717427	-0.0943155307211523	-0.152699436047578	0.0408080036732295	0.00238979280603848	-0.139286795584395
-0.029765331482211	-0.155174579029548	-0.095670984098637	-0.15480111946939	0.0413014591647604	0.0023893917565756	-0.141248179799891
-0.030159348650242	-0.157296788403249	-0.0970336545637056	-0.156910619749414	0.0417941248716318	0.00238774058375399	-0.143218560888323
-0.0305544322720814	-0.159426992936335	-0.0984034915349686	-0.159027780184125	0.0422859010284503	0.00238481128251523	-0.145197833385451
-0.0309505490203457	-0.161565041545525	-0.0997804444991095	-0.161152443851571	0.0427766874645368	0.00238057578485518	-0.147185891862869
-0.0313476657376017	-0.163710782974073	-0.10116446300782	-0.16328445361955	0.0432663836146087	0.00237500596628874	-0.149182630931201
-0.0317457494449883	-0.165864065799464	-0.102555496674742	-0.165423652153868	0.0437548885296083	0.00236807365236434	-0.151187945243341
-0.032144767350883	-0.168024738441219	-0.103953495172406	-0.167569881926692	0.0442421008876766	0.00235975062523853	-0.153201729497767
-0.0325446868596028	-0.170192649168776	-0.105358408229187	-0.169722985224971	0.0447279190052692	0.00235000863029301	-0.155223878441914
-0.0329454755801373	-0.172367646109467	-0.106770185626264	-0.171882804158955	0.0452122408484159	0.00233881938280992	-0.157254286875603
-0.033347101334914	-0.174549577256577	-0.108188777194588	-0.174049180670772	0.0456949640441147	0.00232615457468614	-0.159292849654537
-0.033749532168587	-0.176738290477484	-0.109614132811869	-0.176221956543097	0.0461759858918662	0.00231198588119632	-0.16133946169386
-0.0341527363568488	-0.178933633521884	-0.111046202399571	-0.178400973407884	0.0466552033753385	0.00229628496779874	-0.163394017971766
-0.0345566824152589	-0.181135454030092	-0.112484935919932	-0.180586072755167	0.047132513174166	0.00227902349697922	-0.16545641353318
-0.0349613391080906	-0.183343599541414	-0.113930283372993	-0.18277709594193	0.0476078116758745	0.00226017313513361	-0.167526543493495
-0.0353666754571829	-0.185557917502607	-0.115382194793653	-0.184973884201043	0.0480809949879366	0.00223970555948728	-0.16960430304237
-0.0357726607508033	-0.187778255276395	-0.116840620248753	-0.187176278650255	0.0485519589499478	0.0022175924650471	-0.171689587447588
-0.0361792645525132	-0.190004460150063	-0.118305509834169	-0.189384120301247	0.0490205991459261	0.00219380557158465	-0.173782292058972
-0.0365864567100293	-0.192236379344116	-0.119776813671945	-0.19159725006874	0.0494868109167294	0.00216831663064912	-0.175882312312367
-0.0369942073640843	-0.194473860021	-0.12125448190745	-0.193815508779661	0.0499504893725923	0.00214109743260575	-0.177989543733674
-0.0374024869572749	-0.196716749293894	-0.122738464706565	-0.19603873718235	0.050411529405773	0.00211211981370027	-0.180103881942947
-0.0378112662428986	-0.198964894235547	-0.124228712252905	-0.198266775955823	0.0508698257033154	0.00208135566314304	-0.182225222658551
-0.0382205162937755	-0.201218141887187	-0.125725174745068	-0.20049946571908	0.051325272759918	0.00204877693021725	-0.184353461701372
-0.0386302085110447	-0.203476339267477	-0.127227802393934	-0.202736647040443	0.0517777648909084	0.00201435563139846	-0.186488494999093
-0.0390403146329403	-0.205739333381523	-0.128736545419988	-0.204978160446951	0.0522271962453245	0.00197806385749571	-0.188630218590523
-0.0394508067435362	-0.208006971229941	-0.130251354050691	-0.207223846433784	0.0526734608190941	0.00193987378080074	-0.190778528629984
-0.0398616572814577	-0.210279099817956	-0.131772178517896	-0.209473545473711	0.0531164524683119	0.00189975766225018	-0.192933321391757
-0.0402728390485576	-0.212555566164566	-0.133298969055297	-0.21172709802659	0.0535560649226151	0.00185768785859588	-0.195094493274584
-0.0406843252185505	-0.214836217311728	-0.134831675895936	-0.213984344548878	0.0539921917986498	0.00181363682957892	-0.197261940806225
-0.0410960893456008	-0.217120900333604	-0.136370249269753	-0.216245125503181	0.0544247266136274	0.00176757714511058	-0.199435560648074
-0.0415081053728647	-0.219409462345824	-0.137914639401182	-0.218509281367811	0.0548535627989667	0.00171948149245151	-0.201615249599821
-0.0419203476409742	-0.221701750514809	-0.139464796506805	-0.220776652646387	0.0552785937140254	0.00166932268339116	-0.203800904604188
-0.0423327908964676	-0.2239976120671	-0.141020670793055	-0.223047079877432	0.0556997126599074	0.00161707366142569	-0.205992422751695
-0.0427454103001588	-0.22629689429874	-0.142582212453977	-0.225320403643994	0.0561168128933508	0.00156270750892436	-0.208189701285497
-0.0431581814354377	-0.228599444584665	-0.144149371669045	-0.227596464583286	0.0565297876406932	0.00150619745429554	-0.21039263760627
-0.0435710803165032	-0.230905110388137	-0.145722098601034	-0.229875103396324	0.0569385301119074	0.00144751687913491	-0.212601129277146
-0.0439840833965251	-0.233213739270184	-0.147300343393963	-0.232156160857584	0.0573429335147075	0.00138663932536852	-0.214815074028699
-0.0443971675757227	-0.235525178899071	-0.148884056171084	-0.234439477824655	0.0577428910687241	0.00132353850237198	-0.217034369763991
-0.0448103102093677	-0.237839277059781	-0.150473187032951	-0.2367248952479	0.0581382960197384	0.00125818829408319	-0.219258914563656
-0.045223489115697	-0.240155881663516	-0.152067686055547	-0.239012254180114	0.0585290416539839	0.00119056276608299	-0.221488606691043
-0.0456366825837396	-0.242474840757208	-0.153667503288472	-0.241301395786184	0.0589150213124993	0.00112063617266728	-0.223723344597403
-0.0460498693810469	-0.244796002533032	-0.155272588753216	-0.243592161352735	0.0592961284055399	0.00104838296388425	-0.225963026927126
-0.0464630287613273	-0.247119215337942	-0.156882892441484	-0.245884392297777	0.0596722564270408	0.000973777792550843	-0.228207552523024
-0.0468761404719795	-0.249444327683194	-0.158498364313606	-0.248177930180338	0.0600432989691261	0.000896795521240039	-0.230456820431659
-0.0472891847615194	-0.251771188253883	-0.160118954297013	-0.250472616710085	0.0604091497366663	0.000817411229235954	-0.23271072990872
-0.0477021423868984	-0.254099645918468	-0.161744612284792	-0.252768293756929	0.0607697025618762	0.000735600219458224	-0.234969180424445
-0.0481149946207109	-0.256429549738302	-0.163375288134315	-0.255064803360611	0.0611248514189517	0.000651338025347888	-0.237232071669075
-0.0485277232582787	-0.258760748977156	-0.165010931665943	-0.257361987740278	0.0614744904387458	0.000564600417721857	-0.239499303558368
-0.0489403106246256	-0.261093093110721	-0.166651492661814	-0.25965968930402	0.0618185139234714	0.000475363411579018	-0.241770776239142
-0.0493527395813155	-0.263426431836111	-0.168296920864707	-0.261957750658398	0.0621568163614396	0.000383603272876424	-0.244046390094861
-0.049764993533172	-0.265760615081349	-0.169947165976991	-0.264256014617934	0.0624892924418206	0.000289296525249244	-0.246326045751263
-0.0501770564348616	-0.268095493014832	-0.17160217765965	-0.266554324214579	0.0628158370694283	0.000192419956695898	-0.248609644082023
-0.0505889127973435	-0.270430916054781	-0.173261905531399	-0.26885252270715	0.0631363453795268	9.29506262092837e-05	-0.250897086214455
-0.0510005476941822	-0.272766734878655	-0.174926299167877	-0.271150453590721	0.0634507127526479	-9.13412964108477e-06	-0.253188273535246
-0.0514119467677121	-0.275102800432565	-0.176595308100939	-0.273447960605998	0.0637588348294307	-0.000113856690176283	-0.255483107696235
-0.0518230962350642	-0.277438963940634	-0.178268881818013	-0.275744887748635	0.0640606075254607	-0.000221239144131299	-0.257781490620206
-0.0522339828940379	-0.279775076914344	-0.17994696976157	-0.278041079278531	0.0643559270461236	-0.000331303283233892	-0.260083324506736
-0.0526445941288229	-0.282110991161837	-0.18162952132866	-0.280336379729063	0.064644689901458	-0.000444070595839541	-0.262388511838056
-0.053054917915566	-0.284446558797189	-0.183316485870553	-0.282630633916287	0.0649267929210088	-0.000559562260628216	-0.264696955384947
-0.0534649428277754	-0.286781632249647	-0.185007812692465	-0.284923686948098	0.0652021332686785	-0.000677799140358794	-0.267008558212668
-0.0538746580415679	-0.289116064272813	-0.18670345105337	-0.287215384233325	0.0654706084575696	-0.000798801775693589	-0.269323223686906
-0.0542840533407472	-0.291449707953796	-0.188403350165912	-0.289505571490787	0.0657321163648177	-0.000922590379080043	-0.271640855479752
-0.0546931191217133	-0.293782416722312	-0.190107459196406	-0.291794094758294	0.0659865552464114	-0.00104918482870512	-0.273961357575696
-0.0551018463982057	-0.296114044359734	-0.191815727264928	-0.294080800401596	0.0662338237519935	-0.00117860466251342	-0.276284634277655
-0.0555102268058664	-0.298444445008095	-0.193528103445503	-0.296365535123266	0.0664738209396451	-0.00131086907230265	-0.278610590213014
-0.0559182526066282	-0.300773473179031	-0.195244536766387	-0.298648145971537	0.0667064462906409	-0.00144599689788461	-0.280939130339681
-0.0563259166929242	-0.303100983762671	-0.196964976210441	-0.300928480349072	0.0669315997241829	-0.00158400662132124	-0.283270159952173
-0.0567332125917145	-0.305426832036466	-0.198689370715597	-0.303206386021671	0.0671491816120979	-0.00172491636123805	-0.285603584687706
-0.0571401344683236	-0.307750873673957	-0.200417669175427	-0.305481711126924	0.0673590927935064	-0.00186874386721446	-0.287939310532302
-0.0575466771300975	-0.310072964753473	-0.202149820439799	-0.307754304182781	0.06756123458945	-0.0020155065142483	-0.290277243826912
-0.0579528360298622	-0.312392961766776	-0.203885773315632	-0.310024014096078	0.0677555088174794	-0.00216522129730571	-0.292617291273544
-0.0583586072691966	-0.314710721627614	-0.205625476567744	-0.31229069017097	0.0679418178061992	-0.00231790482595023	-0.294959359941408
-0.0587639876015059	-0.317026101680225	-0.207368878919798	-0.314554182117317	0.0681200644097633	-0.00247357331905165	-0.297303357273055
-0.0591689744348985	-0.319338959707751	-0.209115929055345	-0.316814340058979	0.0682901520223214	-0.0026322425995834	-0.299649191090535
-0.0595735658348652	-0.32164915394058	-0.210866575618954	-0.319071014542049	0.0684519845924082	-0.00279392808950686	-0.30199676960155
-0.0599777605267547	-0.323956543064611	-0.212620767217445	-0.32132405654301	0.0686054666372785	-0.00295864480473318	-0.304346001405614
-0.0603815578980457	-0.326260986229429	-0.214378452421214	-0.323573317476809	0.0687505032571786	-0.00312640735018527	-0.306696795500204
-0.060784958000416	-0.328562343056408	-0.216139579765654	-0.325818649204865	0.0688870001495546	-0.00329722991494005	-0.309049061286923
-0.0611879615516013	-0.330860473646715	-0.217904097752665	-0.328059904042984	0.0690148636231907	-0.00347112626746522	-0.311402708577643
-0.0615905699370446	-0.333155238589235	-0.219671954852269	-0.33029693476921	0.069134000612282	-0.00364810975094851	-0.313757647600655
-0.0619927852113393	-0.335446498968392	-0.221443099504301	-0.332529594631574	0.0692443186904249	-0.00382819327871585	-0.3161137890068
-0.0623946100994543	-0.337734116371896	-0.223217480120215	-0.334757737355785	0.069345726084537	-0.00401138932974636	-0.318471043875603
-0.0627960479977496	-0.340017952898374	-0.224995045084956	-0.336981217152816	0.0694381316886932	-0.00419770994428213	-0.320829323721384
-0.0631971029747732	-0.342297871164916	-0.226775742758952	-0.339199888726411	0.0695214450778751	-0.00438716671953259	-0.323188540499355
-0.0635977797718463	-0.344573734314516	-0.228559521480173	-0.341413607280517	0.0695955765216403	-0.00457977080547495	-0.325548606611711
-0.0639980838034248	-0.346845406023406	-0.230346329566293	-0.343622228526611	0.0696604369976901	-0.00477553290075413	-0.327909434913696
-0.0643980211572475	-0.349112750508301	-0.232136115316937	-0.345825608690952	0.0697159382053574	-0.00497446324868044	-0.330270938719643
-0.0647975985942607	-0.351375632533517	-0.23392882701602	-0.348023604521735	0.0697619925789821	-0.00517657163332477	-0.332633031809006
-0.0651968235483257	-0.353633917417997	-0.235724412934163	-0.350216073296167	0.0697985133012012	-0.00538186737571667	-0.334995628432356
-0.0655957041257004	-0.355887471042218	-0.237522821331213	-0.352402872827435	0.0698254143161251	-0.00559035933014095	-0.337358643317357
-0.0659942491043024	-0.358136159854985	-0.23932400045883	-0.354583861471595	0.0698426103424128	-0.00580205588053361	-0.339721991674706
-0.0663924679327471	-0.360379850880118	-0.241127898563171	-0.356758898134368	0.0698500168862363	-0.00601696493698541	-0.342085589204054
-0.0667903707291661	-0.36261841172301	-0.242934463887647	-0.358927842277832	0.0698475502541339	-0.00623509393234388	-0.344449352099884
-0.067187968279794	-0.364851710577082	-0.244743644675771	-0.361090553927035	0.0698351275657459	-0.00645644981891623	-0.346813197057355
-0.0675852720373425	-0.367079616230105	-0.246555389174081	-0.363246893676499	0.069812666766436	-0.00668103906528032	-0.349177041278118
-0.0679822941191366	-0.369301998070409	-0.248369645635141	-0.365396722696639	0.0697800866397878	-0.00690886765319855	-0.351540802476082
-0.0683790473050395	-0.371518726092959	-0.250186362320621	-0.367539902740082	0.0697373068199784	-0.00713994107462996	-0.35390439888314
-0.0687755450351443	-0.373729670905318	-0.252005487504458	-0.369676296147885	0.0696842478040277	-0.0073742643288586	-0.356267749254861
-0.0691718014072463	-0.375934703733473	-0.253826969476075	-0.371805765855669	0.0696208309639162	-0.00761184191971296	-0.358630772876127
-0.0695678311740845	-0.378133696427538	-0.255650756543701	-0.373928175399638	0.0695469785585686	-0.00785267785290262	-0.36099338956672
-0.0699636497403667	-0.380326521467322	-0.25747679703773	-0.376043388922517	0.069462613745706	-0.00809677563345071	-0.36335551968687
-0.0703592731595688	-0.382513051967774	-0.259305039314171	-0.378151271179381	0.06936766059356	-0.00834413826323796	-0.365717084142739
-0.0707547181305063	-0.384693161684288	-0.261135431758163	-0.380251687543389	0.0692620440924453	-0.00859476823864885	-0.36807800439186
-0.0711500019936891	-0.386866725017874	-0.262967922787543	-0.38234450401142	0.0691456901661884	-0.00884866754832732	-0.370438202448512
-0.0715451427274505	-0.389033617020199	-0.264802460856498	-0.384429587209609	0.0690185256834153	-0.00910583767103081	-0.372797600889042
-0.0719401589438581	-0.391193713398483	-0.26663899445926	-0.386506804398783	0.068880478468687	-0.00936627957359578	-0.375156122857123
-0.0723350698844012	-0.393346890520268	-0.268477472133871	-0.388576023479802	0.0687314773134891	-0.00962999370901184	-0.377513692068946
-0.0727298954154602	-0.395493025418035	-0.270317842466009	-0.390637112998794	0.0685714519870635	-0.00989698001458762	-0.379870232818357
-0.0731246560235577	-0.397631995793692	-0.272160054092859	-0.392689942152293	0.068400333247093	-0.010167237910239	-0.382225669981916
-0.0735193728103948	-0.399763680022913	-0.274004055707048	-0.394734380792287	0.068218052850222	-0.0104407662968677	-0.384579929023892
-0.0739140674876627	-0.401887957159337	-0.27584979606063	-0.396770299431145	0.0680245435624203	-0.0107175635548559	-0.386932936001186
-0.0743087623716537	-0.404004706938628	-0.277697223969113	-0.398797569246469	0.0678197391691895	-0.0109976275426574	-0.389284617568179
-0.0747034803776434	-0.406113809782386	-0.279546288315546	-0.400816062085828	0.0676035744856001	-0.011280955595496	-0.391634900981507
-0.0750982450140719	-0.408215146801911	-0.28139693805464	-0.402825650471407	0.0673759853661671	-0.0115675445241679	-0.393983714104756
-0.0754930803765135	-0.410308599801829	-0.283249122216936	-0.404826207604545	0.0671369087145585	-0.0118573906139468	-0.396330985413078
-0.0758880111414306	-0.412394051283564	-0.28510278991302	-0.406817607370178	0.0668862824931309	-0.0121504896235942	-0.398676643997727
-0.0762830625597287	-0.41447138444867	-0.286957890337764	-0.408799724341197	0.0666240457323018	-0.0124468367844626	-0.401020619570507
-0.0766782604501056	-0.416540483202009	-0.288814372774609	-0.410772433782678	0.0663501385397391	-0.0127464267997197	-0.403362842468142
-0.0770736311921907	-0.418601232154782	-0.290672186599888	-0.412735611656048	0.0660645021093863	-0.0130492538436508	-0.405703243656551
-0.0774692017194911	-0.420653516627422	-0.292531281287167	-0.414689134623131	0.0657670787303053	-0.01335531156108	-0.408041754735036
-0.0778649995121362	-0.422697222652316	-0.294391606411625	-0.416632880050101	0.0654578117953422	-0.0136645930668821	-0.41037830794038
-0.0782610525894234	-0.424732236976406	-0.296253111654452	-0.418566726011348	0.0651366458096205	-0.0139770909455971	-0.412712836150854
-0.0786573895021715	-0.426758447063613	-0.298115746807282	-0.420490551293237	0.0648035263988422	-0.0142927972511426	-0.415045272890119
-0.0790540393248817	-0.428775741097135	-0.299979461776632	-0.422404235397772	0.0644584003174224	-0.0146117035066276	-0.417375552331047
-0.0794510316477083	-0.430784007981575	-0.301844206588373	-0.424307658546177	0.0641012154564248	-0.0149338007042542	-0.419703609299425
-0.0798483965682442	-0.432783137344938	-0.303709931392206	-0.426200701682367	0.063731920851327	-0.0152590793053255	-0.422029379277578
-0.0802461646831147	-0.434773019540463	-0.305576586466162	-0.428083246476335	0.0633504666895906	-0.0155875292403472	-0.424352798407872
-0.0806443670793998	-0.436753545648315	-0.307444122221105	-0.42995517532744	0.0629568043180509	-0.0159191399092185	-0.426673803496126
-0.08104303532587	-0.438724607477119	-0.309312489205242	-0.431816371367609	0.0625508862501161	-0.0162539001815226	-0.428992332014913
-0.0814422014640448	-0.440686097565357	-0.311181638108648	-0.433666718464443	0.0621326661727814	-0.0165917983969069	-0.431308322106756
-0.081841897999082	-0.442637909182603	-0.313051519767782	-0.435506101224228	0.0617020989534475	-0.0169328223655577	-0.433621712587211
-0.0822421578904924	-0.444579936330622	-0.314922085170014	-0.43733440499487	0.0612591406465602	-0.0172769593687634	-0.435932442947847
-0.0826430145426893	-0.446512073744301	-0.316793285458138	-0.439151515868716	0.060803748500046	-0.0176241961595672	-0.438240453359108
-0.0830445017953699	-0.448434216892462	-0.318665071934894	-0.44095732068532	0.0603358809615699	-0.0179745189635133	-0.44054568467307
-0.083446653913737	-0.450346261978497	-0.32053739606747	-0.442751707034082	0.0598554976845892	-0.0183279134794757	-0.442848078426071
-0.0838495055785606	-0.452248105940881	-0.322410209491998	-0.444534563256841	0.0593625595342255	-0.0186843648805759	-0.445147576841237
-0.0842530918760878	-0.45413964645352	-0.32428346401804	-0.446305778450343	0.058857028592937	-0.0190438578151893	-0.447444122830884
-0.0846574482877921	-0.456020781925967	-0.326157111633055	-0.448065242468657	0.0583388681660005	-0.019406376408029	-0.449737659998807
-0.0850626106799838	-0.457891411503487	-0.328031104506845	-0.449812845925481	0.0578080427868001	-0.0197719042613217	-0.45202813264244
-0.0854686152932647	-0.459751435066987	-0.329905394995992	-0.451548480196388	0.0572645182219243	-0.0201404244560583	-0.454315485754906
-0.0858754987318511	-0.461600753232786	-0.331779935648252	-0.453272037420969	0.0567082614760645	-0.0205119195533309	-0.456599665026939
-0.0862832979527464	-0.46343926735227	-0.333654679206943	-0.454983410504912	0.0561392407967273	-0.0208863715957475	-0.45888061684868
-0.086692050254786	-0.465266879511372	-0.335529578615291	-0.456682493121982	0.0555574256787425	-0.0212637621089281	-0.461158288311354
-0.0871017932675521	-0.467083492529953	-0.337404587020748	-0.458369179715953	0.0549627868685936	-0.0216440721030709	-0.463432627208826
-0.087512564940148	-0.468889009961003	-0.339279657779282	-0.46004336550242	0.0543552963685364	-0.0220272820746038	-0.465703582039012
-0.0879244035298636	-0.47068333608975	-0.34115474445962	-0.461704946470577	0.0537349274405419	-0.0224133720079087	-0.467971102005183
-0.088337347590707	-0.472466375932589	-0.343029800847462	-0.463353819384888	0.0531016546100331	-0.0228023213771144	-0.470235137017135
-0.0887514359618231	-0.474238035235909	-0.344904780949647	-0.464989881786701	0.0524554536694379	-0.0231941091479697	-0.472495637692221
-0.0891667077558028	-0.475998220474774	-0.346779638998278	-0.466613031995782	0.0517963016815485	-0.0235887137797788	-0.474752555356264
-0.0895832023468712	-0.47774683885148	-0.348654329454801	-0.468223169111778	0.0511241769826853	-0.0239861132274189	-0.477005842044334
-0.090000959358979	-0.479483798293966	-0.350528807014034	-0.469820193015614	0.0504390591856755	-0.0243862849434114	-0.479255450501398
-0.0904200186537887	-0.481209007454125	-0.352403026608145	-0.471404004370809	0.0497409291826395	-0.0247892058800755	-0.481501334182831
-0.090840420318559	-0.48292237570596	-0.354276943410574	-0.472974504624739	0.0490297691475871	-0.0251948524917391	-0.483743447254801
-0.0912622046539356	-0.484623813143637	-0.356150512839907	-0.474531596009817	0.0483055625388271	-0.0256032007370144	-0.485981744594519
-0.0916854121616497	-0.486313230579405	-0.358023690563683	-0.47607518154463	0.0475682941011881	-0.0260142260811394	-0.488216181790353
-0.0921100835321337	-0.487990539541397	-0.359896432502145	-0.477605165034978	0.0468179498680527	-0.0264279034983845	-0.490446715141811
-0.0925362596320447	-0.489655652271315	-0.361768694831925	-0.479121451074886	0.0460545171632068	-0.0268442074745141	-0.492673301659389
-0.0929639814917144	-0.491308481721996	-0.363640433989671	-0.480623945047527	0.0452779846025037	-0.0272631120093122	-0.494895899064284
-0.0933932902925209	-0.49294894155486	-0.365511606675599	-0.482112553126096	0.0444883420953425	-0.0276845906191639	-0.497114465787968
-0.0938242273541882	-0.494576946137266	-0.367382169856981	-0.483587182274642	0.0436855808459728	-0.028108616339689	-0.499328960971637
-0.0942568341220171	-0.496192410539717	-0.369252080771556	-0.485047740248795	0.0428696933546047	-0.0285351617284486	-0.501539344465514
-0.0946911521540521	-0.497795250532997	-0.371121296930875	-0.486494135596483	0.0420406734183493	-0.0289641988676881	-0.503745576828015
-0.0951272231081858	-0.49938538258518	-0.372989776123567	-0.48792627765857	0.0411985161319778	-0.0293956993671361	-0.505947619324792
-0.09556508872921	-0.500962723858549	-0.374857476418529	-0.489344076569459	0.0403432178885043	-0.0298296343668652	-0.508145433927631
-0.0960047908358089	-0.5025271922064	-0.376724356168028	-0.490747443257615	0.0394747763795914	-0.0302659745401964	-0.510338983313212
-0.0964463713075065	-0.504078706169755	-0.378590374010741	-0.492136289446065	0.0385931905957821	-0.0307046900966453	-0.512528230861739
-0.0968898720715704	-0.505617184973979	-0.380455488874691	-0.493510527652827	0.0376984608265607	-0.0311457507849344	-0.514713140655433
-0.0973353350898646	-0.507142548525303	-0.382319659980115	-0.49487007119131	0.0367905886602425	-0.0315891258960356	-0.516893677476886
-0.0977828023456788	-0.508654717407252	-0.384182846842234	-0.496214834170646	0.0358695769836909	-0.0320347842662713	-0.519069806807284
-0.0982323158305105	-0.51015361287699	-0.386045009273941	-0.497544731495999	0.0349354299818746	-0.0324826942804435	-0.521241494824494
-0.0986839175308275	-0.511639156861571	-0.387906107388397	-0.498859678868808	0.0339881531372498	-0.0329328238750257	-0.523408708401012
-0.0991376494147936	-0.513111271954117	-0.38976610160154	-0.500159592787007	0.0330277532289853	-0.0333851405413815	-0.52557141510178
-0.099593553418981	-0.514569881409907	-0.391624952634494	-0.501444390545192	0.0320542383320225	-0.0338396113290311	-0.527729583181872
-0.100051671435058	-0.516014909142395	-0.39348262151589	-0.502713990234751	0.0310676178159786	-0.0342962028489543	-0.529883181584039
-0.100512045296463	-0.517446279719143	-0.39533906958409	-0.503968310743956	0.0300679023438848	-0.0347548812769357	-0.532032179936131
-0.100974716765068	-0.518863918357692	-0.39719425848931	-0.505207271758013	0.0290551038707748	-0.0352156123569446	-0.53417654854837
-0.101439727517833	-0.520267750921361	-0.399048150195651	-0.506430793759094	0.028029235642118	-0.0356783614045479	-0.536316258410509
-0.101907119133454	-0.521657703914975	-0.400900706983026	-0.507638798026307	0.0269903121920966	-0.036143093310367	-0.538451281188851
-0.102376933079016	-0.523033704480531	-0.402751891448987	-0.508831206635655	0.0259383493417355	-0.0366097725435602	-0.540581589223129
-0.102849210696642	-0.524395680392812	-0.404601666510456	-0.510007942459962	0.0248733641968863	-0.0370783631553391	-0.542707155523279
-0.103323993190154	-0.525743560054932	-0.40644999540534	-0.51116892916875	0.023795375146061	-0.0375488287825279	-0.544827953766057
-0.10380132161174	-0.527077272493829	-0.408296841694061	-0.512314091228114	0.0227044018581236	-0.0380211326511335	-0.546943958291543
-0.104281236848638	-0.528396747355713	-0.410142169260958	-0.513443353900549	0.0216004652798413	-0.0384952375799647	-0.549055144099519
-0.104763779609831	-0.529701914901455	-0.411985942315606	-0.514556643244753	0.0204835876332937	-0.0389711059842718	-0.551161486845705
-0.105248990412768	-0.530992706001945	-0.413828125394017	-0.515653886115426	0.0193537924131509	-0.0394486998794141	-0.553262962837889
-0.105736909570107	-0.532269052133392	-0.415668683359728	-0.516735010163017	0.0182111043838075	-0.0399279808845537	-0.555359549031913
-0.106227577176484	-0.533530885372596	-0.417507581404799	-0.517799943833466	0.0170555495763927	-0.0404089102263827	-0.557451223027552
-0.106721033095311	-0.534778138392178	-0.419344785050682	-0.51884861636792	0.0158871552856437	-0.0408914487428665	-0.559537963064257
-0.107217316945612	-0.536010744455783	-0.421180260148995	-0.519880957802437	0.0147059500666589	-0.0413755568870166	-0.561619748016782
-0.107716468088884	-0.537228637413249	-0.423013972882181	-0.52089689896766	0.0135119637315152	-0.0418611947306872	-0.563696557390687
-0.108218525616019	-0.538431751695746	-0.424845889764057	-0.521896371488476	0.0123052273457691	-0.042348321968397	-0.56576837131773
-0.108723528334249	-0.539620022310903	-0.426675977640251	-0.522879307783676	0.0110857732248371	-0.0428368979211628	-0.567835170551125
-0.109231514754139	-0.54079338483791	-0.428504203688534	-0.523845641065581	0.0098536349302558	-0.0433268815403695	-0.569896936460698
-0.109742523076646	-0.541951775422593	-0.43033053541903	-0.52479530533966	0.00860884726582199	-0.043818231411648	-0.571953651027922
-0.110256591180208	-0.54309513077249	-0.432154940674329	-0.52572823540414	0.00735144627362433	-0.0443109057587851	-0.574005296840826
-0.110773756607907	-0.544223388151918	-0.43397738762947	-0.526644366849616	0.0060814692299681	-0.0448048624476366	-0.576051857088813
-0.111294056554671	-0.545336485377015	-0.435797844791832	-0.527543636058617	0.00479895464117267	-0.04530005899008	-0.578093315557343
-0.111817527854557	-0.546434360810794	-0.437616281000897	-0.528425980205206	0.00350394223928511	-0.0457964525479677	-0.580129656622522
-0.112344206968082	-0.547516953358201	-0.439432665427912	-0.529291337254545	0.00219647297767299	-0.0462939999371046	-0.582160865245571
-0.112874129969623	-0.548584202461159	-0.441246967575431	-0.530139645962472	0.000876589026525626	-0.0467926576312478	-0.584186926967197
-0.1134073325349	-0.549636048093626	-0.443059157276751	-0.530970845875047	-0.00045566623175485	-0.0472923817661138	-0.586207827901841
-0.113943849928505	-0.550672430756668	-0.444869204695237	-0.531784877328129	-0.00180024820724876	-0.0477931281434074	-0.588223554731845
-0.114483716991533	-0.551693291473547	-0.446677080323529	-0.532581681446932	-0.0031571111073132	-0.0482948522348679	-0.590234094701492
-0.115026968129268	-0.552698571784804	-0.448482754982646	-0.533361200145573	-0.00452620794147264	-0.0487975091863224	-0.59223943561096
-0.115573637298964	-0.553688213743385	-0.450286199820972	-0.534123376126632	-0.00590749052639406	-0.0493010538217654	-0.594239565810168
-0.116123757997699	-0.554662159909778	-0.45208738631314	-0.534868152880711	-0.00730090949095207	-0.0498054406474477	-0.596234474192528
-0.11667736325031	-0.555620353347184	-0.453886286258801	-0.535595474685998	-0.00870641428137923	-0.0503106238559729	-0.598224150188592
-0.117234485597432	-0.556562737616704	-0.455682871781285	-0.536305286607821	-0.010123953166502	-0.0508165573304212	-0.600208583759614
-0.117795157083607	-0.557489256772576	-0.457477115326147	-0.536997534498222	-0.0115534732430486	-0.0513231946484758	-0.602187765391012
-0.118359409245496	-0.55839985535742	-0.45926898965962	-0.537672164995518	-0.0129949204410522	-0.0518304890865723	-0.604161686085736
-0.118927273100178	-0.559294478397562	-0.461058467866947	-0.538329125523893	-0.014448239529311	-0.0523383936240511	-0.60613033735755
-0.11949877913355	-0.560173071398366	-0.46284552335061	-0.538968364292976	-0.015913374120936	-0.0528468609473318	-0.608093711224224
-0.120073957288822	-0.561035580339622	-0.464630129828459	-0.539589830297432	-0.0173902666789661	-0.0533558434540966	-0.610051800200641
-0.120652836955115	-0.561881951670985	-0.466412261331724	-0.540193473316566	-0.0188788585220544	-0.0538652932574859	-0.61200459729181
-0.121235446956157	-0.562712132307472	-0.468191892202937	-0.540779243913939	-0.0203790898302147	-0.0543751621903115	-0.613952095985809
-0.121821815539088	-0.563526069624991	-0.469968997093739	-0.541347093436977	-0.0218908996506509	-0.054885401809278	-0.615894290246635
-0.122411970363369	-0.564323711455955	-0.471743550962591	-0.541896974016619	-0.0234142259036269	-0.0553959633992178	-0.617831174506976
-0.123005938489794	-0.565105006084941	-0.473515529072385	-0.542428838566959	-0.0249490053884156	-0.0559067979773422	-0.619762743660918
-0.123603746369623	-0.565869902244415	-0.475284906987946	-0.542942640784901	-0.0264951737892999	-0.0564178562974996	-0.621688993056554
-0.124205419833819	-0.566618349110531	-0.477051660573447	-0.54343833514984	-0.0280526656816309	-0.0569290888544536	-0.623609918488534
-0.124810984082399	-0.567350296298986	-0.478815765989718	-0.543915876923339	-0.0296214145379446	-0.0574404458881716	-0.625525516190539
-0.125420463673904	-0.568065693860963	-0.480577199691459	-0.544375222148843	-0.0312013527341257	-0.0579518773881207	-0.627435782827682
-0.126033882514984	-0.568764492279143	-0.482335938424362	-0.544816327651394	-0.0327924115556302	-0.0584633330975898	-0.629340715488847
-0.126651263850099	-0.569446642463799	-0.484091959222136	-0.545239151037369	-0.0343945212037525	-0.0589747625180109	-0.631240311678951
-0.127272630251347	-0.570112095748968	-0.485845239403432	-0.545643650694237	-0.0360076108019408	-0.0594861149133054	-0.633134569311146
-0.127898003608408	-0.570760803888705	-0.487595756568697	-0.546029785790322	-0.0376316084021627	-0.0599973393142405	-0.635023486698963
-0.128527405118613	-0.571392719053437	-0.489343488596912	-0.546397516274611	-0.039266440991305	-0.0605083845227937	-0.636907062548386
-0.12916085527714	-0.572007793826394	-0.49108841364226	-0.546746802876544	-0.0409120344976294	-0.0610191991165503	-0.638785295949875
-0.129798373867336	-0.572605981200145	-0.492830510130704	-0.547077607105869	-0.0425683137972575	-0.0615297314530888	-0.640658186370326
-0.130439979951165	-0.573187234573214	-0.494569756756468	-0.547389891252471	-0.0442352027207001	-0.0620399296744099	-0.642525733644976
-0.131085691859785	-0.573751507746816	-0.49630613247845	-0.547683618386264	-0.0459126240594223	-0.0625497417113568	-0.644387937969264
-0.131735527184259	-0.574298754921675	-0.498039616516542	-0.547958752357073	-0.047600499572446	-0.0630591152880708	-0.646244799890621
-0.132389502766396	-0.574828930694956	-0.499770188347873	-0.548215257794559	-0.0492987499929852	-0.0635679979264504	-0.648096320300236
-0.133047634689724	-0.5753419900573	-0.50149782770297	-0.548453100108152	-0.0510072950351169	-0.0640763369506343	-0.649942500424752
-0.1337099382706	-0.575837888389973	-0.503222514561847	-0.548672245487024	-0.0527260534004771	-0.0645840794914969	-0.651783341817934
-0.134376428049451	-0.57631658146212	-0.504944229150013	-0.548872660900063	-0.0544549427849965	-0.065091172491168	-0.653618846352281
-0.135047117782163	-0.576778025428136	-0.506662951934407	-0.549054314095894	-0.056193879885654	-0.0655975627075683	-0.655449016210603
-0.135722020431591	-0.577222176825153	-0.508378663619265	-0.549217173602905	-0.0579427804072704	-0.066103196718957	-0.657273853877556
-0.136401148159226	-0.57764899257065	-0.510091345141909	-0.549361208729317	-0.0597015590693133	-0.0666080209285094	-0.659093362131144
-0.137084512316986	-0.578058429960177	-0.511800977668476	-0.549486389563257	-0.0614701296127415	-0.0671119815689115	-0.660907544034183
-0.137772123439162	-0.578450446665211	-0.513507542589572	-0.549592686972879	-0.06324840480686	-0.0676150247069692	-0.662716402925726
-0.138463991234499	-0.578825000731126	-0.51521102151587	-0.549680072606492	-0.0650362964562124	-0.0681170962482455	-0.664519942412465
-0.13916012457842	-0.579182050575299	-0.516911396273636	-0.549748518892723	-0.0668337154074803	-0.0686181419417174	-0.666318166360107
-0.139860531505398	-0.579521554985349	-0.5186086489002	-0.549797999040697	-0.0686405715564143	-0.0691181073844606	-0.668111078884704
-0.140565219201472	-0.579843473117507	-0.520302761639368	-0.549828487040275	-0.070456773854776	-0.069616938026337	-0.669898684343977
-0.141274193996909	-0.5801477644951	-0.521993716936771	-0.549839957662257	-0.0722822303173095	-0.0701145791747414	-0.671680987328612
-0.14198746135901	-0.580434389007211	-0.523681497435167	-0.549832386458682	-0.074116848028718	-0.0706109759993349	-0.673457992653527
-0.14270502588507	-0.58070330690744	-0.525366085969686	-0.549805749763101	-0.0759605331506691	-0.071106073536833	-0.67522970534913
-0.143426891295483	-0.580954478812823	-0.52704746556302	-0.549760024690905	-0.0778131909288089	-0.0715998166957996	-0.676996130652547
-0.144153060426998	-0.581187865702888	-0.528725619420572	-0.54969518913967	-0.0796747256997951	-0.0720921502614808	-0.678757273998854
-0.144883535226126	-0.581403428918861	-0.530400530925554	-0.549611221789529	-0.0815450408983448	-0.0725830189006587	-0.680513141012278
-0.145618316742698	-0.581601130163005	-0.532072183634034	-0.549508102103573	-0.0834240390642944	-0.0730723671665364	-0.682263737497388
-0.146357405123572	-0.581780931498119	-0.533740561269956	-0.549385810328283	-0.0853116218496785	-0.0735601395036495	-0.684009069430296
-0.147100799606502	-0.581942795347177	-0.535405647720102	-0.549244327493977	-0.0872076900258143	-0.0740462802528084	-0.685749142949824
-0.147848498514147	-0.582086684493119	-0.537067427029027	-0.549083635415297	-0.0891121434904052	-0.0745307336560747	-0.687483964348684
-0.14860049924825	-0.582212562078803	-0.53872588339395	-0.548903716691716	-0.0910248812746568	-0.0750134438617601	-0.689213540064652
-0.149356798283962	-0.582320391607088	-0.540381001159617	-0.548704554708066	-0.0929458015503977	-0.0754943549294677	-0.690937876671732
-0.150117391164321	-0.582410136941096	-0.542032764813128	-0.548486133635109	-0.0948748016372216	-0.0759734108351554	-0.692656980871333
-0.150882272494899	-0.582481762304614	-0.543681158978737	-0.548248438430118	-0.0968117780096346	-0.0764505554762399	-0.69437085948344
-0.151651435938588	-0.582535232282666	-0.545326168412615	-0.547991454837493	-0.098756626304212	-0.0769257326767339	-0.696079519437795
-0.152424874210568	-0.58257051182222	-0.546967777997603	-0.547715169389401	-0.100709241326775	-0.0773988861924134	-0.697782967765081
-0.153202579073408	-0.582587566233091	-0.548605972737927	-0.547419569406441	-0.102669517059568	-0.077869959716032	-0.699481211588119
-0.153984541332349	-0.582586361188958	-0.550240737753899	-0.547104642998329	-0.104637346668454	-0.0783388968825559	-0.701174258113071
-0.154770750830729	-0.582566862728595	-0.551872058276596	-0.546770379064632	-0.106612622510112	-0.0788056412744487	-0.702862114620659
-0.155561196445585	-0.582529037257211	-0.553499919642524	-0.546416767295481	-0.108595236139259	-0.079270136426992	-0.704544788457402
-0.156355866083401	-0.582472851548005	-0.555124307288265	-0.546043798172371	-0.110585078315866	-0.0797323258336386	-0.70622228702686
-0.157154746676031	-0.582398272743836	-0.556745206745114	-0.545651462968918	-0.112582039012402	-0.0801921529514159	-0.70789461778091
-0.157957824176773	-0.582305268359097	-0.558362603633698	-0.545239753751696	-0.11458600742107	-0.0806495612063575	-0.709561788211026
-0.158765083556619	-0.582193806281732	-0.559976483658601	-0.544808663381065	-0.116596871961073	-0.0811044939989885	-0.711223805839603
-0.159576508800657	-0.582063854775434	-0.561586832602968	-0.544358185512041	-0.118614520285873	-0.0815568947098384	-0.712880678211288
-0.160392082904648	-0.581915382481988	-0.563193636323113	-0.54388831459516	-0.120638839290483	-0.082006706705016	-0.71453241288434
-0.161211787871756	-0.581748358423813	-0.564796880743123	-0.543399045877409	-0.122669715118746	-0.0824538733418065	-0.716179017422034
-0.162035604709459	-0.581562752006637	-0.566396551849461	-0.542890375403132	-0.124707033170649	-0.0828983379743271	-0.717820499384077
-0.162863513426612	-0.581358533022369	-0.567992635685577	-0.542362300014997	-0.126750678109631	-0.0833400439592239	-0.71945686631806
-0.163695493030687	-0.581135671652119	-0.569585118346518	-0.541814817354947	-0.128800533869919	-0.0837789346614131	-0.721088125750962
-0.164531521525175	-0.580894138469397	-0.571173985973545	-0.541247925865205	-0.130856483663868	-0.084214953459867	-0.722714285180664
-0.165371575907157	-0.580633904443489	-0.572759224748763	-0.540661624789281	-0.132918409989313	-0.0846480437534526	-0.724335352067522
-0.166215632165052	-0.580354940942969	-0.574340820889759	-0.540055914172994	-0.134986194636951	-0.0850781489668102	-0.725951333825971
-0.167063665276517	-0.580057219739421	-0.575918760644254	-0.539430794865523	-0.137059718697714	-0.0855052125562868	-0.727562237816177
-0.16791564920654	-0.5797407130113	-0.577493030284769	-0.538786268520472	-0.13913886257018	-0.0859291780159142	-0.729168071335724
-0.168771556905679	-0.57940539334798	-0.579063616103312	-0.538122337596955	-0.141223505967985	-0.0863499888834406	-0.730768841611365
-0.169631360308497	-0.579051233753946	-0.580630504406081	-0.537439005360682	-0.143313527927261	-0.0867675887464061	-0.732364555790792
-0.170495030332145	-0.578678207653198	-0.582193681508192	-0.536736275885097	-0.145408806814087	-0.0871819212482755	-0.733955220934492
-0.171362536875141	-0.578286288893763	-0.583753133728431	-0.536014154052481	-0.147509220331959	-0.0875929300946175	-0.735540844007629
-0.172233848816302	-0.577875451752426	-0.585308847384017	-0.535272645555109	-0.149614645529278	-0.0880005590593363	-0.737121431871983
-0.173108934013863	-0.577445670939612	-0.586860808785428	-0.534511756896414	-0.15172495880686	-0.0884047519909603	-0.738696991277969
-0.173987759304764	-0.576996921604404	-0.588409004231215	-0.533731495392139	-0.153840035925468	-0.0888054528189732	-0.74026752885667
-0.174870290504113	-0.576529179339786	-0.589953420002879	-0.532931869171537	-0.15595975201336	-0.0892026055602131	-0.741833051111977
-0.175756492404832	-0.576042420187992	-0.591494042359764	-0.532112887178552	-0.158083981573863	-0.0895961543253051	-0.743393564412758
-0.176646328777465	-0.575536620646055	-0.593030857533998	-0.53127455917303	-0.160212598492975	-0.0899860433251704	-0.7449490749851
-0.177539762370175	-0.57501175767151	-0.594563851725468	-0.530416895731932	-0.162345476046975	-0.0903722168775698	-0.746499588904631
-0.178436754908916	-0.574467808688252	-0.596093011096829	-0.529539908250547	-0.164482486910083	-0.0907546194137185	-0.748045112088881
-0.17933726709778	-0.573904751592565	-0.597618321768564	-0.528643608943739	-0.166623503162118	-0.0911331954849384	-0.749585650289743
-0.180241258619524	-0.573322564759307	-0.59913976981408	-0.527728010847164	-0.168768396296208	-0.0915078897693831	-0.751121209085975
-0.18114868813628	-0.572721227048255	-0.600657341254861	-0.526793127818533	-0.170917037226511	-0.0918786470788034	-0.752651793875807
-0.182059513290441	-0.572100717810601	-0.602171022055655	-0.525838974538841	-0.173069296295975	-0.092245412365381	-0.754177409869597
-0.182973690705732	-0.571461016895617	-0.603680798119722	-0.524865566513632	-0.175225043284121	-0.0926081307286114	-0.755698062082577
-0.183891175988454	-0.57080210465747	-0.605186655284124	-0.52387292007425	-0.177384147414862	-0.0929667474222377	-0.757213755327674
-0.184811923728921	-0.570123961962183	-0.60668857931508	-0.522861052379098	-0.179546477364353	-0.0933212078612526	-0.758724494208415
-0.185735887503074	-0.569426570194751	-0.608186555903364	-0.52182998141489	-0.181711901268874	-0.0936714576289467	-0.76023028311191
-0.186663019874277	-0.568709911266425	-0.60968057065977	-0.520779725997923	-0.183880286732748	-0.0940174424840194	-0.761731126201921
-0.187593272395302	-0.567973967622113	-0.611170609110628	-0.519710305775318	-0.186051500836289	-0.0943591083677404	-0.76322702741202
-0.188526595610495	-0.567218722247961	-0.612656656693388	-0.518621741226295	-0.1882254101438	-0.0946964014111685	-0.764717990438838
-0.189462939058125	-0.56644415867905	-0.614138698752262	-0.51751405366341	-0.190401880711595	-0.0950292679424321	-0.766204018735389
-0.190402251272926	-0.565650261007256	-0.615616720533927	-0.516387265233814	-0.192580778096065	-0.095357654494059	-0.767685115504499
-0.191344479788821	-0.564837013889242	-0.617090707183305	-0.515241398920489	-0.194761967361788	-0.095681507810361	-0.769161283692337
-0.192289571141832	-0.564004402554601	-0.618560643739398	-0.514076478543502	-0.196945313089671	-0.0960007748548811	-0.770632525982015
-0.19323747087318	-0.563152412814115	-0.620026515131199	-0.512892528761217	-0.199130679385147	-0.0963154028178916	-0.772098844787312
-0.194188123532576	-0.562281031068166	-0.621488306173673	-0.51168957507153	-0.201317929886402	-0.0966253391239441	-0.773560242246478
-0.195141472681695	-0.561390244315271	-0.622946001563812	-0.510467643813075	-0.20350692777266	-0.0969305314394791	-0.775016720216153
-0.196097460897845	-0.56048004016076	-0.624399585876756	-0.509226762166433	-0.2056975357725	-0.097230927680489	-0.77646828026538
-0.197056029777822	-0.55955040682556	-0.625849043562006	-0.507966958155319	-0.207889616172234	-0.0975264760202308	-0.777914923669725
-0.198017119941962	-0.558601333155126	-0.627294358939691	-0.506688260647764	-0.210083030824318	-0.0978171248969971	-0.779356651405502
-0.198980671038377	-0.557632808628474	-0.628735516196941	-0.505390699357266	-0.212277641155834	-0.0981028230219386	-0.780793464144114
-0.199946621747387	-0.55664482336736	-0.630172499384315	-0.504074304843964	-0.214473308176994	-0.0983835193869308	-0.782225362246486
-0.200914909786147	-0.555637368145546	-0.631605292412328	-0.502739108515745	-0.216669892489723	-0.0986591632725073	-0.783652345757632
-0.201885471913461	-0.554610434398207	-0.633033879048049	-0.501385142629374	-0.218867254296278	-0.0989297042558317	-0.785074414401318
-0.202858243934799	-0.553564014231428	-0.634458242911798	-0.500012440291582	-0.221065253407927	-0.0991950922187223	-0.786491567574845
-0.203833160707495	-0.552498100431824	-0.635878367473912	-0.498621035460151	-0.223263749253681	-0.0994552773557292	-0.787903804343954
-0.20481015614615	-0.55141268647627	-0.637294236051612	-0.497210962944965	-0.225462600889083	-0.0997102101822541	-0.789311123437842
-0.205789163228234	-0.550307766541697	-0.638705831805952	-0.495782258409034	-0.227661667005062	-0.0999598415427255	-0.790713523244304
-0.206770113999865	-0.549183335515051	-0.640113137738858	-0.494334958369522	-0.229860805936825	-0.100204122618812	-0.792111001804986
-0.207752939581811	-0.54803938900328	-0.641516136690261	-0.492869100198718	-0.232059875672836	-0.10044300493769	-0.793503556810781
-0.208737570175662	-0.546875923343466	-0.642914811335321	-0.491384722124996	-0.234258733863829	-0.100676440380343	-0.794891185597328
-0.209723935070216	-0.545692935613011	-0.644309144181744	-0.489881863233755	-0.236457237831908	-0.100904381189919	-0.79627388514065
-0.210711962648064	-0.544490423639931	-0.645699117567195	-0.488360563468306	-0.238655244579684	-0.101126779980123	-0.797651652052922
-0.211701580392355	-0.543268386013221	-0.647084713656807	-0.486820863630765	-0.240852610799501	-0.101343589743648	-0.799024482578361
-0.212692714893784	-0.542026822093302	-0.648465914440788	-0.485262805382881	-0.243049192882705	-0.101554763860648	-0.800392372589248
-0.213685291857755	-0.540765732022545	-0.649842701732118	-0.483686431246852	-0.245244846928994	-0.101760256107255	-0.80175531758209
-0.214679236111762	-0.53948511673586	-0.651215057164365	-0.482091784606101	-0.24743942875583	-0.101960020664121	-0.803113312673912
-0.215674471612956	-0.538184977971362	-0.652582962189578	-0.480478909706021	-0.249632793907914	-0.102154012125008	-0.804466352598684
-0.216670921455921	-0.53686531828109	-0.653946398076294	-0.478847851654677	-0.251824797666734	-0.102342185505409	-0.805814431703883
-0.217668507880644	-0.535526141041784	-0.655305345907651	-0.477198656423474	-0.25401529506019	-0.102524496251187	-0.8071575439472
-0.218667152280685	-0.534167450465745	-0.656659786579593	-0.475531370847803	-0.256204140872271	-0.102700900247273	-0.808495682893386
-0.219666775211549	-0.532789251611707	-0.658009700799186	-0.473846042627614	-0.25839118965282	-0.102871353826364	-0.809828841711233
-0.220667296399262	-0.531391550395779	-0.659355069083038	-0.472142720327977	-0.260576295727365	-0.103035813777671	-0.811157013170705
-0.221668634749137	-0.52997435360243	-0.660695871755829	-0.470421453379589	-0.262759313207021	-0.103194237355681	-0.812480189640213
-0.222670708354756	-0.52853766889551	-0.662032088948935	-0.46868229207924	-0.264940095998471	-0.103346582288943	-0.813798363084029
-0.223673434507136	-0.527081504829298	-0.663363700599174	-0.466925287590234	-0.267118497814013	-0.103492806788883	-0.815111525059861
-0.224676729704102	-0.525605870859598	-0.664690686447656	-0.465150491942768	-0.269294372181693	-0.103632869558629	-0.816419666716552
-0.225680509659872	-0.524110777354839	-0.666013026038729	-0.463357958034253	-0.271467572455506	-0.103766729801869	-0.817722778791957
-0.226684689314821	-0.522596235607214	-0.667330698719058	-0.461547739629605	-0.27363795182567	-0.103894347231706	-0.819020851610952
-0.227689182845463	-0.521062257843834	-0.668643683636795	-0.459719891361469	-0.275805363328993	-0.104015682079545	-0.8203138750836
-0.228693903674625	-0.51950885723788	-0.66995195974087	-0.457874468730403	-0.277969659859298	-0.10413069510398	-0.821601838703472
-0.229698764481822	-0.517936047919779	-0.671255505780381	-0.456011528105008	-0.280130694177941	-0.104239347599693	-0.822884731546117
-0.230703677213831	-0.516343844988377	-0.672554300304116	-0.454131126722006	-0.282288318924398	-0.104341601406366	-0.824162542267694
-0.231708553095471	-0.514732264522104	-0.673848321660167	-0.452233322686256	-0.284442386626938	-0.104437418917593	-0.82543525910375
-0.23271330264057	-0.513101323590148	-0.67513754799567	-0.450318174970734	-0.286592749713369	-0.104526763089787	-0.826702869868176
-0.233717835663145	-0.511451040263599	-0.676421957256654	-0.448385743416431	-0.288739260521871	-0.104609597451109	-0.82796536195229
-0.234722061288765	-0.50978143362659	-0.677701527187998	-0.446436088732217	-0.290881771311903	-0.104685886110368	-0.829222722324111
-0.235725887966126	-0.508092523787413	-0.678976235333511	-0.444469272494631	-0.293020134275195	-0.10475559376594	-0.830474937527768
-0.236729223478811	-0.506384331889607	-0.680246059036125	-0.442485357147623	-0.295154201546815	-0.104818685714659	-0.831721993683089
-0.237731974957259	-0.504656880123015	-0.681510975438191	-0.440484406002216	-0.297283825216327	-0.104875127860715	-0.832963876485335
-0.238734048890916	-0.502910191734815	-0.682770961481904	-0.438466483236138	-0.299408857339018	-0.10492488672453	-0.834200571205112
-0.239735351140594	-0.501144291040483	-0.684025993909841	-0.436431653893354	-0.301529149947216	-0.104967929451616	-0.835432062688438
-0.240735786951016	-0.499359203434746	-0.685276049265599	-0.434379983883566	-0.303644555061683	-0.105004223821423	-0.836658335356966
-0.241735260963556	-0.497554955402456	-0.686521103894568	-0.432311539981624	-0.305754924703093	-0.105033738256162	-0.837879373208395
-0.242733677229179	-0.49573157452942	-0.687761133944805	-0.430226389826893	-0.30786011090359	-0.105056441829598	-0.839095159817019
-0.243730939221559	-0.493889089513158	-0.688996115368031	-0.428124601922527	-0.309959965718428	-0.105072304275833	-0.840305678334461
-0.244726949850402	-0.492027530173607	-0.69022602392074	-0.426006245634701	-0.312054341237694	-0.105081295998033	-0.841510911490569
-0.245721611474947	-0.490146927463743	-0.691450835165418	-0.42387139119175	-0.314143089598101	-0.10508338807715	-0.842710841594463
-0.246714825917665	-0.488247313480126	-0.692670524471892	-0.421720109683263	-0.316226062994884	-0.105078552280582	-0.84390545053578
-0.247706494478136	-0.486328721473372	-0.693885067018774	-0.419552473059082	-0.318303113693749	-0.105066761070819	-0.845094719786054
-0.248696517947123	-0.48439118585852	-0.695094437795034	-0.417368554128246	-0.320374094042927	-0.105047987614028	-0.846278630400287
-0.249684796620817	-0.482434742225314	-0.696298611601686	-0.415168426557846	-0.322438856485293	-0.105022205788594	-0.847457163018675
-0.250671230315276	-0.480459427348398	-0.697497563053576	-0.412952164871833	-0.324497253570567	-0.104989390193625	-0.848630297868506
-0.251655718381047	-0.478465279197375	-0.698691266581302	-0.410719844449715	-0.326549137967599	-0.104949516157393	-0.84979801476623
-0.252638159717953	-0.476452336946795	-0.699879696433233	-0.408471541525212	-0.328594362476725	-0.104902559745726	-0.850960293119685
-0.253618452790074	-0.474420640986001	-0.701062826677645	-0.406207333184813	-0.33063278004221	-0.104848497770334	-0.852117111930513
-0.254596495640905	-0.472370232928846	-0.702240631204978	-0.403927297366253	-0.332664243764761	-0.104787307797086	-0.853268449796716
-0.255572185908669	-0.470301155623337	-0.703413083730188	-0.401631512856956	-0.334688606914116	-0.104718968154205	-0.854414284915408
-0.256545420841835	-0.468213453161071	-0.704580157795231	-0.399320059292317	-0.336705722941719	-0.104643457940411	-0.855554595085717
-0.257516097314773	-0.466107170886599	-0.705741826771635	-0.396993017153992	-0.338715445493452	-0.104560757032978	-0.856689357711854
-0.258484111843605	-0.463982355406613	-0.706898063863208	-0.394650467768045	-0.340717628422464	-0.104470846095726	-0.857818549806364
-0.259449360602211	-0.461839054598995	-0.708048842108832	-0.392292493303047	-0.342712125802053	-0.104373706586925	-0.858942147993532
-0.260411739438398	-0.459677317621709	-0.709194134385387	-0.389919176768079	-0.344698791938634	-0.10426932076712	-0.860060128512955
-0.261371143890238	-0.457497194921548	-0.710333913410763	-0.387530602010651	-0.34667748138477	-0.104157671706877	-0.861172467223295
-0.262327469202562	-0.455298738242705	-0.711468151746997	-0.38512685371456	-0.348648048952276	-0.104038743294424	-0.862279139606169
-0.263280610343615	-0.453082000635163	-0.712596821803505	-0.382708017397625	-0.350610349725399	-0.103912520243207	-0.863380120770237
-0.264230462021862	-0.450847036462948	-0.71371989584043	-0.38027417940938	-0.352564239074053	-0.103778988099359	-0.864475385455436
-0.265176918702952	-0.448593901412157	-0.714837345972083	-0.377825426928645	-0.354509572667132	-0.103638133249044	-0.86556490803737
-0.266119874626825	-0.446322652498841	-0.715949144170499	-0.375361847961047	-0.356446206485881	-0.103489942925721	-0.86664866253189
-0.267059223824976	-0.444033348076673	-0.717055262269091	-0.37288353133642	-0.358373996837338	-0.103334405217291	-0.867726622599805
-0.267994860137858	-0.441726047844413	-0.718155671966404	-0.370390566706136	-0.360292800367835	-0.103171509073122	-0.868798761551773
-0.26892667723242	-0.439400812853212	-0.719250344829974	-0.367883044540363	-0.362202474076558	-0.103001244310976	-0.869865052353345
-0.269854568619803	-0.437057705513668	-0.720339252300291	-0.365361056125204	-0.364102875329174	-0.102823601623812	-0.870925467630181
-0.270778427673146	-0.43469678960269	-0.721422365694843	-0.362824693559771	-0.365993861871507	-0.102638572586457	-0.871979979673391
-0.27169814764555	-0.432318130270148	-0.722499656212281	-0.360274049753168	-0.367875291843281	-0.102446149662164	-0.873028560445074
-0.27261362168815	-0.429921794045288	-0.72357109493666	-0.357709218421368	-0.369747023791908	-0.102246326209032	-0.874071181583977
-0.273524742868326	-0.427507848842942	-0.724636652841793	-0.355130294084032	-0.371608916686338	-0.102039096486295	-0.875107814411334
-0.274431404188037	-0.425076363969482	-0.725696300795681	-0.352537372061204	-0.373460829930954	-0.101824455660477	-0.876138429936835
-0.275333498602263	-0.422627410128567	-0.726750009565047	-0.349930548469948	-0.375302623379521	-0.1016023998114	-0.877162998864766
-0.27623091903757	-0.42016105942662	-0.727797749819957	-0.34730992022087	-0.377134157349181	-0.101372925938054	-0.878181491600285
-0.277123558410793	-0.417677385378071	-0.728839492138534	-0.344675585014558	-0.378955292634492	-0.101136031964315	-0.879193878255843
-0.278011309647813	-0.415176462910367	-0.729875207011749	-0.342027641337947	-0.380765890521517	-0.100891716744514	-0.880200128657769
-0.278894065702451	-0.412658368368697	-0.730904864848311	-0.339366188460566	-0.382565812801945	-0.100639980068848	-0.881200212352973
-0.279771719575457	-0.410123179520472	-0.731928435979639	-0.336691326430713	-0.384354921787265	-0.100380822668638	-0.882194098615817
-0.280644164333591	-0.407570975559554	-0.732945890664909	-0.334003156071539	-0.386133080322961	-0.100114246221419	-0.883181756455103
-0.28151129312881	-0.405001837110189	-0.73395719909619	-0.331301778977026	-0.38790015180276	-0.0998402533558694	-0.88416315462122
-0.28237299921753	-0.40241584623069	-0.734962331403664	-0.328587297507897	-0.389656000182901	-0.0995588476565652	-0.885138261613408
-0.28322917597998	-0.399813086416826	-0.735961257660907	-0.325859814787408	-0.391400489996435	-0.0992700336685668	-0.886107045687168
-0.284079716939631	-0.397193642604947	-0.736953947890271	-0.323119434697071	-0.393133486367567	-0.0989738169018337	-0.887069474861803
-0.284924515782706	-0.394557601174812	-0.737940372068312	-0.320366261872279	-0.394854855025999	-0.0986702038354473	-0.88802551692808
-0.285763466377755	-0.391905049952127	-0.738920500131317	-0.317600401697838	-0.396564462321325	-0.0983592019216648	-0.888975139456023
-0.286596462795308	-0.38923607821079	-0.739894301980885	-0.314821960303399	-0.398262175237429	-0.0980408195897778	-0.889918309802837
-0.287423399327571	-0.386550776674849	-0.740861747489586	-0.31203104455882	-0.399947861406904	-0.0977150662497903	-0.890854995120947
-0.288244170508204	-0.383849237520147	-0.741822806506675	-0.309227762069426	-0.401621389125491	-0.0973819522958901	-0.89178516236615
-0.289058671132128	-0.38113155437566	-0.742777448863887	-0.306412221171165	-0.403282627366531	-0.0970414891097444	-0.892708778305897
-0.289866796275402	-0.378397822324542	-0.743725644381281	-0.303584530925699	-0.404931445795424	-0.0966936890635823	-0.893625809527681
-0.290668441315121	-0.375648137904847	-0.744667362873154	-0.300744801115391	-0.406567714784099	-0.0963385655230815	-0.894536222447535
-0.291463501949375	-0.372882599109932	-0.745602574154005	-0.2978931422382	-0.408191305425489	-0.095976132850046	-0.895439983318642
-0.292251874217228	-0.370101305388557	-0.746531248044568	-0.295029665502487	-0.409802089548008	-0.0956064064048847	-0.896337058240054
-0.29303345451872	-0.367304357644638	-0.747453354377884	-0.292154482821737	-0.411399939730023	-0.0952294025488696	-0.897227413165493
-0.293808139634914	-0.36449185823671	-0.748368863005433	-0.289267706809191	-0.412984729314333	-0.0948451386461881	-0.898111013912273
-0.294575826747937	-0.361663910977026	-0.749277743803323	-0.28636945077238	-0.41455633242263	-0.0944536330657779	-0.898987826170314
-0.295336413461052	-0.35882062113036	-0.750179966678514	-0.283459828707585	-0.416114623969961	-0.0940549051829424	-0.899857815511245
-0.296089797818724	-0.355962095412448	-0.751075501575091	-0.280538955294198	-0.417659479679169	-0.0936489753807402	-0.900720947397584
-0.296835878326704	-0.353088441988109	-0.751964318480584	-0.277606945888997	-0.419190776095321	-0.093235865051161	-0.901577187192024
-0.297574553972094	-0.350199770469025	-0.752846387432327	-0.274663916520333	-0.420708390600126	-0.0928155965960719	-0.902426500166799
-0.298305724243412	-0.347296191911181	-0.753721678523857	-0.271709983882236	-0.422212201426317	-0.0923881934279243	-0.903268851513116
-0.299029289150649	-0.344377818811967	-0.754590161911337	-0.268745265328441	-0.42370208767202	-0.0919536799702468	-0.904104206350666
-0.299745149245293	-0.341444765106915	-0.755451807820034	-0.265769878866294	-0.425177929315088	-0.0915120816578944	-0.904932529737224
-0.300453205640336	-0.338497146166125	-0.756306586550808	-0.262783943150623	-0.426639607227413	-0.0910634249370643	-0.905753786678297
-0.301153360030256	-0.335535078790308	-0.757154468486638	-0.259787577477482	-0.428087003189184	-0.0906077372650757	-0.906567942136839
-0.301845514710952	-0.332558681206501	-0.757995424099178	-0.256780901777838	-0.42951999990314	-0.0901450471099102	-0.907374961043043
-0.302529572599643	-0.329568073063426	-0.75882942395533	-0.253764036611156	-0.430938481008746	-0.0896753839495086	-0.908174808304178
-0.303205437254723	-0.326563375426488	-0.759656438723837	-0.250737103158921	-0.432342331096351	-0.0891987782708314	-0.908967448814473
-0.303873012895553	-0.323544710772429	-0.760476439181899	-0.247700223218052	-0.433731435721287	-0.0887152615686643	-0.909752847465063
-0.304532204422208	-0.320512202983622	-0.761289396221808	-0.244653519194262	-0.43510568141792	-0.0882248663441861	-0.910530969153983
-0.305182917435143	-0.317465977342018	-0.762095280857581	-0.241597114095323	-0.436464955713646	-0.0877276261032862	-0.911301778796181
-0.305825058254807	-0.314406160522714	-0.762894064231623	-0.238531131524247	-0.437809147142827	-0.0872235753546286	-0.912065241333598
-0.306458533941165	-0.311332880587197	-0.763685717621387	-0.235455695672398	-0.439138145260677	-0.0867127496074785	-0.912821321745266
-0.307083252313142	-0.308246266976199	-0.764470212446036	-0.232370931312528	-0.440451840657064	-0.086195185369256	-0.913569985057429
-0.307699121967993	-0.305146450502212	-0.765247520273119	-0.229276963791713	-0.441750124970265	-0.0856709201428611	-0.914311196353705
-0.308306052300551	-0.302033563341646	-0.766017612825235	-0.226173919024252	-0.44303289090063	-0.0851399924237223	-0.915044920785258
-0.308903953522405	-0.298907739026612	-0.766780461986708	-0.223061923484448	-0.444300032224194	-0.0846024416966081	-0.915771123580997
-0.309492736680955	-0.29576911243636	-0.767536039810237	-0.219941104199335	-0.445551443806184	-0.0840583084321755	-0.916489770057772
-0.310072313678355	-0.292617819788373	-0.76828431852356	-0.216811588741346	-0.446787021614469	-0.0835076340832608	-0.917200825630596
-0.310642597290351	-0.289453998629059	-0.769025270536085	-0.21367350522087	-0.448006662732902	-0.0829504610809167	-0.917904255822854
-0.311203501184985	-0.286277787824153	-0.769758868445532	-0.210526982278777	-0.449210265374601	-0.0823868328301937	-0.918600026276537
-0.31175493994117	-0.283089327548683	-0.770485085044533	-0.207372149078834	-0.450397728895105	-0.0818167937056602	-0.919288102762437
-0.312296829067136	-0.27988875927666	-0.771203893327232	-0.204209135300089	-0.451568953805461	-0.0812403890466663	-0.919968451190366
-0.312829085018734	-0.276676225770361	-0.771915266495855	-0.201038071129157	-0.452723841785196	-0.0806576651523525	-0.920641037619342
-0.313351625217584	-0.273451871069272	-0.772619177967257	-0.197859087252446	-0.453862295695197	-0.0800686692763956	-0.921305828267764
-0.313864368069087	-0.270215840478697	-0.773315601379437	-0.194672314848326	-0.454984219590475	-0.0794734496215038	-0.921962789523568
-0.314367232980258	-0.266968280557997	-0.774004510598035	-0.191477885579216	-0.456089518732823	-0.0788720553336484	-0.922611887954346
-0.314860140377415	-0.263709339108486	-0.774685879722778	-0.18827593158362	-0.457178099603364	-0.0782645364960387	-0.923253090317454
-0.315343011723685	-0.260439165160988	-0.775359683093916	-0.185066585468088	-0.458249869914979	-0.0776509441228472	-0.923886363570056
-0.315815769536335	-0.257157908963047	-0.776025895298588	-0.181849980299124	-0.459304738624613	-0.0770313301526708	-0.924511674879165
-0.316278337403931	-0.253865721965785	-0.776684491177173	-0.178626249595021	-0.460342615945462	-0.0764057474417422	-0.925128991631605
-0.316730640003296	-0.250562756810443	-0.777335445829589	-0.175395527317652	-0.46136341335903	-0.0757742497568837	-0.92573828144395
-0.317172603116284	-0.247249167314563	-0.777978734621538	-0.172157947864185	-0.462367043627054	-0.0751368917682106	-0.926339512172395
-0.317604153646356	-0.243925108457844	-0.778614333190712	-0.168913646058749	-0.463353420803299	-0.074493729041582	-0.926932651922582
-0.318025219634947	-0.240590736367668	-0.779242217452944	-0.165662757144039	-0.464322460245211	-0.0738448180307956	-0.927517669059348
-0.318435730277626	-0.237246208304302	-0.779862363608302	-0.162405416772866	-0.465274078625436	-0.0731902160695408	-0.928094532216433
-0.318835615940042	-0.233891682645771	-0.780474748147127	-0.159141760999667	-0.466208193943185	-0.0725299813630998	-0.928663210306089
-0.319224808173646	-0.230527318872395	-0.781079347856012	-0.155871926271923	-0.467124725535463	-0.0718641729798016	-0.929223672528634
-0.319603239731192	-0.227153277551033	-0.781676139823725	-0.152596049421569	-0.468023594088138	-0.07119285084223	-0.929775888381925
-0.319970844581999	-0.223769720319001	-0.782265101447046	-0.149314267656332	-0.468904721646859	-0.0705160757181937	-0.930319827670736
-0.320327557926991	-0.220376809867674	-0.782846210436563	-0.146026718551017	-0.46976803162782	-0.0698339092114492	-0.930855460516068
-0.320673316213474	-0.216974709925781	-0.783419444822379	-0.142733540038748	-0.470613448828359	-0.0691464137521908	-0.931382757364348
-0.32100805714969	-0.213563585242414	-0.783984782959757	-0.139434870402166	-0.471440899437398	-0.0684536525872975	-0.931901688996546
-0.3213317197191	-0.210143601569712	-0.784542203534676	-0.136130848264577	-0.472250311045708	-0.0677556897703487	-0.932412226537185
-0.321644244194419	-0.206714925645277	-0.785091685569328	-0.132821612581057	-0.473041612656017	-0.0670525901514133	-0.932914341463254
-0.321945572151392	-0.203277725174281	-0.78563320842752	-0.129507302629512	-0.473814734692931	-0.0663444193665964	-0.933408005613006
-0.322235646482298	-0.199832168811292	-0.786166751819997	-0.126188058001699	-0.474569609012689	-0.0656312438273688	-0.933893191194642
-0.32251441140918	-0.196378426141832	-0.786692295809681	-0.122864018594203	-0.475306168912738	-0.0649131307096754	-0.934369870794888
-0.322781812496813	-0.19291666766365	-0.787209820816823	-0.119535324599374	-0.476024349141117	-0.0641901479428216	-0.934838017387452
-0.323037796665375	-0.189447064767695	-0.787719307624064	-0.116202116496239	-0.47672408590567	-0.0634623641980941	-0.935297604341345
-0.323282312202846	-0.185969789718909	-0.788220737381405	-0.112864535041349	-0.477405316883064	-0.0627298488772889	-0.935748605429088
-0.323515308777108	-0.182485015636663	-0.78871409161107	-0.109522721259627	-0.478067981227608	-0.0619926721008844	-0.936190994834767
-0.323736737447762	-0.178992916474993	-0.789199352212305	-0.106176816435149	-0.478712019579901	-0.0612509046960944	-0.936624747161998
-0.323946550677634	-0.175493667002575	-0.78967650146603	-0.102826962101912	-0.479337374075259	-0.0605046181846902	-0.937049837441681
-0.324144702343994	-0.171987442782458	-0.790145522039435	-0.0994733000345711	-0.47994398835196	-0.0597538847706198	-0.937466241139689
-0.324331147749463	-0.16847442015156	-0.790606396990447	-0.0961159722391301	-0.480531807559287	-0.0589987773274385	-0.937873934164355
-0.324505843632599	-0.164954776199935	-0.791059109772087	-0.0927551209436276	-0.481100778365353	-0.0582393693855376	-0.938272892873834
-0.324668748178194	-0.161428688749801	-0.791503644236751	-0.0893908885887678	-0.48165084896474	-0.0574757351191798	-0.938663094083308
-0.324819821027233	-0.157896336334376	-0.79193998464034	-0.086023417818555	-0.48218196908591	-0.0567079493333655	-0.93904451507203
-0.324959023286541	-0.154357898176479	-0.792368115646306	-0.0826528514708807	-0.482694089998422	-0.0559360874504987	-0.939417133590217
-0.325086317538108	-0.150813554166929	-0.792788022329583	-0.0792793325680937	-0.483187164519922	-0.0551602254968896	-0.939780927865776
-0.32520166784808	-0.147263484842755	-0.793199690180383	-0.0759030043075636	-0.483661147022924	-0.0543804400890638	-0.940135876610853
-0.325305039775427	-0.14370787136519	-0.793603105107896	-0.0725240100522022	-0.484115993441373	-0.0535968084199141	-0.940481959028237
-0.325396400380274	-0.140146895497518	-0.793998253443863	-0.0691424933209708	-0.484551661276985	-0.0528094082447126	-0.940819154817573
-0.325475718231897	-0.136580739582703	-0.794385121946025	-0.0657585977793899	-0.484968109605375	-0.0520183178669095	-0.941147444181407
-0.325542963416373	-0.133009586520855	-0.794763697801451	-0.0623724672299985	-0.485365299081936	-0.0512236161238178	-0.941466807831044
-0.325598107543903	-0.129433619746556	-0.795133968629744	-0.058984245602836	-0.485743191947529	-0.0504253823721341	-0.941777226992253
-0.325641123755776	-0.125853023205991	-0.79549592248612	-0.0555940769458776	-0.48610175203391	-0.0496236964733104	-0.942078683410751
-0.325671986730992	-0.122267981333934	-0.795849547864357	-0.0522021054154703	-0.486440944768949	-0.0488186387787861	-0.942371159357527
-0.325690672692537	-0.118678679030644	-0.796194833699619	-0.0488084752667846	-0.486760737181613	-0.048010290115091	-0.942654637633985
-0.325697159413307	-0.115085301638528	-0.796531769371152	-0.0454133308442	-0.487061097906708	-0.0471987317688006	-0.942929101576862
-0.325691426221674	-0.111488034918763	-0.796860344704833	-0.04201681657174	-0.4873419971894	-0.0463840454713838	-0.943194535062997
-0.3256734540067	-0.107887065027744	-0.797180549975605	-0.038619076943458	-0.487603406889486	-0.0455663133839149	-0.943450922513867
-0.325643225222999	-0.104282578493436	-0.797492375909771	-0.0352202565138487	-0.487845300485441	-0.0447456180816772	-0.943698248899957
-0.325600723895228	-0.100674762191626	-0.797795813687141	-0.0318204998882367	-0.488067653078214	-0.0439220425386508	-0.943936499744908
-0.325545935622233	-0.0970638033220526	-0.798090854943066	-0.0284199517131692	-0.488270441394791	-0.043095670111901	-0.944165661129488
-0.325478847580819	-0.0934498893844733	-0.798377491770307	-0.0250187566668103	-0.488453643791519	-0.0422665845258604	-0.944385719695331
-0.325399448529168	-0.0898332081546125	-0.798655716720785	-0.0216170594493226	-0.48861724025718	-0.0414348698565168	-0.944596662648504
-0.325307728809889	-0.0862139476600776	-0.798925522807185	-0.0182150047732752	-0.488761212415828	-0.040600610515517	-0.94479847776285
-0.325203680352706	-0.082592296156169	-0.799186903504409	-0.014812737354034	-0.488885543529376	-0.0397638912341806	-0.944991153383117
-0.325087296676776	-0.0789684421016366	-0.799439852750914	-0.0114104019001489	-0.488990218499945	-0.0389247970474389	-0.945174678427914
-0.324958572892643	-0.0753425741344067	-0.799684364949874	-0.00800814310378047	-0.489075223871965	-0.038083413277698	-0.945349042392414
-0.324817505703828	-0.0717148810472382	-0.79992043497022	-0.00460610563110444	-0.489140547834021	-0.0372398255186382	-0.945514235350875
-0.324664093408053	-0.0680855517633493	-0.800148058147536	-0.00120443411272712	-0.489186180220465	-0.0363941196189492	-0.945670247958938
-0.32449833589809	-0.064454775312019	-0.800367230284801	0.00219672686587456	-0.489212112512771	-0.0355463816660101	-0.945817071455728
-0.324320234662251	-0.0608227408041748	-0.800577947652985	0.00559723277391059	-0.489218337840645	-0.0346966979695181	-0.945954697665713
-0.324129792784509	-0.0571896374079383	-0.800780206991521	0.0089969391448331	-0.489204850982887	-0.0338451550450744	-0.946083119000384
-0.323927014944249	-0.0535556543242042	-0.800974005508595	0.0123957015858558	-0.489171648367999	-0.0329918395977319	-0.946202328459688
-0.323711907415658	-0.0499209807621924	-0.801159340881324	0.0157933757874807	-0.489118728074554	-0.0321368385055049	-0.946312319633278
-0.323484478066744	-0.0462858059150155	-0.80133621125577	0.0191898175329968	-0.48904608983131	-0.0312802388028535	-0.946413086701522
-0.323244736357989	-0.042650318935293	-0.801504615246803	0.0225848827079546	-0.488953735017064	-0.0304221276641556	-0.946504624436305
-0.322992693340648	-0.0390147089107374	-0.801664551937832	0.0259784273096452	-0.488841666660282	-0.0295625923871424	-0.946586928201629
-0.32272836165467	-0.0353791648398337	-0.801816020880381	0.0293703074565322	-0.488709889438458	-0.0287017203763469	-0.946659993953975
-0.322451755526265	-0.0317438756075128	-0.801959022093511	0.032760379397685	-0.488558409677231	-0.0278395991265272	-0.946723818242468
-0.322162890765111	-0.0281090299609142	-0.802093556063107	0.0361484995221659	-0.488387235349257	-0.0269763162061104	-0.94677839820881
-0.32186178476119	-0.024474816485172	-0.80221962374101	0.0395345243684232	-0.48819637607283	-0.0261119592406276	-0.946823731587025
-0.321548456481288	-0.0208414235792883	-0.80233722654401	0.0429183106336302	-0.487985843110254	-0.0252466158961673	-0.946859816702955
-0.321222926465108	-0.017209039432072	-0.802446366352679	0.046299715183018	-0.487755649365972	-0.0243803738628519	-0.946886652473571
-0.320885216821055	-0.0135778519981665	-0.802547045510075	0.0496785950591688	-0.487505809384447	-0.0235133208383317	-0.946904238406056
-0.320535351221653	-0.00994804897415132	-0.802639266820276	0.0530548074912835	-0.487236339347789	-0.0226455445113096	-0.946912574596675
-0.320173354898615	-0.00631981777474358	-0.802723033546809	0.056428209904433	-0.486947257073157	-0.0217771325451045	-0.946911661729452
-0.319799254637564	-0.00269334550912817	-0.802798349410876	0.059798659928748	-0.486638582009895	-0.0209081725612532	-0.9469015010746
-0.319413078772409	0.000931181042645215	-0.802865218589494	0.0631660154086113	-0.486310335236442	-0.0200387521231619	-0.946882094486782
-0.319014857179373	0.00455357545311139	-0.802923645713452	0.0665301344117914	-0.485962539456986	-0.0191689587197986	-0.946853444403139
-0.318604621270682	0.00817365167072533	-0.802973635865141	0.0698908752385518	-0.485595218997891	-0.0182988797494623	-0.946815553841115
-0.318182403987916	0.0117912240430592	-0.803015194576231	0.0732480964307195	-0.485208399803874	-0.0174286025035968	-0.946768426396074
-0.317748239795023	0.0154061073398773	-0.803048327825229	0.0766016567807293	-0.484802109433952	-0.0165582141506829	-0.946712066238729
-0.317302164670997	0.0190181167760326	-0.803073042034859	0.0799514153406087	-0.48437637705714	-0.0156878017202027	-0.946646478112342
-0.316844216102232	0.0226270680342449	-0.803089344069347	0.0832972314309504	-0.483931233447935	-0.0148174520866801	-0.946571667329752
-0.316374433074542	0.0262327772876768	-0.803097241231521	0.0866389646498085	-0.483466710981537	-0.0139472519538077	-0.946487639770167
-0.315892856064862	0.0298350612223811	-0.803096741259811	0.0899764748815966	-0.482982843628866	-0.0130772878386652	-0.946394401875806
-0.31539952703263	0.0334337370595437	-0.803087852325091	0.0933096223059063	-0.482479666951333	-0.0122076460560288	-0.9462919606483
-0.314894489410842	0.0370286225775624	-0.803070583027388	0.0966382674063023	-0.481957218095382	-0.0113384127027786	-0.94618032364492
-0.314377788096813	0.0406195361339225	-0.803044942392467	0.0999622709790645	-0.481415535786815	-0.0104696736424188	-0.946059498974627
-0.313849469442609	0.0442062966868921	-0.803010939868266	0.103281494141892	-0.48085466032488	-0.00960151448969774	-0.945929495293897
-0.313309581245184	0.047788723817002	-0.802968585321219	0.106595798342548	-0.480274633576147	-0.00873402059535226	-0.945790321802405
-0.312758172736213	0.051366637748341	-0.802917889032428	0.109905045367477	-0.479675498968156	-0.00786727703095547	-0.945641988238478
-0.312195294571629	0.0549398593695893	-0.802858861693725	0.113209097350342	-0.479057301482851	-0.00700136857391595	-0.945484504874401
-0.311620998820862	0.0585082102548977	-0.802791514403591	0.116507816780547	-0.478420087649792	-0.00613637969257028	-0.945317882511526
-0.311035338955796	0.0620715126844841	-0.802715858662956	0.119801066511683	-0.477763905539158	-0.00527239453144142	-0.945142132475207
-0.310438369839432	0.0656295896650361	-0.802631906370881	0.123088709769939	-0.477088804754535	-0.00440949689660848	-0.944957266609568
-0.309830147714283	0.0691822649498412	-0.802539669820099	0.126370610162433	-0.476394836425498	-0.00354777024124043	-0.944763297272091
-0.309210730190476	0.0727293630587141	-0.802439161692458	0.129646631685538	-0.475682053199984	-0.00268729765126157	-0.944560237328036
-0.308580176233602	0.0762707092976417	-0.802330395054229	0.132916638733098	-0.474950509236459	-0.00182816183116992	-0.944348100144709
-0.307938546152283	0.0798061297781896	-0.802213383351297	0.136180496104626	-0.474200260195885	-0.000970445090015654	-0.944126899585546
-0.307285901585486	0.0833354514366475	-0.802088140404238	0.139438069013429	-0.473431363233485	-0.000114229327535545	-0.943896650004043
-0.306622305489578	0.0868585020529147	-0.801954680403304	0.142689223094688	-0.472643876990324	0.000740403979556082	-0.943657366237561
-0.30594782212513	0.0903751102690967	-0.801813017903249	0.145933824413456	-0.471837861584675	0.00159337379109721	-0.943409063600922
-0.305262517043469	0.0938851056078565	-0.801663167818092	0.149171739472629	-0.471013378603214	0.00244459951684824	-0.943151757879904
-0.304566457072993	0.0973883184904667	-0.80150514541575	0.152402835220829	-0.470170491092015	0.00329400102968588	-0.942885465324565
-0.303859710305244	0.100884580254588	-0.801338966312563	0.15562697906024	-0.469309263547366	0.00414149867861979	-0.942610202642429
-0.30314234608076	0.104373723171745	-0.801164646467723	0.158844038854378	-0.468429761906401	0.00498701330162235	-0.942325986991529
-0.302414434974685	0.107855580464535	-0.800982202177604	0.162053882935803	-0.467532053537552	0.00583046623828042	-0.942032835973327
-0.301676048782163	0.111329986323525	-0.800791650069986	0.165256380113763	-0.466616207230829	0.00667177934226532	-0.941730767625483
-0.300927260503531	0.114796775923842	-0.800593007098183	0.168451399681769	-0.465682293187926	0.00751087499359682	-0.941419800414511
-0.300168144329273	0.118255785441468	-0.800386290535078	0.171638811425114	-0.46473038301215	0.00834767611072284	-0.94109995322829
-0.299398775624792	0.121706852069241	-0.800171517967064	0.174818485628329	-0.463760549698197	0.00918210616240708	-0.940771245368476
-0.298619230914975	0.12514981403252	-0.799948707287909	0.177990293082558	-0.462772867621759	0.0100140891794088	-0.940433696542787
-0.297829587868558	0.128584510604544	-0.799717876692501	0.181154105092873	-0.461767412528964	0.0108435497659629	-0.940087326857155
-0.297029925282313	0.132010782121483	-0.79947904467054	0.18430979348553	-0.460744261525672	0.0116704131110549	-0.939732156807804
-0.296220323065039	0.135428469997159	-0.799232230000131	0.187457230615144	-0.459703493066612	0.0124946049994973	-0.939368207273183
-0.295400862221394	0.138837416737441	-0.798977451741302	0.190596289371791	-0.458645186944369	0.0133160518227829	-0.938995499505824
-0.294571624835529	0.142237465954323	-0.798714729229446	0.193726843188064	-0.457569424278228	0.0141346805897325	-0.93861405512409
-0.293732694054581	0.14562846237966	-0.79844408206867	0.196848766046023	-0.45647628750287	0.0149504189369339	-0.938223896103821
-0.292884154071993	0.14901025187859	-0.798165530125105	0.199961932484111	-0.455365860356939	0.0157631951389582	-0.937825044769903
-0.292026090110676	0.1523826814626	-0.797879093520108	0.203066217603967	-0.45423822787146	0.0165729381183587	-0.937417523787733
-0.291158588406033	0.155745599302274	-0.797584792623429	0.20616149707718	-0.453093476358138	0.0173795774554528	-0.937001356154626
-0.290281736188832	0.159098854739693	-0.797282648046287	0.209247647151974	-0.451931693397521	0.0181830433978852	-0.936576565191102
-0.28939562166794	0.162442298300494	-0.796972680634401	0.212324544659808	-0.450752967827041	0.0189832668699568	-0.936143174532138
-0.288500334012929	0.165775781705606	-0.796654911460955	0.215392067021919	-0.449557389728931	0.0197801794817472	-0.935701208118328
-0.287595963336555	0.169099157882606	-0.796329361819501	0.218450092255759	-0.448345050418032	0.0205737135379934	-0.93525069018697
-0.28668260067712	0.172412280976762	-0.795996053216824	0.221498498981394	-0.44711604242948	0.021363802046753	-0.934791645263111
-0.285760337980708	0.17571500636173	-0.795655007365731	0.224537166427807	-0.445870459506279	0.0221503787278392	-0.93432409815051
-0.284829268083325	0.179007190649873	-0.795306246177812	0.22756597443912	-0.44460839658678	0.0229333780210155	-0.933848073922552
-0.283889484692929	0.182288691702267	-0.794949791756142	0.230584803480751	-0.443329949792046	0.0237127350939759	-0.933363597913117
-0.282941082371366	0.185559368638332	-0.794585666387952	0.233593534645488	-0.44203521641313	0.0244883858500838	-0.932870695707398
-0.281984156516205	0.188819081845137	-0.794213892537238	0.236592049659489	-0.440724294898237	0.0252602669358844	-0.932369393132662
-0.281018803342505	0.192067692986332	-0.793834492837361	0.2395802308882	-0.439397284839822	0.0260283157483778	-0.931859716249
-0.280045119864478	0.19530506501075	-0.793447490083589	0.242557961342197	-0.438054286961579	0.0267924704420751	-0.93134169134001
-0.279063203877102	0.198531062160636	-0.793052907225611	0.245525124682944	-0.436695403105355	0.0275526699358021	-0.930815344903464
-0.278073153937644	0.201745549979541	-0.792650767360028	0.248481605228477	-0.435320736217983	0.0283088539192825	-0.930280703641949
-0.27707506934713	0.204948395319876	-0.792241093722815	0.25142728795902	-0.433930390338037	0.0290609628594889	-0.929737794453475
-0.276069050131758	0.208139466350082	-0.791823909681751	0.254362058522489	-0.432524470582517	0.0298089380067493	-0.929186644422072
-0.275055197024249	0.211318632561481	-0.791399238728838	0.257285803239948	-0.431103083133458	0.0305527214006339	-0.928627280808355
-0.274033611445165	0.214485764774762	-0.790967104472699	0.260198409110972	-0.429666335224485	0.0312922558755977	-0.928059731040099
-0.273004395484174	0.217640735146115	-0.790527530630959	0.263099763818918	-0.4282143351273	0.0320274850663989	-0.927484022702793
-0.271967651881282	0.220783417173044	-0.790080541022599	0.265989755736146	-0.426747192138104	0.0327583534132769	-0.926900183530175
-0.270923484008033	0.22391368569979	-0.789626159560337	0.26886827392912	-0.425265016563983	0.0334848061669061	-0.926308241394803
-0.269871995848693	0.227031416922444	-0.78916441024296	0.271735208163461	-0.423767919709224	0.0342067893931154	-0.925708224298585
-0.268813291981398	0.230136488393694	-0.788695317147673	0.274590448908897	-0.422256013861596	0.0349242499773716	-0.925100160363349
-0.267747477559299	0.233228779027244	-0.788218904422444	0.277433887344145	-0.420729412278585	0.0356371356290409	-0.924484077821404
-0.266674658291695	0.236308169101874	-0.787735196278355	0.280265415361695	-0.419188229173592	0.0363453948854201	-0.92386000500613
-0.265594940425155	0.239374540265171	-0.787244216981936	0.283084925572538	-0.417632579702086	0.0370489771155297	-0.923227970342559
-0.264508430724651	0.242427775536919	-0.786745990847529	0.285892311310774	-0.416062579947734	0.0377478325236996	-0.922588002338014
-0.263415236454686	0.245467759312156	-0.786240542229652	0.288687466638188	-0.414478346908502	0.0384419121529068	-0.92194012957274
-0.262315465360441	0.248494377363875	-0.785727895515372	0.291470286348693	-0.412879998482722	0.0391311678878995	-0.921284380690581
-0.261209225648926	0.251507516845431	-0.785208075116689	0.294240665972726	-0.411267653455145	0.039815552458106	-0.920620784389675
-0.260096625970171	0.254507066292569	-0.784681105462955	0.296998501781542	-0.409641431482974	0.0404950194402992	-0.919949369413198
-0.258977775398415	0.257492915625174	-0.78414701099329	0.299743690791444	-0.408001453081884	0.0411695232610615	-0.919270164540139
-0.257852783413351	0.260464956148642	-0.783605816149041	0.302476130767905	-0.406347839612022	0.0418390191990216	-0.918583198576113
-0.256721759881382	0.263423080554981	-0.783057545366249	0.305195720229641	-0.404680713264012	0.042503463386873	-0.917888500344225
-0.255584815036936	0.266367182923544	-0.782502223068154	0.307902358452563	-0.403000197044941	0.0431628128131803	-0.917186098675976
-0.254442059463807	0.269297158721483	-0.781939873657732	0.310595945473699	-0.401306414764357	0.0438170253239607	-0.916476022402226
-0.253293604076558	0.272212904803855	-0.781370521510253	0.313276382094967	-0.399599491020261	0.0444660596240819	-0.915758300344208
-0.252139560101965	0.275114319413431	-0.780794190965892	0.315943569886925	-0.397879551185102	0.0451098752784076	-0.915032961304594
-0.250980039060522	0.278001302180208	-0.78021090632236	0.318597411192412	-0.396146721391789	0.0457484327127734	-0.914300034058632
-0.249815152748009	0.280873754120584	-0.779620691827593	0.321237809130111	-0.394401128519707	0.0463816932147311	-0.913559547345341
-0.248645013217115	0.28373157763626	-0.779023571672468	0.323864667598031	-0.392642900180749	0.0470096189341019	-0.912811529858762
-0.247469732759145	0.286574676512826	-0.77841956998358	0.326477891276911	-0.39087216470537	0.0476321728833218	-0.912056010239304
-0.246289423885783	0.289402955918053	-0.77780871081605	0.329077385633539	-0.389089051128654	0.048249318937593	-0.91129301706513
-0.245104199310938	0.2922163223999	-0.777191018146403	0.331663056923994	-0.387293689176409	0.0488610218348273	-0.910522578843634
-0.24391417193268	0.295014683884218	-0.776566515865483	0.334234812196804	-0.385486209251291	0.0494672471754065	-0.909744724003003
-0.242719454815239	0.297797949672186	-0.775935227771431	0.336792559296026	-0.383666742418953	0.0500679614217448	-0.908959480883841
-0.241520161171113	0.30056603043745	-0.775297177562721	0.339336206864249	-0.381835420394228	0.0506631318976545	-0.908166877730888
-0.24031640434325	0.303318838222993	-0.774652388831252	0.341865664345509	-0.379992375527344	0.0512527267875423	-0.907366942684813
-0.239108297787337	0.306056286437732	-0.774000885055504	0.344380841988134	-0.378137740790186	0.0518367151353949	-0.906559703774105
-0.23789595505418	0.30877828985284	-0.773342689593765	0.34688165084751	-0.376271649762583	0.0524150668436061	-0.905745188907056
-0.236679489772181	0.311484764597798	-0.772677825677413	0.34936800278875	-0.374394236618657	0.0529877526716073	-0.904923425863812
-0.235459015629932	0.314175628156207	-0.772006316404272	0.351839810489321	-0.372505636113197	0.0535547442343324	-0.904094442288547
-0.234234646358911	0.316850799361316	-0.771328184732051	0.354296987441556	-0.370605983568101	0.0541160140004973	-0.903258265681723
-0.233006495716276	0.319510198391311	-0.770643453471836	0.356739447955112	-0.368695414858854	0.0546715352907175	-0.90241492339244
-0.231774677467795	0.322153746764349	-0.76995214528167	0.359167107159339	-0.366774066401064	0.0552212822754488	-0.901564442610897
-0.230539305370871	0.32478136733337	-0.769254282660216	0.361579881005591	-0.364842075137057	0.055765229972771	-0.900706850360957
-0.229300493157705	0.327392984280623	-0.768549887940477	0.363977686269429	-0.362899578522521	0.0563033542459943	-0.899842173492799
-0.228058354518562	0.329988523112002	-0.767838983283633	0.366360440552781	-0.360946714513223	0.056835631801125	-0.898970438675713
-0.226813003085174	0.332567910651137	-0.767121590672925	0.368728062286014	-0.35898362155177	0.0573620401841544	-0.898091672390953
-0.22556455241427	0.335131075033226	-0.766397731907649	0.371080470729922	-0.357010438554453	0.0578825577781988	-0.897205900924745
-0.224313115971223	0.337677945698719	-0.765667428597232	0.373417585977659	-0.355027304898142	0.0583971638005047	-0.896313150361383
-0.223058807113847	0.340208453386701	-0.764930702155396	0.37573932895659	-0.353034360407261	0.0589058382992785	-0.895413446576453
-0.221801739076311	0.342722530128112	-0.764187573794406	0.378045621430058	-0.351031745340822	0.0594085621503854	-0.894506815230148
-0.220542024953195	0.345220109238767	-0.763438064519433	0.380336385999105	-0.349019600379543	0.0599053170539103	-0.893593281760734
-0.21927977768369	0.347701125312127	-0.762682195122986	0.382611546104096	-0.346998066613026	0.0603960855305689	-0.892672871378102
-0.218015110035929	0.35016551421192	-0.761919986179457	0.384871026026288	-0.344967285527021	0.0608808509179836	-0.891745609057463
-0.216748134591463	0.352613213064543	-0.761151458039768	0.387114750889324	-0.342927398990769	0.061359597366837	-0.890811519533148
-0.215478963729887	0.355044160251278	-0.760376630826101	0.389342646660652	-0.340878549244411	0.0618323098368808	-0.889870627292546
-0.214207709613598	0.357458295400334	-0.759595524426747	0.39155464015289	-0.338820878886492	0.0622989740928241	-0.888922956570151
-0.212934484172713	0.359855559378694	-0.75880815849105	0.393750659025102	-0.336754530861533	0.0627595767001015	-0.887968531341735
-0.211659399090131	0.362235894283817	-0.758014552424464	0.395930631784029	-0.334679648447701	0.0632141050205152	-0.887007375318668
-0.21038256578674	0.364599243435139	-0.757214725383701	0.39809448778524	-0.332596375244548	0.0636625472077562	-0.886039511942333
-0.209104095406789	0.366945551365423	-0.756408696272007	0.40024215723421	-0.330504855160851	0.0641048922028186	-0.885064964378689
-0.207824098803389	0.36927476381197	-0.755596483734537	0.402373571187363	-0.328405232402527	0.064541129729301	-0.884083755512971
-0.206542686524208	0.371586827707631	-0.754778106153844	0.404488661553	-0.326297651460646	0.0649712502885906	-0.883095907944489
-0.205259968797271	0.37388169117173	-0.753953581645477	0.406587361092227	-0.324182257099521	0.065395245154953	-0.882101443981596
-0.203976055516956	0.376159303500778	-0.753122928053699	0.408669603419758	-0.322059194344907	0.0658131063705127	-0.881100385636757
-0.202691056230132	0.37841961515911	-0.75228616294732	0.410735323004703	-0.31992860847227	0.0662248267401374	-0.880092754621764
-0.201405080122458	0.380662577769346	-0.751443303615644	0.412784455171272	-0.317790644995165	0.0666303998262236	-0.879078572343096
-0.200118236004833	0.382888144102738	-0.750594367064533	0.414816936099412	-0.3156454496537	0.0670298199433961	-0.87805785989738
-0.198830632300024	0.38509626806939	-0.749739370012592	0.416832702825406	-0.313493168403094	0.0674230821530995	-0.877030638067022
-0.19754237702943	0.38728690470838	-0.748878328887485	0.418831693242404	-0.311333947402329	0.0678101822581316	-0.875996927315953
-0.196253577800035	0.389460010177727	-0.748011259822353	0.420813846100885	-0.309167933002902	0.0681911167970643	-0.874956747785512
-0.194964341791502	0.391615541744295	-0.747138178652372	0.422779101009082	-0.306995271737668	0.0685658830385993	-0.873910119290478
-0.193674775743437	0.393753457773548	-0.746259100911422	0.424727398433321	-0.30481611030978	0.0689344789758403	-0.872857061315219
-0.192384985942813	0.395873717719262	-0.745374041828898	0.426658679698353	-0.30263059558173	0.0692969033204965	-0.871797593009995
-0.191095078211564	0.397976282113086	-0.744483016326631	0.428572886987574	-0.30043887456448	0.069653155497005	-0.870731733187392
-0.189805157894334	0.400061112554056	-0.74358603901594	0.430469963343239	-0.298241094406696	0.0700032356365869	-0.869659500318888
-0.1885153298464	0.402128171697997	-0.742683124194828	0.43234985266659	-0.29603740238408	0.0703471445712458	-0.868580912531573
-0.187225698421738	0.404177423246878	-0.741774285845274	0.434212499717958	-0.293827945888793	0.0706848838276895	-0.867495987604981
-0.18593636746129	0.406208831938051	-0.740859537630694	0.43605785011679	-0.291612872418991	0.0710164556211979	-0.866404742968093
-0.18464744028135	0.408222363533476	-0.739938892893509	0.437885850341655	-0.289392329568437	0.071341862849439	-0.865307195696451
-0.183359019662148	0.410217984808823	-0.739012364652842	0.439696447730168	-0.287166465016232	0.0716611090862129	-0.864203362509421
-0.182071207836588	0.412195663542553	-0.738079965602373	0.441489590478887	-0.284935426516636	0.0719741985751665	-0.863093259767603
-0.180784106479142	0.414155368504951	-0.737141708108296	0.443265227643171	-0.282699361888982	0.0722811362234403	-0.861976903470368
-0.179497816694917	0.416097069447062	-0.736197604207423	0.445023309136959	-0.280458419007693	0.0725819275952738	-0.860854309253521
-0.178212439008884	0.418020737089651	-0.735247665605449	0.446763785732538	-0.278212745792403	0.0728765789055787	-0.859725492387156
-0.176928073355266	0.419926343112055	-0.734291903675297	0.448486609060249	-0.275962490198158	0.073165097013447	-0.85859046777357
-0.175644819067092	0.421813860141046	-0.733330329455652	0.450191731608147	-0.273707800205735	0.0734474894156472	-0.857449249945393
-0.174362774865911	0.423683261739656	-0.732362953649604	0.45187910672164	-0.271448823812036	0.0737237642400632	-0.856301853063795
-0.173082038851676	0.42553452239595	-0.731389786623434	0.453548688603054	-0.269185709020601	0.0739939302391092	-0.855148290916875
-0.171802708492773	0.427367617511818	-0.730410838405542	0.455200432311194	-0.266918603832193	0.0742579967831167	-0.853988576918165
-0.170524880616228	0.429182523391713	-0.729426118685509	0.456834293760825	-0.264647656235496	0.0745159738536867	-0.852822724105272
-0.16924865139807	0.430979217231402	-0.728435636813301	0.458450229722156	-0.262373014197902	0.0747678720370179	-0.851650745138673
-0.167974116353843	0.432757677106704	-0.727439401798609	0.460048197820257	-0.260094825656384	0.0750137025172104	-0.850472652300626
-0.166701370329289	0.434517881962214	-0.726437422310336	0.461628156534451	-0.257813238508475	0.0752534770695532	-0.849288457494237
-0.165430507491189	0.436259811600045	-0.725429706676215	0.463190065197675	-0.255528400603328	0.0754872080537861	-0.848098172242654
-0.164161621318355	0.437983446668558	-0.724416262882567	0.464733883995784	-0.253240459732871	0.0757149084073492	-0.846901807688387
-0.162894804592784	0.439688768651128	-0.723397098574221	0.466259573966859	-0.25094956362306	0.0759365916386162	-0.845699374592796
-0.161630149390966	0.441375759854891	-0.722372221054545	0.467767097000447	-0.248655859925203	0.0761522718201186	-0.844490883335682
-0.160367747075344	0.443044403399541	-0.721341637285632	0.469256415836785	-0.246359496207392	0.0763619635817559	-0.843276343915016
-0.159107688285945	0.44469468320613	-0.720305353888644	0.470727494065998	-0.244060619946013	0.0765656821039996	-0.842055765946832
-0.157850062932137	0.446326583985913	-0.719263377144264	0.472180296127261	-0.241759378517334	0.0767634431110966	-0.840829158665217
-0.156594960184564	0.447940091229192	-0.718215712993318	0.473614787307922	-0.239455919189204	0.0769552628642572	-0.839596530922457
-0.155342468467216	0.449535191194243	-0.717162367037529	0.475030933742619	-0.237150389112798	0.0771411581548565	-0.838357891189306
-0.154092675449663	0.451111870896241	-0.716103344540413	0.476428702412358	-0.234842935314483	0.0773211462976185	-0.8371132475554
-0.152845668039429	0.452670118096252	-0.715038650428315	0.477808061143557	-0.232533704687736	0.0774952451238287	-0.835862607729785
-0.151601532374518	0.454209921290262	-0.713968289291601	0.479168978607088	-0.23022284398516	0.0776634729745165	-0.834605979041593
-0.150360353816084	0.455731269698268	-0.712892265385969	0.48051142431727	-0.227910499810568	0.0778258486936749	-0.833343368440836
-0.149122216941261	0.457234153253415	-0.711810582633929	0.481835368630864	-0.22559681861115	0.0779823916214712	-0.832074782499346
-0.147887205536122	0.458718562591183	-0.710723244626395	0.483140782746005	-0.22328194666971	0.0781331215874703	-0.830800227411814
-0.146655402588792	0.460184489038682	-0.70963025462446	0.484427638701183	-0.220966030096987	0.0782780589038719	-0.829519708997015
-0.145426890282704	0.461631924603943	-0.708531615561271	0.485695909374123	-0.218649214824038	0.0784172243587604	-0.828233232699087
-0.144201749989993	0.463060861965349	-0.707427330044068	0.486945568480702	-0.216331646594694	0.0785506392093668	-0.826940803588998
-0.142980062265039	0.464471294461091	-0.706317400356371	0.488176590573831	-0.214013470958093	0.0786783251753475	-0.825642426366117
-0.141761906838142	0.465863216078733	-0.705201828460286	0.489388951042314	-0.211694833261273	0.0788003044320855	-0.824338105359909
-0.14054736260934	0.467236621444834	-0.704080615998976	0.490582626109691	-0.209375878641825	0.0789165996040055	-0.823027844531758
-0.139336507642368	0.468591505814682	-0.702953764299265	0.491757592833084	-0.207056752020637	0.0790272337579118	-0.821711647476929
-0.138129419158747	0.46992786506209	-0.701821274374373	0.492913829102003	-0.204737598094663	0.0791322303963468	-0.820389517426632
-0.136926173532017	0.471245695669291	-0.7006831469268	0.494051313637143	-0.20241856132978	0.0792316134509786	-0.819061457250219
-0.135726846282097	0.472544994716947	-0.699539382351356	0.495170025989197	-0.200099785953695	0.0793254072760012	-0.817727469457517
-0.13453151206978	0.473825759874233	-0.698389980738327	0.496269946537611	-0.197781415948909	0.0794136366415837	-0.816387556201269
-0.133340244691367	0.475087989389028	-0.697234941876766	0.497351056489365	-0.195463595045732	0.0794963267273155	-0.815041719279689
-0.132153117073423	0.476331682078223	-0.696074265257951	0.498413337877727	-0.193146466715362	0.0795735031157104	-0.813689960139168
-0.13097020126767	0.477556837318114	-0.694907950078957	0.499456773560997	-0.190830174163005	0.0796451917857171	-0.812332279877073
-0.129791568446009	0.478763455034934	-0.693735995246376	0.500481347221254	-0.188514860321049	0.079711419106277	-0.810968679244668
-0.12861728889566	0.47995153569548	-0.692558399380178	0.50148704336308	-0.18620066784228	0.0797722118299061	-0.809599158650173
-0.127447432014441	0.481121080297854	-0.6913751608177	0.502473847312287	-0.183887739093152	0.079827597086308	-0.808223718161921
-0.126282066306168	0.482272090362343	-0.690186277617781	0.503441745214639	-0.181576216147095	0.0798776023760254	-0.806842357511643
-0.125121259376181	0.483404567922402	-0.688991747565029	0.504390724034558	-0.179266240777863	0.0799222555641309	-0.805455076097871
-0.123965077926985	0.484518515515777	-0.687791568174215	0.505320771553836	-0.17695795445292	0.0799615848739372	-0.804061872989444
-0.12281358775403	0.485613936175743	-0.686585736694815	0.506231876370342	-0.174651498326867	0.079995618880763	-0.802662746929144
-0.121666853741595	0.486690833422486	-0.685374250115685	0.507124027896722	-0.172347013234908	0.0800243865057228	-0.80125769633745
-0.120524939858808	0.487749211254613	-0.684157105169853	0.507997216359095	-0.170044639686333	0.0800479170095649	-0.799846719316378
-0.119387909155771	0.48878907414079	-0.682934298339462	0.508851432795754	-0.167744517858048	0.0800662399865362	-0.798429813653471
-0.118255823759813	0.489810427011545	-0.681705825860834	0.509686669055869	-0.165446787588121	0.0800793853583023	-0.797006976825878
-0.117128744871861	0.490813275251166	-0.680471683729667	0.510502917798166	-0.163151588369365	0.0800873833678952	-0.795578206004546
-0.116006732762917	0.491797624689795	-0.679231867706364	0.511300172489645	-0.160859059342938	0.0800902645736992	-0.79414349805853
-0.114889846770668	0.49276348159564	-0.677986373321494	0.512078427404269	-0.158569339291963	0.0800880598435015	-0.792702849559423
-0.113778145296193	0.493710852667326	-0.676735195881364	0.512837677621662	-0.156282566635175	0.0800808003485545	-0.791256256785859
-0.112671685800792	0.494639745026423	-0.67547833047374	0.513577919025816	-0.153998879420579	0.0800685175577012	-0.789803715728169
-0.11157052480293	0.49555016621011	-0.674215771973686	0.514299148303802	-0.151718415319124	0.0800512432315338	-0.788345222093121
-0.110474717875293	0.496442124163997	-0.672947515049517	0.515001362944472	-0.149441311618393	0.0800290094166032	-0.786880771308764
-0.109384319641943	0.497315627235107	-0.6716735541689	0.515684561237179	-0.147167705216306	0.080001848439665	-0.785410358529397
-0.108299383775608	0.498170684165011	-0.670393883605045	0.516348742270496	-0.144897732614814	0.0799697929019716	-0.783933978640622
-0.10721996299505	0.49900730408314	-0.66910849744306	0.516993905930947	-0.142631529913626	0.0799328756736167	-0.782451626264526
-0.106146109062575	0.499825496500231	-0.667817389586376	0.517620052901728	-0.14036923280392	0.0798911298879075	-0.78096329576494
-0.105077872781624	0.50062527130197	-0.666520553763344	0.518227184661453	-0.138110976562062	0.0798445889358018	-0.779468981252825
-0.104015303994491	0.501406638742784	-0.665217983533905	0.518815303482903	-0.135856896043325	0.079793286460375	-0.777968676591751
-0.102958451580132	0.502169609439804	-0.663909672296413	0.519384412431776	-0.133607125675605	0.0797372563513401	-0.776462375403479
-0.1019073634521	0.502914194366998	-0.662595613294545	0.519934515365447	-0.131361799453131	0.0796765327396115	-0.774950071073644
-0.100862086556562	0.503640404849484	-0.661275799624348	0.520465616931749	-0.129121050930169	0.0796111499919122	-0.77343175675754
-0.0998226668704414	0.504348252558004	-0.65995022424138	0.520977722567745	-0.126885013214716	0.0795411427054295	-0.771907425386003
-0.0987891493996547	0.505037749503586	-0.658618879967983	0.521470838498524	-0.12465381896218	0.0794665457025174	-0.770377069671401
-0.0977615781774563	0.505708908032372	-0.657281759500648	0.521944971736002	-0.122427600369057	0.0793873940254429	-0.768840682113709
-0.0967399962628882	0.506361740820632	-0.6559388554175	0.522400130077731	-0.120206489166573	0.0793037229311748	-0.767298255006695
-0.0957244457393243	0.506996260869945	-0.654590160185876	0.522836322105721	-0.117990616614326	0.0792155678862201	-0.765749780444186
-0.0947149677131323	0.50761248150259	-0.653235666170037	0.523253557185285	-0.115780113493898	0.0791229645615155	-0.76419525032646
-0.093711602312424	0.50821041635708	-0.651875365638958	0.523651845463872	-0.113575110102452	0.0790259488273481	-0.762634656366701
-0.0927143886859231	0.508790079383914	-0.65050925077423	0.524031197869945	-0.111375736246292	0.0789245567483308	-0.761067990097578
-0.091723365001918	0.509351484841485	-0.649137313678061	0.524391626111827	-0.109182121234412	0.0788188245784249	-0.759495242877878
-0.0907385684473285	0.509894647292199	-0.64775954638138	0.524733142676608	-0.106994393872004	0.078708788756002	-0.757916405899284
-0.0897600352268751	0.51041958159877	-0.646375940852044	0.525055760829038	-0.104812682453946	0.0785944858989499	-0.756331470193212
-0.0887878005623366	0.51092630292069	-0.64498648900312	0.52535949461043	-0.102637114758247	0.0784759527998331	-0.754740426637734
-0.0878218986919274	0.511414826710913	-0.64359118270129	0.525644358837602	-0.100467818039464	0.0783532264210813	-0.753143265964627
-0.0868623628697649	0.511885168712712	-0.64219001377532	0.525910369101801	-0.0983049190220807	0.0782263438902377	-0.751539978766472
-0.0859092253654338	0.512337344956728	-0.640782974024649	0.526157541767668	-0.096148543893853	0.078095342495243	-0.749930555503877
-0.0849625174636694	0.51277137175822	-0.639370055228039	0.526385893972209	-0.0939988182991006	0.0779602596797606	-0.748314986512766
-0.0840222694641209	0.513187265714488	-0.637951249152328	0.526595443623768	-0.0918558673319733	0.0778211330385492	-0.746693262011758
-0.0830885106812327	0.513585043702515	-0.636526547561264	0.526786209401039	-0.0897198155296601	0.0776780003128795	-0.745065372109649
-0.0821612694442161	0.513964722876781	-0.635095942224427	0.526958210752083	-0.0875907868655602	0.0775308993859816	-0.743431306812971
-0.0812405730971345	0.514326320667277	-0.633659424926222	0.527111467893341	-0.0854689047424033	0.0773798682785528	-0.741791056033628
-0.0803264479990745	0.514669854777721	-0.632216987474951	0.5272460018087	-0.0833542919853217	0.0772249451442879	-0.740144609596627
-0.0794189195244335	0.514995343183953	-0.630768621711977	0.527361834248546	-0.0812470708348721	0.0770661682654586	-0.738491957247894
-0.0785180120633017	0.515302804132541	-0.629314319520944	0.527458987728836	-0.0791473629400007	0.0769035760485385	-0.73683308866217
-0.0776237490219477	0.515592256139584	-0.627854072837087	0.527537485530212	-0.0770552893509633	0.0767372070198578	-0.735167993450993
-0.0767361528234082	0.515863717989688	-0.626387873656585	0.527597351697091	-0.0749709705121754	0.076567099821297	-0.733496661170744
-0.0758552449081832	0.516117208735165	-0.624915714046021	0.527638611036801	-0.0728945262550232	0.0763932932060323	-0.731819081330809
-0.0749810457350287	0.516352747695415	-0.623437586151879	0.527661289118727	-0.0708260757906006	0.0762158260343026	-0.730135243401789
-0.0741135747818564	0.516570354456496	-0.621953482210094	0.527665412273453	-0.0687657377023933	0.0760347372692236	-0.72844513682379
-0.0732528505467385	0.51677004887093	-0.620463394555716	0.52765100759197	-0.066713629938899	0.0758500659726383	-0.726748751014827
-0.0723988905490188	0.516951851057635	-0.618967315632567	0.527618102924831	-0.0646698698061903	0.0756618513009975	-0.725046075379252
-0.0715517113305237	0.517115781402122	-0.617465238002994	0.527566726881382	-0.0626345739604057	0.0754701325012811	-0.723337099316299
-0.0707113284568868	0.517261860556861	-0.615957154357673	0.527496908828984	-0.0606078584001789	0.0752749489069564	-0.721621812228696
-0.0698777565189701	0.517390109441825	-0.614443057525451	0.52740867889224	-0.0585898384590078	0.0750763399339624	-0.719900203531331
-0.0690510091344017	0.517500549245269	-0.612922940483243	0.527302067952275	-0.0565806287975416	0.0748743450767358	-0.718172262660019
-0.0682310989492174	0.517593201424664	-0.611396796365979	0.527177107645984	-0.0545803433958176	0.0746690039042626	-0.716437979080325
-0.0674180376396092	0.517668087707856	-0.609864618476588	0.527033830365335	-0.0525890955454154	0.074460356056174	-0.714697342296458
-0.0666118359137839	0.517725230094407	-0.608326400296026	0.526872269256677	-0.0506069978415434	0.0742484412388517	-0.712950341860249
-0.0658125035139338	0.51776465085712	-0.60678213549334	0.52669245822004	-0.0486341621750612	0.0740332992215904	-0.711196967380176
-0.0650200492183141	0.51778637254379	-0.605231817935771	0.526494431908495	-0.0466706997244171	0.0738149698327734	-0.709437208530486
-0.0642344808434335	0.517790417979104	-0.603675441698889	0.526278225727489	-0.044716720947532	0.0735934929560761	-0.707671055060355
-0.0634558052463559	0.517776810266779	-0.602113001076757	0.526043875834225	-0.0427723355735851	0.0733689085267107	-0.705898496803137
-0.0626840283271204	0.51774557279184	-0.600544490592114	0.525791419137022	-0.0408376525947529	0.073141256527688	-0.704119523685657
-0.0619191550312639	0.517696729223139	-0.598969905006593	0.525520893294729	-0.0389127802578521	0.0729105769861085	-0.702334125737593
-0.061161189352467	0.517630303516039	-0.597389239330962	0.525232336716134	-0.0369978260559171	0.0726769099694838	-0.700542293100897
-0.0604101343353123	0.517546319915273	-0.595802488835371	0.524925788559378	-0.0350928967197072	0.0724402955820755	-0.698744016039287
-0.0596659920781628	0.517444802958024	-0.594209649059627	0.524601288731403	-0.0331980982091274	0.072200773961271	-0.696939284947808
-0.0589287637361514	0.51732577747717	-0.592610715823471	0.524258877887407	-0.0313135357045809	0.0719583852739677	-0.695128090362441
-0.0581984495242893	0.517189268604709	-0.591005685236871	0.523898597430295	-0.029439313598245	0.0717131697129943	-0.693310422969763
-0.0574750487206972	0.517035301775384	-0.589394553710311	0.523520489510171	-0.0275755354852684	0.0714651674935447	-0.691486273616671
-0.0567585596699573	0.516863902730496	-0.587777317965112	0.52312459702383	-0.025722304154897	0.0712144188496417	-0.689655633320192
-0.0560489797865792	0.516675097521862	-0.586153975043705	0.522710963614253	-0.0238797215815209	0.0709609640306133	-0.687818493277273
-0.0553463055585923	0.516468912516001	-0.584524522319948	0.52227963367013	-0.0220478889156449	0.0707048432975929	-0.685974844874701
-0.0546505325512636	0.516245374398463	-0.582888957509405	0.521830652325384	-0.0202269064747886	0.0704460969200434	-0.684124679699022
-0.0539616554109341	0.516004510178349	-0.581247278679633	0.521364065458709	-0.0184168737343094	0.0701847651722879	-0.682267989546538
-0.0532796678689828	0.515746347193018	-0.579599484260448	0.520879919693128	-0.0166178893181432	0.0699208883300734	-0.680404766433337
-0.0526045627459138	0.515470913112934	-0.577945573054179	0.520378262395542	-0.0148300509894882	0.0696545066671354	-0.678535002605375
-0.0519363319555741	0.515178235946719	-0.576285544245891	0.519859141676305	-0.013053455641399	0.0693856604517903	-0.676658690548594
-0.0512749665094986	0.514868344046366	-0.574619397413613	0.519322606388805	-0.0112881992873171	0.0691143899435421	-0.674775822999112
-0.050620456521377	0.514541266112606	-0.5729471325385	0.51876870612905	-0.00953437705152479	0.0688407353896947	-0.672886392953405
-0.0499727912116616	0.514197031200461	-0.571268750015007	0.518197491235265	-0.00779208315953317	0.0685647370219899	-0.670990393678584
-0.049331958912296	0.51383566872495	-0.569584250660996	0.517609012787496	-0.00606141092839562	0.0682864350532489	-0.669087818722668
-0.0486979470715789	0.513457208466955	-0.567893635727832	0.517003322607227	-0.00434245275695398	0.0680058696740325	-0.667178661924917
-0.048070742259165	0.513061680579268	-0.566196906910421	0.516380473256997	-0.00263530011601432	0.0677230810493106	-0.665262917426193
-0.0474503301711864	0.512649115592751	-0.564494066357214	0.515740518040016	-0.000940043538463784	0.0674381093151421	-0.66334057967934
-0.046836695635529	0.512219544422706	-0.562785116680171	0.515083510999816	0.000743227390687904	0.0671509945753634	-0.661411643459637
-0.0462298226172187	0.511772998375362	-0.561070060964659	0.514409506919872	0.00241442404432497	0.0668617768982945	-0.659476103875231
-0.045629694223968	0.511309509154518	-0.559348902779305	0.51371856132325	0.0040734587633064	0.0665704963134424	-0.65753395637762
-0.045036292711843	0.510829108868338	-0.557621646185796	0.513010730472246	0.00572024486660561	0.0662771928082193	-0.655585196772169
-0.0444495994910768	0.510331830036299	-0.555888295748616	0.512286071368049	0.00735469666151095	0.0659819063246696	-0.653629821228644
-0.0438695951320165	0.509817705596265	-0.554148856544709	0.511544641750377	0.00897672945388634	0.0656846767561988	-0.651667826291753
-0.0432962593712152	0.509286768911713	-0.552403334173097	0.510786500097139	0.0105862595584781	0.0653855439443125	-0.649699208891733
-0.0427295711176593	0.508739053779089	-0.550651734764391	0.510011705624084	0.0121832043092903	0.0650845476753599	-0.647723966354923
-0.0421695084591389	0.508174594435308	-0.548894064990278	0.509220318284469	0.0137674820699953	0.0647817276772798	-0.645742096414393
-0.0416160486687591	0.507593425565372	-0.547130332072878	0.508412398768703	0.0153390122444043	0.0644771236163548	-0.643753597220544
-0.0410691682115979	0.50699558231013	-0.545360543794057	0.507588008504012	0.0168977152869837	0.0641707750939689	-0.641758467351751
-0.0405288427514997	0.506381100274137	-0.543584708504628	0.506747209654078	0.0184435127134069	0.0638627216433628	-0.639756705824988
-0.0399950471580193	0.505750015533681	-0.54180283513349	0.50589006511871	0.0199763271111668	0.0635530027263995	-0.637748312106493
-0.0394677555135049	0.505102364644878	-0.540014933196653	0.505016638533484	0.0214960821502055	0.0632416577303274	-0.635733286122405
-0.0389469411203309	0.504438184651914	-0.538221012806172	0.504126994269383	0.0230027025935986	0.0629287259645465	-0.633711628269416
-0.0384325765082701	0.503757513095398	-0.536421084678998	0.503221197432459	0.0244961143082693	0.0626142466573763	-0.631683339425437
-0.0379246334420184	0.503060388020786	-0.534615160145692	0.502299313863435	0.0259762442757213	0.0622982589528208	-0.629648420960223
-0.0374230829288594	0.502346847986977	-0.532803251159077	0.501361410137377	0.0274430206028262	0.0619808019073382	-0.627606874746045
-0.0369278952264784	0.501616932074948	-0.53098537030274	0.500407553563282	0.0288963725326081	0.0616619144866128	-0.625558703168304
-0.0364390398509227	0.50087067989651	-0.529161530799444	0.499437812183715	0.0303362304550703	0.0613416355623147	-0.623503909136168
-0.0359564855847068	0.50010813160317	-0.527331746519419	0.498452254774412	0.0317625259180309	0.0610200039088709	-0.621442496093179
-0.0354802004850709	0.499329327895062	-0.525496031988524	0.497450950843876	0.0331751916379821	0.0606970582002293	-0.619374468027857
-0.0350101518923731	0.498534310029982	-0.523654402396309	0.496433970632977	0.0345741615109526	0.0603728370066234	-0.61729982948428
-0.0345463064386481	0.497723119832484	-0.521806873603908	0.495401385114508	0.0359593706233861	0.0600473787913358	-0.615218585572631
-0.0340886300562954	0.496895799703077	-0.51995346215185	0.494353265992778	0.0373307552630227	0.0597207219074478	-0.613130741979746
-0.0336370879869237	0.496052392627476	-0.518094185267701	0.493289685703142	0.0386882529297816	0.0593929045946101	-0.611036304979616
-0.0331916447903387	0.495192942185948	-0.516229060873588	0.492210717411563	0.0400318023466447	0.0590639649757892	-0.608935281443871
-0.0327522643536809	0.494317492562695	-0.514358107593578	0.491116435014128	0.0413613434705277	0.0587339410540187	-0.606827678852233
-0.0323189099007076	0.49342608855531	-0.512481344760904	0.490006913136552	0.0426768175031483	0.0584028707091517	-0.604713505302911
-0.0318915440012176	0.492518775584304	-0.510598792425061	0.488882227133685	0.0439781669018773	0.0580707916946029	-0.602592769522999
-0.0314701285806307	0.491595599702667	-0.508710471358739	0.487742453088989	0.0452653353905722	0.0577377416340925	-0.600465480878801
-0.0310546249297011	0.490656607605482	-0.506816403064617	0.48658766781399	0.0465382679703867	0.0574037580183852	-0.598331649386126
-0.0306449937143825	0.489701846639583	-0.504916609781973	0.485417948847719	0.0477969109305578	0.0570688782020241	-0.596191285720523
-0.0302411949858353	0.488731364813266	-0.503011114493179	0.484233374456147	0.0490412118591582	0.0567331394000646	-0.594044401227501
-0.0298431881905766	0.487745210806011	-0.501099940929987	0.483034023631567	0.0502711196538173	0.0563965786848017	-0.591891007932648
-0.0294509321807675	0.486743433978257	-0.499183113579697	0.481819976091994	0.0514865845323981	0.0560592329824963	-0.589731118551747
-0.0290643852246576	0.485726084381178	-0.497260657691102	0.480591312280497	0.0526875580436336	0.055721139070096	-0.587564746500776
-0.0286835050171422	0.484693212766504	-0.495332599280321	0.479348113364548	0.0538739930777106	0.0553823335719561	-0.5853919059059
-0.0283082486904864	0.483644870596344	-0.493398965136416	0.478090461235329	0.0550458438768054	0.0550428529565504	-0.583212611613367
-0.0279385728251731	0.482581110053019	-0.491459782826851	0.476818438507	0.0562030660455539	0.054702733533194	-0.581026879199344
-0.0275744334608849	0.481501984048914	-0.489515080702774	0.475532128515977	0.0573456165614639	0.0543620114487407	-0.578834724979687
-0.0272157861076313	0.480407546236315	-0.487564887904104	0.474231615320142	0.0584734537852591	0.0540207226843031	-0.576636166019626
-0.0268625857570003	0.479297851017245	-0.485609234364449	0.472916983698043	0.0595865374711433	0.0536789030519485	-0.57443122014338
-0.0265147868935486	0.478172953553314	-0.48364815081584	0.471588319148085	0.0606848287769975	0.0533365881914097	-0.572219905943704
-0.0261723435063167	0.477032909775509	-0.481681668793246	0.470245707887635	0.0617682902744813	0.0529938135667821	-0.570002242791307
-0.0258352091004788	0.475877776394022	-0.47970982063895	0.468889236852163	0.0628368859590564	0.0526506144632287	-0.567778250844256
-0.025503336709113	0.474707610908	-0.47773263950668	0.467518993694296	0.0638905812599102	0.0523070259836792	-0.565547951057214
-0.0251766789051027	0.473522471615303	-0.475750159365576	0.466135066782866	0.0649293430497813	0.0519630830455268	-0.563311365190632
-0.0248551878131549	0.472322417622217	-0.47376241500396	0.464737545201922	0.0659531396546842	0.0516188203773362	-0.561068515819839
-0.0245388151219425	0.471107508853112	-0.471769442032879	0.463326518749691	0.0669619408635194	0.0512742725155334	-0.558819426344003
-0.0242275120963671	0.469877806060079	-0.469771276889488	0.461902077937524	0.0679557179375711	0.0509294738011186	-0.556564120995033
-0.0239212295899286	0.468633370832507	-0.467767956840191	0.460464313988787	0.0689344436198882	0.0505844583763606	-0.554302624846332
-0.023619918057219	0.467374265606591	-0.465759519983604	0.459013318837716	0.0698980921445303	0.0502392601815088	-0.552034963821461
-0.0233235275665255	0.466100553674801	-0.463746005253299	0.457549185128239	0.0708466392456914	0.0498939129515026	-0.549761164702696
-0.023032007812529	0.464812299195286	-0.461727452420354	0.456072006212775	0.0717800621666848	0.0495484502126768	-0.547481255139462
-0.0227453081291305	0.463509567201165	-0.459703902095667	0.454581876150921	0.0726983396687753	0.0492029052794884	-0.545195263656624
-0.0224633775023587	0.462192423609808	-0.457675395732094	0.453078889708203	0.073601452039886	0.0488573112512322	-0.542903219662703
-0.0221861645833876	0.460860935231968	-0.455641975626336	0.451563142354677	0.0744893811031251	0.0485117010087689	-0.540605153457906
-0.0219136177016518	0.459515169780882	-0.453603684920661	0.450034730263573	0.0753621102251749	0.048166107211263	-0.538301096242093
-0.0216456848780502	0.45815519588124	-0.451560567604371	0.448493750309832	0.0762196243245028	0.0478205622929243	-0.535991080122554
-0.0213823138382417	0.456781083078071	-0.449512668515068	0.446940300068621	0.0770619098794078	0.0474750984597572	-0.533675138121678
-0.0211234520260291	0.455392901845516	-0.447460033339703	0.445374477813798	0.0778889549358908	0.0471297476863185	-0.531353304184465
-0.0208690466168238	0.453990723595531	-0.445402708615432	0.44379638251635	0.0787007491153463	0.046784541712494	-0.529025613185942
-0.020619044531189	0.452574620686407	-0.44334074173021	0.442206113842723	0.0794972836220542	0.0464395120402731	-0.526692100938355
-0.0203733924484638	0.45114466643123	-0.441274180923201	0.440603772153162	0.0802785512504963	0.0460946899305466	-0.52435280419828
-0.0201320368204525	0.449700935106188	-0.439203075284964	0.438989458499972	0.081044546392463	0.0457501063999094	-0.522007760673555
-0.0198949238851918	0.448243501958763	-0.437127474757413	0.437363274625725	0.0817952650439597	0.0454057922174881	-0.519657009030056
-0.019661999680765	0.446772443215767	-0.435047430133571	0.435725322961421	0.0825307048119032	0.04506177790177	-0.517300588898316
-0.0194332100591991	0.445287836091253	-0.432962993057082	0.434075706624582	0.0832508649206027	0.0447180937174609	-0.51493854087998
-0.0192085007003976	0.44378975879428	-0.430874216021537	0.432414529417311	0.0839557462180208	0.0443747696723546	-0.512570906554109
-0.018987817126136	0.442278290536532	-0.428781152369563	0.430741895824287	0.0846453511818136	0.0440318355142206	-0.510197728483311
-0.0187711047141032	0.440753511539745	-0.426683856291687	0.429057911010673	0.0853196839251223	0.0436893207277149	-0.507819050219676
-0.0185583087119787	0.439215503043034	-0.424582382825003	0.427362680820024	0.0859787502021554	0.0433472545313108	-0.505434916310584
-0.018349374251561	0.437664347309987	-0.422476787851599	0.425656311772068	0.0866225574135	0.043005665874252	-0.503045372304292
-0.0181442463629166	0.436100127635666	-0.420367128096811	0.42393891106051	0.0872511146112114	0.0426645834335274	-0.500650464755399
-0.0179428699885629	0.434522928353321	-0.418253461127176	0.422210586550659	0.0878644325036223	0.0423240356108759	-0.498250241230029
-0.0177451899976794	0.432932834841048	-0.416135845348281	0.420471446777125	0.0884625234599265	0.0419840505298142	-0.495844750310962
-0.0175511512003345	0.431329933528167	-0.414014340002306	0.418721600941347	0.0890454015144677	0.0416446560326904	-0.493434041602464
-0.0173606983617219	0.429714311901456	-0.411889005165408	0.416961158909119	0.0896130823707856	0.0413058796777712	-0.491018165734992
-0.0171737762164176	0.428086058511167	-0.40975990174487	0.415190231208018	0.0901655834053696	0.0409677487363588	-0.488597174369683
-0.0169903294826274	0.426445262976857	-0.407627091476045	0.413408929024786	0.0907029236711496	0.0406302901899368	-0.48617112020265
-0.0168103028764479	0.424792015993007	-0.4054906369191	0.411617364202645	0.0912251239006932	0.0402935307273486	-0.483740056969087
-0.0166336411261086	0.423126409334425	-0.403350601455541	0.409815649238524	0.0917322065091186	0.0399574967420193	-0.481304039447169
-0.0164602889862135	0.421448535861441	-0.401207049284531	0.408003897280239	0.0922241955967157	0.0396222143292015	-0.478863123461746
-0.0162901912519555	0.419758489524897	-0.399060045419032	0.406182222123611	0.0927011169512739	0.0392877092832695	-0.476417365887852
-0.0161232927733163	0.418056365370896	-0.39690965568171	0.404350738209492	0.0931629980501004	0.0389540070950446	-0.473966824653988
-0.0159595384692371	0.416342259545304	-0.394755946700645	0.402509560620713	0.0936098680617328	0.0386211329491662	-0.471511558745182
-0.0157988733417571	0.414616269298096	-0.392598985904893	0.400658805079028	0.0940417578473561	0.0382891117215056	-0.469051628205908
-0.0156412424901038	0.412878492987345	-0.390438841519757	0.398798587941864	0.0944586999618763	0.0379579679766163	-0.466587094142667
-0.0154865911247605	0.411129030083118	-0.388275582561984	0.396929026199153	0.0948607286547121	0.0376277259652388	-0.46411801872652
-0.0153348645814571	0.409367981171005	-0.386109278834672	0.395050237469955	0.0952478798702321	0.0372984096218486	-0.461644465195245
-0.0151860083351304	0.407595447955464	-0.383940000922041	0.393162339999082	0.0956201912478829	0.0369700425622497	-0.459166497855378
-0.0150399680138023	0.405811533262881	-0.381767820183994	0.391265452653614	0.0959777021219758	0.0366426480812187	-0.456684182083976
-0.0148966894124094	0.404016341044432	-0.379592808750534	0.389359694919379	0.0963204535211554	0.036316249150208	-0.454197584330219
-0.0147561185065481	0.402209976378627	-0.377415039515962	0.387445186897328	0.0966484881675175	0.0359908684150905	-0.451706772116741
-0.0146182014661426	0.400392545473603	-0.375234586132907	0.385522049299811	0.0969618504753812	0.0356665281939678	-0.449211814040726
-0.0144828846690366	0.3985641556692	-0.373051523006214	0.383590403446849	0.0972605865497404	0.0353432504750297	-0.446712779774852
-0.0143501147144849	0.396724915438691	-0.370865925286602	0.381650371262241	0.0975447441843383	0.0350210569144698	-0.444209740067898
-0.0142198384365587	0.394874934390322	-0.368677868864228	0.379702075269671	0.097814372859415	0.0346999688344701	-0.441702766745242
-0.0140920029174423	0.39301432326852	-0.366487430362034	0.377745638588688	0.0980695237390909	0.0343800072212344	-0.439191932709035
-0.0139665555006278	0.391143193954857	-0.364294687128965	0.375781184930631	0.0983102496683985	0.0340611927230924	-0.436677311938208
-0.0138434438039941	0.389261659468709	-0.362099717232997	0.373808838594455	0.0985366051699494	0.0337435456486596	-0.434158979488196
-0.0137226157327684	0.387369833967664	-0.359902599454069	0.371828724462512	0.0987486464402509	0.033427085965074	-0.431637011490489
-0.0136040194923625	0.385467832747609	-0.357703413276797	0.369840967996201	0.0989464313456485	0.0331118332962892	-0.429111485151884
-0.0134876036010818	0.383555772242588	-0.355502238883121	0.367845695231611	0.0991300194179181	0.03279780692144	-0.426582478753586
-0.0133733169026928	0.381633770024276	-0.353299157144721	0.365843032774986	0.0992994718494675	0.0324850257732793	-0.424050071649969
-0.0132611085788573	0.37970194480128	-0.351094249615389	0.363833107798216	0.0994548514882003	0.0321735084366827	-0.421514344267224
-0.0131509281614132	0.377760416418053	-0.348887598523204	0.36181604803417	0.0995962228319819	0.0318632731472315	-0.418975378101676
-0.013042725544504	0.375809305853561	-0.346679286762608	0.359791981771981	0.099723652022748	0.0315543377898622	-0.416433255717921
-0.0129364509965533	0.373848735219638	-0.34446939788634	0.357761037852238	0.0998372068402401	0.0312467198976001	-0.4138880607467
-0.01283205517207	0.371878827759064	-0.342258016097282	0.355723345662124	0.0999369566953621	0.0309404366503632	-0.411339877882575
-0.0127294891232933	0.369899707843304	-0.340045226240144	0.353679035130424	0.100022972623163	0.030635504873848	-0.408788792881323
-0.012628704311655	0.367911500969976	-0.337831113793063	0.351628236722484	0.100095327275442	0.0303319410384918	-0.406234892557119
-0.0125296526190644	0.365914333760051	-0.33561576485913	0.34957108143512	0.100154094912994	0.0300297612585248	-0.403678264779532
-0.0124322863590107	0.363908333954658	-0.333399266157729	0.347507700791354	0.100199351397445	0.0297289812910921	-0.401118998470183
-0.0123365582874755	0.361893630411683	-0.331181705015862	0.345438226835168	0.100231174182746	0.0294296165354679	-0.398557183599278
-0.0122424216136448	0.359870353102021	-0.328963169359344	0.343362792126123	0.100249642306271	0.0291316820323531	-0.39599291118185
-0.0121498300104304	0.357838633105512	-0.326743747703902	0.341281529733897	0.100254836379537	0.0288351924632557	-0.393426273273783
-0.0120587376247731	0.355798602606609	-0.324523529146217	0.339194573232765	0.100246838578559	0.0285401621499663	-0.39085736296761
-0.0119690990877526	0.353750394889705	-0.322302603354849	0.337102056695976	0.100225732633819	0.0282466050541076	-0.388286274388069
-0.0118808695244654	0.351694144334199	-0.320081060561142	0.335004114690073	0.100191603819866	0.027954534776793	-0.385713102687469
-0.0117940045637001	0.349629986409224	-0.317858991550013	0.332900882269119	0.100144538944545	0.027663964558357	-0.383137944040787
-0.0117084603473735	0.347558057668066	-0.315636487650673	0.330792494968816	0.100084626337834	0.0273749072781897	-0.38056089564054
-0.0116241935397533	0.345478495742322	-0.313413640727344	0.328679088800609	0.100011955840338	0.0270873754546578	-0.377982055691481
-0.0115411613364354	0.343391439335726	-0.311190543169857	0.32656080024566	0.0999266187913909	0.026801381245122	-0.375401523405025
-0.0114593214730954	0.341297028217662	-0.308967287884231	0.324437766248742	0.0998287080167952	0.0265169364460458	-0.372819398993464
-0.0113786322339913	0.339195403216416	-0.306743968283205	0.322310124212095	0.0997183178162005	0.026234052493203	-0.370235783663985
-0.0112990524602277	0.337086706212093	-0.30452067827673	0.320178011989159	0.0995955439501059	0.0259527404619802	-0.367650779612449
-0.0112205415577682	0.334971080129267	-0.30229751226242	0.318041567878269	0.0994604836265158	0.0256730110677736	-0.365064490016971
-0.0111430595051963	0.332848668929283	-0.300074565115953	0.315900930616218	0.0993132354872109	0.0253948746664861	-0.362477019031249
-0.0110665668612225	0.330719617602341	-0.297851932181497	0.313756239371826	0.0991538995936945	0.0251183412551219	-0.35988847177775
-0.0109910247719328	0.328584072159212	-0.295629709262058	0.311607633739343	0.0989825774127506	0.024843420472479	-0.35729895434062
-0.0109163949777689	0.326442179622719	-0.293407992609849	0.30945525373185	0.098799371801678	0.0245701215999433	-0.35470857375843
-0.0108426398202532	0.324294088018887	-0.291186878916625	0.307299239774542	0.098604386993155	0.0242984535623783	-0.352117438016696
-0.0107697222484395	0.322139946367846	-0.288966465304034	0.305139732697961	0.0983977285797734	0.0240284249291205	-0.349525656040223
-0.0106976058250909	0.319979904674405	-0.286746849313928	0.30297687373113	0.0981795034982188	0.023760043915072	-0.346933337685204
-0.0106262547325926	0.317814113918388	-0.284528128898723	0.300810804494658	0.0979498200131234	0.0234933183818928	-0.34434059373118
-0.0105556337785769	0.315642726044658	-0.282310402411721	0.298641666993723	0.0977087877005766	0.0232282558393006	-0.341747535872764
-0.0104857084012817	0.313465893952883	-0.280093768597476	0.296469603611026	0.0974565174313076	0.0229648634464643	-0.339154276711193
-0.0104164446746204	0.311283771487021	-0.277878326582157	0.294294757099659	0.0971931213535445	0.0227031480135048	-0.336560929745693
-0.010347809312972	0.309096513424526	-0.275664175863934	0.292117270575894	0.0969187128755455	0.0224431160030958	-0.333967609364643
-0.0102797696756879	0.306904275465317	-0.273451416303398	0.289937287511933	0.0966334066478214	0.0221847735321668	-0.331374430836589
-0.0102122937713126	0.304707214220448	-0.271240148114003	0.287754951728572	0.0963373185450397	0.0219281263737087	-0.328781510301054
-0.0101453502615149	0.302505487200519	-0.26903047185252	0.285570407387785	0.0960305656476133	0.0216731799586762	-0.32618896475916
-0.0100789084647327	0.300299252803884	-0.266822488409591	0.283383798985301	0.0957132662230132	0.0214199393780034	-0.323596912064145
-0.0100129383595288	0.298088670304508	-0.264616299000226	0.281195271343035	0.0953855397067435	0.0211684093847046	-0.321005470911611
-0.00994741058765171	0.295873899839697	-0.262412005154468	0.279004969601558	0.0950475066830703	0.0209185943960958	-0.318414760829722
-0.00988229645681144	0.293655102397458	-0.260209708707978	0.276813039212397	0.0946992888654197	0.0206704984960966	-0.315824902169127
-0.00981756794315822	0.291432439803713	-0.258009511792778	0.27461962593037	0.0943410090765262	0.0204241254376499	-0.313236016092818
-0.00975319769346934	0.289206074709242	-0.255811516828005	0.272424875805824	0.0939727912282979	0.0201794786452332	-0.310648224565794
-0.00968915902704767	0.286976170576368	-0.253615826510712	0.270228935176791	0.0935947603013969	0.0199365612174692	-0.308061650344557
-0.0096254259373233	0.28474289166547	-0.251422543806781	0.268031950661156	0.0932070423245847	0.0196953759298404	-0.305476416966519
-0.00956197309316294	0.282506403021225	-0.249231771941859	0.26583406914871	0.0928097643537869	0.0194559252374976	-0.302892648739204
-0.00949877583988987	0.280266870458634	-0.247043614392377	0.263635437793162	0.0924030544509092	0.0192182112781667	-0.300310470729342
-0.00943581020001066	0.278024460548904	-0.244858174876694	0.26143620400417	0.0919870416624374	0.0189822358751601	-0.297730008751873
-0.00937305287365167	0.275779340605006	-0.242675557346225	0.259236515439203	0.0915618559977552	0.0187480005404703	-0.295151389358713
-0.00931048123870277	0.273531678667118	-0.240495865976733	0.257036519995457	0.0911276284072669	0.0185155064779712	-0.292574739827497
-0.0092480733506798	0.271281643487859	-0.238319205159683	0.254836365801695	0.090684490760285	0.018284754586709	-0.290000188150166
-0.00918580794228899	0.269029404517282	-0.236145679493658	0.252636201210018	0.0902325758226945	0.018055745464287	-0.287427863021408
-0.0091236644227139	0.266775131887741	-0.233975393775912	0.250436174787636	0.0897720172344172	0.0178284794103437	-0.284857893827043
-0.00906162287661519	0.264518996398531	-0.231808452993973	0.248236435308571	0.0893029494866687	0.0176029564301191	-0.282290410632242
-0.00899966406284303	0.262261169500366	-0.22964496231737	0.246037131745324	0.0888255078990181	0.0173791762381166	-0.279725544169677
-0.00893776941287701	0.260001823279703	-0.227485027089458	0.243838413260524	0.0883398285962678	0.0171571382618489	-0.27716342582757
-0.00887592102898387	0.257741130442877	-0.225328752819339	0.241640429198534	0.0878460484851468	0.0169368416456747	-0.274604187637641
-0.00881410168209347	0.255479264300091	-0.22317624517389	0.239443329077008	0.0873443052308298	0.0167182852547192	-0.272047962262951
-0.00875229480941205	0.253216398749235	-0.221027609969882	0.237247262578438	0.086834737233296	0.0165014676788822	-0.269494882985677
-0.00869048451175451	0.250952708259593	-0.21888295316625	0.235052379541673	0.0863174836035307	0.0162863872369269	-0.266945083694808
-0.00862865555061569	0.248688367855369	-0.216742380856425	0.232858829953391	0.0857926841395738	0.0160730419806517	-0.264398698873746
-0.00856679334497128	0.246423553099123	-0.214605999260832	0.23066676393959	0.0852604793024355	0.0158614296991458	-0.261855863587866
-0.00850488396781935	0.244158440075006	-0.212473914719432	0.228476331756981	0.0847210101918597	0.0156515479231135	-0.259316713471946
-0.00844291414246318	0.241893205371973	-0.210346233684472	0.226287683784455	0.0841744185219909	0.0154433939292906	-0.256781384717624
-0.00838087123854078	0.239628026066786	-0.20822306271327	0.224100970514457	0.0836208465968977	0.0152369647449197	-0.254250014060711
-0.00831874326779575	0.237363079706966	-0.206104508461173	0.221916342544379	0.0830604372860013	0.0150322571523122	-0.251722738768502
-0.00825651887961203	0.235098544293625	-0.203990677674625	0.21973395056794	0.0824933339994052	0.0148292676934753	-0.249199696627029
-0.0081941873562945	0.232834598264174	-0.201881677184333	0.217553945366523	0.081919680663116	0.0146279926748081	-0.24668102592823
-0.00813173860811477	0.230571420475016	-0.199777613898621	0.215376477800569	0.0813396216942112	0.0144284281718721	-0.244166865457167
-0.00806916316812277	0.228309190184049	-0.197678594796815	0.213201698800878	0.0807533019758942	0.014230570034216	-0.241657354479089
-0.00800645218672527	0.226048087033192	-0.195584726922857	0.211029759359978	0.0801608668325154	0.0140344138902794	-0.23915263272658
-0.00794359742603696	0.223788291030761	-0.193496117378954	0.208860810523439	0.079562462004508	0.0138399551523421	-0.236652840386583
-0.00788059125401527	0.221529982533859	-0.191412873319446	0.206695003381246	0.0789582336233017	0.0136471890215477	-0.234158118087495
-0.00781742663837126	0.219273342230637	-0.189335101944723	0.204532489059107	0.0783483281861698	0.0134561104929733	-0.231668606886166
-0.0077540971402732	0.217018551122544	-0.187262910495322	0.202373418709815	0.0777328925310575	0.013266714360762	-0.229184448254931
-0.00769059690784292	0.214765790506532	-0.185196406246137	0.200217943504597	0.0771120738113833	0.0130789952233033	-0.226705784068623
-0.00762692066944843	0.212515241957215	-0.183135696500766	0.198066214624481	0.0764860194708265	0.0128929474884678	-0.224232756591588
-0.00756306372680058	0.210267087308983	-0.181080888585967	0.195918383251654	0.075854877218099	0.0127085653788873	-0.221765508464674
-0.00749902194786172	0.208021508638143	-0.179032089846297	0.193774600560871	0.0752187950017338	0.0125258429372873	-0.219304182692284
-0.00743479175956365	0.205778688244983	-0.17698940763882	0.191635017710851	0.0745779209848733	0.0123447740318508	-0.216848922629382
-0.00737037014034878	0.203538808635883	-0.174952949328004	0.189499785835711	0.0739324035200821	0.0121653523616386	-0.214399871968555
-0.00730575461253788	0.201302052505365	-0.172922822280698	0.187369056036399	0.0732823911241801	0.0119875714620374	-0.211957174727065
-0.00724094323452433	0.199068602718201	-0.170899133861279	0.185242979372177	0.0726280324531214	0.0118114247102484	-0.209520975233948
-0.00717593459281272	0.19683864229149	-0.16888199142691	0.183121706852111	0.0719694762769113	0.0116369053308091	-0.207091418117127
-0.00711072779389286	0.194612354376795	-0.166871502322947	0.181005389426616	0.0713068714545843	0.0114640064011477	-0.204668648290585
-0.00704532245597041	0.192389922242268	-0.164867773878457	0.178894177979004	0.0706403669092378	0.0112927208571664	-0.202252810941543
-0.00697971870054574	0.190171529254803	-0.162870913401863	0.176788223317069	0.0699701116031316	0.0111230414988466	-0.199844051517684
-0.0069139171438614	0.187957358862296	-0.160881028176764	0.174687676164763	0.0692962545128924	0.0109549609958867	-0.197442515714483
-0.00684791888820833	0.185747594575832	-0.158898225457805	0.172592687153809	0.0686189446047649	0.0107884718933498	-0.195048349462476
-0.00678172551311491	0.183542419952024	-0.15692261246674	0.17050340681545	0.0679383308099937	0.0106235666173402	-0.192661698914687
-0.00671533906641021	0.181342018575398	-0.154954296388624	0.168419985572226	0.0672545620003062	0.0104602374806909	-0.190282710434096
-0.00664876205517558	0.179146574040777	-0.152993384368069	0.166342573729743	0.0665677869634858	0.0102984766886642	-0.187911530581113
-0.00658199743658812	0.176956269935801	-0.151039983505684	0.16427132146855	0.0658781543790882	0.0101382763446631	-0.18554830610118
-0.00651504860866343	0.1747712898235	-0.149094200854613	0.162206378836046	0.0651858127942797	0.00997962845595294	-0.183193183912417
-0.00644791940090676	0.172591817224981	-0.147156143417226	0.160147895738463	0.0644909105998236	0.00982252493938766	-0.180846311093383
-0.00638061406487201	0.170418035602142	-0.145225918141877	0.158096021932864	0.0637935960061906	0.00966695762713557	-0.178507834870852
-0.00631313726464148	0.168250128340563	-0.143303631919841	0.156050907019251	0.0630940170198494	0.00951291827240981	-0.176177902607738
-0.00624549406722942	0.166088278732433	-0.141389391582326	0.154012700432696	0.0623923214196997	0.00936039855519309	-0.173856661791065
-0.00617768993291957	0.163932669959631	-0.13948330389763	0.151981551435562	0.0616886567336875	0.00920939008795798	-0.171544260020048
-0.0061097307055378	0.16178348507691	-0.137585475568407	0.149957609109787	0.060983170215595	0.00905988442138052	-0.169240844994279
-0.0060416226026711	0.159640906995218	-0.135696013229058	0.147941022349253	0.0602760088220243	0.00891187305004122	-0.166946564502011
-0.00597337220583561	0.157505118465102	-0.133815023443199	0.145931939852177	0.0595673191895535	0.00876534741811333	-0.164661566408507
-0.00590498645060504	0.155376302060323	-0.131942612701298	0.143930510113653	0.0588572476121271	0.00862029892503815	-0.162385998644566
-0.00583647261669978	0.153254640161533	-0.130078887418369	0.141936881418209	0.0581459400186245	0.00847671893117511	-0.160120009195092
-0.00576783831804811	0.151140314940175	-0.128223953931816	0.139951201832486	0.0574335419506723	0.00833459876343949	-0.15786374608784
-0.00569909149282431	0.149033508342474	-0.126377918499361	0.137973619197982	0.0567201985406614	0.00819392972090906	-0.155617357382227
-0.00563024039346876	0.146934402073653	-0.124540887297103	0.136004281123904	0.0560060544900177	0.0080547030804099	-0.153380991158326
-0.00556129357669761	0.14484317758221	-0.122712966417614	0.134043334980043	0.0552912540476745	0.00791691010206664	-0.151154795505883
-0.00549225989350867	0.142760016044514	-0.120894261868249	0.132090927889854	0.0545759409888461	0.00778054203482919	-0.148938918513604
-0.00542314847918924	0.140685098349455	-0.11908487956946	0.130147206723528	0.0538602585940101	0.00764559012196099	-0.146733508258466
-0.00535396874333126	0.138618605083327	-0.117284925353247	0.128212318091208	0.05314434962817	0.00751204560648953	-0.144538712795193
-0.00528473035986116	0.136560716514902	-0.115494504961712	0.126286408336295	0.0524283563203849	0.00737989973662195	-0.142354680145893
-0.00521544325708992	0.134511612580692	-0.113713724045692	0.124369623528861	0.0517124203435732	0.00724914377111617	-0.140181558289817
-0.00514611760779126	0.132471472870429	-0.111942688163518	0.122462109459176	0.0509966827946062	0.00711976898461016	-0.138019495153286
-0.00507676381930642	0.130440476612691	-0.110181502779806	0.120564011631293	0.0502812841746652	0.00699176667290124	-0.13586863859971
-0.00500739252369443	0.128418802660821	-0.1084302732644	0.118675475256805	0.0495663643699278	0.00686512815818225	-0.133729136419837
-0.00493801456792198	0.126406629479017	-0.106689104891384	0.116796645248691	0.0488520626325371	0.00673984479422271	-0.131601136322111
-0.00486864100410149	0.12440413512862	-0.104958102838144	0.11492766621524	0.0481385175618725	0.00661590797149588	-0.129484785923171
-0.00479928307978984	0.122411497254712	-0.103237372184592	0.113068682454169	0.0474258670861634	0.00649330912225444	-0.127380232738578
-0.00472995222834192	0.120428893072837	-0.101527017912387	0.111219837946769	0.0467142484443882	0.00637203972554537	-0.125287624173623
-0.0046606600593339	0.118456499356061	-0.0998271449043137	0.109381276352259	0.0460037981685324	0.0062520913121635	-0.123207107514371
-0.00459141834905685	0.116494492422186	-0.0981378579436715	0.107553141002184	0.0452946520661533	0.00613345546954536	-0.121138829918817
-0.00452223903108851	0.114543048121287	-0.0964592617138097	0.105735574895016	0.0445869452033094	0.00601612384659812	-0.119082938408268
-0.00445313418694353	0.112602341823441	-0.0947914607976813	0.103928720690814	0.0438808118878113	0.00590008815846033	-0.117039579858848
-0.00438411603681547	0.110672548406755	-0.0931345596775173	0.102132720706075	0.0431763856528434	0.00578534019119563	-0.115008900993227
-0.00431519693040606	0.108753842245613	-0.091488662734529	0.10034771690866	0.0424737992409233	0.00567187180641511	-0.112991048372477
-0.00424638933785534	0.106846397199235	-0.0898538742487331	0.0985738509129161	0.0417731845882425	0.00555967494582756	-0.110986168388171
-0.0041777058407688	0.104950386600459	-0.0882302983987948	0.0968112639748791	0.0410746728093556	0.00544874163571288	-0.108994407254601
-0.00410915912335518	0.103065983244827	-0.0866180392619737	0.0950600969876519	0.0403783941822542	0.00533906399132356	-0.107015911001231
-0.00404076196367084	0.101193359379945	-0.0850172008141291	0.0933204904769196	0.0396844781338172	0.00523063422120265	-0.105050825465318
-0.00397252722498233	0.0993326866951329	-0.0834278869298017	0.0915925845966186	0.0389930532256484	0.00512344463142617	-0.103099296284748
-0.00390446784724384	0.0974841363112938	-0.0818502013822936	0.0898765191246822	0.0383042471402724	0.00501748762975785	-0.10116146889098
-0.0038365968387031	0.095647878771211	-0.0802842478439363	0.0881724334590718	0.0376181866677807	0.00491275572972812	-0.0992374885023379
-0.00376892726762965	0.0938240840299891	-0.0787301298862866	0.0864804666138138	0.0369349976928141	0.00480924155461972	-0.0973275001173371
-0.00370147225417707	0.0920129214458894	-0.0771879509804661	0.0848007572152809	0.0362548051819872	0.00470693784137186	-0.0954316485083154
-0.0036342449623789	0.0902145597714359	-0.0756578144975316	0.083133443498599	0.0355777331717049	0.004605837444393	-0.0935500782152266
-0.00356725859228214	0.0884291671448194	-0.0741398237088964	0.0814786633042033	0.0349039047563896	0.00450593333928474	-0.0916829335396327
-0.00350052637222532	0.0866569110816373	-0.0726340817868295	0.0798365540745797	0.0342334420771328	0.0044072186264746	-0.0898303585389267
-0.0034340615512571	0.0848979584669	-0.0711406918049722	0.0782072528511245	0.0335664663107496	0.00430968653475351	-0.0879924970207143
-0.00336787739170847	0.0831524755474222	-0.0696597567389623	0.0765908962712298	0.0329030976592832	0.0042133304247222	-0.0861694925374734
-0.0033019871619117	0.0814206279244583	-0.0681913794670526	0.0749876205654654	0.032243455339909	0.00411814379213969	-0.0843614883813476
-0.00323640412907645	0.079702580546708	-0.0667356627708155	0.0733975615549715	0.0315876575752877	0.00402412027117424	-0.082568627579198
-0.00317114155232165	0.0779984977036357	-0.0652927093358906	0.0718208546490083	0.0309358215843513	0.00393125363755905	-0.080791052887855
-0.00310621267586725	0.0763085430191129	-0.0638626217527768	0.0702576348426738	0.0302880635735241	0.00383953781164475	-0.07902890678958
-0.00304163072238892	0.0746328794454027	-0.0624455025176798	0.0687080367147995	0.0296444987283931	0.00374896686135544	-0.0772823314877515
-0.00297740888653541	0.0729716692574585	-0.0610414540333906	0.0671721944260056	0.0290052412058144	0.00365953500503831	-0.0755514689027467
-0.00291356032861572	0.0713250740476071	-0.0596505786102503	0.0656502417169733	0.0283704041264899	0.00357123661421642	-0.0738364606680906
-0.00285009816845245	0.0696932547205072	-0.0582729784671055	0.0641423119068354	0.0277400995679707	0.00348406621623265	-0.072137448126757
-0.00278703547940606	0.0680763714884875	-0.0569087557323403	0.0626485378917822	0.0271144385581312	0.00339801849679112	-0.0704545723277269
-0.00272438528257443	0.0664745838672421	-0.0555580124449622	0.0611690521438569	0.0264935310691076	0.00331308830239509	-0.0687879740227828
-0.00266216054116336	0.0648880506718452	-0.0542208505557075	0.059703986709911	0.0258774860116877	0.00322927064267488	-0.0671377936634935
-0.00260037415503656	0.0633169300131492	-0.0528973719282176	0.0582534732107715	0.0252664112301791	0.00314656069261253	-0.0655041713984586
-0.00253903895543768	0.0617613792944695	-0.0515876783402044	0.0568176428405361	0.0246604134977181	0.0030649537946549	-0.06388724707071
-0.00247816769989777	0.0602215552087377	-0.0502918714847488	0.0553966263661598	0.0240595985120972	0.00298444546072295	-0.0622871602154533
-0.00241777306731615	0.058697613735892	-0.0490100529715454	0.0539905541271209	0.0234640708920152	0.00290503137410695	-0.0607040500579156
-0.00235786765322494	0.05718971014069	-0.0477423243282378	0.0525995560353354	0.0228739341738305	0.00282670739125556	-0.059138055511483
-0.00229846396523651	0.0556979989709079	-0.0464887870018174	0.0512237615752883	0.0222892908088024	0.0027494695434545	-0.0575893151760945
-0.00223957441866935	0.0542226340558328	-0.0452495423600043	0.049863299804294	0.0217102421607845	0.00267331403839249	-0.0560579673367899
-0.00218121133235989	0.0527637685051663	-0.0440246916927071	0.0485182993529943	0.0211368885044205	0.00259823726161725	-0.0545441499625379
-0.0021233869246574	0.0513215547083031	-0.042814336213529	0.0471888884260608	0.0205693290238275	0.00252423577788144	-0.0530480007053001
-0.00206611330960148	0.0498961443339532	-0.0416185770612951	0.0458751948030733	0.0200076618117571	0.00245130633237442	-0.0515696568993023
-0.00200940249328471	0.0484876883301484	-0.0404375153016295	0.0445773458396103	0.0194519838692512	0.00237944585184339	-0.0501092555605504
-0.00195326637039876	0.0470963369246186	-0.0392712519285714	0.0432954684685386	0.018902391105788	0.00230865144560128	-0.0486669333865765
-0.00189771672096482	0.0457222396255417	-0.0381198878662315	0.0420296892015057	0.018358978339921	0.00223892040642209	-0.0472428267564173
-0.00184276520724849	0.0443655452226831	-0.036983523970501	0.040780134130649	0.0178218393004191	0.00217025021132492	-0.0458370717308413
-0.0017884233708577	0.0430264017888846	-0.035862261030777	0.0395469289304857	0.0172910666278917	0.00210263852224214	-0.0444498040527809
-0.00173470263002519	0.0417049566819671	-0.0347561997717596	0.0383301988600421	0.0167667518769273	0.00203608318657757	-0.0430811591480354
-0.00168161427707365	0.0404013565470092	-0.033665440855287	0.0371300687651871	0.0162489855187293	0.00197058223765041	-0.0417312721262054
-0.00162916947606155	0.039115747318955	-0.0325900848821672	0.0359466630811282	0.0157378569442335	0.00190613389502442	-0.0404002777818083
-0.00157737926061494	0.0378482742257047	-0.0315302323941371	0.0347801058352101	0.0152334544677685	0.00184273656472771	-0.0390883105957336
-0.00152625453193417	0.03659908179146	-0.0304859838757553	0.0336305206498072	0.0147358653311688	0.00178038883935409	-0.0377955047368001
-0.00147580605698835	0.0353683138406131	-0.02945743975647	0.0324980307455757	0.014245175708457	0.00171908949805883	-0.036521994063715
-0.00142604446688299	0.0341561135018916	-0.0284447004126219	0.0313827589447998	0.0137614707109813	0.00165883750643509	-0.0352679121271335
-0.00137698025540729	0.0329626232129245	-0.0274478661695186	0.0302848276749868	0.013284834393075	0.00159963201627944	-0.0340333921719913
-0.00132862377776165	0.0317879847252714	-0.0264670373036165	0.0292043589727459	0.0128153497582548	0.00154147236524835	-0.0328185671401515
-0.00128098524945529	0.0306323391097035	-0.0255023140446326	0.0281414744877615	0.0123530987658752	0.00148435807639617	-0.0316235696731468
-0.00123407474538597	0.0294958267620562	-0.0245537965778521	0.0270962954871506	0.0118981623383676	0.00142828885760909	-0.0304485321153467
-0.00118790219908425	0.0283785874092811	-0.0236215850463244	0.0260689428598664	0.0114506203689144	0.00137326460091851	-0.0292935865171638
-0.00114247740213728	0.0272807601160528	-0.0227057795532398	0.0250595371214722	0.0110105517297031	0.00131928538171082	-0.0281588646386669
-0.00109781000377799	0.0262024832916826	-0.0218064801642826	0.0240681984190595	0.0105780342806596	0.00126635145782161	-0.0270444979533426
-0.00105390951064493	0.0251438946974554	-0.0209237869100575	0.0230950465364181	0.0101531448787102	0.00121446326852056	-0.0259506176521251
-0.00101078528670739	0.0241051314543403	-0.0200577997885472	0.0221402008994106	0.009735959387551	0.00116362143338519	-0.0248773546476433
-0.000968446553358252	0.0230863300511478	-0.0192086187676628	0.0212037805816223	0.00932655268795516	0.00111382675106628	-0.0238248395787581
-0.000926902389668613	0.0220876263530453	-0.0183763437878136	0.0202859043102025	0.00892499868858438	0.0010650801979427	-0.0227932028152995
-0.000886161732803637	0.0211091556104706	-0.0175610747645296	0.0193866904719358	0.00853137033731853	0.00101738292666643	-0.0217825744630431
-0.000846233378598979	0.0201510524684602	-0.0167629115911506	0.0185062571195593	0.00814573963311359	0.000970736264599991	-0.0207930843689422
-0.000807125982296928	0.0192134509764198	-0.0159819541416053	0.0176447219783499	0.00776817763839696	0.000925141712147458	-0.0198248621266436
-0.00076884805943278	0.0182964845981689	-0.0152183022731414	0.0168022024528301	0.00739875449193472	0.000880600940971736	-0.0188780370821139
-0.000731407986882599	0.0174002862225657	-0.0144720558292605	0.0159788156338712	0.00703753942229348	0.000837115792113118	-0.0179527383396884
-0.000694814004056686	0.0165249881743884	-0.0137433146425905	0.0151746783058992	0.00668460076176773	0.000794688273994031	-0.0170490947682118
-0.000659074214245651	0.0156707222256872	-0.0130321785378723	0.0143899069544	0.00634000596085914	0.000753320560320799	-0.0161672350074881
-0.000624196586113447	0.01483761960753	-0.0123387473349993	0.0136246177736514	0.00600382160327672	0.000713014987879168	-0.0153072874749604
-0.000590188955337334	0.0140258110221781	-0.0116631208521384	0.0128789266747212	0.00567611342147454	0.000673774054225748	-0.0144693803726585
-0.000557059026388964	0.0132354266556201	-0.0110053989088743	0.0121529492936586	0.00535694631269667	0.000635600415272497	-0.0136536416943376
-0.000524814374458481	0.0124665961905489	-0.0103656813294477	0.0114468009999637	0.0050463843555655	0.000598496882768799	-0.0128601992328957
-0.000493462447517252	0.0117194488197391	-0.00974406794605405	0.0107605969052929	0.00474449082719637	0.000562466421679482	-0.0120891805880267
-0.00046301056851814	0.0109941132598388	-0.00914065860221127	0.0100944518724139	0.00445132822084432	0.000527512147460037	-0.0113407131741197
-0.000433465937730272	0.0102907177655677	-0.00855555315619459	0.00944848052440471	0.00416695826408086	0.000493637323229147	-0.0106149242283986
-0.000404835635206096	0.00960939014431233	-0.00798885148452779	0.00882279725408664	0.00389144193749723	0.000460845356838245	-0.00991194081928869
-0.000377126623381066	0.00895025777117959	-0.00744065348558474	0.00821751623374983	0.00362483949395981	0.000429139797842113	-0.00923188985507659
-0.000350345749798702	0.00831344760439091	-0.00691105908320162	0.00763275142506187	0.00336721047837037	0.000398524334364624	-0.0085748980927369
-0.000324499749965949	0.00769908620117695	-0.00640016823043503	0.00706861658930822	0.003118613747997	0.000369002789868181	-0.0079410921470934
-0.000299595250329032	0.00710729973399703	-0.00590808091331909	0.00652522529780242	0.00287910749330491	0.000340579119818783	-0.00733059850013091
-0.000275638771375391	0.00653821400726451	-0.00543489715477299	0.0060026909426331	0.00264874925936133	0.000313257408255707	-0.00674354351064429
-0.000252636730853714	0.00599195447443024	-0.00498071701853621	0.0055011267476125	0.00242759596775546	0.000287041864259131	-0.00618005342407149
-0.000230595447112484	0.0054686462554896	-0.00454564061318619	0.00502064577948654	0.00221570393906088	0.000261936818319318	-0.00564025438257719
-0.000209521142556807	0.00496841415494973	-0.00412976809626928	0.00456136095944097	0.00201312891585599	0.00023794671860923	-0.00512427243542423
-0.000189419947217287	0.00449138268015472	-0.00373319967845985	0.00412338507480913	0.001819926086262	0.000215076127156316	-0.00463223354952635
-0.000170297902435135	0.00403767606011419	-0.00335603562786894	0.00370683079111586	0.0016361501080586	0.000193329715920399	-0.00416426362033135
-0.000152160964654217	0.00360741826465411	-0.0029983762743517	0.00331181066429094	0.00146185513330462	0.000172712262769512	-0.00372048848284734
-0.000135015009328055	0.00320073302412475	-0.00266032201400902	0.00293843715326804	0.00129709483356019	0.000153228647364937	-0.00330103392305298
-0.000118865834928428	0.00281774384938726	-0.00234197331365184	0.00258682263271356	0.00114192242559855	0.000134883846942597	-0.00290602568940391
-0.000103719167065085	0.00245857405234125	-0.00204343071544598	0.00225707940612639	0.000996390697715241	0.000117682932003169	-0.00253558950470491
-8.95806627095035e-05	0.0021233467668636	-0.00176479484162961	0.00194931971918932	0.000860552036583122	0.000101631061905156	-0.002189851078213
-7.64559145194357e-05	0.00181218497011564	-0.0015061663992674	0.00166365577333307	0.000734458454637417	8.67334803587228e-05	-0.0018689361179263
-6.43504552679367e-05	0.00152521150433713	-0.00126764618513945	0.00140019973962119	0.000618161618040146	7.29955108261618e-05	-0.0015729703431799
-5.32697623750339e-05	0.00126254909911408	-0.00104933509075381	0.00115906377294424	0.000511712875220182	6.04225518282215e-05	-0.00130207949753406
-4.32192625341427e-05	0.00102432039396123	-0.000851334107349814	0.0009403600263768	0.00041516328592609	4.90200721487555e-05	-0.00105638936178992
-3.42043364440599e-05	0.000810647961501121	-0.000673744331125913	0.000744200665955821	0.00032856365090761	3.8793605951008e-05	-0.000836025767421954
-2.62303236331702e-05	0.000621654330945032	-0.000516666968446357	0.000570697885609855	0.000251964542108231	2.97487477912889e-05	-0.000641114610122465
-1.93025273840159e-05	0.000457462012090169	-0.000380203341204069	0.000419963922435282	0.000185416333457492	2.18911475401153e-05	-0.000471781863677773
-1.34262197549512e-05	0.000318193519771692	-0.00026445489228782	0.000292111072263113	0.000128969232240193	1.52265052075817e-05	-0.000328153594111761
-8.60664669692918e-06	0.000203971398738238	-0.000169523191126562	0.000187251705487011	8.26733110318492e-05	9.76056567115927e-06	-0.000210355974063117
-4.84903326487396e-06	0.000114918248949241	-9.55099393083839e-05	0.000105498283150562	4.65785402018757e-05	5.49911330543632e-06	-0.000118515297393289
-2.15858892753462e-06	5.11567513942157e-05	-4.25169763560699e-05	4.69633733851806e-05	2.07348210274193e-05	2.44796651816242e-06	-5.27579941271604e-05
-5.40512971603362e-07	1.28096943393397e-05	-1.0646285579178e-05	1.17596681111704e-05	5.19201938186342e-06	6.1297218752129e-07	-1.32106456274346e-05
-1.78884346236977e-16	4.23940484925747e-15	-3.52341841390055e-15	3.89189561140026e-15	1.71831381452502e-15	2.02864832426216e-16	-4.37210071610679e-15
0	0	0	0	0	0	0
0	0	0	0	0	0	0
0	0	0	0	0	0	0
0	0	0	0	0	0	0
0	0	0	0	0	0	0
0	0	0	0	0	0	0
0	0	0	0	0	0	0
0	0	0	0	0	0	0
0	0	0	0	0	0	0
0	0	0	0	0	0	0
0	0	0	0	0	0	0
0	0	0	0	0	0	0
0	0	0	0	0	0	0
0	0	0	0	0	0	0
0	0	0	0	0	0	0
0	0	0	0	0	0	0
0	0	0	0	0	0	0
0	0	0	0	0	0	0
0	0	0	0	0	0	0
0	0	0	0	0	0	0
0	0	0	0	0	0	0
0	0	0	0	0	0	0
0	0	0	0	0	0	0
0	0	0	0	0	0	0
0	0	0	0	0	0	0
0	0	0	0	0	0	0
0	0	0	0	0	0	0
0	0	0	0	0	0	0
0	0	0	0	0	0	0
0	0	0	0	0	0	0
0	0	0	0	0	0	0
0	0	0	0	0	0	0
0	0	0	0	0	0	0
0	0	0	0	0	0	0
0	0	0	0	0	0	0
0	0	0	0	0	0	0
0	0	0	0	0	0	0
0	0	0	0	0	0	0
0	0	0	0	0	0	0
0	0	0	0	0	0	0
0	0	0	0	0	0	0
0	0	0	0	0	0	0
0	0	0	0	0	0	0
0	0	0	0	0	0	0
0	0	0	0	0	0	0
0	0	0	0	0	0	0
0	0	0	0	0	0	0
0	0	0	0	0	0	0
0	0	0	0	0	0	0
0	0	0	0	0	0	0
0	0	0	0	0	0	0
0	0	0	0	0	0	0
0	0	0	0	0	0	0
0	0	0	0	0	0	0
0	0	0	0	0	0	0
0	0	0	0	0	0	0
0	0	0	0	0	0	0
0	0	0	0	0	0	0
0	0	0	0	0	0	0
0	0	0	0	0	0	0
0	0	0	0	0	0	0
0	0	0	0	0	0	0
0	0	0	0	0	0	0
0	0	0	0	0	0	0
0	0	0	0	0	0	0
0	0	0	0	0	0	0
0	0	0	0	0	0	0
0	0	0	0	0	0	0
0	0	0	0	0	0	0
0	0	0	0	0	0	0
0	0	0	0	0	0	0
0	0	0	0	0	0	0
0	0	0	0	0	0	0
0	0	0	0	0	0	0
0	0	0	0	0	0	0
0	0	0	0	0	0	0
0	0	0	0	0	0	0
0	0	0	0	0	0	0
0	0	0	0	0	0	0
0	0	0	0	0	0	0
0	0	0	0	0	0	0
0	0	0	0	0	0	0
0	0	0	0	0	0	0
0	0	0	0	0	0	0
0	0	0	0	0	0	0
0	0	0	0	0	0	0
0	0	0	0	0	0	0
0	0	0	0	0	0	0
0	0	0	0	0	0	0
0	0	0	0	0	0	0
0	0	0	0	0	0	0
0	0	0	0	0	0	0
0	0	0	0	0	0	0
0	0	0	0	0	0	0
0	0	0	0	0	0	0
0	0	0	0	0	0	0
0	0	0	0	0	0	0
0	0	0	0	0	0	0
0	0	0	0	0	0	0
0	0	0	0	0	0	0
0	0	0	0	0	0	0
0	0	0	0	0	0	0
0	0	0	0	0	0	0
0	0	0	0	0	0	0
0	0	0	0	0	0	0
0	0	0	0	0	0	0
0	0	0	0	0	0	0
0	0	0	0	0	0	0
0	0	0	0	0	0	0
0	0	0	0	0	0	0
0	0	0	0	0	0	0
0	0	0	0	0	0	0
0	0	0	0	0	0	0
0	0	0	0	0	0	0
0	0	0	0	0	0	0
0	0	0	0	0	0	0
0	0	0	0	0	0	0
0	0	0	0	0	0	0
0	0	0	0	0	0	0
0	0	0	0	0	0	0
0	0	0	0	0	0	0
0	0	0	0	0	0	0
0	0	0	0	0	0	0
0	0	0	0	0	0	0
0	0	0	0	0	0	0
0	0	0	0	0	0	0
0	0	0	0	0	0	0
0	0	0	0	0	0	0
0	0	0	0	0	0	0
0	0	0	0	0	0	0
0	0	0	0	0	0	0
0	0	0	0	0	0	0
0	0	0	0	0	0	0
0	0	0	0	0	0	0
0	0	0	0	0	0	0
0	0	0	0	0	0	0
0	0	0	0	0	0	0
0	0	0	0	0	0	0
0	0	0	0	0	0	0
0	0	0	0	0	0	0
0	0	0	0	0	0	0
0	0	0	0	0	0	0
0	0	0	0	0	0	0
0	0	0	0	0	0	0
0	0	0	0	0	0	0
0	0	0	0	0	0	0
0	0	0	0	0	0	0
0	0	0	0	0	0	0
0	0	0	0	0	0	0
0	0	0	0	0	0	0
0	0	0	0	0	0	0
0	0	0	0	0	0	0
0	0	0	0	0	0	0
0	0	0	0	0	0	0
0	0	0	0	0	0	0
0	0	0	0	0	0	0
0	0	0	0	0	0	0
0	0	0	0	0	0	0
0	0	0	0	0	0	0
0	0	0	0	0	0	0
0	0	0	0	0	0	0
0	0	0	0	0	0	0
0	0	0	0	0	0	0
0	0	0	0	0	0	0
0	0	0	0	0	0	0
0	0	0	0	0	0	0
0	0	0	0	0	0	0
0	0	0	0	0	0	0
0	0	0	0	0	0	0
0	0	0	0	0	0	0
0	0	0	0	0	0	0
0	0	0	0	0	0	0
0	0	0	0	0	0	0
0	0	0	0	0	0	0
0	0	0	0	0	0	0
0	0	0	0	0	0	0
0	0	0	0	0	0	0
0	0	0	0	0	0	0
0	0	0	0	0	0	0
0	0	0	0	0	0	0
0	0	0	0	0	0	0
0	0	0	0	0	0	0
0	0	0	0	0	0	0
0	0	0	0	0	0	0
0	0	0	0	0	0	0
0	0	0	0	0	0	0
0	0	0	0	0	0	0
0	0	0	0	0	0	0
0	0	0	0	0	0	0
0	0	0	0	0	0	0
0	0	0	0	0	0	0
0	0	0	0	0	0	0
0	0	0	0	0	0	0
0	0	0	0	0	0	0
0	0	0	0	0	0	0
0	0	0	0	0	0	0
0	0	0	0	0	0	0
0	0	0	0	0	0	0
0	0	0	0	0	0	0
0	0	0	0	0	0	0
0	0	0	0	0	0	0
0	0	0	0	0	0	0
0	0	0	0	0	0	0
0	0	0	0	0	0	0
0	0	0	0	0	0	0
0	0	0	0	0	0	0
0	0	0	0	0	0	0
0	0	0	0	0	0	0
0	0	0	0	0	0	0
0	0	0	0	0	0	0
0	0	0	0	0	0	0
0	0	0	0	0	0	0
0	0	0	0	0	0	0
0	0	0	0	0	0	0
0	0	0	0	0	0	0
0	0	0	0	0	0	0
0	0	0	0	0	0	0
0	0	0	0	0	0	0
0	0	0	0	0	0	0
0	0	0	0	0	0	0
0	0	0	0	0	0	0
0	0	0	0	0	0	0
0	0	0	0	0	0	0
0	0	0	0	0	0	0
0	0	0	0	0	0	0
0	0	0	0	0	0	0
0	0	0	0	0	0	0
0	0	0	0	0	0	0
0	0	0	0	0	0	0
0	0	0	0	0	0	0
0	0	0	0	0	0	0
0	0	0	0	0	0	0
0	0	0	0	0	0	0
0	0	0	0	0	0	0
0	0	0	0	0	0	0
0	0	0	0	0	0	0
0	0	0	0	0	0	0
0	0	0	0	0	0	0
0	0	0	0	0	0	0
0	0	0	0	0	0	0
0	0	0	0	0	0	0
0	0	0	0	0	0	0
0	0	0	0	0	0	0
0	0	0	0	0	0	0
0	0	0	0	0	0	0
0	0	0	0	0	0	0
0	0	0	0	0	0	0
0	0	0	0	0	0	0
0	0	0	0	0	0	0
0	0	0	0	0	0	0
0	0	0	0	0	0	0
0	0	0	0	0	0	0
0	0	0	0	0	0	0
0	0	0	0	0	0	0
0	0	0	0	0	0	0
0	0	0	0	0	0	0
0	0	0	0	0	0	0
0	0	0	0	0	0	0
0	0	0	0	0	0	0
0	0	0	0	0	0	0
0	0	0	0	0	0	0
0	0	0	0	0	0	0
0	0	0	0	0	0	0
0	0	0	0	0	0	0
0	0	0	0	0	0	0
0	0	0	0	0	0	0
0	0	0	0	0	0	0
0	0	0	0	0	0	0
0	0	0	0	0	0	0
0	0	0	0	0	0	0
0	0	0	0	0	0	0
0	0	0	0	0	0	0
0	0	0	0	0	0	0
0	0	0	0	0	0	0
0	0	0	0	0	0	0
0	0	0	0	0	0	0
0	0	0	0	0	0	0
0	0	0	0	0	0	0
0	0	0	0	0	0	0
0	0	0	0	0	0	0
0	0	0	0	0	0	0
0	0	0	0	0	0	0
0	0	0	0	0	0	0
0	0	0	0	0	0	0
0	0	0	0	0	0	0
0	0	0	0	0	0	0
0	0	0	0	0	0	0
0	0	0	0	0	0	0
0	0	0	0	0	0	0
0	0	0	0	0	0	0
0	0	0	0	0	0	0
0	0	0	0	0	0	0
0	0	0	0	0	0	0
0	0	0	0	0	0	0
0	0	0	0	0	0	0
0	0	0	0	0	0	0
0	0	0	0	0	0	0
0	0	0	0	0	0	0
0	0	0	0	0	0	0
0	0	0	0	0	0	0
0	0	0	0	0	0	0
0	0	0	0	0	0	0
0	0	0	0	0	0	0
0	0	0	0	0	0	0
0	0	0	0	0	0	0
0	0	0	0	0	0	0
0	0	0	0	0	0	0
0	0	0	0	0	0	0
0	0	0	0	0	0	0
0	0	0	0	0	0	0
0	0	0	0	0	0	0
0	0	0	0	0	0	0
0	0	0	0	0	0	0
0	0	0	0	0	0	0
0	0	0	0	0	0	0
0	0	0	0	0	0	0
0	0	0	0	0	0	0
0	0	0	0	0	0	0
0	0	0	0	0	0	0
0	0	0	0	0	0	0
0	0	0	0	0	0	0
0	0	0	0	0	0	0
0	0	0	0	0	0	0
0	0	0	0	0	0	0
0	0	0	0	0	0	0
0	0	0	0	0	0	0
0	0	0	0	0	0	0
0	0	0	0	0	0	0
0	0	0	0	0	0	0
0	0	0	0	0	0	0
0	0	0	0	0	0	0
0	0	0	0	0	0	0
0	0	0	0	0	0	0
0	0	0	0	0	0	0
0	0	0	0	0	0	0
0	0	0	0	0	0	0
0	0	0	0	0	0	0
0	0	0	0	0	0	0
0	0	0	0	0	0	0
0	0	0	0	0	0	0
0	0	0	0	0	0	0
0	0	0	0	0	0	0
0	0	0	0	0	0	0
0	0	0	0	0	0	0
0	0	0	0	0	0	0
0	0	0	0	0	0	0
0	0	0	0	0	0	0
0	0	0	0	0	0	0
0	0	0	0	0	0	0
0	0	0	0	0	0	0
0	0	0	0	0	0	0
0	0	0	0	0	0	0
0	0	0	0	0	0	0
0	0	0	0	0	0	0
0	0	0	0	0	0	0
0	0	0	0	0	0	0
0	0	0	0	0	0	0
0	0	0	0	0	0	0
0	0	0	0	0	0	0
0	0	0	0	0	0	0
0	0	0	0	0	0	0
0	0	0	0	0	0	0
0	0	0	0	0	0	0
0	0	0	0	0	0	0
0	0	0	0	0	0	0
0	0	0	0	0	0	0
0	0	0	0	0	0	0
0	0	0	0	0	0	0
0	0	0	0	0	0	0
0	0	0	0	0	0	0
0	0	0	0	0	0	0
0	0	0	0	0	0	0
0	0	0	0	0	0	0
0	0	0	0	0	0	0
0	0	0	0	0	0	0
0	0	0	0	0	0	0
0	0	0	0	0	0	0
0	0	0	0	0	0	0
0	0	0	0	0	0	0
0	0	0	0	0	0	0
0	0	0	0	0	0	0
0	0	0	0	0	0	0
0	0	0	0	0	0	0
0	0	0	0	0	0	0
0	0	0	0	0	0	0
0	0	0	0	0	0	0
0	0	0	0	0	0	0
0	0	0	0	0	0	0
0	0	0	0	0	0	0
0	0	0	0	0	0	0
0	0	0	0	0	0	0
0	0	0	0	0	0	0
0	0	0	0	0	0	0
0	0	0	0	0	0	0
0	0	0	0	0	0	0
0	0	0	0	0	0	0
0	0	0	0	0	0	0
0	0	0	0	0	0	0
0	0	0	0	0	0	0
0	0	0	0	0	0	0
0	0	0	0	0	0	0
0	0	0	0	0	0	0
0	0	0	0	0	0	0
0	0	0	0	0	0	0
0	0	0	0	0	0	0
0	0	0	0	0	0	0
0	0	0	0	0	0	0
0	0	0	0	0	0	0
0	0	0	0	0	0	0
0	0	0	0	0	0	0
0	0	0	0	0	0	0
0	0	0	0	0	0	0
0	0	0	0	0	0	0
0	0	0	0	0	0	0
0	0	0	0	0	0	0
0	0	0	0	0	0	0
0	0	0	0	0	0	0
0	0	0	0	0	0	0
0	0	0	0	0	0	0
0	0	0	0	0	0	0
0	0	0	0	0	0	0
0	0	0	0	0	0	0
0	0	0	0	0	0	0
0	0	0	0	0	0	0
0	0	0	0	0	0	0
0	0	0	0	0	0	0
0	0	0	0	0	0	0
0	0	0	0	0	0	0
0	0	0	0	0	0	0
0	0	0	0	0	0	0
0	0	0	0	0	0	0
0	0	0	0	0	0	0
0	0	0	0	0	0	0
0	0	0	0	0	0	0
0	0	0	0	0	0	0
0	0	0	0	0	0	0
0	0	0	0	0	0	0
0	0	0	0	0	0	0
0	0	0	0	0	0	0
0	0	0	0	0	0	0
0	0	0	0	0	0	0
0	0	0	0	0	0	0
0	0	0	0	0	0	0
0	0	0	0	0	0	0
0	0	0	0	0	0	0
0	0	0	0	0	0	0
0	0	0	0	0	0	0
0	0	0	0	0	0	0
0	0	0	0	0	0	0
0	0	0	0	0	0	0
0	0	0	0	0	0	0
0	0	0	0	0	0	0
0	0	0	0	0	0	0
0	0	0	0	0	0	0
0	0	0	0	0	0	0
0	0	0	0	0	0	0
0	0	0	0	0	0	0
0	0	0	0	0	0	0
0	0	0	0	0	0	0
0	0	0	0	0	0	0
0	0	0	0	0	0	0
0	0	0	0	0	0	0
0	0	0	0	0	0	0
0	0	0	0	0	0	0
0	0	0	0	0	0	0
0	0	0	0	0	0	0
0	0	0	0	0	0	0
0	0	0	0	0	0	0
0	0	0	0	0	0	0
0	0	0	0	0	0	0
0	0	0	0	0	0	0
0	0	0	0	0	0	0
0	0	0	0	0	0	0
0	0	0	0	0	0	0
0	0	0	0	0	0	0
0	0	0	0	0	0	0
0	0	0	0	0	0	0
0	0	0	0	0	0	0
0	0	0	0	0	0	0
0	0	0	0	0	0	0
0	0	0	0	0	0	0
0	0	0	0	0	0	0
0	0	0	0	0	0	0
0	0	0	0	0	0	0
0	0	0	0	0	0	0
0	0	0	0	0	0	0
0	0	0	0	0	0	0
0	0	0	0	0	0	0
0	0	0	0	0	0	0
0	0	0	0	0	0	0
0	0	0	0	0	0	0
0	0	0	0	0	0	0
0	0	0	0	0	0	0
0	0	0	0	0	0	0
0	0	0	0	0	0	0
0	0	0	0	0	0	0
0	0	0	0	0	0	0
0	0	0	0	0	0	0
0	0	0	0	0	0	0
0	0	0	0	0	0	0
-2.1561123761333e-16	-7.67566500352622e-16	1.23505093069301e-16	-5.89728224180744e-16	-4.30827326453949e-16	-6.20316193121149e-17	3.96284804935596e-17
-4.34324203342232e-06	-1.54617501605226e-05	2.48786898817541e-06	-1.18794012775471e-05	-8.67852424629869e-06	-1.24955609633295e-06	7.98270461713836e-07
-1.73451616927126e-05	-6.17480045047645e-05	9.93554705547896e-06	-4.74415445471848e-05	-3.46585306898685e-05	-4.99022552316608e-06	3.18796945328479e-06
-3.89641090204254e-05	-0.000138710438153863	2.23191684451932e-05	-0.000106572462724579	-7.78567598036751e-05	-1.12100344543765e-05	7.16142806361271e-06
-6.91585248719881e-05	-0.000246200941375104	3.96149028783683e-05	-0.000189158338170654	-0.000138190059993773	-1.98970534336058e-05	1.27109658106077e-05
-0.000107886954729345	-0.000384071606499123	6.17989539435674e-05	-0.000295085483512996	-0.000215575372871883	-3.10394118509936e-05	1.98288769093366e-05
-0.000155108062277834	-0.000552174715060102	8.88475575137568e-05	-0.000424240322794707	-0.000309929718779457	-4.46253121721551e-05	2.8507416774831e-05
-0.000210780642747917	-0.000750362725158137	0.000120736980190041	-0.000576509372948982	-0.000421170182561922	-6.06430439211314e-05	3.87387887578032e-05
-0.000274863636023082	-0.000978488259042212	0.000157443517771753	-0.000751779225597165	-0.000549213899591368	-7.90809974189094e-05	5.05151311114697e-05
-0.000347316139515103	-0.00123640409091225	0.00019894349375235	-0.000949936529168059	-0.000693978042036047	-9.99276772790726e-05	6.38285041876829e-05
-0.000428097420807787	-0.00152396313493872	0.000245213257840502	-0.00117086797133632	-0.000855379805375008	-0.000123171715662056	7.86708778605353e-05
-0.000517166930070176	-0.00184101843349829	0.000296229184505698	-0.00141446026177781	-0.0010333363951563	-0.000148801885289465	9.50341191756345e-05
-0.000614484312240146	-0.0021874231456241	0.000351967671547647	-0.00168060011523981	-0.00122776501399719	-0.000176807112219812	0.000112909980223205
-0.000720009418979224	-0.0025630305356692	0.000412405138688702	-0.00196917423492408	-0.00143858284882484	-0.000207176488387056	0.000132290086233185
-0.000833702320399335	-0.00296769396218172	0.00047751802618847	-0.00228006929618067	-0.00166570705835603	-0.000239899283903192	0.000153165923890491
-0.000955523316562168	-0.0034012668669903	0.000547282793479723	-0.00261317193051063	-0.00190905476081431	-0.000274964959126155	0.000175528829868568
-0.00108543294875172	-0.00386360276449861	0.000621675917824705	-0.00296836870987564	-0.00216854302188344	-0.000312363176494207	0.000199369979579425
-0.00122339201052052	-0.00435455523118734	0.000700673892990857	-0.0033455461313125	-0.00244408884289536	-0.000352083812128049	0.000224680376138267
-0.00136936155850997	-0.0048739778953225	0.000784253227944936	-0.00374459060185092	-0.00273560914925165	-0.000394116967201642	0.000251450839540853
-0.00152330292304515	-0.00542172442686859	0.000872390445564518	-0.00416538842373243	-0.00304302077907697	-0.000438452979082959	0.000279671996051791
-0.00168517771850441	-0.00599764852760553	0.000965062081365761	-0.00460782577992896	-0.00336624047210322	-0.000485082432245567	0.00030933426780184
-0.00185494785346401	-0.0066016039214477	0.00106224468224634	-0.00507178871995891	-0.00370518485878311	-0.000533996168952188	0.000340427862592357
-0.00203257554061782	-0.00723344434496427	0.00116391480524234	-0.00555716314599929	-0.00405977044963194	-0.00058518529971107	0.00037294276390508
-0.00221802330647254	-0.00789302353809916	0.00127004901629805	-0.00606383479929209	-0.00442991362479635	-0.000638641213506239	0.000406868721115354
-0.00241125400081805	-0.00858019523508967	0.00138062388904728	-0.00659168924684307	-0.00481553062384869	-0.000694355587802448	0.000442195239906876
-0.00261223080597338	-0.00929481315558243	0.0014956160036051	-0.00714061186841157	-0.00521653753580612	-0.000752320398325689	0.000478911572886272
-0.00282091724580794	-0.0100367309959455	0.00161500194536868	-0.00771048784378929	-0.00563285028937296	-0.000812527928620303	0.000517006710395401
-0.00303727719453808	-0.0108058024207752	0.00173875830382592	-0.00830120214036686	-0.00606438464340536	-0.000874970779383191	0.000556469371519737
-0.0032612748852989	-0.0116018810545972	0.00186686167137065	-0.00891263950098626	-0.00651105617759709	-0.000939641877576257	0.000597287995290858
-0.00349287491849103	-0.0124248204737597	0.00199928864212298	-0.00954468443207756	-0.00697278028338532	-0.00100653448531772	0.000639450732081277
-0.00373204226990237	-0.0132744741985181	0.00213601581075356	-0.0101972211920786	-0.0074494721550754	-0.00107564220855296	0.000682945435189633
-0.00397874229860452	-0.0141506956853101	0.00227701977131023	-0.0108701337801357	-0.00794104678118348	-0.00114695900550581	0.000727759652614511
-0.00423294075462351	-0.0150533383192203	0.00242227711604599	-0.0115633059250845	-0.00844741893599595	-0.00122047919491097	0.000773880619015096
-0.0044946037863849	-0.015982255406632	0.00257176443424654	-0.0122766210747084	-0.00896850317134475	-0.0012961974640281	0.000821295247856653
-0.00476369794793254	-0.0169373001680663	0.00272545831105631	-0.0130099623852743	-0.00950421380859737	-0.00137410887643853	0.000869990123739108
-0.00504019020592113	-0.0179183257312078	0.00288333532630145	-0.0137632127113431	-0.0100544649308607	-0.001454208879625	0.000919951494907047
-0.00532404794638187	-0.0189251851241135	0.00304537205330839	-0.014536254595854	-0.0106191703753977	-0.00153649331233538	0.000971165265938946
-0.00561523898126105	-0.0199577312686066	0.00321154505771656	-0.0153289702604811	-0.0111982437262557	-0.00162095841173074	0.00102361699061438
-0.00591373155473138	-0.0210158169738526	0.00338183089628406	-0.0161412415962613	-0.011791598307106	-0.0017076008203185	0.00107729186495676
-0.00621949434927521	-0.0220992949301164	0.00355620611568445	-0.0169729501544902	-0.0123991471742929	-0.00179641759267147	0.00113217472045043
-0.00653249649153981	-0.0232080177027005	0.00373464725129374	-0.0178239771378874	-0.013020803110092	-0.00188740620193313	0.00118825001742999
-0.00685270755796415	-0.0243418377260624	0.00391713082596595	-0.0186942033920277	-0.0136564786161768	-0.00198056454610987	0.00124550183864007
-0.00718009758017644	-0.0255006072981102	0.00410363334879572	-0.0195835093970365	-0.0143060859072917	-0.00207589095415101	0.001303913882964
-0.00751463705016288	-0.026684178574676	0.00429413131386705	-0.0204917752595506	-0.0149695369051323	-0.00217338419181679	0.00136346945931957
-0.00785629692520625	-0.0278924035641651	0.00448860119898625	-0.0214188807049395	-0.0156467432324304	-0.00227304346733525	0.00142415148072001
-0.0082050486325948	-0.0291251341223809	0.00468701946439794	-0.0223647050697885	-0.0163376162072435	-0.00237486843684864	0.00148594245849862
-0.0085608640741005	-0.0303822219475242	0.00488936255148311	-0.0233291272946408	-0.0170420668374486	-0.00247885920964968	0.0015488244966953
-0.00892371563022683	-0.0316635185753653	0.00509560688143737	-0.0243120259169979	-0.0177600058154378	-0.00258501635320844	0.00161277928660344
-0.00929357616422523	-0.0329688753745889	0.00530572885392836	-0.0253132790645761	-0.0184913435130169	-0.00269334089799057	0.00167778810147506
-0.00967041902588011	-0.0342981435423106	0.00551970484573087	-0.0263327644488188	-0.0192359899765045	-0.00280383434206717	0.00174383179138322
-0.0100542180550625	-0.0356511740997628	0.00573751120933885	-0.0273703593586615	-0.0199938549220313	-0.00291649865551734	0.0018108907782393
-0.010444947585051	-0.0370278178881507	0.00595912427155201	-0.028425940654551	-0.0207648477310395	-0.00303133628462355	0.0018789450509642
-0.0108425824456214	-0.038427925564677	0.00618452033203741	-0.0294993847627132	-0.02154887744598	-0.00314835015586087	0.00194797416081147
-0.0112470979659024	-0.039851347598733	0.00641367566186279	-0.0305905676696726	-0.0223458527662085	-0.00326754367968026	0.00201795721684091
-0.0116584699770003	-0.0412979342682573	0.00664656650200254	-0.0316993649170188	-0.0231556820440777	-0.00338892075408718	0.00208887288154101
-0.0120766748143889	-0.0427675356562595	0.00688316906181329	-0.0328256515964196	-0.023978273281226	-0.00351248576801541	0.0021606993665985
-0.0125016893200673	-0.0442600016475081	0.00712345951747941	-0.0339693023448797	-0.0248135341250627	-0.0036382436044974	0.00223341442881438
-0.0129334908444846	-0.045775181925383	0.00736741401042658	-0.0351301913402437	-0.0256613718654461	-0.00376619964363143	0.00230699536616313
-0.0133720572482301	-0.0473129259688901	0.00761500864570239	-0.0363081922969406	-0.0265216934315572	-0.00389635976534619	0.00238141901399604
-0.0138173669034911	-0.0488730830498377	0.00786621949032328	-0.0375031784619698	-0.0273944053889662	-0.00402873035196411	0.00245666174138465
-0.0142693986952767	-0.0504555022301736	0.00812102257158632	-0.0387150226111268	-0.0282794139368904	-0.00416331829056307	0.00253269944760478
-0.0147281320224077	-0.0520600323594823	0.00837939387534539	-0.0399435970454661	-0.0291766249056452	-0.00430013097513844	0.00260950755875893
-0.0151935467982736	-0.0536865220726418	0.0086413093442504	-0.041188773588002	-0.0300859437542859	-0.00443917630856501	0.0026870610245356
-0.0156656234513559	-0.0553348197876371	0.00890674487594879	-0.0424504235806429	-0.0310072755684384	-0.00458046270436049	0.00276533431510434
-0.0161443429255183	-0.0570047737035318	0.0091756763212489	-0.0437284178813607	-0.0319405250583207	-0.00472399908825101	0.00284430141814523
-0.0166296866800624	-0.0586962317985957	0.00944807948224293	-0.0450226268615912	-0.0328855965569533	-0.00486979489953886	0.00292393583601123
-0.0171216366895531	-0.0604090418285877	0.00972393011039107	-0.0463329204038659	-0.0338423940185563	-0.00501786009227441	0.0030042105830224
-0.0176201754434081	-0.0621430513251933	0.0100032039045638	-0.0476591678996722	-0.0348108210171353	-0.00516820513623211	0.00308509818289043
-0.0181252859452577	-0.0638981075946149	0.0102858765090426	-0.0490012382475412	-0.035790780745253	-0.0053208410176917	0.00316657066627221
-0.0186369517120704	-0.0656740577163158	0.0105719235114794	-0.0503589998513621	-0.0367821760129873	-0.0054757792400254	0.00324859956845204
-0.0191551567730485	-0.0674707485419143	0.0108613204408116	-0.05173232061892	-0.037784909247074	-0.00563303182409259	0.00333115592714947
-0.0196798856682909	-0.069288026694231	0.011154042765135	-0.0531210679606575	-0.0387988824902348	-0.00579261130844142	0.00341421028045397
-0.0202111234472268	-0.071125738566483	0.0114500658895323	-0.0545251087886562	-0.0398239974006883	-0.00595453074932029	0.00349773266488288
-0.0207488556668176	-0.0729837303216293	0.0117493651538574	-0.0559443095158395	-0.0408601552518444	-0.00611880372049834	0.00358169261356347
-0.0212930683895303	-0.0748618478918639	0.0120519158304743	-0.057378536055392	-0.0419072569321825	-0.00628544431289667	0.00366605915453738
-0.0218437481810816	-0.0767599369782551	0.0123576931219516	-0.0588276538203951	-0.0429652029453087	-0.00645446713403199	0.00375080080918521
-0.0224008821079538	-0.0786778430505323	0.0126666721587112	-0.0602915277236789	-0.0440338934101967	-0.00662588730727207	0.00383588559077253
-0.0229644577346838	-0.0806154113470172	0.0129788279966309	-0.0617700221778846	-0.0451132280616078	-0.00679972047090582	0.00392128100311386
-0.0235344631209245	-0.0825724868747006	0.0132941356146019	-0.0632630010957404	-0.046203106250691	-0.00697598277702742	0.004006954039356
-0.0241108868182818	-0.0845489144094616	0.013612569912039	-0.0647703278905453	-0.0473034269457619	-0.0071546908902376	0.0040928711808774
-0.0246937178669261	-0.0865445384964306	0.0139341057063461	-0.0662918654768621	-0.0484140887332607	-0.00733586198616028	0.00417899839630497
-0.0252829457919808	-0.0885592034504938	0.0142587177303338	-0.0678274762714149	-0.0495349898188874	-0.0075195137497796	0.00426530114064554
-0.0258785605996876	-0.0905927533569374	0.0145863806295916	-0.069377022194192	-0.0506660280289133	-0.00770566437359441	0.00435174435453154
-0.0264805527733508	-0.0926450320722347	0.014917068959814	-0.0709403646697507	-0.0518071008116712	-0.00789433255559474	0.00443829246358229
-0.0270889132690616	-0.0947158832249694	0.0152507571840801	-0.0725173646287233	-0.0529581052392189	-0.00808553749705958	0.00452490937787559
-0.0277036335112044	-0.0968051502168988	0.0155874196700878	-0.0741078825095213	-0.0541189380091788	-0.00827929890017785	0.00461155849153373
-0.0283247053877433	-0.0989126762241539	0.0159270306873418	-0.0757117782602365	-0.0552894954467528	-0.00847563696549418	0.00469820268241957
-0.0289521212452948	-0.101038304198576	0.0162695644042958	-0.0773289113407378	-0.0564696735069091	-0.00867457238917973	0.004784804311944
-0.0295858738839859	-0.10318187686919	0.0166149948854514	-0.0789591407249609	-0.0576593677767437	-0.0088761263601315	0.00487132522498314
-0.0302259565520977	-0.105343236743809	0.0169632960884101	-0.0806023249033887	-0.0588584734780134	-0.00908032055689801	0.00495772674990524
-0.0308723629404992	-0.107522226110777	0.0173144418608824	-0.0822583218857224	-0.0600668854698415	-0.00928717714443753	0.00504396969870598
-0.0315250871768717	-0.109718687040842	0.0176684059376539	-0.0839269892037373	-0.061284498251593	-0.00949671877070564	0.00513001436725198
-0.0321841238197237	-0.111932461389161	0.0180251619375061	-0.0856081839143279	-0.0625112059659224	-0.00970896856307658	0.00521582053563249
-0.032849467852202	-0.114163390797437	0.0183846833600968	-0.0873017626027322	-0.0637469024019895	-0.00992395012459898	0.00530134746861754
-0.033521114675698	-0.116411316696185	0.0187469435827984	-0.0890075813859408	-0.0649914809988448	-0.0101416875300867	0.00538655391622263
-0.0341990601032515	-0.11867608030713	0.0191119158574939	-0.0907254959162826	-0.0662448348489839	-0.010362205322049	0.00547139811437997
-0.0348833003527557	-0.120957522645728	0.0194795733073343	-0.0924553613851899	-0.0675068567020693	-0.0105855285064573	0.00555583778571564
-0.0355738320399638	-0.12325548452382	0.019849888923456	-0.0941970325271364	-0.0687774389688181	-0.0108116825483548	0.00563983014043039
-0.0362706521713004	-0.12556980655241	0.0202228355616598	-0.095950363623751	-0.0700564737250588	-0.0110406933673076	0.00572333187728728
-0.0369737581364798	-0.127900329144566	0.0205983859390527	-0.0977152085081	-0.0713438527159507	-0.0112725873326995	0.00580629918470276
-0.0376831477009339	-0.130246892518451	0.0209765126306537	-0.0994914205691379	-0.0726394673603699	-0.0115073912588737	0.00588868774194148
-0.0383988189980503	-0.132609336700475	0.0213571880659631	-0.101278852756329	-0.0739432087554604	-0.0117451324001211	0.00597045272041619
-0.0391207705212266	-0.134987501528565	0.0217403845255	-0.103077357584425	-0.0752549676813462	-0.0119858384455185	0.00605154878508937
-0.0398490011157406	-0.137381226655565	0.0221260741373049	-0.104886787138416	-0.0765746346060086	-0.0122295375136178	0.0061319300959801
-0.0405835099704393	-0.139790351552753	0.0225142288734117	-0.106706993078631	-0.0779020996903246	-0.0124762581469886	0.00621155030977235
-0.041324296609252	-0.142214715513474	0.0229048205462903	-0.108537826646001	-0.0792372527932661	-0.012726029306615	0.00629036258152651
-0.042071360882526	-0.144654157656899	0.0232978208052586	-0.110379138667476	-0.0805799834772615	-0.0129788803661499	0.00636831956649415
-0.0428247029581927	-0.147108516931895	0.0236932011328689	-0.1122307795616	-0.0819301810137153	-0.0132348411060281	0.00644537342203437
-0.0435843233127633	-0.149577632121017	0.0240909328412684	-0.114092599344226	-0.0832877343886868	-0.0134939417074397	0.00652147580963256
-0.0443502227221585	-0.152061341844612	0.0244909870685339	-0.11596444763439	-0.0846525323087292	-0.0137562127461672	0.00659657789702185
-0.0451224022523762	-0.15455948456504	0.0248933347749859	-0.117846173660326	-0.0860244632068835	-0.0140216851862861	0.00667063036040542
-0.0459008632499979	-0.157071898591008	0.0252979467394811	-0.119737626265626	-0.087403415248831	-0.0142903903737337	0.00674358338678265
-0.0466856073325415	-0.159598422082016	0.0257047935556858	-0.121638653915538	-0.0887892763392001	-0.0145623600297461	0.00681538667637451
-0.0474766363786571	-0.162138893052916	0.0261138456283308	-0.123549104703408	-0.0901819341280304	-0.0148376262441668	0.0068859894451535
-0.0482739525181772	-0.164693149378578	0.0265250731694538	-0.125468826357253	-0.0915812760173873	-0.0151162214686288	0.00695534042747308
-0.0490775581220171	-0.167261028798675	0.0269384461946243	-0.127397666246477	-0.0929871891681345	-0.0153981785096111	0.00702338787880043
-0.0498874557919359	-0.16984236892256	0.0273539345191604	-0.1293354713887	-0.0943995605068542	-0.0156835305213743	0.00709007957854965
-0.050703648350156	-0.172437007234267	0.0277715077543337	-0.131282088456743	-0.0958182767329227	-0.0159723109987752	0.00715536283301798
-0.0515261388288483	-0.175044781097609	0.0281911353035676	-0.13323736378571	-0.0972432243257331	-0.0162645537699649	0.00721918447842219
-0.0523549304594859	-0.177665527761381	0.0286127863586296	-0.135201143380217	-0.0986742895520715	-0.0165602929889688	0.00728149088403886
-0.0531900266620701	-0.180299084364671	0.029036429895821	-0.137173272921731	-0.100111358473638	-0.0168595631281574	0.00734222795544407
-0.0540314310342319	-0.182945287942271	0.0294620346721644	-0.139153597776029	-0.101554316954716	-0.0171623989706028	0.00740134113785676
-0.054879147340214	-0.185603975430189	0.0298895692215929	-0.141141963000775	-0.103003050669992	-0.017468835602329	0.00745877541958374
-0.0557331794997373	-0.188274983671263	0.0303190018511428	-0.14313821335321	-0.104457445112515	-0.0177789084044549	0.00751447533556496
-0.0565935315767549	-0.190958149420873	0.0307503006371514	-0.145142193297953	-0.105917385601807	-0.0180926530452353	0.00756838497102397
-0.0574602077680991	-0.193653309352752	0.0311834334214633	-0.147153747014909	-0.107382757292108	-0.0184101054719987	0.00762044796521749
-0.0583332123920234	-0.196360300064891	0.0316183678076465	-0.149172718407283	-0.108853445180773	-0.0187313019029897	0.00767060751528913
-0.0592125498766489	-0.199078958085545	0.0320550711572229	-0.151198951109703	-0.110329334116804	-0.0190562788191115	0.00771880638022421
-0.0600982247483107	-0.201809119879324	0.0324935105859117	-0.153232288496431	-0.111810308809524	-0.0193850729555783	0.00776498688490809
-0.0609902416198188	-0.204550621853386	0.0329336529598928	-0.155272573689683	-0.113296253837389	-0.0197177212934747	0.00780909092428586
-0.0618886051786289	-0.207303300363716	0.0333754648920895	-0.157319649568038	-0.114787053656937	-0.0200542610512275	0.00785105996762529
-0.0627933201749344	-0.210066991721497	0.0338189127384742	-0.159373358774944	-0.116282592611877	-0.0203947296759915	0.00789083506288299
-0.0637043914096805	-0.212841532199566	0.0342639625944006	-0.161433543727307	-0.117782754942306	-0.0207391648349524	0.00792835684117072
-0.0646218237225053	-0.215626758038967	0.0347105802909623	-0.163500046624174	-0.119287424794068	-0.0210876044065492	0.00796356552132797
-0.0655456219796139	-0.218422505455579	0.0351587313913847	-0.165572709455494	-0.120796486228237	-0.0214400864716172	0.00799640091459565
-0.0664757910615887	-0.221228610646829	0.0356083811874473	-0.167651374010964	-0.122309823230738	-0.02179664930446	0.00802680242939163
-0.0674123358511424	-0.224044909798503	0.0360594946959464	-0.169735881888957	-0.123827319722091	-0.0221573313638433	0.0080547090761914
-0.0683552612208156	-0.226871239091614	0.0365120366551918	-0.171826074505513	-0.125348859567288	-0.0225221712839234	0.00808005947251057
-0.0693045720206292	-0.229707434709375	0.0369659715215506	-0.173921793103422	-0.126874326585794	-0.0228912078651071	0.0081027918479902
-0.0702602730656881	-0.23255333284423	0.0374212634660311	-0.176022878761361	-0.128403604561673	-0.0232644800648471	0.00812284404958627
-0.0712223691237493	-0.235408769704976	0.0378778763709161	-0.178129172403107	-0.129936577253837	-0.0236420269883755	0.00814015354686072
-0.0721908649027556	-0.238273581523954	0.0383357738264464	-0.180240514806814	-0.131473128406418	-0.0240238878793805	0.00815465743737709
-0.0731657650383394	-0.241147604564311	0.0387949191275562	-0.182356746614351	-0.133013141759259	-0.0244101021106249	0.00816629245219813
-0.0741470740813028	-0.244030675127344	0.0392552752706661	-0.184477708340697	-0.134556501058521	-0.024800709174512	0.0081749949614862
-0.075134796485079	-0.246922629559901	0.0397168049505325	-0.1866032403834	-0.136103090067411	-0.0251957486736025	0.00818070098020841
-0.0761289365931786	-0.249823304261867	0.040179470557159	-0.188733183032082	-0.137652792577021	-0.0255952603110815	0.00818334617394177
-0.0771294986266306	-0.252732535693696	0.0406432341727746	-0.190867376477999	-0.139205492417281	-0.0259992838811831	0.00818286586478306
-0.078136486671414	-0.255650160384031	0.0411080575688745	-0.193005660823647	-0.140761073468023	-0.0264078592595714	0.00817919503736133
-0.079149904665896	-0.258576014937368	0.0415739022033352	-0.195147876092417	-0.142319419670154	-0.0268210263936833	0.00817226834495119
-0.0801697563882752	-0.261509936041799	0.0420407292176007	-0.197293862238293	-0.143880415036934	-0.027238825293034	0.00816202011569076
-0.0811960454440351	-0.264451760476794	0.0425084994339424	-0.199443459155581	-0.145443943665363	-0.0276612960194923	0.0081483843588978
-0.0822287752534157	-0.267401325121066	0.0429771733528011	-0.201596506688689	-0.147009889747664	-0.0280884786775192	0.00813129477149337
-0.0832679490389105	-0.270358466960467	0.0434467111502099	-0.20375284464193	-0.148578137582876	-0.0285204134043868	0.00811068474452104
-0.0843135698127841	-0.273323023095958	0.0439170726752966	-0.205912312789366	-0.150148571588537	-0.0289571403603655	0.00808648736977045
-0.085365640364628	-0.276294830751619	0.0443882174478798	-0.208074750884671	-0.151721076312467	-0.0293986997188925	0.00805863544650321
-0.0864241632489545	-0.279273727282715	0.0448601046561502	-0.21023999867103	-0.153295536444644	-0.0298451316567215	0.00802706148827376
-0.0874891407728297	-0.282259550183808	0.0453326931544457	-0.212407895891057	-0.154871836829174	-0.0302964763440545	0.00799169772985772
-0.0885605749835575	-0.285252137096914	0.0458059414611224	-0.21457828229673	-0.156449862476346	-0.0307527739346613	0.00795247613427363
-0.0896384676564187	-0.288251325819707	0.0462798077565226	-0.216750997659355	-0.158029498574774	-0.0312140645559882	0.00790932839990684
-0.0907228202824659	-0.291256954313765	0.0467542498810446	-0.218925881779534	-0.159610630503632	-0.0316803882992593	0.00786218596773226
-0.091813634056385	-0.294268860712847	0.0472292253333149	-0.221102774497152	-0.161193143844954	-0.0321517852095716	0.00781098002863351
-0.0929109098644244	-0.297286883331224	0.0477046912684675	-0.223281515701377	-0.162776924396032	-0.03262829527599	0.00775564153082236
-0.0940146482723997	-0.300310860672031	0.0481806044965307	-0.225461945340657	-0.164361858181873	-0.0331099584216416	0.00769610118735152
-0.0951248495137784	-0.303340631435657	0.0486569214809261	-0.227643903432731	-0.165947831467745	-0.033596814493814	0.00763228948372605
-0.0962415134778477	-0.306376034528167	0.0491335983370809	-0.229827230074643	-0.167534730771782	-0.0340889032540604	0.00756413668561064
-0.0973646396979761	-0.309416909069752	0.0496105908311573	-0.232011765452749	-0.169122442877662	-0.0345862643683132	0.00749157284662901
-0.0984942273399645	-0.312463094403204	0.0500878543788997	-0.234197349852723	-0.170710854847354	-0.0350889373970087	0.00741452781626124
-0.0996302751905046	-0.315514430102416	0.0505653440446036	-0.236383823669566	-0.172299854033917	-0.0355969617852306	0.00733293124782902
-0.100772781645735	-0.318570755980907	0.0510430145402079	-0.23857102741759	-0.173889328094373	-0.0361103768528638	0.00724671260657952
-0.101921744699917	-0.321631912100355	0.0515208202245142	-0.240758801740413	-0.175479165002619	-0.0366292217847746	0.00715580117785327
-0.103077161934213	-0.324697738779161	0.0519987151025321	-0.242946987420921	-0.177069253062409	-0.0371535356210122	0.00706012607534835
-0.1042390305056	-0.327768076601018	0.0524766528249573	-0.245135425391226	-0.178659480920371	-0.0376833572470328	0.00695961624947067
-0.105407347135896	-0.330842766423492	0.0529545866877816	-0.247323956742606	-0.180249737579086	-0.0382187253839558	0.00685420049577319
-0.106582108100924	-0.333921649386618	0.0534324696320365	-0.249512422735417	-0.181839912410195	-0.0387596785788476	0.00674380746348182
-0.107763309219808	-0.337004566921497	0.0539102542436761	-0.25170066480899	-0.183429895167561	-0.039306255195042	0.00662836566410723
-0.10895094584441	-0.340091360758899	0.0543878927535947	-0.253888524591501	-0.185019576000457	-0.0398584934024925	0.00650780348014231
-0.110145012848908	-0.343181872937866	0.0548653370377907	-0.256075843909811	-0.18660884546679	-0.0404164311681686	0.00638204917384019
-0.111345504619528	-0.346275945814318	0.0553425386176687	-0.258262464799277	-0.188197594546364	-0.0409801062464868	0.00625103089607728
-0.112552415044426	-0.349373422069652	0.0558194486604877	-0.260448229513535	-0.189785714654157	-0.0415495561697911	0.00611467669529493
-0.113765737503734	-0.352474144719331	0.0562960179799564	-0.262632980534239	-0.191373097653626	-0.0421248182388753	0.00597291452652028
-0.114985464859757	-0.355577957121474	0.0567721970369734	-0.264816560580779	-0.192959635870037	-0.0427059295135569	0.00582567226046614
-0.116211589447348	-0.35868470298542	0.0572479359405206	-0.266998812619941	-0.194545222103803	-0.0432929268033	0.0056728776927049
-0.117444103064457	-0.361794226380293	0.0577231844487067	-0.269179579875542	-0.196129749643837	-0.0438858466578926	0.00551445855291794
-0.118682996962836	-0.364906371743536	0.0581978919699591	-0.271358705838018	-0.197713112280918	-0.044484725358177	0.0053503425142187
-0.119928261838952	-0.36802098388943	0.0586720075643756	-0.273536034273953	-0.199295204321052	-0.0450895989068444	0.00518045720254515
-0.121179887825058	-0.371137908017594	0.0591454799452278	-0.275711409235588	-0.200875920598846	-0.0457005030192825	0.00500473020612255
-0.122437864480472	-0.374256989721453	0.0596182574806209	-0.277884675070251	-0.202455156490868	-0.0463174731144894	0.00482308908499414
-0.123702180783031	-0.37737807499668	0.0600902881953109	-0.280055676429758	-0.204032807929007	-0.0469405443060534	0.0046354613806163
-0.124972825120758	-0.380501010249604	0.0605615197726832	-0.282224258279748	-0.205608771413822	-0.047569751393195	0.00444177462551932
-0.126249785283712	-0.383625642305588	0.0610318995568849	-0.284390265908969	-0.207182944027871	-0.0482051288518843	0.00424195635302693
-0.127533048456054	-0.386751818417368	0.0615013745551246	-0.286553544938502	-0.20875522344903	-0.0488467108260231	0.00403593410704105
-0.128822601208311	-0.389879386273347	0.0619698914401235	-0.288713941330932	-0.21032550796378	-0.0494945311187048	0.00382363545187825
-0.130118429489856	-0.393008194005855	0.0624373965527419	-0.290871301399453	-0.211893696480477	-0.0501486231835473	0.00360498798216544
-0.131420518621597	-0.396138090199351	0.0629038359047524	-0.293025471816907	-0.213459688542578	-0.050809020116103	0.00337991933278934
-0.132728853288887	-0.39926892389859	0.0633691551817889	-0.295176299624775	-0.21502338434185	-0.0514757546453484	0.00314835718889507
-0.134043417534652	-0.402400544616727	0.0638332997464528	-0.297323632242079	-0.216584684731523	-0.0521488591252541	0.0029102292959365
-0.13536419475274	-0.405532802343371	0.0642962146415803	-0.299467317474233	-0.218143491239408	-0.0528283655264382	0.00266546346977089
-0.1366911676815	-0.408665547552578	0.0647578445936812	-0.301607203521821	-0.219699706080968	-0.0535143054279017	0.0024139876068016
-0.138024318397585	-0.411798631210791	0.0652181340165338	-0.303743138989297	-0.221253232172336	-0.0542067100088536	0.00215572969415657
-0.139363628309993	-0.414931904784705	0.0656770270149494	-0.305874972893622	-0.222803973143276	-0.0549056100406216	0.0018906178199165
-0.140709078154332	-0.418065220249074	0.0661344673886954	-0.308002554672818	-0.224351833350082	-0.0556110358786515	0.00161858018336944
-0.142060647987336	-0.421198430094448	0.0665903986365875	-0.310125734194458	-0.225896717888421	-0.0563230174545986	0.00133954510530719
-0.143418317181603	-0.424331387334831	0.0670447639607401	-0.312244361764065	-0.227438532606098	-0.0570415842685136	0.00105344103835304
-0.144782064420586	-0.427463945515269	0.067497506270984	-0.314358288133443	-0.228977184115754	-0.0577667653811163	0.00076019657731784
-0.146151867693824	-0.430595958719365	0.0679485681894433	-0.316467364508928	-0.230512579807483	-0.0584985894061717	0.000459740469582364
-0.147527704292416	-0.433727281576695	0.0683978920552763	-0.318571442559549	-0.23204462786137	-0.0592370845029588	0.00015200162550719
-0.148909550804746	-0.43685776927016	0.0688454199295764	-0.320670374425115	-0.233573237259941	-0.059982278368838	-0.000163090871140402
-0.15029738311245	-0.439987277543241	0.0692910936004339	-0.322764012724222	-0.235098317800528	-0.0607341982319166	-0.000485607752733063
-0.151691176386639	-0.443115662707165	0.0697348545881568	-0.324852210562166	-0.236619780107534	-0.0614928708438172	-0.000815619557321005
-0.153090905084374	-0.446242781647974	0.0701766441506513	-0.32693482153877	-0.238137535644599	-0.0622583224725458	-0.00115319661815283
-0.15449654294539	-0.449368491833513	0.0706164032889595	-0.329011699756137	-0.239651496726669	-0.0630305788954634	-0.0014984090531853
-0.155908062989075	-0.452492651320299	0.0710540727529518	-0.331082699826304	-0.241161576531952	-0.063809665392358	-0.00185132675458567
-0.157325437511703	-0.45561511876031	0.0714895930471746	-0.333147676878808	-0.242667689113767	-0.0645956067386266	-0.00221201937822807
-0.158748638083931	-0.458735753407652	0.0719229044368545	-0.33520648656817	-0.24416974941227	-0.0653884271985591	-0.00258055633319024
-0.160177635548544	-0.46185441512513	0.0723539469540513	-0.337258985081277	-0.245667673266073	-0.0661881505187278	-0.00295700677124817
-0.161612400018455	-0.464970964390708	0.0727826604039626	-0.339305029144685	-0.247161377423722	-0.0669947999214856	-0.00334143957637278
-0.163052900874977	-0.468085262303854	0.0732089843713765	-0.341344476031822	-0.248650779555061	-0.0678083980985715	-0.00373392335423974
-0.164499106766335	-0.471197170591771	0.0736328582272736	-0.343377183570095	-0.250135798262456	-0.068628967204826	-0.00413452642174043
-0.165950985606452	-0.474306551615517	0.07405422113557	-0.34540301014792	-0.251616353091887	-0.0694565288520118	-0.00454331679651013
-0.167408504573983	-0.477413268375994	0.0744730120600093	-0.347421814721637	-0.253092364543893	-0.0702911041027458	-0.00496036218646968
-0.168871630111612	-0.480517184519819	0.0748891697711877	-0.349433456822341	-0.254563754084375	-0.0711327134645455	-0.0053857299793885
-0.170340327925607	-0.48361816434508	0.0753026328537279	-0.35143779656262	-0.256030444155254	-0.0719813768839781	-0.00581948723246274
-0.17181456298563	-0.486716072806949	0.075713339713579	-0.353434694643191	-0.257492358184974	-0.0728371137409256	-0.00626170066192294
-0.173294299524806	-0.48981077552317	0.0761212285854587	-0.355424012359444	-0.25894942059884	-0.0736999428429609	-0.00671243663266594
-0.174779501040051	-0.492902138779427	0.0765262375404246	-0.357405611607885	-0.260401556829212	-0.0745698824198333	-0.00717176114791999
-0.176270130292648	-0.495990029534557	0.0769283044935729	-0.359379354892486	-0.261848693325517	-0.0754469501180662	-0.00763973983893689
-0.177766149309085	-0.499074315425641	0.0773273672118663	-0.361345105330936	-0.263290757564102	-0.0763311629956686	-0.0081164379547288
-0.179267519382148	-0.502154864772953	0.0777233633220854	-0.363302726660797	-0.264727678057918	-0.0772225375169542	-0.00860192035183466
-0.180774201072254	-0.505231546584762	0.0781162303189003	-0.365252083245553	-0.266159384366015	-0.0781210895474801	-0.00909625148413837
-0.18228615420905	-0.508304230562	0.0785059055730601	-0.367193040080574	-0.267585807102874	-0.0790268343490855	-0.00959949539272069
-0.183803337893253	-0.511372787102778	0.078892326339699	-0.369125462798975	-0.269006877947541	-0.079939786575055	-0.0101117156957704
-0.185325710498735	-0.51443708730675	0.0792754297667545	-0.371049217677367	-0.270422529652583	-0.0808599602653843	-0.0106329755785387
-0.18685322967487	-0.517497002979346	0.0796551529034958	-0.372964171641535	-0.271832696052853	-0.0817873688421609	-0.0111633377833485
-0.188385852349098	-0.520552406635831	0.0800314327091514	-0.374870192271991	-0.273237312074061	-0.0827220251050582	-0.011702864599663
-0.18992353472976	-0.523603171505229	0.080404206061651	-0.376767147809442	-0.27463631374114	-0.083663941226934	-0.0122516178542111
-0.191466232309149	-0.526649171534081	0.0807734097664567	-0.378654907160159	-0.27602963818643	-0.0846131287495472	-0.012809658901175
-0.193013899866817	-0.529690281390048	0.0811389805654944	-0.380533339901247	-0.277417223657636	-0.0855695985793793	-0.0133770486124455
-0.194566491473101	-0.532726376465365	0.0815008551461794	-0.382402316285812	-0.278799009525601	-0.0865333609835678	-0.0139538473679417
-0.196123960492894	-0.535757332880127	0.0818589701505246	-0.384261707248041	-0.280174936291855	-0.087504425585947	-0.0145401150460041
-0.197686259589638	-0.538783027485411	0.0822132621843436	-0.38611138440817	-0.281544945595954	-0.0884828013632015	-0.0151359110138583
-0.199253340729546	-0.541803337866246	0.082563667826526	-0.387951220077372	-0.282908980222611	-0.0894684966411221	-0.015741294118159
-0.200825155186048	-0.54481814234441	0.0829101236383963	-0.389781087262527	-0.2842669841086	-0.0904615190909735	-0.0163563226756061
-0.202401653544459	-0.547827319981068	0.0832525661731476	-0.391600859670923	-0.285618902349446	-0.0914618757259667	-0.0169810544636486
-0.203982785706862	-0.55083075057924	0.0835909319853416	-0.393410411714828	-0.286964681205885	-0.0924695728978369	-0.0176155467112705
-0.205568500897203	-0.553828314686101	0.0839251576404798	-0.395209618515996	-0.288304268110105	-0.0934846162935298	-0.0182598560898582
-0.207158747666605	-0.55681989359512	0.0842551797246344	-0.396998355910057	-0.28963761167175	-0.0945070109319861	-0.0189140387041647
-0.20875347389888	-0.559805369348018	0.0845809348541403	-0.398776500450827	-0.290964661683706	-0.0955367611610359	-0.0195781500833596
-0.21035262681625	-0.562784624736568	0.0849023596853396	-0.400543929414512	-0.292285369127638	-0.0965738706543917	-0.0202522451721741
-0.211956152985264	-0.565757543304215	0.0852193909243792	-0.402300520803826	-0.293599686179309	-0.0976183424087433	-0.0209363783221425
-0.213563998322914	-0.568724009347529	0.0855319653370542	-0.404046153352016	-0.294907566213647	-0.0986701787409554	-0.0216306032829433
-0.215176108102942	-0.571683907917487	0.0858400197586955	-0.405780706526785	-0.296208963809578	-0.099729381285361	-0.0223349731938388
-0.216792426962332	-0.574637124820577	0.0861434911040945	-0.407504060534143	-0.297503834754629	-0.100795950991159	-0.0230495405752157
-0.218412898907985	-0.577583546619734	0.0864423163774613	-0.409216096322141	-0.298792136049263	-0.101869888119901	-0.0237743573202374
-0.220037467323584	-0.580523060635102	0.0867364326824176	-0.410916695584541	-0.300073825911	-0.102951192243084	-0.0245094746865959
-0.221666074976616	-0.58345555494462	0.0870257772320127	-0.41260574076438	-0.301348863778271	-0.104039862239827	-0.0252549432883771
-0.223298664025582	-0.586380918384438	0.0873102873587631	-0.414283115057451	-0.302617210314029	-0.105135896294653	-0.0260108130880355
-0.224935176027358	-0.589299040549154	0.0875899005247088	-0.415948702415691	-0.303878827409115	-0.106239291895355	-0.0267771333884827
-0.226575551944725	-0.592209811791882	0.0878645543314843	-0.4176023875505	-0.305133678185377	-0.107350045830957	-0.0275539528252888
-0.228219732154061	-0.595113123224149	0.0881341865304014	-0.419244055935952	-0.306381726998528	-0.10846815418976	-0.0283413193590009
-0.22986765645317	-0.598008866715599	0.0883987350325323	-0.420873593811924	-0.307622939440758	-0.109593612357494	-0.0291392802675842
-0.23151926406927	-0.600896934893561	0.0886581379188009	-0.422490888187165	-0.308857282343099	-0.11072641501553	-0.0299478821389736
-0.233174493667122	-0.603777221142411	0.0889123334500661	-0.424095826842258	-0.310084723777524	-0.111866556139195	-0.0307671708637531
-0.234833283357285	-0.606649619602769	0.089161260077198	-0.4256882983325	-0.311305233058803	-0.113014028996179	-0.031597191627962
-0.236495570704525	-0.609514025170539	0.089404856451151	-0.427268191990718	-0.312518780746096	-0.114168826145003	-0.0324379889060129
-0.238161292736323	-0.612370333495762	0.089643061433007	-0.428835397929994	-0.313725338644295	-0.115330939433589	-0.0332896064537487
-0.239830385951531	-0.615218440981307	0.0898758141040157	-0.430389807046314	-0.314924879805113	-0.1165003599979	-0.034152087301616
-0.241502786329124	-0.618058244781392	0.0901030537755984	-0.431931311021133	-0.31611737852791	-0.11767707826066	-0.0350254737479734
-0.243178429337083	-0.620889642799931	0.0903247199993332	-0.433459802323881	-0.317302810360267	-0.118861083930154	-0.0359098073525273
-0.244857249941364	-0.623712533688725	0.0905407525769033	-0.434975174214374	-0.318481152098309	-0.120052365999108	-0.0368051289298944
-0.246539182614984	-0.626526816845472	0.0907510915700109	-0.436477320745164	-0.319652381786762	-0.121250912743628	-0.0377114785433029
-0.248224161347196	-0.629332392411631	0.0909556773102543	-0.437966136763814	-0.320816478718761	-0.122456711722232	-0.038628895498417
-0.249912119652756	-0.6321291612701	0.0911544504089595	-0.439441517915093	-0.321973423435404	-0.123669749774939	-0.0395574183373026
-0.251602990581268	-0.634917025042759	0.0913473517669624	-0.440903360643121	-0.323123197725049	-0.124890013022437	-0.040497084832519
-0.253296706726624	-0.637695886087818	0.0915343225843456	-0.442351562193416	-0.324265784622351	-0.12611748686531	-0.0414479319813546
-0.254993200236502	-0.640465647497046	0.0917153043701123	-0.443786020614901	-0.325401168407058	-0.127352155983345	-0.042409996000188
-0.256692402821942	-0.643226213092807	0.0918902389518107	-0.44520663476183	-0.326529334602542	-0.128594004334892	-0.0433833123189906
-0.258394245766985	-0.645977487424966	0.0920590684850884	-0.446613304295651	-0.327650269974085	-0.129843015156293	-0.044367915575963
-0.26009865993836	-0.648719375767623	0.0922217354631827	-0.448005929686805	-0.328763962526914	-0.131099170961381	-0.0453638396123087
-0.261805575795243	-0.651451784115711	0.0923781827263451	-0.44938441221647	-0.329870401503982	-0.132362453541024	-0.0463711174671456
-0.263514923399045	-0.654174619181437	0.0925283534711864	-0.450748653978231	-0.3309695773835	-0.133632843962744	-0.0473897813725523
-0.265226632423245	-0.656887788390568	0.0926721912599492	-0.452098557879702	-0.332061481876229	-0.134910322570383	-0.0484198627487523
-0.266940632163269	-0.65959119987859	0.0928096400297007	-0.453434027644085	-0.33314610792252	-0.136194868983835	-0.0494613921994344
-0.26865685154639	-0.662284762486705	0.0929406441014388	-0.454754967811666	-0.334223449689103	-0.137486462098827	-0.0505143995072165
-0.270375219141657	-0.664968385757704	0.0930651481891125	-0.456061283741272	-0.335293502565653	-0.138785080086751	-0.0515789136292352
-0.272095663169843	-0.66764197993169	0.0931830974085552	-0.457352881611658	-0.336356263161089	-0.140090700394558	-0.0526549626928826
-0.27381811151341	-0.67030545594167	0.0932944372863199	-0.458629668422843	-0.337411729299652	-0.141403299744698	-0.0537425739916773
-0.275542491726483	-0.672958725409014	0.0933991137684245	-0.45989155199741	-0.33845990001674	-0.142722854135102	-0.0548417739812654
-0.277268731044825	-0.675601700638786	0.0934970732289916	-0.461138440981733	-0.339500775554503	-0.144049338839226	-0.0559525882755682
-0.278996756395813	-0.678234294614943	0.0935882624787872	-0.46237024484717	-0.34053435735721	-0.145382728406132	-0.0570750416430589
-0.280726494408413	-0.680856420995412	0.0936726287736611	-0.463586873891215	-0.341560648066381	-0.146722996660617	-0.0582091580031738
-0.282457871423134	-0.683467994107046	0.0937501198228694	-0.464788239238585	-0.342579651515688	-0.148070116703388	-0.0593549604228637
-0.284190813501975	-0.686068928940461	0.093820683797297	-0.465974252842278	-0.343591372725634	-0.149424060911274	-0.0605124711132719
-0.285925246438339	-0.688659141144755	0.0938842693375564	-0.467144827484583	-0.344595817898001	-0.15078480093749	-0.0616817114265523
-0.287661095766937	-0.691238547022118	0.0939408255619803	-0.468299876778051	-0.345592994410081	-0.152152307711929	-0.062862701852817
-0.289398286773647	-0.69380706352233	0.093990302074491	-0.46943931516642	-0.346582910808683	-0.153526551441504	-0.0640554620172137
-0.291136744505338	-0.696364608237154	0.0940326489723508	-0.47056305792551	-0.347565576803923	-0.154907501610517	-0.065260010677137
-0.292876393779665	-0.698911099394626	0.0940678168537931	-0.471671021164076	-0.348541003262799	-0.156295126981078	-0.0664763657195685
-0.294617159194797	-0.701446455853249	0.0940957568255197	-0.472763121824622	-0.34950920220256	-0.157689395593547	-0.0677045441585454
-0.296358965139123	-0.703970597096084	0.0941164205100853	-0.473839277684192	-0.350470186783858	-0.159090274767016	-0.0689445621327545
-0.29810173580087	-0.706483443224753	0.0941297600531385	-0.474899407355116	-0.351423971303693	-0.160497731099829	-0.0701964349032591
-0.299845395177693	-0.708984914953355	0.0941357281305452	-0.475943430285727	-0.352370571188164	-0.161911730470126	-0.0714601768513436
-0.301589867086176	-0.711474933602293	0.0941342779553709	-0.476971266761058	-0.353310002985008	-0.163332238036422	-0.0727358014764867
-0.303335075171283	-0.713953421092018	0.0941253632847327	-0.477982837903495	-0.354242284355948	-0.164759218238221	-0.0740233213944575
-0.305080942915722	-0.716420299936701	0.0941089384265152	-0.478978065673413	-0.355167434068849	-0.166192634796653	-0.0753227483355307
-0.306827393649242	-0.718875493237827	0.094084958245948	-0.479956872869786	-0.356085471989671	-0.167632450715141	-0.0766340931428234
-0.308574350557848	-0.721318924677714	0.094053378172051	-0.480919183130769	-0.356996419074251	-0.169078628280099	-0.0779573657707495
-0.310321736692921	-0.723750518512979	0.0940141542039263	-0.481864920934255	-0.357900297359883	-0.170531129061656	-0.0792925752835903
-0.312069474980267	-0.726170199567922	0.0939672429169267	-0.482794011598411	-0.358797129956726	-0.17198991391441	-0.0806397298541875
-0.313817488229051	-0.728577893227868	0.0939126014686656	-0.483706381282203	-0.359686941039034	-0.173454942978192	-0.0819988367627357
-0.31556569914066	-0.730973525432445	0.0938501876048989	-0.484601956985885	-0.360569755836204	-0.17492617567888	-0.0833699023957034
-0.317314030317439	-0.733357022668812	0.0937799596652492	-0.485480666551488	-0.361445600623661	-0.176403570729217	-0.0847529322448532
-0.319062404271348	-0.735728311964847	0.0937018765887927	-0.486342438663276	-0.362314502713568	-0.177887086129661	-0.0861479309063752
-0.320810743432491	-0.738087320882275	0.093615897919504	-0.487187202848196	-0.363176490445372	-0.179376679169258	-0.0875549020801272
-0.32255897015755	-0.740433977509779	0.0935219838115434	-0.488014889476315	-0.364031593176192	-0.180872306426539	-0.0889738485689816
-0.324307006738099	-0.74276821045606	0.0934200950344104	-0.488825429761237	-0.364879841271047	-0.182373923770435	-0.0904047722782695
-0.3260547754088	-0.745089948842872	0.0933101929779385	-0.489618755760518	-0.365721266092928	-0.183881486361216	-0.091847674215337
-0.327802198355478	-0.747399122298026	0.0931922396571531	-0.490394800376058	-0.366555899992719	-0.185394948651458	-0.0933025544891918
-0.32954919772308	-0.749695660948385	0.0930661977169713	-0.491153497354499	-0.367383776298977	-0.186914264387021	-0.0947694123102522
-0.331295695623502	-0.751979495412818	0.0929320304367658	-0.491894781287601	-0.368204929307559	-0.18843938660805	-0.0962482459901886
-0.333041614143293	-0.754250556795159	0.0927897017347687	-0.492618587612618	-0.369019394271113	-0.189970267650009	-0.0977390529418667
-0.334786875351219	-0.756508776677153	0.0926391761723355	-0.493324852612679	-0.369827207388433	-0.191506859144717	-0.0992418296793728
-0.336531401305706	-0.758754087111378	0.092480418958062	-0.494013513417129	-0.370628405793679	-0.193049112021423	-0.100756571818136
-0.338275114062134	-0.760986420614196	0.0923133959517425	-0.494684508001918	-0.371423027545469	-0.194596976507883	-0.102283274075137
-0.340017935680011	-0.763205710158677	0.0921380736681998	-0.495337775189943	-0.372211111615842	-0.196150402131476	-0.1038219302692
-0.341759788229985	-0.765411889167551	0.0919544192809513	-0.495973254651414	-0.372992697879105	-0.19770933772033	-0.10537253332137
-0.343500593800727	-0.767604891506154	0.0917624006257352	-0.496590886904208	-0.373767827100551	-0.199273731404465	-0.106935075255379
-0.345240274505674	-0.769784651475402	0.0915619862038941	-0.497190613314235	-0.374536540925069	-0.200843530616969	-0.108509547198178
-0.346978752489616	-0.771951103804779	0.0913531451856084	-0.497772376095788	-0.375298881865644	-0.202418682095187	-0.110095939380562
-0.348715949935138	-0.774104183645343	0.0911358474129897	-0.498336118311919	-0.376054893291739	-0.203999131881933	-0.111694241137857
-0.350451789068917	-0.776243826562772	0.0909100634030265	-0.498881783874799	-0.376804619417583	-0.205584825326721	-0.113304440910694
-0.352186192167866	-0.778369968530432	0.0906757643503883	-0.499409317546096	-0.377548105290351	-0.20717570708702	-0.114926526245841
-0.353919081565128	-0.780482545922478	0.0904329221300944	-0.499918664937348	-0.378285396778249	-0.208771721129539	-0.116560483797119
-0.355650379655911	-0.782581495507005	0.0901815093000303	-0.500409772510354	-0.379016540558502	-0.210372810731514	-0.118206299326373
-0.35738000890318	-0.784666754439234	0.0899214991033366	-0.500882587577561	-0.379741584105255	-0.211978918482045	-0.119863957704516
-0.359107891843184	-0.786738260254758	0.0896528654706502	-0.501337058302473	-0.380460575677385	-0.213589986283431	-0.121533442912634
-0.360833951090829	-0.788795950862821	0.0893755830222154	-0.501773133700056	-0.381173564306227	-0.21520595535255	-0.123214738043152
-0.362558109344899	-0.790839764539672	0.089089627069856	-0.502190763637158	-0.381880599783221	-0.21682676622225	-0.12490782530106
-0.364280289393119	-0.792869639921967	0.0887949736188128	-0.502589898832944	-0.382581732647481	-0.21845235874277	-0.1266126860052
-0.366000414117051	-0.794885516000244	0.0884915993694488	-0.502970490859339	-0.383277014173296	-0.220082672083191	-0.128329300589597
-0.367718406496848	-0.796887332112452	0.0881794817188289	-0.503332492141479	-0.383966496357542	-0.221717644732909	-0.130057648604861
-0.369434189615834	-0.798875027937575	0.0878585987621573	-0.503675855958189	-0.384650231907053	-0.223357214503133	-0.131797708719625
-0.371147686664936	-0.800848543489309	0.0875289292941002	-0.504000536442455	-0.385328274225907	-0.225001318528421	-0.133549458722037
-0.372858820946954	-0.802807819109829	0.087190452809976	-0.504306488581926	-0.386000677402655	-0.226649893268243	-0.135312875521308
-0.374567515880665	-0.804752795463646	0.0868431495068181	-0.504593668219433	-0.386667496197504	-0.228302874508558	-0.137087935149289
-0.376273695004785	-0.806683413531533	0.0864870002843249	-0.504862032053501	-0.387328786029422	-0.22996019736345	-0.138874612762111
-0.377977281981761	-0.808599614604568	0.0861219867456788	-0.505111537638911	-0.387984602963219	-0.231621796276775	-0.140672882641849
-0.379678200601402	-0.810501340278242	0.0857480911982528	-0.505342143387242	-0.388635003696549	-0.233287605023854	-0.142482718198243
-0.381376374784364	-0.812388532446693	0.0853652966541977	-0.505553808567472	-0.389280045546898	-0.234957556713184	-0.144304091970442
-0.383071728585472	-0.814261133297027	0.0849735868309165	-0.505746493306555	-0.389919786438501	-0.236631583788207	-0.146136975628792
-0.384764186196885	-0.816119085303748	0.0845729461514233	-0.505920158590049	-0.390554284889234	-0.238309618029099	-0.147981339976663
-0.386453671951108	-0.817962331223295	0.0841633597445958	-0.50607476626274	-0.391183599997463	-0.239991590554599	-0.149837154952303
-0.388140110323851	-0.819790814088694	0.0837448134453164	-0.506210279029299	-0.391807791428861	-0.24167743182389	-0.151704389630721
-0.389823425936729	-0.821604477204332	0.0833172937945069	-0.506326660454962	-0.392426919403193	-0.243367071638498	-0.153583012225612
-0.391503543559819	-0.823403264140848	0.0828807880390632	-0.506423874966214	-0.393041044681072	-0.245060439144256	-0.155472990091291
-0.393180388114053	-0.825187118730126	0.0824352841316837	-0.5065018878515	-0.393650228550679	-0.246757462833293	-0.157374289724677
-0.394853884673477	-0.826955985060455	0.0819807707306004	-0.506560665261971	-0.394254532814477	-0.248458070546084	-0.159286876767282
-0.396523958467348	-0.828709807471779	0.0815172371992161	-0.506600174212228	-0.394854019775882	-0.250162189473522	-0.161210716007237
-0.398190534882093	-0.830448530551109	0.0810446736056409	-0.506620382581105	-0.395448752225936	-0.251869746159068	-0.163145771381329
-0.399853539463114	-0.832172099128051	0.0805630707221404	-0.506621259112468	-0.396038793429949	-0.253580666500924	-0.165092005977074
-0.401512897916461	-0.833880458270477	0.0800724200244961	-0.506602773416027	-0.396624207114122	-0.255294875754267	-0.167049382034793
-0.403168536110354	-0.835573553280354	0.0795727136912731	-0.506564895968186	-0.397205057452179	-0.257012298533539	-0.169017860949721
-0.404820380076564	-0.837251329689693	0.0790639446030068	-0.506507598112908	-0.397781409051966	-0.258732858814776	-0.170997403274119
-0.406468356011664	-0.838913733256658	0.0785461063413067	-0.50643085206259	-0.398353326942057	-0.260456479938011	-0.172987968719414
-0.40811239027814	-0.840560709961834	0.0780191931878802	-0.506334630898987	-0.398920876558344	-0.262183084609715	-0.174989516158351
-0.409752409405359	-0.842192206004625	0.077483200123476	-0.50621890857413	-0.399484123730631	-0.263912594905306	-0.177002003627148
-0.411388340090423	-0.843808167799836	0.0769381228267588	-0.506083659911288	-0.400043134669225	-0.265644932271721	-0.179025388327679
-0.413020109198877	-0.845408541974394	0.0763839576731054	-0.505928860605944	-0.400597975951523	-0.267380017530039	-0.18105962662966
-0.414647643765297	-0.846993275364223	0.0758207017333334	-0.505754487226785	-0.401148714508603	-0.269117770878173	-0.183104674072846
-0.416270870993752	-0.848562315011317	0.0752483527723665	-0.505560517216735	-0.401695417611819	-0.270858111893626	-0.185160485369237
-0.417889718258143	-0.85011560816094	0.074666909247825	-0.505346928893991	-0.402238152859406	-0.272600959536318	-0.187227014405298
-0.419504113102424	-0.851653102259015	0.074076370308566	-0.505113701453092	-0.402776988163083	-0.274346232151468	-0.189304214244179
-0.4211139832407	-0.853174744949682	0.0734767357931549	-0.504860814966002	-0.403311991734675	-0.276093847472561	-0.19139203712795
-0.422719256557214	-0.854680484073021	0.0728680062282841	-0.50458825038323	-0.403843232072736	-0.277843722624379	-0.193490434479837
-0.424319861106225	-0.856170267662959	0.0722501828271338	-0.504295989534951	-0.404370777949192	-0.279595774126102	-0.195599356906467
-0.425915725111771	-0.857644043945348	0.0716232674876871	-0.503984015132169	-0.404894698395998	-0.281349917894493	-0.197718754200115
-0.427506776967324	-0.859101761336222	0.0709872627909841	-0.503652310767885	-0.405415062691799	-0.283106069247156	-0.199848575340959
-0.429092945235351	-0.860543368440235	0.0703421719993422	-0.503300860918299	-0.405931940348621	-0.284864142905866	-0.201988768499337
-0.430674158646765	-0.861968814049287	0.06968799905452	-0.502929650944021	-0.406445401098572	-0.286624052999991	-0.204139281038011
-0.432250346100282	-0.863378047141326	0.0690247485758481	-0.502538667091318	-0.406955514880566	-0.288385713069989	-0.206300059514431
-0.433821436661682	-0.864771016879339	0.0683524258583129	-0.502127896493364	-0.407462351827062	-0.290149036070988	-0.208471049682998
-0.435387359562982	-0.866147672610534	0.0676710368706058	-0.501697327171521	-0.407965982250833	-0.29191393437646	-0.210652196497347
-0.436948044201516	-0.867507963865706	0.0669805882531413	-0.501246948036639	-0.408466476631748	-0.293680319781971	-0.212843444112603
-0.438503420138929	-0.868851840358796	0.0662810873160347	-0.500776748890366	-0.408963905603586	-0.295448103509031	-0.215044735887676
-0.440053417100101	-0.870179251986643	0.0655725420370552	-0.500286720426496	-0.40945833994087	-0.297217196209031	-0.217256014387524
-0.441597964971973	-0.871490148828925	0.0648549610595512	-0.499776854232305	-0.409949850545725	-0.298987507967268	-0.219477221385443
-0.443136993802316	-0.872784481148301	0.0641283536903466	-0.499247142789941	-0.410438508434776	-0.300758948307073	-0.221708297865342
-0.444670433798413	-0.874062199390739	0.0633927298976142	-0.498697579477801	-0.410924384726049	-0.302531426194031	-0.223949184024034
-0.446198215325686	-0.87532325418605	0.0626481003087347	-0.498128158571935	-0.411407550625927	-0.304304850040304	-0.226199819273519
-0.447720268906247	-0.876567596348612	0.0618944762081241	-0.497538875247478	-0.411888077416119	-0.306079127709041	-0.228460142243281
-0.449236525217397	-0.877795176878301	0.0611318695350582	-0.496929725580078	-0.412366036440661	-0.30785416651891	-0.230730090782569
-0.450746915090054	-0.879005946961607	0.0603602928814722	-0.496300706547349	-0.412841499092956	-0.309629873248715	-0.233009601962704
-0.452251369507138	-0.880199857972969	0.0595797594897546	-0.495651816030336	-0.413314536802836	-0.31140615414213	-0.235298612079369
-0.453749819601906	-0.881376861476292	0.0587902832505269	-0.494983052815004	-0.413785221023663	-0.313182914912531	-0.23759705665492
-0.455242196656225	-0.882536909226674	0.0579918787004147	-0.494294416593718	-0.414253623219458	-0.314960060747947	-0.239904870440686
-0.456728432098819	-0.883679953172339	0.0571845610198171	-0.493585907966753	-0.414719814852066	-0.316737496316111	-0.242221987419284
-0.458208457503461	-0.884805945456756	0.0563683460306661	-0.492857528443808	-0.415183867368354	-0.318515125769627	-0.244548340806936
-0.45968220458714	-0.885914838420983	0.0555432501941872	-0.49210928044554	-0.415645852187452	-0.320292852751257	-0.246883863055789
-0.461149605208187	-0.887006584606189	0.0547092906086591	-0.491341167305087	-0.416105840688007	-0.322070580399307	-0.249228485856246
-0.462610591364375	-0.888081136756398	0.0538664850071711	-0.490553193269628	-0.416563904195503	-0.323848211353148	-0.2515821401393
-0.464065095190991	-0.889138447821422	0.0530148517553904	-0.489745363501923	-0.417020113969587	-0.325625647758841	-0.25394475607888
-0.465513048958893	-0.89017847096001	0.0521544098493254	-0.488917684081886	-0.417474541191457	-0.32740279127489	-0.2563162630942
-0.466954385072538	-0.891201159543178	0.0512851789131048	-0.488070162008144	-0.417927256951269	-0.329179543078112	-0.25869658985212
-0.468389036068009	-0.892206467157773	0.0504071791967581	-0.487202805199612	-0.418378332235589	-0.330955803869631	-0.261085664269526
-0.469816934611013	-0.893194347610202	0.0495204315740065	-0.486315622497073	-0.418827837914883	-0.332731473880996	-0.263483413515699
-0.471238013494894	-0.894164754930396	0.0486249575400693	-0.48540862366476	-0.419275844731043	-0.334506452880425	-0.265889764014719
-0.472652205638619	-0.895117643375949	0.0477207792094774	-0.48448181939193	-0.419722423284946	-0.336280640179174	-0.268304641447872
-0.474059444084792	-0.896052967436474	0.0468079193139046	-0.483535221294466	-0.420167644024068	-0.338053934638033	-0.27072797075607
-0.475459661997641	-0.896970681838151	0.0458864012000159	-0.482568841916446	-0.420611577230115	-0.339826234673957	-0.273159676142289
-0.47685279266104	-0.897870741548479	0.0449562488273237	-0.481582694731743	-0.421054293006714	-0.341597438266821	-0.275599681074021
-0.478238769476525	-0.89875310178122	0.0440174867660759	-0.480576794145603	-0.421495861267124	-0.343367442966309	-0.278047908285747
-0.479617525961336	-0.899617718001547	0.0430701401951508	-0.479551155496224	-0.421936351722004	-0.345136145898942	-0.280504279781425
-0.480988995746466	-0.900464545931381	0.0421142348999789	-0.478505795056337	-0.422375833867209	-0.346903443775224	-0.282968716837001
-0.482353112574755	-0.901293541554933	0.0411497972704871	-0.477440730034791	-0.422814376971633	-0.348669232896941	-0.285441140002939
-0.483709810298977	-0.902104661124433	0.0401768542990574	-0.476355978578098	-0.423252050065087	-0.350433409164585	-0.287921469106775
-0.48505902287999	-0.902897861166051	0.0391954335785205	-0.475251559772014	-0.423688921926224	-0.352195868084919	-0.29040962325569
-0.486400684384899	-0.903673098486015	0.0382055633001675	-0.474127493643079	-0.424125061070496	-0.353956504778683	-0.292905520839122
-0.487734728985266	-0.904430330176919	0.0372072722517858	-0.472983801160172	-0.424560535738163	-0.355715213988425	-0.295409079531382
-0.489061090955351	-0.905169513624212	0.0362005898157213	-0.471820504236034	-0.424995413882337	-0.35747189008649	-0.297920216294325
-0.490379704670415	-0.905890606512885	0.0351855459669742	-0.470637625728794	-0.425429763157064	-0.359226427083138	-0.300438847380024
-0.49169050460505	-0.906593566834334	0.0341621712713137	-0.469435189443471	-0.425863650905456	-0.360978718634805	-0.302964888333499
-0.492993425331579	-0.907278352893413	0.033130496883424	-0.468213220133479	-0.426297144147859	-0.362728658052508	-0.305498253995462
-0.494288401518496	-0.907944923315669	0.0320905545450826	-0.466971743502096	-0.426730309570071	-0.364476138310387	-0.308038858505101
-0.495575367928979	-0.908593237054751	0.031042376583361	-0.465710786203929	-0.42716321351159	-0.366221052054399	-0.310586615302905
-0.496854259419455	-0.909223253400002	0.02998599590886	-0.464430375846358	-0.427595921953914	-0.367963291611146	-0.313141437133519
-0.498125010938231	-0.909834931984228	0.0289214460139732	-0.463130540990954	-0.428028500508886	-0.36970274899685	-0.315703236048642
-0.499387557524205	-0.91042823279164	0.0278487609711826	-0.461811311154895	-0.428461014407076	-0.371439315926477	-0.318271923409966
-0.500641834305632	-0.91100311616596	0.02676797543138	-0.460472716812331	-0.428893528486209	-0.373172883822995	-0.320847409892157
-0.501887776498979	-0.911559542818705	0.0256791246222254	-0.459114789395753	-0.429326107179635	-0.374903343826783	-0.323429605485876
-0.503125319407863	-0.912097473837645	0.0245822443465305	-0.457737561297326	-0.429758814504856	-0.376630586805194	-0.326018419500856
-0.504354398422046	-0.9126168706954	0.0234773709806763	-0.456341065870187	-0.430191714052076	-0.378354503362237	-0.328613760569013
-0.505574949016552	-0.913117695258224	0.0223645414730641	-0.45492533742973	-0.430624868972812	-0.380074983848433	-0.331215536647621
-0.506786906750843	-0.913599909794943	0.0212437933425868	-0.453490411254857	-0.431058341968554	-0.381791918370796	-0.333823655022523
-0.507990207268099	-0.914063476986031	0.0201151646771423	-0.452036323589193	-0.431492195279455	-0.383505196802971	-0.336438022311408
-0.509184786294599	-0.914508359932865	0.0189786941321767	-0.450563111642283	-0.431926490673076	-0.3852147087955	-0.339058544467137
-0.510370579639183	-0.914934522167113	0.0178344209292445	-0.449070813590727	-0.432361289433187	-0.38692034378626	-0.341685126781121
-0.511547523192833	-0.915341927660285	0.0166823848546152	-0.447559468579322	-0.4327966523486	-0.388621991011014	-0.34431767388677
-0.512715552928351	-0.915730540833406	0.0155226262578991	-0.446029116722135	-0.433232639702059	-0.390319539514127	-0.346956089762988
-0.513874604900136	-0.916100326566856	0.0143551860507058	-0.444479799103546	-0.433669311259177	-0.392012878159418	-0.349600277737736
-0.515024615244087	-0.916451250210328	0.0131801057053291	-0.442911557779261	-0.434106726257423	-0.39370189564115	-0.352250140491665
-0.516165520177606	-0.916783277592934	0.0119974272534628	-0.441324435777274	-0.434544943395156	-0.395386480495175	-0.354905580061801
-0.517297255999723	-0.917096375033438	0.0108071932849384	-0.439718477098795	-0.434984020820717	-0.397066521110205	-0.357566497845311
-0.518419759091334	-0.917390509350615	0.00960944694649773	-0.438093726719125	-0.43542401612156	-0.398741905739236	-0.360232794603327
-0.519532965915566	-0.917665647873736	0.00840423194057964	-0.436450230588499	-0.435864986313446	-0.400412522511102	-0.362904370464853
-0.520636813018261	-0.917921758453178	0.00719159252414576	-0.434788035632866	-0.436306987829686	-0.402078259442178	-0.365581124930729
-0.521731237028589	-0.918158809471146	0.00597157350751402	-0.433107189754638	-0.436750076510439	-0.40373900444821	-0.368262956877689
-0.522816174659784	-0.918376769852514	0.00474422025323143	-0.431407741833378	-0.43719430759206	-0.405394645356293	-0.370949764562477
-0.523891562710024	-0.91857560907577	0.00350957867495919	-0.429689741726439	-0.43763973569651	-0.407045069916973	-0.373641445626054
-0.524957338063423	-0.918755297184069	0.00226769523637616	-0.427953240269555	-0.438086414820816	-0.408690165816496	-0.376337897097884
-0.526013437691177	-0.918915804796393	0.00101861695011381	-0.426198289277374	-0.438534398326596	-0.410329820689178	-0.379039015400285
-0.527059798652848	-0.919057103118805	-0.000237608623299791	-0.424424941543936	-0.438983738929632	-0.411963922129914	-0.381744696352893
-0.528096358097766	-0.919179163955789	-0.00150093337647695	-0.422633250843088	-0.439434488689514	-0.413592357706819	-0.38445483517719
-0.529123053266608	-0.919281959721702	-0.00277130865618581	-0.420823271928863	-0.439886698999336	-0.415215014973992	-0.387169326501122
-0.530139821493084	-0.919365463452287	-0.00404868526436373	-0.418995060535766	-0.440340420575458	-0.416831781484409	-0.389888064363809
-0.531146600205797	-0.919429648816276	-0.00533301345909582	-0.417148673379018	-0.440795703447323	-0.418442544802945	-0.392610942220351
-0.532143326930237	-0.919474490127084	-0.0066242429556054	-0.415284168154746	-0.441252596947359	-0.420047192519513	-0.395337852946711
-0.533129939290931	-0.919499962354554	-0.00792232292721664	-0.413401603540081	-0.441711149700917	-0.421645612262336	-0.398068688844709
-0.534106375013737	-0.919506041136779	-0.00922720200631686	-0.411501039193212	-0.442171409616298	-0.423237691711324	-0.400803341647097
-0.535072571928303	-0.919492702791995	-0.0105388282853086	-0.409582535753372	-0.442633423874842	-0.424823318611583	-0.403541702522743
-0.536028467970667	-0.91945992433052	-0.0118571493175558	-0.407646154840734	-0.443097238921082	-0.426402380787028	-0.406283662081909
-0.536974001186021	-0.91940768346676	-0.0131821121183278	-0.405691959056269	-0.443562900452974	-0.427974766154121	-0.409029110381618
-0.537909109731637	-0.919335958631249	-0.0145136631657388	-0.403720011981497	-0.444030453412196	-0.429540362735712	-0.411777936931146
-0.538833731879938	-0.919244728982752	-0.0158517484016895	-0.401730378178193	-0.444499941974529	-0.431099058674987	-0.414530030697595
-0.53974780602174	-0.919133974420395	-0.0171963132328106	-0.399723123188005	-0.4449714095403	-0.432650742249541	-0.417285280111586
-0.540651270669659	-0.919003675595836	-0.0185473025314015	-0.397698313531993	-0.445444898724914	-0.434195301885524	-0.420043573073046
-0.541544064461666	-0.918853813925467	-0.0199046606363878	-0.395656016710103	-0.445920451349462	-0.435732626171918	-0.422804796957111
-0.542426126164816	-0.918684371602633	-0.021268331354277	-0.393596301200544	-0.446398108431408	-0.437262603874898	-0.425568838620137
-0.543297394679143	-0.918495331609883	-0.0226382579601209	-0.391519236459102	-0.446877910175354	-0.438785123952287	-0.428335584405813
-0.544157809041714	-0.918286677731235	-0.0240143831985004	-0.389424892918364	-0.447359895963908	-0.440300075568118	-0.431104920151396
-0.545007308430844	-0.918058394564428	-0.0253966492845141	-0.387313341986842	-0.447844104348608	-0.441807348107274	-0.433876731194053
-0.545845832170501	-0.917810467533232	-0.026784997904782	-0.385184656048064	-0.448330573040966	-0.443306831190213	-0.43665090237731
-0.546673319734851	-0.91754288289969	-0.0281793702184776	-0.383038908459504	-0.448819338903579	-0.444798414687793	-0.439427318057637
-0.547489710752979	-0.91725562777641	-0.0295797068583652	-0.380876173551492	-0.449310437941344	-0.446281988736165	-0.442205862111118
-0.54829494501379	-0.91694869013882	-0.0309859479318734	-0.378696526625996	-0.449803905292763	-0.447757443751749	-0.444986417940269
-0.549088962471065	-0.91662205883741	-0.0323980330221798	-0.376500043955326	-0.450299775221345	-0.449224670446281	-0.447768868480949
-0.549871703248687	-0.916275723609957	-0.0338159011893348	-0.374286802780751	-0.450798081107108	-0.450683559841936	-0.450553096209405
-0.550643107646049	-0.915909675093731	-0.0352394909714031	-0.372056881311012	-0.451298855438178	-0.452134003286522	-0.453338983149429
-0.551403116143605	-0.915523904837642	-0.0366687403856451	-0.36981035872075	-0.451802129802496	-0.453575892468728	-0.456126410879641
-0.552151669408619	-0.915118405314386	-0.0381035869297301	-0.367547315148844	-0.452307934879628	-0.455009119433442	-0.458915260540887
-0.552888708301057	-0.914693169932519	-0.0395439675829786	-0.365267831696628	-0.452816300432679	-0.456433576597124	-0.461705412843765
-0.553614173879669	-0.9142481930485	-0.0409898188076529	-0.362971990426043	-0.453327255300323	-0.457849156763228	-0.464496748076264
-0.55432800740822	-0.913783469978673	-0.0424410765502869	-0.360659874357667	-0.453840827388941	-0.459255753137688	-0.467289146111545
-0.555030150361902	-0.913298997011191	-0.0438976762430482	-0.358331567468655	-0.454357043664874	-0.460653259344429	-0.470082486415816
-0.555720544433902	-0.912794771417876	-0.0453595528051655	-0.355987154690574	-0.454875930146795	-0.462041569440942	-0.472876648056366
-0.55639913154215	-0.912270791466012	-0.0468266406443838	-0.353626721907142	-0.455397511898203	-0.463420577933878	-0.475671509709689
-0.557065853836213	-0.911727056430053	-0.0482988736584885	-0.351250355951849	-0.455921813020029	-0.464790179794697	-0.478466949669768
-0.557720653704371	-0.911163566603261	-0.0497761852368661	-0.348858144605497	-0.456448856643378	-0.466150270475319	-0.481262845856444
-0.558363473780854	-0.910580323309254	-0.0512585082621344	-0.346450176593612	-0.456978664922393	-0.467500745923838	-0.484059075823951
-0.558994256953224	-0.909977328913455	-0.0527457751118273	-0.344026541583766	-0.457511259027252	-0.468841502600219	-0.486855516769543
-0.559612946369948	-0.909354586834451	-0.0542379176601331	-0.34158733018278	-0.458046659137289	-0.470172437492046	-0.489652045542273
-0.560219485448096	-0.908712101555244	-0.0557348672797043	-0.339132633933825	-0.458584884434262	-0.471493448130258	-0.492448538651873
-0.560813817881232	-0.908049878634405	-0.0572365548435359	-0.336662545313419	-0.459125953095756	-0.472804432604915	-0.495244872277782
-0.561395887647439	-0.907367924717089	-0.0587429107269005	-0.334177157728299	-0.459669882288714	-0.474105289580947	-0.498040922278279
-0.561965639017507	-0.906666247545949	-0.0602538648093635	-0.331676565512193	-0.460216688163132	-0.475395918313927	-0.50083656419976
-0.562523016563273	-0.90594485597193	-0.0617693464768714	-0.32916086392248	-0.460766385845883	-0.476676218665819	-0.503631673286126
-0.563067965166122	-0.905203759964914	-0.0632892846239115	-0.32663014913674	-0.461318989434702	-0.477946091120728	-0.506426124488297
-0.563600430025619	-0.904442970624234	-0.0648136076557528	-0.324084518249176	-0.461874511992309	-0.479205436800636	-0.509219792473857
-0.564120356668316	-0.90366250018906	-0.0663422434907715	-0.321524069266943	-0.462432965540709	-0.480454157481116	-0.51201255163682
-0.564627690956672	-0.902862362048618	-0.0678751195628528	-0.318948901106345	-0.462994361055618	-0.481692155607028	-0.514804276107508
-0.565122379098156	-0.902042570752262	-0.0694121628238824	-0.316359113588921	-0.463558708461079	-0.482919334308184	-0.517594839762573
-0.565604367654453	-0.901203142019405	-0.0709532997463295	-0.313754807437427	-0.464126016624224	-0.484135597414982	-0.520384116235115
-0.566073603550835	-0.900344092749257	-0.072498456325912	-0.311136084271684	-0.464696293350207	-0.485340849474002	-0.52317197892494
-0.566530034085664	-0.89946544103042	-0.0740475580843651	-0.308503046604319	-0.465269545377304	-0.486534995763567	-0.525958301008934
-0.566973606940017	-0.898567206150291	-0.0756005300722988	-0.305855797836385	-0.46584577837219	-0.487717942309247	-0.528742955451542
-0.567404270187461	-0.897649408604296	-0.0771572968721544	-0.303194442252862	-0.466424996925375	-0.488889595899321	-0.531525815015385
-0.567821972303942	-0.896712070104943	-0.078717782601263	-0.300519085018049	-0.467007204546845	-0.490049864100178	-0.534306752271979
-0.568226662177803	-0.895755213590662	-0.0802819109150075	-0.29782983217082	-0.467592403661851	-0.49119865527165	-0.537085639612576
-0.568618289119936	-0.894778863234485	-0.0818496050100814	-0.295126790619774	-0.468180595606906	-0.492335878582301	-0.539862349259114
-0.568996802874036	-0.893783044452499	-0.0834207876278678	-0.292410068138261	-0.468771780625953	-0.493461444024626	-0.542636753275288
-0.569362153626977	-0.892767783912101	-0.084995381057919	-0.289679773359287	-0.469365957866734	-0.494575262430172	-0.545408723577719
-0.569714292019319	-0.891733109540047	-0.086573307141545	-0.286936015770296	-0.469963125377332	-0.495677245484597	-0.548178131947252
-0.570053169155896	-0.89067905053029	-0.0881544872755246	-0.284178905707846	-0.470563280102928	-0.496767305742624	-0.550944850040338
-0.570378736616534	-0.889605637351585	-0.089738842415924	-0.281408554352144	-0.471166417882743	-0.497845356642918	-0.553708749400544
-0.570690946466851	-0.888512901754877	-0.0913262930820373	-0.278625073721471	-0.47177253344718	-0.498911312522857	-0.55646970147015
-0.570989751269183	-0.887400876780471	-0.0929167593604471	-0.275828576666491	-0.472381620415174	-0.499965088633213	-0.559227577601869
-0.57127510409358	-0.886269596764937	-0.0945101609092008	-0.27301917686442	-0.472993671291738	-0.501006601152719	-0.561982249070646
-0.571546958528905	-0.885119097347824	-0.0961064169621145	-0.270196988813109	-0.473608677465731	-0.502035767202527	-0.564733587085564
-0.57180526869402	-0.883949415478076	-0.0977054463332084	-0.267362127824957	-0.47422662920782	-0.503052504860557	-0.567481462801862
-0.572049989249057	-0.882760589420249	-0.099307167421255	-0.264514710020749	-0.474847515668668	-0.504056733175719	-0.570225747333019
-0.572281075406766	-0.881552658760451	-0.100911498214465	-0.26165485232335	-0.475471324877333	-0.505048372182013	-0.572966311762953
-0.572498482943938	-0.880325664412028	-0.102518356295306	-0.258782672451282	-0.476098043739878	-0.506027342912494	-0.575703027158299
-0.5727021682129	-0.879079648621	-0.10412765884544	-0.255898288912185	-0.476727658038219	-0.506993567413112	-0.578435764580781
-0.572892088153077	-0.877814654971221	-0.105739322650816	-0.253001820996142	-0.477360152429179	-0.507946968756403	-0.581164395099661
-0.573068200302618	-0.876530728389277	-0.107353264106871	-0.250093388768916	-0.477995510443769	-0.508887471055037	-0.583888789804277
-0.57323046281008	-0.875227915149122	-0.108969399223891	-0.24717311306503	-0.478633714486718	-0.509814999475226	-0.586608819816668
-0.573378834446158	-0.873906262876414	-0.110587643632492	-0.244241115480766	-0.4792747458362	-0.510729480249953	-0.589324356304245
-0.573513274615472	-0.872565820552603	-0.112207912589248	-0.241297518366998	-0.47991858464382	-0.511630840692092	-0.592035270492583
-0.573633743368395	-0.8712066385187	-0.113830120982461	-0.238342444821962	-0.48056520993482	-0.512519009207292	-0.594741433678244
-0.573740201412926	-0.869828768478797	-0.11545418333806	-0.235376018683859	-0.481214599608529	-0.513393915306763	-0.597442717241695
-0.573832610126577	-0.868432263503263	-0.11708001382567	-0.232398364523383	-0.481866730439053	-0.514255489619832	-0.600138992660274
-0.573910931568324	-0.867017178031687	-0.118707526264769	-0.229409607636085	-0.482521578076193	-0.515103663906393	-0.60283013152123
-0.573975128490538	-0.865583567875467	-0.120336634131073	-0.226409874034682	-0.483179117046627	-0.515938371069053	-0.605516005534818
-0.574025164350987	-0.86413149022017	-0.121967250562964	-0.223399290441184	-0.483839320755309	-0.516759545165254	-0.608196486547452
-0.574061003324799	-0.862661003627534	-0.12359928836815	-0.220377984278959	-0.484502161487144	-0.517567121419066	-0.610871446554905
-0.57408261031648	-0.861172168037188	-0.125232660030423	-0.217346083664656	-0.485167610408888	-0.518361036232851	-0.613540757715568
-0.574089950971905	-0.859665044768067	-0.126867277716582	-0.214303717400034	-0.485835637571311	-0.519141227198711	-0.616204292363755
-0.574082991690321	-0.858139696519512	-0.128503053283479	-0.211251014963642	-0.486506211911597	-0.519907633109759	-0.618861923023037
-0.574061699636341	-0.856596187372053	-0.130139898285257	-0.208188106502453	-0.487179301256024	-0.520660193971115	-0.621513522419631
-0.574026042751921	-0.855034582787881	-0.131777723980697	-0.205115122823324	-0.487854872322865	-0.521398851010749	-0.624158963495823
-0.573975989768334	-0.853454949611016	-0.133416441340711	-0.202032195384375	-0.488532890725568	-0.522123546690116	-0.626798119423412
-0.573911510218105	-0.851857356067135	-0.135055961056005	-0.198939456286268	-0.489213320976181	-0.522834224714517	-0.629430863617193
-0.573832574446919	-0.850241871763087	-0.136696193544877	-0.195837038263349	-0.489896126489037	-0.523530830043281	-0.632057069748465
-0.573739153625515	-0.848608567686097	-0.138337048961164	-0.192725074674726	-0.490581269584708	-0.524213308899693	-0.634676611758554
-0.573631219761504	-0.846957516202625	-0.139978437202332	-0.189603699495195	-0.491268711494197	-0.524881608780709	-0.637289363872358
-0.573508745711184	-0.845288791056917	-0.14162026791772	-0.186473047306114	-0.491958412363415	-0.525535678466417	-0.6398952006119
-0.573371705191271	-0.843602467369227	-0.143262450516921	-0.183333253286124	-0.492650331257907	-0.526175468029285	-0.642493996809901
-0.573220072790595	-0.841898621633696	-0.144904894178318	-0.180184453201807	-0.493344426167831	-0.526800928843133	-0.645085627623347
-0.573053823981715	-0.840177331715919	-0.146547507857754	-0.177026783398223	-0.494040654013225	-0.527412013591888	-0.647669968547065
-0.572872935132491	-0.838438676850175	-0.148190200297358	-0.17386038078936	-0.494738970649509	-0.528008676278075	-0.650246895427295
-0.572677383517554	-0.836682737636322	-0.149832880034503	-0.170685382848478	-0.495439330873272	-0.52859087223106	-0.652816284475251
-0.572467147329731	-0.834909596036377	-0.151475455410913	-0.167501927598374	-0.496141688428311	-0.529158558115034	-0.65537801228068
-0.572242205691351	-0.833119335370738	-0.153117834581911	-0.164310153601525	-0.496845996011939	-0.529711691936745	-0.6579319558254
-0.57200253866548	-0.831312040314089	-0.154759925525801	-0.161110199950166	-0.497552205281547	-0.53025023305296	-0.66047799249682
-0.571748127267061	-0.829487796890986	-0.156401636053398	-0.157902206256268	-0.49826026686145	-0.530774142177667	-0.663016000101439
-0.571478953473948	-0.827646692471079	-0.158042873817683	-0.154686312641419	-0.498970130349976	-0.531283381389013	-0.665545856878315
-0.571195000237831	-0.825788815764025	-0.159683546323608	-0.151462659726626	-0.499681744326824	-0.531777914135964	-0.668067441512508
-0.570896251495046	-0.823914256814067	-0.161323560938024	-0.148231388622034	-0.500395056360698	-0.532257705244702	-0.670580633148481
-0.570582692177283	-0.822023106994268	-0.162962824899744	-0.144992640916547	-0.501110013017181	-0.532722720924738	-0.673085311403463
-0.570254308222145	-0.820115459000431	-0.164601245329742	-0.141746558667387	-0.501826559866886	-0.533172928774755	-0.67558135638077
-0.569911086583597	-0.818191406844675	-0.166238729241474	-0.138493284389549	-0.502544641493867	-0.533608297788168	-0.67806864868308
-0.569553015242271	-0.816251045848686	-0.167875183551326	-0.135232961045198	-0.50326420150428	-0.534028798358402	-0.680547069425642
-0.569180083215632	-0.814294472636649	-0.169510515089196	-0.131965732032976	-0.503985182535318	-0.534434402283891	-0.683016500249451
-0.568792280567996	-0.812321785127833	-0.171144630609184	-0.128691741177241	-0.504707526264386	-0.534825082772789	-0.685476823334333
-0.568389598420401	-0.810333082528872	-0.172777436800411	-0.125411132717232	-0.505431173418548	-0.535200814447389	-0.687927921411991
-0.567972028960317	-0.808328465325702	-0.174408840297957	-0.122124051296156	-0.506156063784225	-0.535561573348262	-0.690369677778967
-0.56753956545119	-0.80630803527519	-0.176038747693907	-0.118830641950214	-0.506882136217132	-0.535907336938102	-0.692801976309528
-0.567092202241826	-0.80427189539643	-0.177667065548514	-0.11553105009756	-0.507609328652496	-0.536238084105279	-0.695224701468486
-0.566629934775598	-0.802220149961739	-0.179293700401474	-0.112225421527188	-0.508337578115495	-0.536553795167097	-0.697637738323921
-0.566152759599471	-0.800152904487308	-0.180918558783298	-0.108913902387763	-0.509066820731966	-0.536854451872762	-0.700040972559822
-0.56566067437285	-0.798070265723563	-0.182541547226801	-0.105596639176387	-0.509796991739345	-0.537140037406058	-0.702434290488649
-0.565153677876234	-0.795972341645203	-0.184162572278681	-0.102273778727309	-0.510528025497862	-0.537410536387711	-0.704817579063772
-0.564631770019676	-0.793859241440922	-0.185781540511205	-0.09894546820057	-0.511259855501974	-0.537665934877483	-0.707190725891844
-0.564094951851053	-0.791731075502844	-0.187398358533975	-0.0956118550706165	-0.511992414392033	-0.537906220375937	-0.709553619245042
-0.563543225564115	-0.789587955415632	-0.189012933005803	-0.0922730871148289	-0.5127256339662	-0.538131381825936	-0.711906148073211
-0.562976594506347	-0.787429993945307	-0.190625170646666	-0.0889293124020271	-0.513459445192588	-0.538341409613815	-0.714248202015905
-0.562395063186596	-0.785257305027763	-0.192234978249735	-0.0855806792809123	-0.514193778221635	-0.538536295570276	-0.716579671414295
-0.561798637282499	-0.783070003756998	-0.193842262693504	-0.082227336368478	-0.514928562398715	-0.538716032970969	-0.718900447322966
-0.561187323647673	-0.780868206373042	-0.195446930953983	-0.0788694325383583	-0.515663726276964	-0.538880616536791	-0.721210421521591
-0.56056113031869	-0.778652030249596	-0.197048890116963	-0.0755071169091533	-0.516399197630334	-0.539030042433861	-0.723509486526472
-0.559920066521809	-0.776421593881395	-0.19864804739036	-0.072140538832705	-0.517134903466874	-0.539164308273224	-0.725797535601951
-0.559264142679484	-0.774177016871294	-0.200244310116618	-0.0687698478823496	-0.51787077004221	-0.53928341311024	-0.728074462771685
-0.558593370416624	-0.771918419917055	-0.201837585785171	-0.0653951938411087	-0.518606722873259	-0.539387357443679	-0.730340162829784
-0.557907762566609	-0.769645924797887	-0.203427782044969	-0.062016726689891	-0.519342686752134	-0.539476143214516	-0.732594531351798
-0.557207333177059	-0.767359654360703	-0.205014806717055	-0.0586345965956229	-0.520078585760269	-0.539549773804441	-0.734837464705562
-0.556492097515358	-0.76505973250612	-0.206598567807187	-0.055248953899381	-0.520814343282739	-0.53960825403406	-0.737068860061898
-0.555762072073909	-0.762746284174191	-0.208178973518504	-0.0518599491044855	-0.521549882022774	-0.539651590160807	-0.739288615405134
-0.555017274575129	-0.760419435329881	-0.209755932264251	-0.0484677328645845	-0.522285124016485	-0.53967978987655	-0.741496629543502
-0.554257723976209	-0.758079312948315	-0.211329352680503	-0.0450724559716957	-0.523019990647756	-0.539692862304948	-0.743692802119353
-0.553483440473564	-0.755726044999747	-0.212899143638959	-0.0416742693442654	-0.523754402663344	-0.539690817998454	-0.745877033619205
-0.552694445507046	-0.753359760434308	-0.214465214259736	-0.0382733240151799	-0.524488280188143	-0.539673668935073	-0.748049225383628
-0.551890761763868	-0.750980589166518	-0.216027473924203	-0.0348697711197846	-0.525221542740642	-0.53964142851482	-0.750209279616963
-0.551072413182261	-0.74858866205956	-0.217585832287818	-0.0314637618838937	-0.525954109248545	-0.539594111555882	-0.752357099396859
-0.550239424954838	-0.746184110909327	-0.219140199292988	-0.0280554476117739	-0.526685898064557	-0.539531734290513	-0.754492588683627
-0.549391823531698	-0.743767068428262	-0.220690485181931	-0.0246449796741499	-0.527416826982348	-0.539454314360631	-0.756615652329428
-0.548529636623222	-0.741337668228965	-0.222236600509547	-0.0212325094961872	-0.528146813252662	-0.539361870813142	-0.75872619608726
-0.547652893202588	-0.738896044807603	-0.223778456156282	-0.0178181885454869	-0.528875773599583	-0.539254424094979	-0.760824126619769
-0.546761623508016	-0.736442333527117	-0.225315963340989	-0.0144021683200751	-0.529603624236962	-0.539131996047881	-0.762909351507873
-0.545855859044688	-0.733976670600216	-0.226849033633776	-0.0109846003364095	-0.530330280884968	-0.538994609902867	-0.764981779259176
-0.544935632586398	-0.731499193072193	-0.228377578968839	-0.00756563611737202	-0.531055658786797	-0.538842290274476	-0.767041319316209
-0.544000978176898	-0.729010038803552	-0.229901511657269	-0.0041454271803021	-0.531779672725501	-0.538675063154705	-0.769087882064457
-0.543051931130945	-0.72650934645245	-0.231420744399845	-0.000724125025015557	-0.532502237040961	-0.538492955906704	-0.771121378840196
-0.54208852803505	-0.723997255456965	-0.232935190299777	0.00269811887815008	-0.533223265646964	-0.538295997258197	-0.77314172193812
-0.541110806747922	-0.721473906017195	-0.234444762875432	0.006121153100263	-0.533942672048416	-0.538084217294632	-0.775148824618765
-0.540118806400616	-0.718939439077198	-0.235949376073005	0.00954482626572862	-0.534660369358659	-0.537857647452104	-0.777142601115733
-0.539112567396373	-0.716393996306773	-0.237448944279149	0.0129689870641733	-0.535376270316898	-0.537616320509985	-0.779122966642701
-0.538092131410151	-0.713837720083083	-0.238943382333553	0.0163934842623203	-0.53609028730572	-0.537360270583331	-0.781089837400212
-0.537057541387852	-0.711270753472152	-0.240432605541462	0.0198181667158305	-0.536802332368731	-0.537089533115029	-0.783043130582271
-0.536008841545253	-0.708693240210208	-0.241916529686138	0.023242883381111	-0.537512317228259	-0.536804144867698	-0.78498276438271
-0.534946077366611	-0.706105324684899	-0.243395071041253	0.0266674833270996	-0.538220153303159	-0.536504143915354	-0.786908658001347
-0.533869295602971	-0.703507151916383	-0.244868146383206	0.0300918157470114	-0.538925751726687	-0.536189569634827	-0.788820731649918
-0.532778544270165	-0.700898867538313	-0.24633567300337	0.0335157299700416	-0.539629023364452	-0.535860462696955	-0.790718906557804
-0.531673872646497	-0.698280617778685	-0.247797568720254	0.0369390754730396	-0.540329878832434	-0.535516865057541	-0.792603104977518
-0.530555331270125	-0.695652549440599	-0.249253751891576	0.0403617018921327	-0.541028228515062	-0.535158819948078	-0.794473250189986
-0.529422971936131	-0.693014809882922	-0.250704141426247	0.0437834590343097	-0.541723982583355	-0.534786371866262	-0.7963292665096
-0.528276847693285	-0.690367547000845	-0.252148656796256	0.0472041968889623	-0.542417051013095	-0.534399566566276	-0.798171079289049
-0.527117012840495	-0.687710909206364	-0.253587218048453	0.050623765639363	-0.543107343603067	-0.533998451048857	-0.799998614923914
-0.525943522922959	-0.685045045408682	-0.255019745816228	0.0540420156741142	-0.543794769993319	-0.533583073551161	-0.801811800857053
-0.524756434728001	-0.682370104994537	-0.256446161331075	0.0574587975985213	-0.54447923968346	-0.533153483536412	-0.803610565582752
-0.52355580628061	-0.679686237808459	-0.257866386434039	0.0608739622459269	-0.545160662050984	-0.532709731683351	-0.805394838650648
-0.522341696838663	-0.676993594132978	-0.259280343587045	0.0642873606889775	-0.545838946369613	-0.532251869875479	-0.807164550669426
-0.521114166887858	-0.674292324668769	-0.260687955884096	0.0676988442508394	-0.546514001827654	-0.531779951190117	-0.808919633310289
-0.51987327813633	-0.671582580514756	-0.262089147062345	0.071108264516338	-0.547185737546362	-0.531294029887265	-0.810660019310194
-0.51861909350898	-0.66886451314818	-0.263483841513027	0.0745154733430514	-0.547854062598306	-0.530794161398275	-0.812385642474876
-0.517351677141494	-0.666138274404627	-0.264871964292255	0.0779203228723246	-0.54851888602573	-0.530280402314351	-0.814096437681619
-0.516071094374073	-0.663404016458031	-0.266253441131664	0.081322665540216	-0.549180116858905	-0.529752810374856	-0.815792340881823
-0.514777411744858	-0.660661891800665	-0.26762819844891	0.0847223540883794	-0.549837664134461	-0.529211444455457	-0.817473289103319
-0.513470696983074	-0.657912053223113	-0.268996163358025	0.0881192415748683	-0.550491436913702	-0.528656364556103	-0.819139220452486
-0.51215101900187	-0.655154653794229	-0.270357263679592	0.0915131813848697	-0.551141344300883	-0.528087631788825	-0.820790074116107
-0.510818447890879	-0.652389846841109	-0.271711427950774	0.0949040272413589	-0.551787295461469	-0.527505308365391	-0.822425790363027
-0.509473054908487	-0.649617785929065	-0.273058585435175	0.0982916332156758	-0.552429199640334	-0.526909457584801	-0.824046310545567
-0.508114912473827	-0.646838624841602	-0.274398666132522	0.101675853738019	-0.553066966179927	-0.52630014382062	-0.825651577100718
-0.506744094158468	-0.644052517560428	-0.275731600788177	0.105056543607863	-0.553700504538382	-0.525677432508184	-0.827241533551105
-0.505360674677868	-0.641259618245485	-0.277057320902475	0.108433558004285	-0.554329724307572	-0.525041390131653	-0.828816124505746
-0.503964729882508	-0.638460081215007	-0.278375758739866	0.111806752496212	-0.554954535231094	-0.524392084210932	-0.830375295660562
-0.50255633674878	-0.63565406092562	-0.279686847337886	0.115175983052573	-0.555574847222189	-0.52372958328845	-0.83191899379868
-0.501135573369602	-0.632841711952487	-0.280990520515923	0.11854110605237	-0.556190570381587	-0.52305395691583	-0.833447166790517
-0.499702518944764	-0.630023188969499	-0.2822867128838	0.121901978294649	-0.55680161501527	-0.522365275640418	-0.834959763593635
-0.498257253771018	-0.627198646729533	-0.283575359850153	0.125258457008384	-0.557407891652146	-0.521663610991704	-0.836456734252393
-0.496799859231905	-0.624368240044753	-0.284856397630613	0.128610399862266	-0.558009311061633	-0.520949035467631	-0.837938029897363
-0.495330417787327	-0.621532123767004	-0.286129763255778	0.13195766497439	-0.558605784271152	-0.520221622520786	-0.839403602744553
-0.493849012962886	-0.618690452768255	-0.287395394578986	0.135300110921854	-0.559197222583502	-0.519481446544499	-0.840853406094399
-0.492355729338944	-0.615843381921143	-0.288653230283864	0.138637596750252	-0.559783537594142	-0.518728582858837	-0.842287394330557
-0.490850652539481	-0.612991066079594	-0.289903209891681	0.141969981983065	-0.56036464120835	-0.517963107696501	-0.843705522918487
-0.48933386922068	-0.610133660059526	-0.291145273768466	0.145297126630953	-0.560940445658268	-0.517185098188637	-0.845107748403815
-0.487805467059303	-0.607271318619662	-0.292379363131912	0.148618891200946	-0.561510863519813	-0.516394632350561	-0.846494028410506
-0.48626553474083	-0.604404196442449	-0.293605420058074	0.151935136705521	-0.562075807729483	-0.515591789067409	-0.847864321638835
-0.484714161947366	-0.601532448115065	-0.294823387487811	0.155245724671578	-0.562635191600992	-0.514776648079694	-0.849218587863135
-0.48315143934535	-0.598656228110556	-0.296033209233032	0.158550517149318	-0.563188928841806	-0.513949289968823	-0.850556787929381
-0.481577458573023	-0.595775690769088	-0.297234829982689	0.161849376720987	-0.563736933569502	-0.513109796142508	-0.851878883752545
-0.479992312227706	-0.592890990279311	-0.298428195308551	0.165142166509535	-0.564279120327998	-0.512258248820147	-0.85318483831378
-0.478396093852864	-0.590002280659867	-0.29961325167074	0.16842875018715	-0.564815404103621	-0.511394731018139	-0.854474615657402
-0.476788897924975	-0.587109715741021	-0.300789946423031	0.171708991983685	-0.565345700341018	-0.510519326535132	-0.855748180887688
-0.475170819840198	-0.584213449146435	-0.301958227817912	0.174982756694963	-0.565869924958914	-0.509632119937239	-0.857005500165491
-0.473541955900863	-0.581313634275075	-0.30311804501141	0.178249909690981	-0.566387994365685	-0.508733196543212	-0.858246540704666
-0.471902403301757	-0.578410424283282	-0.304269348067669	0.181510316923985	-0.566899825474775	-0.507822642409558	-0.859471270768314
-0.470252260116257	-0.575503972066977	-0.305412087963287	0.184763844936435	-0.567405335719934	-0.506900544315636	-0.860679659664866
-0.468591625282262	-0.572594430244035	-0.306546216591418	0.18801036086885	-0.567904443070271	-0.505966989748718	-0.861871677743973
-0.466920598587983	-0.569681951136803	-0.30767168676561	0.191249732467537	-0.56839706604513	-0.505022066889022	-0.863047296392236
-0.465239280657549	-0.566766686754807	-0.308788452223416	0.194481828092198	-0.568883123728774	-0.504065864594725	-0.864206488028764
-0.463547772936468	-0.563848788777604	-0.309896467629739	0.197706516723414	-0.569362535784883	-0.503098472386959	-0.865349226100567
-0.461846177676934	-0.560928408537818	-0.310995688579952	0.20092366797002	-0.56983522247085	-0.502119980434784	-0.866475485077795
-0.460134597922985	-0.558005697004349	-0.31208607160274	0.204133152076339	-0.570301104651886	-0.501130479540168	-0.867585240448815
-0.458413137495527	-0.555080804765763	-0.313167574162716	0.207334839929312	-0.570760103814914	-0.50013006112294	-0.868678468715118
-0.456681900977215	-0.552153882013864	-0.314240154662779	0.210528603065492	-0.571212142082272	-0.499118817205762	-0.869755147386101
-0.454940993697217	-0.549225078527454	-0.315303772446216	0.213714313677923	-0.571657142225187	-0.498096840399088	-0.870815254973682
-0.453190521715839	-0.54629454365628	-0.316358387798559	0.216891844622887	-0.572095027677055	-0.497064223886135	-0.871858770986775
-0.451430591809055	-0.543362426305181	-0.317403961949191	0.220061069426534	-0.572525722546499	-0.496021061407861	-0.872885675925627
-0.449661311452898	-0.540428874918421	-0.3184404570727	0.223221862291381	-0.572949151630206	-0.494967447247963	-0.873895951276013
-0.447882788807774	-0.537494037464233	-0.319467836289982	0.226374098102688	-0.573365240425552	-0.493903476217885	-0.874889579503299
-0.446095132702658	-0.534558061419556	-0.320486063669094	0.229517652434706	-0.573773915142994	-0.492829243641851	-0.875866544046372
-0.4442984526192	-0.531621093754979	-0.321495104225858	0.232652401556802	-0.574175102718244	-0.491744845341918	-0.876826829311446
-0.442492858675751	-0.528683280919902	-0.322494923924213	0.235778222439451	-0.57456873082421	-0.490650377623065	-0.877770420665745
-0.440678461611295	-0.525744768827888	-0.32348548967632	0.23889499276011	-0.574954727882704	-0.489545937258304	-0.878697304431055
-0.438855372769318	-0.522805702842245	-0.324466769342421	0.242002590908959	-0.575333023075927	-0.488431621473833	-0.879607467877186
-0.437023704081597	-0.519866227761816	-0.325438731730449	0.245100895994512	-0.575703546357708	-0.487307527934227	-0.880500899215287
-0.435183568051928	-0.516926487806982	-0.326401346595389	0.248189787849105	-0.576066228464512	-0.486173754727665	-0.881377587591077
-0.433335077739804	-0.513986626605889	-0.3273545846384	0.251269147034262	-0.576421000926206	-0.485030400351204	-0.882237523077965
-0.431478346744021	-0.511046787180894	-0.328298417505688	0.25433885484592	-0.576767796076581	-0.483877563696106	-0.883080696670064
-0.429613489186264	-0.508107111935234	-0.329232817787143	0.257398793319532	-0.577106547063648	-0.482715344033206	-0.883907100275114
-0.427740619694631	-0.505167742639915	-0.330157759014728	0.260448845235054	-0.577437187859665	-0.48154384099835	-0.8847167267073
-0.425859853387127	-0.502228820420833	-0.331073215660634	0.263488894121782	-0.577759653270935	-0.480363154577863	-0.885509569679995
-0.42397130585514	-0.499290485746117	-0.3319791631352	0.266518824263081	-0.578073878947358	-0.479173385094108	-0.886285623798404
-0.422075093146885	-0.496352878413699	-0.332875577784585	0.269538520700978	-0.578379801391726	-0.477974633191087	-0.887044884552131
-0.420171331750823	-0.493416137539122	-0.333762436888228	0.27254786924063	-0.578677357968775	-0.476766999820111	-0.887787348307665
-0.418260138579086	-0.490480401543563	-0.334639718656051	0.275546756454664	-0.578966486913981	-0.47555058622554	-0.888513012300791
-0.416341630950883	-0.487545808142107	-0.335507402225455	0.27853506968739	-0.579247127342118	-0.474325493930595	-0.889221874628931
-0.414415926575908	-0.484612494332229	-0.336365467658076	0.281512697058897	-0.579519219255546	-0.473091824723239	-0.889913934243413
-0.412483143537757	-0.481680596382537	-0.337213895936322	0.284479527468999	-0.579782703552264	-0.471849680642134	-0.890589190941679
-0.410543400277351	-0.478750249821721	-0.338052668959682	0.287435450601086	-0.580037522033697	-0.470599163962678	-0.89124764535943
-0.408596815576379	-0.475821589427757	-0.338881769540825	0.290380356925836	-0.58028361741224	-0.469340377183126	-0.891889298962726
-0.406643508540758	-0.472894749217329	-0.339701181401475	0.293314137704788	-0.580520933318537	-0.468073423010775	-0.892514154039999
-0.404683598584119	-0.469969862435494	-0.340510889168068	0.296236684993823	-0.580749414308517	-0.466798404348257	-0.89312221369406
-0.402717205411339	-0.46704706154559	-0.341310878367213	0.299147891646488	-0.580969005870174	-0.465515424279907	-0.893713481834034
-0.400744449002089	-0.464126478219351	-0.342101135420929	0.302047651317222	-0.581179654430084	-0.464224586058213	-0.894287963167252
-0.398765449594439	-0.461208243327289	-0.342881647641681	0.304935858464447	-0.581381307359681	-0.462925993090374	-0.894845663191108
-0.396780327668508	-0.458292486929288	-0.343652403227221	0.30781240835354	-0.581573912981267	-0.461619748924926	-0.89538658818489
-0.394789203930161	-0.455379338265443	-0.344413391255222	0.310677197059687	-0.581757420573784	-0.460305957238492	-0.895910745201562
-0.39279219929477	-0.452468925747128	-0.345164601677719	0.313530121470611	-0.581931780378315	-0.458984721822602	-0.896418142059529
-0.390789434871038	-0.449561376948297	-0.345906025315358	0.316371079289179	-0.582096943603341	-0.457656146570616	-0.896908787334368
-0.388781031944881	-0.446656818597018	-0.346637653851449	0.319199969035913	-0.582252862429762	-0.456320335464764	-0.897382690350545
-0.386767111963395	-0.44375537656725	-0.34735947982586	0.322016690051339	-0.582399490015632	-0.454977392563261	-0.897839861173116
-0.384747796518883	-0.440857175870826	-0.34807149662869	0.324821142498262	-0.582536780500664	-0.45362742198754	-0.898280310599387
-0.382723207332983	-0.437962340649693	-0.348773698493786	0.327613227363907	-0.582664689010509	-0.45227052790959	-0.898704050150605
-0.380693466240864	-0.435070994168364	-0.349466080492093	0.330392846461935	-0.58278317166073	-0.450906814539384	-0.899111092063595
-0.378658695175521	-0.432183258806604	-0.350148638524814	0.333159902434365	-0.58289218556058	-0.449536386112427	-0.899501449282419
-0.376619016152167	-0.429299256052354	-0.350821369316419	0.335914298753361	-0.582991688816511	-0.448159346877409	-0.899875135450033
-0.374574551252704	-0.426419106494858	-0.351484270407477	0.338655939722931	-0.583081640535435	-0.446775801083964	-0.900232164899926
-0.37252542261033	-0.42354292981803	-0.352137340147343	0.341384730480492	-0.583162000827751	-0.445385852970536	-0.900572552647767
-0.370471752394218	-0.420670844794055	-0.352780577686679	0.344100576998335	-0.583232730810128	-0.443989606752362	-0.900896314383079
-0.36841366279433	-0.417802969277181	-0.353413982969829	0.346803386084982	-0.58329379260804	-0.442587166609564	-0.901203466460894
-0.366351276006331	-0.414939420197768	-0.354037556727047	0.349493065386429	-0.583345149358067	-0.44117863667535	-0.901494025893436
-0.364284714216627	-0.412080313556517	-0.354651300466578	0.352169523387289	-0.583386765209955	-0.439764121024331	-0.901768010341805
-0.362214099587523	-0.409225764418963	-0.355255216466608	0.354832669411825	-0.583418605328448	-0.438343723660961	-0.902025438107709
-0.360139554242509	-0.40637588691014	-0.355849307767069	0.357482413624876	-0.583440635894873	-0.436917548508075	-0.902266328125172
-0.358061200251668	-0.403530794209485	-0.356433578161324	0.360118667032684	-0.583452824108503	-0.435485699395554	-0.902490699952299
-0.355979159617219	-0.400690598545942	-0.357008032187716	0.362741341483619	-0.583455138187676	-0.434048280049104	-0.902698573763052
-0.353893554259201	-0.397855411193294	-0.357572675121007	0.365350349668797	-0.583447547370707	-0.432605394079156	-0.902889970339059
-0.351804506001283	-0.39502534246568	-0.358127512963685	0.367945605122601	-0.58343002191655	-0.43115714496987	-0.90306491106144
-0.349712136556724	-0.392200501713328	-0.358672552437167	0.370527022223115	-0.583402533105241	-0.429703636068276	-0.90322341790269
-0.347616567514479	-0.38938099731851	-0.3592078009729	0.373094516192437	-0.583365053238144	-0.428244970573518	-0.903365513418573
-0.345517920325442	-0.38656693669166	-0.359733266703334	0.375648003096921	-0.583317555637929	-0.426781251526225	-0.90349122074007
-0.343416316288842	-0.383758426267731	-0.360248958452821	0.378187399847306	-0.583260014648369	-0.425312581797997	-0.903600563565346
-0.3413118765388	-0.380955571502731	-0.360754885728404	0.380712624198766	-0.583192405633916	-0.423839064081015	-0.903693566151793
-0.339204722031028	-0.378158476870452	-0.361251058710513	0.383223594750853	-0.583114704979045	-0.422360800877763	-0.903770253308075
-0.337094973529693	-0.3753672458594	-0.361737488243582	0.385720230947371	-0.583026890087407	-0.420877894490882	-0.903830650386253
-0.334982751594437	-0.372581980969916	-0.36221418582658	0.388202453076135	-0.58292893938076	-0.419390447013128	-0.903874783273933
-0.332868176567557	-0.369802783711479	-0.362681163603462	0.390670182268671	-0.582820832297705	-0.417898560317472	-0.903902678386486
-0.330751368561353	-0.367029754600199	-0.363138434353545	0.393123340499802	-0.582702549292198	-0.416402336047292	-0.903914362659296
-0.328632447445638	-0.364262993156498	-0.363586011481824	0.395561850587174	-0.582574071831899	-0.414901875606719	-0.903909863540088
-0.326511532835415	-0.36150259790296	-0.364023909009207	0.397985636190683	-0.58243538239627	-0.413397280151069	-0.903889208981278
-0.324388744078723	-0.358748666362378	-0.364452141562703	0.400394621811825	-0.582286464474522	-0.411888650577423	-0.903852427432409
-0.322264200244659	-0.356001295055956	-0.364870724365552	0.402788732792975	-0.582127302563348	-0.410376087515315	-0.903799547832638
-0.320138020111562	-0.353260579501703	-0.365279673227291	0.405167895316568	-0.581957882164466	-0.408859691317538	-0.903730599603263
-0.31801032215538	-0.350526614212988	-0.365679004533792	0.407532036404226	-0.581778189781981	-0.407339562051078	-0.903645612640344
-0.315881224538203	-0.34779949269726	-0.366068735237234	0.4098810839158	-0.581588212919549	-0.405815799488167	-0.90354461730736
-0.313750845096986	-0.345079307454951	-0.366448882846057	0.412214966548321	-0.58138794007738	-0.404288503097444	-0.90342764442794
-0.311619301332431	-0.34236614997852	-0.36681946541487	0.414533613834918	-0.581177360749038	-0.402757772035256	-0.903294725278666
-0.309486710398063	-0.339660110751677	-0.367180501534327	0.416836956143622	-0.580956465418079	-0.401223705137059	-0.903145891581925
-0.307353189089474	-0.336961279248746	-0.367532010320983	0.419124924676139	-0.580725245554508	-0.399686400908956	-0.902981175498851
-0.305218853833755	-0.334269743934205	-0.367874011407128	0.421397451466529	-0.580483693611074	-0.398145957519335	-0.90280060962232
-0.303083820679106	-0.331585592262355	-0.368206524930593	0.423654469379834	-0.580231803019384	-0.396602472790641	-0.902604226970016
-0.300948205284624	-0.32890891067716	-0.368529571524556	0.425895912110632	-0.579969568185863	-0.395056044191265	-0.902392060977582
-0.298812122910276	-0.326239784612219	-0.368843172307327	0.428121714181542	-0.579696984487546	-0.39350676882754	-0.902164145491822
-0.296675688407057	-0.323578298490887	-0.369147348872135	0.430331810941647	-0.579414048267705	-0.391954743435859	-0.90192051476399
-0.294539016207324	-0.320924535726546	-0.369442123276908	0.432526138564886	-0.579120756831341	-0.390400064374927	-0.901661203443155
-0.292402220315321	-0.318278578722997	-0.369727518034061	0.434704634048369	-0.578817108440496	-0.388842827618104	-0.901386246569633
-0.290265414297874	-0.315640508875008	-0.370003556100281	0.436867235210627	-0.578503102309428	-0.387283128745878	-0.90109567956849
-0.28812871127529	-0.313010406568979	-0.370270260866336	0.439013880689847	-0.578178738599642	-0.385721062938457	-0.900789538243141
-0.285992223912416	-0.31038835118375	-0.370527656146883	0.441144509942003	-0.577844018414767	-0.384156724968466	-0.900467858768994
-0.283856064409897	-0.30777442109153	-0.370775766170306	0.443259063238981	-0.577498943795301	-0.38259020919377	-0.900130677687215
-0.281720344495612	-0.305168693658952	-0.371014615568564	0.445357481666625	-0.577143517713202	-0.381021609550404	-0.89977803189852
-0.279585175416289	-0.302571245248258	-0.37124422936708	0.44743970712275	-0.576777744066368	-0.379451019545621	-0.899409958657085
-0.277450667929307	-0.299982151218589	-0.37146463297464	0.449505682315106	-0.576401627672958	-0.37787853225105	-0.899026495564518
-0.27531693229468	-0.297401485927411	-0.371675852173342	0.451555350759301	-0.576015174265605	-0.376304240295975	-0.898627680563918
-0.273184078267213	-0.29482932273204	-0.371877913108565	0.453588656776661	-0.575618390485483	-0.374728235860708	-0.898213551933992
-0.271052215088855	-0.29226573399129	-0.372070842278995	0.455605545492092	-0.575211283876273	-0.373150610670108	-0.897784148283291
-0.268921451481215	-0.289710791067221	-0.372254666526677	0.457605962831849	-0.574793862877984	-0.37157145598717	-0.89733950854448
-0.26679189563827	-0.287164564327006	-0.372429413027126	0.459589855521311	-0.574366136820679	-0.369990862606753	-0.896879671968729
-0.264663655219237	-0.284627123144887	-0.372595109279477	0.461557171082703	-0.573928115918062	-0.368408920849418	-0.896404678120156
-0.262536837341647	-0.282098535904252	-0.372751783096701	0.463507857832771	-0.573479811260984	-0.366825720555353	-0.895914566870369
-0.260411548574561	-0.279578869999786	-0.372899462595864	0.465441864880456	-0.573021234810811	-0.365241351078438	-0.895409378393074
-0.258287894931993	-0.277068191839742	-0.373038176188452	0.467359142124502	-0.572552399392697	-0.363655901280391	-0.894889153158771
-0.256165981866488	-0.2745665668483	-0.373167952570759	0.469259640251059	-0.572073318688766	-0.362069459525045	-0.894353931929537
-0.254045914262881	-0.272074059468006	-0.373288820714339	0.471143310731244	-0.571584007231174	-0.360482113672708	-0.893803755753871
-0.25192779643223	-0.269590733162318	-0.373400809856523	0.473010105818686	-0.571084480395088	-0.358893951074658	-0.893238665961644
-0.249811732105902	-0.267116650418217	-0.37350394949101	0.474859978547039	-0.570574754391559	-0.357305058567718	-0.8926587041591
-0.24769782442986	-0.264651872748932	-0.37359826935854	0.476692882727477	-0.570054846260325	-0.355715522468958	-0.892063912223978
-0.245586175959086	-0.262196460696719	-0.373683799437624	0.478508772946158	-0.569524773862497	-0.354125428570481	-0.891454332300662
-0.243476888652186	-0.25975047383573	-0.373760569935374	0.480307604561682	-0.568984555873179	-0.352534862134337	-0.890830006795454
-0.241370063866159	-0.257313970774969	-0.373828611278401	0.482089333702517	-0.568434211773999	-0.350943907887519	-0.890190978371912
-0.239265802351329	-0.254887009161308	-0.373887954103811	0.483853917264424	-0.567873761845566	-0.349352650017075	-0.889537289946261
-0.23716420424643	-0.252469645682585	-0.373938629250269	0.485601312907837	-0.567303227159834	-0.347761172165319	-0.88886898468289
-0.235065369073864	-0.250061936070765	-0.373980667749172	0.487331479055276	-0.566722629572413	-0.346169557425149	-0.88818610598992
-0.232969395735106	-0.247663935105182	-0.374014100815903	0.4890443748887	-0.56613199171479	-0.344577888335453	-0.887488697514873
-0.230876382506272	-0.245275696615833	-0.374038959841181	0.490739960346877	-0.56553133698649	-0.34298624687663	-0.886776803140378
-0.228786427033837	-0.24289727348675	-0.374055276382509	0.492418196122734	-0.564920689547174	-0.341394714466206	-0.886050466979999
-0.226699626330511	-0.240528717659418	-0.374063082155721	0.494079043660714	-0.56430007430866	-0.339803371954549	-0.885309733374113
-0.224616076771256	-0.238170080136265	-0.374062409026624	0.495722465154103	-0.5636695169269	-0.338212299620682	-0.884554646885865
-0.222535874089464	-0.23582141098421	-0.374053289002752	0.497348423542366	-0.563029043793886	-0.336621577168198	-0.88378525229721
-0.22045911337327	-0.233482759338257	-0.374035754225213	0.498956882508482	-0.562378682029498	-0.335031283721266	-0.883001594605022
-0.21838588906202	-0.231154173405158	-0.374009836960659	0.500547806476277	-0.561718459473326	-0.333441497820748	-0.882203719017297
-0.21631629494287	-0.22883570046711	-0.373975569593341	0.502121160607737	-0.561048404676394	-0.331852297420396	-0.881391670949384
-0.214250424147541	-0.226527386885515	-0.373932984617297	0.503676910800352	-0.560368546892884	-0.330263759883158	-0.88056549602035
-0.212188369149196	-0.22422927810479	-0.373882114628639	0.505215023684441	-0.559678916071787	-0.328675961977569	-0.879725240049375
-0.210130221759462	-0.22194141865621	-0.373822992317953	0.506735466620484	-0.558979542848511	-0.327088979874247	-0.878870949052238
-0.208076073125587	-0.219663852161811	-0.373755650462822	0.508238207696468	-0.558270458536468	-0.325502889142479	-0.878002669237865
-0.206026013727726	-0.217396621338321	-0.373680121920456	0.509723215725225	-0.5575516951186	-0.323917764746901	-0.877120447004962
-0.203980133376354	-0.215139768001144	-0.373596439620439	0.511190460241786	-0.556823285238878	-0.322333681044265	-0.876224328938696
-0.201938521209814	-0.212893333068384	-0.373504636557613	0.512639911500752	-0.556085262193781	-0.320750711780317	-0.875314361807487
-0.199901265691985	-0.210657356564895	-0.373404745785054	0.514071540473653	-0.55533765992372	-0.319168930086744	-0.874390592559814
-0.197868454610072	-0.208431877626377	-0.373296800407194	0.515485318846333	-0.554580513004455	-0.317588408478229	-0.873453068321137
-0.195840175072516	-0.206216934503505	-0.373180833573049	0.516881219016355	-0.553813856638468	-0.316009218849594	-0.872501836390859
-0.193816513507028	-0.204012564566088	-0.373056878469581	0.518259214090399	-0.553037726646327	-0.314431432473029	-0.871536944239375
-0.191797555658739	-0.201818804307267	-0.37292496831518	0.519619277881691	-0.552252159458021	-0.312855119995414	-0.870558439505169
-0.189783386588449	-0.199635689347729	-0.372785136353271	0.520961384907442	-0.551457192104272	-0.311280351435732	-0.869566369991982
-0.187774090671008	-0.197463254439969	-0.37263741584605	0.522285510386309	-0.550652862207842	-0.309707196182573	-0.868560783666066
-0.185769751593794	-0.195301533472563	-0.372481840068344	0.523591630235858	-0.54983920797481	-0.308135722991714	-0.867541728653463
-0.183770452355294	-0.193150559474473	-0.372318442301602	0.52487972107008	-0.549016268185846	-0.306565999983809	-0.866509253237382
-0.181776275263805	-0.191010364619382	-0.372147255828017	0.526149760196889	-0.548184082187475	-0.304998094642146	-0.865463405855632
-0.179787301936215	-0.188880980230037	-0.37196831392476	0.527401725615664	-0.547342689883318	-0.303432073810498	-0.864404235098083
-0.177803613296906	-0.186762436782636	-0.371781649858376	0.528635596014815	-0.546492131725351	-0.301868003691071	-0.863331789704255
-0.175825289576737	-0.184654763911218	-0.37158729687928	0.529851350769363	-0.545632448705141	-0.300305949842522	-0.862246118560905
-0.173852410312127	-0.182557990412074	-0.371385288216393	0.531048969938547	-0.54476368234507	-0.298745977178072	-0.861147270699698
-0.171885054344238	-0.180472144248193	-0.371175657071921	0.532228434263462	-0.543885874689597	-0.297188149963702	-0.860035295294949
-0.169923299818233	-0.178397252553704	-0.37095843661625	0.53338972516472	-0.542999068296477	-0.295632531816435	-0.858910241661403
-0.167967224182636	-0.17633334163835	-0.370733659982975	0.534532824740137	-0.542103306228012	-0.294079185702701	-0.857772159252084
-0.166016904188766	-0.174280436991965	-0.370501360264072	0.535657715762456	-0.541198632042294	-0.292528173936784	-0.85662109765619
-0.164072415890266	-0.172238563288978	-0.370261570505188	0.536764381677084	-0.540285089784463	-0.290979558179357	-0.855457106597067
-0.162133834642699	-0.170207744392922	-0.370014323701074	0.537852806599884	-0.539362723977968	-0.289433399436098	-0.854280235930208
-0.160201235103232	-0.168188003360957	-0.369759652791141	0.538922975314976	-0.538431579615843	-0.28788975805639	-0.853090535641337
-0.158274691230392	-0.1661793624484	-0.369497590655155	0.539974873272575	-0.537491702151986	-0.286348693732092	-0.851888055844506
-0.156354276283899	-0.164181843113282	-0.369228170109064	0.541008486586877	-0.536543137492473	-0.284810265496411	-0.850672846780304
-0.154440062824562	-0.162195466020889	-0.368951423900946	0.54202380203395	-0.535585931986859	-0.283274531722839	-0.849444958814048
-0.152532122714256	-0.160220251048336	-0.36866738470711	0.5430208070497	-0.534620132419529	-0.281741550124183	-0.848204442434101
-0.150630527115957	-0.158256217289132	-0.368376085128305	0.543999489727826	-0.533645786001038	-0.280211377751661	-0.846951348250167
-0.148735346493845	-0.156303383057766	-0.368077557686078	0.544959838817845	-0.532662940359492	-0.278684070994089	-0.845685726991691
-0.146846650613465	-0.154361765894281	-0.36777183481925	0.545901843723148	-0.531671643531948	-0.277159685577149	-0.844407629506284
-0.144964508541959	-0.15243138256888	-0.367458948880536	0.546825494499075	-0.530671943955833	-0.275638276562724	-0.843117106758198
-0.143088988648341	-0.150512249086507	-0.36713893213328	0.547730781851046	-0.529663890460388	-0.274119898348324	-0.841814209826849
-0.141220158603841	-0.148604380691462	-0.366811816748337	0.548617697132736	-0.528647532258156	-0.272604604666585	-0.840498989905405
-0.139358085382292	-0.146707791871994	-0.366477634801067	0.549486232344267	-0.527622918936476	-0.271092448584847	-0.839171498299394
-0.137502835260578	-0.144822496364912	-0.366136418268466	0.550336380130453	-0.526590100449016	-0.269583482504802	-0.837831786425358
-0.135654473819124	-0.142948507160201	-0.365788199026428	0.551168133779088	-0.525549127107351	-0.268077758162234	-0.836479905809592
-0.133813065942439	-0.141085836505625	-0.36543300884713	0.551981487219275	-0.524500049572556	-0.266575326626824	-0.835115908086878
-0.131978675819696	-0.139234495911349	-0.365070879396548	0.552776435019781	-0.523442918846842	-0.265076238302027	-0.833739844999287
-0.130151366945367	-0.137394496154544	-0.364701842232085	0.553552972387462	-0.522377786265231	-0.263580542925046	-0.832351768395027
-0.128331202119886	-0.135565847284013	-0.36432592880035	0.554311095165697	-0.52130470348726	-0.262088289566856	-0.830951730227321
-0.126518243450366	-0.133748558624797	-0.363943170435035	0.555050799832898	-0.520223722488735	-0.260599526632317	-0.829539782553344
-0.124712552351341	-0.131942638782799	-0.363553598354935	0.555772083501036	-0.519134895553519	-0.259114301860358	-0.82811597753318
-0.122914189545542	-0.130148095649385	-0.363157243662078	0.556474943914225	-0.518038275265357	-0.25763266232424	-0.82668036742883
-0.121123215064724	-0.128364936406011	-0.362754137339986	0.557159379447352	-0.516933914499756	-0.25615465443188	-0.825233004603273
-0.119339688250505	-0.126593167528823	-0.362344310252053	0.55782538910474	-0.5158218664159	-0.254680323926265	-0.823773941519541
-0.117563667755242	-0.124832794793271	-0.361927793140041	0.558472972518868	-0.514702184448611	-0.253209715885922	-0.822303230739854
-0.115795211542941	-0.123083823278714	-0.361504616622697	0.559102129949123	-0.513574922300363	-0.251742874725475	-0.820820924924777
-0.114034376890181	-0.121346257373027	-0.361074811194497	0.559712862280612	-0.512440133933336	-0.250279844196265	-0.819327076832435
-0.112281220387077	-0.119620100777197	-0.360638407224485	0.560305171023009	-0.511297873561525	-0.248820667387041	-0.817821739317743
-0.110535797938249	-0.117905356509926	-0.360195434955253	0.560879058309451	-0.510148195642894	-0.247365386724733	-0.816304965331685
-0.10879816476383	-0.116202026912221	-0.359745924502019	0.56143452689548	-0.508991154871586	-0.245914043975278	-0.814776807920632
-0.107068375400477	-0.114510113651986	-0.359289905851823	0.56197158015803	-0.507826806170181	-0.244466680244532	-0.813237320225682
-0.105346483702411	-0.11282961772861	-0.358827408862839	0.562490222094459	-0.506655204682015	-0.243023335979244	-0.811686555482045
-0.103632542842473	-0.111160539477548	-0.358358463263796	0.562990457321641	-0.505476405763541	-0.241584050968103	-0.810124567018472
-0.101926605313184	-0.109502878574897	-0.357883098653505	0.563472291075081	-0.504290464976757	-0.240148864342849	-0.808551408256694
-0.100228722927831	-0.107856634041974	-0.357401344500501	0.563935729208088	-0.503097438081684	-0.238717814579455	-0.806967132710909
-0.0985389468215573	-0.106221804249881	-0.356913230142793	0.564380778191006	-0.501897381028905	-0.237290939499379	-0.805371793987306
-0.0968573274524671	-0.104598386924066	-0.356418784787711	0.564807445110476	-0.500690349952163	-0.235868276270884	-0.803765445783618
-0.0951839146027345	-0.10298637914889	-0.35591803751187	0.56521573766875	-0.499476401161013	-0.234449861410419	-0.802148141888696
-0.0935187573797254	-0.101385777372165	-0.355411017261224	0.56560566418305	-0.498255591133532	-0.233035730784074	-0.800519936182127
-0.0918619042171219	-0.0997965774097208	-0.354897752851246	0.565977233584981	-0.497027976509114	-0.231625919609093	-0.798880882633891
-0.0902134028760526	-0.0982187744499327	-0.354378272967172	0.566330455419976	-0.495793614081288	-0.230220462455465	-0.797231035304022
-0.088573300446226	-0.0966523630582627	-0.353852606164385	0.566665339846811	-0.494552560790635	-0.228819393247565	-0.795570448342329
-0.086941643347071	-0.0950973371817939	-0.353320780868862	0.566981897637133	-0.493304873717741	-0.227422745265869	-0.793899175988119
-0.0853184773288708	-0.0935536901537458	-0.352782825377746	0.567280140175075	-0.49205061007624	-0.226030551148738	-0.792217272569983
-0.083703847473901	-0.0920214146980048	-0.352238767859991	0.56756007945688	-0.490789827205898	-0.224642842894252	-0.790524792505575
-0.0820977981975745	-0.090500502933635	-0.351688636357116	0.567821728090595	-0.489522582565782	-0.223259651862119	-0.788821790301454
-0.0805003732495619	-0.0889909463793768	-0.351132458784052	0.568065099295794	-0.488248933727488	-0.22188100877563	-0.787108320552916
-0.0789116157149379	-0.0874927359581575	-0.350570262930057	0.568290206903371	-0.486968938368431	-0.220506943723712	-0.785384437943896
-0.0773315680153041	-0.0860058620015848	-0.350002076459749	0.568497065355351	-0.485682654265212	-0.219137486163003	-0.783650197246869
-0.0757602719099127	-0.0845303142544325	-0.349427926914217	0.568685689704759	-0.484390139287056	-0.217772664920002	-0.781905653322791
-0.0741977684967793	-0.0830660818791263	-0.348847841712202	0.568856095615533	-0.483091451389303	-0.216412508193292	-0.780150861121046
-0.0726440982138034	-0.0816131534602222	-0.348261848151396	0.569008299362488	-0.481786648606994	-0.215057043555806	-0.778385875679465
-0.0710993008398602	-0.0801715170088682	-0.347669973409792	0.569142317831311	-0.480475789048507	-0.213706297957165	-0.776610752124319
-0.069563415495904	-0.0787411599672836	-0.347072244547138	0.569258168518616	-0.479158930889274	-0.212360297726065	-0.77482554567038
-0.0680364806460471	-0.0773220692132039	-0.346468688506453	0.569355869532021	-0.477836132365571	-0.211019068572733	-0.773030311620976
-0.0665185340986359	-0.0759142310643364	-0.345859332115638	0.569435439590287	-0.476507451768371	-0.209682635591428	-0.771225105368085
-0.0650096130073192	-0.0745176312828093	-0.345244202089158	0.569496898023504	-0.475172947437285	-0.208351023263013	-0.769409982392474
-0.0635097538720991	-0.0731322550796117	-0.344623325029793	0.569540264773285	-0.473832677754564	-0.207024255457573	-0.767584998263818
-0.0620189925403696	-0.0717580871190189	-0.343996727430475	0.569565560393053	-0.472486701139183	-0.205702355437097	-0.765750208640887
-0.0605373642079468	-0.0703951115230283	-0.343364435676184	0.569572806048324	-0.471135076040991	-0.204385345858211	-0.763905669271723
-0.0590649034200884	-0.0690433118757778	-0.342726476045932	0.569562023517056	-0.469777860934952	-0.203073248774964	-0.76205143599388
-0.0576016440724895	-0.0677026712279582	-0.342082874714798	0.56953323519004	-0.468415114315441	-0.201766085641683	-0.760187564734646
-0.0561476194122719	-0.066373172101223	-0.341433657756037	0.569486464071304	-0.46704689469063	-0.200463877315852	-0.758314111511307
-0.0547028620389609	-0.0650547964925955	-0.340778851143267	0.569421733778597	-0.465673260576954	-0.199166644061082	-0.756431132431452
-0.0532674039054374	-0.0637475258788578	-0.340118480752701	0.569339068543878	-0.464294270493634	-0.197874405550102	-0.754538683693264
-0.0518412763188854	-0.0624513412209482	-0.339452572365456	0.569238493213863	-0.462909982957302	-0.196587180867819	-0.752636821585868
-0.0504245099417168	-0.0611662229683404	-0.338781151669914	0.569120033250596	-0.461520456476681	-0.195304988514426	-0.750725602489675
-0.0490171347924813	-0.0598921510634238	-0.338104244264154	0.568983714732075	-0.460125749547364	-0.194027846408557	-0.748805082876773
-0.047619180246763	-0.0586291049458763	-0.337421875658425	0.568829564352888	-0.458725920646647	-0.192755771890495	-0.746875319311307
-0.046230675038058	-0.0573770635570333	-0.3367340712777	0.568657609424921	-0.457321028228473	-0.191488781725433	-0.74493636844993
-0.044851647258635	-0.0561360053442417	-0.336040856464253	0.568467877878057	-0.455911130718414	-0.190226892106772	-0.742988287042216
-0.043482124360378	-0.0549059082652207	-0.335342256480322	0.568260398260961	-0.454496286508773	-0.188970118659486	-0.741031131931143
-0.0421221331556186	-0.0536867497924079	-0.334638296510802	0.568035199741851	-0.453076553953739	-0.187718476443514	-0.739064960053581
-0.0407716998179366	-0.0524785069173006	-0.33392900166599	0.567792312109323	-0.451651991364617	-0.186471979957211	-0.737089828440776
-0.0394308498829638	-0.0512811561547966	-0.333214396984396	0.567531765773226	-0.450222657005173	-0.185230643140847	-0.735105794218904
-0.0380996082491505	-0.0500946735475224	-0.332494507435576	0.567253591765534	-0.448788609087018	-0.183994479380143	-0.733112914609606
-0.0367779991785279	-0.0489190346701601	-0.331769357923026	0.566957821741263	-0.447349905765089	-0.182763501509852	-0.731111246930544
-0.0354660462974455	-0.0477542146337665	-0.331038973287121	0.566644487979442	-0.445906605133224	-0.181537721817397	-0.729100848596016
-0.0341637725972983	-0.0466001880900845	-0.330303378308087	0.566313623384071	-0.444458765219792	-0.180317152046535	-0.727081777117539
-0.0328712004352268	-0.0454569292358569	-0.329562597709019	0.565965261485137	-0.443006443983417	-0.179101803401074	-0.72505409010448
-0.0315883515348127	-0.0443244118171223	-0.328816656158941	0.565599436439653	-0.441549699308786	-0.177891686548633	-0.723017845264716
-0.0303152469867454	-0.0432026091335176	-0.328065578275896	0.565216183032715	-0.44008858900253	-0.176686811624435	-0.720973100405282
-0.0290519072494777	-0.0420914940425621	-0.32730938863008	0.564815536678593	-0.438623170789187	-0.175487188235146	-0.718919913433063
-0.0277983521498661	-0.0409910389639489	-0.326548111747004	0.564397533421841	-0.437153502307249	-0.174292825462756	-0.716858342355493
-0.0265546008837915	-0.0399012158838239	-0.325781772110695	0.563962209938439	-0.435679641105287	-0.173103731868491	-0.714788445281276
-0.0253206720167632	-0.0388219963590508	-0.325010394166923	0.563509603536957	-0.43420164463816	-0.171919915496777	-0.712710280421131
-0.024096583484512	-0.0377533515214922	-0.324234002326463	0.563039752159734	-0.432719570263301	-0.170741383879222	-0.710623906088545
-0.0228823525935591	-0.0366952520822614	-0.323452620968383	0.56255269438408	-0.431233475237084	-0.169568144038653	-0.708529380700539
-0.0216779960217806	-0.0356476683359834	-0.322666274443354	0.562048469423509	-0.429743416711276	-0.168400202493178	-0.706426762778472
-0.0204835298189455	-0.0346105701650442	-0.321874987077	0.561527117128981	-0.428249451729564	-0.16723756526029	-0.704316110948841
-0.0192989694072511	-0.0335839270438378	-0.321078783173255	0.560988677990167	-0.426751637224169	-0.166080237860998	-0.702197483944119
-0.0181243295818311	-0.0325677080430038	-0.320277687017756	0.560433193136728	-0.425250030012535	-0.164928225323999	-0.700070940603581
-0.016959624511262	-0.0315618818336576	-0.31947172288125	0.559860704339626	-0.423744686794103	-0.163781532189883	-0.697936539874187
-0.0158048677380494	-0.030566416691624	-0.318660915023021	0.559271254012419	-0.422235664147157	-0.162640162515358	-0.695794340811432
-0.0146600721791029	-0.0295812805016542	-0.317845287694336	0.558664885212599	-0.420723018525761	-0.161504119877524	-0.69364440258025
-0.0135252501261986	-0.0286064407616442	-0.317024865141917	0.558041641642945	-0.419206806256776	-0.16037340737817	-0.691486784455933
-0.01240041324643	-0.0276418645868405	-0.31619967161141	0.557401567652863	-0.417687083536938	-0.159248027648089	-0.689321545825035
-0.0112855725826483	-0.0266875187140495	-0.315369731350884	0.556744708239758	-0.416163906430045	-0.158127982851448	-0.687148746186318
-0.0101807385538915	-0.0257433695058293	-0.314535068614335	0.556071109050414	-0.414637330864196	-0.157013274690159	-0.684968445151712
-0.00908592095580267	-0.0248093829546852	-0.313695707665207	0.555380816382382	-0.413107412629131	-0.155903904408299	-0.682780702447275
-0.00800112896104011	-0.0238855246872545	-0.312851672779917	0.554673877185371	-0.411574207373637	-0.15479987279654	-0.680585577914187
-0.00692637111967513	-0.0229717599684842	-0.312002988251392	0.553950339062653	-0.410037770603035	-0.153701180196619	-0.678383131509732
-0.00586165535958868	-0.0220680537058052	-0.311149678392609	0.55321025027247	-0.408498157676745	-0.152607826505821	-0.676173423308321
-0.00480698898685229	-0.0211743704532973	-0.310291767540152	0.552453659729455	-0.406955423805943	-0.151519811181497	-0.673956513502521
-0.00376237868610747	-0.020290674415853	-0.30942928005776	0.55168061700604	-0.405409624051266	-0.150437133245594	-0.671732462404079
-0.00272783052093569	-0.0194169294533283	-0.308562240339888	0.550891172333886	-0.403860813320634	-0.149359791289222	-0.669501330444993
-0.00170334993422747	-0.0185530990846892	-0.307690672815263	0.550085376605297	-0.402309046367108	-0.148287783477225	-0.667263178178556
-0.000688941748539319	-0.0176991464921538	-0.306814601950451	0.549263281374654	-0.40075437778686	-0.147221107552791	-0.665018066280457
0.000315389833544068	-0.0168550345253302	-0.305934052253411	0.548424938859829	-0.399196862017203	-0.146159760842072	-0.662766055549854
0.0013096412290618	-0.0160207257053334	-0.305049048277053	0.547570401943608	-0.397636553334688	-0.145103740258823	-0.660507206910478
0.00229380947431936	-0.0151961822289165	-0.304159614622802	0.546699724175114	-0.396073505853309	-0.144053042309064	-0.65824158141176
0.00326789222454184	-0.0143813659725774	-0.303265775944141	0.545812959771216	-0.394507773522745	-0.14300766309576	-0.655969240229943
0.00423188775352516	-0.0135762384966688	-0.30236755695016	0.54491016361794	-0.392939410126703	-0.141967598323509	-0.653690244669222
0.00518579495328485	-0.0127807610494922	-0.301464982409093	0.543991391271871	-0.391368469281329	-0.140932843303262	-0.651404656162893
0.0061296133337093	-0.0119948945713972	-0.300558077151857	0.543056698961554	-0.389795004433688	-0.139903392957046	-0.649112536274516
0.00706334302220548	-0.0112185996988581	-0.299646866075569	0.54210614358887	-0.388219068860327	-0.138879241822702	-0.646813946699072
0.00798698476334538	-0.010451836768558	-0.29873137414706	0.541139782730425	-0.386640715665908	-0.137860384058644	-0.644508949264157
0.00890053991851242	-0.0096945658214536	-0.297811626406376	0.540157674638901	-0.385059997781903	-0.136846813448625	-0.642197605931147
0.00980401046553287	-0.0089467466068369	-0.296887647970273	0.539159878244427	-0.383476967965386	-0.135838523406519	-0.63987997879642
0.0106973989983153	-0.0082083385863941	-0.295959464035685	0.538146453155902	-0.381891678797868	-0.134835506981109	-0.637556130092543
0.0115807087264739	-0.00747930093824479	-0.295027099883195	0.537117459662334	-0.380304182684232	-0.133837756860893	-0.635226122189503
0.0124539434749489	-0.00675959256098465	-0.294090580880472	0.536072958734134	-0.378714531851709	-0.132845265378891	-0.632890017595906
0.0133171076836238	-0.00604917207771521	-0.293149932485708	0.535013012024426	-0.377122778348956	-0.131858024517472	-0.630547878960231
0.0141702064069187	-0.00534799784006064	-0.292205180251029	0.533937681870308	-0.375528974045175	-0.130876025913176	-0.628199769072057
0.015013245313393	-0.00465602793218747	-0.29125634982588	0.532847031294106	-0.373933170629327	-0.129899260861556	-0.625845750863305
0.0158462306853241	-0.00397322017480359	-0.290303466960415	0.531741124004619	-0.372335419609393	-0.128927720322016	-0.623485887409499
0.0166691694182792	-0.00329953212915759	-0.289346557508831	0.530620024398312	-0.370735772311713	-0.127961394922664	-0.621120241931007
0.0174820690206712	-0.00263492110102285	-0.288385647432716	0.529483797560525	-0.369134279880404	-0.127000274965161	-0.618748877794329
0.0182849376133093	-0.00197934414467782	-0.287420762804347	0.52833250926662	-0.367530993276818	-0.126044350429584	-0.616371858513341
0.0190777839289226	-0.0013327580668744	-0.286451929809979	0.527166225983124	-0.365925963279089	-0.125093610979281	-0.613989247750587
0.0198606173116781	-0.000695119430795532	-0.285479174753106	0.525985014868847	-0.364319240481743	-0.12414804596574	-0.61160110931855
0.0206334477166806	-6.63845600092218e-05	-0.284502524057692	0.524788943775951	-0.36271087529536	-0.123207644433454	-0.609207507180933
0.0213962857094468	0.000553490457594576	-0.28352200427139	0.523578081251023	-0.361100917946321	-0.122272395124784	-0.606808505453962
0.0221491424653756	0.00116454976587296	-0.282537642068708	0.522352496536078	-0.359489418476593	-0.121342286484833	-0.604404168407651
0.0228920297691822	0.00176683773650456	-0.281549464254176	0.521112259569562	-0.357876426743605	-0.120417306666306	-0.60199456046712
0.0236249600143267	0.00236039896508297	-0.280557497765461	0.519857440987307	-0.356261992420165	-0.119497443534377	-0.599579746213874
0.0243479462024101	0.00294527826721582	-0.279561769676465	0.518588112123454	-0.354646164994452	-0.118582684671559	-0.597159790387112
0.0250610019425551	0.00352152067463045	-0.278562307200392	0.517304345011354	-0.353028993770066	-0.11767301738256	-0.594734757885032
0.0257641414507588	0.00408917143129657	-0.277559137692775	0.516006212384398	-0.35141052786613	-0.116768428699136	-0.592304713766116
0.0264573795492234	0.0046482759895578	-0.276552288654474	0.514693787676848	-0.349790816217465	-0.115868905384956	-0.589869723250444
0.0271407316656587	0.00519888000626736	-0.27554178773465	0.513367145024605	-0.34816990757482	-0.114974433940442	-0.587429851721001
0.0278142138325639	0.00574102933894844	-0.274527662733693	0.512026359265955	-0.346547850505155	-0.114085000607615	-0.584985164724976
0.028477842686474	0.00627477004195015	-0.273509941606116	0.510671505942239	-0.344924693391979	-0.113200591374933	-0.582535727975053
0.0291316354671841	0.00680014836262531	-0.272488652463427	0.509302661298533	-0.343300484435769	-0.112321191982118	-0.58008160735074
0.0297756100169423	0.00731721073751546	-0.271463823576947	0.507919902284234	-0.341675271654411	-0.111446787924981	-0.577622868899642
0.0304097847796095	0.00782600378855084	-0.270435483380608	0.506523306553641	-0.340049102883726	-0.110577364460238	-0.575159578838789
0.031034178799792	0.00832657431925266	-0.269403660473695	0.505112952466446	-0.338422025778027	-0.109712906610306	-0.5726918035559
0.0316488117219383	0.00881896931096271	-0.268368383623567	0.503688919088229	-0.336794087810748	-0.108853399168107	-0.570219609610703
0.0322537037894048	0.00930323591906984	-0.267329681768331	0.502251286190861	-0.335165336275118	-0.107998826701848	-0.567743063736218
0.0328488758434895	0.00977942146925765	-0.266287584019474	0.500800134252888	-0.333535818284889	-0.107149173559798	-0.565262232840041
0.0334343493224196	0.0102475734537626	-0.265242119664465	0.499335544459842	-0.331905580775117	-0.106304423875044	-0.562777184005635
0.034010146260317	0.0107077395276416	-0.2641933181693	0.497857598704512	-0.330274670502988	-0.105464561570244	-0.5602879844936
0.0345762892861176	0.0111599675050571	-0.263141209181023	0.496366379587161	-0.328643134048702	-0.104629570362363	-0.557794701742952
0.0351328016224568	0.0116043053555706	-0.262085822530196	0.494861970415696	-0.327011017816409	-0.103799433767397	-0.5552974033724
0.0356797070845094	0.0120408012004531	-0.261027188233321	0.493344455205751	-0.325378368035174	-0.102974135105075	-0.552796157181583
0.0362170300787988	0.0124695033090034	-0.259965336495235	0.491813918680768	-0.323745230760015	-0.102153657503556	-0.550291031152359
0.0367447956019583	0.0128904600948878	-0.258900297711443	0.490270446271967	-0.322111651872974	-0.101337983904109	-0.547782093450029
0.0372630292394538	0.0133037201124812	-0.257832102470421	0.48871412411829	-0.320477677084233	-0.10052709706577	-0.545269412424587
0.0377717571642615	0.0137093320532359	-0.256760781555868	0.487145039066279	-0.318843351933285	-0.099720979569988	-0.54275305661196
0.0382710061355032	0.0141073447420535	-0.255686365948913	0.485563278669884	-0.317208721790137	-0.0989196138252499	-0.540233094735223
0.038760803497039	0.0144978071336733	-0.254608886830275	0.483968931190224	-0.315573831856571	-0.0981229820716938	-0.537709595705823
0.0392411771760097	0.0148807683090783	-0.253528375582382	0.48236208559527	-0.313938727167432	-0.0973310663856965	-0.535182628624783
0.0397121556813369	0.0152562774719108	-0.252444863791438	0.480742831559476	-0.31230345259197	-0.0965438486844429	-0.532652262783896
0.0401737681021773	0.0156243839449047	-0.251358383249443	0.479111259463346	-0.310668052835222	-0.0957613107304822	-0.53011856766692
0.0406260441063228	0.015985137166332	-0.250268965956179	0.477467460392933	-0.309032572439435	-0.094983434136258	-0.527581612950757
0.0410690139385575	0.016338586686462	-0.24917664412112	0.475811526139256	-0.307397055785511	-0.0942102003686145	-0.5250414685066
0.0415027084189645	0.0166847821640412	-0.248081450165325	0.474143549197688	-0.305761547094527	-0.0934415907532939	-0.522498204401112
0.0419271589411791	0.0170237733627768	-0.246983416723256	0.472463622767219	-0.30412609042925	-0.0926775864793947	-0.51995189089754
0.042342397470593	0.0173556101478481	-0.245882576644569	0.470771840749715	-0.302490729695726	-0.0919181686038235	-0.517402598456864
0.0427484565425075	0.0176803424824232	-0.244778962995844	0.46906829774906	-0.300855508644889	-0.0911633180557164	-0.514850397738913
0.0431453692602339	0.0179980204241976	-0.243672609062259	0.467353089070238	-0.299220470874194	-0.0904130156408362	-0.512295359603448
0.0435331692931337	0.0183086941219418	-0.242563548349228	0.465626310718343	-0.297585659829307	-0.0896672420459453	-0.509737555111262
0.0439118908746208	0.0186124138120732	-0.24145181458399	0.463888059397548	-0.295951118805826	-0.0889259778431657	-0.507177055525266
0.0442815688000863	0.0189092298152334	-0.240337441717123	0.462138432509934	-0.29431689095101	-0.0881892034942941	-0.504613932311523
0.0446422384247893	0.0191991925328867	-0.23922046392404	0.460377528154309	-0.292683019265571	-0.0874568993551107	-0.502048257140305
0.0449939356616767	0.0194823524439367	-0.238100915606408	0.458605445124915	-0.291049546605479	-0.0867290456796505	-0.499480101887115
0.0453366969791541	0.0197587601013544	-0.236978831393535	0.45682228291008	-0.289416515683809	-0.0860056226244555	-0.496909538633706
0.0456705593987955	0.0200284661288249	-0.235854246143688	0.455028141690772	-0.287783969072603	-0.0852866102527955	-0.494336639669063
0.0459955604929944	0.0202915212174094	-0.23472719494537	0.453223122339091	-0.286151949204774	-0.084571988538864	-0.491761477490382
0.0463117383825583	0.0205479761222205	-0.233597713118546	0.451407326416681	-0.284520498376032	-0.083861737371948	-0.489184124804035
0.0466191317342459	0.0207978816591228	-0.232465836215813	0.449580856173068	-0.282889658746843	-0.0831558365605692	-0.486604654526511
0.0469177797582362	0.0210412887014429	-0.231331600023511	0.447743814543898	-0.281259472344402	-0.0824542658365951	-0.484023139785328
0.0472077222055459	0.0212782481766913	-0.230195040562801	0.445896305149119	-0.279629981064647	-0.0817570048593259	-0.481439653919944
0.0474889993653801	0.0215088110633165	-0.229056194090662	0.444038432291063	-0.278001226674278	-0.0810640332195462	-0.478854270482632
0.0477616520624279	0.0217330283874606	-0.227915097100877	0.442170300952486	-0.276373250812839	-0.0803753304435592	-0.476267063239376
0.0480257216540838	0.0219509512197381	-0.226771786324906	0.440292016794439	-0.274746094994755	-0.0796908759971726	-0.473678106170652
0.0482812500276212	0.0221626306720364	-0.225626298732773	0.438403686154173	-0.273119800611471	-0.0790106492896761	-0.471087473472316
0.0485282795972944	0.0223681178943212	-0.224478671533847	0.436505416042868	-0.271494408933551	-0.078334629677772	-0.468495239556368
0.0487668533013756	0.0225674640714708	-0.223328942177602	0.43459731414332	-0.269869961112831	-0.0776627964694849	-0.465901479051742
0.0489970145991371	0.0227607204201236	-0.222177148354307	0.432679488807543	-0.268246498184576	-0.076995128928037	-0.463306266805068
0.0492188074677588	0.0229479381855402	-0.221023327995668	0.430752049054268	-0.266624061069662	-0.0763316062756914	-0.460709677881401
0.0494322763991773	0.0231291686384869	-0.219867519275424	0.428815104566382	-0.265002690576781	-0.0756722076975674	-0.458111787564944
0.0496374663968701	0.0233044630721322	-0.218709760609874	0.426868765688259	-0.263382427404651	-0.0750169123454226	-0.455512671359733
0.0498344229725717	0.0234738727989679	-0.217550090658366	0.42491314342302	-0.261763312144254	-0.0743656993414009	-0.452912404990301
0.0500231921429265	0.0236374491477397	-0.216388548323727	0.422948349429706	-0.260145385281089	-0.0737185477817528	-0.450311064402334
0.0502038204260751	0.0237952434604016	-0.21522517275264	0.420974496020359	-0.258528687197434	-0.0730754367405207	-0.447708725763285
0.0503763548381718	0.0239473070890833	-0.214060003335957	0.418991696157001	-0.256913258174616	-0.0724363452731885	-0.445105465462953
0.0505408428898463	0.0240936913930831	-0.212893079708995	0.417000063448593	-0.255299138395336	-0.0718012524203119	-0.442501360114101
0.05069733258258	0.0242344477358636	-0.211724441751716	0.414999712147779	-0.253686367945922	-0.0711701372110899	-0.439896486552926
0.0508458724050363	0.0243696274820853	-0.210554129588935	0.412990757147706	-0.252074986818708	-0.0705429786669357	-0.437290921839666
0.05098651132931	0.0244992819946416	-0.2093821835904	0.410973313978618	-0.250465034914321	-0.0699197558049887	-0.434684743259035
0.0511192988071158	0.024623462631721	-0.208208644370867	0.408947498804432	-0.24885655204404	-0.0693004476416023	-0.432078028320718
0.0512442847659063	0.0247422207438802	-0.207033552790096	0.406913428419196	-0.247249577932135	-0.0686850331957984	-0.429470854759791
0.0513615196049268	0.024855607671144	-0.205856949952822	0.404871220243503	-0.245644152218239	-0.0680734914926899	-0.426863300537171
0.051471054191203	0.0249636747401169	-0.204678877208649	0.40282099232077	-0.244040314459718	-0.0674658015668657	-0.424255443839993
0.0515729398554526	0.025066473261112	-0.203499376151897	0.400762863313435	-0.242438104134032	-0.0668619424657398	-0.421647363081955
0.0516672283879439	0.0251640545253045	-0.202318488621412	0.398696952499102	-0.240837560641134	-0.0662618932528734	-0.419039136903688
0.0517539720342745	0.0252564698018975	-0.201136256700298	0.396623379766547	-0.239238723305846	-0.065665633011254	-0.416430844173023
0.0518332234910904	0.0253437703353047	-0.19995272271563	0.394542265611679	-0.23764163138027	-0.0650731408465482	-0.413822563985313
0.0519050359017346	0.0254260073423631	-0.198767929238089	0.392453731133395	-0.236046324046176	-0.0644843958903135	-0.41121437566366
0.0519694628518314	0.0255032320095438	-0.197581919081564	0.390357898029346	-0.234452840417418	-0.0638993773031802	-0.408606358759158
0.0520265583647994	0.0255754954902026	-0.196394735302682	0.388254888591606	-0.232861219542331	-0.0633180642779954	-0.405998593051069
0.0520763768973021	0.0256428489018328	-0.195206421200321	0.38614482570229	-0.231271500406158	-0.0627404360429342	-0.403391158547016
0.0521189733346291	0.0257053433233434	-0.194017020315031	0.384027832829028	-0.229683721933447	-0.0621664718645738	-0.400784135483099
0.0521544029860148	0.0257630297923558	-0.192826576428453	0.38190403402042	-0.22809792299049	-0.0615961510509378	-0.398177604324039
0.0521827215798833	0.0258159593025154	-0.191635133562634	0.379773553901324	-0.226514142387715	-0.0610294529544978	-0.395571645763211
0.0522039852590364	0.0258641828008238	-0.190442735979347	0.377636517668137	-0.224932418882122	-0.0604663569751466	-0.392966340722746
0.0522182505757707	0.0259077511849901	-0.189249428179323	0.375493051083939	-0.223352791179701	-0.0599068425631366	-0.390361770353534
0.0522255744869287	0.0259467153007966	-0.188055254901454	0.373343280473564	-0.221775297937842	-0.059350889221978	-0.387758016035222
0.0522260143488898	0.0259811259394887	-0.186860261121939	0.37118733271859	-0.220199977767755	-0.0587984765113056	-0.385155159376172
0.0522196279124904	0.0260110338351746	-0.185664492053393	0.369025335252244	-0.218626869236888	-0.0582495840497124	-0.382553282213419
0.052206473317886	0.0260364896622538	-0.184467993143892	0.366857416054214	-0.217056010871338	-0.0577041915175442	-0.379952466612558
0.0521866090893408	0.0260575440328517	-0.183270810075978	0.364683703645367	-0.215487441158247	-0.0571622786596602	-0.377352794867614
0.0521600941299699	0.0260742474942879	-0.182072988765643	0.362504327082445	-0.213921198548242	-0.056623825288166	-0.374754349500934
0.0521269877163955	0.0260866505265422	-0.180874575361212	0.360319415952571	-0.212357321457797	-0.0560888112850977	-0.37215721326295
0.0520873494933616	0.0260948035397608	-0.179675616242231	0.358129100367774	-0.210795848271657	-0.0555572166050844	-0.369561469132002
0.0520412394682764	0.0260987568717613	-0.178476158018291	0.355933510959376	-0.209236817345223	-0.0550290212779719	-0.366967200314093
0.0519887180056956	0.0260985607855715	-0.177276247527799	0.353732778872313	-0.207680267006941	-0.0545042054114075	-0.36437449024261
0.0519298458217424	0.0260942654669731	-0.176075931836718	0.351527035759372	-0.206126235560676	-0.0539827491933956	-0.361783422578029
0.0518646839784715	0.026085921022074	-0.17487525823725	0.349316413775345	-0.204574761288091	-0.0534646328948164	-0.359194081207575
0.051793293878173	0.0260735774748916	-0.173674274246497	0.347101045571128	-0.203025882451018	-0.0529498368719139	-0.356606550244884
0.0517157372576134	0.0260572847649591	-0.172473027605054	0.344881064287708	-0.201479637293817	-0.0524383415687434	-0.354020914029604
0.0516320761822208	0.0260370927449425	-0.171271566275572	0.342656603550076	-0.199936064045713	-0.0519301275195884	-0.351437257126954
0.0515423730402147	0.0260130511782852	-0.170069938441283	0.340427797461096	-0.198395200923162	-0.0514251753513461	-0.348855664327315
0.0514466905366755	0.0259852097368624	-0.168868192504478	0.338194780595266	-0.19685708613217	-0.0509234657858745	-0.346276220645729
0.0513450916875584	0.025953617998658	-0.167666377084938	0.335957687992403	-0.195321757870621	-0.0504249796423074	-0.343699011321392
0.0512376398136542	0.0259183254454556	-0.166464541018341	0.33371665515128	-0.193789254330592	-0.0499296978393369	-0.341124121817127
0.051124398534496	0.0258793814605531	-0.165262733354615	0.33147181802317	-0.192259613700663	-0.0494376013974627	-0.338551637818822
0.0510054317622083	0.0258368353264871	-0.164061003356264	0.329223313005323	-0.19073287416821	-0.0489486714412066	-0.335981645234834
0.0508808036953047	0.0257907362227807	-0.162859400496632	0.32697127693435	-0.189209073921676	-0.0484628892012905	-0.333414230195349
0.0507505788124367	0.0257411332237076	-0.161657974458165	0.324715847079589	-0.18768825115286	-0.0479802360167916	-0.330849479051762
0.0506148218660897	0.0256880752960736	-0.160456775130603	0.32245716113635	-0.186170444059166	-0.0475006933372545	-0.328287478375977
0.0504735978762268	0.0256316112970143	-0.159255852609156	0.320195357219114	-0.184655690845857	-0.0470242427247753	-0.325728314959706
0.0503269721238865	0.0255717899718129	-0.15805525719263	0.317930573854665	-0.183144029728284	-0.0465508658560533	-0.323172075813734
0.0501750101447313	0.0255086599517331	-0.156855039381533	0.315662949975162	-0.18163549893412	-0.0460805445244113	-0.320618848167162
0.0500177777225489	0.0254422697518707	-0.155655249876125	0.313392624911122	-0.180130136705552	-0.045613260641779	-0.318068719466604
0.049855340882707	0.0253726677690208	-0.15445593957446	0.311119738384374	-0.178627981301495	-0.0451489962406502	-0.315521777375384
0.0496877658855645	0.0252999022795668	-0.153257159570368	0.308844430500921	-0.177129070999762	-0.044687733476007	-0.312978109772678
0.0495151192198364	0.0252240214373805	-0.152058961151425	0.30656684174376	-0.175633444099236	-0.0442294546272093	-0.310437804752654
0.0493374675959194	0.0251450732717439	-0.150861395796879	0.304287112965637	-0.174141138922026	-0.0437741420998583	-0.307900950623571
0.0491548779391712	0.0250631056852856	-0.149664515175547	0.302005385381733	-0.172652193815597	-0.0433217784276226	-0.305367635906847
0.0489674173831542	0.0249781664519375	-0.148468371143687	0.299721800562322	-0.171166647154906	-0.0428723462740424	-0.302837949336122
0.0487751532628358	0.0248903032149047	-0.147273015742833	0.297436500425343	-0.169684537344502	-0.0424258284342923	-0.30031197985628
0.0485781531077508	0.024799563484653	-0.146078501197594	0.295149627228917	-0.168205902820615	-0.0419822078369224	-0.297789816622428
0.0483764846351325	0.0247059946369198	-0.144884879913452	0.292861323563866	-0.166730782053249	-0.0415414675455676	-0.295271548998913
0.0481702157429967	0.0246096439107298	-0.143692204474489	0.290571732346083	-0.16525921354822	-0.0411035907606213	-0.292757266558215
0.047959414503207	0.0245105584064418	-0.142500527641142	0.288280996808976	-0.163791235849229	-0.040668560820891	-0.290247059079938
0.0477441491544889	0.0244087850837984	-0.141309902347864	0.28598926049573	-0.16232688753986	-0.0402363612052088	-0.287741016549648
0.0475244880954267	0.0243043707600042	-0.140120381700825	0.283696667251638	-0.160866207245611	-0.0398069755340295	-0.285239229157791
0.0473004998774247	0.0241973621078146	-0.138932018975546	0.281403361216329	-0.15940923363589	-0.0393803875709881	-0.282741787298548
0.0470722531976335	0.0240878056536412	-0.137744867614522	0.279109486815947	-0.157956005425974	-0.0389565812244318	-0.28024878156864
0.0468398168918597	0.0239757477756774	-0.136558981224825	0.276815188755331	-0.156506561378993	-0.0385355405489278	-0.27776030276617
0.0466032599274389	0.0238612347020379	-0.135374413575676	0.274520612010106	-0.155060940307854	-0.0381172497467362	-0.275276441889388
0.0463626513960873	0.0237443125089137	-0.134191218595997	0.272225901818761	-0.153619181077166	-0.0377016931692587	-0.272797290135458
0.0461180605067362	0.0236250271187513	-0.13300945037196	0.269931203674726	-0.152181322605172	-0.0372888553184648	-0.27032293889924
0.0458695565783305	0.0235034242984371	-0.131829163144478	0.267636663318323	-0.150747403865604	-0.0368787208482787	-0.267853479771963
0.0456172090326148	0.0233795496575048	-0.130650411306709	0.265342426728764	-0.149317463889572	-0.0364712745659477	-0.265389004539956
0.045361087386906	0.0232534486463633	-0.129473249401537	0.263048640116108	-0.147891541767422	-0.0360665014333868	-0.262929605183348
0.0451012612468333	0.023125166554532	-0.128297732119014	0.260755449913142	-0.146469676650553	-0.0356643865684856	-0.260475373874705
0.0448378002990757	0.0229947485088988	-0.127123914293812	0.258463002767289	-0.145051907753251	-0.0352649152464005	-0.258026402977699
0.0445707743040754	0.0228622394719939	-0.125951850902641	0.256171445532457	-0.143638274354474	-0.0348680729008135	-0.255582785045733
0.0443002530887423	0.0227276842402773	-0.124781597061651	0.253880925260869	-0.142228815799632	-0.0344738451251681	-0.25314461282054
0.044026306539147	0.0225911274424461	-0.123613208023834	0.251591589194887	-0.140823571502352	-0.0340822176738801	-0.250711979230797
0.0437490045932013	0.0224526135377568	-0.1224467391764	0.249303584758803	-0.139422580946214	-0.0336931764635237	-0.248284977390698
0.0434684172333331	0.0223121868143644	-0.121282246038141	0.247017059550613	-0.138025883686478	-0.0333067075739909	-0.245863700598513
0.0431846144791486	0.022169891387676	-0.120119784256781	0.244732161333762	-0.136633519351775	-0.0329227972496245	-0.243448242335127
0.0428976663800978	0.0220257711987247	-0.118959409606326	0.242449038028916	-0.135245527645803	-0.0325414319003345	-0.241038696262591
0.0426076430081282	0.0218798700125571	-0.117801177984387	0.240167837705666	-0.133861948348983	-0.0321625981026819	-0.238635156222617
0.042314614450343	0.0217322314166382	-0.116645145409513	0.237888708574286	-0.132482821320115	-0.031786282600946	-0.236237716235116
0.0420186508016494	0.0215828988192715	-0.115491368018485	0.235611798977397	-0.131108186497982	-0.0314124723081574	-0.233846470496637
0.0417198221574219	0.0214319154480397	-0.114339902063644	0.233337257381726	-0.12973808390298	-0.0310411543071233	-0.231461513378897
0.0414181986061549	0.0212793243482559	-0.113190803910168	0.231065232369778	-0.128372553638692	-0.0306723158514168	-0.22908293942721
0.0411138502221286	0.0211251683814371	-0.112044130033375	0.228795872631548	-0.127011635893453	-0.0303059443663474	-0.22671084335896
0.0408068470580768	0.0209694902237905	-0.110899937016005	0.226529326956228	-0.12565537094191	-0.0299420274499139	-0.224345320062041
0.0404972591378632	0.0208123323647164	-0.109758281545493	0.224265744223886	-0.124303799146531	-0.0295805528737249	-0.221986464593272
0.0401851564491724	0.020653737105334	-0.108619220411267	0.222005273397225	-0.122956960959142	-0.0292215085839107	-0.219634372176862
0.0398706089362017	0.0204937465570129	-0.107482810501994	0.219748063513234	-0.121614896922382	-0.0288648827019991	-0.217289138202771
0.0395536864923778	0.0203324026399322	-0.106349108802875	0.217494263674964	-0.120277647671203	-0.0285106635257839	-0.214950858225158
0.0392344589530765	0.0201697470816478	-0.105218172392895	0.215244023043215	-0.118945253934295	-0.0281588395301573	-0.212619627960742
0.0389129960883731	0.0200058214156854	-0.104090058442114	0.212997490828329	-0.117617756535541	-0.0278093993679377	-0.210295543287235
0.038589367595796	0.0198406669801406	-0.102964824208921	0.210754816281912	-0.116295196395407	-0.0274623318706627	-0.207978700241688
0.0382636430931118	0.0196743249163045	-0.101842527037313	0.20851614868863	-0.114977614532346	-0.0271176260493695	-0.205669195018886
0.0379358921111264	0.0195068361673017	-0.100723224354165	0.206281637358004	-0.113665052064167	-0.0267752710953536	-0.203367123969719
0.0376061840865114	0.019338241476747	-0.0996069736665108	0.204051431616226	-0.112357550209387	-0.0264352563809058	-0.20107258359955
0.037274588354654	0.0191685813874171	-0.0984938325588146	0.201825680797987	-0.111055150288559	-0.0260975714600299	-0.198785670566563
0.0369411741425389	0.018997896239945	-0.0973838586902675	0.199604534238368	-0.109757893725596	-0.025762206069144	-0.196506481680151
0.0366060105616528	0.0188262261715258	-0.0962771097920667	0.197388141264714	-0.108465822049058	-0.0254291501277579	-0.194235113899246
0.0362691666009263	0.0186536111146449	-0.0951736436647236	0.195176651188577	-0.107178976893434	-0.0250983937391356	-0.191971664330699
0.0359307111197005	0.018480090795819	-0.0940735181753562	0.192970213297652	-0.105897400000386	-0.0247699271909344	-0.189716230227612
0.0355907128407342	0.0183057047343594	-0.092976791255007	0.19076897684778	-0.104621133219996	-0.0244437409558291	-0.1874689089877
0.0352492403432441	0.0181304922411495	-0.0918835208959597	0.188573091054969	-0.103350218511976	-0.0241198256921163	-0.185229798151638
0.0349063620559856	0.0179544924174456	-0.0907937651490764	0.186382705087471	-0.102084697946875	-0.0237981722443006	-0.18299899540143
0.0345621462503705	0.0177777441536893	-0.0897075821211334	0.184197968057882	-0.10082461370725	-0.0234787716436633	-0.180776598558748
0.0342166610336232	0.01760028612834	-0.0886250299721667	0.182019029015279	-0.0995700080888246	-0.0231616151088092	-0.17856270558328
0.0338699743419941	0.0174221568067338	-0.0875461669128582	0.179846036937459	-0.0983209235016464	-0.0228466940462057	-0.176357414571131
0.0335221539339951	0.0172433944399454	-0.0864710512018828	0.177679140723123	-0.0970774024711821	-0.0225340000506886	-0.174160823753124
0.0331732673837023	0.017064037063683	-0.0853997411433161	0.175518489184202	-0.0958394876394364	-0.0222235249059658	-0.171973031493199
0.032823382074102	0.0168841224971978	-0.0843322950840499	0.173364231038222	-0.0946072217660476	-0.0219152605850969	-0.169794136286803
0.0324725651904792	0.0167036883422071	-0.0832687714111914	0.171216514900662	-0.0933806477293299	-0.021609199250954	-0.167624236759224
0.0321208837138654	0.0165227719818438	-0.0822092285495111	0.169075489277429	-0.0921598085273309	-0.0213053332566676	-0.165463431663988
0.0317684044145398	0.016341410579622	-0.0811537249588936	0.166941302557365	-0.0909447472788571	-0.0210036551460563	-0.163311819881246
0.0314151938455892	0.0161596410784242	-0.0801023191318211	0.164814103004849	-0.0897355072244964	-0.0207041576540424	-0.161169500416185
0.0310613183365152	0.0159775001995051	-0.079055069590847	0.162694038752398	-0.0885321317275892	-0.0204068337070423	-0.159036572397401
0.0307068439869133	0.015795024441519	-0.0780120348861197	0.160581257793401	-0.0873346642752185	-0.0201116764233506	-0.156913135075335
0.0303518366602032	0.0156122500795641	-0.0769732735929032	0.158475907974867	-0.0861431484791516	-0.0198186791135001	-0.154799287820673
0.0299963619774272	0.0154292131642508	-0.0759388443091313	0.156378136990276	-0.0849576280767814	-0.0195278352806099	-0.152695130122783
0.0296404853111133	0.0152459495207873	-0.0749088056529827	0.154288092372491	-0.0837781469320462	-0.0192391386207159	-0.150600761588156
0.0292842717792048	0.0150624947480917	-0.0738832162604803	0.152205921486758	-0.0826047490363334	-0.0189525830230869	-0.148516281938869
0.0289277862390512	0.014878884217915	-0.0728621347830956	0.150131771523735	-0.0814374785093459	-0.0186681625705193	-0.146441791011013
0.0285710932814821	0.0146951530739986	-0.0718456198854085	0.148065789492667	-0.0802763795999856	-0.0183858715396243	-0.144377388753208
0.028214257224939	0.0145113362312428	-0.0708337302427595	0.146008122214582	-0.0791214966871819	-0.018105704401091	-0.142323175225054
0.0278573421096911	0.0143274683749032	-0.0698265245389552	0.143958916315612	-0.077972874280733	-0.0178276558199397	-0.140279250595662
0.0275004116921206	0.0141435839598075	-0.0688240614639794	0.141918318220371	-0.0768305570221082	-0.0175517206557558	-0.13824571514215
0.0271435294390898	0.0139597172095965	-0.067826399711752	0.139886474145453	-0.0756945896852544	-0.0172778939629122	-0.136222669248197
0.0267867585223734	0.0137759021159824	-0.0668335979778764	0.137863530092942	-0.0745650171773414	-0.017006170990766	-0.13421021340254
0.0264301618131933	0.0135921724380392	-0.0658457149574723	0.135849631844131	-0.0734418845395531	-0.0167365471838545	-0.132208448197593
0.0260738018768169	0.0134085617015093	-0.0648628093429919	0.133844924953237	-0.0723252369478116	-0.0164690181820635	-0.130217474327993
0.0257177409672453	0.0132251031981375	-0.0638849398220803	0.131849554741243	-0.0712151197134972	-0.0162035798207842	-0.128237392589198
0.025362041021988	0.0130418299850262	-0.0629121650754722	0.129863666289849	-0.0701115782841601	-0.0159402281310539	-0.126268303876106
0.0250067636569228	0.0128587748840196	-0.0619445437749125	0.127887404435506	-0.0690146582442045	-0.0156789593396818	-0.124310309181683
0.0246519701612503	0.01267597048111	-0.060982134581122	0.12592091376358	-0.0679244053155726	-0.0154197698693608	-0.122363509595635
0.0242977214925244	0.0124934491258661	-0.0600249961417643	0.123964338602552	-0.066840865358374	-0.0151626563387555	-0.120428006303036
0.0239440782717906	0.0123112429308936	-0.0590731870894838	0.122017823018409	-0.0657640843715418	-0.0149076155625846	-0.118503900583055
0.0235911007788123	0.0121293837713178	-0.0581267660399606	0.120081510809093	-0.0646941084934514	-0.0146546445516822	-0.116591293807665
0.0232388489473842	0.0119479032842902	-0.0571857915899838	0.118155545499044	-0.0636309840025067	-0.0144037405130407	-0.114690287440344
0.0228873823607599	0.0117668328685289	-0.0562503223156015	0.116240070333924	-0.0625747573177518	-0.0141549008498455	-0.112800983034884
0.0225367602471591	0.0115862036838782	-0.0553204167702582	0.114335228275366	-0.0615254749994155	-0.0139081231614839	-0.110923482234114
0.0221870414753903	0.0114060466509017	-0.0543961334830099	0.112441161995915	-0.060483183749483	-0.0136634052435468	-0.109057886768746
0.0218382845505624	0.0112263924504983	-0.0534775309567427	0.110558013874022	-0.0594479304122139	-0.0134207450878058	-0.107204298456162
0.0214905476099114	0.0110472715235525	-0.0525646676664604	0.108685925989224	-0.0584197619746782	-0.0131801408821816	-0.105362819199296
0.0211438884187217	0.0108687140706068	-0.0516576020575825	0.106825040117377	-0.0573987255672445	-0.0129415910106898	-0.10353355098548
0.0207983643663625	0.0106907500515697	-0.0507563925443053	0.104975497726077	-0.0563848684640785	-0.0127050940533738	-0.10171659588537
0.0204540324624215	0.010513409185448	-0.0498610975079775	0.103137439970137	-0.0553782380835972	-0.012470648786217	-0.0999120560518377
0.0201109493329617	0.010336720950113	-0.0489717752955447	0.101311007687267	-0.0543788819889388	-0.0122382541810436	-0.0981200337189595
0.019769171216874	0.010160714582095	-0.0480884842180048	0.0994963413938132	-0.0533868478883834	-0.012007909405396	-0.0963406312009602
0.0194287539623535	0.00998541907641013	-0.0472112825489265	0.0976935812806667	-0.0524021836357787	-0.0117796138223984	-0.0945739508912338
0.0190897530234855	0.00981086318641876	-0.0463402285230016	0.095902867209302	-0.0514249372309451	-0.011553366990603	-0.0928200952613759
0.0187522234569498	0.00963707542371722	-0.0454753803346491	0.0941243387079581	-0.0504551568200714	-0.0113291686638191	-0.0910791668602623
0.0184162199188281	0.00946408405805503	-0.0446167961366251	0.0923581349678836	-0.0494928906960535	-0.0111070187909159	-0.0893512683130819
0.0180817966615567	0.00929191711729915	-0.0437645340387445	0.0906043948398595	-0.0485381872988939	-0.0108869175156241	-0.0876365023205366
0.0177490075309693	0.0091206023874164	-0.0429186521065747	0.0888632568307135	-0.0475910952160043	-0.0106688651763006	-0.0859349716579266
0.01741790596348	0.00895016741250076	-0.0420792083602199	0.0871348591000702	-0.0466516631825425	-0.0104528623056863	-0.0842467791743572
0.0170885449833826	0.00878063949483154	-0.0412462607731349	0.0854193394572125	-0.0457199400817171	-0.0102389096306415	-0.0825720277919473
0.0167609772002711	0.00861204569496513	-0.0404198672709805	0.0837168353580801	-0.0447959749450709	-0.0100270080718607	-0.0809108205050596
0.0164352548065939	0.00844441283186802	-0.0396000857305396	0.0820274839024451	-0.0438798169527643	-0.00981715874357168	-0.0792632603795924
0.0161114295753211	0.00827776748307887	-0.0387869739786563	0.0803514218311846	-0.042971515433817	-0.00960936295320902	-0.077629450552256
0.0157895528577572	0.00811213598491562	-0.0379805897912535	0.0786887855237735	-0.0420711198663688	-0.00940362220107614	-0.0760094942299472
0.0154696755814659	0.00794754443271282	-0.0371809908923662	0.0770397109958569	-0.0411786798778871	-0.00919993817997744	-0.0744034946890882
0.0151518482483365	0.00778401868110202	-0.0363882349532415	0.0754043338970195	-0.040294245245382	-0.00899831277483674	-0.0728115552750413
0.0148361209327781	0.00762158434432896	-0.0356023795914821	0.0737827895086976	-0.0394178658955974	-0.00879874806229157	-0.0712337794015466
0.0145225432800477	0.00746026679661013	-0.0348234823702379	0.0721752127422457	-0.038549591905187	-0.00860124631026734	-0.0696702705501899
0.0142111645047141	0.0073000911725314	-0.0340516007974491	0.0705817381371672	-0.0376894735008751	-0.0084058099775299	-0.0681211322699132
0.0139020333892532	0.0071410823674827	-0.0332867923251306	0.069002499859485	-0.0368375610595932	-0.00821244171321375	-0.0665864681765406
0.0135951982827897	0.00698326503814178	-0.0325291143487278	0.0674376317003209	-0.0359939051086238	-0.00802114435633422	-0.0650663819523851
0.0132907070999654	0.00682666360299124	-0.0317786242064932	0.065887267074572	-0.0351585563256941	-0.00783192093526855	-0.0635609773458286
0.0129886073199525	0.00667130224288272	-0.0310353791789298	0.0643515390197881	-0.0343315655390734	-0.00764477466721846	-0.0620703581709735
0.0126889459856114	0.00651720490164557	-0.030299436488293	0.0628305801952256	-0.0335129837276593	-0.00745970895765058	-0.0605946283073403
0.0123917697027841	0.00636439528673679	-0.0295708532981278	0.0613245228810398	-0.0327028620210322	-0.00727672739970952	-0.0591338916995757
0.0120971246397374	0.00621289686993802	-0.028849686712876	0.0598334989776772	-0.0319012516995122	-0.00709583377361054	-0.0576882523572269
0.0118050565267379	0.00606273288809292	-0.0281359937775038	0.0583576400053772	-0.0311082041941639	-0.00691703204600011	-0.056257814354496
0.0115156106557933	0.00591392634390001	-0.0274298314772338	0.056897077103947	-0.0303237710868428	-0.00674032636930333	-0.0548426818301294
0.0112288318805192	0.00576650000674182	-0.0267312567372758	0.0554519410326016	-0.0295480041101648	-0.00656572108103336	-0.0534429589872415
0.0109447646161636	0.00562047641356734	-0.0260403264226386	0.0540223621700323	-0.0287809551474904	-0.00639322070308102	-0.05205875009323
0.0106634528397871	0.00547587786982462	-0.0253570973380079	0.0526084705146766	-0.0280226762329044	-0.00622282994098053	-0.0506901594797532
0.010384940090578	0.00533272645043628	-0.0246816262276445	0.0512103956850977	-0.0272732195511439	-0.00605455368314112	-0.0493372915426826
0.010109269470329	0.0051910440008286	-0.0240139697753592	0.0498282669205842	-0.0265326374375324	-0.0058883970000556	-0.0480002507421342
0.00983648364406614	0.00505085213801168	-0.0233541846045443	0.0484622130819374	-0.0258009823779004	-0.00572436514348189	-0.046679141602548
0.00956662484082782	0.00491217225170932	-0.0227023272782489	0.0471123626524154	-0.0250783070084763	-0.00556246354559351	-0.0453740687127818
0.00929973485459947	0.00477502550554086	-0.0220584542993155	0.0457788437388706	-0.024364664115768	-0.00540269781810237	-0.0440851367262584
0.00903585504540419	0.00463943283825663	-0.0214226221105703	0.0444617840730679	-0.0236601066364237	-0.00524507375135167	-0.0428124503611482
0.00877502634054957	0.0045054149650259	-0.0207948870950689	0.0431613110131877	-0.0229646876570772	-0.00508959731337874	-0.0415561144005929
0.00851728923603519	0.00437299237878159	-0.0201753055764044	0.0418775515455271	-0.022278460414182	-0.00493627464894902	-0.0403162336929817
0.00826268379811308	0.00424218535161634	-0.0195639338190588	0.0406106322863609	-0.0216014782938138	-0.00478511207855569	-0.0390929131522415
0.00801124966501495	0.0041130139362387	-0.0189608280288267	0.0393606794840256	-0.0209337948314729	-0.0046361160973914	-0.0378862577582015
0.0077630260488398	0.0039854979674854	-0.0183660443532939	0.0381278190211873	-0.020275463711868	-0.00448929337428768	-0.0366963725569934
0.00751805173759272	0.00385965706388563	-0.017779638882349	0.0369121764172514	-0.0196265387686543	-0.00434465075061529	-0.0355233626614453
0.00727636509740632	0.0037355106292944	-0.0172016676487973	0.0357138768310588	-0.0189870739842053	-0.00420219523916285	-0.0343673332516088
0.00703800407490109	0.00361307785457176	-0.0166321866289742	0.0345330450636528	-0.0183571234893013	-0.0040619340229668	-0.0332283895752089
0.00680300619974112	0.00349237771933786	-0.0160712517434869	0.0333698055613894	-0.0177367415628791	-0.00392387445412441	-0.0321066369482803
0.00657140858733052	0.00337342899377607	-0.0155189188579559	0.0322242824191204	-0.0171259826316982	-0.00378802405255759	-0.0310021807557261
0.00634324794168368	0.0032562502405012	-0.0149752437838286	0.0310965993836046	-0.016524901270006	-0.00365439050474425	-0.0299151264519499
0.0061185605584771	0.00314085981649763	-0.0144402822792858	0.0299868798571863	-0.015933552199221	-0.00352298166242181	-0.0288455795615969
0.00589738232824438	0.00302727587510747	-0.0139140900501441	0.0288952469015441	-0.0153519902875294	-0.0033938055412386	-0.0277936456802134
0.00567974873977541	0.00291551636810069	-0.0133967227508982	0.0278218232418088	-0.014780270549553	-0.00326687031938761	-0.0267594304751111
0.00546569488364942	0.00280559904779174	-0.0128882359857358	0.0267667312707017	-0.0142184481459022	-0.00314218433618063	-0.0257430396861013
0.00525525545597171	0.00269754146923828	-0.0123886853096849	0.0257300930530294	-0.0136665783827917	-0.00301975609060205	-0.0247445791264185
0.00504846476226573	0.00259136099249808	-0.0118981262297804	0.0247120303302981	-0.0131247167115931	-0.00289959423981297	-0.023764154683608
0.00484535672154515	0.00248707478495729	-0.0114166142063047	0.023712664525562	-0.0125929187283832	-0.00278170759761895	-0.0228018723204833
0.00464596487055621	0.00238469982372456	-0.0109442046540763	0.0227321167484546	-0.0120712401734625	-0.00266610513289419	-0.0218578380761065
0.00445032236820563	0.00228425289810048	-0.0104809529438223	0.0217705078004766	-0.0115597369308785	-0.00255279596797031	-0.0209321580668582
0.00425846200015794	0.00218575061211364	-0.0100269144035937	0.0208279581804545	-0.0110584650279113	-0.00244178937697856	-0.0200249384875163
0.00407041618361034	0.00208920938712819	-0.00958214432023991	0.019904588090208	-0.0105674806345387	-0.00233309478414931	-0.0191362856123779
0.0038862169722495	0.00199464546452532	-0.00914669794095188	0.0190005174404438	-0.0100868400628902	-0.00222672176207023	-0.01826630579644
0.00370589606139614	0.00190207490846285	-0.0087206304748849	0.0181158658569005	-0.00961659976670165	-0.00212268002990484	-0.0174151054766631
0.00352948479330617	0.00181151360869583	-0.00830399709478538	0.0172507526865878	-0.00915681634068795	-0.00202097945155263	-0.0165827911731648
0.00335701416268756	0.00172297728349103	-0.00789685293875932	0.016405297004408	-0.00870754651998377	-0.00192163003378352	-0.0157694694906197
0.00318851482237224	0.00163648148260249	-0.00749925311203678	0.0155796176198548	-0.00826884717949222	-0.00182464192431016	-0.014975247119572
0.00302401708918449	0.00155204159033131	-0.00711125268882826	0.0147738330839943	-0.00784077533324679	-0.00173002540982117	-0.0142002308378554
0.00286355094999192	0.00146967282866241	-0.00673290671423813	0.0139880616966512	-0.00742338813374745	-0.00163779091396566	-0.0134445275120473
0.00270714606794731	0.00138939026048291	-0.00636427020625223	0.0132224215138405	-0.00701674287128961	-0.0015479489952927	-0.0127082440989934
0.0025548317889076	0.00131120879287566	-0.00600539815776555	0.0124770303553726	-0.00662089697324791	-0.00146051034513663	-0.0119914876473329
0.00240663714804801	0.0012351431804977	-0.0056563455386894	0.0117520058127155	-0.00623590800335821	-0.00137548578545714	-0.0112943652991043
0.00226259087666327	0.00116120802903949	-0.00531716729811824	0.0110474652570726	-0.00586183366097507	-0.00129288626662849	-0.01061698429139
0.0021227214091599	0.00108941779876817	-0.00498791836656214	0.0103635258476902	-0.00549873178031123	-0.00121272286517841	-0.00995945195801372
0.00198705689023877	0.00101978680815389	-0.00466865365824119	0.0097003045403874	-0.00514666032965475	-0.00113500678147554	-0.00932187573128054
0.00185562518226686	0.00095232923758001	-0.00435942807343743	0.00905791809630007	-0.00480567741055813	-0.00105974933736292	-0.00870436314375276
0.00172845387285118	0.000887059133143678	-0.00406029650093221	0.00843648309089755	-0.00447584125703028	-0.000986961973744125	-0.00810702183011563
0.00160557028259268	0.000823990410535897	-0.00377131382047461	0.00783611592315996	-0.00415721023467062	-0.000916656248107795	-0.00752995952902451
0.00148700147305222	0.000763136859018261	-0.00349253490535412	0.00725693282506917	-0.00384984283982579	-0.000848843832007627	-0.00697328408507958
0.00137277425489531	0.000704512145479299	-0.00322401462499714	0.00669904987124651	-0.00355379769867983	-0.0007835365084776	-0.0064371034507667
0.00126291519625158	0.000648129818589552	-0.00296580784766916	0.00616258298890901	-0.00326913356636778	-0.000720746169401595	-0.00592152568852822
0.00115745063126138	0.000594003313041469	-0.00271796944321578	0.00564764796800499	-0.00299590932603824	-0.000660484812820225	-0.00542665897282918
0.0010564066688229	0.000542145953881475	-0.00248055428587143	0.00515436047159081	-0.00273418398789681	-0.000602764540181415	-0.00495261159227706
0.000959809201547918	0.000492570960938716	-0.00225361725715265	0.00468283604648373	-0.00248401668824796	-0.000547597553537857	-0.00449949195182773
0.000867683914907283	0.000445291453341159	-0.00203721324878887	0.00423319013409452	-0.0022454666884836	-0.000494996152679237	-0.00406740857498383
0.000780056296595164	0.000400320454134278	-0.00183139716575657	0.00380553808157718	-0.00201859337408994	-0.000444972732214513	-0.00365647010611637
0.000696951646077886	0.000357670894985261	-0.00163622392933425	0.00339999515312501	-0.00180345625358165	-0.000397539778583374	-0.00326678531274465
0.000618395084373835	0.000317355620996745	-0.00145174848028435	0.00301667654163471	-0.00160011495747948	-0.000352709867021983	-0.00289846308798594
0.000544411564011363	0.000279387395603397	-0.00127802578203559	0.00265569738047584	-0.00140862923719158	-0.00031049565845145	-0.00255161245292182
0.000475025879216441	0.000243778905577991	-0.00111511082398411	0.00231717275561304	-0.00122905896392844	-0.000270909896317108	-0.00222634255911745
0.00041026267630586	0.000210542766135076	-0.000963058624854337	0.00200121771795863	-0.00106146412758581	-0.000233965403363456	-0.00192276269117512
0.000350146464278691	0.000179691526128635	-0.000821924236099577	0.00170794729591512	-0.000905904835573117	-0.000199675078339197	-0.00164098226928195
0.000294701625629782	0.00015123767335631	-0.000691762745395669	0.00143747650821908	-0.000762441311645419	-0.000168051892644574	-0.00138111085185766
0.000243952427383782	0.000125193639969617	-0.000572629280221222	0.00118992037707394	-0.000631133894731531	-0.000139108886918696	-0.00114325813828926
0.000197923032319881	0.000101571807975152	-0.000464579011451817	0.000965393941421525	-0.000512043037677414	-0.000112859167548484	-0.000927533971606995
0.000156637510442704	8.0384514855447e-05	-0.00036766715709542	0.000764012270617596	-0.00040522930604468	-8.93159031294176e-05	-0.000734048341355301
0.000120119850643399	6.16440592809394e-05	-0.000281948986034816	0.000585890478233405	-0.000310753376815639	-6.84923208447601e-05	-0.000562911386390288
8.83939725933002e-05	4.53627069350631e-05	-0.000207479821873606	0.000431143736184736	-0.000228676037110723	-5.04017027859878e-05	-0.000414233397796073
6.14837388593037e-05	3.15526964470033e-05	-0.000144315046857329	0.000299887289130167	-0.000159058182886301	-3.50573822068011e-05	-0.000288124821862649
3.94129672358879e-05	2.02262454296936e-05	-9.25101058547804e-05	0.000192236469108391	-0.000101960817595798	-2.24727397063795e-05	-0.000184696263094959
2.22054432944398e-05	1.13955566235225e-05	-5.21205103980309e-05	0.000108306710412331	-5.7445050811807e-05	-1.26611993408018e-05	-0.00010405848724964
9.88493317025984e-06	5.07282415631338e-06	-2.32018428258331e-05	4.82135647937898e-05	-2.55720968577703e-05	-5.63622467279219e-06	-4.63224244881153e-05
2.47519656995672e-06	1.27023991079252e-06	-5.80976048666877e-06	1.20727169085772e-05	-6.4032734003231e-06	-1.41131474846051e-06	-1.15991725580927e-05
8.19173428969976e-16	4.20389551787157e-16	-1.92275672312624e-15	3.99549998639537e-15	-2.11918145334143e-15	-4.67078577407236e-16	-3.83877903462767e-15
0	0	0	0	0	0	0
0	0	0	0	0	0	0
0	0	0	0	0	0	0
0	0	0	0	0	0	0
0	0	0	0	0	0	0
0	0	0	0	0	0	0
0	0	0	0	0	0	0
0	0	0	0	0	0	0
0	0	0	0	0	0	0
0	0	0	0	0	0	0
0	0	0	0	0	0	0
0	0	0	0	0	0	0
0	0	0	0	0	0	0
0	0	0	0	0	0	0
0	0	0	0	0	0	0
0	0	0	0	0	0	0
0	0	0	0	0	0	0
0	0	0	0	0	0	0
0	0	0	0	0	0	0
0	0	0	0	0	0	0
0	0	0	0	0	0	0
0	0	0	0	0	0	0
0	0	0	0	0	0	0
0	0	0	0	0	0	0
0	0	0	0	0	0	0
0	0	0	0	0	0	0
0	0	0	0	0	0	0
0	0	0	0	0	0	0
0	0	0	0	0	0	0
0	0	0	0	0	0	0
0	0	0	0	0	0	0
0	0	0	0	0	0	0
0	0	0	0	0	0	0
0	0	0	0	0	0	0
0	0	0	0	0	0	0
0	0	0	0	0	0	0
0	0	0	0	0	0	0
0	0	0	0	0	0	0
0	0	0	0	0	0	0
0	0	0	0	0	0	0
0	0	0	0	0	0	0
0	0	0	0	0	0	0
0	0	0	0	0	0	0
0	0	0	0	0	0	0
0	0	0	0	0	0	0
0	0	0	0	0	0	0
0	0	0	0	0	0	0
0	0	0	0	0	0	0
0	0	0	0	0	0	0
0	0	0	0	0	0	0
0	0	0	0	0	0	0
0	0	0	0	0	0	0
0	0	0	0	0	0	0
0	0	0	0	0	0	0
0	0	0	0	0	0	0
0	0	0	0	0	0	0
0	0	0	0	0	0	0
0	0	0	0	0	0	0
0	0	0	0	0	0	0
0	0	0	0	0	0	0
0	0	0	0	0	0	0
0	0	0	0	0	0	0
0	0	0	0	0	0	0
0	0	0	0	0	0	0
0	0	0	0	0	0	0
0	0	0	0	0	0	0
0	0	0	0	0	0	0
0	0	0	0	0	0	0
0	0	0	0	0	0	0
0	0	0	0	0	0	0
0	0	0	0	0	0	0
0	0	0	0	0	0	0
0	0	0	0	0	0	0
0	0	0	0	0	0	0
0	0	0	0	0	0	0
0	0	0	0	0	0	0
0	0	0	0	0	0	0
0	0	0	0	0	0	0
0	0	0	0	0	0	0
0	0	0	0	0	0	0
0	0	0	0	0	0	0
0	0	0	0	0	0	0
0	0	0	0	0	0	0
0	0	0	0	0	0	0
0	0	0	0	0	0	0
0	0	0	0	0	0	0
0	0	0	0	0	0	0
0	0	0	0	0	0	0
0	0	0	0	0	0	0
0	0	0	0	0	0	0
0	0	0	0	0	0	0
0	0	0	0	0	0	0
0	0	0	0	0	0	0
0	0	0	0	0	0	0
0	0	0	0	0	0	0
0	0	0	0	0	0	0
0	0	0	0	0	0	0
0	0	0	0	0	0	0
0	0	0	0	0	0	0
0	0	0	0	0	0	0
0	0	0	0	0	0	0
0	0	0	0	0	0	0
0	0	0	0	0	0	0
0	0	0	0	0	0	0
0	0	0	0	0	0	0
0	0	0	0	0	0	0
0	0	0	0	0	0	0
0	0	0	0	0	0	0
0	0	0	0	0	0	0
0	0	0	0	0	0	0
0	0	0	0	0	0	0
0	0	0	0	0	0	0
0	0	0	0	0	0	0
0	0	0	0	0	0	0
0	0	0	0	0	0	0
0	0	0	0	0	0	0
0	0	0	0	0	0	0
0	0	0	0	0	0	0
0	0	0	0	0	0	0
0	0	0	0	0	0	0
0	0	0	0	0	0	0
0	0	0	0	0	0	0
0	0	0	0	0	0	0
0	0	0	0	0	0	0
0	0	0	0	0	0	0
0	0	0	0	0	0	0
0	0	0	0	0	0	0
0	0	0	0	0	0	0
0	0	0	0	0	0	0
0	0	0	0	0	0	0
0	0	0	0	0	0	0
0	0	0	0	0	0	0
0	0	0	0	0	0	0
0	0	0	0	0	0	0
0	0	0	0	0	0	0
0	0	0	0	0	0	0
0	0	0	0	0	0	0
0	0	0	0	0	0	0
0	0	0	0	0	0	0
0	0	0	0	0	0	0
0	0	0	0	0	0	0
0	0	0	0	0	0	0
0	0	0	0	0	0	0
0	0	0	0	0	0	0
0	0	0	0	0	0	0
0	0	0	0	0	0	0
0	0	0	0	0	0	0
0	0	0	0	0	0	0
0	0	0	0	0	0	0
0	0	0	0	0	0	0
0	0	0	0	0	0	0
0	0	0	0	0	0	0
0	0	0	0	0	0	0
0	0	0	0	0	0	0
0	0	0	0	0	0	0
0	0	0	0	0	0	0
0	0	0	0	0	0	0
0	0	0	0	0	0	0
0	0	0	0	0	0	0
0	0	0	0	0	0	0
0	0	0	0	0	0	0
0	0	0	0	0	0	0
0	0	0	0	0	0	0
0	0	0	0	0	0	0
0	0	0	0	0	0	0
0	0	0	0	0	0	0
0	0	0	0	0	0	0
0	0	0	0	0	0	0
0	0	0	0	0	0	0
0	0	0	0	0	0	0
0	0	0	0	0	0	0
0	0	0	0	0	0	0
0	0	0	0	0	0	0
0	0	0	0	0	0	0
0	0	0	0	0	0	0
0	0	0	0	0	0	0
0	0	0	0	0	0	0
0	0	0	0	0	0	0
0	0	0	0	0	0	0
0	0	0	0	0	0	0
0	0	0	0	0	0	0
0	0	0	0	0	0	0
0	0	0	0	0	0	0
0	0	0	0	0	0	0
0	0	0	0	0	0	0
0	0	0	0	0	0	0
0	0	0	0	0	0	0
0	0	0	0	0	0	0
0	0	0	0	0	0	0
0	0	0	0	0	0	0
0	0	0	0	0	0	0
0	0	0	0	0	0	0
0	0	0	0	0	0	0
0	0	0	0	0	0	0
0	0	0	0	0	0	0
0	0	0	0	0	0	0
0	0	0	0	0	0	0
0	0	0	0	0	0	0
0	0	0	0	0	0	0
0	0	0	0	0	0	0
0	0	0	0	0	0	0
0	0	0	0	0	0	0
0	0	0	0	0	0	0
0	0	0	0	0	0	0
0	0	0	0	0	0	0
0	0	0	0	0	0	0
0	0	0	0	0	0	0
0	0	0	0	0	0	0
0	0	0	0	0	0	0
0	0	0	0	0	0	0
0	0	0	0	0	0	0
0	0	0	0	0	0	0
0	0	0	0	0	0	0
0	0	0	0	0	0	0
0	0	0	0	0	0	0
0	0	0	0	0	0	0
0	0	0	0	0	0	0
0	0	0	0	0	0	0
0	0	0	0	0	0	0
0	0	0	0	0	0	0
0	0	0	0	0	0	0
0	0	0	0	0	0	0
0	0	0	0	0	0	0
0	0	0	0	0	0	0
0	0	0	0	0	0	0
0	0	0	0	0	0	0
0	0	0	0	0	0	0
0	0	0	0	0	0	0
0	0	0	0	0	0	0
0	0	0	0	0	0	0
0	0	0	0	0	0	0
0	0	0	0	0	0	0
0	0	0	0	0	0	0
0	0	0	0	0	0	0
0	0	0	0	0	0	0
0	0	0	0	0	0	0
0	0	0	0	0	0	0
0	0	0	0	0	0	0
0	0	0	0	0	0	0
0	0	0	0	0	0	0
0	0	0	0	0	0	0
0	0	0	0	0	0	0
0	0	0	0	0	0	0
0	0	0	0	0	0	0
0	0	0	0	0	0	0
0	0	0	0	0	0	0
0	0	0	0	0	0	0
0	0	0	0	0	0	0
0	0	0	0	0	0	0
0	0	0	0	0	0	0
0	0	0	0	0	0	0
0	0	0	0	0	0	0
0	0	0	0	0	0	0
0	0	0	0	0	0	0
0	0	0	0	0	0	0
0	0	0	0	0	0	0
0	0	0	0	0	0	0
0	0	0	0	0	0	0
0	0	0	0	0	0	0
0	0	0	0	0	0	0
0	0	0	0	0	0	0
0	0	0	0	0	0	0
0	0	0	0	0	0	0
0	0	0	0	0	0	0
0	0	0	0	0	0	0
0	0	0	0	0	0	0
0	0	0	0	0	0	0
0	0	0	0	0	0	0
0	0	0	0	0	0	0
0	0	0	0	0	0	0
0	0	0	0	0	0	0
0	0	0	0	0	0	0
0	0	0	0	0	0	0
0	0	0	0	0	0	0
0	0	0	0	0	0	0
0	0	0	0	0	0	0
0	0	0	0	0	0	0
0	0	0	0	0	0	0
0	0	0	0	0	0	0
0	0	0	0	0	0	0
0	0	0	0	0	0	0
0	0	0	0	0	0	0
0	0	0	0	0	0	0
0	0	0	0	0	0	0
0	0	0	0	0	0	0
0	0	0	0	0	0	0
0	0	0	0	0	0	0
0	0	0	0	0	0	0
0	0	0	0	0	0	0
0	0	0	0	0	0	0
0	0	0	0	0	0	0
0	0	0	0	0	0	0
0	0	0	0	0	0	0
0	0	0	0	0	0	0
0	0	0	0	0	0	0
0	0	0	0	0	0	0
0	0	0	0	0	0	0
0	0	0	0	0	0	0
0	0	0	0	0	0	0
0	0	0	0	0	0	0
0	0	0	0	0	0	0
0	0	0	0	0	0	0
0	0	0	0	0	0	0
0	0	0	0	0	0	0
0	0	0	0	0	0	0
0	0	0	0	0	0	0
0	0	0	0	0	0	0
0	0	0	0	0	0	0
0	0	0	0	0	0	0
0	0	0	0	0	0	0
0	0	0	0	0	0	0
0	0	0	0	0	0	0
0	0	0	0	0	0	0
0	0	0	0	0	0	0
0	0	0	0	0	0	0
0	0	0	0	0	0	0
0	0	0	0	0	0	0
0	0	0	0	0	0	0
0	0	0	0	0	0	0
0	0	0	0	0	0	0
0	0	0	0	0	0	0
0	0	0	0	0	0	0
0	0	0	0	0	0	0
0	0	0	0	0	0	0
0	0	0	0	0	0	0
0	0	0	0	0	0	0
0	0	0	0	0	0	0
0	0	0	0	0	0	0
0	0	0	0	0	0	0
0	0	0	0	0	0	0
0	0	0	0	0	0	0
0	0	0	0	0	0	0
0	0	0	0	0	0	0
0	0	0	0	0	0	0
0	0	0	0	0	0	0
0	0	0	0	0	0	0
0	0	0	0	0	0	0
0	0	0	0	0	0	0
0	0	0	0	0	0	0
0	0	0	0	0	0	0
0	0	0	0	0	0	0
0	0	0	0	0	0	0
0	0	0	0	0	0	0
0	0	0	0	0	0	0
0	0	0	0	0	0	0
0	0	0	0	0	0	0
0	0	0	0	0	0	0
0	0	0	0	0	0	0
0	0	0	0	0	0	0
0	0	0	0	0	0	0
0	0	0	0	0	0	0
0	0	0	0	0	0	0
0	0	0	0	0	0	0
0	0	0	0	0	0	0
0	0	0	0	0	0	0
0	0	0	0	0	0	0
0	0	0	0	0	0	0
0	0	0	0	0	0	0
0	0	0	0	0	0	0
0	0	0	0	0	0	0
0	0	0	0	0	0	0
0	0	0	0	0	0	0
0	0	0	0	0	0	0
0	0	0	0	0	0	0
0	0	0	0	0	0	0
0	0	0	0	0	0	0
0	0	0	0	0	0	0
0	0	0	0	0	0	0
0	0	0	0	0	0	0
0	0	0	0	0	0	0
0	0	0	0	0	0	0
0	0	0	0	0	0	0
0	0	0	0	0	0	0
0	0	0	0	0	0	0
0	0	0	0	0	0	0
0	0	0	0	0	0	0
0	0	0	0	0	0	0
0	0	0	0	0	0	0
0	0	0	0	0	0	0
0	0	0	0	0	0	0
0	0	0	0	0	0	0
0	0	0	0	0	0	0
0	0	0	0	0	0	0
0	0	0	0	0	0	0
0	0	0	0	0	0	0
0	0	0	0	0	0	0
0	0	0	0	0	0	0
0	0	0	0	0	0	0
0	0	0	0	0	0	0
0	0	0	0	0	0	0
0	0	0	0	0	0	0
0	0	0	0	0	0	0
0	0	0	0	0	0	0
0	0	0	0	0	0	0
0	0	0	0	0	0	0
0	0	0	0	0	0	0
0	0	0	0	0	0	0
0	0	0	0	0	0	0
0	0	0	0	0	0	0
0	0	0	0	0	0	0
0	0	0	0	0	0	0
0	0	0	0	0	0	0
0	0	0	0	0	0	0
0	0	0	0	0	0	0
0	0	0	0	0	0	0
0	0	0	0	0	0	0
0	0	0	0	0	0	0
0	0	0	0	0	0	0
0	0	0	0	0	0	0
0	0	0	0	0	0	0
0	0	0	0	0	0	0
0	0	0	0	0	0	0
0	0	0	0	0	0	0
0	0	0	0	0	0	0
0	0	0	0	0	0	0
0	0	0	0	0	0	0
0	0	0	0	0	0	0
0	0	0	0	0	0	0
0	0	0	0	0	0	0
0	0	0	0	0	0	0
0	0	0	0	0	0	0
0	0	0	0	0	0	0
0	0	0	0	0	0	0
0	0	0	0	0	0	0
0	0	0	0	0	0	0
0	0	0	0	0	0	0
0	0	0	0	0	0	0
0	0	0	0	0	0	0
0	0	0	0	0	0	0
0	0	0	0	0	0	0
0	0	0	0	0	0	0
0	0	0	0	0	0	0
0	0	0	0	0	0	0
0	0	0	0	0	0	0
0	0	0	0	0	0	0
0	0	0	0	0	0	0
0	0	0	0	0	0	0
0	0	0	0	0	0	0
0	0	0	0	0	0	0
0	0	0	0	0	0	0
0	0	0	0	0	0	0
0	0	0	0	0	0	0
0	0	0	0	0	0	0
0	0	0	0	0	0	0
0	0	0	0	0	0	0
0	0	0	0	0	0	0
0	0	0	0	0	0	0
0	0	0	0	0	0	0
0	0	0	0	0	0	0
0	0	0	0	0	0	0
0	0	0	0	0	0	0
0	0	0	0	0	0	0
0	0	0	0	0	0	0
0	0	0	0	0	0	0
0	0	0	0	0	0	0
0	0	0	0	0	0	0
0	0	0	0	0	0	0
0	0	0	0	0	0	0
0	0	0	0	0	0	0
0	0	0	0	0	0	0
0	0	0	0	0	0	0
0	0	0	0	0	0	0
0	0	0	0	0	0	0
0	0	0	0	0	0	0
0	0	0	0	0	0	0
0	0	0	0	0	0	0
0	0	0	0	0	0	0
0	0	0	0	0	0	0
0	0	0	0	0	0	0
0	0	0	0	0	0	0
0	0	0	0	0	0	0
0	0	0	0	0	0	0
0	0	0	0	0	0	0
0	0	0	0	0	0	0
0	0	0	0	0	0	0
0	0	0	0	0	0	0
0	0	0	0	0	0	0
0	0	0	0	0	0	0
0	0	0	0	0	0	0
0	0	0	0	0	0	0
0	0	0	0	0	0	0
0	0	0	0	0	0	0
0	0	0	0	0	0	0
0	0	0	0	0	0	0
0	0	0	0	0	0	0
0	0	0	0	0	0	0
0	0	0	0	0	0	0
0	0	0	0	0	0	0
0	0	0	0	0	0	0
0	0	0	0	0	0	0
0	0	0	0	0	0	0
0	0	0	0	0	0	0
0	0	0	0	0	0	0
0	0	0	0	0	0	0
0	0	0	0	0	0	0
0	0	0	0	0	0	0
0	0	0	0	0	0	0
0	0	0	0	0	0	0
0	0	0	0	0	0	0
0	0	0	0	0	0	0
1.34222583686972e-16	2.47136045205938e-16	1.03411252846511e-16	4.2817515046195e-16	1.20880731802059e-16	-2.03580900005447e-16	-9.42887185619295e-17
-6.43065485969814e-06	-1.18403815993925e-05	-4.95447232051334e-06	-2.05140337526328e-05	-5.79144167884343e-06	9.75363808384816e-06	4.51740824516579e-06
-2.56539788586141e-05	-4.72351428943643e-05	-1.97650091419947e-05	-8.18371689992735e-05	-2.31039519650743e-05	3.89104435151218e-05	1.802141355503e-05
-5.75672094232177e-05	-0.000105995075796935	-4.43524679433451e-05	-0.000183641589645134	-5.18450066787242e-05	8.73145616229961e-05	4.04398209250714e-05
-0.000102067839072262	-0.000187931447025143	-7.86379648084498e-05	-0.000325600294216433	-9.19223596115777e-05	0.000154810544066812	7.17006016775588e-05
-0.000159053604061951	-0.00029285598010035	-0.000122542900890047	-0.000507387060129568	-0.000143244059665084	0.000241243342631232	0.000111731878183599
-0.000228422473358985	-0.000420580837864103	-0.000175988988110265	-0.000728676408991506	-0.000205718467494135	0.00034645830320064	0.000160461909026144
-0.000310072637937558	-0.000570918605508009	-0.000238898274106949	-0.000989143572918491	-0.000279254271662643	0.000470301159910465	0.000217819074598651
-0.000403902500396588	-0.000743682274110421	-0.000311193166434836	-0.00128846446186084	-0.000363760504316971	0.000612618029473336	0.000283731863134307
-0.0005098106648936	-0.000938685224673784	-0.000392796456030542	-0.00162631563192175	-0.000459146556383134	0.000773255405678059	0.000358128857160795
-0.000627695927391732	-0.00115574121265661	-0.000483631339950162	-0.00200237425465823	-0.000565322192293699	0.000952060154059407	0.000440938720375749
-0.000757457266216456	-0.0013946643529941	-0.000583621443388183	-0.00241631808735237	-0.000682197564250216	0.00114887950673676	0.000532090184938079
-0.000898993832918638	-0.00165526910560145	-0.000692690840986278	-0.00286782544424145	-0.000809683226026987	0.00136356105741971	0.000631512039170442
-0.00105220494344072	-0.00193737026135415	-0.000810764077440461	-0.00335657516869536	-0.000947690146321897	0.00159595275657868	0.000739133115668298
-0.00121699006958281	-0.00224078292853932	-0.000937766187414918	-0.0038822466063302	-0.00109612972165999	0.00184590290677879	0.000854882279810948
-0.00139324883076555	-0.00256532251977248	-0.00107362271477082	-0.0044445195790467	-0.00125491378885546	0.00211326015817509	0.000978688418670153
-0.00158088098608665	-0.00291080473937421	-0.00121825973111824	-0.00504307435998268	-0.00142395463703762	0.00239787350416736	0.00111048043031191
-0.00177978642666831	-0.00327704557120085	-0.00137160385369918	-0.0056775916493685	-0.00160316501924637	0.00269959227721279	0.00125018721348709
-0.00198986516829221	-0.00366386126692395	-0.00153358226260979	-0.0063477525512748	-0.00179245816360274	0.00301826614479466	0.00139773765770665
-0.00221101734431957	-0.00407106833475298	-0.00170412271736962	-0.0070532385512419	-0.00199174778405983	0.00335374510554552	0.00155306063369733
-0.00244314319889316	-0.0044984835285957	-0.00188315357284554	-0.00779373149478031	-0.00220094809073973	0.00370587948552292	0.00171608498423355
-0.00268614308041858	-0.00494592383765101	-0.00207060379453836	-0.00856891356673188	-0.00241997379986154	0.00407451993463624	0.00188673951534157
-0.00293991743532209	-0.00541320647642894	-0.00226640297323954	-0.0093784672714813	-0.00264874014326611	0.00445951742322285	0.00206495298787181
-0.00320436680208211	-0.00590014887519235	-0.00247048133906565	-0.0102220754140077	-0.0028871628775425	0.00486072323877201	0.00225065410943532
-0.00347939180553187	-0.00640656867081533	-0.00268276977487812	-0.0110994210817662	-0.00313515829276161	0.00527798898279489	0.00244377152670056
-0.00376489315143051	-0.00693228369805288	-0.00290319982909567	-0.0120101876273895	-0.00339264322082195	0.00571116656783913	0.00264423381804651
-0.00406077162129991	-0.00747711198121701	-0.00313170372790692	-0.0129540586521991	-0.00365953504341315	0.00616010821464628	0.00285196948656825
-0.00436692806752479	-0.00804087172625386	-0.00336821438689026	-0.0139307179905167	-0.00393575169960165	0.00662466644945071	0.00306690695343126
-0.00468326340871331	-0.00862338131321693	-0.00361266542204858	-0.0149398496947658	-0.00422121169304444	0.00710469410141821	0.00328897455157044
-0.00500967862531586	-0.00922445928913133	-0.00386499116026587	-0.0159811380213539	-0.00451583409883523	0.00760004430022304	0.00351810051973037
-0.00534607475549923	-0.00984392436124418	-0.00412512664919284	-0.0170542674173246	-0.00481953856998857	0.00811057047376149	0.00375421299684286
-0.00569235289127373	-0.0104815953906559	-0.00439300766656897	-0.0181589225077723	-0.00513224534356653	0.00863612634600084	0.00399724001673807
-0.00604841417487089	-0.0111372913863278	-0.00466857072898767	-0.0192947880840067	-0.00545387524645328	0.00917656593496198	0.00424710950318552
-0.00641415979536874	-0.0118108314994608	-0.00495175310011197	-0.0204615490924604	-0.00578434970078197	0.00973174355083407	0.00450374926526141
-0.00678949098556287	-0.0125020350182403	-0.00524249279834755	-0.0216588906243287	-0.00612359072901949	0.0103015137942201	0.00476708699303843
-0.00717430901908011	-0.0132107213629429	-0.0055407286039801	-0.0228864979059323	-0.00647152095871324	0.0108857315545116	0.00503705025359441
-0.00756851520773248	-0.0139367100813996	-0.00584640006578425	-0.0241440562897936	-0.00682806362690533	0.0114842520083906	0.00531356648733626
-0.00797201089910939	-0.0146798208448106	-0.00615944750711036	-0.0254312512464182	-0.00719314258421868	0.0120969306184588	0.00559656300463539
-0.00838469747440462	-0.0154398734439074	-0.00647981203145683	-0.02674776835677	-0.0075666822986199	0.0127236231319902	0.00588596698277127
-0.00880647634647646	-0.0162166877854571	-0.00680743552753422	-0.0280932933054329	-0.00794860785886372	0.0133641855798082	0.00618170546317904
-0.00923724895813802	-0.0170100838891042	-0.00714226067382831	-0.0294675118744493	-0.00833884497762359	0.0140184742752831	0.00648370534899792
-0.00967691678067513	-0.0178198818845451	-0.00748423094266886	-0.0308701099378247	-0.00873731999431329	0.0146863458134514	0.00679189340291671
-0.0101253813125895	-0.0186459020090309	-0.00783329060381091	-0.0323007734566916	-0.00914395987760403	0.0153676570702526	0.00710619624531257
-0.0105825440785646	-0.0194879646051935	-0.00818938472753526	-0.0337591884751216	-0.00955869222764191	0.0160622652018841	0.00742654035267957
-0.0110483066286509	-0.0203458901191901	-0.00855245918727513	-0.0352450411165774	-0.00998144527797015	0.0167700276442712	0.00775285205634362
-0.0115225705376694	-0.0212194990991622	-0.0089224606617758	-0.0367580175809955	-0.0104121478971607	0.0174908021126527	0.00808505754145923
-0.0120052374048292	-0.0221086121940037	-0.00929933663679345	-0.0382978041424904	-0.0108507295901602	0.0182244466012777	0.00842308284628593
-0.0124962088535576	-0.0230130501524338	-0.00968303540634078	-0.0398640871476711	-0.0112971204993536	0.0189708193832151	0.00876685386173913
-0.0129953865315394	-0.0239326338223701	-0.0100735060734855	-0.0414565530145611	-0.0117512514053524	0.0197297790102724	0.00911629633121264
-0.0135026721109629	-0.0248671841505971	-0.0104706985507084	-0.0430748882321125	-0.0122130537275087	0.0205011843130228	0.00947133585066931
-0.0140179672889704	-0.0258165221827255	-0.0108745635598286	-0.0447187793603058	-0.0126824595241626	0.0212848944009396	0.00983189786899512
-0.0145411737883096	-0.0267804690634381	-0.0112850526315013	-0.0463879130308249	-0.0131594014926254	0.0220807686626358	0.0101979076886142
-0.0150721933581837	-0.0277588460370172	-0.0117021181042957	-0.0480819759483002	-0.0136438129689039	0.022888666766207	0.0105692904663601
-0.0156109277752974	-0.0287514744481492	-0.01212571312336	-0.0498006548921091	-0.0141356279271706	0.0237084486596777	0.0109459712146001
-0.0161572788450954	-0.0297581757430019	-0.012555791638679	-0.0515436367187263	-0.0146347809789822	0.0245399745715476	0.0113278748026089
-0.016711148403192	-0.0307787714705693	-0.0129923084029325	-0.0533106083646127	-0.0151412073722541	0.025383105011438	0.0117149259581865
-0.0172724383169868	-0.0318130832842807	-0.0134352189689601	-0.0551012568496371	-0.0156548429899915	0.0262377007708345	0.0121070492695195
-0.0178410504874655	-0.032860932943868	-0.0138844796868392	-0.0569152692810185	-0.0161756243487846	0.0271036229239281	0.0125041691872789
-0.0184168868511819	-0.033922142317488	-0.0143400477005835	-0.058752332857782	-0.0167034885970701	0.0279807328285493	0.0129062100269515
-0.0189998493824187	-0.0349965333840934	-0.0148018809444689	-0.060612134875718	-0.0172383735131646	0.0288688921271958	0.0133130959714022
-0.0195898400955233	-0.0360839282360512	-0.0152699381389915	-0.0624943627328372	-0.017780217503073	0.0297679627481525	0.0137247510736626
-0.0201867610474162	-0.0371841490819996	-0.0157441787864675	-0.0643987039353108	-0.0183289595980777	0.0306778069067002	0.0141410992599408
-0.0207905143402695	-0.0382970182499427	-0.0162245631662787	-0.0663248461038874	-0.0188845394521105	0.0315982871064144	0.0145620643328506
-0.0214010021243506	-0.0394223581905762	-0.0167110523297732	-0.0682724769807781	-0.0194468973389144	0.0325292661405497	0.0149875699748547
-0.0220181266010301	-0.0405599914808416	-0.0172036080948244	-0.0702412844370006	-0.0200159741489967	0.0334706070935101	0.0154175397519187
-0.0226417900259497	-0.0417097408277013	-0.0177021930400599	-0.0722309564801726	-0.0205917113863794	0.0344221733424028	0.0158518971173714
-0.0232718947123464	-0.0428714290721336	-0.0182067704987614	-0.0742411812627455	-0.02117405116515	0.0353838285586749	0.0162905654159675
-0.0239083430345312	-0.0440448791933408	-0.0187173045524471	-0.0762716470906708	-0.0217629362058176	0.036355436709829	0.0167334678881493
-0.024551037431518	-0.0452299143131671	-0.0192337600241408	-0.0783220424324888	-0.0223583098314779	0.0373368620612198	0.0171805276745026
-0.0251998804107996	-0.0464263577007206	-0.0197561024713346	-0.0803920559288306	-0.0229601159637914	0.0383279691779264	0.0176316678204035
-0.0258547745522682	-0.0476340327771966	-0.0202842981786529	-0.0824813764023243	-0.0235682991187787	0.0393286229267012	0.0180868112808507
-0.026515622512276	-0.0488527631208963	-0.0208183141502234	-0.0845896928678983	-0.0241828044024372	0.0403386884779922	0.0185458809254809
-0.0271823270278331	-0.0500823724724369	-0.021358118101763	-0.0867166945434688	-0.0248035775061832	0.0413580313080382	0.0190087995437623
-0.02785479092094	-0.0513226847401494	-0.0219036784523835	-0.0888620708610077	-0.0254305647021229	0.0423865172010356	0.0194754898503623
-0.0285329171030499	-0.0525735240056585	-0.0224549643161258	-0.0910255114779754	-0.0260637128381576	0.0434240122513718	0.0199458744906847
-0.0292166085796587	-0.0538347145296404	-0.0230119454932281	-0.0932067062891166	-0.0267029693329251	0.0444703828659295	0.0204198760465727
-0.0299057684550179	-0.0551060807577551	-0.0235745924611354	-0.0954053454386028	-0.0273482821705833	0.0455254957664538	0.0208974170421744
-0.0306002999369686	-0.0563874473267471	-0.0241428763652564	-0.0976211193325198	-0.0279995998954384	0.0465892179919856	0.0213784199499647
-0.0313001063418912	-0.0576786390707122	-0.0247167690094752	-0.0998537186516846	-0.0286568716064226	0.0476614169013564	0.0218628071969212
-0.0320050910997696	-0.0589794810275239	-0.0252962428464246	-0.102102834364787	-0.0293200469514247	0.0487419601757447	0.0223505011708483
-0.0327151577593631	-0.0602897984454156	-0.0258812709675259	-0.104368157741847	-0.0299890761214772	0.0498307158212906	0.0228414242268473
-0.0334302099934862	-0.0616094167897161	-0.0264718270928053	-0.10664938036797	-0.0306639098448051	0.0509275521717687	0.0233354986939256
-0.0341501516043898	-0.0629381617497308	-0.0270678855604902	-0.108946194157413	-0.0313444993807386	0.052032337891317	0.0238326468817437
-0.0348748865292413	-0.0642758592457661	-0.0276694213163941	-0.111258291367921	-0.0320307965134936	0.0531449419772187	0.0243327910874924
-0.0356043188457	-0.0656223354362944	-0.028276409903096	-0.113585364615354	-0.0327227535458265	0.0542652337627379	0.0248358536029002
-0.0363383527775847	-0.06697741672525	-0.0288888274489208	-0.115927106888577	-0.033420323292562	0.0553930829200054	0.0253417567213617
-0.0370768927006278	-0.0683409297694582	-0.029506650656729	-0.118283211564615	-0.034123459074004	0.0565283594629526	0.0258504227451863
-0.0378198431483149	-0.0697127014861884	-0.0301298567925194	-0.120653372424056	-0.034832114709227	0.0576709337502951	0.0263617739929626
-0.0385671088178047	-0.0710925590608283	-0.0307584236738539	-0.123037283666698	-0.0355462445092561	0.0588206764885593	0.0268757328070316
-0.0393185945759254	-0.0724803299546765	-0.0313923296581107	-0.125434639927428	-0.0362658032701381	0.0599774587351551	0.0273922215610677
-0.0400742054652438	-0.0738758419128465	-0.0320315536305706	-0.12784513629233	-0.0369907462659067	0.0611411519014891	0.0279111626677604
-0.0408338467102049	-0.0752789229722798	-0.0326760749923461	-0.130268468315006	-0.0377210292414455	0.0623116277561196	0.0284324785865945
-0.0415974237233372	-0.0766894014698639	-0.0333258736481564	-0.132704332033101	-0.0384566084052535	0.0634887584279502	0.0289560918317238
-0.042364842111518	-0.0781071060506488	-0.0339809299939576	-0.135152423985036	-0.0391974404221153	0.0646724164094598	0.0294819249799329
-0.0431360076822998	-0.0795318656761608	-0.0346412249044335	-0.137612441226919	-0.0399434824056813	0.065862474559969	0.0300099006786839
-0.0439108264502892	-0.0809635096328076	-0.0353067397203538	-0.140084081349648	-0.0406946919109592	0.0670588061089399	0.0305399416542447
-0.0446892046435768	-0.0824018675403697	-0.0359774562358047	-0.142567042496174	-0.0414510269267226	0.0682612846593072	0.0310719707198909
-0.0454710487102153	-0.0838467693605776	-0.0366533566853006	-0.145061023378941	-0.0422124458678379	0.0694697841908414	0.0316059107841826
-0.0462562653247389	-0.085298045405765	-0.0373344237307828	-0.147565723297473	-0.0429789075675159	0.0706841790635383	0.0321416848593058
-0.0470447613947245	-0.0867555263475997	-0.0380206404485096	-0.150080842156103	-0.0437503712694879	0.0719043440210382	0.0326792160694789
-0.0478364440673868	-0.0882190432258839	-0.038711990315847	-0.152606080481852	-0.0445267966201135	0.0731301541940672	0.0332184276594168
-0.048631220736207	-0.0896884274574233	-0.0394084571979631	-0.15514113944243	-0.0453081436604205	0.0743614851039055	0.0337592430028514
-0.0494289990475886	-0.0911635108449556	-0.0401100253344372	-0.157685720864354	-0.0460943728180823	0.0755982126658746	0.0343015856110995
-0.0502296869075391	-0.0926441255861419	-0.0408166793257836	-0.160239527251187	-0.0468854448993338	0.0768402131928468	0.0348453791416805
-0.0510331924883718	-0.0941301042826098	-0.0415284041199024	-0.162802261801876	-0.0476813210808327	0.0780873633987728	0.0353905474069732
-0.0518394242354251	-0.0956212799490492	-0.042245184998459	-0.165373628429186	-0.0484819629014662	0.0793395404022247	0.0359370143829114
-0.0526482908737966	-0.0971174860223546	-0.0429670075632008	-0.167953331778223	-0.0492873322541071	0.0805966217299574	0.0364847042177137
-0.0534597014150856	-0.09861855637081	-0.0436938577222161	-0.170541077245033	-0.050097391377324	0.0818584853204801	0.0370335412406405
-0.0542735651641428	-0.100124325303312	-0.0444257216761427	-0.173136570995277	-0.0509121028470483	0.0831250095276426	0.0375834499707788
-0.0550897917258234	-0.101634627578633	-0.0451625859043295	-0.175739519982966	-0.0517314295681975	0.0843960731242307	0.0381343551258467
-0.055908291011738	-0.103149298414707	-0.0459044371509602	-0.17834963196925	-0.0525553347662668	0.0856715553055692	0.0386861816310139
-0.0567289732470012	-0.104668173497953	-0.0466512624111421	-0.180966615541257	-0.0533837819788799	0.0869513356931357	0.0392388546277378
-0.0575517489769701	-0.106191088992614	-0.0474030489169682	-0.183590180130967	-0.0542167350473139	0.0882352943381746	0.0397922994826061
-0.0583765290739741	-0.107717881550124	-0.0481597841235571	-0.186220036034121	-0.0550541581079935	0.0895233117253208	0.0403464417961846
-0.0592032247440268	-0.109248388318481	-0.0489214556950765	-0.188855894429152	-0.05589601558396	0.0908152687762209	0.0409012074118672
-0.060031747533523	-0.110782446951646	-0.049688051490756	-0.191497467396133	-0.0567422721763201	0.0921110468531582	0.0414565224247211
-0.0608620093359116	-0.112319895618939	-0.0504595595508953	-0.194144467935729	-0.0575928928556733	0.0934105277626755	0.0420123131903251
-0.0616939223983441	-0.113860573014448	-0.0512359680828734	-0.196796609988155	-0.0584478428535252	0.0947135937591961	0.0425685063335989
-0.062527399328296	-0.115404318366438	-0.0520172654471628	-0.199453608452125	-0.0593070876536852	0.0960201275486408	0.043125028757615
-0.0633623531001555	-0.116950971446757	-0.0528034401433561	-0.202115179203782	-0.0601705929836568	0.0973300122920402	0.0436818076523932
-0.0641986970617764	-0.11850037258024	-0.0535944807962099	-0.204781039115618	-0.0610383248060171	0.0986431316091384	0.0442387705036732
-0.0650363449409953	-0.120052362654103	-0.054390376141709	-0.207450906075352	-0.0619102493097937	0.0999593695819903	0.0447958451016596
-0.0658752108521053	-0.121606783127322	-0.0551911150131609	-0.21012449900478	-0.0627863329018391	0.101278610758548	0.0453529595497383
-0.0667152093022873	-0.123163476040007	-0.05599668632732	-0.212801537878581	-0.0636665421982058	0.102600740156237	0.0459100422731588
-0.0675562551979916	-0.124722284022741	-0.0568070790705518	-0.215481743743072	-0.0645508440155236	0.103925643265516	0.0464670220276789
-0.0683982638512714	-0.126283050305919	-0.0576222822850377	-0.218164838734904	-0.065439205362386	0.105253206053429	0.0470238279081704
-0.0692411509860611	-0.127845618729036	-0.0584422850550299	-0.220850546099701	-0.066331593430741	0.106583314967135	0.047580389357178
-0.0700848327443981	-0.129409833749974	-0.0592670764931566	-0.223538590210621	-0.0672279755872984	0.107915856937427	0.0481366361734323
-0.0709292256925872	-0.130975540454236	-0.0600966457267854	-0.226228696586844	-0.0681283193649461	0.109250719382225	0.0486924985203114
-0.0717742468273005	-0.132542584564157	-0.0609309818844495	-0.228920591911977	-0.0690325924541863	0.11058779021006	0.0492479069342469
-0.0726198135816141	-0.134110812448077	-0.0617700740823384	-0.23161400405237	-0.0699407626945885	0.111926957823524	0.0498027923330736
-0.0734658438309764	-0.135680071129465	-0.0626139114108628	-0.23430866207533	-0.0708527980662653	0.11326811112271	0.0503570860243161
-0.0743122558991058	-0.137250208296014	-0.0634624829212932	-0.237004296267242	-0.0717686666813709	0.114611139508618	0.0509107197134131
-0.0751589685638169	-0.138821072308675	-0.0643157776124783	-0.239700638151575	-0.0726883367756266	0.115955932886545	0.0514636255118731
-0.0760059010627694	-0.140392512210653	-0.0651737844176494	-0.242397420506774	-0.0736117766998746	0.117302381669442	0.0520157359453583
-0.0768529730991399	-0.141964377736345	-0.066036492191313	-0.245094377384036	-0.074538954911662	0.118650376781246	0.0525669839616962
-0.0777001048472139	-0.143536519320223	-0.0669038896962354	-0.247791244124956	-0.0754698399668588	0.119999809660183	0.053117302938815
-0.078547216957894	-0.145108788105664	-0.067775965590525	-0.250487757379046	-0.0764044005113114	0.121350572262044	0.0536666266925973
-0.079394230564124	-0.146681035953717	-0.068652708414815	-0.253183655121107	-0.0773426052725318	0.122702557063425	0.054214889484653
-0.0802410672862247	-0.148253115451806	-0.0695341065795515	-0.255878676668476	-0.0782844230514299	0.124055657064935	0.0547620260300054
-0.0810876492371416	-0.149824879922372	-0.0704201483523896	-0.258572562698103	-0.0792298227140829	0.12540976579438	0.0553079715046897
-0.0819338990275986	-0.151396183431441	-0.0713108218457026	-0.261265055263496	-0.0801787731835545	0.126764777309897	0.0558526615532612
-0.0827797397711615	-0.15296688079713	-0.0722061150042045	-0.263955897811491	-0.0811312434317542	0.128120586203065	0.0563960322962092
-0.0836250950892032	-0.154536827598072	-0.0731060155926971	-0.266644835198873	-0.0820872024713494	0.129477087601974	0.0569380203372742
-0.084469889115772	-0.15610588018177	-0.0740105111839346	-0.269331613708818	-0.083046619347724	0.130834177174259	0.0574785627706677
-0.085314046502361	-0.157673895672876	-0.0749195891466175	-0.272015981067168	-0.0840094631309914	0.13219175113009	0.0580175971881913
-0.0861574924225771	-0.159240731981386	-0.0758332366335153	-0.274697686458526	-0.084975702908059	0.133549706225128	0.0585550616862491
-0.0870001525767048	-0.160806247810756	-0.0767514405697221	-0.277376480542175	-0.0859453077747513	0.13490793976344	0.0590908948727585
-0.0878419531961677	-0.162370302665935	-0.0776741876410482	-0.280052115467799	-0.0869182468279878	0.136266349600365	0.0596250358739498
-0.0886828210478837	-0.163932756861307	-0.0786014642825491	-0.282724344891031	-0.0878944891580208	0.137624834145348	0.0601574243410577
-0.0895226834385114	-0.165493471528551	-0.0795332566671986	-0.285392923988786	-0.0888740038407363	0.138983292364724	0.0606880004568983
-0.0903614682185894	-0.167052308624409	-0.0804695506947044	-0.288057609474415	-0.0898567599300141	0.140341623784457	0.0612167049423329
-0.091199103786563	-0.168609130938361	-0.081410331980472	-0.290718159612639	-0.0908427264501561	0.141699728492838	0.0617434790626156
-0.092035519092703	-0.170163802100208	-0.0823555858447177	-0.293374334234295	-0.0918318723883778	0.143057507143134	0.0622682646336215
-0.0928706436429071	-0.171716186587559	-0.0833052973017351	-0.296025894750852	-0.0928241666873681	0.14441486095619	0.0627910040279557
-0.0937044075023911	-0.173266149733218	-0.0842594510493153	-0.298672604168733	-0.09381957823792	0.145771691722986	0.0633116401809395
-0.094536741299264	-0.174813557732479	-0.085218031458325	-0.301314227103406	-0.0948180758716301	0.147127901807141	0.0638301165964728
-0.0953675762279858	-0.176358277650312	-0.0861810225624436	-0.303950529793261	-0.0958196283536703	0.148483394147372	0.0643463773527725
-0.096196844052711	-0.177900177428452	-0.0871484080480631	-0.306581280113265	-0.0968242043756354	0.149838072259903	0.0648603671079808
-0.0970244771105131	-0.179439125892387	-0.0881201712443487	-0.309206247588387	-0.0978317725484628	0.15119184024082	0.0653720311056511
-0.0978504083144888	-0.180974992758229	-0.0890962951134695	-0.311825203406794	-0.0988423013954312	0.152544602768378	0.0658813151800942
-0.0986745711567475	-0.182507648639495	-0.0900767622409928	-0.314437920432821	-0.0998557593452354	0.153896265105256	0.0663881657616045
-0.099496899711276	-0.184036965053767	-0.09106155482645	-0.317044173219697	-0.100872114725141	0.155246733100755	0.0668925298815449
-0.100317328636687	-0.185562814429245	-0.0920506546740727	-0.319643738022044	-0.10189133575422	0.156595913192952	0.0673943551773015
-0.101135793178844	-0.187085070111201	-0.0930440431837018	-0.322236392808126	-0.102913390536666	0.157943712410792	0.0678935898971043
-0.101952229173368	-0.188603606368301	-0.0940417013418711	-0.324821917271866	-0.103938247055194	0.159290038376129	0.0683901829047079
-0.102766573048015	-0.190118298398831	-0.0950436097130652	-0.327400092844611	-0.104965873164523	0.160634799305712	0.0688840836839406
-0.103578761824945	-0.191629022336806	-0.0960497484311569	-0.329970702706656	-0.105996236584948	0.161977904013121	0.0693752423431093
-0.104388733122856	-0.193135655257954	-0.0970600971910205	-0.332533531798517	-0.107029304895989	0.163319261910635	0.0698636096192702
-0.105196425159002	-0.194638075185599	-0.0980746352403257	-0.335088366831958	-0.108065045530135	0.164658783011056	0.0703491368823581
-0.106001776751088	-0.196136161096413	-0.0990933413715125	-0.337634996300758	-0.109103425766674	0.165996377929476	0.0708317761391736
-0.106804727319045	-0.197629792926062	-0.100116193913946	-0.340173210491239	-0.110144412725614	0.167331957884976	0.0713114800372327
-0.107605216886674	-0.199118851574725	-0.101143170726257	-0.342702801492522	-0.111187973361686	0.168665434702283	0.0717882018684688
-0.108403186083183	-0.2006032189125	-0.102174249188861	-0.345223563206544	-0.112234074458451	0.169996720813354	0.0722618955728007
-0.109198576144583	-0.202082777784681	-0.103209406196666	-0.347735291357803	-0.113282682622489	0.17132572925892	0.0727325157415477
-0.109991328914985	-0.203557412016927	-0.104248618151965	-0.350237783502856	-0.114333764277683	0.172652373689955	0.0732000176207104
-0.11078138684775	-0.205027006420299	-0.105291860957507	-0.35273083903955	-0.115387285659598	0.173976568369094	0.0736643571141009
-0.111568693006544	-0.206491446796179	-0.106339110009766	-0.355214259215999	-0.116443212809955	0.175298228172	0.0741254907863341
-0.112353191066255	-0.207950619941067	-0.107390340192383	-0.357687847139294	-0.117501511571198	0.176617268588657	0.0745833758656716
-0.113134825313792	-0.209404413651252	-0.108445525869807	-0.360151407783953	-0.118562147581157	0.177933605724611	0.0750379702467216
-0.113913540648775	-0.210852716727366	-0.109504640881113	-0.362604748000115	-0.119625086267809	0.179247156302164	0.0754892324929965
-0.114689282584095	-0.212295418978809	-0.110567658534016	-0.365047676521461	-0.120690292844132	0.180557837661484	0.0759371218393242
-0.115461997246363	-0.213732411228049	-0.111634551599063	-0.367480003972877	-0.121757732303068	0.181865567761676	0.0763815981941127
-0.116231631376237	-0.215163585314803	-0.112705292304025	-0.369901542877855	-0.122827369412566	0.183170265181787	0.0768226221414752
-0.116998132328636	-0.21658883410009	-0.113779852328459	-0.372312107665629	-0.12389916871074	0.184471849121751	0.0772601549432083
-0.117761448072838	-0.218008051470157	-0.114858202798481	-0.374711514678048	-0.124973094501124	0.185770239403271	0.0776941585406236
-0.118521527192463	-0.219421132340285	-0.115940314281698	-0.37709958217618	-0.126049110848013	0.187065356470652	0.0781245955562416
-0.11927831888534	-0.220827972658472	-0.117026156782354	-0.379476130346662	-0.127127181571925	0.18835712139156	0.0785514292953342
-0.120031772963267	-0.222228469408977	-0.118115699736647	-0.381840981307782	-0.128207270245149	0.189645455857736	0.0789746237473325
-0.120781839851652	-0.22362252061576	-0.119208912008235	-0.384193959115294	-0.129289340187397	0.190930282185638	0.0793941435870838
-0.121528470589052	-0.225010025345779	-0.120305761883931	-0.38653488976798	-0.130373354461568	0.192211523317032	0.0798099541759733
-0.122271616826595	-0.226390883712169	-0.121406217069582	-0.388863601212939	-0.131459275869595	0.193489102819522	0.0802220215628972
-0.123011230827299	-0.227764996877301	-0.122510244686136	-0.391179923350629	-0.13254706694841	0.194762944887017	0.0806303124851024
-0.123747265465282	-0.229132267055708	-0.123617811265888	-0.393483688039632	-0.133636689966007	0.196032974340139	0.0810347943688777
-0.124479674224868	-0.230492597516891	-0.124728882748913	-0.395774729101169	-0.134728106917607	0.197299116626583	0.0814354353301111
-0.125208411199588	-0.231845892588001	-0.125843424479687	-0.398052882323358	-0.135821279521923	0.198561297821397	0.0818322041747065
-0.12593343109108	-0.233192057656396	-0.12696140120388	-0.400317985465208	-0.136916169217539	0.199819444627229	0.0822250703988591
-0.126654689207881	-0.234530999172071	-0.128082777065343	-0.402569878260357	-0.138012737159377	0.201073484374494	0.082614004189197
-0.127372141464134	-0.235862624649976	-0.129207515603265	-0.404808402420558	-0.139110944215281	0.202323345021491	0.0829989764227854
-0.128085744378176	-0.237186842672196	-0.130335579749519	-0.407033401638904	-0.140210750962701	0.203568955154466	0.083379958666993
-0.128795455071052	-0.23850356289002	-0.131466931826178	-0.40924472159281	-0.141312117685475	0.204810243987615	0.0837569231792267
-0.129501231264915	-0.239812696025882	-0.132601533543222	-0.411442209946731	-0.142415004370727	0.20604714136302	0.0841298429065296
-0.130203031281341	-0.241114153875186	-0.133739345996407	-0.413625716354635	-0.143519370705856	0.207279577750543	0.0844986914850494
-0.130900814039557	-0.242407849308	-0.134880329665321	-0.41579509246223	-0.144625176075639	0.208507484247655	0.0848634432393722
-0.131594539054567	-0.243693696270647	-0.136024444411614	-0.417950191908939	-0.145732379559435	0.209730792579207	0.0852240731817292
-0.132284166435199	-0.244971609787152	-0.137171649477394	-0.420090870329629	-0.146840939928493	0.210949435097148	0.0855805570110702
-0.13296965688206	-0.246241505960594	-0.138321903483807	-0.422216985356096	-0.147950815643366	0.212163344780189	0.0859328711120117
-0.133650971685414	-0.247503301974321	-0.139475164429778	-0.42432839661831	-0.149061964851425	0.213372455233406	0.0862809925536585
-0.134328072722963	-0.248756916093063	-0.140631389690929	-0.426424965745419	-0.150174345384483	0.214576700687793	0.0866248990882993
-0.135000922457563	-0.250002267663908	-0.141790536018663	-0.428506556366511	-0.151287914756519	0.215776015999757	0.0869645691499772
-0.135669483934847	-0.251239277117182	-0.142952559539418	-0.430573034111136	-0.152402630161511	0.216970336650561	0.087299981852935
-0.136333720780782	-0.252467865967201	-0.144117415754085	-0.432624266609609	-0.153518448471366	0.218159598745712	0.0876311169899478
-0.136993597199135	-0.25368795681291	-0.14528505953759	-0.434660123493057	-0.154635326233961	0.219343739014298	0.0879579550305256
-0.137649077968887	-0.254899473338409	-0.14645544513864	-0.436680476393254	-0.155753219671281	0.220522694808267	0.088280477119003
-0.138300128441553	-0.256102340313368	-0.147628526179638	-0.438685198942218	-0.156872084677671	0.221696404101659	0.0885986650725092
-0.138946714538447	-0.257296483593324	-0.148804255656746	-0.440674166771582	-0.157991876818177	0.222864805489783	0.0889125013788249
-0.139588802747874	-0.258481830119869	-0.149982585940115	-0.442647257511746	-0.159112551327004	0.224027838188346	0.0892219691941241
-0.140226360122255	-0.259658307920733	-0.151163468774276	-0.4446043507908	-0.16023406310607	0.225185442032524	0.0895270523406003
-0.140859354275186	-0.260825846109739	-0.152346855278676	-0.446545328233227	-0.161356366723664	0.226337557475992	0.089827735303987
-0.141487753378446	-0.261984374886678	-0.153532695948379	-0.448470073458401	-0.162479416413208	0.227484125589896	0.0901240032309657
-0.142111526158931	-0.263133825537045	-0.154720940654913	-0.450378472078852	-0.16360316607212	0.228625088061785	0.0904158419264669
-0.142730641895539	-0.264274130431692	-0.155911538647276	-0.45227041169833	-0.164727569260779	0.22976038719448	0.0907032378508654
-0.143345070415994	-0.265405223026358	-0.15710443855308	-0.454145781909657	-0.165852579201599	0.230889965904913	0.0909861781170683
-0.143954782093621	-0.266527037861107	-0.158299588379858	-0.456004474292367	-0.166978148778189	0.2320137677229	0.0912646504875081
-0.144559747844064	-0.267639510559654	-0.159496935516503	-0.457846382410147	-0.168104230534634	0.233131736789884	0.0915386433710237
-0.14515993912196	-0.268742577828586	-0.160696426734865	-0.459671401808069	-0.169230776674859	0.234243817857619	0.0918081458196515
-0.145755327917556	-0.269836177456493	-0.161898008191481	-0.461479430009627	-0.17035773906211	0.235349956286815	0.092073147525315
-0.14634588675329	-0.270920248312977	-0.163101625429452	-0.463270366513571	-0.171485069218521	0.236450098045735	0.0923336388164172
-0.146931588680326	-0.271994730347588	-0.164307223380461	-0.465044112790555	-0.172612718324794	0.237544189708748	0.0925896106543429
-0.147512407275037	-0.273059564588637	-0.165514746366924	-0.46680057227958	-0.173740637219966	0.238632178454844	0.092841054629866
-0.148088316635466	-0.274114693141922	-0.166724138104285	-0.468539650384261	-0.17486877640129	0.239714012066091	0.0930879629594659
-0.148659291377732	-0.275160059189358	-0.167935341703439	-0.470261254468892	-0.175997086024199	0.240789638926069	0.0933303284815582
-0.149225306632412	-0.276195606987508	-0.169148299673293	-0.471965293854346	-0.177125515902387	0.241859008018245	0.093568144652635
-0.149786338040886	-0.277221281866021	-0.170362953923459	-0.473651679813771	-0.178254015507969	0.242922068924319	0.0938014055433224
-0.150342361751643	-0.278237030225974	-0.171579245767073	-0.475320325568126	-0.179382533971755	0.243978771822519	0.094030105834354
-0.150893354416572	-0.279242799538126	-0.172797115923744	-0.476971146281529	-0.180511020083611	0.245029067485868	0.0942542408124644
-0.151439293187212	-0.280238538341076	-0.174016504522636	-0.478604059056436	-0.181639422292926	0.246072907280402	0.0944738063661992
-0.151980155710981	-0.281224196239333	-0.175237351105665	-0.480218982928652	-0.182767688709168	0.247110243163352	0.0946887989816523
-0.152515920127383	-0.282199723901298	-0.176459594630824	-0.481815838862168	-0.183895767102538	0.248141027681294	0.0948992157381263
-0.153046565064192	-0.283165073057156	-0.177683173475635	-0.483394549743834	-0.185023604904726	0.249165213968252	0.0951050543037125
-0.15357206963361	-0.284120196496678	-0.178908025440709	-0.484955040377875	-0.186151149209754	0.250182755743772	0.0953063129308091
-0.15409241342842	-0.285065048066949	-0.180134087753437	-0.486497237480241	-0.187278346774921	0.251193607310963	0.0955029904515618
-0.154607576518109	-0.285999582669997	-0.181361297071791	-0.488021069672802	-0.188405144021838	0.252197723554489	0.0956950862732377
-0.155117539444987	-0.286923756260344	-0.182589589488241	-0.489526467477389	-0.189531487037558	0.253195059938546	0.0958826003735317
-0.155622283220287	-0.287837525842479	-0.183818900533787	-0.491013363309684	-0.190657321575804	0.25418557250479	0.096065533295812
-0.156121789320255	-0.288740849468246	-0.1850491651821	-0.492481691472961	-0.191782593058281	0.255169217870238	0.0962438861442981
-0.156616039682238	-0.289633686234148	-0.186280317853782	-0.493931388151677	-0.192907246576095	0.256145953225143	0.0964176605791779
-0.157105016700759	-0.290515996278581	-0.187512292420718	-0.49536239140493	-0.194031226891247	0.257115736330824	0.0965868588116726
-0.157588703223584	-0.291387740778977	-0.188745022210558	-0.496774641159762	-0.195154478438235	0.25807852551748	0.0967514835990308
-0.158067082547793	-0.292248881948888	-0.189978440011281	-0.498168079204337	-0.196276945325734	0.259034279681964	0.0969115382394811
-0.158540138415847	-0.293099383034976	-0.191212478075884	-0.499542649180974	-0.197398571338379	0.259982958285532	0.0970670265671217
-0.159007855011652	-0.293939208313941	-0.192447068127156	-0.500898296579056	-0.198519299938627	0.260924521351564	0.0972179529467624
-0.159470216956627	-0.294768323089368	-0.193682141362569	-0.502234968727807	-0.19963907426872	0.261858929463257	0.0973643222687139
-0.159927209305777	-0.295586693688508	-0.194917628459253	-0.503552614788928	-0.200757837152725	0.262786143761292	0.0975061399435302
-0.160378817543768	-0.29639428745898	-0.196153459579083	-0.504851185749137	-0.201875531098676	0.263706125941469	0.0976434118967046
-0.160825027581011	-0.297191072765413	-0.197389564373853	-0.506130634412557	-0.202992098300793	0.264618838252328	0.0977761445633187
-0.161265825749752	-0.297977018986003	-0.198625871990549	-0.507390915393004	-0.204107480641796	0.265524243492735	0.0979043448826523
-0.161701198800177	-0.298752096509023	-0.199862311076716	-0.508631985106154	-0.205221619695305	0.26642230500945	0.0980280202927487
-0.162131133896519	-0.299516276729244	-0.201098809785915	-0.509853801761591	-0.206334456728326	0.267312986694668	0.0981471787249409
-0.162555618613191	-0.300269532044308	-0.202335295783273	-0.511056325354747	-0.207445932703822	0.268196252983542	0.0982618285983422
-0.162974640930919	-0.301011835851024	-0.203571696251122	-0.512239517658735	-0.20855598828337	0.269072068851683	0.0983719788142952
-0.163388189232905	-0.301743162541606	-0.204807937894724	-0.513403342216071	-0.209664563829909	0.269940399812636	0.098477638750797
-0.163796252300992	-0.302463487499845	-0.206043946948088	-0.514547764330295	-0.210771599410567	0.270801211915339	0.0985788182568781
-0.164198819311865	-0.30317278709722	-0.207279649179861	-0.51567275105749	-0.211877034799569	0.271654471741562	0.0986755276469629
-0.164595879833257	-0.303871038688954	-0.208514969899321	-0.516778271197704	-0.212980809481241	0.272500146403331	0.0987677776951919
-0.164987423820185	-0.304558220609995	-0.209749833962432	-0.517864295286266	-0.214082862653081	0.273338203540325	0.0988555796297211
-0.165373441611205	-0.305234312170953	-0.210984165778	-0.518930795585021	-0.21518313322893	0.274168611317264	0.0989389451269931
-0.165753923924692	-0.305899293653976	-0.212217889313891	-0.519977746073465	-0.216281559842212	0.274991338421282	0.0990178863059847
-0.166128861855147	-0.30655314630856	-0.213450928103344	-0.521005122439792	-0.217378080849257	0.275806354059273	0.099092415722433
-0.16649824686953	-0.307195852347313	-0.214683205251349	-0.522012902071853	-0.218472634332714	0.276613627955236	0.099162546363037
-0.166862070803613	-0.307827394941661	-0.215914643441112	-0.52300106404803	-0.219565158105035	0.277413130347597	0.0992282916396423
-0.167220325858374	-0.308447758217496	-0.217145164940583	-0.523969589128033	-0.220655589712043	0.278204831986519	0.0992896653834071
-0.167573004596414	-0.309056927250772	-0.218374691609072	-0.524918459743603	-0.221743866436582	0.278988704131205	0.0993466818389503
-0.167920099938403	-0.309654888063058	-0.219603144903927	-0.525847659989155	-0.222829925302236	0.279764718547179	0.0993993556584866
-0.168261605159565	-0.310241627617021	-0.220830445887288	-0.52675717561233	-0.22391370307714	0.280532847503565	0.0994477018959482
-0.168597513886188	-0.310817133811878	-0.22205651523291	-0.527646994004475	-0.224995136277861	0.281293063770348	0.0994917360010906
-0.168927820092172	-0.311381395478783	-0.223281273233059	-0.528517104191064	-0.226074161173353	0.282045340615634	0.0995314738135926
-0.169252518095615	-0.311934402376173	-0.224504639805475	-0.529367496822032	-0.227150713788997	0.282789651802892	0.0995669315571458
-0.169571602555428	-0.312476145185065	-0.225726534500397	-0.530198164162047	-0.228224729910712	0.283525971588192	0.0995981258335324
-0.16988506846799	-0.313006615504302	-0.226946876507663	-0.531009100080727	-0.229296145089142	0.284254274717437	0.0996250736167054
-0.170192911163842	-0.313525805845758	-0.228165584663865	-0.531800300042775	-0.230364894643919	0.284974536423583	0.0996477922468531
-0.170495126304416	-0.314033709629494	-0.229382577459582	-0.532571761098068	-0.231430913668001	0.285686732423855	0.0996662994244691
-0.170791709878809	-0.314530321178867	-0.230597773046665	-0.533323481871677	-0.232494137032081	0.286390838916962	0.099680613204415
-0.171082658200586	-0.315015635715602	-0.231811089245582	-0.534055462553831	-0.233554499389074	0.287086832580299	0.0996907519899835
-0.171367967904635	-0.315489649354811	-0.233022443552838	-0.534767704889827	-0.234611935178672	0.287774690567149	0.0996967345269642
-0.171647635944056	-0.315952359099982	-0.234231753148444	-0.535460212169885	-0.235666378631972	0.288454390503886	0.0996985798977061
-0.171921659587098	-0.316403762837907	-0.235438934903446	-0.536132989218946	-0.236717763776181	0.289125910487163	0.0996963075151885
-0.172190036414127	-0.316843859333595	-0.236643905387518	-0.536786042386425	-0.237766024439385	0.289789229081112	0.0996899371170913
-0.172452764314651	-0.317272648225117	-0.237846580876607	-0.537419379535915	-0.238811094255391	0.290444325314528	0.0996794887598759
-0.172709841484381	-0.317690130018436	-0.23904687736064	-0.538033010034841	-0.23985290666864	0.291091178678071	0.0996649828128695
-0.172961266422332	-0.318096306082177	-0.240244710551282	-0.538626944744063	-0.240891394939188	0.291729769121445	0.0996464399523545
-0.173207037927981	-0.318491178642374	-0.241439995889749	-0.539201196007448	-0.241926492147759	0.292360077050595	0.0996238811556744
-0.173447155098453	-0.31887475077717	-0.24263264855468	-0.539755777641389	-0.242958131200856	0.292982083324898	0.0995973276953438
-0.173681617325771	-0.319247026411488	-0.243822583470056	-0.540290704924285	-0.243986244835956	0.293595769254359	0.0995668011331713
-0.173910424294135	-0.319608010311656	-0.245009715313176	-0.540805994585988	-0.245010765626755	0.294201116596802	0.0995323233143952
-0.174133575977256	-0.319957708080003	-0.246193958522683	-0.5413016647972	-0.246031625988492	0.294798107555074	0.099493916361833
-0.174351072635735	-0.320296126149421	-0.247375227306642	-0.541777735158844	-0.24704875818333	0.295386724774246	0.0994516026700438
-0.174562914814486	-0.320623271777884	-0.248553435650661	-0.5422342266914	-0.24806209432581	0.295966951338818	0.0994054048995094
-0.174769103340209	-0.320939153042945	-0.249728497326073	-0.542671161824195	-0.249071566388359	0.296538770769936	0.0993553459708269
-0.174969639318908	-0.321243778836188	-0.250900325898159	-0.543088564384678	-0.250077106206874	0.297102167022604	0.0993014490589242
-0.175164524133456	-0.321537158857657	-0.252068834734416	-0.543486459587652	-0.251078645486361	0.297657124482909	0.0992437375872915
-0.175353759441204	-0.321819303610242	-0.253233937012882	-0.54386487402448	-0.252076115806639	0.298203627965252	0.0991822352222315
-0.175537347171646	-0.322090224394047	-0.254395545730498	-0.544223835652262	-0.253069448628104	0.298741662709585	0.0991169658671325
-0.175715289524124	-0.322349933300716	-0.255553573711517	-0.544563373782987	-0.254058575297561	0.299271214378656	0.09904795365676
-0.175887588965581	-0.322598443207729	-0.256707933615963	-0.544883519072658	-0.255043427054109	0.299792269055259	0.0989752229515729
-0.176054248228365	-0.322835767772674	-0.257858537948128	-0.545184303510386	-0.256023935035086	0.300304813239502	0.0988987983320624
-0.176215270308076	-0.32306192142749	-0.259005299065116	-0.545465760407476	-0.257000030282084	0.300808833846074	0.0988187045931131
-0.176370658461462	-0.323276919372667	-0.260148129185428	-0.545727924386473	-0.257971643747009	0.301304318201529	0.0987349667383926
-0.176520416204365	-0.323480777571436	-0.261286940397589	-0.545970831370195	-0.25893870629821	0.30179125404158	0.0986476099747613
-0.17666454730971	-0.32367351274392	-0.26242164466882	-0.546194518570747	-0.259901148726655	0.302269629508397	0.0985566597067142
-0.176803055805542	-0.323855142361258	-0.263552153853741	-0.546399024478514	-0.260858901752177	0.302739433147931	0.0984621415308474
-0.176935945973111	-0.324025684639704	-0.264678379703128	-0.546584388851131	-0.261811896029762	0.303200653907231	0.0983640812303507
-0.177063222344999	-0.324185158534704	-0.265800233872695	-0.546750652702446	-0.262760062155905	0.303653281131794	0.0982625047695336
-0.177184889703303	-0.324333583734931	-0.266917627931923	-0.546897858291451	-0.263703330675011	0.304097304562913	0.0981574382883761
-0.177300953077854	-0.324470980656316	-0.26803047337293	-0.547026049111219	-0.264641632085856	0.304532714335044	0.0980489080971126
-0.177411417744486	-0.324597370436035	-0.269138681619366	-0.547135269877804	-0.265574896848099	0.304959500973192	0.0979369406708445
-0.177516289223348	-0.324712774926482	-0.270242164035357	-0.54722556651914	-0.266503055388847	0.305377655390299	0.0978215626441862
-0.177615573277267	-0.324817216689215	-0.271340831934476	-0.547296986163932	-0.267426038109271	0.305787168884668	0.0977028008059437
-0.177709275910146	-0.324910718988869	-0.27243459658876	-0.547349577130511	-0.268343775391278	0.306188033137376	0.0975806820938215
-0.17779740336542	-0.324993305787066	-0.273523369237745	-0.547383388915714	-0.269256197604223	0.306580240209727	0.0974552335891697
-0.177879962124537	-0.325065001736275	-0.274607061097556	-0.547398472183715	-0.270163235111686	0.30696378254071	0.0973264825117572
-0.1779569589055	-0.325125832173676	-0.275685583370012	-0.547394878754879	-0.271064818278284	0.307338652944475	0.0971944562145888
-0.178028400661443	-0.325175823114979	-0.27675884725177	-0.547372661594585	-0.271960877476536	0.307704844607827	0.0970591821787479
-0.17809429457925	-0.325215001248235	-0.277826763943509	-0.547331874802048	-0.27285134309378	0.308062351087739	0.0969206880082808
-0.178154648078217	-0.325243393927617	-0.278889244659134	-0.547272573599135	-0.273736145539133	0.308411166308887	0.0967790014251158
-0.178209468808756	-0.325261029167191	-0.279946200635013	-0.547194814319175	-0.274615215250494	0.308751284561193	0.0966341502640191
-0.17825876465114	-0.325267935634651	-0.280997543139253	-0.547098654395757	-0.2754884827016	0.309082700497404	0.0964861624675863
-0.178302543714282	-0.325264142645041	-0.28204318348099	-0.54698415235152	-0.276355878409115	0.309405409130667	0.0963350660812723
-0.178340814334563	-0.325249680154464	-0.283083033019724	-0.546851367786954	-0.277217332939779	0.309719405832152	0.096180889248463
-0.178373585074692	-0.325224578753757	-0.284117003174671	-0.546700361369174	-0.278072776917581	0.310024686328675	0.0960236602055769
-0.178400864722608	-0.325188869662157	-0.285145005434148	-0.546531194820706	-0.278922141030991	0.310321246700348	0.095863407277216
-0.178422662290415	-0.325142584720941	-0.286166951364977	-0.546343930908263	-0.27976535604022	0.310609083378251	0.0957001588713486
-0.178438987013361	-0.325085756387058	-0.287182752621929	-0.54613863343152	-0.28060235278453	0.31088819314213	0.0955339434745341
-0.178449848348842	-0.325018417726727	-0.288192320957177	-0.545915367211885	-0.281433062189577	0.311158573118105	0.0953647896471887
-0.178455255975456	-0.324940602409032	-0.289195568229788	-0.545674198081264	-0.282257415274797	0.311420220776414	0.0951927260188924
-0.178455219792076	-0.324852344699492	-0.290192406415228	-0.545415192870838	-0.28307534316083	0.31167313392917	0.0950177812837327
-0.178449749916968	-0.32475367945361	-0.291182747614897	-0.545138419399815	-0.283886777076974	0.311917310728146	0.094839984195695
-0.178438856686941	-0.324644642110419	-0.292166504065684	-0.54484394646421	-0.284691648368687	0.312152749662582	0.0946593635640901
-0.178422550656519	-0.324525268685993	-0.293143588149541	-0.544531843825601	-0.285489888505111	0.312379449557014	0.0944759482490277
-0.178400842597159	-0.324395595766962	-0.294113912403088	-0.544202182199898	-0.286281429086645	0.312597409569132	0.0942897671569258
-0.178373743496489	-0.324255660503988	-0.295077389527224	-0.543855033246103	-0.287066201852536	0.312806629187656	0.0941008492360695
-0.178341264557577	-0.324105500605254	-0.296033932396768	-0.543490469555087	-0.287844138688515	0.313007108230241	0.0939092234722101
-0.178303417198235	-0.323945154329909	-0.296983454070117	-0.54310856463834	-0.288615171634459	0.313198846841406	0.0937149188842021
-0.178260213050343	-0.323774660481521	-0.297925867798919	-0.54270939291676	-0.289379232892086	0.31338184549049	0.0935179645196934
-0.178211663959206	-0.323594058401505	-0.298861087037764	-0.542293029709409	-0.290136254832673	0.313556104969627	0.0933183894508489
-0.178157781982934	-0.323403387962535	-0.299789025453894	-0.541859551222292	-0.290886170004817	0.313721626391754	0.093116222770124
-0.178098579391844	-0.323202689561952	-0.300709596936926	-0.541409034537127	-0.291628911142208	0.313878411188642	0.0929114935860801
-0.178034068667896	-0.322992004115154	-0.301622715608594	-0.540941557600133	-0.292364411171442	0.314026461108956	0.0927042310192427
-0.17796426250414	-0.322771373048972	-0.302528295832495	-0.540457199210801	-0.293092603219851	0.314165778216336	0.0924944641980098
-0.1778891738042	-0.322540838295032	-0.303426252223864	-0.539956039010686	-0.293813420623361	0.31429636488751	0.0922822222545929
-0.17780881568176	-0.322300442283117	-0.304316499659344	-0.539438157472192	-0.294526796934379	0.314418223810431	0.0920675343210164
-0.177723201460087	-0.322050227934498	-0.305198953286781	-0.538903635887361	-0.295232665929693	0.314531357982442	0.0918504295251507
-0.17763234467157	-0.321790238655278	-0.306073528535023	-0.538352556356681	-0.295930961618405	0.314635770708474	0.0916309369867989
-0.177536259057269	-0.321520518329703	-0.306940141123732	-0.537785001777874	-0.296621618249876	0.31473146559926	0.0914090858138208
-0.177434958566491	-0.321241111313478	-0.307798707073198	-0.537201055834715	-0.297304570321696	0.314818446569587	0.0911849050983065
-0.177328457356376	-0.320952062427066	-0.308649142714173	-0.536600802985831	-0.297979752587673	0.314896717836572	0.0909584239127942
-0.177216769791504	-0.320653416948983	-0.3094913646977	-0.535984328453527	-0.298647100065835	0.314966283917967	0.0907296713065343
-0.17709991044351	-0.320345220609078	-0.310325290004955	-0.535351718212605	-0.299306548046459	0.315027149630492	0.0904986763017995
-0.176977894090718	-0.320027519581814	-0.311150835957094	-0.534703058979194	-0.299958032100104	0.315079320088198	0.0902654678902337
-0.176850735717784	-0.319700360479528	-0.311967920225099	-0.534038438199581	-0.300601488085666	0.315122800700856	0.0900300750292581
-0.176718450515349	-0.319363790345699	-0.312776460839634	-0.533357944039056	-0.301236852158447	0.315157597172377	0.089792526638513
-0.176581053879706	-0.319017856648199	-0.3135763762009	-0.532661665370759	-0.301864060778231	0.315183715499264	0.08955285159635
-0.176438561412478	-0.318662607272538	-0.31436758508849	-0.531949691764535	-0.302483050717377	0.315201161969086	0.0893110787363703
-0.176290988920291	-0.318298090515111	-0.315150006671248	-0.531222113475792	-0.303093759068926	0.315209943158983	0.0890672368440046
-0.176138352414473	-0.31792435507643	-0.315923560517123	-0.530479021434375	-0.303696123254698	0.315210065934211	0.0888213546531455
-0.175980668110743	-0.317541450054359	-0.316688166603024	-0.529720507233444	-0.304290081033429	0.315201537446702	0.0885734608428198
-0.175817952428919	-0.31714942493734	-0.317443745324674	-0.528946663118356	-0.304875570508883	0.315184365133659	0.0883235840339095
-0.175650221992614	-0.316748329597618	-0.318190217506454	-0.52815758197556	-0.30545253013799	0.315158556716186	0.0880717527859178
-0.175477493628947	-0.316338214284465	-0.318927504411249	-0.527353357321498	-0.306020898738986	0.31512412019794	0.0878179955937836
-0.175299784368255	-0.315919129617391	-0.319655527750285	-0.526534083291519	-0.306580615499546	0.315081063863819	0.0875623408847363
-0.175117111443798	-0.315491126579369	-0.320374209692957	-0.525699854628797	-0.307131619984935	0.315029396278673	0.0873048170152036
-0.174929492291475	-0.315054256510046	-0.321083472876653	-0.52485076667326	-0.307673852146148	0.314969126286056	0.0870454522677579
-0.174736944549528	-0.314608571098959	-0.321783240416565	-0.523986915350533	-0.308207252328056	0.314900263006995	0.0867842748481158
-0.174539486058247	-0.314154122378751	-0.322473435915493	-0.523108397160881	-0.308731761277551	0.3148228158388	0.086521312882177
-0.174337134859679	-0.31369096271838	-0.323153983473633	-0.522215309168172	-0.309247320151684	0.314736794453895	0.0862565944131121
-0.174129909197324	-0.313219144816344	-0.323824807698359	-0.521307748988853	-0.309753870525808	0.314642208798691	0.0859901473984976
-0.173917827515827	-0.312738721693891	-0.324485833713985	-0.52038581478092	-0.31025135440171	0.314539069092475	0.0857219997074933
-0.173700908460667	-0.312249746688245	-0.325136987171513	-0.519449605232918	-0.310739714215734	0.314427385826341	0.0854521791180664
-0.173479170877836	-0.311752273445825	-0.325778194258371	-0.518499219552943	-0.311218892846912	0.314307169762146	0.0851807133142623
-0.173252633813514	-0.311246355915474	-0.326409381708121	-0.517534757457659	-0.311688833625067	0.314178431931493	0.0849076298835195
-0.173021316513726	-0.310732048341692	-0.327030476810164	-0.516556319161326	-0.312149480338922	0.314041183634754	0.0846329563140325
-0.172785238423998	-0.310209405257867	-0.327641407419415	-0.515564005364839	-0.312600777244191	0.313895436440114	0.0843567199921543
-0.172544419188998	-0.309678481479523	-0.328242101965955	-0.514557917244782	-0.31304266907166	0.313741202182648	0.0840789481998507
-0.172298878652162	-0.309139332097564	-0.328832489464673	-0.513538156442499	-0.313475101035254	0.31357849296343	0.0837996681121957
-0.172048636855313	-0.308592012471532	-0.329412499524871	-0.512504825053173	-0.313898018840094	0.313407321148672	0.0835189067949146
-0.171793714038261	-0.308036578222873	-0.329982062359851	-0.51145802561492	-0.314311368690529	0.313227699368888	0.0832366912019683
-0.171534130638389	-0.307473085228203	-0.330541108796478	-0.5103978610979	-0.314715097298164	0.313039640518095	0.0829530481731858
-0.171269907290229	-0.306901589612594	-0.331089570284707	-0.509324434893444	-0.315109151889855	0.31284315775304	0.0826680044319422
-0.171001064825008	-0.306322147742867	-0.331627378907094	-0.508237850803189	-0.315493480215703	0.312638264492456	0.0823815865828748
-0.170727624270192	-0.305734816220891	-0.332154467388266	-0.507138213028244	-0.315868030557007	0.312424974416352	0.0820938211096547
-0.170449606849	-0.305139651876898	-0.332670769104365	-0.506025626158352	-0.316232751734212	0.312203301465329	0.08180473437279
-0.170167033979906	-0.304536711762814	-0.333176218092459	-0.504900195161085	-0.316587593114826	0.311973259839924	0.0815143526074835
-0.169879927276113	-0.303926053145594	-0.33367074905992	-0.503762025371052	-0.316932504621312	0.311734863999991	0.0812227019215298
-0.169588308545015	-0.303307733500577	-0.334154297393764	-0.502611222479121	-0.317267436738959	0.311488128664104	0.0809298082932564
-0.169292199787635	-0.30268181050486	-0.334626799169959	-0.501447892521664	-0.317592340523723	0.311233068808991	0.0806356975695117
-0.168991623198029	-0.302048342030677	-0.33508819116269	-0.500272141869818	-0.317907167610038	0.310969699669	0.0803403954636907
-0.168686601162686	-0.301407386138806	-0.335538410853591	-0.499084077218769	-0.318211870218604	0.310698036735588	0.0800439275538115
-0.168377156259889	-0.300759001071979	-0.33597739644093	-0.497883805577048	-0.318506401164138	0.310418095756849	0.0797463192806281
-0.168063311259058	-0.300103245248332	-0.33640508684876	-0.49667143425586	-0.318790713863096	0.31012989273706	0.0794475959457938
-0.167745089120063	-0.29944017725485	-0.336821421736016	-0.495447070858422	-0.319064762341364	0.30983344393626	0.07914778271006
-0.167422512992517	-0.298769855840851	-0.337226341505583	-0.494210823269329	-0.319328501241906	0.309528765869862	0.0788469045915235
-0.167095606215035	-0.298092339911476	-0.3376197873133	-0.492962799643942	-0.319581885832387	0.309215875308282	0.0785449864639142
-0.166764392314473	-0.297407688521219	-0.338001701076934	-0.491703108397802	-0.319824872012756	0.308894789276611	0.078242053054927
-0.166428895005129	-0.296715960867456	-0.33837202548509	-0.490431858196056	-0.320057416322783	0.308565525054298	0.0779381289445907
-0.166089138187926	-0.296017216284021	-0.33873070400609	-0.489149157942922	-0.320279475949571	0.308228100174878	0.0776332385636893
-0.165745145949558	-0.295311514234788	-0.339077680896774	-0.487855116771168	-0.320491008735008	0.307882532425712	0.0773274061922133
-0.165396942561609	-0.294598914307295	-0.339412901211278	-0.486549844031624	-0.3206919731832	0.307528839847766	0.077020655957862
-0.165044552479638	-0.293879476206377	-0.339736310809737	-0.485233449282716	-0.32088232846784	0.30716704073541	0.0767130118345835
-0.164688000342243	-0.293153259747841	-0.34004785636694	-0.483906042280029	-0.321062034439544	0.306797153636248	0.0764044976411566
-0.164327310970078	-0.292420324852161	-0.340347485380928	-0.482567732965899	-0.321231051633146	0.306419197350973	0.0760951370398139
-0.163962509364851	-0.291680731538204	-0.340635146181534	-0.481218631459025	-0.321389341274922	0.306033190933246	0.0757849535349053
-0.163593620708281	-0.290934539916992	-0.340910787938867	-0.479858848044125	-0.321536865289803	0.305639153689607	0.0754739704716049
-0.163220670361031	-0.290181810185479	-0.341174360671723	-0.478488493161613	-0.321673586308501	0.305237105179406	0.0751622110346542
-0.162843683861597	-0.289422602620386	-0.341425815255952	-0.477107677397309	-0.321799467674615	0.304827065214769	0.0748496982471525
-0.162462686925168	-0.28865697757204	-0.341665103432742	-0.475716511472173	-0.321914473451662	0.304409053860571	0.0745364549693785
-0.162077705442458	-0.287884995458267	-0.341892177816857	-0.474315106232094	-0.322018568430072	0.303983091434459	0.0742225038976595
-0.161688765478491	-0.28710671675832	-0.342106991904794	-0.472903572637682	-0.32211171813412	0.303549198506879	0.0739078675632768
-0.161295893271361	-0.286322202006823	-0.34230950008288	-0.471482021754119	-0.322193888828802	0.30310739590114	0.0735925683314123
-0.160899115230954	-0.28553151178778	-0.342499657635299	-0.470050564741036	-0.322265047526661	0.302657704693498	0.0732766284001315
-0.160498457937633	-0.284734706728602	-0.342677420752045	-0.468609312842424	-0.322325161994547	0.302200146213263	0.0729600697994102
-0.160093948140891	-0.283931847494176	-0.342842746536811	-0.467158377376586	-0.322374200760329	0.301734742042934	0.0726429143901955
-0.159685612757962	-0.283122994780983	-0.342995593014796	-0.465697869726126	-0.322412133119534	0.301261514018355	0.0723251838635096
-0.159273478872402	-0.282308209311247	-0.343135919140447	-0.464227901327975	-0.322438929141934	0.300780484228892	0.0720068997395884
-0.158857573732634	-0.281487551827134	-0.343263684805117	-0.462748583663464	-0.32245455967807	0.300291675017641	0.0716880833670607
-0.158437924750449	-0.280661083084984	-0.343378850844652	-0.461260028248427	-0.322458996365706	0.299795108981649	0.0713687559221644
-0.158014559499479	-0.279828863849598	-0.343481379046899	-0.459762346623353	-0.322452211636229	0.299290808972161	0.0710489384079998
-0.157587505713633	-0.27899095488856	-0.343571232159133	-0.458255650343586	-0.322434178720974	0.298778798094897	0.0707286516538241
-0.157156791285486	-0.278147416966615	-0.343648373895402	-0.456740050969554	-0.322404871657486	0.298259099710338	0.0704079163143766
-0.156722444264649	-0.277298310840086	-0.343712768943799	-0.455215660057061	-0.322364265295714	0.29773173743404	0.0700867528692471
-0.156284492856082	-0.276443697251341	-0.343764382973635	-0.453682589147608	-0.322312335304141	0.297196735136972	0.0697651816222779
-0.155842965418391	-0.27558363692331	-0.343803182642547	-0.452140949758775	-0.322249058175832	0.296654116945868	0.0694432227010016
-0.15539789046207	-0.274718190554053	-0.343829135603504	-0.450590853374646	-0.322174411234425	0.296103907243609	0.0691208960561202
-0.154949296647721	-0.273847418811375	-0.343842210511734	-0.449032411436281	-0.322088372640037	0.295546130669611	0.0687982214610118
-0.154497212784226	-0.272971382327498	-0.343842377031566	-0.447465735332241	-0.321990921395112	0.294980812120248	0.0684752185112813
-0.154041667826895	-0.272090141693781	-0.343829605843171	-0.44589093638917	-0.321882037350182	0.294407976749289	0.0681519066243422
-0.153582690875567	-0.271203757455498	-0.343803868649231	-0.444308125862418	-0.321761701209555	0.293827649968346	0.0678283050390342
-0.153120311172675	-0.270312290106667	-0.343765138181497	-0.442717414926726	-0.321629894536937	0.293239857447354	0.0675044328152761
-0.152654558101293	-0.269415800084939	-0.343713388207271	-0.44111891466697	-0.321486599760964	0.292644625115066	0.0671803088337529
-0.152185461183121	-0.268514347766542	-0.343648593535782	-0.439512736068955	-0.321331800180668	0.292041979159556	0.0668559517956403
-0.151713050076454	-0.267607993461278	-0.343570730024476	-0.437898990010263	-0.321165479970852	0.291431946028756	0.0665313802223583
-0.151237354574109	-0.266696797407588	-0.343479774585205	-0.436277787251168	-0.320987624187398	0.290814552430996	0.0662066124553621
-0.150758404601324	-0.265780819767672	-0.343375705190325	-0.434649238425615	-0.320798218772488	0.290189825335573	0.0658816666559676
-0.150276230213607	-0.264860120622666	-0.343258500878684	-0.433013454032241	-0.320597250559739	0.289557791973325	0.0655565608052058
-0.149790861594575	-0.263934759967887	-0.343128141761527	-0.431370544425485	-0.320384707279269	0.288918479837236	0.0652313127037161
-0.149302329053734	-0.263004797708133	-0.342984609028291	-0.429720619806732	-0.320160577562666	0.288271916683041	0.064905939971666
-0.148810663024248	-0.262070293653058	-0.3428278849523	-0.428063790215555	-0.319924850947884	0.287618130529862	0.0645804600487105
-0.148315894060663	-0.261131307512601	-0.342657952896361	-0.426400165521002	-0.319677517884047	0.286957149660844	0.0642548901939792
-0.147818052836598	-0.260187898892478	-0.342474797318256	-0.424729855412943	-0.319418569736169	0.28628900262382	0.063929247486093
-0.147317170142417	-0.259240127289757	-0.342278403776131	-0.423052969393515	-0.319147998789797	0.285613718231986	0.0636035488232198
-0.146813276882854	-0.258288052088476	-0.342068758933775	-0.421369616768617	-0.318865798255546	0.28493132556458	0.0632778109231564
-0.146306404074621	-0.257331732555352	-0.341845850565806	-0.419679906639474	-0.318571962273574	0.284241853967595	0.0629520503234411
-0.145796582843976	-0.256371227835542	-0.341609667562736	-0.417983947894289	-0.318266485917947	0.283545333054488	0.0626262833815021
-0.145283844424269	-0.255406596948478	-0.341360199935937	-0.416281849199956	-0.317949365200921	0.282841792706907	0.06230052627483
-0.144768220153458	-0.254437898783783	-0.341097438822502	-0.41457371899386	-0.317620597077143	0.282131263075443	0.0619747950011856
-0.144249741471591	-0.25346519209724	-0.340821376489987	-0.412859665475741	-0.317280179447747	0.281413774580368	0.0616491053788348
-0.143728439918273	-0.252488535506845	-0.340532006341052	-0.41113979659965	-0.31692811116437	0.280689357912413	0.0613234730468162
-0.143204347130092	-0.251507987488935	-0.340229322917992	-0.409414220065977	-0.316564392033078	0.279958044033546	0.0609979134652331
-0.142677494838033	-0.250523606374376	-0.339913321907149	-0.40768304331356	-0.316189022818186	0.279219864177751	0.0606724419155811
-0.142147914864855	-0.249535450344842	-0.339584000143219	-0.405946373511884	-0.315802005246001	0.278474849851836	0.0603470735010999
-0.141615639122454	-0.248543577429157	-0.339241355613449	-0.404204317553352	-0.315403342008466	0.277723032836246	0.060021823147153
-0.141080699609196	-0.247548045499718	-0.338885387461711	-0.402456982045656	-0.314993036766705	0.276964445185874	0.0596967056016396
-0.140543128407229	-0.246548912268994	-0.338516095992473	-0.400704473304219	-0.314571094154481	0.276199119230901	0.0593717354354329
-0.140002957679775	-0.245546235286105	-0.338133482674652	-0.398946897344746	-0.314137519781563	0.275427087577633	0.059046927042845
-0.139460219668399	-0.244540071933468	-0.337737550145346	-0.397184359875836	-0.31369232023698	0.274648383109349	0.0587222946421161
-0.138914946690262	-0.243530479423539	-0.337328302213464	-0.395416966291716	-0.313235503092204	0.273863038987162	0.0583978522759408
-0.138367171135346	-0.24251751479562	-0.336905743863226	-0.393644821665046	-0.312767076904215	0.273071088650881	0.0580736138120098
-0.137816925463674	-0.241501234912751	-0.336469881257559	-0.391868030739826	-0.312287051218487	0.272272565819893	0.0577495929435849
-0.137264242202501	-0.240481696458686	-0.336020721741368	-0.390086697924402	-0.311795436571867	0.27146750449404	0.0574258031900958
-0.136709153943494	-0.239458955934942	-0.335558273844688	-0.388300927284555	-0.311292244495357	0.270655938954509	0.0571022578977695
-0.136151693339902	-0.23843306965794	-0.335082547285732	-0.38651082253671	-0.310777487516805	0.26983790376473	0.0567789702402776
-0.135591893103697	-0.23740409375622	-0.334593552973807	-0.384716487041223	-0.310251179163496	0.26901343377128	0.0564559532194111
-0.135029786002722	-0.236372084167742	-0.334091303012114	-0.382918023795781	-0.309713333964644	0.268182564104792	0.0561332196657845
-0.134465404857804	-0.235337096637272	-0.333575810700439	-0.381115535428903	-0.309163967453784	0.26734533018087	0.0558107822395586
-0.133898782539883	-0.234299186713851	-0.333047090537712	-0.379309124193548	-0.30860309617107	0.266501767701011	0.0554886534311901
-0.133329951967101	-0.233258409748343	-0.332505158224456	-0.377498891960818	-0.308030737665472	0.265651912653532	0.0551668455622082
-0.13275894610191	-0.232214820891081	-0.331950030665115	-0.375684940213775	-0.307446910496879	0.264795801314501	0.0548453707860076
-0.13218579794815	-0.231168475089585	-0.331381725970257	-0.373867370041371	-0.306851634238092	0.263933470248669	0.0545242410886727
-0.13161054054814	-0.230119427086373	-0.330800263458667	-0.37204628213248	-0.306244929476735	0.263064956310419	0.0542034682898204
-0.131033206979744	-0.229067731416855	-0.330205663659307	-0.370221776770038	-0.305626817817048	0.262190296644703	0.0538830640434665
-0.130453830353448	-0.228013442407316	-0.329597948313171	-0.368393953825309	-0.304997321881596	0.26130952868799	0.0535630398389153
-0.12987244380943	-0.226956614172989	-0.328977140375007	-0.366562912752254	-0.304356465312874	0.260422690169222	0.0532434070016718
-0.129289080514617	-0.225897300616204	-0.328343264014925	-0.364728752582012	-0.303704272774809	0.25952981911076	0.0529241766943722
-0.128703773659766	-0.224835555424641	-0.327696344619887	-0.362891571917516	-0.303040769954171	0.25863095382935	0.0526053599177436
-0.128116556456514	-0.223771432069654	-0.327036408795067	-0.361051468928201	-0.302365983561871	0.257726132937073	0.0522869675115749
-0.127527462134456	-0.2227049838047	-0.326363484365106	-0.359208541344856	-0.30167994133418	0.256815395342312	0.0519690101557178
-0.126936523938213	-0.221636263663841	-0.325677600375227	-0.357362886454581	-0.300982672033831	0.255898780250711	0.0516514983711036
-0.126343775124507	-0.220565324460348	-0.324978787092252	-0.355514601095869	-0.300274205451033	0.254976327166138	0.0513344425207806
-0.125749248959237	-0.219492218785384	-0.324267076005478	-0.353663781653819	-0.299554572404374	0.254048075891656	0.0510178528109737
-0.125152978714574	-0.218416999006784	-0.323542499827452	-0.351810524055464	-0.298823804741646	0.25311406653048	0.0507017392921603
-0.124554997666048	-0.217339717267918	-0.322805092494606	-0.349954923765229	-0.298081935340545	0.252174339486947	0.0503861118601714
-0.123955339089655	-0.21626042548665	-0.322054889167798	-0.348097075780522	-0.297328998109301	0.25122893546749	0.0500709802573054
-0.12335403625897	-0.215179175354379	-0.321291926232702	-0.346237074627442	-0.29656502798718	0.250277895481586	0.0497563540734651
-0.122751122442277	-0.214096018335181	-0.320516241300113	-0.344375014356633	-0.295790060944916	0.249321260842743	0.0494422427473123
-0.1221466308997	-0.213011005665024	-0.319727873206102	-0.342510988539245	-0.295004133985026	0.248359073169447	0.0491286555674376
-0.121540594880363	-0.211924188351094	-0.318926862012075	-0.340645090263059	-0.294207285142034	0.24739137438614	0.0488156016735542
-0.120933047619556	-0.210835617171192	-0.318113249004702	-0.338777412128717	-0.293399553482598	0.246418206724173	0.0485030900577055
-0.120324022335919	-0.209745342673235	-0.317287076695733	-0.336908046246106	-0.292580979105543	0.245439612722775	0.0481911295654885
-0.119713552228648	-0.208653415174839	-0.316448388821691	-0.335037084230873	-0.291751603141791	0.244455635230009	0.0478797288972989
-0.119101670474715	-0.207559884762995	-0.315597230343455	-0.33316461720107	-0.290911467754198	0.243466317403731	0.0475688966095898
-0.118488410226115	-0.206464801293833	-0.314733647445723	-0.331290735773947	-0.290060616137296	0.242471702712545	0.0472586411161478
-0.117873804607129	-0.20536821439248	-0.313857687536355	-0.329415530062887	-0.28919909251694	0.241471834936759	0.0469489706893853
-0.117257886711614	-0.204270173453005	-0.312969399245607	-0.327539089674468	-0.288326942149854	0.240466758169332	0.0466398934616487
-0.116640689600317	-0.203170727638452	-0.312068832425244	-0.325661503705682	-0.287444211323092	0.239456516816825	0.0463314174265417
-0.11602224629821	-0.202069925880968	-0.31115603814754	-0.323782860741287	-0.286550947353395	0.238441155600344	0.0460235504402666
-0.115402589791865	-0.200967816882015	-0.310231068704169	-0.321903248851316	-0.285647198586464	0.237420719556483	0.0457163002229766
-0.114781753026839	-0.199864449112675	-0.309293977604965	-0.320022755588711	-0.284733014396124	0.236395254038256	0.0454096743601467
-0.114159768905107	-0.198759870814042	-0.308344819576598	-0.318141467987128	-0.283808445183422	0.235364804716041	0.0451036803039569
-0.113536670282512	-0.197654129997704	-0.307383650561108	-0.316259472558868	-0.282873542375601	0.234329417578502	0.0447983253746887
-0.112912489966255	-0.196547274446314	-0.30641052771434	-0.314376855292969	-0.281928358425002	0.233289138933516	0.0444936167621412
-0.112287260712418	-0.195439351714247	-0.305425509404278	-0.312493701653449	-0.280972946807877	0.232244015409097	0.0441895615270529
-0.111661015223516	-0.194330409128348	-0.304428655209244	-0.310610096577685	-0.280007362023095	0.231194093954312	0.0438861666025427
-0.111033786146093	-0.193220493788769	-0.303420025916011	-0.308726124474965	-0.279031659590775	0.230139421840192	0.0435834387955626
-0.110405606068351	-0.192109652569887	-0.302399683517791	-0.306841869225173	-0.278045896050817	0.22908004666064	0.0432813847883631
-0.109776507517816	-0.190997932121315	-0.301367691212121	-0.304957414177638	-0.27705012896135	0.228016016333332	0.0429800111399708
-0.109146522959047	-0.189885378869	-0.300324113398646	-0.303072842150135	-0.276044416897096	0.226947379100617	0.0426793242876783
-0.108515684791383	-0.188772039016403	-0.29926901567678	-0.301188235428038	-0.275028819447633	0.225874183530401	0.0423793305485487
-0.107884025346738	-0.187657958545769	-0.298202464843278	-0.299303675763637	-0.274003397215589	0.224796478517045	0.0420800361209276
-0.107251576887432	-0.186543183219483	-0.297124528889697	-0.297419244375604	-0.272968211814736	0.223714313282233	0.0417814470859727
-0.106618371604067	-0.185427758581504	-0.296035276999739	-0.295535021948613	-0.271923325867997	0.222627737375852	0.0414835694091864
-0.105984441613457	-0.184311729958895	-0.294934779546516	-0.293651088633133	-0.270868803005384	0.221536800676859	0.0411864089419689
-0.105349818956596	-0.183195142463428	-0.293823108089691	-0.291767524045369	-0.269804707861839	0.220441553394145	0.0408899714231763
-0.104714535596675	-0.182078040993276	-0.292700335372524	-0.289884407267362	-0.268731106074989	0.219342046067387	0.0405942624806893
-0.104078623417155	-0.180960470234789	-0.291566535318822	-0.28800181684725	-0.26764806428283	0.218238329567899	0.0402992876329954
-0.103442114219883	-0.179842474664354	-0.290421783029784	-0.286119830799704	-0.266555650121324	0.217130455099477	0.0400050522907785
-0.102805039723258	-0.178724098550329	-0.289266154780745	-0.284238526606499	-0.26545393222191	0.216018474199231	0.0397115617585201
-0.10216743156046	-0.17760538595507	-0.288099728017822	-0.282357981217273	-0.264342980208938	0.214902438738414	0.0394188212361093
-0.101529321277718	-0.176486380737032	-0.286922581354473	-0.280478271050431	-0.263222864697028	0.213782400923253	0.0391268358204634
-0.100890740332648	-0.175367126552952	-0.28573479456795	-0.278599471994227	-0.26209365728835	0.212658413295753	0.0388356105071548
-0.100251720092629	-0.174247666860109	-0.284536448595653	-0.276721659407993	-0.260955430569811	0.211530528734513	0.0385451501920502
-0.0996122918332524	-0.17312804491867	-0.283327625531401	-0.274844908123548	-0.259808258110188	0.210398800455523	0.038255459672958
-0.0989724867368164	-0.172008303794106	-0.282108408621606	-0.272969292446761	-0.25865221445717	0.209263282012962	0.0379665436512826
-0.0983323358908873	-0.170888486359695	-0.280878882261351	-0.271094886159286	-0.257487375134326	0.208124027299984	0.037678406733687
-0.0976918702869135	-0.169768635299091	-0.279639131990379	-0.269221762520458	-0.256313816638004	0.206981090549495	0.0373910534337661
-0.0970511208189034	-0.168648793108978	-0.278389244488991	-0.267349994269353	-0.255131616434151	0.205834526334924	0.0371044881737253
-0.0964101182821665	-0.167529002101801	-0.277129307573865	-0.265479653627026	-0.253940852955064	0.204684389570993	0.0368187152860692
-0.0957688933721107	-0.166409304408563	-0.27585941019377	-0.263610812298897	-0.252741605596069	0.203530735514473	0.0365337390152939
-0.0951274766831074	-0.165289741981704	-0.274579642425203	-0.261743541477319	-0.251533954712123	0.202373619764927	0.036249563519591
-0.0944858987074193	-0.16417035659805	-0.273290095467948	-0.259877911844307	-0.250317981614355	0.20121309826546	0.0359661928725559
-0.0938441898341897	-0.163051189861835	-0.271990861640524	-0.258013993574427	-0.249093768566531	0.200049227303443	0.0356836310649033
-0.0932023803485049	-0.1619322832078	-0.270682034375592	-0.256151856337871	-0.247861398781457	0.198882063511256	0.0354018820061917
-0.0925605004305106	-0.160813677904352	-0.269363708215229	-0.254291569303675	-0.246620956417305	0.197711663866985	0.0351209495265504
-0.0919185801546097	-0.159695415056808	-0.268035978806171	-0.252433201143127	-0.245372526573888	0.196538085695154	0.0348408373784166
-0.0912766494887135	-0.158577535610692	-0.266698942894932	-0.25057682003332	-0.244116195288846	0.195361386667409	0.0345615492382749
-0.0906347382935731	-0.157460080355121	-0.265352698322878	-0.248722493660894	-0.242852049533799	0.194181624803229	0.0342830887084079
-0.0899928763221713	-0.156343089926234	-0.263997344021201	-0.246870289225931	-0.241580177210404	0.192998858470604	0.034005459318647
-0.089351093219188	-0.155226604810715	-0.262632980005829	-0.245020273446017	-0.240300667146377	0.191813146386716	0.0337286645281314
-0.0887094185205358	-0.154110665349358	-0.261259707372252	-0.243172512560482	-0.239013609091429	0.190624547618614	0.0334527077270746
-0.0880678816529668	-0.152995311740717	-0.259877628290289	-0.241327072334796	-0.237719093713167	0.189433121583875	0.0331775922385313
-0.0874265119337448	-0.151880584044802	-0.258486845998754	-0.239484018065131	-0.236417212592905	0.188238928051257	0.0329033213201729
-0.0867853385704014	-0.150766522186863	-0.257087464800084	-0.237643414583104	-0.235108058221452	0.187042027141356	0.0326298981660676
-0.0861443906605508	-0.149653165961205	-0.255679590054869	-0.235805326260663	-0.233791723994806	0.185842479327239	0.0323573259084635
-0.0855036971917881	-0.148540555035095	-0.254263328176327	-0.233969817015161	-0.23246830420982	0.184640345435076	0.0320856076195786
-0.0848632870416541	-0.147428728952712	-0.252838786624707	-0.23213695031458	-0.231137894059791	0.18343568664477	0.0318147463133925
-0.0842231889776784	-0.146317727139163	-0.251406073901626	-0.230306789182927	-0.229800589630016	0.18222856449057	0.0315447449474453
-0.0835834316574927	-0.145207588904553	-0.249965299544333	-0.228479396205793	-0.228456487893265	0.181019040861681	0.0312756064246387
-0.0829440436290212	-0.144098353448126	-0.248516574119921	-0.226654833536073	-0.227105686705233	0.179807178002864	0.0310073335950398
-0.0823050533307469	-0.142990059862449	-0.247060009219469	-0.22483316289986	-0.225748284799918	0.178593038515036	0.0307399292576941
-0.0816664890920473	-0.141882747137655	-0.245595717452111	-0.223014445602483	-0.224384381784952	0.177376685355845	0.0304733961624344
-0.0810283791336125	-0.140776454165755	-0.244123812439074	-0.22119874253473	-0.223014078136897	0.176158181840261	0.0302077370117007
-0.0803907515679331	-0.13967121974498	-0.242644408807611	-0.21938611417921	-0.221637475196459	0.174937591641135	0.0299429544623579
-0.0797536343998691	-0.138567082584204	-0.241157622184928	-0.217576620616898	-0.2202546751637	0.173714978789775	0.0296790511275194
-0.079117055527289	-0.137464081307397	-0.239663569192003	-0.215770321533822	-0.218865781093156	0.172490407676489	0.0294160295783739
-0.0784810427417901	-0.13636225445814	-0.23816236743739	-0.213967276227917	-0.217470896888945	0.171263943051144	0.0291538923460144
-0.0778456237294929	-0.135261640504194	-0.236654135510939	-0.212167543616044	-0.216070127299811	0.170035650023703	0.0288926419232704
-0.0772108260719102	-0.134162277842109	-0.235138992977479	-0.210371182241152	-0.214663577914129	0.168805594064756	0.0286322807665417
-0.0765766772468958	-0.133064204801887	-0.23361706037044	-0.208578250279611	-0.213251355154864	0.167573841006053	0.0283728112976369
-0.0759432046296666	-0.131967459651695	-0.232088459185427	-0.206788805548691	-0.211833566274494	0.166340457041016	0.0281142359056132
-0.0753104354939047	-0.13087208060262	-0.230553311873747	-0.205002905514205	-0.210410319349892	0.165105508725261	0.0278565569486172
-0.0746783970129301	-0.129778105813471	-0.229011741835876	-0.203220607298296	-0.208981723277153	0.163869062977093	0.0275997767557313
-0.0740471162609572	-0.128685573395633	-0.227463873414897	-0.201441967687386	-0.207547887766409	0.162631187078013	0.0273438976288189
-0.0734166202144192	-0.12759452141795	-0.225909831889864	-0.199667043140271	-0.206108923336573	0.161391948673203	0.0270889218443732
-0.0727869357533759	-0.126504987911662	-0.224349743469152	-0.197895889796368	-0.204664941310077	0.160151415772016	0.0268348516553672
-0.0721580896629921	-0.125417010875385	-0.222783735283734	-0.196128563484111	-0.203216053807549	0.158909656748448	0.0265816892931061
-0.0715301086350938	-0.124330628280124	-0.22121193538044	-0.194365119729499	-0.201762373742472	0.157666740341615	0.0263294369690814
-0.0709030192698013	-0.123245878074331	-0.219634472715158	-0.192605613764787	-0.200304014815803	0.156422735656216	0.0260780968768258
-0.0702768480772327	-0.122162798188999	-0.218051477145992	-0.190850100537317	-0.198841091510548	0.155177712162986	0.0258276711937694
-0.0696516214792892	-0.121081426542801	-0.216463079426402	-0.189098634718513	-0.197373719086328	0.153931739699159	0.0255781620830985
-0.0690273658115073	-0.120001801047255	-0.214869411198276	-0.187351270712991	-0.195902013573885	0.152684888468901	0.0253295716956148
-0.0684041073249902	-0.11892395961193	-0.21327060498499	-0.185608062667832	-0.194426091769585	0.151437229043757	0.0250819021715944
-0.067781872188413	-0.117847940149694	-0.211666794184421	-0.183869064481989	-0.192946071229875	0.150188832363081	0.0248351556426511
-0.0671606864900985	-0.116773780581981	-0.210058113061925	-0.182134329815826	-0.191462070265711	0.148939769734467	0.0245893342335964
-0.0665405762401647	-0.115701518844102	-0.208444696743276	-0.180403912100798	-0.189974207936966	0.147690112834158	0.0243444400643041
-0.0659215673727541	-0.11463119289059	-0.2068266812076	-0.178677864549275	-0.188482604046813	0.146439933707482	0.0241004752515737
-0.0653036857483205	-0.113562840700563	-0.205204203280234	-0.176956240164477	-0.186987379136068	0.14518930476924	0.0238574419109929
-0.0646869571559992	-0.112496500283129	-0.203577400625593	-0.175239091750566	-0.185488654477526	0.143938298804121	0.0236153421588049
-0.0640714073160414	-0.111432209682813	-0.201946411739988	-0.173526471922848	-0.183986552070259	0.142686988967097	0.0233741781137706
-0.063457061882323	-0.110370006985021	-0.200311375944427	-0.171818433118119	-0.182481194633904	0.141435448783821	0.0231339518990365
-0.0628439464449166	-0.109309930321515	-0.198672433377377	-0.170115027605117	-0.180972705602914	0.140183752151001	0.0228946656439974
-0.0622320865327409	-0.108252017875933	-0.197029724987515	-0.168416307495125	-0.179461209120804	0.138931973336797	0.0226563214861645
-0.0616215076162704	-0.107196307889316	-0.195383392526445	-0.16672232475267	-0.177946830034365	0.137680186981186	0.022418921573029
-0.0610122351103171	-0.106142838665674	-0.193733578541392	-0.165033131206358	-0.176429693887862	0.136428468096339	0.0221824680639281
-0.0604042943768778	-0.105091648577564	-0.192080426367884	-0.163348778559826	-0.174909926917224	0.135176892066987	0.0219469631319092
-0.0597977107280457	-0.104042776071695	-0.190424080122398	-0.1616693184028	-0.173387656044193	0.13392553465078	0.0217124089655959
-0.0591925094289901	-0.102996259674555	-0.188764684695002	-0.15999480222228	-0.171863008870487	0.132674471978647	0.0214788077710501
-0.058588715700996	-0.101952137998055	-0.187102385741964	-0.158325281413831	-0.170336113671921	0.131423780555144	0.0212461617736383
-0.0579863547245708	-0.100910449745189	-0.185437329678353	-0.156660807292976	-0.168807099392531	0.130173537258802	0.0210144732198912
-0.0573854516426123	-0.0998712337157251	-0.183769663670628	-0.155001431106712	-0.167276095638675	0.128923819342473	0.0207837443793685
-0.0567860315636372	-0.0988345288118955	-0.182099535629195	-0.153347204045123	-0.16574323267313	0.127674704433666	0.0205539775465187
-0.0561881195650704	-0.0978003740441164	-0.180427094200969	-0.151698177253088	-0.164208641409167	0.12642627053488	0.0203251750425393
-0.0555917406965935	-0.0967688085367144	-0.178752488761906	-0.1500544018421	-0.162672453404618	0.125178596023932	0.0200973392172359
-0.0549969199835531	-0.0957398715336737	-0.177075869409545	-0.148415928902181	-0.161134800855947	0.123931759654286	0.0198704724508795
-0.0544036824304255	-0.0947136024043908	-0.175397386955513	-0.14678280951389	-0.159595816592288	0.122685840555375	0.0196445771560643
-0.0538120530243368	-0.0936900406494425	-0.173717192918043	-0.14515509476042	-0.158055634069497	0.121440918232911	0.0194196557795598
-0.0532220567386408	-0.0926692259063693	-0.172035439514475	-0.1435328357398	-0.156514387364186	0.120197072569209	0.0191957108041678
-0.0526337185365464	-0.0916511979554588	-0.170352279653746	-0.141916083577156	-0.154972211167748	0.118954383823487	0.0189727447505697
-0.0520470633748038	-0.09063599672555	-0.168667866928881	-0.140304889437091	-0.153429240780389	0.117712932632177	0.018750760179179
-0.051462116207437	-0.0896236622998357	-0.166982355609476	-0.138699304536123	-0.151885612105141	0.116472800009227	0.0185297596919881
-0.0508789019895311	-0.08861423492168	-0.165295900634182	-0.137099380155213	-0.150341461641892	0.115234067346399	0.0183097459344135
-0.050297445681064	-0.0876077550004309	-0.163608657603174	-0.135505167652359	-0.148796926481383	0.113996816413562	0.0180907215971384
-0.049717772250792	-0.0866042631172517	-0.161920782770635	-0.133916718475281	-0.147252144299239	0.112761129358987	0.0178726894179553
-0.0491399066801765	-0.0856038000309445	-0.160232433037232	-0.13233408417416	-0.145707253349971	0.111527088709635	0.0176556521836017
-0.0485638739673598	-0.0846064066837825	-0.158543765942589	-0.130757316414452	-0.144162392460995	0.110294777371441	0.0174396127315978
-0.0479896991311838	-0.0836121242073427	-0.156854939657772	-0.12918646698977	-0.142617701026649	0.109064278629599	0.017224573952078
-0.047417407215249	-0.0826209939283379	-0.155166112977767	-0.127621587834817	-0.141073319002204	0.107835676148837	0.0170105387896201
-0.0468470232920198	-0.081633057374452	-0.153477445313972	-0.12606273103839	-0.13952938689789	0.106609053973697	0.0167975102450732
-0.0462785724669644	-0.0806483562801707	-0.15178909668669	-0.124509948856433	-0.137986045772924	0.105384496528806	0.016585491377379
-0.045712079882737	-0.0796669325926115	-0.150101227717631	-0.12296329372514	-0.136443437229536	0.104162088619148	0.0163744853053931
-0.0451475707233938	-0.0786888284773488	-0.148413999622415	-0.121422818274112	-0.134901703407005	0.102941915430331	0.0161644952096991
-0.0445850702186477	-0.0777140863242368	-0.146727574203096	-0.119888575339557	-0.133360986975711	0.101724062528851	0.0159555243344222
-0.0440246036481542	-0.0767427487532268	-0.145042113840695	-0.118360617977539	-0.131821431131184	0.100508615862358	0.0157475759890364
-0.0434661963458312	-0.075774858620175	-0.143357781487733	-0.11683899947725	-0.130283179588163	0.0992956617599125	0.0155406535501684
-0.0429098737042076	-0.0748104590226427	-0.141674740660785	-0.115323773374333	-0.128746376574669	0.0980852869322404	0.0153347604633965
-0.0423556611788072	-0.0738495933056969	-0.139993155433061	-0.11381499346424	-0.127211166826098	0.0968775784719972	0.0151299002450462
-0.0418035842925505	-0.072892305067685	-0.138313190426974	-0.112312713815596	-0.125677695579303	0.09567262385401	0.0149260764839793
-0.041253668640193	-0.0719386381660145	-0.136635010806756	-0.110816988783618	-0.124146108566715	0.0944705109355351	0.0147232928433793
-0.0407059398927796	-0.0709886367229096	-0.134958782271069	-0.10932787302353	-0.122616552010461	0.0932713279565018	0.01452155306253
-0.040160423802128	-0.0700423451311612	-0.133284671045648	-0.107845421504014	-0.121089172616507	0.0920751635397616	0.0143208609585912
-0.039617146205329	-0.069099808059859	-0.13161284387596	-0.106369689520667	-0.11956411756881	0.0908821066913287	0.0141212204283653
-0.0390761330292667	-0.0681610704601064	-0.129943468019884	-0.10490073270946	-0.118041534523488	0.0896922468006188	0.0139226354500603
-0.038537410295163	-0.0672261775707308	-0.128276711240426	-0.103438607060232	-0.116521571603029	0.0885056736406989	0.0137251100850466
-0.038001004123127	-0.0662951749239585	-0.126612741798442	-0.101983368930155	-0.115004377390484	0.0873224773685134	0.0135286484796063
-0.0374669407367275	-0.0653681083510833	-0.124951728445395	-0.100535075057213	-0.113490100923708	0.0861427485251242	0.0133332548666758
-0.0369352464675753	-0.064445023988112	-0.123293840416147	-0.0990937825736809	-0.111978891689615	0.0849665780359437	0.0131389335675825
-0.0364059477599167	-0.0635259682813888	-0.121639247421769	-0.0976595490195859	-0.11047089961846	0.0837940572109683	0.0129456889937738
-0.0358790711752324	-0.0626109879931917	-0.119988119642382	-0.0962324323561535	-0.108966275078126	0.0826252777449994	0.0127535256485365
-0.0353546433968525	-0.0617001302073184	-0.118340627720046	-0.0948124909792557	-0.107465168868476	0.0814603317178838	0.0125624481287133
-0.0348326912345662	-0.0607934423346332	-0.116696942751658	-0.0933997837328128	-0.105967732215687	0.0802993115947286	0.012372461126405
-0.0343132416292408	-0.0598909721185929	-0.1150572362819	-0.0919943699221843	-0.104474116766635	0.079142310226125	0.0121835694306693
-0.0337963216574461	-0.0589927676407538	-0.11342168029623	-0.0905963093275397	-0.102984474583321	0.0779894208483805	0.0119957779292085
-0.0332819585360685	-0.0580988773262342	-0.111790447213891	-0.0892056622171711	-0.101498958137296	0.0768407370837259	0.0118090916100474
-0.0327701796269344	-0.0572093499491629	-0.11016370988098	-0.0878224893607961	-0.100017720304147	0.075696352940545	0.0116235155632053
-0.0322610124414202	-0.0563242346380833	-0.108541641563542	-0.0864468520427947	-0.0985409143579916	0.0745563628135811	0.011439054982353
-0.0317544846450631	-0.0554435808813342	-0.106924415940719	-0.0850788120754176	-0.0970686939660294	0.0734208614841585	0.0112557151664646
-0.0312506240621579	-0.0545674385323863	-0.105312207097924	-0.083718431811926	-0.0956012131831006	0.072289944120384	0.0110735015214547
-0.0307494586803564	-0.0536958578151661	-0.103705189520107	-0.0823657741597098	-0.094138626446327	0.0711637062773782	0.0108924195618096
-0.0302510166552363	-0.0528288893293083	-0.102103538084996	-0.0810209025932975	-0.0926810885697295	0.0700422438974594	0.0107124749122016
-0.029755326314877	-0.0519665840554056	-0.100507428056469	-0.0796838811673509	-0.0912287547389461	0.0689256533103721	0.0105336733090958
-0.0292624161644028	-0.0511089933601919	-0.0989170350779049	-0.0783547745295531	-0.089781780505942	0.0678140312334758	0.0103560206023438
-0.0287723148905218	-0.0502561690017038	-0.0973325351656399	-0.0770336479334509	-0.0883403217837975	0.0667074747719596	0.0101795227567638
-0.0282850513660339	-0.0494081631343828	-0.0957541047024424	-0.0757205672511955	-0.0869045348415099	0.0656060814190318	0.0100041858537088
-0.0278006546543305	-0.0485650283141544	-0.094181920431081	-0.0744155989862289	-0.0854745762988743	0.0645099490561332	0.00983001609262222
-0.0273191540138571	-0.0477268175034382	-0.092616159447907	-0.0731188102858508	-0.0840506031213717	0.0634191759531185	0.00965701979257733
-0.0268405789025623	-0.0468935840761341	-0.0910569991965427	-0.0718302689537244	-0.0826327726151441	0.0623338607684656	0.00948520339380583
-0.0263649589823091	-0.0460653818225381	-0.0895046174615889	-0.0705500434622559	-0.0812212424219823	0.0612541025494537	0.00931457345920733
-0.025892324123268	-0.0452422649542308	-0.0879591923624385	-0.0692782029649023	-0.079816170514402	0.0601800007323679	0.00914513667584845
-0.0254227044082693	-0.0444242881088969	-0.0864209023471253	-0.0680148173083504	-0.0784177151907438	0.0591116551426799	0.00897689985644308
-0.0249561301371246	-0.0436115063550955	-0.0848899261862463	-0.0667599570445861	-0.077026035070334	0.0580491659952311	0.00880986994081597
-0.0244926318309164	-0.0428039751969839	-0.0833664429669723	-0.0655136934428627	-0.0756412890887158	0.0569926338944231	0.00864405399735255
-0.0240322402362453	-0.0420017505789738	-0.081850632087108	-0.0642760985015287	-0.0742636364929191	0.0559421598343929	0.00847945922442845
-0.0235749863294421	-0.0412048888903391	-0.0803426732492456	-0.063047244959745	-0.0728932368368052	0.0548978451991968	0.00831609295182323
-0.0231209013207356	-0.0404134469697578	-0.0788427464549838	-0.0618272063090595	-0.071530249976464	0.053859791762984	0.00815396264211457
-0.022670016658374	-0.0396274821097894	-0.0773510319992211	-0.0606160568048421	-0.0701748360656679	0.0528281016901645	0.00799307589205304
-0.02222236403271	-0.038847052061303	-0.075867710464554	-0.0594138714775967	-0.0688271555514141	0.0518028775355908	0.00783344043392
-0.0217779753802252	-0.0380722150378195	-0.0743929627157237	-0.0582207261440966	-0.0674873691694993	0.0507842222447123	0.00767506413686066
-0.0213368828875182	-0.0373030297198099	-0.0729269698941891	-0.0570366974183994	-0.066155637940201	0.049772239153754	0.00751795500820176
-0.0208991189952272	-0.0365395552589012	-0.0714699134127437	-0.0558618627226704	-0.064832123163988	0.0487670319898624	0.00736212119474271
-0.020464716401912	-0.0357818512820349	-0.0700219749502693	-0.0546963002978765	-0.0635169864173453	0.04776870487128	0.00720757098402911
-0.0200337080678678	-0.0350299778955311	-0.0685833364465395	-0.0535400892142784	-0.0622103895486331	0.0467773623074856	0.00705431280559971
-0.0196061272188909	-0.0342839956890973	-0.0671541800971563	-0.0523933093817781	-0.060912494674057	0.0457931091993583	0.00690235523221306
-0.0191820073499747	-0.0335439657397426	-0.0657346883485501	-0.0512560415600578	-0.0596234641736834	0.0448160508393134	0.00675170698104704
-0.0187613822289531	-0.0328099496156307	-0.0643250438931144	-0.050128367368561	-0.0583434606875664	0.043846292911457	0.00660237691487658
-0.0183442859000715	-0.032082009379839	-0.0629254296644172	-0.0490103692962617	-0.0570726471119329	0.0428839414917208	0.00645437404322365
-0.017930752687496	-0.0313602075940427	-0.0615360288325347	-0.0479021307112489	-0.0558111865954661	0.0419291030480016	0.00630770752348236
-0.0175208171987502	-0.0306446073221079	-0.0601570247994795	-0.0468037358700973	-0.0545592425356634	0.0409818844402885	0.00616238666201461
-0.0171145143280871	-0.0299352721336082	-0.058788601194763	-0.0457152699270485	-0.053316978575302	0.0400423929208006	0.00601842091522246
-0.0167118792597791	-0.0292322661072343	-0.0574309418710368	-0.0446368189429498	-0.0520845585989645	0.0391107361340962	0.00587581989058578
-0.0163129474713448	-0.028535653834137	-0.0560842308998967	-0.0435684698940079	-0.0508621467296985	0.0381870221172087	0.00573459334767631
-0.0159177547366871	-0.0278455004211516	-0.0547486525677629	-0.0425103106802854	-0.0496499073257312	0.0372713592997474	0.0055947511991379
-0.0155263371291603	-0.027161871493944	-0.0534243913719123	-0.0414624301339842	-0.0484480049773086	0.0363638565040132	0.00545630351163648
-0.0151387310245515	-0.026484833200049	-0.0521116320166222	-0.0404249180274836	-0.0472566045036209	0.0354646229450993	0.00531926050677831
-0.0147549731039822	-0.0258144522118159	-0.0508105594094546	-0.0393978650811414	-0.0460758709498412	0.0345737682309942	0.00518363256199608
-0.0143751003567217	-0.025150795729244	-0.0495213586576626	-0.0383813629708384	-0.0449059695842599	0.0336914023626726	0.00504943021139979
-0.013999150082914	-0.0244939314827176	-0.0482442150647375	-0.0373755043352712	-0.0437470658955305	0.0328176357341838	0.0049166641465949
-0.0136271598962143	-0.0238439277356293	-0.0469793141270901	-0.0363803827829793	-0.0425993255900223	0.0319525791327309	0.0047853452174625
-0.0132591677263341	-0.0232008532868958	-0.0457268415308758	-0.0353960928991066	-0.0414629145892874	0.0310963437387465	0.00465548443290543
-0.0128952118214955	-0.0225647774733646	-0.0444869831489756	-0.0344227302518953	-0.0403379990276508	0.0302490411259674	0.00452709296155595
-0.0125353307507859	-0.0219357701720996	-0.043259925038111	-0.0334603913988898	-0.0392247452499074	0.0294107832614947	0.00440018213244572
-0.0121795634064109	-0.0213139018025425	-0.042045853436101	-0.0325091738928443	-0.0381233198091285	0.028581682505839	0.00427476343563312
-0.0118279490058595	-0.0206992433285755	-0.0408449547593153	-0.03156917628737	-0.0370338894646288	0.0277618516129865	0.0041508485227962
-0.0114805270939544	-0.0200918662604372	-0.039657415600241	-0.0306404981422474	-0.0359566211800193	0.0269514037304278	0.00402844920777864
-0.0111373375448057	-0.019491842656528	-0.0384834227252429	-0.0297232400284553	-0.0348916821214151	0.0261504523991995	0.00390757746709641
-0.010798420563653	-0.0188992451250774	-0.0373231630724688	-0.0288175035328725	-0.0338392396557574	0.0253591115539032	0.00378824544039903
-0.0104638166886034	-0.018314146825685	-0.0361768237499374	-0.0279233912626693	-0.0327994613492801	0.0245774955227268	0.00367046543088774
-0.0101335667922562	-0.017736621470727	-0.0350445920337978	-0.027041006849372	-0.0317725149661128	0.0238057190274545	0.00355424990568705
-0.00980771208321657	-0.0171667433266243	-0.0339266553667638	-0.0261704549525929	-0.0307585684670213	0.0230438971834668	0.00343961149616979
-0.00948629410749331	-0.0166045872149707	-0.03282320135673	-0.0253118412634225	-0.0297577900082928	0.0222921454997336	0.00332656299823414
-0.00916935474978025	-0.0160502285135191	-0.0317344177755744	-0.0244652725074755	-0.0287703479407672	0.0215505798787964	0.00321511737253156
-0.00885693623461806	-0.0155037431570196	-0.0306604925581455	-0.0236308564475827	-0.0277964108090161	0.020819316616741	0.00310528774464398
-0.00854908112743526	-0.0149652076379095	-0.0296016138014451	-0.0228087018861242	-0.0268361473506742	0.0200984724031596	0.00299708740521008
-0.00824583233546852	-0.0144346990068563	-0.0285579697640163	-0.0219989186670029	-0.0258897264959359	0.0193881643211106	0.00289052980999935
-0.00794723310855252	-0.0139122948731353	-0.0275297488655131	-0.0212016176772308	-0.0249573173671922	0.0186885098470529	0.0027856285799305
-0.00765332703978775	-0.0133980734048586	-0.0265171396864952	-0.0204169108481487	-0.024039089278848	0.0179996268507848	0.00268239750103637
-0.0073641580660758	-0.0128921133290379	-0.0255203309684201	-0.0196449111562514	-0.0231352117372938	0.0173216335953621	0.00258085052437197
-0.00707977046852447	-0.0123944939314838	-0.0245395116138539	-0.0188857326236204	-0.0222458544410509	0.0166546487370093	0.00248100176586424
-0.00680020887271816	-0.0119052950565366	-0.0235748706868964	-0.0181394903179546	-0.0213711872810854	0.0159987913250157	0.00238286550610349
-0.00652551824885401	-0.0114245971066268	-0.0226265974138332	-0.0174063003521939	-0.0205113803413015	0.0153541808016234	0.00228645619007402
-0.00625574391174105	-0.0109524810416647	-0.0216948811840172	-0.0166862798837309	-0.0196666038992169	0.014720937001904	0.00219178842682425
-0.00599093152065398	-0.0104890283782404	-0.0207799115509626	-0.0159795471131837	-0.018837028426803	0.01409918015361	0.00209887698907128
-0.00573112707905309	-0.0100343211886581	-0.0198818782337023	-0.0152862212827606	-0.0180228245915366	0.0134890308770322	0.00200773681274414
-0.00547637693415332	-0.00958844209977358	-0.0190009711183625	-0.0146064226741693	-0.0172241632576207	0.0128906101848271	0.00191838299645895
-0.00522672777635119	-0.00915147429165061	-0.0181373802599963	-0.013940272606091	-0.0164412154874096	0.0123040394818405	0.00183083080092821
-0.00498222663850275	-0.00872350149602419	-0.0172912958846637	-0.0132878934312006	-0.0156741525430303	0.0117294405649149	0.00174509564830132
-0.00474292089504893	-0.00830460799456542	-0.0164629083917594	-0.0126494085327209	-0.0149231458881964	0.0111669356226766	0.00166119312143425
-0.00450885826099048	-0.00789487861695059	-0.0156524083566061	-0.0120249423205146	-0.0141883671902335	0.0106166472353136	0.0015791389630885
-0.00428008679070971	-0.00749439873873095	-0.0148599865333172	-0.0114146202267054	-0.0134699883223167	0.0100786983743405	0.0014989490750576
-0.00405665487662968	-0.00710325427898613	-0.0140858338579083	-0.0108185687007997	-0.0127681813659025	0.00955321240233422	0.00142063951721701
-0.0038386112477225	-0.00672153169778147	-0.0133301414517089	-0.01023691520434	-0.0120831186133999	0.00904031307267243	0.00134422650650111
-0.00362600496784936	-0.00634931799340001	-0.0125931006250297	-0.00966978820504041	-0.0114149725710405	0.00854012452923793	0.00126972641579994
-0.00341888543394372	-0.00598670069936749	-0.0118749028811338	-0.00911731717043197	-0.0107639159619901	0.00805277130612071	0.00119715577277918
-0.00321730237402287	-0.00563376788124594	-0.0111757399204756	-0.00857963256097829	-0.0101301217296689	0.00757837832728784	0.00112653125861757
-0.00302130584503703	-0.00529060813321092	-0.0104958036452507	-0.00805686582268169	-0.00951376304131847	0.00711707090624712	0.00105786970666371
-0.00283094623054845	-0.00495731057439957	-0.00983528616424358	-0.00754914937915871	-0.00891501329180357	0.00666897474569127	0.000991188101009114
-0.00264627423823254	-0.00463396484501525	-0.00919437979795857	-0.00705661662316103	-0.00833404610763333	0.00623421593710897	0.000926503574973831
-0.00246734089721587	-0.00432066110221488	-0.00857327708409748	-0.00657940190757956	-0.00777103535126115	0.00581292096040221	0.000863833409508996
-0.00229419755522764	-0.0040174900157375	-0.0079721707833164	-0.00611764053586638	-0.00722615512559919	0.00540521668345932	0.000803195031507139
-0.00212689587557833	-0.00372454276329851	-0.00739125388532215	-0.00567146875190943	-0.0066995797788029	0.00501123036172135	0.000744606012024351
-0.00196548783395601	-0.00344191102573218	-0.00683071961528808	-0.00524102372933174	-0.00619148390930585	0.00463108963772343	0.000688084064410048
-0.00181002571504038	-0.00316968698188297	-0.00629076144060294	-0.00482644356021337	-0.00570204237111717	0.00426492254061667	0.000633647042343449
-0.00166056210893317	-0.0029079633032427	-0.00577157307796127	-0.00442786724322988	-0.00523143027938802	0.00391285748567189	0.000581312937775435
-0.00151714990739815	-0.00265683314832194	-0.00527334850078511	-0.00404543467118691	-0.00477982301623768	0.00357502327375427	0.000531099878772522
-0.00137984229991035	-0.0024163901567545	-0.00479628194698929	-0.00367928661794761	-0.00434739623684919	0.00325154909077292	0.000483026127262001
-0.00124869276952071	-0.002186728443146	-0.00434056792712508	-0.00332956472476671	-0.00393432587586575	0.00294256450712471	0.000437110076679289
-0.00112375508851876	-0.00196794259063592	-0.00390640123285616	-0.00299641148598309	-0.00354078815404535	0.00264819947709698	0.000393370249510895
-0.00100508331390025	-0.00176012764418489	-0.00349397694580372	-0.00267997023408594	-0.00316695958520603	0.00236858433824967	0.000351825294734043
-0.000892731782641659	-0.00156337910359077	-0.00310349044678186	-0.00238038512415805	-0.00281301698348074	0.00210384981078705	0.000312493985153138
-0.000786755106763733	-0.00137779291620211	-0.00273513742537543	-0.00209780111764587	-0.00247913747083719	0.00185412699688209	0.000275395214625704
-0.000687208168199119	-0.00120346546935518	-0.00238911388992599	-0.00183236396549394	-0.00216549848492194	0.00161954737999389	0.000240547995182189
-0.000594146113451705	-0.0010404935825129	-0.00206561617789769	-0.00158422019060849	-0.00187227778720214	0.00140024282415443	0.000207971454034477
-0.000507624348044623	-0.000888974499100406	-0.00176484096662652	-0.00135351706963947	-0.00159965347140753	0.00119634557322281	0.000177684830471066
-0.00042769853075827	-0.000749005878039437	-0.00148698528447203	-0.00114040261408237	-0.00134780397228914	0.00100798825011532	0.000149707472638542
-0.000354424567661524	-0.00062068578498733	-0.00123224652239727	-0.000945025550705762	-0.0011169080747175	0.000835303856024619	0.00012405883420957
-0.000287858605912717	-0.000504112683239497	-0.00100082244590995	-0.000767535301239711	-0.000907144923058607	0.00067842576957788	0.000100758470928307
-0.00022805702735573	-0.000399385424339989	-0.000792911207467918	-0.000608081961390406	-0.000718694030920779	0.000537487745999664	7.98260370412558e-05
-0.000175076441888407	-0.00030660323836032	-0.000608711359284599	-0.000466816279117706	-0.000551735291212866	0.00041262391623116	6.12812816047243e-05
-0.000128973680604476	-0.000225865723848872	-0.000448421866553535	-0.000343889632176598	-0.00040644898653086	0.000303968786014524	4.51440446684657e-05
-8.98057887163511e-05	-0.00015727283746396	-0.000312242121132886	-0.000239454004939793	-0.000283015799908938	0.000211657234965418	3.14342533372255e-05
-5.76300182406154e-05	-0.000100924883259051	-0.000200371955641961	-0.00015366196445077	-0.000181616825890889	0.000135824515596845	2.01719177030346e-05
-3.25038204566285e-05	-5.69225016387354e-05	-0.000113011658021599	-8.66666357328356e-05	-0.000102433581968113	7.66062523249214e-05	1.1377126651087e-05
-1.44848381304761e-05	-2.53666579722504e-05	-5.03619865469194e-05	-3.86216763312534e-05	-4.56480203730993e-05	3.41384404443358e-05	5.07004353569948e-06
-3.63089749641649e-06	-6.35863085129403e-06	-1.26241852810108e-05	-9.68125006540585e-06	-1.14425402172581e-05	8.55744506127822e-06	1.27090172284836e-06
2.2735557599268e-16	3.98157809649075e-16	7.90487528803821e-16	6.0620994022295e-16	7.16496557777673e-16	-5.35840784629725e-16	-7.95799339159239e-17
0	0	0	0	0	0	0
0	0	0	0	0	0	0
0	0	0	0	0	0	0
0	0	0	0	0	0	0
0	0	0	0	0	0	0
0	0	0	0	0	0	0
0	0	0	0	0	0	0
0	0	0	0	0	0	0
0	0	0	0	0	0	0
0	0	0	0	0	0	0
0	0	0	0	0	0	0
0	0	0	0	0	0	0
0	0	0	0	0	0	0
0	0	0	0	0	0	0
0	0	0	0	0	0	0
0	0	0	0	0	0	0
0	0	0	0	0	0	0
0	0	0	0	0	0	0
0	0	0	0	0	0	0
0	0	0	0	0	0	0
0	0	0	0	0	0	0
0	0	0	0	0	0	0
0	0	0	0	0	0	0
0	0	0	0	0	0	0
0	0	0	0	0	0	0
0	0	0	0	0	0	0
0	0	0	0	0	0	0
0	0	0	0	0	0	0
0	0	0	0	0	0	0
0	0	0	0	0	0	0
0	0	0	0	0	0	0
0	0	0	0	0	0	0
0	0	0	0	0	0	0
0	0	0	0	0	0	0
0	0	0	0	0	0	0
0	0	0	0	0	0	0
0	0	0	0	0	0	0
0	0	0	0	0	0	0
0	0	0	0	0	0	0
0	0	0	0	0	0	0
0	0	0	0	0	0	0
0	0	0	0	0	0	0
0	0	0	0	0	0	0
0	0	0	0	0	0	0
0	0	0	0	0	0	0
0	0	0	0	0	0	0
0	0	0	0	0	0	0
0	0	0	0	0	0	0
0	0	0	0	0	0	0
0	0	0	0	0	0	0
0	0	0	0	0	0	0
0	0	0	0	0	0	0
0	0	0	0	0	0	0
0	0	0	0	0	0	0
0	0	0	0	0	0	0
0	0	0	0	0	0	0
0	0	0	0	0	0	0
0	0	0	0	0	0	0
0	0	0	0	0	0	0
0	0	0	0	0	0	0
0	0	0	0	0	0	0
0	0	0	0	0	0	0
0	0	0	0	0	0	0
0	0	0	0	0	0	0
0	0	0	0	0	0	0
0	0	0	0	0	0	0
0	0	0	0	0	0	0
0	0	0	0	0	0	0
0	0	0	0	0	0	0
0	0	0	0	0	0	0
0	0	0	0	0	0	0
0	0	0	0	0	0	0
0	0	0	0	0	0	0
0	0	0	0	0	0	0
0	0	0	0	0	0	0
0	0	0	0	0	0	0
0	0	0	0	0	0	0
0	0	0	0	0	0	0
0	0	0	0	0	0	0
0	0	0	0	0	0	0
0	0	0	0	0	0	0
0	0	0	0	0	0	0
0	0	0	0	0	0	0
0	0	0	0	0	0	0
0	0	0	0	0	0	0
0	0	0	0	0	0	0
0	0	0	0	0	0	0
0	0	0	0	0	0	0
0	0	0	0	0	0	0
0	0	0	0	0	0	0
0	0	0	0	0	0	0
0	0	0	0	0	0	0
0	0	0	0	0	0	0
0	0	0	0	0	0	0
0	0	0	0	0	0	0
0	0	0	0	0	0	0
0	0	0	0	0	0	0
0	0	0	0	0	0	0
0	0	0	0	0	0	0
0	0	0	0	0	0	0
0	0	0	0	0	0	0
0	0	0	0	0	0	0
0	0	0	0	0	0	0
0	0	0	0	0	0	0
0	0	0	0	0	0	0
0	0	0	0	0	0	0
0	0	0	0	0	0	0
0	0	0	0	0	0	0
0	0	0	0	0	0	0
0	0	0	0	0	0	0
0	0	0	0	0	0	0
0	0	0	0	0	0	0
0	0	0	0	0	0	0
0	0	0	0	0	0	0
0	0	0	0	0	0	0
0	0	0	0	0	0	0
0	0	0	0	0	0	0
0	0	0	0	0	0	0
0	0	0	0	0	0	0
0	0	0	0	0	0	0
0	0	0	0	0	0	0
0	0	0	0	0	0	0
0	0	0	0	0	0	0
0	0	0	0	0	0	0
0	0	0	0	0	0	0
0	0	0	0	0	0	0
0	0	0	0	0	0	0
0	0	0	0	0	0	0
0	0	0	0	0	0	0
0	0	0	0	0	0	0
0	0	0	0	0	0	0
0	0	0	0	0	0	0
0	0	0	0	0	0	0
0	0	0	0	0	0	0
0	0	0	0	0	0	0
0	0	0	0	0	0	0
0	0	0	0	0	0	0
0	0	0	0	0	0	0
0	0	0	0	0	0	0
0	0	0	0	0	0	0
0	0	0	0	0	0	0
0	0	0	0	0	0	0
0	0	0	0	0	0	0
0	0	0	0	0	0	0
0	0	0	0	0	0	0
0	0	0	0	0	0	0
0	0	0	0	0	0	0
0	0	0	0	0	0	0
0	0	0	0	0	0	0
0	0	0	0	0	0	0
0	0	0	0	0	0	0
0	0	0	0	0	0	0
0	0	0	0	0	0	0
0	0	0	0	0	0	0
0	0	0	0	0	0	0
0	0	0	0	0	0	0
0	0	0	0	0	0	0
0	0	0	0	0	0	0
0	0	0	0	0	0	0
0	0	0	0	0	0	0
0	0	0	0	0	0	0
0	0	0	0	0	0	0
0	0	0	0	0	0	0
0	0	0	0	0	0	0
0	0	0	0	0	0	0
0	0	0	0	0	0	0
0	0	0	0	0	0	0
0	0	0	0	0	0	0
0	0	0	0	0	0	0
0	0	0	0	0	0	0
0	0	0	0	0	0	0
0	0	0	0	0	0	0
0	0	0	0	0	0	0
0	0	0	0	0	0	0
0	0	0	0	0	0	0
0	0	0	0	0	0	0
0	0	0	0	0	0	0
0	0	0	0	0	0	0
0	0	0	0	0	0	0
0	0	0	0	0	0	0
0	0	0	0	0	0	0
0	0	0	0	0	0	0
0	0	0	0	0	0	0
0	0	0	0	0	0	0
0	0	0	0	0	0	0
0	0	0	0	0	0	0
0	0	0	0	0	0	0
0	0	0	0	0	0	0
0	0	0	0	0	0	0
0	0	0	0	0	0	0
0	0	0	0	0	0	0
0	0	0	0	0	0	0
0	0	0	0	0	0	0
0	0	0	0	0	0	0
0	0	0	0	0	0	0
0	0	0	0	0	0	0
0	0	0	0	0	0	0
0	0	0	0	0	0	0
0	0	0	0	0	0	0
0	0	0	0	0	0	0
0	0	0	0	0	0	0
0	0	0	0	0	0	0
0	0	0	0	0	0	0
0	0	0	0	0	0	0
0	0	0	0	0	0	0
0	0	0	0	0	0	0
0	0	0	0	0	0	0
0	0	0	0	0	0	0
0	0	0	0	0	0	0
0	0	0	0	0	0	0
0	0	0	0	0	0	0
0	0	0	0	0	0	0
0	0	0	0	0	0	0
0	0	0	0	0	0	0
0	0	0	0	0	0	0
0	0	0	0	0	0	0
0	0	0	0	0	0	0
0	0	0	0	0	0	0
0	0	0	0	0	0	0
0	0	0	0	0	0	0
0	0	0	0	0	0	0
0	0	0	0	0	0	0
0	0	0	0	0	0	0
0	0	0	0	0	0	0
0	0	0	0	0	0	0
0	0	0	0	0	0	0
0	0	0	0	0	0	0
0	0	0	0	0	0	0
0	0	0	0	0	0	0
0	0	0	0	0	0	0
0	0	0	0	0	0	0
0	0	0	0	0	0	0
0	0	0	0	0	0	0
0	0	0	0	0	0	0
0	0	0	0	0	0	0
0	0	0	0	0	0	0
0	0	0	0	0	0	0
0	0	0	0	0	0	0
0	0	0	0	0	0	0
0	0	0	0	0	0	0
0	0	0	0	0	0	0
0	0	0	0	0	0	0
0	0	0	0	0	0	0
0	0	0	0	0	0	0
0	0	0	0	0	0	0
0	0	0	0	0	0	0
0	0	0	0	0	0	0
0	0	0	0	0	0	0
0	0	0	0	0	0	0
0	0	0	0	0	0	0
0	0	0	0	0	0	0
0	0	0	0	0	0	0
0	0	0	0	0	0	0
0	0	0	0	0	0	0
0	0	0	0	0	0	0
0	0	0	0	0	0	0
0	0	0	0	0	0	0
0	0	0	0	0	0	0
0	0	0	0	0	0	0
0	0	0	0	0	0	0
0	0	0	0	0	0	0
0	0	0	0	0	0	0
0	0	0	0	0	0	0
0	0	0	0	0	0	0
0	0	0	0	0	0	0
0	0	0	0	0	0	0
0	0	0	0	0	0	0
0	0	0	0	0	0	0
0	0	0	0	0	0	0
0	0	0	0	0	0	0
0	0	0	0	0	0	0
0	0	0	0	0	0	0
0	0	0	0	0	0	0
0	0	0	0	0	0	0
0	0	0	0	0	0	0
0	0	0	0	0	0	0
0	0	0	0	0	0	0
0	0	0	0	0	0	0
0	0	0	0	0	0	0
0	0	0	0	0	0	0
0	0	0	0	0	0	0
0	0	0	0	0	0	0
0	0	0	0	0	0	0
0	0	0	0	0	0	0
0	0	0	0	0	0	0
0	0	0	0	0	0	0
0	0	0	0	0	0	0
0	0	0	0	0	0	0
0	0	0	0	0	0	0
0	0	0	0	0	0	0
0	0	0	0	0	0	0
0	0	0	0	0	0	0
0	0	0	0	0	0	0
0	0	0	0	0	0	0
0	0	0	0	0	0	0
0	0	0	0	0	0	0
0	0	0	0	0	0	0
0	0	0	0	0	0	0
0	0	0	0	0	0	0
0	0	0	0	0	0	0
0	0	0	0	0	0	0
0	0	0	0	0	0	0
0	0	0	0	0	0	0
0	0	0	0	0	0	0
0	0	0	0	0	0	0
0	0	0	0	0	0	0
0	0	0	0	0	0	0
0	0	0	0	0	0	0
0	0	0	0	0	0	0
0	0	0	0	0	0	0
0	0	0	0	0	0	0
0	0	0	0	0	0	0
0	0	0	0	0	0	0
0	0	0	0	0	0	0
0	0	0	0	0	0	0
0	0	0	0	0	0	0
0	0	0	0	0	0	0
0	0	0	0	0	0	0
0	0	0	0	0	0	0
0	0	0	0	0	0	0
0	0	0	0	0	0	0
0	0	0	0	0	0	0
0	0	0	0	0	0	0
0	0	0	0	0	0	0
0	0	0	0	0	0	0
0	0	0	0	0	0	0
0	0	0	0	0	0	0
0	0	0	0	0	0	0
0	0	0	0	0	0	0
0	0	0	0	0	0	0
0	0	0	0	0	0	0
0	0	0	0	0	0	0
0	0	0	0	0	0	0
0	0	0	0	0	0	0
0	0	0	0	0	0	0
0	0	0	0	0	0	0
0	0	0	0	0	0	0
0	0	0	0	0	0	0
0	0	0	0	0	0	0
0	0	0	0	0	0	0
0	0	0	0	0	0	0
0	0	0	0	0	0	0
0	0	0	0	0	0	0
0	0	0	0	0	0	0
0	0	0	0	0	0	0
0	0	0	0	0	0	0
0	0	0	0	0	0	0
0	0	0	0	0	0	0
0	0	0	0	0	0	0
0	0	0	0	0	0	0
0	0	0	0	0	0	0
0	0	0	0	0	0	0
0	0	0	0	0	0	0
0	0	0	0	0	0	0
0	0	0	0	0	0	0
0	0	0	0	0	0	0
0	0	0	0	0	0	0
0	0	0	0	0	0	0
0	0	0	0	0	0	0
0	0	0	0	0	0	0
0	0	0	0	0	0	0
0	0	0	0	0	0	0
0	0	0	0	0	0	0
0	0	0	0	0	0	0
0	0	0	0	0	0	0
0	0	0	0	0	0	0
0	0	0	0	0	0	0
0	0	0	0	0	0	0
0	0	0	0	0	0	0
0	0	0	0	0	0	0
0	0	0	0	0	0	0
0	0	0	0	0	0	0
0	0	0	0	0	0	0
0	0	0	0	0	0	0
0	0	0	0	0	0	0
0	0	0	0	0	0	0
0	0	0	0	0	0	0
0	0	0	0	0	0	0
0	0	0	0	0	0	0
0	0	0	0	0	0	0
0	0	0	0	0	0	0
0	0	0	0	0	0	0
0	0	0	0	0	0	0
0	0	0	0	0	0	0
0	0	0	0	0	0	0
0	0	0	0	0	0	0
0	0	0	0	0	0	0
0	0	0	0	0	0	0
0	0	0	0	0	0	0
0	0	0	0	0	0	0
0	0	0	0	0	0	0
0	0	0	0	0	0	0
0	0	0	0	0	0	0
0	0	0	0	0	0	0
0	0	0	0	0	0	0
0	0	0	0	0	0	0
0	0	0	0	0	0	0
0	0	0	0	0	0	0
0	0	0	0	0	0	0
0	0	0	0	0	0	0
0	0	0	0	0	0	0
0	0	0	0	0	0	0
0	0	0	0	0	0	0
0	0	0	0	0	0	0
0	0	0	0	0	0	0
0	0	0	0	0	0	0
0	0	0	0	0	0	0
0	0	0	0	0	0	0
0	0	0	0	0	0	0
0	0	0	0	0	0	0
0	0	0	0	0	0	0
0	0	0	0	0	0	0
0	0	0	0	0	0	0
0	0	0	0	0	0	0
0	0	0	0	0	0	0
0	0	0	0	0	0	0
0	0	0	0	0	0	0
0	0	0	0	0	0	0
0	0	0	0	0	0	0
0	0	0	0	0	0	0
0	0	0	0	0	0	0
0	0	0	0	0	0	0
0	0	0	0	0	0	0
0	0	0	0	0	0	0
0	0	0	0	0	0	0
0	0	0	0	0	0	0
0	0	0	0	0	0	0
0	0	0	0	0	0	0
0	0	0	0	0	0	0
0	0	0	0	0	0	0
0	0	0	0	0	0	0
0	0	0	0	0	0	0
0	0	0	0	0	0	0
0	0	0	0	0	0	0
0	0	0	0	0	0	0
0	0	0	0	0	0	0
0	0	0	0	0	0	0
0	0	0	0	0	0	0
0	0	0	0	0	0	0
0	0	0	0	0	0	0
0	0	0	0	0	0	0
0	0	0	0	0	0	0
0	0	0	0	0	0	0
0	0	0	0	0	0	0
0	0	0	0	0	0	0
0	0	0	0	0	0	0
0	0	0	0	0	0	0
0	0	0	0	0	0	0
0	0	0	0	0	0	0
0	0	0	0	0	0	0
0	0	0	0	0	0	0
0	0	0	0	0	0	0
0	0	0	0	0	0	0
0	0	0	0	0	0	0
0	0	0	0	0	0	0
0	0	0	0	0	0	0
0	0	0	0	0	0	0
0	0	0	0	0	0	0
0	0	0	0	0	0	0
0	0	0	0	0	0	0
0	0	0	0	0	0	0
0	0	0	0	0	0	0
0	0	0	0	0	0	0
0	0	0	0	0	0	0
0	0	0	0	0	0	0
0	0	0	0	0	0	0
0	0	0	0	0	0	0
0	0	0	0	0	0	0
0	0	0	0	0	0	0
0	0	0	0	0	0	0
0	0	0	0	0	0	0
0	0	0	0	0	0	0
0	0	0	0	0	0	0
0	0	0	0	0	0	0
0	0	0	0	0	0	0
0	0	0	0	0	0	0
0	0	0	0	0	0	0
0	0	0	0	0	0	0
0	0	0	0	0	0	0
0	0	0	0	0	0	0
0	0	0	0	0	0	0
0	0	0	0	0	0	0
0	0	0	0	0	0	0
0	0	0	0	0	0	0
0	0	0	0	0	0	0
0	0	0	0	0	0	0
0	0	0	0	0	0	0
0	0	0	0	0	0	0
0	0	0	0	0	0	0
0	0	0	0	0	0	0
0	0	0	0	0	0	0
0	0	0	0	0	0	0
0	0	0	0	0	0	0
0	0	0	0	0	0	0
0	0	0	0	0	0	0
0	0	0	0	0	0	0
0	0	0	0	0	0	0
0	0	0	0	0	0	0
0	0	0	0	0	0	0
0	0	0	0	0	0	0
0	0	0	0	0	0	0
0	0	0	0	0	0	0
0	0	0	0	0	0	0
0	0	0	0	0	0	0
0	0	0	0	0	0	0
0	0	0	0	0	0	0
0	0	0	0	0	0	0
0	0	0	0	0	0	0
0	0	0	0	0	0	0
0	0	0	0	0	0	0
0	0	0	0	0	0	0
0	0	0	0	0	0	0
0	0	0	0	0	0	0
0	0	0	0	0	0	0
0	0	0	0	0	0	0
0	0	0	0	0	0	0
0	0	0	0	0	0	0
0	0	0	0	0	0	0
0	0	0	0	0	0	0
0	0	0	0	0	0	0
0	0	0	0	0	0	0
0	0	0	0	0	0	0
0	0	0	0	0	0	0
0	0	0	0	0	0	0
0	0	0	0	0	0	0
0	0	0	0	0	0	0
0	0	0	0	0	0	0
0	0	0	0	0	0	0
0	0	0	0	0	0	0
0	0	0	0	0	0	0
0	0	0	0	0	0	0
0	0	0	0	0	0	0
0	0	0	0	0	0	0
0	0	0	0	0	0	0
0	0	0	0	0	0	0
0	0	0	0	0	0	0
0	0	0	0	0	0	0
0	0	0	0	0	0	0
0	0	0	0	0	0	0
0	0	0	0	0	0	0
0	0	0	0	0	0	0
0	0	0	0	0	0	0
0	0	0	0	0	0	0
0	0	0	0	0	0	0
0	0	0	0	0	0	0
0	0	0	0	0	0	0
0	0	0	0	0	0	0
0	0	0	0	0	0	0
0	0	0	0	0	0	0
0	0	0	0	0	0	0
0	0	0	0	0	0	0
0	0	0	0	0	0	0
0	0	0	0	0	0	0
0	0	0	0	0	0	0
0	0	0	0	0	0	0
0	0	0	0	0	0	0
0	0	0	0	0	0	0
0	0	0	0	0	0	0
0	0	0	0	0	0	0
0	0	0	0	0	0	0
0	0	0	0	0	0	0
0	0	0	0	0	0	0
0	0	0	0	0	0	0
0	0	0	0	0	0	0
0	0	0	0	0	0	0
0	0	0	0	0	0	0
0	0	0	0	0	0	0
0	0	0	0	0	0	0
0	0	0	0	0	0	0
0	0	0	0	0	0	0
0	0	0	0	0	0	0
0	0	0	0	0	0	0
0	0	0	0	0	0	0
0	0	0	0	0	0	0
0	0	0	0	0	0	0
0	0	0	0	0	0	0
0	0	0	0	0	0	0
0	0	0	0	0	0	0
0	0	0	0	0	0	0
0	0	0	0	0	0	0
0	0	0	0	0	0	0
0	0	0	0	0	0	0
0	0	0	0	0	0	0
0	0	0	0	0	0	0
0	0	0	0	0	0	0
0	0	0	0	0	0	0
0	0	0	0	0	0	0
0	0	0	0	0	0	0
0	0	0	0	0	0	0
0	0	0	0	0	0	0
0	0	0	0	0	0	0
0	0	0	0	0	0	0
0	0	0	0	0	0	0
0	0	0	0	0	0	0
0	0	0	0	0	0	0
0	0	0	0	0	0	0
0	0	0	0	0	0	0
0	0	0	0	0	0	0
0	0	0	0	0	0	0
0	0	0	0	0	0	0
0	0	0	0	0	0	0
0	0	0	0	0	0	0
0	0	0	0	0	0	0
0	0	0	0	0	0	0
0	0	0	0	0	0	0
0	0	0	0	0	0	0
0	0	0	0	0	0	0
0	0	0	0	0	0	0
0	0	0	0	0	0	0
0	0	0	0	0	0	0
0	0	0	0	0	0	0
0	0	0	0	0	0	0
0	0	0	0	0	0	0
0	0	0	0	0	0	0
0	0	0	0	0	0	0
0	0	0	0	0	0	0
0	0	0	0	0	0	0
0	0	0	0	0	0	0
0	0	0	0	0	0	0
0	0	0	0	0	0	0
0	0	0	0	0	0	0
0	0	0	0	0	0	0
0	0	0	0	0	0	0
0	0	0	0	0	0	0
0	0	0	0	0	0	0
0	0	0	0	0	0	0
0	0	0	0	0	0	0
0	0	0	0	0	0	0
0	0	0	0	0	0	0
0	0	0	0	0	0	0
0	0	0	0	0	0	0
0	0	0	0	0	0	0
0	0	0	0	0	0	0
0	0	0	0	0	0	0
0	0	0	0	0	0	0
0	0	0	0	0	0	0
0	0	0	0	0	0	0
0	0	0	0	0	0	0
0	0	0	0	0	0	0
0	0	0	0	0	0	0
0	0	0	0	0	0	0
0	0	0	0	0	0	0
0	0	0	0	0	0	0
0	0	0	0	0	0	0
0	0	0	0	0	0	0
0	0	0	0	0	0	0
0	0	0	0	0	0	0
0	0	0	0	0	0	0
0	0	0	0	0	0	0
0	0	0	0	0	0	0
0	0	0	0	0	0	0
0	0	0	0	0	0	0
0	0	0	0	0	0	0
0	0	0	0	0	0	0
0	0	0	0	0	0	0
0	0	0	0	0	0	0
0	0	0	0	0	0	0
0	0	0	0	0	0	0
0	0	0	0	0	0	0
0	0	0	0	0	0	0
0	0	0	0	0	0	0
0	0	0	0	0	0	0
0	0	0	0	0	0	0
0	0	0	0	0	0	0
0	0	0	0	0	0	0
0	0	0	0	0	0	0
0	0	0	0	0	0	0
0	0	0	0	0	0	0
0	0	0	0	0	0	0
0	0	0	0	0	0	0
0	0	0	0	0	0	0
0	0	0	0	0	0	0
0	0	0	0	0	0	0
0	0	0	0	0	0	0
0	0	0	0	0	0	0
0	0	0	0	0	0	0
0	0	0	0	0	0	0
0	0	0	0	0	0	0
0	0	0	0	0	0	0
0	0	0	0	0	0	0
0	0	0	0	0	0	0
0	0	0	0	0	0	0
0	0	0	0	0	0	0
0	0	0	0	0	0	0
0	0	0	0	0	0	0
0	0	0	0	0	0	0
0	0	0	0	0	0	0
0	0	0	0	0	0	0
0	0	0	0	0	0	0
0	0	0	0	0	0	0
0	0	0	0	0	0	0
0	0	0	0	0	0	0
0	0	0	0	0	0	0
0	0	0	0	0	0	0
0	0	0	0	0	0	0
0	0	0	0	0	0	0
0	0	0	0	0	0	0
0	0	0	0	0	0	0
0	0	0	0	0	0	0
0	0	0	0	0	0	0
0	0	0	0	0	0	0
0	0	0	0	0	0	0
0	0	0	0	0	0	0
0	0	0	0	0	0	0
0	0	0	0	0	0	0
0	0	0	0	0	0	0
0	0	0	0	0	0	0
0	0	0	0	0	0	0
0	0	0	0	0	0	0
0	0	0	0	0	0	0
0	0	0	0	0	0	0
0	0	0	0	0	0	0
0	0	0	0	0	0	0
0	0	0	0	0	0	0
0	0	0	0	0	0	0
0	0	0	0	0	0	0
0	0	0	0	0	0	0
0	0	0	0	0	0	0
0	0	0	0	0	0	0
0	0	0	0	0	0	0
0	0	0	0	0	0	0
0	0	0	0	0	0	0
0	0	0	0	0	0	0
0	0	0	0	0	0	0
0	0	0	0	0	0	0
0	0	0	0	0	0	0
0	0	0	0	0	0	0
0	0	0	0	0	0	0
0	0	0	0	0	0	0
0	0	0	0	0	0	0
0	0	0	0	0	0	0
0	0	0	0	0	0	0
0	0	0	0	0	0	0
0	0	0	0	0	0	0
0	0	0	0	0	0	0
0	0	0	0	0	0	0
0	0	0	0	0	0	0
0	0	0	0	0	0	0
0	0	0	0	0	0	0
0	0	0	0	0	0	0
0	0	0	0	0	0	0
0	0	0	0	0	0	0
0	0	0	0	0	0	0
0	0	0	0	0	0	0
0	0	0	0	0	0	0
0	0	0	0	0	0	0
0	0	0	0	0	0	0
0	0	0	0	0	0	0
0	0	0	0	0	0	0
0	0	0	0	0	0	0
0	0	0	0	0	0	0
0	0	0	0	0	0	0
0	0	0	0	0	0	0
0	0	0	0	0	0	0
0	0	0	0	0	0	0
0	0	0	0	0	0	0
0	0	0	0	0	0	0
0	0	0	0	0	0	0
0	0	0	0	0	0	0
0	0	0	0	0	0	0
0	0	0	0	0	0	0
0	0	0	0	0	0	0
0	0	0	0	0	0	0
0	0	0	0	0	0	0
0	0	0	0	0	0	0
0	0	0	0	0	0	0
0	0	0	0	0	0	0
0	0	0	0	0	0	0
0	0	0	0	0	0	0
0	0	0	0	0	0	0
0	0	0	0	0	0	0
0	0	0	0	0	0	0
0	0	0	0	0	0	0
0	0	0	0	0	0	0
0	0	0	0	0	0	0
0	0	0	0	0	0	0
0	0	0	0	0	0	0
0	0	0	0	0	0	0
0	0	0	0	0	0	0
0	0	0	0	0	0	0
0	0	0	0	0	0	0
0	0	0	0	0	0	0
0	0	0	0	0	0	0
0	0	0	0	0	0	0
0	0	0	0	0	0	0
0	0	0	0	0	0	0
0	0	0	0	0	0	0
0	0	0	0	0	0	0
0	0	0	0	0	0	0
0	0	0	0	0	0	0
0	0	0	0	0	0	0
0	0	0	0	0	0	0
0	0	0	0	0	0	0
0	0	0	0	0	0	0
0	0	0	0	0	0	0
0	0	0	0	0	0	0
0	0	0	0	0	0	0
0	0	0	0	0	0	0
0	0	0	0	0	0	0
0	0	0	0	0	0	0
0	0	0	0	0	0	0
0	0	0	0	0	0	0
0	0	0	0	0	0	0
0	0	0	0	0	0	0
0	0	0	0	0	0	0
0	0	0	0	0	0	0
0	0	0	0	0	0	0
0	0	0	0	0	0	0
0	0	0	0	0	0	0
0	0	0	0	0	0	0
0	0	0	0	0	0	0
0	0	0	0	0	0	0
0	0	0	0	0	0	0
0	0	0	0	0	0	0
0	0	0	0	0	0	0
0	0	0	0	0	0	0
0	0	0	0	0	0	0
0	0	0	0	0	0	0
0	0	0	0	0	0	0
0	0	0	0	0	0	0
0	0	0	0	0	0	0
0	0	0	0	0	0	0
0	0	0	0	0	0	0
0	0	0	0	0	0	0
0	0	0	0	0	0	0
0	0	0	0	0	0	0
0	0	0	0	0	0	0
0	0	0	0	0	0	0
0	0	0	0	0	0	0
0	0	0	0	0	0	0
0	0	0	0	0	0	0
0	0	0	0	0	0	0
0	0	0	0	0	0	0
0	0	0	0	0	0	0
0	0	0	0	0	0	0
0	0	0	0	0	0	0
0	0	0	0	0	0	0
0	0	0	0	0	0	0
0	0	0	0	0	0	0
0	0	0	0	0	0	0
0	0	0	0	0	0	0
0	0	0	0	0	0	0
0	0	0	0	0	0	0
0	0	0	0	0	0	0
0	0	0	0	0	0	0
0	0	0	0	0	0	0
0	0	0	0	0	0	0
0	0	0	0	0	0	0
0	0	0	0	0	0	0
0	0	0	0	0	0	0
0	0	0	0	0	0	0
0	0	0	0	0	0	0
0	0	0	0	0	0	0
0	0	0	0	0	0	0
0	0	0	0	0	0	0
0	0	0	0	0	0	0
0	0	0	0	0	0	0
0	0	0	0	0	0	0
0	0	0	0	0	0	0
0	0	0	0	0	0	0
0	0	0	0	0	0	0
0	0	0	0	0	0	0
0	0	0	0	0	0	0
0	0	0	0	0	0	0
0	0	0	0	0	0	0
0	0	0	0	0	0	0
0	0	0	0	0	0	0
0	0	0	0	0	0	0
0	0	0	0	0	0	0
0	0	0	0	0	0	0
0	0	0	0	0	0	0
0	0	0	0	0	0	0
0	0	0	0	0	0	0
0	0	0	0	0	0	0
0	0	0	0	0	0	0
0	0	0	0	0	0	0
0	0	0	0	0	0	0
0	0	0	0	0	0	0
0	0	0	0	0	0	0
0	0	0	0	0	0	0
0	0	0	0	0	0	0
0	0	0	0	0	0	0
0	0	0	0	0	0	0
0	0	0	0	0	0	0
0	0	0	0	0	0	0
0	0	0	0	0	0	0
0	0	0	0	0	0	0
0	0	0	0	0	0	0
0	0	0	0	0	0	0
0	0	0	0	0	0	0
0	0	0	0	0	0	0
0	0	0	0	0	0	0
0	0	0	0	0	0	0
0	0	0	0	0	0	0
0	0	0	0	0	0	0
0	0	0	0	0	0	0
0	0	0	0	0	0	0
0	0	0	0	0	0	0
0	0	0	0	0	0	0
0	0	0	0	0	0	0
0	0	0	0	0	0	0
0	0	0	0	0	0	0
0	0	0	0	0	0	0
0	0	0	0	0	0	0
0	0	0	0	0	0	0
0	0	0	0	0	0	0
0	0	0	0	0	0	0
0	0	0	0	0	0	0
0	0	0	0	0	0	0
0	0	0	0	0	0	0
0	0	0	0	0	0	0
0	0	0	0	0	0	0
0	0	0	0	0	0	0
0	0	0	0	0	0	0
0	0	0	0	0	0	0
0	0	0	0	0	0	0
0	0	0	0	0	0	0
0	0	0	0	0	0	0
0	0	0	0	0	0	0
0	0	0	0	0	0	0
0	0	0	0	0	0	0
0	0	0	0	0	0	0
0	0	0	0	0	0	0
0	0	0	0	0	0	0
0	0	0	0	0	0	0
0	0	0	0	0	0	0
0	0	0	0	0	0	0
0	0	0	0	0	0	0
0	0	0	0	0	0	0
0	0	0	0	0	0	0
0	0	0	0	0	0	0
0	0	0	0	0	0	0
0	0	0	0	0	0	0
0	0	0	0	0	0	0
0	0	0	0	0	0	0
0	0	0	0	0	0	0
0	0	0	0	0	0	0
0	0	0	0	0	0	0
0	0	0	0	0	0	0
0	0	0	0	0	0	0
0	0	0	0	0	0	0
0	0	0	0	0	0	0
0	0	0	0	0	0	0
0	0	0	0	0	0	0
0	0	0	0	0	0	0
0	0	0	0	0	0	0
0	0	0	0	0	0	0
0	0	0	0	0	0	0
0	0	0	0	0	0	0
0	0	0	0	0	0	0
0	0	0	0	0	0	0
0	0	0	0	0	0	0
0	0	0	0	0	0	0
0	0	0	0	0	0	0
0	0	0	0	0	0	0
0	0	0	0	0	0	0
0	0	0	0	0	0	0
0	0	0	0	0	0	0
0	0	0	0	0	0	0
0	0	0	0	0	0	0
0	0	0	0	0	0	0
0	0	0	0	0	0	0
0	0	0	0	0	0	0
0	0	0	0	0	0	0
0	0	0	0	0	0	0
0	0	0	0	0	0	0
0	0	0	0	0	0	0
0	0	0	0	0	0	0
0	0	0	0	0	0	0
0	0	0	0	0	0	0
0	0	0	0	0	0	0
0	0	0	0	0	0	0
0	0	0	0	0	0	0
0	0	0	0	0	0	0
0	0	0	0	0	0	0
0	0	0	0	0	0	0
0	0	0	0	0	0	0
0	0	0	0	0	0	0
0	0	0	0	0	0	0
0	0	0	0	0	0	0
0	0	0	0	0	0	0
0	0	0	0	0	0	0
0	0	0	0	0	0	0
0	0	0	0	0	0	0
0	0	0	0	0	0	0
0	0	0	0	0	0	0
0	0	0	0	0	0	0
0	0	0	0	0	0	0
0	0	0	0	0	0	0
0	0	0	0	0	0	0
0	0	0	0	0	0	0
0	0	0	0	0	0	0
0	0	0	0	0	0	0
0	0	0	0	0	0	0
0	0	0	0	0	0	0
0	0	0	0	0	0	0
0	0	0	0	0	0	0
0	0	0	0	0	0	0
0	0	0	0	0	0	0
0	0	0	0	0	0	0
0	0	0	0	0	0	0
0	0	0	0	0	0	0
0	0	0	0	0	0	0
0	0	0	0	0	0	0
0	0	0	0	0	0	0
0	0	0	0	0	0	0
0	0	0	0	0	0	0
0	0	0	0	0	0	0
0	0	0	0	0	0	0
0	0	0	0	0	0	0
0	0	0	0	0	0	0
0	0	0	0	0	0	0
0	0	0	0	0	0	0
0	0	0	0	0	0	0
0	0	0	0	0	0	0
0	0	0	0	0	0	0
0	0	0	0	0	0	0
0	0	0	0	0	0	0
0	0	0	0	0	0	0
0	0	0	0	0	0	0
0	0	0	0	0	0	0
0	0	0	0	0	0	0
0	0	0	0	0	0	0
0	0	0	0	0	0	0
0	0	0	0	0	0	0
0	0	0	0	0	0	0
0	0	0	0	0	0	0
0	0	0	0	0	0	0
0	0	0	0	0	0	0
0	0	0	0	0	0	0
0	0	0	0	0	0	0
0	0	0	0	0	0	0
0	0	0	0	0	0	0
0	0	0	0	0	0	0
0	0	0	0	0	0	0
0	0	0	0	0	0	0
0	0	0	0	0	0	0
0	0	0	0	0	0	0
0	0	0	0	0	0	0
0	0	0	0	0	0	0
0	0	0	0	0	0	0
0	0	0	0	0	0	0
0	0	0	0	0	0	0
0	0	0	0	0	0	0
0	0	0	0	0	0	0
0	0	0	0	0	0	0
0	0	0	0	0	0	0
0	0	0	0	0	0	0
0	0	0	0	0	0	0
0	0	0	0	0	0	0
0	0	0	0	0	0	0
0	0	0	0	0	0	0
0	0	0	0	0	0	0
0	0	0	0	0	0	0
0	0	0	0	0	0	0
0	0	0	0	0	0	0
0	0	0	0	0	0	0
0	0	0	0	0	0	0
0	0	0	0	0	0	0
0	0	0	0	0	0	0
0	0	0	0	0	0	0
0	0	0	0	0	0	0
0	0	0	0	0	0	0
0	0	0	0	0	0	0
0	0	0	0	0	0	0
0	0	0	0	0	0	0
0	0	0	0	0	0	0
0	0	0	0	0	0	0
0	0	0	0	0	0	0
0	0	0	0	0	0	0
0	0	0	0	0	0	0
0	0	0	0	0	0	0
0	0	0	0	0	0	0
0	0	0	0	0	0	0
0	0	0	0	0	0	0
0	0	0	0	0	0	0
0	0	0	0	0	0	0
0	0	0	0	0	0	0
0	0	0	0	0	0	0
0	0	0	0	0	0	0
0	0	0	0	0	0	0
0	0	0	0	0	0	0
0	0	0	0	0	0	0
0	0	0	0	0	0	0
0	0	0	0	0	0	0
0	0	0	0	0	0	0
0	0	0	0	0	0	0
0	0	0	0	0	0	0
0	0	0	0	0	0	0
0	0	0	0	0	0	0
0	0	0	0	0	0	0
0	0	0	0	0	0	0
0	0	0	0	0	0	0
0	0	0	0	0	0	0
0	0	0	0	0	0	0
0	0	0	0	0	0	0
0	0	0	0	0	0	0
0	0	0	0	0	0	0
0	0	0	0	0	0	0
0	0	0	0	0	0	0
0	0	0	0	0	0	0
0	0	0	0	0	0	0
0	0	0	0	0	0	0
0	0	0	0	0	0	0
0	0	0	0	0	0	0
0	0	0	0	0	0	0
0	0	0	0	0	0	0
0	0	0	0	0	0	0
0	0	0	0	0	0	0
0	0	0	0	0	0	0
0	0	0	0	0	0	0
0	0	0	0	0	0	0
0	0	0	0	0	0	0
0	0	0	0	0	0	0
0	0	0	0	0	0	0
0	0	0	0	0	0	0
0	0	0	0	0	0	0
0	0	0	0	0	0	0
0	0	0	0	0	0	0
0	0	0	0	0	0	0
0	0	0	0	0	0	0
0	0	0	0	0	0	0
0	0	0	0	0	0	0
0	0	0	0	0	0	0
0	0	0	0	0	0	0
0	0	0	0	0	0	0
0	0	0	0	0	0	0
0	0	0	0	0	0	0
0	0	0	0	0	0	0
0	0	0	0	0	0	0
0	0	0	0	0	0	0
0	0	0	0	0	0	0
0	0	0	0	0	0	0
0	0	0	0	0	0	0
0	0	0	0	0	0	0
0	0	0	0	0	0	0
0	0	0	0	0	0	0
0	0	0	0	0	0	0
0	0	0	0	0	0	0
0	0	0	0	0	0	0
0	0	0	0	0	0	0
0	0	0	0	0	0	0
0	0	0	0	0	0	0
0	0	0	0	0	0	0
0	0	0	0	0	0	0
0	0	0	0	0	0	0
0	0	0	0	0	0	0
0	0	0	0	0	0	0
0	0	0	0	0	0	0
0	0	0	0	0	0	0
0	0	0	0	0	0	0
0	0	0	0	0	0	0
0	0	0	0	0	0	0
0	0	0	0	0	0	0
0	0	0	0	0	0	0
0	0	0	0	0	0	0
0	0	0	0	0	0	0
0	0	0	0	0	0	0
0	0	0	0	0	0	0
0	0	0	0	0	0	0
0	0	0	0	0	0	0
0	0	0	0	0	0	0
0	0	0	0	0	0	0
0	0	0	0	0	0	0
0	0	0	0	0	0	0
0	0	0	0	0	0	0
0	0	0	0	0	0	0
0	0	0	0	0	0	0
0	0	0	0	0	0	0
0	0	0	0	0	0	0
0	0	0	0	0	0	0
0	0	0	0	0	0	0
0	0	0	0	0	0	0
0	0	0	0	0	0	0
0	0	0	0	0	0	0
0	0	0	0	0	0	0
0	0	0	0	0	0	0
0	0	0	0	0	0	0
0	0	0	0	0	0	0
0	0	0	0	0	0	0
0	0	0	0	0	0	0
0	0	0	0	0	0	0
0	0	0	0	0	0	0
0	0	0	0	0	0	0
0	0	0	0	0	0	0
0	0	0	0	0	0	0
0	0	0	0	0	0	0
0	0	0	0	0	0	0
0	0	0	0	0	0	0
0	0	0	0	0	0	0
0	0	0	0	0	0	0
0	0	0	0	0	0	0
0	0	0	0	0	0	0
0	0	0	0	0	0	0
0	0	0	0	0	0	0
0	0	0	0	0	0	0
0	0	0	0	0	0	0
0	0	0	0	0	0	0
0	0	0	0	0	0	0
0	0	0	0	0	0	0
0	0	0	0	0	0	0
0	0	0	0	0	0	0
0	0	0	0	0	0	0
0	0	0	0	0	0	0
0	0	0	0	0	0	0
0	0	0	0	0	0	0
0	0	0	0	0	0	0
0	0	0	0	0	0	0
0	0	0	0	0	0	0
0	0	0	0	0	0	0
0	0	0	0	0	0	0
0	0	0	0	0	0	0
0	0	0	0	0	0	0
0	0	0	0	0	0	0
0	0	0	0	0	0	0
0	0	0	0	0	0	0
0	0	0	0	0	0	0
0	0	0	0	0	0	0
0	0	0	0	0	0	0
0	0	0	0	0	0	0
0	0	0	0	0	0	0
0	0	0	0	0	0	0
0	0	0	0	0	0	0
0	0	0	0	0	0	0
0	0	0	0	0	0	0
0	0	0	0	0	0	0
0	0	0	0	0	0	0
0	0	0	0	0	0	0
0	0	0	0	0	0	0
0	0	0	0	0	0	0
0	0	0	0	0	0	0
0	0	0	0	0	0	0
0	0	0	0	0	0	0
0	0	0	0	0	0	0
0	0	0	0	0	0	0
0	0	0	0	0	0	0
0	0	0	0	0	0	0
0	0	0	0	0	0	0
0	0	0	0	0	0	0
0	0	0	0	0	0	0
0	0	0	0	0	0	0
0	0	0	0	0	0	0
0	0	0	0	0	0	0
0	0	0	0	0	0	0
0	0	0	0	0	0	0
0	0	0	0	0	0	0
0	0	0	0	0	0	0
0	0	0	0	0	0	0
0	0	0	0	0	0	0
0	0	0	0	0	0	0
0	0	0	0	0	0	0
0	0	0	0	0	0	0
0	0	0	0	0	0	0
0	0	0	0	0	0	0
0	0	0	0	0	0	0
0	0	0	0	0	0	0
0	0	0	0	0	0	0
0	0	0	0	0	0	0
0	0	0	0	0	0	0
0	0	0	0	0	0	0
0	0	0	0	0	0	0
0	0	0	0	0	0	0
0	0	0	0	0	0	0
0	0	0	0	0	0	0
0	0	0	0	0	0	0
0	0	0	0	0	0	0
0	0	0	0	0	0	0
0	0	0	0	0	0	0
0	0	0	0	0	0	0
0	0	0	0	0	0	0
0	0	0	0	0	0	0
0	0	0	0	0	0	0
0	0	0	0	0	0	0
0	0	0	0	0	0	0
0	0	0	0	0	0	0
0	0	0	0	0	0	0
0	0	0	0	0	0	0
0	0	0	0	0	0	0
0	0	0	0	0	0	0
0	0	0	0	0	0	0
0	0	0	0	0	0	0
0	0	0	0	0	0	0
0	0	0	0	0	0	0
0	0	0	0	0	0	0
0	0	0	0	0	0	0
0	0	0	0	0	0	0
0	0	0	0	0	0	0
0	0	0	0	0	0	0
0	0	0	0	0	0	0
0	0	0	0	0	0	0
0	0	0	0	0	0	0
0	0	0	0	0	0	0
0	0	0	0	0	0	0
0	0	0	0	0	0	0
0	0	0	0	0	0	0
0	0	0	0	0	0	0
0	0	0	0	0	0	0
0	0	0	0	0	0	0
0	0	0	0	0	0	0
0	0	0	0	0	0	0
0	0	0	0	0	0	0
0	0	0	0	0	0	0
0	0	0	0	0	0	0
0	0	0	0	0	0	0
0	0	0	0	0	0	0
0	0	0	0	0	0	0
0	0	0	0	0	0	0
0	0	0	0	0	0	0
0	0	0	0	0	0	0
0	0	0	0	0	0	0
0	0	0	0	0	0	0
0	0	0	0	0	0	0
0	0	0	0	0	0	0
0	0	0	0	0	0	0
0	0	0	0	0	0	0
0	0	0	0	0	0	0
0	0	0	0	0	0	0
0	0	0	0	0	0	0
0	0	0	0	0	0	0
0	0	0	0	0	0	0
0	0	0	0	0	0	0
0	0	0	0	0	0	0
0	0	0	0	0	0	0
0	0	0	0	0	0	0
0	0	0	0	0	0	0
0	0	0	0	0	0	0
0	0	0	0	0	0	0
0	0	0	0	0	0	0
0	0	0	0	0	0	0
0	0	0	0	0	0	0
0	0	0	0	0	0	0
0	0	0	0	0	0	0
0	0	0	0	0	0	0
0	0	0	0	0	0	0
0	0	0	0	0	0	0
0	0	0	0	0	0	0
0	0	0	0	0	0	0
0	0	0	0	0	0	0
0	0	0	0	0	0	0
0	0	0	0	0	0	0
0	0	0	0	0	0	0
0	0	0	0	0	0	0
0	0	0	0	0	0	0
0	0	0	0	0	0	0
0	0	0	0	0	0	0
0	0	0	0	0	0	0
0	0	0	0	0	0	0
0	0	0	0	0	0	0
0	0	0	0	0	0	0
0	0	0	0	0	0	0
0	0	0	0	0	0	0
0	0	0	0	0	0	0
0	0	0	0	0	0	0
0	0	0	0	0	0	0
0	0	0	0	0	0	0
0	0	0	0	0	0	0
0	0	0	0	0	0	0
0	0	0	0	0	0	0
0	0	0	0	0	0	0
0	0	0	0	0	0	0
0	0	0	0	0	0	0
0	0	0	0	0	0	0
0	0	0	0	0	0	0
0	0	0	0	0	0	0
0	0	0	0	0	0	0
0	0	0	0	0	0	0
0	0	0	0	0	0	0
0	0	0	0	0	0	0
0	0	0	0	0	0	0
0	0	0	0	0	0	0
0	0	0	0	0	0	0
0	0	0	0	0	0	0
0	0	0	0	0	0	0
0	0	0	0	0	0	0
0	0	0	0	0	0	0
0	0	0	0	0	0	0
0	0	0	0	0	0	0
0	0	0	0	0	0	0
0	0	0	0	0	0	0
0	0	0	0	0	0	0
0	0	0	0	0	0	0
0	0	0	0	0	0	0
0	0	0	0	0	0	0
0	0	0	0	0	0	0
0	0	0	0	0	0	0
0	0	0	0	0	0	0
0	0	0	0	0	0	0
0	0	0	0	0	0	0
0	0	0	0	0	0	0
0	0	0	0	0	0	0
0	0	0	0	0	0	0
0	0	0	0	0	0	0
0	0	0	0	0	0	0
0	0	0	0	0	0	0
0	0	0	0	0	0	0
0	0	0	0	0	0	0
0	0	0	0	0	0	0
0	0	0	0	0	0	0
0	0	0	0	0	0	0
0	0	0	0	0	0	0
0	0	0	0	0	0	0
0	0	0	0	0	0	0
0	0	0	0	0	0	0
0	0	0	0	0	0	0
0	0	0	0	0	0	0
0	0	0	0	0	0	0
0	0	0	0	0	0	0
0	0	0	0	0	0	0
0	0	0	0	0	0	0
0	0	0	0	0	0	0
0	0	0	0	0	0	0
0	0	0	0	0	0	0
0	0	0	0	0	0	0
0	0	0	0	0	0	0
0	0	0	0	0	0	0
0	0	0	0	0	0	0
0	0	0	0	0	0	0
0	0	0	0	0	0	0
0	0	0	0	0	0	0
0	0	0	0	0	0	0
0	0	0	0	0	0	0
0	0	0	0	0	0	0
0	0	0	0	0	0	0
0	0	0	0	0	0	0
0	0	0	0	0	0	0
0	0	0	0	0	0	0
0	0	0	0	0	0	0
0	0	0	0	0	0	0
0	0	0	0	0	0	0
0	0	0	0	0	0	0
0	0	0	0	0	0	0
0	0	0	0	0	0	0
0	0	0	0	0	0	0
0	0	0	0	0	0	0
0	0	0	0	0	0	0
0	0	0	0	0	0	0
0	0	0	0	0	0	0
0	0	0	0	0	0	0
0	0	0	0	0	0	0
0	0	0	0	0	0	0
0	0	0	0	0	0	0
0	0	0	0	0	0	0
0	0	0	0	0	0	0
0	0	0	0	0	0	0
0	0	0	0	0	0	0
0	0	0	0	0	0	0
0	0	0	0	0	0	0
0	0	0	0	0	0	0
0	0	0	0	0	0	0
0	0	0	0	0	0	0
0	0	0	0	0	0	0
0	0	0	0	0	0	0
0	0	0	0	0	0	0
0	0	0	0	0	0	0
0	0	0	0	0	0	0
0	0	0	0	0	0	0
0	0	0	0	0	0	0
0	0	0	0	0	0	0
0	0	0	0	0	0	0
0	0	0	0	0	0	0
0	0	0	0	0	0	0
0	0	0	0	0	0	0
0	0	0	0	0	0	0
0	0	0	0	0	0	0
0	0	0	0	0	0	0
0	0	0	0	0	0	0
0	0	0	0	0	0	0
0	0	0	0	0	0	0
0	0	0	0	0	0	0
0	0	0	0	0	0	0
0	0	0	0	0	0	0
0	0	0	0	0	0	0
0	0	0	0	0	0	0
0	0	0	0	0	0	0
0	0	0	0	0	0	0
0	0	0	0	0	0	0
0	0	0	0	0	0	0
0	0	0	0	0	0	0
0	0	0	0	0	0	0
0	0	0	0	0	0	0
0	0	0	0	0	0	0
0	0	0	0	0	0	0
0	0	0	0	0	0	0
0	0	0	0	0	0	0
0	0	0	0	0	0	0
0	0	0	0	0	0	0
0	0	0	0	0	0	0
0	0	0	0	0	0	0
0	0	0	0	0	0	0
0	0	0	0	0	0	0
0	0	0	0	0	0	0
0	0	0	0	0	0	0
0	0	0	0	0	0	0
0	0	0	0	0	0	0
0	0	0	0	0	0	0
0	0	0	0	0	0	0
0	0	0	0	0	0	0
0	0	0	0	0	0	0
0	0	0	0	0	0	0
0	0	0	0	0	0	0
