0	0	0	0	0	0	0
0.025781844043753	-0.00913554944898138	-0.02017744666079	0.0043195760513781	-0.000780944563618874	-0.011907017050719	-0.0079058315935694
0.0513395921061142	-0.0182053936117656	-0.0401894500262086	0.00860881126346075	-0.00155420439124993	-0.0237301276135249	-0.0157099750744248
0.0766732441870837	-0.0272095324883527	-0.0600360100962558	0.012867705636248	-0.00231977948289318	-0.0354693316884179	-0.0234124304425663
0.101782800286661	-0.0361479660787426	-0.0797171268709316	0.0170962591697397	-0.00307766983854862	-0.0471246292753977	-0.0310131976979937
0.126668260404848	-0.0450206943829353	-0.099232800350236	0.0212944718639361	-0.00382787545821624	-0.0586960203744646	-0.0385122768407072
0.151329624541642	-0.0538277174009309	-0.118583030534169	0.025462343718837	-0.00457039634189605	-0.0701835049856184	-0.0459096678707066
0.175766892697044	-0.0625690351327294	-0.137767817422731	0.0295998747344424	-0.00530523248958805	-0.0815870831088592	-0.0532053707879922
0.199980064871055	-0.0712446475783306	-0.156787161015921	0.0337070649107524	-0.00603238390129224	-0.092906754744187	-0.0603993855925637
0.223969141063674	-0.0798545547377348	-0.17564106131374	0.037783914247767	-0.00675185057700861	-0.104142519891602	-0.0674917122844212
0.247734121274902	-0.0883987566109417	-0.194329518316187	0.0418304227454861	-0.00746363251673717	-0.115294378551103	-0.0744823508635648
0.271275005504738	-0.0968772531979515	-0.212852532023263	0.0458465904039098	-0.00816772972047792	-0.126362330722692	-0.0813713013299943
0.294591793753182	-0.105290044498764	-0.231210102434968	0.049832417223038	-0.00886414218823086	-0.137346376406368	-0.0881585636837099
0.317684486020234	-0.11363713051338	-0.249402229551301	0.0537879032028708	-0.00955286991999598	-0.14824651560213	-0.0948441379247116
0.340553082305894	-0.121918511241798	-0.267428913372263	0.0577130483434082	-0.0102339129157733	-0.15906274830998	-0.101428024052999
0.363197582610163	-0.130134186684019	-0.285290153897853	0.0616078526446501	-0.0109072711755628	-0.169795074529916	-0.107910222068573
0.38561798693304	-0.138284156840043	-0.302985951128072	0.0654723161065966	-0.0115729446993645	-0.18044349426194	-0.114290731971432
0.407814295274526	-0.14636842170987	-0.32051630506292	0.0693064387292476	-0.0122309334871783	-0.19100800750605	-0.120569553761578
0.429786507634619	-0.1543869812935	-0.337881215702396	0.0731102205126032	-0.0128812375390044	-0.201488614262248	-0.12674668743901
0.451534624013321	-0.162339835590932	-0.355080683046501	0.0768836614566633	-0.0135238568548427	-0.211885314530532	-0.132822133003728
0.473058644410632	-0.170226984602168	-0.372114707095234	0.0806267615614281	-0.0141587914346931	-0.222198108310903	-0.138795890455731
0.49435856882655	-0.178048428327206	-0.388983287848596	0.0843395208268973	-0.0147860412785557	-0.232426995603362	-0.144667959795021
0.515434397261077	-0.185804166766047	-0.405686425306587	0.0880219392530711	-0.0154056063864305	-0.242571976407907	-0.150438341021597
0.536286129714212	-0.193494199918691	-0.422224119469206	0.0916740168399495	-0.0160174867583175	-0.252633050724539	-0.156107034135459
0.556913766185955	-0.201118527785138	-0.438596370336454	0.0952957535875325	-0.0166216823942167	-0.262610218553258	-0.161674039136606
0.577317306676307	-0.208677150365387	-0.45480317790833	0.09888714949582	-0.0172181932941281	-0.272503479894065	-0.16713935602504
0.597496751185266	-0.21617006765944	-0.470844542184835	0.102448204564812	-0.0178070194580516	-0.282312834746958	-0.17250298480076
0.617452099712835	-0.223597279667295	-0.486720463165969	0.105978918794509	-0.0183881608859874	-0.292038283111938	-0.177764925463766
0.637183352259011	-0.230958786388953	-0.502430940851731	0.10947929218491	-0.0189616175779353	-0.301679824989005	-0.182925178014058
0.656690508823796	-0.238254587824414	-0.517975975242122	0.112949324736016	-0.0195273895338955	-0.311237460378159	-0.187983742451636
0.675973569407189	-0.245484683973678	-0.533355566337141	0.116389016447826	-0.0200854767538678	-0.3207111892794	-0.192940618776499
0.69503253400919	-0.252649074836745	-0.548569714136789	0.119798367320341	-0.0206358792378523	-0.330101011692728	-0.197795806988649
0.713867402629799	-0.259747760413614	-0.563618418641066	0.12317737735356	-0.0211785969858489	-0.339406927618143	-0.202549307088085
0.732478175269017	-0.266780740704287	-0.578501679849971	0.126526046547484	-0.0217136299978578	-0.348628937055645	-0.207201119074807
0.750864851926843	-0.273748015708762	-0.593219497763505	0.129844374902113	-0.0222409782738789	-0.357767040005234	-0.211751242948815
0.769027432603277	-0.28064958542704	-0.607771872381667	0.133132362417446	-0.0227606418139121	-0.36682123646691	-0.216199678710109
0.78696591729832	-0.287485449859121	-0.622158803704458	0.136390009093483	-0.0232726206179576	-0.375791526440672	-0.220546426358689
0.804680306011971	-0.294255609005005	-0.636380291731878	0.139617314930225	-0.0237769146860152	-0.384677909926522	-0.224791485894555
0.82217059874423	-0.300960062864691	-0.650436336463926	0.142814279927672	-0.024273524018085	-0.393480386924459	-0.228934857317707
0.839436795495098	-0.307598811438181	-0.664326937900603	0.145980904085824	-0.024762448614167	-0.402198957434483	-0.232976540628145
0.856478896264573	-0.314171854725473	-0.678052096041908	0.149117187404679	-0.0252436884742612	-0.410833621456593	-0.236916535825869
0.873296901052657	-0.320679192726568	-0.691611810887842	0.15222312988424	-0.0257172435983676	-0.419384378990791	-0.240754842910879
0.889890809859349	-0.327120825441466	-0.705006082438405	0.155298731524505	-0.0261831139864861	-0.427851230037075	-0.244491461883175
0.90626062268465	-0.333496752870167	-0.718234910693596	0.158343992325474	-0.0266412996386169	-0.436234174595447	-0.248126392742758
0.922406339528559	-0.33980697501267	-0.731298295653416	0.161358912287149	-0.0270918005547598	-0.444533212665906	-0.251659635489626
0.938327960391076	-0.346051491868977	-0.744196237317864	0.164343491409527	-0.0275346167349149	-0.452748344248451	-0.25509119012378
0.954025485272201	-0.352230303439086	-0.756928735686941	0.16729772969261	-0.0279697481790822	-0.460879569343084	-0.25842105664522
0.969498914171935	-0.358343409722998	-0.769495790760647	0.170221627136398	-0.0283971948872617	-0.468926887949803	-0.261649235053946
0.984748247090277	-0.364390810720713	-0.781897402538981	0.173115183740891	-0.0288169568594534	-0.476890300068609	-0.264775725349959
0.999773484027227	-0.370372506432231	-0.794133571021944	0.175978399506087	-0.0292290340956573	-0.484769805699503	-0.267800527533257
1.01457462498279	-0.376288496857552	-0.806204296209535	0.178811274431989	-0.0296334265958733	-0.492565404842483	-0.270723641603841
1.02915166995695	-0.382138781996675	-0.818109578101755	0.181613808518595	-0.0300301343601016	-0.50027709749755	-0.273545067561711
1.04350461894973	-0.387923361849602	-0.829849416698603	0.184386001765905	-0.030419157388342	-0.507904883664705	-0.276264805406867
1.05763347196111	-0.393642236416331	-0.841423812000081	0.187127854173921	-0.0308004956805946	-0.515448763343946	-0.27888285513931
1.0715382289911	-0.399295405696863	-0.852832764006187	0.18983936574264	-0.0311741492368595	-0.522908736535274	-0.281399216759038
1.0852188900397	-0.404882869691198	-0.864076272716921	0.192520536472065	-0.0315401180571365	-0.530284803238689	-0.283813890266052
1.09867545510691	-0.410404628399336	-0.875154338132284	0.195171366362193	-0.0318984021414256	-0.537576963454191	-0.286126875660353
1.11190792419273	-0.415860681821276	-0.886066960252275	0.197791855413027	-0.032249001489727	-0.544785217181781	-0.288338172941939
1.12491629729715	-0.42125102995702	-0.896814139076896	0.200382003624565	-0.0325919161020406	-0.551909564421457	-0.290447782110811
1.13770057442018	-0.426575672806566	-0.907395874606145	0.202941810996807	-0.0329271459783663	-0.55895000517322	-0.29245570316697
1.15026075556183	-0.431834610369915	-0.917812166840022	0.205471277529754	-0.0332546911187043	-0.56590653943707	-0.294361936110414
1.16259684072207	-0.437027842647067	-0.928063015778528	0.207970403223406	-0.0335745515230544	-0.572779167213007	-0.296166480941145
1.17470882990093	-0.442155369638022	-0.938148421421662	0.210439188077762	-0.0338867271914167	-0.579567888501031	-0.297869337659161
1.1865967230984	-0.44721719134278	-0.948068383769426	0.212877632092823	-0.0341912181237912	-0.586272703301141	-0.299470506264464
1.19826052031447	-0.45221330776134	-0.957822902821817	0.215285735268588	-0.0344880243201779	-0.592893611613339	-0.300969986757052
1.20970022154916	-0.457143718893704	-0.967411978578838	0.217663497605058	-0.0347771457805768	-0.599430613437624	-0.302367779136927
1.22091582680245	-0.46200842473987	-0.976835611040487	0.220010919102232	-0.0350585825049878	-0.605883708773996	-0.303663883404087
1.23190733607435	-0.466807425299839	-0.986093800206764	0.222327999760111	-0.0353323344934111	-0.612252897622455	-0.304858299558534
1.24267474936485	-0.471540720573611	-0.995186546077671	0.224614739578695	-0.0355984017458465	-0.618538179983001	-0.305951027600266
1.25321806667397	-0.476208310561185	-1.00411384865321	0.226871138557983	-0.0358567842622941	-0.624739555855633	-0.306942067529285
1.26353728800169	-0.480810195262563	-1.01287570793337	0.229097196697975	-0.0361074820427539	-0.630857025240353	-0.307831419345589
1.27363241334802	-0.485346374677743	-1.02147212391816	0.231292913998672	-0.0363504950872259	-0.63689058813716	-0.30861908304918
1.28350344271297	-0.489816848806727	-1.02990309660758	0.233458290460074	-0.0365858233957101	-0.642840244546053	-0.309305058640056
1.29315037609651	-0.494221617649513	-1.03816862600163	0.23559332608218	-0.0368134669682065	-0.648705994467034	-0.309889346118219
1.30257321349867	-0.498560681206102	-1.04626871210031	0.237698020864991	-0.037033425804715	-0.654487837900101	-0.310371945483668
1.31177195491944	-0.502834039476493	-1.05420335490361	0.239772374808507	-0.0372456999052358	-0.660185774845256	-0.310752856736402
1.32074660035881	-0.507041692460688	-1.06197255441155	0.241816387912727	-0.0374502892697687	-0.665799805302497	-0.311032079876423
1.32949714981679	-0.511183640158686	-1.06957631062411	0.243830060177651	-0.0376471938983138	-0.671329929271826	-0.31120961490373
1.33802360329338	-0.515259882570486	-1.07701462354131	0.24581339160328	-0.0378364137908712	-0.676776146753241	-0.311285461818323
1.34632596078858	-0.519270419696089	-1.08428749316313	0.247766382189614	-0.0380179489474406	-0.682138457746743	-0.311259620620201
1.35440422230239	-0.523215251535495	-1.09139491948958	0.249689031936652	-0.0381917993680223	-0.687416862252333	-0.311132091309366
1.3622583878348	-0.527094378088704	-1.09833690252065	0.251581340844395	-0.0383579650526162	-0.692611360270009	-0.310902873885817
1.36988845738583	-0.530907799355715	-1.10511344225636	0.253443308912842	-0.0385164460012223	-0.697721951799772	-0.310571968349554
1.37729443095546	-0.53465551533653	-1.1117245386967	0.255274936141994	-0.0386672422138405	-0.702748636841622	-0.310139374700576
1.3844763085437	-0.538337526031147	-1.11817019184166	0.257076222531851	-0.038810353690471	-0.70769141539556	-0.309605092938885
1.39143409015055	-0.541953831439568	-1.12445040169125	0.258847168082412	-0.0389457804311136	-0.712550287461584	-0.30896912306448
1.398167775776	-0.545504431561791	-1.13056516824547	0.260587772793677	-0.0390735224357684	-0.717325253039695	-0.308231465077361
1.40467736542007	-0.548989326397817	-1.13651449150432	0.262298036665647	-0.0391935797044354	-0.722016312129893	-0.307392118977528
1.41096285908274	-0.552408515947645	-1.1422983714678	0.263977959698322	-0.0393059522371146	-0.726623464732178	-0.306451084764981
1.41702425676402	-0.555762000211277	-1.14791680813591	0.265627541891701	-0.0394106400338059	-0.73114671084655	-0.30540836243972
1.42286155846391	-0.559049779188711	-1.15336980150864	0.267246783245785	-0.0395076430945095	-0.735586050473009	-0.304263952001744
1.42847476418241	-0.562271852879949	-1.15865735158601	0.268835683760573	-0.0395969614192252	-0.739941483611555	-0.303017853451055
1.43386387391951	-0.565428221284989	-1.163779458368	0.270394243436066	-0.0396785950079532	-0.744213010262188	-0.301670066787652
1.43902888767523	-0.568518884403832	-1.16873612185462	0.271922462272264	-0.0397525438606933	-0.748400630424908	-0.300220592011535
1.44396980544955	-0.571543842236477	-1.17352734204587	0.273420340269166	-0.0398188079774456	-0.752504344099715	-0.298669429122704
1.44868662724248	-0.574503094782926	-1.17815311894175	0.274887877426772	-0.0398773873582101	-0.756524151286609	-0.297016578121159
1.45317935305402	-0.577396642043178	-1.18261345254226	0.276325073745083	-0.0399282820029868	-0.760460051985589	-0.2952620390069
1.45744798288417	-0.580224484017232	-1.18690834284739	0.277731929224099	-0.0399714919117757	-0.764312046196657	-0.293405811779927
1.46149251673292	-0.582986620705089	-1.19103778985716	0.279108443863819	-0.0400070170845767	-0.768080133919812	-0.29144789644024
1.46531295460029	-0.585683052106749	-1.19500179357155	0.280454617664244	-0.04003485752139	-0.771764315155054	-0.28938829298784
1.46890929648626	-0.588313778222212	-1.19880035399057	0.281770450625374	-0.0400550132222154	-0.775364589902382	-0.287227001422725
1.47228154239084	-0.590878799051478	-1.20243347111422	0.283055942747208	-0.040067484187053	-0.778880958161798	-0.284964021744896
1.47542969231403	-0.593378114594546	-1.2059011449425	0.284311094029746	-0.0400722704159028	-0.782313419933301	-0.282599353954353
1.47835374625583	-0.595811724851418	-1.20920337547541	0.285535904472989	-0.0400693719087648	-0.78566197521689	-0.280132998051096
1.48105370421623	-0.598179629822092	-1.21234016271294	0.286730374076937	-0.040058788665639	-0.788926624012567	-0.277564954035125
1.48352956619525	-0.600481829506569	-1.21531150665511	0.287894502841589	-0.0400405206865254	-0.79210736632033	-0.27489522190644
1.48578133219287	-0.602718323904849	-1.2181174073019	0.289028290766946	-0.0400145679714239	-0.795204202140181	-0.272123801665042
1.4878090022091	-0.604889113016932	-1.22075786465332	0.290131737853007	-0.0399809305203347	-0.798217131472118	-0.269250693310929
1.48961257624394	-0.606994196842817	-1.22323287870937	0.291204844099773	-0.0399396083332576	-0.801146154316142	-0.266275896844102
1.49119205429738	-0.609033575382506	-1.22554244947005	0.292247609507243	-0.0398906014101927	-0.803991270672254	-0.263199412264561
1.49254743636944	-0.611007248635997	-1.22768657693536	0.293260034075418	-0.0398339097511401	-0.806752480540452	-0.260021239572307
1.4936787224601	-0.612915216603291	-1.22966526110529	0.294242117804298	-0.0397695333560995	-0.809429783920737	-0.256741378767338
1.49458591256937	-0.614757479284388	-1.23147850197986	0.295193860693882	-0.0396974722250712	-0.812023180813109	-0.253359829849655
1.49526900669725	-0.616534036679288	-1.23312629955905	0.29611526274417	-0.0396177263580551	-0.814532671217569	-0.249876592819258
1.49572800484374	-0.618244888787991	-1.23460865384287	0.297006323955164	-0.0395302957550512	-0.816958255134115	-0.246291667676148
1.49596290700884	-0.619890035610496	-1.23592556483132	0.297867044326861	-0.0394351804160594	-0.819299932562748	-0.242605054420323
1.49597371319254	-0.621469477146804	-1.2370770325244	0.298697423859264	-0.0393323803410799	-0.821557703503468	-0.238816753051785
1.49576042339485	-0.622983213396916	-1.23806305692211	0.29949746255237	-0.0392218955301125	-0.823731567956275	-0.234926763570532
1.49532303761578	-0.62443124436083	-1.23888363802444	0.300267160406182	-0.0391037259831573	-0.825821525921169	-0.230935085976565
1.49466155585531	-0.625813570038546	-1.23953877583141	0.301006517420698	-0.0389778717002143	-0.82782757739815	-0.226841720269885
1.49377597811344	-0.627130190430066	-1.240028470343	0.301715533595918	-0.0388443326812835	-0.829749722387218	-0.22264666645049
1.49266630439019	-0.628381105535389	-1.24035272155923	0.302394208931843	-0.0387031089263648	-0.831587960888373	-0.218349924518382
1.49133253468554	-0.629566315354514	-1.24051152948008	0.303042543428473	-0.0385542004354584	-0.833342292901615	-0.213951494473559
1.48977466899951	-0.630685819887443	-1.24050489410555	0.303660537085807	-0.0383976072085641	-0.835012718426944	-0.209451376316023
1.48799270733208	-0.631739619134174	-1.24033281543566	0.304248189903846	-0.0382333292456821	-0.83659923746436	-0.204849570045772
1.48598664968326	-0.632727713094707	-1.2399952934704	0.304805501882589	-0.0380613665468122	-0.838101850013863	-0.200146075662808
1.48375649605304	-0.633650101769044	-1.23949232820976	0.305332473022037	-0.0378817191119545	-0.839520556075453	-0.195340893167129
1.48130224644144	-0.634506785157184	-1.23882391965376	0.30582910332219	-0.037694386941109	-0.840855355649129	-0.190434022558737
1.47862390084844	-0.635297763259127	-1.23799006780238	0.306295392783047	-0.0374993700342757	-0.842106248734893	-0.18542546383763
1.47572145927406	-0.636023036074872	-1.23699077265563	0.306731341404608	-0.0372966683914546	-0.843273235332744	-0.18031521700381
1.47259492171828	-0.63668260360442	-1.23582603421351	0.307136949186875	-0.0370862820126456	-0.844356315442681	-0.175103282057275
1.4692442881811	-0.637276465847771	-1.23449585247602	0.307512216129845	-0.0368682108978488	-0.845355489064706	-0.169789658998027
1.46566955866254	-0.637804622804925	-1.23300022744315	0.30785714223352	-0.0366424550470643	-0.846270756198818	-0.164374347826065
1.46187073316259	-0.638267074475881	-1.23133915911492	0.3081717274979	-0.0364090144602919	-0.847102116845016	-0.158857348541388
1.45784781168124	-0.638663820860641	-1.22951264749131	0.308455971922985	-0.0361678891375317	-0.847849571003301	-0.153238661143998
1.4536007942185	-0.638994861959204	-1.22752069257234	0.308709875508774	-0.0359190790787837	-0.848513118673674	-0.147518285633894
1.44912968077437	-0.639260197771569	-1.22536329435799	0.308933438255267	-0.0356625842840479	-0.849092759856134	-0.141696222011075
1.44443447134885	-0.639459828297737	-1.22304045284827	0.309126660162465	-0.0353984047533243	-0.84958849455068	-0.135772470275543
1.43951516594194	-0.639593753537708	-1.22055216804317	0.309289541230368	-0.0351265404866128	-0.850000322757313	-0.129747030427297
1.43437176455363	-0.639661973491481	-1.21789843994271	0.309422081458975	-0.0348469914839136	-0.850328244476034	-0.123619902466337
1.42900426718394	-0.639664488159058	-1.21507926854688	0.309524280848287	-0.0345597577452265	-0.850572259706841	-0.117391086392662
1.42341267383285	-0.639601297540437	-1.21209465385567	0.309596139398303	-0.0342648392705516	-0.850732368449735	-0.111060582206274
1.41759698450037	-0.63947240163562	-1.20894459586909	0.309637657109024	-0.0339622360598889	-0.850808570704717	-0.104628389907172
1.4115571991865	-0.639277800444605	-1.20562909458714	0.309648833980449	-0.0336519481132384	-0.850800866471785	-0.0980945094953558
1.40529331789123	-0.639017493967393	-1.20214815000982	0.309629670012579	-0.0333339754306001	-0.85070925575094	-0.0914589409708255
1.39880534061458	-0.638691482203984	-1.19850176213713	0.309580165205413	-0.033008318011974	-0.850533738542182	-0.0847216843335816
1.39209326735653	-0.638299765154377	-1.19468993096907	0.309500319558952	-0.03267497585736	-0.850274314845511	-0.0778827395836235
1.38515709811709	-0.637842342818574	-1.19071265650563	0.309390133073196	-0.0323339489667583	-0.849930984660927	-0.0709421067209512
1.37799683289626	-0.637319215196573	-1.18656993874683	0.309249605748144	-0.0319852373401687	-0.84950374798843	-0.0638997857455652
1.37061247169404	-0.636730382288375	-1.18226177769265	0.309078737583797	-0.0316288409775913	-0.84899260482802	-0.0567557766574651
1.36300401451042	-0.63607584409398	-1.1777881733431	0.308877528580154	-0.0312647598790261	-0.848397555179697	-0.049510079456651
1.35517146134542	-0.635355600613388	-1.17314912569818	0.308645978737216	-0.0308929940444731	-0.847718599043461	-0.042162694143123
1.34711481219902	-0.634569651846599	-1.16834463475789	0.308384088054983	-0.0305135434739323	-0.846955736419312	-0.0347136207168812
1.33883406707123	-0.633717997793612	-1.16337470052223	0.308091856533454	-0.0301264081674037	-0.84610896730725	-0.0271628591779249
1.33032922596205	-0.632800638454429	-1.15823932299119	0.307769284172629	-0.0297315881248873	-0.845178291707275	-0.019510409526255
1.32160028887148	-0.631817573829048	-1.15293850216479	0.307416370972509	-0.029329083346383	-0.844163709619387	-0.0117562717618711
1.31264725579951	-0.63076880391747	-1.14747223804301	0.307033116933094	-0.0289188938318909	-0.843065221043585	-0.00390044588477312
1.30347012674616	-0.629654328719695	-1.14184053062586	0.306619522054383	-0.0285010195814111	-0.841882825979871	0.00405706810503892
1.29406890171141	-0.628474148235723	-1.13604337991334	0.306175586336377	-0.0280754605949434	-0.840616524428244	0.0121162702075646
1.28444358069527	-0.627228262465554	-1.13008078590545	0.305701309779075	-0.0276422168724879	-0.839266316388704	0.0202771604228045
1.27459416369774	-0.625916671409187	-1.12395274860219	0.305196692382478	-0.0272012884140445	-0.83783220186125	0.0285397387507584
1.26452065071882	-0.624539375066623	-1.11765926800356	0.304661734146585	-0.0267526752196134	-0.836314180845884	0.0369040051914262
1.2542230417585	-0.623096373437862	-1.11120034410955	0.304096435071397	-0.0262963772891945	-0.834712253342604	0.0453699597448081
1.2437013368168	-0.621587666522904	-1.10457597692017	0.303500795156914	-0.0258323946227877	-0.833026419351412	0.0539376024109037
1.2329555358937	-0.620013254321749	-1.09778616643543	0.302874814403135	-0.0253607272203932	-0.831256678872306	0.0626069331897139
1.22198563898921	-0.618373136834397	-1.09083091265531	0.302218492810061	-0.0248813750820108	-0.829403031905288	0.0713779520812379
1.21079164610333	-0.616667314060847	-1.08371021557981	0.301531830377691	-0.0243943382076406	-0.827465478450356	0.0802506590854757
1.19937355723605	-0.614895786001101	-1.07642407520895	0.300814827106026	-0.0238996165972826	-0.825444018507512	0.0892250542024275
1.18773137238739	-0.613058552655157	-1.06897249154272	0.300067482995065	-0.0233972102509367	-0.823338652076754	0.0983011374320932
1.17586509155733	-0.611155614023016	-1.06135546458111	0.299289798044809	-0.0228871191686031	-0.821149379158084	0.107478908774473
1.16377471474588	-0.609186970104678	-1.05357299432414	0.298481772255257	-0.0223693433502817	-0.8188761997515	0.116758368229567
1.15146024195304	-0.607152620900142	-1.04562508077179	0.297643405626411	-0.0218438827959724	-0.816519113857003	0.126139515797374
1.13892167317881	-0.60505256640941	-1.03751172392407	0.296774698158268	-0.0213107375056754	-0.814078121474593	0.135622351477896
1.12615900842319	-0.602886806632481	-1.02923292378098	0.29587564985083	-0.0207699074793905	-0.811553222604271	0.145206875271132
1.11317224768617	-0.600655341569354	-1.02078868034252	0.294946260704097	-0.0202213927171178	-0.808944417246035	0.154893087177081
1.09996139096776	-0.59835817122003	-1.01217899360868	0.293986530718068	-0.0196651932188573	-0.806251705399885	0.164680987195745
1.08652643826797	-0.595995295584509	-1.00340386357948	0.292996459892744	-0.019101308984609	-0.803475087065823	0.174570575327123
1.07286738958678	-0.593566714662791	-0.994463290254901	0.291976048228124	-0.0185297400143728	-0.800614562243849	0.184561851571214
1.05898424492419	-0.591072428454875	-0.985357273634953	0.290925295724209	-0.0179504863081489	-0.797670130933961	0.194654815928019
1.04487700428022	-0.588512436960763	-0.976085813719633	0.289844202380999	-0.0173635478659371	-0.79464179313616	0.204849468397539
1.03054566765485	-0.585886740180453	-0.966648910508943	0.288732768198493	-0.0167689246877376	-0.791529548850446	0.215145808979773
1.0159902350481	-0.583195338113946	-0.957046564002881	0.287590993176691	-0.0161666167735502	-0.788333398076819	0.225543837674721
1.00121070645995	-0.580438230761242	-0.947278774201448	0.286418877315595	-0.015556624123375	-0.785053340815279	0.236043554482381
0.986207081890407	-0.577615418122341	-0.937345541104643	0.285216420615202	-0.014938946737212	-0.781689377065826	0.246644959402757
0.970979361339474	-0.574726900197243	-0.927246864712467	0.283983623075515	-0.0143135846150612	-0.778241506828459	0.257348052435847
0.95552754480715	-0.571772676985947	-0.916982745024919	0.282720484696531	-0.0136805377569225	-0.77470973010318	0.26815283358165
0.939851632293433	-0.568752748488455	-0.906553182042	0.281427005478253	-0.0130398061627961	-0.771094046889988	0.279059302840168
0.923951623798326	-0.565667114704765	-0.895958175763709	0.280103185420679	-0.0123913898326818	-0.767394457188883	0.2900674602114
0.907827519321827	-0.562515775634878	-0.885197726190047	0.278749024523809	-0.0117352887665798	-0.763610960999865	0.301177305695344
0.891479318863936	-0.559298731278794	-0.874271833321014	0.277364522787644	-0.0110715029644899	-0.759743558322933	0.312388839292004
0.874907022424653	-0.556015981636513	-0.86318049715661	0.275949680212184	-0.0104000324264122	-0.755792249158089	0.323702061001377
0.858110630003977	-0.552667526708034	-0.851923717696833	0.274504496797428	-0.00972087715234668	-0.751757033505331	0.335116970823465
0.841090141601911	-0.549253366493359	-0.840501494941686	0.273028972543377	-0.00903403714229339	-0.747637911364661	0.346633568758266
0.823845557218452	-0.545773500992486	-0.828913828891167	0.27152310745003	-0.00833951239625227	-0.743434882736077	0.358251854805781
0.806376876853603	-0.542227930205416	-0.817160719545277	0.269986901517388	-0.00763730291422329	-0.739147947619581	0.369971828966011
0.788684100507362	-0.538616654132149	-0.805242166904016	0.26842035474545	-0.00692740869620656	-0.734777106015172	0.381793491238954
0.770767228179729	-0.534939672772685	-0.793158170967383	0.266823467134217	-0.00620982974220199	-0.730322357922849	0.393716841624611
0.752626259870704	-0.531196986127024	-0.780908731735378	0.265196238683689	-0.00548456605220962	-0.725783703342613	0.405741880122982
0.734261195580286	-0.527388594195165	-0.768493849208002	0.263538669393865	-0.00475161762622942	-0.721161142274464	0.417868606734068
0.715672035308478	-0.523514496977109	-0.755913523385255	0.261850759264746	-0.00401098446426143	-0.716454674718403	0.430097021457867
0.696858779055277	-0.519574694472857	-0.743167754267136	0.260132508296331	-0.00326266656630558	-0.711664300674428	0.44242712429438
0.677821426820685	-0.515569186682406	-0.730256541853646	0.258383916488621	-0.00250666393236193	-0.70679002014254	0.454858915243608
0.658559978604703	-0.511497973605759	-0.717179886144785	0.256604983841615	-0.00174297656243053	-0.701831833122739	0.467392394305548
0.639074434407327	-0.507361055242915	-0.703937787140552	0.254795710355314	-0.00097160445651126	-0.696789739615026	0.480027561480204
0.619364794228561	-0.503158431593874	-0.690530244840949	0.252956096029717	-0.000192547614604244	-0.691663739619399	0.492764416767572
0.599431058068401	-0.498890102658635	-0.676957259245972	0.251086140864825	0.000594193963290662	-0.686453833135859	0.505602960167656
0.57927322592685	-0.494556068437199	-0.663218830355624	0.249185844860638	0.00138862027717337	-0.681160020164406	0.518543191680453
0.558891297803909	-0.490156328929566	-0.649314958169906	0.247255208017155	0.00219073132704389	-0.67578230070504	0.531585111305964
0.538285273699574	-0.485690884135736	-0.635245642688816	0.245294230334377	0.00300052711290222	-0.670320674757761	0.544728719044189
0.517455153613848	-0.481159734055709	-0.621010883912354	0.243302911812303	0.00381800763474838	-0.664775142322569	0.557974014895128
0.496400937546731	-0.476562878689485	-0.606610681840523	0.241281252450934	0.00464317289258226	-0.659145703399464	0.571320998858781
0.475122625498223	-0.471900318037063	-0.592045036473319	0.239229252250269	0.005476022886404	-0.653432357988446	0.584769670935148
0.453620217468321	-0.467172052098445	-0.577313947810743	0.237146911210309	0.00631655761621358	-0.647635106089515	0.598320031124229
0.431893713457028	-0.462378080873629	-0.562417415852796	0.235034229331053	0.00716477708201096	-0.641753947702671	0.611972079426024
0.409943113464345	-0.457518404362616	-0.547355440599478	0.232891206612503	0.00802068128379615	-0.635788882827914	0.625725815840533
0.387768417490268	-0.452593022565405	-0.532128022050788	0.230717843054656	0.00888427022156921	-0.629739911465243	0.639581240367756
0.3653696255348	-0.447601935481998	-0.516735160206727	0.228514138657514	0.00975554389533001	-0.62360703361466	0.653538353007693
0.342746737597941	-0.442545143112394	-0.501176855067295	0.226280093421077	0.0106345023050786	-0.617390249276164	0.667597153760344
0.31989975367969	-0.437422645456592	-0.485453106632491	0.224015707345344	0.0115211454508151	-0.611089558449755	0.681757642625709
0.296828673780047	-0.432234442514593	-0.469563914902316	0.221720980430316	0.0124154733325393	-0.604704961135432	0.696019819603787
0.273533497899013	-0.426980534286397	-0.453509279876769	0.219395912675992	0.0133174859502514	-0.598236457333197	0.710383684694581
0.250014226036586	-0.421660920772004	-0.437289201555851	0.217040504082373	0.0142271833039513	-0.591684047043048	0.724849237898087
0.226270858192767	-0.416275601971414	-0.420903679939562	0.214654754649459	0.015144565393639	-0.585047730264987	0.739416479214308
0.202303394367558	-0.410824577884627	-0.404352715027901	0.212238664377249	0.0160696322193145	-0.578327506999012	0.754085408643243
0.178111834560956	-0.405307848511642	-0.387636306820869	0.209792233265743	0.0170023837809778	-0.571523377245125	0.768856026184892
0.153696178772963	-0.39972541385246	-0.370754455318465	0.207315461314943	0.0179428200786289	-0.564635341003325	0.783728331839254
0.129056427003579	-0.394077273907082	-0.35370716052069	0.204808348524846	0.0188909411122678	-0.557663398273611	0.798702325606331
0.104192579252802	-0.388363428675505	-0.336494422427543	0.202270894895455	0.0198467468818946	-0.550607549055985	0.813778007486122
0.0791046355206335	-0.382583878157732	-0.319116241039025	0.199703100426767	0.0208102373875092	-0.543467793350445	0.828955377478626
0.0537925958070726	-0.376738622353762	-0.301572616355136	0.197104965118785	0.0217814126291116	-0.536244131156992	0.844234435583845
0.0282564601121207	-0.370827661263594	-0.283863548375876	0.194476488971507	0.0227602726067017	-0.528936562475626	0.859615181801778
0.00249622843577768	-0.36485099488723	-0.265989037101243	0.191817671984933	0.0237468173202798	-0.521545087306347	0.875097616132424
-0.0234880992219582	-0.358808623224668	-0.24794908253124	0.189128514159064	0.0247410467698456	-0.514069705649156	0.890681738575786
-0.0496965228610842	-0.352700546275909	-0.229743684665866	0.1864090154939	0.0257429609553992	-0.506510417504051	0.906367549131859
-0.076129042481603	-0.346526764040953	-0.21137284350512	0.18365917598944	0.0267525598769406	-0.498867222871033	0.922155047800648
-0.102785658083514	-0.340287276519799	-0.192836559049002	0.180878995645685	0.0277698435344699	-0.491140121750102	0.938044234582151
-0.129666369666817	-0.333982083712449	-0.174134831297512	0.178068474462634	0.028794811927987	-0.483329114141258	0.954035109476368
-0.156771177231511	-0.327611185618901	-0.155267660250652	0.175227612440288	0.0298274650574919	-0.475434200044501	0.970127672483298
-0.184100080777596	-0.321174582239157	-0.13623504590842	0.172356409578647	0.0308678029229845	-0.467455379459831	0.986321923602943
-0.211653080305074	-0.314672273573214	-0.117036988270817	0.16945486587771	0.0319158255244651	-0.459392652387248	1.0026178628353
-0.239430175813943	-0.308104259621075	-0.0976734873378424	0.166522981337477	0.0329715328619334	-0.451246018826752	1.01901549018037
-0.267431367304203	-0.301470540382739	-0.0781445431094969	0.163560755957949	0.0340349249353895	-0.443015478778343	1.03551480563816
-0.295656654775856	-0.294771115858206	-0.0584501555857786	0.160568189739126	0.0351060017448334	-0.434701032242021	1.05211580920866
-0.3241060382289	-0.288005986047475	-0.0385903247666901	0.157545282681007	0.0361847632902652	-0.426302679217786	1.06881850089188
-0.352779517663337	-0.281175150950547	-0.0185650506522297	0.154492034783593	0.0372712095716848	-0.417820419705638	1.0856228806878
-0.381677093079165	-0.274278610567422	0.00162566675760267	0.151408446046883	0.0383653405890922	-0.409254253705576	1.10252894859645
-0.410798764476383	-0.267316364898101	0.0219818274628043	0.148294516470878	0.0394671563424873	-0.400604181217602	1.1195367046178
-0.440144531854995	-0.260288413942581	0.0425034314633805	0.145150246055578	0.0405766568318704	-0.391870202241715	1.13664614875187
-0.469714395214997	-0.253194757700865	0.0631904787593252	0.141975634800982	0.0416938420572411	-0.383052316777915	1.15385728099866
-0.499508354556392	-0.246035396172952	0.0840429693506426	0.13877068270709	0.0428187120185998	-0.374150524826201	1.17117010135816
-0.529526409879179	-0.238810329358841	0.105060903237332	0.135535389773903	0.0439512667159462	-0.365164826386575	1.18858460983037
-0.559768561183358	-0.231519557258534	0.126244280419392	0.132269756001421	0.0450915061492805	-0.356095221459035	1.20610080641529
-0.590234808468927	-0.224163079872028	0.147593100896824	0.128973781389643	0.0462394303186026	-0.346941710043583	1.22371869111294
-0.620925151735888	-0.216740897199326	0.169107364669626	0.12564746593857	0.0473950392239124	-0.337704292140217	1.24143826392329
-0.651839590984242	-0.209253009240427	0.1907870717378	0.122290809648201	0.0485583328652102	-0.328382967748939	1.25925952484636
-0.682978126213988	-0.20169941599533	0.212632222101346	0.118903812518537	0.0497293112424957	-0.318977736869747	1.27718247388214
-0.714340757425123	-0.194080117464037	0.234642815760262	0.115486474549578	0.050907974355769	-0.309488599502643	1.29520711103064
-0.745927484617653	-0.186395113646546	0.256818852714551	0.112038795741323	0.0520943222050301	-0.299915555647625	1.31333343629185
-0.777738307791572	-0.178644404542858	0.279160332964211	0.108560776093772	0.053288354790279	-0.290258605304694	1.33156144966577
-0.809773226946884	-0.170827990152973	0.301667256509242	0.105052415606926	0.0544900721115158	-0.280517748473851	1.34989115115241
-0.842032242083587	-0.162945870476891	0.324339623349644	0.101513714280785	0.0556994741687404	-0.270692985155094	1.36832254075176
-0.874515353201684	-0.154998045514611	0.347177433485419	0.0979446721153485	0.0569165609619528	-0.260784315348424	1.38685561846383
-0.907222560301171	-0.146984515266135	0.370180686916565	0.0943452891106162	0.058141332491153	-0.250791739053842	1.40549038428861
-0.940153863382049	-0.138905279731461	0.393349383643081	0.0907155652665885	0.0593737887563409	-0.240715256271346	1.4242268382261
-0.97330926244432	-0.13076033891059	0.416683523664969	0.0870555005832656	0.0606139297575168	-0.230554867000937	1.44306498027631
-1.00668875748798	-0.122549692803522	0.440183106982229	0.0833650950606473	0.0618617554946804	-0.220310571242615	1.46200481043923
-1.04029234851304	-0.114273341410257	0.46384813359486	0.079644348698733	0.0631172659678318	-0.20998236899638	1.48104632871487
-1.07412003551948	-0.105931284730794	0.487678603502864	0.0758932614975238	0.0643804611769711	-0.199570260262232	1.50018953510322
-1.10817181850732	-0.0975235227651354	0.511674516706237	0.072111833457019	0.0656513411220982	-0.189074245040171	1.51943442960428
-1.14244769747655	-0.0890500555132787	0.535835873204983	0.0683000645772187	0.0669299058032131	-0.178494323330197	1.53878101221806
-1.17694767242717	-0.0805108829752257	0.560162672999098	0.0644579548581232	0.0682161552203157	-0.167830495132311	1.55822928294455
-1.21167174335918	-0.0719060051509741	0.584654916088587	0.0605855042997319	0.0695100893734062	-0.15708276044651	1.57777924178376
-1.24661991027259	-0.0632354220405258	0.609312602473446	0.0566827129020453	0.0708117082624846	-0.146251119272797	1.59743088873568
-1.28179217316738	-0.0544991336438803	0.634135732153678	0.0527495806650633	0.0721210118875507	-0.13533557161117	1.61718422380031
-1.31718853204357	-0.045697139961038	0.65912430512928	0.0487861075887857	0.0734380002486047	-0.124336117461631	1.63703924697766
-1.35280898690115	-0.0368294409919985	0.684278321400253	0.0447922936732128	0.0747626733456464	-0.113252756824179	1.65699595826772
-1.38865353774012	-0.0278960367367618	0.709597780966599	0.0407681389183445	0.076095031178676	-0.102085489698814	1.6770543576705
-1.42472218456048	-0.0188969271953283	0.735082683828314	0.0367136433241806	0.0774350737476934	-0.0908343160855356	1.69721444518599
-1.46101492736224	-0.00983211236769721	0.760733029985402	0.0326288068907217	0.0787828010526985	-0.0794992359843447	1.71747622081419
-1.49753176614538	-0.000701592253868899	0.786548819437861	0.0285136296179669	0.0801382130936915	-0.0680802493952402	1.73783968455511
-1.53427270090992	0.00849463314615617	0.812530052185692	0.0243681115059169	0.0815013098706724	-0.0565773563182228	1.75830483640874
-1.57123773165585	0.0177565638323793	0.838676728228894	0.020192252554571	0.082872091383641	-0.0449905567532918	1.77887167637509
-1.60842685838317	0.0270841998047984	0.864988847567467	0.0159860527639302	0.0842505576325974	-0.0333198507004484	1.79954020445415
-1.64584008109189	0.0364775410634155	0.891466410201412	0.0117495121339939	0.0856367086175417	-0.0215652381596922	1.82031042064592
-1.68347739978199	0.0459365876082298	0.918109416130729	0.00748263066476151	0.0870305443384738	-0.00972671913102241	1.84118232495041
-1.72133881445349	0.05546133943924	0.944917865355415	0.0031854083562346	0.0884320647953936	0.00219570638555933	1.86215591736761
-1.75942432510638	0.0650517965564492	0.971891757875476	-0.00114215479158841	0.0898412699883014	0.0142020383900556	1.88323119789752
-1.79773393174066	0.0747079589598543	0.999031093690906	-0.00550005877870641	0.0912581599171969	0.0262922768824643	1.90440816654016
-1.83626763435633	0.084429826649457	1.02633587280171	-0.00988830360512027	0.0926827345820802	0.0384664218627861	1.9256868232955
-1.87502543295339	0.0942173996252569	1.05380609520788	-0.0143068892708293	0.0941149939829513	0.0507244733310208	1.94706716816356
-1.91400732753185	0.104070677887254	1.08144176090943	-0.0187558157758339	0.0955549381198103	0.0630664312871683	1.96854920114433
-1.9532133180917	0.113989661435448	1.10924286990634	-0.0232350831201338	0.097002566992657	0.075492295731229	1.99013292223781
-1.99264340463294	0.123974350269839	1.13720942219863	-0.0277446913037294	0.0984578806014916	0.0880020666632029	2.01181833144401
-2.03229758715556	0.134024744390427	1.16534141778629	-0.0322846403266199	0.0999208789463139	0.100595744083089	2.03360542876293
-2.07217586565959	0.144140843797213	1.19363885666932	-0.0368549301888061	0.101391562027124	0.113273327990889	2.05549421419455
-2.112278240145	0.154322648490196	1.22210173884772	-0.0414555608902882	0.102869929843922	0.126034818386602	2.0774846877389
-2.15260471061181	0.164570158469375	1.25073006432149	-0.0460865324310653	0.104355982396708	0.138880215270229	2.09957684939595
-2.19315527706	0.174883373734752	1.27952383309064	-0.0507478448111378	0.105849719685482	0.151809518641767	2.12177069916572
-2.23392993948959	0.185262294286327	1.30848304515515	-0.055439498030506	0.107351141710243	0.164822728501219	2.14406623704821
-2.27492869790057	0.195706920124098	1.33760770051504	-0.0601614920891698	0.108860248470992	0.177919844848585	2.1664634630434
-2.31615155229295	0.206217251248066	1.3668977991703	-0.0649138269871286	0.110377039967729	0.191100867683862	2.18896237715131
-2.35759850266671	0.216793287658232	1.39635334112093	-0.069696502724383	0.111901516200454	0.204365797007054	2.21156297937194
-2.39926954902187	0.227435029354595	1.42597432636693	-0.0745095193009326	0.113433677169167	0.217714632818157	2.23426526970528
-2.44116469135842	0.238142476337155	1.4557607549083	-0.0793528767167782	0.114973522873868	0.231147375117175	2.25706924815133
-2.48328392967635	0.248915628605912	1.48571262674505	-0.0842265749719187	0.116521053314556	0.244664023904105	2.2799749147101
-2.52562726397568	0.259754486160866	1.51582994187716	-0.0891306140663548	0.118076268491232	0.258264579178948	2.30298226938158
-2.56819469425641	0.270659049002018	1.54611270030465	-0.0940649940000866	0.119639168403896	0.271949040941704	2.32609131216578
-2.61098622051852	0.281629317129366	1.57656090202751	-0.0990297147731136	0.121209753052548	0.285717409192374	2.34930204306269
-2.65400184276203	0.292665290542912	1.60717454704574	-0.104024776385436	0.122788022437187	0.299569683930956	2.37261446207231
-2.69724156098693	0.303766969242655	1.63795363535934	-0.109050178837054	0.124373976557815	0.313505865157451	2.39602856919465
-2.74070537519322	0.314934353228595	1.66889816696831	-0.114105922127967	0.12596761541443	0.32752595287186	2.4195443644297
-2.7843932853809	0.326167442500732	1.70000814187266	-0.119192006258176	0.127568939007033	0.341629947074181	2.44316184777746
-2.82830529154997	0.337466237059067	1.73128356007237	-0.12430843122768	0.129177947335624	0.355817847764416	2.46688101923794
-2.87244139370044	0.348830736903598	1.76272442156746	-0.12945519703648	0.130794640400202	0.370089654942564	2.49070187881114
-2.9168015918323	0.360260942034327	1.79433072635792	-0.134632303684575	0.132419018200769	0.384445368608624	2.51462442649704
-2.96138588594554	0.371756852451252	1.82610247444375	-0.139839751171966	0.134051080737323	0.398884988762597	2.53864866229566
-3.00619427604018	0.383318468154375	1.85803966582495	-0.145077539498652	0.135690828009865	0.413408515404484	2.562774586207
-3.05122676211622	0.394945789143696	1.89014230050152	-0.150345668664633	0.137338260018395	0.428015948534284	2.58700219823105
-3.09648334417364	0.406638815419212	1.92241037847346	-0.15564413866991	0.138993376762913	0.442707288151996	2.61133149836781
-3.14196402221245	0.418397546980927	1.95484389974078	-0.160972949514482	0.140656178243418	0.457482534257622	2.63576248661729
-3.18766879623266	0.430221983828839	1.98744286430347	-0.16633210119835	0.142326664459911	0.472341686851161	2.66029516297948
-3.23359766623426	0.442112125962948	2.02020727216153	-0.171721593721514	0.144004835412393	0.487284745932612	2.68492952745439
-3.27975063221725	0.454067973383253	2.05313712331495	-0.177141427083972	0.145690691100861	0.502311711501977	2.709665580042
-3.32612769418163	0.466089526089757	2.08623241776376	-0.182591601285726	0.147384231525318	0.517422583559255	2.73450332074234
-3.37272885212741	0.478176784082457	2.11949315550793	-0.188072116326776	0.149085456685763	0.532617362104446	2.75944274955538
-3.41955410605457	0.490329747361355	2.15291933654747	-0.193582972207121	0.150794366582195	0.54789604713755	2.78448386648115
-3.46660345596313	0.502548415926448	2.18651096088239	-0.199124168926761	0.152510961214615	0.563258638658567	2.80962667151962
-3.51387690185308	0.514832789777741	2.22026802851267	-0.204695706485697	0.154235240583023	0.578705136667497	2.83487116467081
-3.49777010528627	0.515005632825139	2.21027946055592	-0.205110821731952	0.153895215337274	0.579727393330619	2.82076986501922
-3.48166330871947	0.515178475872537	2.20029089259917	-0.205525936978206	0.153555190091525	0.58074964999374	2.80666856536763
-3.46555651215266	0.515351318919935	2.19030232464241	-0.205941052224461	0.153215164845776	0.581771906656861	2.79256726571604
-3.44944971558586	0.515524161967333	2.18031375668566	-0.206356167470716	0.152875139600027	0.582794163319982	2.77846596606445
-3.43334291901905	0.515697005014731	2.17032518872891	-0.206771282716971	0.152535114354278	0.583816419983103	2.76436466641286
-3.41723612245224	0.51586984806213	2.16033662077216	-0.207186397963226	0.152195089108528	0.584838676646224	2.75026336676127
-3.40112932588544	0.516042691109528	2.15034805281541	-0.207601513209481	0.151855063862779	0.585860933309345	2.73616206710968
-3.38502252931863	0.516215534156926	2.14035948485865	-0.208016628455735	0.15151503861703	0.586883189972465	2.7220607674581
-3.36891573275182	0.516388377204324	2.1303709169019	-0.20843174370199	0.151175013371281	0.587905446635586	2.70795946780651
-3.35280893618502	0.516561220251722	2.12038234894515	-0.208846858948245	0.150834988125532	0.588927703298707	2.69385816815492
-3.33670213961821	0.51673406329912	2.1103937809884	-0.2092619741945	0.150494962879783	0.589949959961828	2.67975686850333
-3.3205953430514	0.516906906346518	2.10040521303165	-0.209677089440755	0.150154937634034	0.590972216624949	2.66565556885174
-3.3044885464846	0.517079749393916	2.09041664507489	-0.21009220468701	0.149814912388285	0.59199447328807	2.65155426920015
-3.28838174991779	0.517252592441314	2.08042807711814	-0.210507319933265	0.149474887142536	0.593016729951191	2.63745296954856
-3.27227495335099	0.517425435488712	2.07043950916139	-0.210922435179519	0.149134861896787	0.594038986614312	2.62335166989697
-3.25616815678418	0.51759827853611	2.06045094120464	-0.211337550425774	0.148794836651038	0.595061243277432	2.60925037024538
-3.24006136021737	0.517771121583508	2.05046237324789	-0.211752665672029	0.148454811405289	0.596083499940553	2.59514907059379
-3.22395456365057	0.517943964630906	2.04047380529113	-0.212167780918284	0.148114786159539	0.597105756603674	2.5810477709422
-3.20784776708376	0.518116807678304	2.03048523733438	-0.212582896164539	0.14777476091379	0.598128013266795	2.56694647129061
-3.19174097051695	0.518289650725702	2.02049666937763	-0.212998011410794	0.147434735668041	0.599150269929916	2.55284517163902
-3.17563417395015	0.5184624937731	2.01050810142088	-0.213413126657048	0.147094710422292	0.600172526593037	2.53874387198743
-3.15952737738334	0.518635336820498	2.00051953346412	-0.213828241903303	0.146754685176543	0.601194783256158	2.52464257233584
-3.14342058081653	0.518808179867897	1.99053096550737	-0.214243357149558	0.146414659930794	0.602217039919279	2.51054127268425
-3.12731378424973	0.518981022915295	1.98054239755062	-0.214658472395813	0.146074634685045	0.6032392965824	2.49643997303266
-3.11120698768292	0.519153865962693	1.97055382959387	-0.215073587642068	0.145734609439296	0.60426155324552	2.48233867338107
-3.09510019111611	0.519326709010091	1.96056526163712	-0.215488702888323	0.145394584193547	0.605283809908641	2.46823737372948
-3.07899339454931	0.519499552057489	1.95057669368036	-0.215903818134578	0.145054558947798	0.606306066571762	2.45413607407789
-3.0628865979825	0.519672395104887	1.94058812572361	-0.216318933380832	0.144714533702049	0.607328323234883	2.44003477442631
-3.0467798014157	0.519845238152285	1.93059955776686	-0.216734048627087	0.1443745084563	0.608350579898004	2.42593347477472
-3.03067300484889	0.520018081199683	1.92061098981011	-0.217149163873342	0.144034483210551	0.609372836561125	2.41183217512313
-3.01456620828208	0.520190924247081	1.91062242185336	-0.217564279119597	0.143694457964801	0.610395093224246	2.39773087547154
-2.99845941171528	0.520363767294479	1.9006338538966	-0.217979394365852	0.143354432719052	0.611417349887367	2.38362957581995
-2.98235261514847	0.520536610341877	1.89064528593985	-0.218394509612107	0.143014407473303	0.612439606550488	2.36952827616836
-2.96624581858166	0.520709453389275	1.8806567179831	-0.218809624858361	0.142674382227554	0.613461863213608	2.35542697651677
-2.95013902201486	0.520882296436673	1.87066815002635	-0.219224740104616	0.142334356981805	0.614484119876729	2.34132567686518
-2.93403222544805	0.521055139484071	1.8606795820696	-0.219639855350871	0.141994331736056	0.61550637653985	2.32722437721359
-2.91792542888124	0.521227982531469	1.85069101411284	-0.220054970597126	0.141654306490307	0.616528633202971	2.313123077562
-2.90181863231444	0.521400825578867	1.84070244615609	-0.220470085843381	0.141314281244558	0.617550889866092	2.29902177791041
-2.88571183574763	0.521573668626266	1.83071387819934	-0.220885201089636	0.140974255998809	0.618573146529213	2.28492047825882
-2.86960503918083	0.521746511673664	1.82072531024259	-0.221300316335891	0.14063423075306	0.619595403192334	2.27081917860723
-2.85349824261402	0.521919354721062	1.81073674228583	-0.221715431582145	0.140294205507311	0.620617659855455	2.25671787895564
-2.83739144604721	0.52209219776846	1.80074817432908	-0.2221305468284	0.139954180261562	0.621639916518575	2.24261657930405
-2.82128464948041	0.522265040815858	1.79075960637233	-0.222545662074655	0.139614155015812	0.622662173181696	2.22851527965246
-2.8051778529136	0.522437883863256	1.78077103841558	-0.22296077732091	0.139274129770063	0.623684429844817	2.21441398000087
-2.78907105634679	0.522610726910654	1.77078247045883	-0.223375892567165	0.138934104524314	0.624706686507938	2.20031268034928
-2.77296425977999	0.522783569958052	1.76079390250207	-0.22379100781342	0.138594079278565	0.625728943171059	2.18621138069769
-2.75685746321318	0.52295641300545	1.75080533454532	-0.224206123059674	0.138254054032816	0.62675119983418	2.1721100810461
-2.74075066664637	0.523129256052848	1.74081676658857	-0.224621238305929	0.137914028787067	0.627773456497301	2.15800878139452
-2.72464387007957	0.523302099100246	1.73082819863182	-0.225036353552184	0.137574003541318	0.628795713160422	2.14390748174293
-2.70853707351276	0.523474942147644	1.72083963067507	-0.225451468798439	0.137233978295569	0.629817969823543	2.12980618209134
-2.69243027694596	0.523647785195042	1.71085106271831	-0.225866584044694	0.13689395304982	0.630840226486663	2.11570488243975
-2.67632348037915	0.52382062824244	1.70086249476156	-0.226281699290949	0.136553927804071	0.631862483149784	2.10160358278816
-2.66021668381234	0.523993471289838	1.69087392680481	-0.226696814537203	0.136213902558322	0.632884739812905	2.08750228313657
-2.64410988724554	0.524166314337236	1.68088535884806	-0.227111929783458	0.135873877312573	0.633906996476026	2.07340098348498
-2.62800309067873	0.524339157384635	1.67089679089131	-0.227527045029713	0.135533852066823	0.634929253139147	2.05929968383339
-2.61189629411192	0.524512000432033	1.66090822293455	-0.227942160275968	0.135193826821074	0.635951509802268	2.0451983841818
-2.59578949754512	0.524684843479431	1.6509196549778	-0.228357275522223	0.134853801575325	0.636973766465389	2.03109708453021
-2.57968270097831	0.524857686526829	1.64093108702105	-0.228772390768478	0.134513776329576	0.63799602312851	2.01699578487862
-2.5635759044115	0.525030529574227	1.6309425190643	-0.229187506014733	0.134173751083827	0.639018279791631	2.00289448522703
-2.5474691078447	0.525203372621625	1.62095395110755	-0.229602621260987	0.133833725838078	0.640040536454751	1.98879318557544
-2.53136231127789	0.525376215669023	1.61096538315079	-0.230017736507242	0.133493700592329	0.641062793117872	1.97469188592385
-2.51525551471109	0.525549058716421	1.60097681519404	-0.230432851753497	0.13315367534658	0.642085049780993	1.96059058627226
-2.49914871814428	0.525721901763819	1.59098824723729	-0.230847966999752	0.132813650100831	0.643107306444114	1.94648928662067
-2.48304192157747	0.525894744811217	1.58099967928054	-0.231263082246007	0.132473624855082	0.644129563107235	1.93238798696908
-2.46693512501067	0.526067587858615	1.57101111132378	-0.231678197492262	0.132133599609333	0.645151819770356	1.91828668731749
-2.45082832844386	0.526240430906013	1.56102254336703	-0.232093312738516	0.131793574363584	0.646174076433477	1.9041853876659
-2.43472153187705	0.526413273953411	1.55103397541028	-0.232508427984771	0.131453549117834	0.647196333096598	1.89008408801431
-2.41861473531025	0.526586117000809	1.54104540745353	-0.232923543231026	0.131113523872085	0.648218589759718	1.87598278836272
-2.40250793874344	0.526758960048207	1.53105683949678	-0.233338658477281	0.130773498626336	0.649240846422839	1.86188148871114
-2.38640114217663	0.526931803095605	1.52106827154002	-0.233753773723536	0.130433473380587	0.65026310308596	1.84778018905955
-2.37029434560983	0.527104646143003	1.51107970358327	-0.234168888969791	0.130093448134838	0.651285359749081	1.83367888940796
-2.35418754904302	0.527277489190402	1.50109113562652	-0.234584004216046	0.129753422889089	0.652307616412202	1.81957758975637
-2.33808075247622	0.5274503322378	1.49110256766977	-0.2349991194623	0.12941339764334	0.653329873075323	1.80547629010478
-2.32197395590941	0.527623175285198	1.48111399971302	-0.235414234708555	0.129073372397591	0.654352129738444	1.79137499045319
-2.3058671593426	0.527796018332596	1.47112543175626	-0.23582934995481	0.128733347151842	0.655374386401565	1.7772736908016
-2.2897603627758	0.527968861379994	1.46113686379951	-0.236244465201065	0.128393321906093	0.656396643064685	1.76317239115001
-2.27365356620899	0.528141704427392	1.45114829584276	-0.23665958044732	0.128053296660344	0.657418899727806	1.74907109149842
-2.25754676964218	0.52831454747479	1.44115972788601	-0.237074695693575	0.127713271414595	0.658441156390927	1.73496979184683
-2.24143997307538	0.528487390522188	1.43117115992926	-0.237489810939829	0.127373246168845	0.659463413054048	1.72086849219524
-2.22533317650857	0.528660233569586	1.4211825919725	-0.237904926186084	0.127033220923096	0.660485669717169	1.70676719254365
-2.20922637994176	0.528833076616984	1.41119402401575	-0.238320041432339	0.126693195677347	0.66150792638029	1.69266589289206
-2.19311958337496	0.529005919664382	1.401205456059	-0.238735156678594	0.126353170431598	0.662530183043411	1.67856459324047
-2.17701278680815	0.52917876271178	1.39121688810225	-0.239150271924849	0.126013145185849	0.663552439706532	1.66446329358888
-2.16090599024134	0.529351605759178	1.3812283201455	-0.239565387171104	0.1256731199401	0.664574696369653	1.65036199393729
-2.14479919367454	0.529524448806576	1.37123975218874	-0.239980502417359	0.125333094694351	0.665596953032773	1.6362606942857
-2.12869239710773	0.529697291853974	1.36125118423199	-0.240395617663613	0.124993069448602	0.666619209695894	1.62215939463411
-2.11258560054093	0.529870134901372	1.35126261627524	-0.240810732909868	0.124653044202853	0.667641466359015	1.60805809498252
-2.09647880397412	0.530042977948771	1.34127404831849	-0.241225848156123	0.124313018957104	0.668663723022136	1.59395679533093
-2.08037200740731	0.530215820996169	1.33128548036173	-0.241640963402378	0.123972993711355	0.669685979685257	1.57985549567935
-2.06426521084051	0.530388664043567	1.32129691240498	-0.242056078648633	0.123632968465606	0.670708236348378	1.56575419602776
-2.0481584142737	0.530561507090965	1.31130834444823	-0.242471193894888	0.123292943219856	0.671730493011499	1.55165289637617
-2.03205161770689	0.530734350138363	1.30131977649148	-0.242886309141142	0.122952917974107	0.67275274967462	1.53755159672458
-2.01594482114009	0.530907193185761	1.29133120853473	-0.243301424387397	0.122612892728358	0.673775006337741	1.52345029707299
-1.99983802457328	0.531080036233159	1.28134264057797	-0.243716539633652	0.122272867482609	0.674797263000861	1.5093489974214
-1.98373122800647	0.531252879280557	1.27135407262122	-0.244131654879907	0.12193284223686	0.675819519663982	1.49524769776981
-1.96762443143967	0.531425722327955	1.26136550466447	-0.244546770126162	0.121592816991111	0.676841776327103	1.48114639811822
-1.95151763487286	0.531598565375353	1.25137693670772	-0.244961885372417	0.121252791745362	0.677864032990224	1.46704509846663
-1.93541083830606	0.531771408422751	1.24138836875097	-0.245377000618671	0.120912766499613	0.678886289653345	1.45294379881504
-1.91930404173925	0.531944251470149	1.23139980079421	-0.245792115864926	0.120572741253864	0.679908546316466	1.43884249916345
-1.90319724517244	0.532117094517547	1.22141123283746	-0.246207231111181	0.120232716008115	0.680930802979587	1.42474119951186
-1.88709044860564	0.532289937564945	1.21142266488071	-0.246622346357436	0.119892690762366	0.681953059642708	1.41063989986027
-1.87098365203883	0.532462780612343	1.20143409692396	-0.247037461603691	0.119552665516617	0.682975316305829	1.39653860020868
-1.85487685547202	0.532635623659741	1.19144552896721	-0.247452576849946	0.119212640270867	0.683997572968949	1.38243730055709
-1.83877005890522	0.532808466707139	1.18145696101045	-0.247867692096201	0.118872615025118	0.68501982963207	1.3683360009055
-1.82266326233841	0.532981309754538	1.1714683930537	-0.248282807342455	0.118532589779369	0.686042086295191	1.35423470125391
-1.8065564657716	0.533154152801936	1.16147982509695	-0.24869792258871	0.11819256453362	0.687064342958312	1.34013340160232
-1.7904496692048	0.533326995849334	1.1514912571402	-0.249113037834965	0.117852539287871	0.688086599621433	1.32603210195073
-1.77434287263799	0.533499838896732	1.14150268918344	-0.24952815308122	0.117512514042122	0.689108856284554	1.31193080229914
-1.75823607607119	0.53367268194413	1.13151412122669	-0.249943268327475	0.117172488796373	0.690131112947675	1.29782950264756
-1.74212927950438	0.533845524991528	1.12152555326994	-0.25035838357373	0.116832463550624	0.691153369610796	1.28372820299597
-1.72602248293757	0.534018368038926	1.11153698531319	-0.250773498819984	0.116492438304875	0.692175626273916	1.26962690334438
-1.70991568637077	0.534191211086324	1.10154841735644	-0.251188614066239	0.116152413059126	0.693197882937037	1.25552560369279
-1.69380888980396	0.534364054133722	1.09155984939968	-0.251603729312494	0.115812387813377	0.694220139600158	1.2414243040412
-1.67770209323715	0.53453689718112	1.08157128144293	-0.252018844558749	0.115472362567628	0.695242396263279	1.22732300438961
-1.66159529667035	0.534709740228518	1.07158271348618	-0.252433959805004	0.115132337321878	0.6962646529264	1.21322170473802
-1.64548850010354	0.534882583275916	1.06159414552943	-0.252849075051259	0.114792312076129	0.697286909589521	1.19912040508643
-1.62938170353673	0.535055426323314	1.05160557757268	-0.253264190297514	0.11445228683038	0.698309166252642	1.18501910543484
-1.61327490696993	0.535228269370712	1.04161700961592	-0.253679305543768	0.114112261584631	0.699331422915763	1.17091780578325
-1.59716811040312	0.53540111241811	1.03162844165917	-0.254094420790023	0.113772236338882	0.700353679578884	1.15681650613166
-1.58106131383632	0.535573955465508	1.02163987370242	-0.254509536036278	0.113432211093133	0.701375936242004	1.14271520648007
-1.56495451726951	0.535746798512907	1.01165130574567	-0.254924651282533	0.113092185847384	0.702398192905125	1.12861390682848
-1.5488477207027	0.535919641560305	1.00166273778892	-0.255339766528788	0.112752160601635	0.703420449568246	1.11451260717689
-1.5327409241359	0.536092484607703	0.991674169832164	-0.255754881775043	0.112412135355886	0.704442706231367	1.1004113075253
-1.51663412756909	0.536265327655101	0.981685601875411	-0.256169997021297	0.112072110110137	0.705464962894488	1.08631000787371
-1.50052733100228	0.536438170702499	0.971697033918659	-0.256585112267552	0.111732084864388	0.706487219557609	1.07220870822212
-1.48442053443548	0.536611013749897	0.961708465961907	-0.257000227513807	0.111392059618639	0.70750947622073	1.05810740857053
-1.46831373786867	0.536783856797295	0.951719898005155	-0.257415342760062	0.111052034372889	0.708531732883851	1.04400610891894
-1.45220694130186	0.536956699844693	0.941731330048403	-0.257830458006317	0.11071200912714	0.709553989546971	1.02990480926735
-1.43610014473506	0.537129542892091	0.931742762091651	-0.258245573252572	0.110371983881391	0.710576246210092	1.01580350961577
-1.41999334816825	0.537302385939489	0.921754194134899	-0.258660688498827	0.110031958635642	0.711598502873213	1.00170220996418
-1.40388655160145	0.537475228986887	0.911765626178147	-0.259075803745081	0.109691933389893	0.712620759536334	0.987600910312586
-1.38777975503464	0.537648072034285	0.901777058221395	-0.259490918991336	0.109351908144144	0.713643016199455	0.973499610660997
-1.37167295846783	0.537820915081683	0.891788490264642	-0.259906034237591	0.109011882898395	0.714665272862576	0.959398311009407
-1.35556616190103	0.537993758129081	0.881799922307891	-0.260321149483846	0.108671857652646	0.715687529525697	0.945297011357818
-1.33945936533422	0.538166601176479	0.871811354351138	-0.260736264730101	0.108331832406897	0.716709786188818	0.931195711706228
-1.32335256876741	0.538339444223877	0.861822786394386	-0.261151379976356	0.107991807161148	0.717732042851938	0.917094412054639
-1.30724577220061	0.538512287271275	0.851834218437634	-0.26156649522261	0.107651781915399	0.718754299515059	0.902993112403049
-1.2911389756338	0.538685130318673	0.841845650480882	-0.261981610468865	0.10731175666965	0.71977655617818	0.88889181275146
-1.27503217906699	0.538857973366072	0.83185708252413	-0.26239672571512	0.1069717314239	0.720798812841301	0.87479051309987
-1.25892538250019	0.53903081641347	0.821868514567378	-0.262811840961375	0.106631706178151	0.721821069504422	0.860689213448281
-1.24281858593338	0.539203659460868	0.811879946610626	-0.26322695620763	0.106291680932402	0.722843326167543	0.846587913796691
-1.22671178936658	0.539376502508266	0.801891378653874	-0.263642071453885	0.105951655686653	0.723865582830664	0.832486614145102
-1.21060499279977	0.539549345555664	0.791902810697122	-0.264057186700139	0.105611630440904	0.724887839493785	0.818385314493512
-1.19449819623296	0.539722188603062	0.78191424274037	-0.264472301946394	0.105271605195155	0.725910096156906	0.804284014841923
-1.17839139966616	0.53989503165046	0.771925674783617	-0.264887417192649	0.104931579949406	0.726932352820026	0.790182715190333
-1.16228460309935	0.540067874697858	0.761937106826865	-0.265302532438904	0.104591554703657	0.727954609483147	0.776081415538743
-1.14617780653254	0.540240717745256	0.751948538870113	-0.265717647685159	0.104251529457908	0.728976866146268	0.761980115887154
-1.13007100996574	0.540413560792654	0.741959970913361	-0.266132762931414	0.103911504212159	0.729999122809389	0.747878816235565
-1.11396421339893	0.540586403840052	0.731971402956609	-0.266547878177669	0.10357147896641	0.73102137947251	0.733777516583975
-1.09785741683212	0.54075924688745	0.721982834999857	-0.266962993423923	0.103231453720661	0.732043636135631	0.719676216932386
-1.08175062026532	0.540932089934848	0.711994267043105	-0.267378108670178	0.102891428474911	0.733065892798752	0.705574917280796
-1.06564382369851	0.541104932982246	0.702005699086353	-0.267793223916433	0.102551403229162	0.734088149461873	0.691473617629207
-1.0495370271317	0.541277776029644	0.692017131129601	-0.268208339162688	0.102211377983413	0.735110406124994	0.677372317977617
-1.0334302305649	0.541450619077043	0.682028563172849	-0.268623454408943	0.101871352737664	0.736132662788114	0.663271018326028
-1.01732343399809	0.541623462124441	0.672039995216096	-0.269038569655198	0.101531327491915	0.737154919451235	0.649169718674438
-1.00121663743129	0.541796305171839	0.662051427259345	-0.269453684901452	0.101191302246166	0.738177176114356	0.635068419022849
-0.985109840864479	0.541969148219237	0.652062859302592	-0.269868800147707	0.100851277000417	0.739199432777477	0.620967119371259
-0.969003044297673	0.542141991266635	0.64207429134584	-0.270283915393962	0.100511251754668	0.740221689440598	0.606865819719669
-0.952896247730866	0.542314834314033	0.632085723389088	-0.270699030640217	0.100171226508919	0.741243946103719	0.59276452006808
-0.93678945116406	0.542487677361431	0.622097155432336	-0.271114145886472	0.0998312012631697	0.74226620276684	0.578663220416491
-0.920682654597254	0.542660520408829	0.612108587475584	-0.271529261132727	0.0994911760174207	0.743288459429961	0.564561920764901
-0.904575858030447	0.542833363456227	0.602120019518832	-0.271944376378982	0.0991511507716716	0.744310716093082	0.550460621113312
-0.888469061463641	0.543006206503625	0.59213145156208	-0.272359491625236	0.0988111255259225	0.745332972756202	0.536359321461722
-0.872362264896835	0.543179049551023	0.582142883605328	-0.272774606871491	0.0984711002801734	0.746355229419323	0.522258021810133
-0.856255468330029	0.543351892598421	0.572154315648576	-0.273189722117746	0.0981310750344243	0.747377486082444	0.508156722158543
-0.840148671763222	0.543524735645819	0.562165747691823	-0.273604837364001	0.0977910497886753	0.748399742745565	0.494055422506953
-0.824041875196416	0.543697578693217	0.552177179735071	-0.274019952610256	0.0974510245429262	0.749421999408686	0.479954122855364
-0.807935078629609	0.543870421740615	0.542188611778319	-0.274435067856511	0.0971109992971771	0.750444256071807	0.465852823203774
-0.791828282062803	0.544043264788013	0.532200043821567	-0.274850183102765	0.096770974051428	0.751466512734928	0.451751523552185
-0.775721485495996	0.544216107835412	0.522211475864815	-0.27526529834902	0.0964309488056789	0.752488769398049	0.437650223900595
-0.75961468892919	0.544388950882809	0.512222907908063	-0.275680413595275	0.0960909235599298	0.753511026061169	0.423548924249006
-0.743507892362384	0.544561793930208	0.502234339951311	-0.27609552884153	0.0957508983141808	0.75453328272429	0.409447624597417
-0.727401095795577	0.544734636977606	0.492245771994559	-0.276510644087785	0.0954108730684317	0.755555539387411	0.395346324945827
-0.711294299228771	0.544907480025004	0.482257204037807	-0.27692575933404	0.0950708478226826	0.756577796050532	0.381245025294238
-0.695187502661964	0.545080323072402	0.472268636081055	-0.277340874580294	0.0947308225769335	0.757600052713653	0.367143725642648
-0.679080706095158	0.5452531661198	0.462280068124303	-0.277755989826549	0.0943907973311844	0.758622309376774	0.353042425991059
-0.662973909528352	0.545426009167198	0.45229150016755	-0.278171105072804	0.0940507720854353	0.759644566039895	0.338941126339469
-0.646867112961545	0.545598852214596	0.442302932210799	-0.278586220319059	0.0937107468396863	0.760666822703016	0.324839826687879
-0.630760316394739	0.545771695261994	0.432314364254046	-0.279001335565314	0.0933707215939372	0.761689079366137	0.31073852703629
-0.614653519827933	0.545944538309392	0.422325796297294	-0.279416450811569	0.0930306963481881	0.762711336029257	0.2966372273847
-0.598546723261126	0.54611738135679	0.412337228340542	-0.279831566057824	0.092690671102439	0.763733592692378	0.282535927733111
-0.58243992669432	0.546290224404188	0.40234866038379	-0.280246681304078	0.0923506458566899	0.764755849355499	0.268434628081522
-0.566333130127513	0.546463067451586	0.392360092427038	-0.280661796550333	0.0920106206109408	0.76577810601862	0.254333328429932
-0.550226333560706	0.546635910498984	0.382371524470286	-0.281076911796588	0.0916705953651918	0.766800362681741	0.240232028778342
-0.5341195369939	0.546808753546382	0.372382956513533	-0.281492027042843	0.0913305701194427	0.767822619344862	0.226130729126752
-0.518012740427094	0.54698159659378	0.362394388556782	-0.281907142289098	0.0909905448736936	0.768844876007983	0.212029429475163
-0.501905943860288	0.547154439641178	0.352405820600029	-0.282322257535353	0.0906505196279445	0.769867132671104	0.197928129823574
-0.485799147293481	0.547327282688577	0.342417252643277	-0.282737372781607	0.0903104943821954	0.770889389334225	0.183826830171984
-0.469692350726675	0.547500125735975	0.332428684686525	-0.283152488027862	0.0899704691364463	0.771911645997345	0.169725530520394
-0.453585554159869	0.547672968783373	0.322440116729773	-0.283567603274117	0.0896304438906973	0.772933902660466	0.155624230868805
-0.437478757593062	0.547845811830771	0.312451548773021	-0.283982718520372	0.0892904186449482	0.773956159323587	0.141522931217215
-0.421371961026256	0.548018654878169	0.302462980816269	-0.284397833766627	0.0889503933991991	0.774978415986708	0.127421631565626
-0.405265164459449	0.548191497925567	0.292474412859517	-0.284812949012882	0.08861036815345	0.776000672649829	0.113320331914036
-0.389158367892643	0.548364340972965	0.282485844902765	-0.285228064259137	0.0882703429077009	0.77702292931295	0.0992190322624471
-0.373051571325837	0.548537184020363	0.272497276946013	-0.285643179505391	0.0879303176619518	0.778045185976071	0.0851177326108576
-0.35694477475903	0.548710027067761	0.26250870898926	-0.286058294751646	0.0875902924162028	0.779067442639192	0.0710164329592677
-0.340837978192224	0.548882870115159	0.252520141032509	-0.286473409997901	0.0872502671704537	0.780089699302313	0.0569151333076787
-0.324731181625418	0.549055713162557	0.242531573075756	-0.286888525244156	0.0869102419247046	0.781111955965433	0.0428138336560893
-0.308624385058611	0.549228556209955	0.232543005119004	-0.287303640490411	0.0865702166789555	0.782134212628554	0.0287125340044994
-0.292517588491804	0.549401399257353	0.222554437162252	-0.287718755736666	0.0862301914332064	0.783156469291675	0.0146112343529099
-0.276410791924998	0.549574242304751	0.2125658692055	-0.28813387098292	0.0858901661874574	0.784178725954796	0.00050993470132088
-0.260303995358192	0.549747085352149	0.202577301248748	-0.288548986229175	0.0855501409417083	0.785200982617917	-0.013591364950269
-0.244197198791385	0.549919928399548	0.192588733291996	-0.28896410147543	0.0852101156959592	0.786223239281038	-0.0276926646018585
-0.228090402224579	0.550092771446946	0.182600165335244	-0.289379216721685	0.0848700904502101	0.787245495944159	-0.0417939642534475
-0.211983605657773	0.550265614494344	0.172611597378492	-0.28979433196794	0.084530065204461	0.78826775260728	-0.0558952639050374
-0.195876809090966	0.550438457541742	0.16262302942174	-0.290209447214195	0.0841900399587119	0.7892900092704	-0.0699965635566269
-0.17977001252416	0.55061130058914	0.152634461464987	-0.29062456246045	0.0838500147129628	0.790312265933521	-0.0840978632082168
-0.163663215957354	0.550784143636538	0.142645893508236	-0.291039677706704	0.0835099894672138	0.791334522596642	-0.0981991628598058
-0.147556419390547	0.550956986683936	0.132657325551484	-0.291454792952959	0.0831699642214647	0.792356779259763	-0.112300462511395
-0.131449622823741	0.551129829731334	0.122668757594731	-0.291869908199214	0.0828299389757156	0.793379035922884	-0.126401762162985
-0.115342826256934	0.551302672778732	0.112680189637979	-0.292285023445469	0.0824899137299665	0.794401292586005	-0.140503061814575
-0.0992360296901285	0.55147551582613	0.102691621681227	-0.292700138691724	0.0821498884842174	0.795423549249126	-0.154604361466164
-0.0831292331233224	0.551648358873528	0.0927030537244753	-0.293115253937979	0.0818098632384684	0.796445805912247	-0.168705661117753
-0.067022436556516	0.551821201920926	0.0827144857677231	-0.293530369184233	0.0814698379927193	0.797468062575368	-0.182806960769343
-0.050915639989709	0.551994044968324	0.0727259178109709	-0.293945484430488	0.0811298127469702	0.798490319238488	-0.196908260420932
-0.0348088434229026	0.552166888015722	0.0627373498542187	-0.294360599676743	0.0807897875012211	0.799512575901609	-0.211009560072522
-0.018702046856097	0.55233973106312	0.052748781897467	-0.294775714922998	0.080449762255472	0.80053483256473	-0.225110859724111
-0.00259525028929009	0.552512574110518	0.0427602139407148	-0.295190830169253	0.080109737009723	0.801557089227851	-0.239212159375701
0.0135115462775164	0.552685417157916	0.0327716459839626	-0.295605945415508	0.0797697117639739	0.802579345890972	-0.25331345902729
0.0296183428443229	0.552858260205314	0.0227830780272105	-0.296021060661762	0.0794296865182248	0.803601602554093	-0.26741475867888
0.0457251394111289	0.553031103252713	0.0127945100704587	-0.296436175908017	0.0790896612724757	0.804623859217214	-0.281516058330469
0.0618319359779353	0.553203946300111	0.00280594211370655	-0.296851291154272	0.0787496360267266	0.805646115880335	-0.295617357982059
0.0779387325447418	0.553376789347509	-0.00718262584304608	-0.297266406400527	0.0784096107809775	0.806668372543455	-0.309718657633649
0.0940455291115478	0.553549632394907	-0.0171711937997978	-0.297681521646782	0.0780695855352285	0.807690629206576	-0.323819957285238
0.110152325678354	0.553722475442305	-0.02715976175655	-0.298096636893037	0.0777295602894794	0.808712885869697	-0.337921256936827
0.126259122245161	0.553895318489703	-0.0371483297133022	-0.298511752139292	0.0773895350437303	0.809735142532818	-0.352022556588417
0.142365918811968	0.554068161537101	-0.0471368976700544	-0.298926867385546	0.0770495097979812	0.810757399195939	-0.366123856240006
0.158472715378773	0.554241004584499	-0.0571254656268061	-0.299341982631801	0.0767094845522321	0.81177965585906	-0.380225155891595
0.17457951194558	0.554413847631897	-0.0671140335835583	-0.299757097878056	0.076369459306483	0.812801912522181	-0.394326455543185
0.190686308512387	0.554586690679295	-0.0771026015403105	-0.300172213124311	0.076029434060734	0.813824169185302	-0.408427755194775
0.206793105079192	0.554759533726693	-0.0870911694970622	-0.300587328370566	0.0756894088149849	0.814846425848422	-0.422529054846364
0.222899901645999	0.554932376774091	-0.0970797374538144	-0.301002443616821	0.0753493835692358	0.815868682511543	-0.436630354497954
0.239006698212806	0.555105219821489	-0.107068305410567	-0.301417558863075	0.0750093583234867	0.816890939174664	-0.450731654149543
0.255113494779612	0.555278062868887	-0.117056873367319	-0.30183267410933	0.0746693330777376	0.817913195837785	-0.464832953801133
0.271220291346418	0.555450905916285	-0.12704544132407	-0.302247789355585	0.0743293078319885	0.818935452500906	-0.478934253452722
0.287327087913225	0.555623748963683	-0.137034009280823	-0.30266290460184	0.0739892825862395	0.819957709164027	-0.493035553104312
0.303433884480031	0.555796592011082	-0.147022577237575	-0.303078019848095	0.0736492573404904	0.820979965827148	-0.507136852755901
0.319540681046838	0.55596943505848	-0.157011145194327	-0.30349313509435	0.0733092320947413	0.822002222490269	-0.521238152407491
0.335647477613644	0.556142278105878	-0.166999713151079	-0.303908250340605	0.0729692068489922	0.82302447915339	-0.53533945205908
0.35175427418045	0.556315121153276	-0.176988281107831	-0.304323365586859	0.0726291816032431	0.82404673581651	-0.54944075171067
0.367861070747257	0.556487964200674	-0.186976849064584	-0.304738480833114	0.072289156357494	0.825068992479631	-0.563542051362259
0.383967867314063	0.556660807248072	-0.196965417021336	-0.305153596079369	0.071949131111745	0.826091249142752	-0.577643351013849
0.400074663880869	0.55683365029547	-0.206953984978087	-0.305568711325624	0.0716091058659959	0.827113505805873	-0.591744650665438
0.416181460447676	0.557006493342868	-0.21694255293484	-0.305983826571879	0.0712690806202468	0.828135762468994	-0.605845950317028
0.432288257014481	0.557179336390266	-0.226931120891591	-0.306398941818134	0.0709290553744977	0.829158019132115	-0.619947249968617
0.448395053581288	0.557352179437664	-0.236919688848344	-0.306814057064388	0.0705890301287486	0.830180275795236	-0.634048549620207
0.464501850148095	0.557525022485062	-0.246908256805096	-0.307229172310643	0.0702490048829996	0.831202532458357	-0.648149849271797
0.480608646714901	0.55769786553246	-0.256896824761848	-0.307644287556898	0.0699089796372505	0.832224789121478	-0.662251148923386
0.496715443281708	0.557870708579858	-0.2668853927186	-0.308059402803153	0.0695689543915014	0.833247045784598	-0.676352448574975
0.512822239848514	0.558043551627256	-0.276873960675352	-0.308474518049408	0.0692289291457523	0.834269302447719	-0.690453748226565
0.52892903641532	0.558216394674654	-0.286862528632104	-0.308889633295663	0.0688889039000032	0.83529155911084	-0.704555047878154
0.545035832982127	0.558389237722052	-0.296851096588857	-0.309304748541918	0.0685488786542541	0.836313815773961	-0.718656347529744
0.561142629548933	0.55856208076945	-0.306839664545608	-0.309719863788172	0.0682088534085051	0.837336072437082	-0.732757647181333
0.577249426115739	0.558734923816849	-0.316828232502361	-0.310134979034427	0.067868828162756	0.838358329100203	-0.746858946832923
0.593356222682546	0.558907766864247	-0.326816800459113	-0.310550094280682	0.0675288029170069	0.839380585763324	-0.760960246484513
0.609463019249352	0.559080609911645	-0.336805368415865	-0.310965209526937	0.0671887776712578	0.840402842426445	-0.775061546136102
0.625569815816159	0.559253452959043	-0.346793936372617	-0.311380324773192	0.0668487524255087	0.841425099089566	-0.789162845787692
0.641676612382965	0.559426296006441	-0.356782504329369	-0.311795440019447	0.0665087271797596	0.842447355752686	-0.803264145439281
0.657783408949771	0.559599139053839	-0.366771072286121	-0.312210555265701	0.0661687019340106	0.843469612415807	-0.817365445090871
0.673890205516577	0.559771982101237	-0.376759640242873	-0.312625670511956	0.0658286766882615	0.844491869078928	-0.83146674474246
0.689997002083384	0.559944825148635	-0.386748208199625	-0.313040785758211	0.0654886514425124	0.845514125742049	-0.845568044394049
0.70610379865019	0.560117668196033	-0.396736776156377	-0.313455901004466	0.0651486261967633	0.84653638240517	-0.859669344045639
0.722210595216997	0.560290511243431	-0.40672534411313	-0.313871016250721	0.0648086009510142	0.847558639068291	-0.873770643697229
0.738317391783804	0.560463354290829	-0.416713912069882	-0.314286131496976	0.0644685757052651	0.848580895731412	-0.887871943348818
0.75442418835061	0.560636197338227	-0.426702480026634	-0.31470124674323	0.0641285504595161	0.849603152394533	-0.901973243000407
0.770530984917416	0.560809040385625	-0.436691047983386	-0.315116361989485	0.063788525213767	0.850625409057653	-0.916074542651997
0.786637781484222	0.560981883433023	-0.446679615940138	-0.31553147723574	0.0634484999680179	0.851647665720774	-0.930175842303586
0.802744578051029	0.561154726480421	-0.45666818389689	-0.315946592481995	0.0631084747222688	0.852669922383895	-0.944277141955176
0.818851374617835	0.561327569527819	-0.466656751853642	-0.31636170772825	0.0627684494765197	0.853692179047016	-0.958378441606766
0.834958171184642	0.561500412575218	-0.476645319810394	-0.316776822974505	0.0624284242307706	0.854714435710137	-0.972479741258355
0.851064967751448	0.561673255622616	-0.486633887767146	-0.31719193822076	0.0620883989850216	0.855736692373258	-0.986581040909945
0.867171764318255	0.561846098670014	-0.496622455723899	-0.317607053467014	0.0617483737392725	0.856758949036379	-1.00068234056153
0.883278560885061	0.562018941717412	-0.50661102368065	-0.318022168713269	0.0614083484935234	0.8577812056995	-1.01478364021312
0.899385357451867	0.56219178476481	-0.516599591637402	-0.318437283959524	0.0610683232477743	0.858803462362621	-1.02888493986471
0.915492154018673	0.562364627812208	-0.526588159594154	-0.318852399205779	0.0607282980020252	0.859825719025741	-1.0429862395163
0.93159895058548	0.562537470859606	-0.536576727550907	-0.319267514452034	0.0603882727562762	0.860847975688862	-1.05708753916789
0.947705747152287	0.562710313907004	-0.546565295507659	-0.319682629698289	0.0600482475105271	0.861870232351983	-1.07118883881948
0.963812543719093	0.562883156954402	-0.556553863464411	-0.320097744944543	0.059708222264778	0.862892489015104	-1.08529013847107
0.9799193402859	0.5630560000018	-0.566542431421163	-0.320512860190798	0.0593681970190289	0.863914745678225	-1.09939143812266
0.996026136852706	0.563228843049198	-0.576530999377915	-0.320927975437053	0.0590281717732798	0.864937002341346	-1.11349273777425
1.01213293341951	0.563401686096596	-0.586519567334667	-0.321343090683308	0.0586881465275307	0.865959259004467	-1.12759403742584
1.02823972998632	0.563574529143994	-0.596508135291419	-0.321758205929563	0.0583481212817817	0.866981515667588	-1.14169533707743
1.04434652655312	0.563747372191392	-0.606496703248171	-0.322173321175818	0.0580080960360326	0.868003772330708	-1.15579663672902
1.06045332311993	0.56392021523879	-0.616485271204923	-0.322588436422073	0.0576680707902835	0.869026028993829	-1.16989793638061
1.07656011968674	0.564093058286188	-0.626473839161676	-0.323003551668327	0.0573280455445344	0.87004828565695	-1.1839992360322
1.09266691625354	0.564265901333586	-0.636462407118428	-0.323418666914582	0.0569880202987853	0.871070542320071	-1.19810053568379
1.10877371282035	0.564438744380985	-0.646450975075179	-0.323833782160837	0.0566479950530362	0.872092798983192	-1.21220183533538
1.12488050938716	0.564611587428383	-0.656439543031932	-0.324248897407092	0.0563079698072872	0.873115055646313	-1.22630313498697
1.14098730595396	0.564784430475781	-0.666428110988684	-0.324664012653347	0.0559679445615381	0.874137312309434	-1.24040443463856
1.15709410252077	0.564957273523179	-0.676416678945436	-0.325079127899602	0.055627919315789	0.875159568972555	-1.25450573429014
1.17320089908758	0.565130116570577	-0.686405246902188	-0.325494243145856	0.0552878940700399	0.876181825635675	-1.26860703394173
1.18930769565438	0.565302959617975	-0.69639381485894	-0.325909358392111	0.0549478688242908	0.877204082298796	-1.28270833359332
1.20541449222119	0.565475802665373	-0.706382382815693	-0.326324473638366	0.0546078435785417	0.878226338961917	-1.29680963324491
1.221521288788	0.565648645712771	-0.716370950772445	-0.326739588884621	0.0542678183327926	0.879248595625038	-1.3109109328965
1.2376280853548	0.565821488760169	-0.726359518729196	-0.327154704130876	0.0539277930870436	0.880270852288159	-1.32501223254809
1.25373488192161	0.565994331807567	-0.736348086685948	-0.327569819377131	0.0535877678412945	0.88129310895128	-1.33911353219968
1.26984167848841	0.566167174854965	-0.7463366546427	-0.327984934623386	0.0532477425955454	0.882315365614401	-1.35321483185127
1.28594847505522	0.566340017902363	-0.756325222599453	-0.32840004986964	0.0529077173497963	0.883337622277522	-1.36731613150286
1.30205527162203	0.566512860949761	-0.766313790556205	-0.328815165115895	0.0525676921040472	0.884359878940643	-1.38141743115445
1.31816206818883	0.566685703997159	-0.776302358512957	-0.32923028036215	0.0522276668582982	0.885382135603763	-1.39551873080604
1.33426886475564	0.566858547044557	-0.786290926469709	-0.329645395608405	0.0518876416125491	0.886404392266884	-1.40962003045763
1.35037566132245	0.567031390091955	-0.796279494426461	-0.33006051085466	0.0515476163668	0.887426648930005	-1.42372133010922
1.36648245788925	0.567204233139354	-0.806268062383213	-0.330475626100915	0.0512075911210509	0.888448905593126	-1.43782262976081
1.38258925445606	0.567377076186752	-0.816256630339965	-0.330890741347169	0.0508675658753018	0.889471162256247	-1.4519239294124
1.39869605102286	0.56754991923415	-0.826245198296717	-0.331305856593424	0.0505275406295528	0.890493418919368	-1.46602522906399
1.41480284758967	0.567722762281548	-0.83623376625347	-0.331720971839679	0.0501875153838037	0.891515675582489	-1.48012652871558
1.43090964415648	0.567895605328946	-0.846222334210222	-0.332136087085934	0.0498474901380546	0.89253793224561	-1.49422782836717
1.44701644072328	0.568068448376344	-0.856210902166974	-0.332551202332189	0.0495074648923055	0.893560188908731	-1.50832912801876
1.46312323729009	0.568241291423742	-0.866199470123726	-0.332966317578444	0.0491674396465564	0.894582445571851	-1.52243042767035
1.4792300338569	0.56841413447114	-0.876188038080478	-0.333381432824698	0.0488274144008073	0.895604702234972	-1.53653172732194
1.4953368304237	0.568586977518538	-0.88617660603723	-0.333796548070953	0.0484873891550583	0.896626958898093	-1.55063302697352
1.51144362699051	0.568759820565936	-0.896165173993982	-0.334211663317208	0.0481473639093092	0.897649215561214	-1.56473432662511
1.52755042355732	0.568932663613334	-0.906153741950734	-0.334626778563463	0.0478073386635601	0.898671472224335	-1.5788356262767
1.54365722012412	0.569105506660732	-0.916142309907486	-0.335041893809718	0.047467313417811	0.899693728887456	-1.59293692592829
1.55976401669093	0.56927834970813	-0.926130877864238	-0.335457009055973	0.0471272881720619	0.900715985550577	-1.60703822557988
1.57587081325774	0.569451192755528	-0.93611944582099	-0.335872124302228	0.0467872629263128	0.901738242213698	-1.62113952523147
1.59197760982454	0.569624035802926	-0.946108013777743	-0.336287239548482	0.0464472376805638	0.902760498876819	-1.63524082488306
1.60808440639135	0.569796878850324	-0.956096581734494	-0.336702354794737	0.0461072124348147	0.903782755539939	-1.64934212453465
1.62419120295815	0.569969721897723	-0.966085149691247	-0.337117470040992	0.0457671871890656	0.90480501220306	-1.66344342418624
1.64029799952496	0.570142564945121	-0.976073717647999	-0.337532585287247	0.0454271619433165	0.905827268866181	-1.67754472383783
1.65640479609177	0.570315407992519	-0.986062285604751	-0.337947700533502	0.0450871366975674	0.906849525529302	-1.69164602348942
1.67251159265857	0.570488251039917	-0.996050853561503	-0.338362815779757	0.0447471114518183	0.907871782192423	-1.70574732314101
1.68861838922538	0.570661094087315	-1.00603942151826	-0.338777931026012	0.0444070862060693	0.908894038855544	-1.7198486227926
1.70472518579219	0.570833937134713	-1.01602798947501	-0.339193046272266	0.0440670609603202	0.909916295518665	-1.73394992244419
1.72083198235899	0.571006780182111	-1.02601655743176	-0.339608161518521	0.0437270357145711	0.910938552181786	-1.74805122209578
1.7369387789258	0.571179623229509	-1.03600512538851	-0.340023276764776	0.043387010468822	0.911960808844906	-1.76215252174737
1.7530455754926	0.571352466276907	-1.04599369334526	-0.340438392011031	0.0430469852230729	0.912983065508027	-1.77625382139896
1.76915237205941	0.571525309324305	-1.05598226130202	-0.340853507257286	0.0427069599773238	0.914005322171148	-1.79035512105055
1.78525916862622	0.571698152371703	-1.06597082925877	-0.341268622503541	0.0423669347315748	0.915027578834269	-1.80445642070214
1.80136596519302	0.571870995419101	-1.07595939721552	-0.341683737749795	0.0420269094858257	0.91604983549739	-1.81855772035373
1.81747276175983	0.572043838466499	-1.08594796517227	-0.34209885299605	0.0416868842400766	0.917072092160511	-1.83265902000531
1.83357955832664	0.572216681513897	-1.09593653312902	-0.342513968242305	0.0413468589943275	0.918094348823632	-1.8467603196569
1.84968635489344	0.572389524561295	-1.10592510108578	-0.34292908348856	0.0410068337485784	0.919116605486753	-1.86086161930849
1.86579315146025	0.572562367608693	-1.11591366904253	-0.343344198734815	0.0406668085028294	0.920138862149874	-1.87496291896008
1.88189994802706	0.572735210656091	-1.12590223699928	-0.34375931398107	0.0403267832570803	0.921161118812994	-1.88906421861167
1.89800674459386	0.57290805370349	-1.13589080495603	-0.344174429227324	0.0399867580113312	0.922183375476115	-1.90316551826326
1.91411354116067	0.573080896750888	-1.14587937291278	-0.344589544473579	0.0396467327655821	0.923205632139236	-1.91726681791485
1.93022033772748	0.573253739798286	-1.15586794086954	-0.345004659719834	0.039306707519833	0.924227888802357	-1.93136811756644
1.94632713429428	0.573426582845684	-1.16585650882629	-0.345419774966089	0.0389666822740839	0.925250145465478	-1.94546941721803
1.96243393086109	0.573599425893082	-1.17584507678304	-0.345834890212344	0.0386266570283349	0.926272402128599	-1.95957071686962
1.97854072742789	0.57377226894048	-1.18583364473979	-0.346250005458599	0.0382866317825858	0.92729465879172	-1.97367201652121
1.9946475239947	0.573945111987878	-1.19582221269654	-0.346665120704854	0.0379466065368367	0.928316915454841	-1.9877733161728
2.01075432056151	0.574117955035276	-1.2058107806533	-0.347080235951108	0.0376065812910876	0.929339172117962	-2.00187461582439
2.02686111712831	0.574290798082674	-1.21579934861005	-0.347495351197363	0.0372665560453385	0.930361428781082	-2.01597591547598
2.04296791369512	0.574463641130072	-1.2257879165668	-0.347910466443618	0.0369265307995894	0.931383685444203	-2.03007721512757
2.05907471026193	0.57463648417747	-1.23577648452355	-0.348325581689873	0.0365865055538404	0.932405942107324	-2.04417851477916
2.07518150682873	0.574809327224868	-1.24576505248031	-0.348740696936128	0.0362464803080913	0.933428198770445	-2.05827981443075
2.09128830339554	0.574982170272266	-1.25575362043706	-0.349155812182383	0.0359064550623422	0.934450455433566	-2.07238111408234
2.10739509996235	0.575155013319664	-1.26574218839381	-0.349570927428637	0.0355664298165931	0.935472712096687	-2.08648241373393
2.12350189652915	0.575327856367062	-1.27573075635056	-0.349986042674892	0.035226404570844	0.936494968759808	-2.10058371338552
2.13960869309596	0.57550069941446	-1.28571932430731	-0.350401157921147	0.0348863793250949	0.937517225422929	-2.1146850130371
2.15571548966277	0.575673542461859	-1.29570789226407	-0.350816273167402	0.0345463540793459	0.93853948208605	-2.12878631268869
2.17182228622957	0.575846385509257	-1.30569646022082	-0.351231388413657	0.0342063288335968	0.93956173874917	-2.14288761234028
2.18792908279638	0.576019228556655	-1.31568502817757	-0.351646503659912	0.0338663035878477	0.940583995412291	-2.15698891199187
2.20403587936318	0.576192071604053	-1.32567359613432	-0.352061618906166	0.0335262783420986	0.941606252075412	-2.17109021164346
2.22014267592999	0.576364914651451	-1.33566216409107	-0.352476734152421	0.0331862530963495	0.942628508738533	-2.18519151129505
2.2362494724968	0.576537757698849	-1.34565073204783	-0.352891849398676	0.0328462278506004	0.943650765401654	-2.19929281094664
2.2523562690636	0.576710600746247	-1.35563930000458	-0.353306964644931	0.0325062026048514	0.944673022064775	-2.21339411059823
2.26846306563041	0.576883443793645	-1.36562786796133	-0.353722079891186	0.0321661773591023	0.945695278727896	-2.22749541024982
2.28456986219722	0.577056286841043	-1.37561643591808	-0.354137195137441	0.0318261521133532	0.946717535391016	-2.24159670990141
2.30067665876402	0.577229129888441	-1.38560500387483	-0.354552310383696	0.0314861268676041	0.947739792054137	-2.255698009553
2.31678345533083	0.577401972935839	-1.39559357183159	-0.35496742562995	0.031146101621855	0.948762048717258	-2.26979930920459
2.33289025189764	0.577574815983237	-1.40558213978834	-0.355382540876205	0.030806076376106	0.949784305380379	-2.28390060885618
2.34899704846444	0.577747659030635	-1.41557070774509	-0.35579765612246	0.0304660511303569	0.9508065620435	-2.29800190850777
2.36510384503125	0.577920502078033	-1.42555927570184	-0.356212771368715	0.0301260258846078	0.951828818706621	-2.31210320815936
2.38121064159805	0.578093345125431	-1.4355478436586	-0.35662788661497	0.0297860006388587	0.952851075369742	-2.32620450781095
2.39731743816486	0.578266188172829	-1.44553641161535	-0.357043001861225	0.0294459753931096	0.953873332032863	-2.34030580746254
2.41342423473167	0.578439031220227	-1.4555249795721	-0.357458117107479	0.0291059501473605	0.954895588695984	-2.35440710711413
2.42953103129847	0.578611874267626	-1.46551354752885	-0.357873232353734	0.0287659249016115	0.955917845359104	-2.36850840676572
2.44563782786528	0.578784717315024	-1.4755021154856	-0.358288347599989	0.0284258996558624	0.956940102022225	-2.38260970641731
2.46174462443209	0.578957560362422	-1.48549068344236	-0.358703462846244	0.0280858744101133	0.957962358685346	-2.39671100606889
2.47785142099889	0.57913040340982	-1.49547925139911	-0.359118578092499	0.0277458491643642	0.958984615348467	-2.41081230572048
2.4939582175657	0.579303246457218	-1.50546781935586	-0.359533693338754	0.0274058239186151	0.960006872011588	-2.42491360537207
2.51006501413251	0.579476089504616	-1.51545638731261	-0.359948808585009	0.027065798672866	0.961029128674709	-2.43901490502366
2.52617181069931	0.579648932552014	-1.52544495526936	-0.360363923831263	0.0267257734271169	0.96205138533783	-2.45311620467525
2.54227860726612	0.579821775599412	-1.53543352322612	-0.360779039077518	0.0263857481813679	0.963073642000951	-2.46721750432684
2.55838540383292	0.57999461864681	-1.54542209118287	-0.361194154323773	0.0260457229356188	0.964095898664072	-2.48131880397843
2.57449220039973	0.580167461694208	-1.55541065913962	-0.361609269570028	0.0257056976898697	0.965118155327192	-2.49542010363002
2.59059899696654	0.580340304741606	-1.56539922709637	-0.362024384816283	0.0253656724441206	0.966140411990313	-2.50952140328161
2.60670579353334	0.580513147789004	-1.57538779505312	-0.362439500062538	0.0250256471983716	0.967162668653434	-2.5236227029332
2.62281259010015	0.580685990836402	-1.58537636300988	-0.362854615308792	0.0246856219526224	0.968184925316555	-2.53772400258479
2.63891938666696	0.5808588338838	-1.59536493096663	-0.363269730555047	0.0243455967068734	0.969207181979676	-2.55182530223638
2.65502618323376	0.581031676931198	-1.60535349892338	-0.363684845801302	0.0240055714611243	0.970229438642797	-2.56592660188797
2.67113297980057	0.581204519978596	-1.61534206688013	-0.364099961047557	0.0236655462153752	0.971251695305918	-2.58002790153956
2.68723977636737	0.581377363025995	-1.62533063483688	-0.364515076293812	0.0233255209696261	0.972273951969039	-2.59412920119115
2.70334657293418	0.581550206073393	-1.63531920279364	-0.364930191540067	0.0229854957238771	0.973296208632159	-2.60823050084274
2.71945336950099	0.581723049120791	-1.64530777075039	-0.365345306786321	0.022645470478128	0.97431846529528	-2.62233180049433
2.73556016606779	0.581895892168189	-1.65529633870714	-0.365760422032576	0.0223054452323789	0.975340721958401	-2.63643310014592
2.7516669626346	0.582068735215587	-1.66528490666389	-0.366175537278831	0.0219654199866298	0.976362978621522	-2.65053439979751
2.76777375920141	0.582241578262985	-1.67527347462064	-0.366590652525086	0.0216253947408807	0.977385235284643	-2.6646356994491
2.78388055576821	0.582414421310383	-1.6852620425774	-0.367005767771341	0.0212853694951317	0.978407491947764	-2.67873699910069
2.79998735233502	0.582587264357781	-1.69525061053415	-0.367420883017596	0.0209453442493825	0.979429748610885	-2.69283829875227
2.81609414890183	0.582760107405179	-1.7052391784909	-0.367835998263851	0.0206053190036335	0.980452005274006	-2.70693959840386
2.83220094546863	0.582932950452577	-1.71522774644765	-0.368251113510105	0.0202652937578844	0.981474261937127	-2.72104089805545
2.84830774203544	0.583105793499975	-1.72521631440441	-0.36866622875636	0.0199252685121353	0.982496518600247	-2.73514219770704
2.86441453860225	0.583278636547373	-1.73520488236116	-0.369081344002615	0.0195852432663862	0.983518775263368	-2.74924349735863
2.88052133516905	0.583451479594771	-1.74519345031791	-0.36949645924887	0.0192452180206371	0.984541031926489	-2.76334479701022
2.89662813173586	0.583624322642169	-1.75518201827466	-0.369911574495125	0.0189051927748881	0.98556328858961	-2.77744609666181
2.91273492830266	0.583797165689567	-1.76517058623141	-0.37032668974138	0.018565167529139	0.986585545252731	-2.7915473963134
2.92884172486947	0.583970008736965	-1.77515915418817	-0.370741804987634	0.0182251422833899	0.987607801915852	-2.80564869596499
2.94494852143628	0.584142851784363	-1.78514772214492	-0.371156920233889	0.0178851170376408	0.988630058578973	-2.81974999561658
2.96105531800308	0.584315694831762	-1.79513629010167	-0.371572035480144	0.0175450917918917	0.989652315242094	-2.83385129526817
2.97716211456989	0.58448853787916	-1.80512485805842	-0.371987150726399	0.0172050665461426	0.990674571905215	-2.84795259491976
2.9932689111367	0.584661380926558	-1.81511342601517	-0.372402265972654	0.0168650413003935	0.991696828568335	-2.86205389457135
3.0093757077035	0.584834223973956	-1.82510199397193	-0.372817381218909	0.0165250160546445	0.992719085231456	-2.87615519422294
3.02548250427031	0.585007067021354	-1.83509056192868	-0.373232496465164	0.0161849908088954	0.993741341894577	-2.89025649387453
3.04158930083712	0.585179910068752	-1.84507912988543	-0.373647611711418	0.0158449655631463	0.994763598557698	-2.90435779352612
3.05769609740392	0.58535275311615	-1.85506769784218	-0.374062726957673	0.0155049403173972	0.995785855220819	-2.91845909317771
3.07380289397073	0.585525596163548	-1.86505626579894	-0.374477842203928	0.0151649150716481	0.99680811188394	-2.9325603928293
3.08990969053754	0.585698439210946	-1.87504483375569	-0.374892957450183	0.0148248898258991	0.997830368547061	-2.94666169248089
3.10601648710434	0.585871282258344	-1.88503340171244	-0.375308072696438	0.01448486458015	0.998852625210182	-2.96076299213248
3.12212328367115	0.586044125305742	-1.89502196966919	-0.375723187942693	0.0141448393344009	0.999874881873303	-2.97486429178407
3.13823008023795	0.58621696835314	-1.90501053762594	-0.376138303188947	0.0138048140886518	1.00089713853642	-2.98896559143565
3.15433687680476	0.586389811400538	-1.91499910558269	-0.376553418435202	0.0134647888429027	1.00191939519954	-3.00306689108724
3.17044367337157	0.586562654447936	-1.92498767353945	-0.376968533681457	0.0131247635971536	1.00294165186267	-3.01716819073883
3.18655046993837	0.586735497495334	-1.9349762414962	-0.377383648927712	0.0127847383514046	1.00396390852579	-3.03126949039042
3.20265726650518	0.586908340542732	-1.94496480945295	-0.377798764173967	0.0124447131056555	1.00498616518891	-3.04537079004201
3.21876406307199	0.587081183590131	-1.9549533774097	-0.378213879420222	0.0121046878599064	1.00600842185203	-3.0594720896936
3.23487085963879	0.587254026637529	-1.96494194536646	-0.378628994666477	0.0117646626141573	1.00703067851515	-3.07357338934519
3.2509776562056	0.587426869684927	-1.97493051332321	-0.379044109912731	0.0114246373684082	1.00805293517827	-3.08767468899678
3.26708445277241	0.587599712732325	-1.98491908127996	-0.379459225158986	0.0110846121226592	1.00907519184139	-3.10177598864837
3.28319124933921	0.587772555779723	-1.99490764923671	-0.379874340405241	0.0107445868769101	1.01009744850451	-3.11587728829996
3.29929804590602	0.587945398827121	-2.00489621719346	-0.380289455651496	0.010404561631161	1.01111970516763	-3.12997858795155
3.24350543241108	0.566522732766535	-1.96588574044601	-0.36764617858832	0.00663894407294054	0.977169581850416	-3.09006837256897
3.18805495081422	0.545253246500851	-1.92712418652488	-0.355092235816235	0.00290323815577788	0.943459664513092	-3.05037815960431
3.13294660111545	0.524136940030068	-1.88861155543009	-0.342627627335239	-0.000802556120326977	0.909989953155661	-3.01090794905757
3.07818038331475	0.503173813354188	-1.85034784716164	-0.330252353145331	-0.00447843875537404	0.876760447778121	-2.97165774092874
3.02375629741215	0.482363866473209	-1.81233306171952	-0.317966413246512	-0.0081244097493633	0.843771148380473	-2.93262753521783
2.96967434340762	0.461707099387132	-1.77456719910374	-0.305769807638783	-0.0117404691022948	0.811022054962717	-2.89381733192485
2.91593452130118	0.441203512095957	-1.73705025931429	-0.293662536322142	-0.0153266168141684	0.778513167524853	-2.85522713104977
2.86253683109282	0.420853104599683	-1.69978224235117	-0.28164459929659	-0.0188828528849843	0.746244486066881	-2.81685693259262
2.80948127278254	0.400655876898312	-1.66276314821439	-0.269715996562127	-0.0224091773147424	0.7142160105888	-2.77870673655339
2.75676784637034	0.380611828991842	-1.62599297690395	-0.257876728118753	-0.0259055901034426	0.682427741090612	-2.74077654293207
2.70439655185623	0.360720960880274	-1.58947172841984	-0.246126793966468	-0.0293720912510851	0.650879677572316	-2.70306635172867
2.6523673892402	0.340983272563608	-1.55319940276206	-0.234466194105271	-0.0328086807576698	0.619571820033911	-2.66557616294319
2.60068035852226	0.321398764041844	-1.51717599993062	-0.222894928535164	-0.0362153586231967	0.588504168475399	-2.62830597657562
2.54933545970239	0.301967435314982	-1.48140151992552	-0.211412997256145	-0.0395921248476658	0.557676722896778	-2.59125579262598
2.49833269278061	0.282689286383021	-1.44587596274675	-0.200020400268216	-0.0429389794310771	0.52708948329805	-2.55442561109425
2.44767205775692	0.263564317245962	-1.41059932839431	-0.188717137571375	-0.0462559223734305	0.496742449679213	-2.51781543198044
2.3973535546313	0.244592527903806	-1.37557161686821	-0.177503209165623	-0.0495429536747262	0.466635622040268	-2.48142525528454
2.34737718340377	0.225773918356551	-1.34079282816844	-0.16637861505096	-0.0528000733349641	0.436769000381215	-2.44525508100657
2.29774294407432	0.207108488604197	-1.30626296229501	-0.155343355227386	-0.0560272813541442	0.407142584702055	-2.40930490914651
2.24845083664296	0.188596238646746	-1.27198201924791	-0.144397429694901	-0.0592245777322665	0.377756375002786	-2.37357473970437
2.19950086110967	0.170237168484196	-1.23794999902715	-0.133540838453505	-0.062391962469331	0.348610371283409	-2.33806457268015
2.15089301747447	0.152031278116549	-1.20416690163273	-0.122773581503198	-0.0655294355653377	0.319704573543923	-2.30277440807385
2.10262730573736	0.133978567543803	-1.17063272706463	-0.112095658843979	-0.0686369970202866	0.29103898178433	-2.26770424588546
2.05470372589832	0.116079036765959	-1.13734747532288	-0.10150707047585	-0.0717146468341777	0.262613596004629	-2.232854086115
2.00712227795737	0.0983326857830164	-1.10431114640745	-0.0910078163988093	-0.074762385007011	0.234428416204819	-2.19822392876245
1.9598829619145	0.080739514594976	-1.07152374031836	-0.0805978966128577	-0.0777802115387865	0.206483442384902	-2.16381377382781
1.91298577776971	0.0632995232018374	-1.03898525705561	-0.0702773111179949	-0.0807681264295043	0.178778674544877	-2.1296236213111
1.86643072552301	0.0460127116036007	-1.00669569661919	-0.060046059914221	-0.0837261296791642	0.151314112684743	-2.0956534712123
1.82021780517439	0.0288790798002657	-0.97465505900911	-0.049904143001536	-0.0866542212877663	0.124089756804501	-2.06190332353143
1.77434701672385	0.0118986277918325	-0.942863344225361	-0.0398515603799399	-0.0895524012553106	0.0971056069041517	-2.02837317826846
1.7288183601714	-0.00492864442169863	-0.911320552267948	-0.0298883120494328	-0.0924206695817971	0.070361662983694	-1.99506303542342
1.68363183551703	-0.0216027368403281	-0.880026683136869	-0.0200143980100145	-0.0952590262672259	0.0438579250431282	-1.9619728949963
1.63878744276074	-0.0381236494640557	-0.848981736832124	-0.0102298182616851	-0.0980674713115968	0.0175943930824542	-1.92910275698709
1.59428518190253	-0.0544913822928815	-0.818185713353715	-0.000534572804444571	-0.10084600471491	-0.00842893289832772	-1.8964526213958
1.55012505294241	-0.0707059353268055	-0.78763861270164	0.00907133836170699	-0.103594626477165	-0.0342120528992179	-1.86402248822243
1.50630705588037	-0.0867673085658275	-0.757340434875901	0.0185879152367696	-0.106313336598363	-0.059754966920216	-1.83181235746698
1.46283119071641	-0.102675502009948	-0.727291179876496	0.0280151578207434	-0.109002135078503	-0.0850576749613221	-1.79982222912944
1.41969745745054	-0.118430515659166	-0.697490847703426	0.0373530661136283	-0.111661021917584	-0.110120177022536	-1.76805210320982
1.37690585608275	-0.134032349513483	-0.66793943835669	0.0466016401154243	-0.114289997115609	-0.134942473103859	-1.73650197970812
1.33445638661304	-0.149481003572898	-0.63863695183629	0.0557608798261314	-0.116889060672575	-0.159524563205289	-1.70517185862434
1.29234904904141	-0.164776477837411	-0.609583388142224	0.0648307852457495	-0.119458212588483	-0.183866447326828	-1.67406173995848
1.25058384336787	-0.179918772307022	-0.580778747274493	0.0738113563742788	-0.121997452863334	-0.207968125468474	-1.64317162371053
1.20916076959241	-0.194907886981731	-0.552223029233097	0.0827025932117191	-0.124506781497127	-0.231829597630229	-1.6125015098805
1.16807982771503	-0.209743821861539	-0.523916234018036	0.0915044957580706	-0.126986198489862	-0.255450863812091	-1.58205139846839
1.12734101773574	-0.224426576946445	-0.495858361629309	0.100217064013333	-0.12943570384154	-0.278831924014062	-1.5518212894742
1.08694433965453	-0.238956152236448	-0.468049412066918	0.108840297977507	-0.131855297552159	-0.301972778236141	-1.52181118289792
1.0468897934714	-0.253332547731551	-0.440489385330861	0.117374197650592	-0.134244979621721	-0.324873426478328	-1.49202107873956
1.00717737918635	-0.267555763431751	-0.413178281421139	0.125818763032588	-0.136604750050225	-0.347533868740623	-1.46245097699913
0.967807096799389	-0.281625799337049	-0.386116100337752	0.134173994123494	-0.138934608837671	-0.369954105023026	-1.4331008776766
0.928778946310509	-0.295542655447445	-0.3593028420807	0.142439890923312	-0.14123455598406	-0.392134135325537	-1.403970780772
0.890092927719712	-0.30930633176294	-0.332738506649982	0.150616453432042	-0.14350459148939	-0.414073959648157	-1.37506068628531
0.851749041026998	-0.322916828283533	-0.3064230940456	0.158703681649682	-0.145744715353663	-0.435773577990884	-1.34637059421655
0.813747286232366	-0.336374145009224	-0.280356604267552	0.166701575576233	-0.147954927576878	-0.457232990353719	-1.3179005045657
0.776087663335817	-0.349678281940013	-0.254539037315838	0.174610135211696	-0.150135228159035	-0.478452196736662	-1.28965041733276
0.738770172337352	-0.362829239075901	-0.22897039319046	0.182429360556069	-0.152285617100134	-0.499431197139714	-1.26162033251775
0.701794813236969	-0.375827016416886	-0.203650671891417	0.190159251609354	-0.154406094400176	-0.520169991562873	-1.23381025012065
0.665161586034668	-0.38867161396297	-0.178579873418708	0.19779980837155	-0.15649666005916	-0.540668580006141	-1.20622017014147
0.628870490730451	-0.401363031714152	-0.153757997772334	0.205351030842656	-0.158557314077086	-0.560926962469517	-1.17885009258021
0.592921527324317	-0.413901269670432	-0.129185044952295	0.212812919022674	-0.160588056453954	-0.580945138953001	-1.15170001743687
0.557314695816266	-0.42628632783181	-0.104861014958591	0.220185472911603	-0.162588887189764	-0.600723109456592	-1.12476994471145
0.522049996206297	-0.438518206198286	-0.0807859077912217	0.227468692509444	-0.164559806284517	-0.620260873980293	-1.09805987440394
0.487127428494411	-0.450596904769861	-0.056959723450187	0.234662577816195	-0.166500813738212	-0.639558432524101	-1.07156980651435
0.452546992680608	-0.462522423546534	-0.0333824619354875	0.241767128831857	-0.168411909550849	-0.658615785088016	-1.04529974104268
0.418308688764888	-0.474294762528305	-0.0100541232471224	0.248782345556431	-0.170293093722428	-0.677432931672041	-1.01924967798892
0.384412516747251	-0.485913921715174	0.0130252926149079	0.255708227989915	-0.172144366252949	-0.696009872276173	-0.993419617353087
0.350858476627697	-0.497379901107141	0.035855785650603	0.262544776132311	-0.173965727142413	-0.714346606900413	-0.967809559135169
0.317646568406225	-0.508692700704207	0.0584373558599637	0.269291989983617	-0.175757176390819	-0.732443135544761	-0.942419503335169
0.284776792082837	-0.51985232050637	0.0807700032429891	0.275949869543835	-0.177518713998167	-0.750299458209218	-0.917249449953087
0.252249147657531	-0.530858760513632	0.10285372779968	0.282518414812964	-0.179250339964457	-0.767915574893782	-0.892299398988922
0.220063635130308	-0.541712020725992	0.124688529530037	0.288997625791004	-0.180952054289689	-0.785291485598455	-0.867569350442675
0.188220254501168	-0.55241210114345	0.146274408434057	0.295387502477955	-0.182623856973864	-0.802427190323236	-0.843059304314347
0.156719005770111	-0.562959001766006	0.167611364511744	0.301688044873818	-0.184265748016981	-0.819322689068124	-0.818769260603936
0.125559888937136	-0.573352722593661	0.188699397763096	0.307899252978591	-0.18587772741904	-0.835977981833121	-0.794699219311442
0.0947429040022456	-0.583593263626413	0.209538508188112	0.314021126792275	-0.187459795180041	-0.852393068618226	-0.770849180436867
0.0642680509654365	-0.593680624864264	0.230128695786794	0.320053666314871	-0.189011951299984	-0.868567949423439	-0.74721914398021
0.0341353298267113	-0.603614806307214	0.250469960559142	0.325996871546378	-0.19053419577887	-0.88450262424876	-0.72380910994147
0.00434474058606815	-0.61339580795526	0.270562302505154	0.331850742486795	-0.192026528616698	-0.900197093094189	-0.700619078320648
-0.0251037167564916	-0.623023629808406	0.290405721624831	0.337615279136124	-0.193488949813468	-0.915651355959726	-0.677649049117744
-0.054210042200969	-0.63249827186665	0.310000217918174	0.343290481494364	-0.19492145936918	-0.930865412845371	-0.654899022332758
-0.0829742357473628	-0.641819734129991	0.329345791385182	0.348876349561515	-0.196324057283835	-0.945839263751125	-0.63236899796569
-0.111396297395674	-0.650988016598431	0.348442442025855	0.354372883337577	-0.197696743557431	-0.960572908676986	-0.61005897601654
-0.139476227145903	-0.660003119271969	0.367290169840193	0.35978008282255	-0.19903951818997	-0.975066347622955	-0.587968956485307
-0.167214024998048	-0.668865042150605	0.385888974828197	0.365097948016435	-0.200352381181451	-0.989319580589033	-0.566098939371993
-0.194609690952112	-0.67757378523434	0.404238856989866	0.37032647891923	-0.201635332531874	-1.00333260757522	-0.544448924676596
-0.221663225008091	-0.686129348523172	0.422339816325199	0.375465675530937	-0.20288837224124	-1.01710542858151	-0.523018912399117
-0.248374627165988	-0.694531732017103	0.440191852834198	0.380515537851554	-0.204111500309548	-1.03063804360791	-0.501808902539555
-0.274743897425802	-0.702780935716132	0.457794966516863	0.385476065881083	-0.205304716736797	-1.04393045265442	-0.480818895097912
-0.300771035787534	-0.710876959620259	0.475149157373192	0.390347259619523	-0.206468021522989	-1.05698265572104	-0.460048890074187
-0.326456042251182	-0.718819803729484	0.492254425403187	0.395129119066874	-0.207601414668124	-1.06979465280777	-0.439498887468379
-0.351798916816748	-0.726609468043807	0.509110770606847	0.399821644223136	-0.2087048961722	-1.0823664439146	-0.419168887280489
-0.376799659484231	-0.734245952563229	0.525718192984171	0.404424835088309	-0.209778466035219	-1.09469802904154	-0.399058889510517
-0.401458270253631	-0.741729257287749	0.542076692535161	0.408938691662393	-0.21082212425718	-1.10678940818859	-0.379168894158463
-0.425774749124948	-0.749059382217366	0.558186269259817	0.413363213945388	-0.211835870838083	-1.11864058135575	-0.359498901224327
-0.449749096098182	-0.756236327352083	0.574046923158137	0.417698401937294	-0.212819705777928	-1.13025154854302	-0.340048910708109
-0.473381311173333	-0.763260092691897	0.589658654230123	0.421944255638112	-0.213773629076716	-1.14162230975039	-0.320818922609808
-0.496671394350402	-0.770130678236809	0.605021462475774	0.42610077504784	-0.214697640734445	-1.15275286497787	-0.301808936929426
-0.519619345629387	-0.77684808398682	0.62013534789509	0.43016796016648	-0.215591740751117	-1.16364321422547	-0.283018953666961
-0.54222516501029	-0.783412309941929	0.635000310488071	0.434145810994031	-0.216455929126731	-1.17429335749316	-0.264448972822414
-0.56448885249311	-0.789823356102136	0.649616350254718	0.438034327530493	-0.217290205861287	-1.18470329478097	-0.246098994395785
-0.586410408077847	-0.79608122246744	0.663983467195029	0.441833509775866	-0.218094570954786	-1.19487302608889	-0.227969018387073
-0.607989831764501	-0.802185909037844	0.678101661309006	0.44554335773015	-0.218869024407227	-1.20480255141691	-0.21005904479628
-0.629227123553072	-0.808137415813345	0.691970932596648	0.449163871393345	-0.21961356621861	-1.21449187076504	-0.192369073623405
-0.650122283443561	-0.813935742793945	0.705591281057956	0.452695050765452	-0.220328196388935	-1.22394098413328	-0.174899104868447
-0.670675311435966	-0.819580889979643	0.718962706692928	0.456136895846469	-0.221012914918202	-1.23314989152162	-0.157649138531407
-0.690886207530289	-0.825072857370438	0.732085209501565	0.459489406636397	-0.221667721806411	-1.24211859293008	-0.140619174612285
-0.710754971726529	-0.830411644966333	0.744958789483868	0.462752583135237	-0.222292617053563	-1.25084708835864	-0.12380921311108
-0.730281604024686	-0.835597252767325	0.757583446639836	0.465926425342987	-0.222887600659657	-1.25933537780731	-0.107219254027795
-0.74946610442476	-0.840629680773416	0.769959180969469	0.469010933259649	-0.223452672624693	-1.26758346127609	-0.0908492973624262
-0.768308472926751	-0.845508928984604	0.782085992472767	0.472006106885222	-0.223987832948671	-1.27559133876498	-0.0746993431149754
-0.78680870953066	-0.850234997400891	0.79396388114973	0.474911946219706	-0.224493081631592	-1.28335901027398	-0.0587693912854423
-0.804966814236485	-0.854807886022276	0.805592847000359	0.477728451263101	-0.224968418673455	-1.29088647580308	-0.043059441873827
-0.822782787044228	-0.859227594848759	0.816972890024653	0.480455622015407	-0.22541384407426	-1.29817373535229	-0.0275694948801308
-0.840256627953888	-0.863494123880341	0.828104010222613	0.483093458476625	-0.225829357834007	-1.30522078892161	-0.0122995503043513
-0.857388336965465	-0.86760747311702	0.838986207594237	0.485641960646753	-0.226214959952696	-1.31202763651104	0.00275039185351034
-0.874177914078959	-0.871567642558798	0.849619482139526	0.488101128525792	-0.226570650430328	-1.31859427812057	0.0175803315934542
-0.89062535929437	-0.875374632205673	0.860003833858481	0.490470962113743	-0.226896429266901	-1.32492071375022	0.03219026891548
-0.906730672611698	-0.879028442057648	0.870139262751101	0.492751461410605	-0.227192296462417	-1.33100694339997	0.0465802038195873
-0.922493854030944	-0.88252907211472	0.880025768817386	0.494942626416377	-0.227458252016875	-1.33685296706983	0.0607501363057772
-0.937914903552106	-0.88587652237689	0.889663352057336	0.497044457131061	-0.227694295930276	-1.3424587847598	0.0747000663740494
-0.952993821175186	-0.889070792844159	0.899052012470951	0.499056953554656	-0.227900428202618	-1.34782439646987	0.0884299940244042
-0.967730606900183	-0.892111883516526	0.908191750058231	0.500980115687162	-0.228076648833903	-1.35294980220006	0.101939919256841
-0.982125260727098	-0.89499979439399	0.917082564819177	0.50281394352858	-0.22822295782413	-1.35783500195035	0.11522984207136
-0.996177782655928	-0.897734525476553	0.925724456753788	0.504558437078908	-0.228339355173299	-1.36247999572075	0.12829976246796
-1.00988817268668	-0.900316076764215	0.934117425862065	0.506213596338147	-0.22842584088141	-1.36688478351126	0.141149680446643
-1.02325643081934	-0.902744448256974	0.942261472144006	0.507779421306298	-0.228482414948464	-1.37104936532188	0.153779596007408
-1.03628255705393	-0.905019639954832	0.950156595599612	0.509255911983359	-0.22850907737446	-1.3749737411526	0.166189509150256
-1.04896655139043	-0.907141651857787	0.957802796228884	0.510643068369332	-0.228505828159398	-1.37865791100343	0.178379419875184
-1.06130841382884	-0.909110483965841	0.965200074031821	0.511940890464216	-0.228472667303278	-1.38210187487437	0.190349328182196
-1.07330814436918	-0.910926136278993	0.972348429008423	0.51314937826801	-0.2284095948061	-1.38530563276542	0.20209923407129
-1.08496574301143	-0.912588608797244	0.979247861158689	0.514268531780716	-0.228316610667865	-1.38826918467658	0.213629137542466
-1.0962812097556	-0.914097901520592	0.985898370482622	0.515298351002333	-0.228193714888571	-1.39099253060785	0.224939038595724
-1.10725454460168	-0.915454014449039	0.99229995698022	0.516238835932861	-0.22804090746822	-1.39347567055922	0.236028937231064
-1.11788574754968	-0.916656947582583	0.998452620651483	0.517089986572301	-0.227858188406811	-1.3957186045307	0.246898833448486
-1.1281748185996	-0.917706700921226	1.00435636149641	0.517851802920651	-0.227645557704345	-1.39772133252229	0.257548727247991
-1.13812175775144	-0.918603274464967	1.010011179515	0.518524284977912	-0.22740301536082	-1.39948385453398	0.267978618629578
-1.14772656500519	-0.919346668213807	1.01541707470726	0.519107432744085	-0.227130561376238	-1.40100617056579	0.278188507593247
-1.15698924036087	-0.919936882167744	1.02057404707319	0.519601246219168	-0.226828195750598	-1.4022882806177	0.288178394138998
-1.16590978381845	-0.920373916326779	1.02548209661277	0.520005725403163	-0.2264959184839	-1.40333018468972	0.29794827826683
-1.17448819537796	-0.920657770690913	1.03014122332603	0.520320870296069	-0.226133729576145	-1.40413188278185	0.307498159976745
-1.18272447503938	-0.920788445260146	1.03455142721295	0.520546680897886	-0.225741629027331	-1.40469337489409	0.316828039268743
-1.19061862280272	-0.920765940034476	1.03871270827353	0.520683157208614	-0.22531961683746	-1.40501466102644	0.325937916142823
-1.19817063866798	-0.920590255013904	1.04262506650778	0.520730299228253	-0.224867693006531	-1.40509574117889	0.334827790598984
-1.20538052263515	-0.92026139019843	1.0462885019157	0.520688106956803	-0.224385857534544	-1.40493661535145	0.343497662637228
-1.21224827470424	-0.919779345588055	1.04970301449728	0.520556580394265	-0.2238741104215	-1.40453728354412	0.351947532257554
-1.21877389487525	-0.919144121182778	1.05286860425252	0.520335719540637	-0.223332451667397	-1.4038977457569	0.360177399459962
-1.22495738314818	-0.918355716982599	1.05578527118143	0.520025524395921	-0.222760881272237	-1.40301800198979	0.368187264244453
-1.23079873952302	-0.917414132987518	1.05845301528401	0.519625994960116	-0.222159399236019	-1.40189805224278	0.375977126611025
-1.23629796399978	-0.916319369197535	1.06087183656025	0.519137131233221	-0.221528005558743	-1.40053789651588	0.383546986559679
-1.24145505657846	-0.915071425612651	1.06304173501015	0.518558933215238	-0.22086670024041	-1.39893753480909	0.390896844090416
-1.24627001725905	-0.913670302232864	1.06496271063372	0.517891400906166	-0.220175483281018	-1.39709696712241	0.398026699203235
-1.25074284604156	-0.912115999058177	1.06663476343096	0.517134534306005	-0.219454354680569	-1.39501619345584	0.404936551898136
-1.25487354292599	-0.910408516088587	1.06805789340186	0.516288333414755	-0.218703314439062	-1.39269521380937	0.41162640217512
-1.25866210791233	-0.908547853324095	1.06923210054643	0.515352798232416	-0.217922362556497	-1.39013402818301	0.418096250034184
-1.2621085410006	-0.906534010764701	1.07015738486466	0.514327928758988	-0.217111499032875	-1.38733263657677	0.424346095475332
-1.26521284219078	-0.904366988410406	1.07083374635656	0.513213724994472	-0.216270723868194	-1.38429103899062	0.430375938498562
-1.26797501148287	-0.902046786261208	1.07126118502212	0.512010186938866	-0.215400037062456	-1.38100923542459	0.436185779103874
-1.27039504887689	-0.899573404317109	1.07143970086134	0.510717314592172	-0.21449943861566	-1.37748722587867	0.441775617291268
-1.27247295437282	-0.896946842578108	1.07136929387424	0.509335107954389	-0.213568928527806	-1.37372501035285	0.447145453060744
-1.27420872797067	-0.894167101044205	1.07104996406079	0.507863567025516	-0.212608506798895	-1.36972258884714	0.452295286412302
-1.27560236967043	-0.891234179715401	1.07048171142102	0.506302691805555	-0.211618173428925	-1.36547996136154	0.457225117345943
-1.27665387947212	-0.888148078591694	1.06966453595491	0.504652482294505	-0.210597928417898	-1.36099712789605	0.461934945861665
-1.27736325737571	-0.884908797673086	1.06859843766246	0.502912938492366	-0.209547771765813	-1.35627408845066	0.46642477195947
-1.27773050338123	-0.881516336959576	1.06728341654368	0.501084060399139	-0.208467703472671	-1.35131084302538	0.470694595639356
-1.27775561748866	-0.877970696451164	1.06571947259856	0.499165848014822	-0.20735772353847	-1.34610739162022	0.474744416901326
-1.27743859969802	-0.87427187614785	1.06390660582711	0.497158301339416	-0.206217831963212	-1.34066373423515	0.478574235745377
-1.27677945000928	-0.870419876049635	1.06184481622932	0.495061420372922	-0.205048028746895	-1.3349798708702	0.48218405217151
-1.27577816842247	-0.866414696156518	1.0595341038052	0.492875205115338	-0.203848313889521	-1.32905580152536	0.485573866179726
-1.27443475493757	-0.862256336468498	1.05697446855475	0.490599655566666	-0.20261868739109	-1.32289152620062	0.488743677770024
-1.27274920955459	-0.857944796985577	1.05416591047796	0.488234771726905	-0.2013591492516	-1.31648704489599	0.491693486942403
-1.27072153227353	-0.853480077707754	1.05110842957483	0.485780553596055	-0.200069699471053	-1.30984235761147	0.494423293696865
-1.26835172309438	-0.848862178635029	1.04780202584537	0.483237001174116	-0.198750338049448	-1.30295746434706	0.496933098033409
-1.26563978201715	-0.844091099767403	1.04424669928957	0.480604114461088	-0.197401064986785	-1.29583236510276	0.499222899952036
-1.26258570904184	-0.839166841104875	1.04044244990745	0.477881893456971	-0.196021880283064	-1.28846705987856	0.501292699452744
-1.25918950416845	-0.834089402647444	1.03638927769898	0.475070338161765	-0.194612783938285	-1.28086154867447	0.503142496535534
-1.25545116739697	-0.828858784395112	1.03208718266418	0.47216944857547	-0.193173775952449	-1.27301583149049	0.504772291200407
-1.25137069872741	-0.823474986347879	1.02753616480305	0.469179224698087	-0.191704856325555	-1.26492990832662	0.506182083447362
-1.24694809815977	-0.817938008505743	1.02273622411558	0.466099666529614	-0.190206025057603	-1.25660377918286	0.507371873276399
-1.24218336569404	-0.812247850868705	1.01768736060177	0.462930774070053	-0.188677282148593	-1.2480374440592	0.508341660687519
-1.23707650133023	-0.806404513436766	1.01238957426164	0.459672547319403	-0.187118627598526	-1.23923090295565	0.509091445680719
-1.23162750506834	-0.800407996209925	1.00684286509516	0.456324986277664	-0.1855300614074	-1.23018415587221	0.509621228256003
-1.22583637690836	-0.794258299188181	1.00104723310235	0.452888090944836	-0.183911583575217	-1.22089720280888	0.509931008413369
-1.21970311685031	-0.787955422371537	0.99500267828321	0.449361861320919	-0.182263194101977	-1.21137004376566	0.510020786152817
-1.21322772489417	-0.78149936575999	0.988709200637733	0.445746297405913	-0.180584892987678	-1.20160267874254	0.509890561474347
-1.20641020103994	-0.774890129353542	0.982166800165921	0.442041399199818	-0.178876680232321	-1.19159510773954	0.509540334377959
-1.19925054528764	-0.768127713152192	0.975375476867772	0.438247166702635	-0.177138555835907	-1.18134733075664	0.508970104863653
-1.19174875763725	-0.761212117155939	0.968335230743289	0.434363599914362	-0.175370519798435	-1.17085934779385	0.508179872931429
-1.18390483808878	-0.754143341364786	0.961046061792472	0.430390698835001	-0.173572572119905	-1.16013115885116	0.507169638581288
-1.17571878664222	-0.74692138577873	0.953507970015321	0.42632846346455	-0.171744712800317	-1.14916276392859	0.505939401813229
-1.16719060329758	-0.739546250397771	0.945720955411834	0.422176893803011	-0.169886941839671	-1.13795416302612	0.504489162627251
-1.15832028805486	-0.732017935221912	0.937685017982012	0.417935989850383	-0.167999259237968	-1.12650535614376	0.502818921023356
-1.14910784091406	-0.724336440251151	0.929400157725856	0.413605751606666	-0.166081664995207	-1.11481634328151	0.500928677001543
-1.13955326187517	-0.716501765485488	0.920866374643364	0.40918617907186	-0.164134159111388	-1.10288712443937	0.498818430561813
-1.1296565509382	-0.708513910924923	0.912083668734538	0.404677272245965	-0.162156741586512	-1.09071769961733	0.496488181704165
-1.11941770810315	-0.700372876569457	0.903052039999378	0.400079031128981	-0.160149412420577	-1.07830806881541	0.493937930428598
-1.10883673337002	-0.692078662419088	0.893771488437882	0.395391455720909	-0.158112171613585	-1.06565823203359	0.491167676735113
-1.0979136267388	-0.683631268473817	0.884242014050051	0.390614546021747	-0.156045019165535	-1.05276818927188	0.488177420623711
-1.0866483882095	-0.675030694733645	0.874463616835886	0.385748302031496	-0.153947955076427	-1.03963794053028	0.484967162094391
-1.07504101778212	-0.666276941198571	0.864436296795385	0.380792723750157	-0.151820979346261	-1.02626748580878	0.481536901147154
-1.06309151545665	-0.657370007868595	0.854160053928551	0.375747811177729	-0.149664091975038	-1.0126568251074	0.477886637781999
-1.0507998812331	-0.648309894743717	0.843634888235381	0.370613564314212	-0.147477292962756	-0.998805958426118	0.474016371998926
-1.03816611511147	-0.639096601823937	0.832860799715876	0.365389983159606	-0.145260582309417	-0.984714885764946	0.469926103797934
-1.02519021709175	-0.629730129109256	0.821837788370037	0.360077067713911	-0.14301396001502	-0.970383607123885	0.465615833179025
-1.01187218717396	-0.620210476599673	0.810565854197862	0.354674817977127	-0.140737426079566	-0.955812122502931	0.461085560142196
-0.998212025358077	-0.610537644295189	0.799044997199354	0.349183233949254	-0.138430980503053	-0.941000431902086	0.456335284687452
-0.984209731644111	-0.600711632195801	0.787275217374509	0.343602315630293	-0.136094623285483	-0.925948535321347	0.451365006814789
-0.969865306032066	-0.590732440301513	0.775256514723329	0.337932063020242	-0.133728354426855	-0.910656432760717	0.446174726524209
-0.955178748521935	-0.580600068612322	0.762988889245817	0.332172476119102	-0.131332173927169	-0.895124124220196	0.440764443815711
-0.940150059113725	-0.570314517128229	0.750472340941968	0.326323554926874	-0.128906081786425	-0.879351609699783	0.435134158689294
-0.924779237807431	-0.559875785849236	0.737706869811787	0.320385299443557	-0.126450078004624	-0.863338889199478	0.429283871144961
-0.909066284603051	-0.549283874775339	0.724692475855268	0.314357709669151	-0.123964162581765	-0.84708596271928	0.42321358118271
-0.893011199500592	-0.538538783906541	0.711429159072414	0.308240785603656	-0.121448335517848	-0.830592830259191	0.416923288802539
-0.876613982500049	-0.527640513242842	0.697916919463228	0.302034527247072	-0.118902596812873	-0.81385949181921	0.410412994004452
-0.859874633601421	-0.51658906278424	0.684155757027704	0.295738934599399	-0.11632694646684	-0.796885947399336	0.403682696788445
-0.842793152804713	-0.505384432530737	0.670145671765849	0.289354007660637	-0.11372138447975	-0.779672196999571	0.396732397154522
-0.825369540109919	-0.494026622482331	0.655886663677656	0.282879746430786	-0.111085910851601	-0.762218240619913	0.38956209510268
-0.807603795517045	-0.482515632639025	0.64137873276313	0.276316150909847	-0.108420525582395	-0.744524078260365	0.382171790632921
-0.789495919026088	-0.470851463000816	0.626621879022268	0.269663221097818	-0.105725228672132	-0.726589709920924	0.374561483745245
-0.771045910637046	-0.459034113567705	0.611616102455071	0.262920956994701	-0.10300002012081	-0.708415135601592	0.366731174439651
-0.752253770349922	-0.447063584339693	0.596361403061541	0.256089358600494	-0.10024489992843	-0.690000355302367	0.358680862716138
-0.733119498164719	-0.434939875316779	0.580857780841673	0.249168425915199	-0.0974598680949932	-0.67134536902325	0.350410548574708
-0.713643094081426	-0.422662986498962	0.565105235795473	0.242158158938815	-0.0946449246204982	-0.652450176764241	0.34192023201536
-0.693824558100056	-0.410232917886244	0.549103767922936	0.235058557671342	-0.0918000695049453	-0.63331477852534	0.333209913038093
-0.673663890220602	-0.397649669478624	0.532853377224066	0.227869622112781	-0.0889253027483348	-0.613939174306549	0.32427959164291
-0.653161090443062	-0.384913241276103	0.516354063698861	0.22059135226313	-0.0860206243506664	-0.594323364107863	0.315129267829806
-0.632316158767443	-0.372023633278679	0.499605827347321	0.21322374812239	-0.0830860343119402	-0.574467347929287	0.305758941598787
-0.611129095193741	-0.358980845486355	0.482608668169447	0.205766809690561	-0.0801215326321563	-0.554371125770819	0.29616861294985
-0.589599899721952	-0.345784877899127	0.465362586165236	0.198220536967644	-0.0771271193113143	-0.534034697632459	0.286358281882994
-0.567728572352085	-0.332435730516998	0.447867581334691	0.190584929953638	-0.0741027943494147	-0.513458063514206	0.276327948398222
-0.545515113084134	-0.318933403339968	0.430123653677812	0.182859988648542	-0.0710485577464572	-0.492641223416063	0.266077612495531
-0.522959521918096	-0.305277896368035	0.412130803194597	0.175045713052358	-0.067964409502442	-0.471584177338027	0.255607274174922
-0.500061798853979	-0.291469209601201	0.39388902988505	0.167142103165085	-0.064850349617369	-0.450286925280099	0.244916933436396
-0.47682194389178	-0.277507343039463	0.375398333749165	0.159149158986723	-0.0617063780912382	-0.428749467242279	0.234006590279951
-0.453239957031494	-0.263392296682825	0.356658714786946	0.151066880517272	-0.0585324949240495	-0.406971803224566	0.222876244705587
-0.42931583827313	-0.249124070531286	0.337670172998394	0.142895267756733	-0.0553287001158033	-0.384953933226964	0.211525896713307
-0.405049587616681	-0.234702664584844	0.318432708383504	0.134634320705104	-0.0520949936664991	-0.362695857249468	0.199955546303109
-0.380441205062146	-0.2201280788435	0.298946320942282	0.126284039362385	-0.048831375576137	-0.34019757529208	0.188165193474993
-0.355490690609534	-0.205400313307256	0.279211010674723	0.117844423728579	-0.0455378458447172	-0.3174590873548	0.176154838228959
-0.330198044258838	-0.190519367976108	0.259226777580833	0.109315473803684	-0.0422144044722398	-0.29448039343763	0.163924480565008
-0.304563266010053	-0.175485242850059	0.238993621660603	0.1006971895877	-0.0388610514587042	-0.271261493540565	0.151474120483138
-0.278586355863192	-0.160297937929109	0.21851154291404	0.0919895710806262	-0.0354777868041111	-0.247802387663611	0.138803757983351
-0.252267313818246	-0.144957453213256	0.197780541341144	0.0831926182824638	-0.0320646105084602	-0.224103075806763	0.125913393065646
-0.225606139875214	-0.129463788702501	0.176800616941912	0.0743063311932128	-0.0286215225717513	-0.200163557970025	0.112803025730023
-0.198602834034103	-0.113816944396844	0.155571769716346	0.0653307098128733	-0.0251485229939847	-0.175983834153393	0.0994726559764825
-0.171257396294907	-0.0980169202962857	0.134093999664443	0.0562657541414442	-0.0216456117751603	-0.151563904356871	0.0859222838050222
-0.143569826657631	-0.0820637164008264	0.112367306786207	0.047111464178927	-0.0181127889152782	-0.126903768580456	0.0721519092156466
-0.115540125122271	-0.0659573327104646	0.0903916910816367	0.0378678399253198	-0.0145500544143382	-0.102003426824149	0.0581615322083513
-0.0871682916888243	-0.049697769225201	0.0681671525507292	0.0285348813806241	-0.0109574082723404	-0.0768628790879493	0.0439511527831389
-0.0584543263572996	-0.0332850259450348	0.0456936911934891	0.0191125885448398	-0.00733485048928484	-0.0514821253718578	0.0295207709400094
-0.0293982291276915	-0.0167191028699687	0.0229713070099136	0.00960096141796685	-0.0036823810651716	-0.0258611656758774	0.0148703866789619
1.77635683940025e-15	8.88178419700125e-16	1.77635683940025e-15	4.44089209850063e-15	-4.44089209850063e-16	-8.88178419700125e-16	-3.5527136788005e-15
