-0.919683770527261	-0.628525743326307	1.84767037907132	-2.55054994454468	0.783881346043977	2.40707017030928	1.83189391872847
-0.919683737127741	-0.628525754133175	1.84767032390549	-2.55054992622532	0.783881326494809	2.40707012205113	1.83189392608598
-0.919683503779944	-0.628525829613567	1.84766993845726	-2.55054979823376	0.783881189921539	2.40706978491413	1.83189397743583
-0.919682871769908	-0.628526033979864	1.8476688944038	-2.55054945156872	0.783880820045051	2.40706887186197	1.83189411635055
-0.919681643730198	-0.628526430941385	1.84766686555998	-2.55054877796083	0.783880101398941	2.4070670978684	1.83189438594467
-0.919679623639905	-0.628527083704383	1.84766352787836	-2.55054766987264	0.783878919329516	2.40706417991723	1.83189482887472
-0.919676616824649	-0.628528054972051	1.84765855944923	-2.55054602049857	0.783877159995797	2.40705983700231	1.83189548733925
-0.919672429956575	-0.628529406944514	1.84765164050057	-2.55054372376499	0.783874710369515	2.40705379012756	1.83189640307882
-0.919666871054353	-0.628531201318836	1.84764245339805	-2.55054067433017	0.783871458235113	2.40704576230696	1.83189761737597
-0.919659749483182	-0.628533499289019	1.84763068264508	-2.55053676758427	0.783867292189747	2.40703547856452	1.83189917105528
-0.919650875954788	-0.628536361545997	1.84761601488274	-2.55053189964938	0.783862101643286	2.40702266593433	1.83190110448332
-0.91964006252742	-0.628539848277644	1.84759813888983	-2.5505259673795	0.783855776818307	2.40700705346052	1.83190345756866
-0.919627122605858	-0.628544019168769	1.84757674558285	-2.55051886836051	0.783848208750104	2.40698837219728	1.83190626976191
-0.919611870941405	-0.628548933401118	1.84755152801601	-2.55051050091023	0.783839289286678	2.40696635520886	1.83190958005564
-0.919594123631894	-0.628554649653371	1.84752218138122	-2.55050076407838	0.783828911088747	2.40694073756955	1.83191342698447
-0.919573698121681	-0.628561226101148	1.84748840300809	-2.55048955764658	0.783816967629736	2.40691125636372	1.83191784862501
-0.919550413201652	-0.628568720417002	1.84744989236395	-2.55047678212838	0.783803353195785	2.40687765068577	1.83192288259587
-0.919524089009217	-0.628577189770425	1.8474063510538	-2.55046233876921	0.783787962885746	2.40683966164017	1.83192856605768
-0.919494547028313	-0.628586690827845	1.84735748282038	-2.55044612954643	0.783770692611181	2.40679703234144	1.83193493571306
-0.919461610089406	-0.628597279752624	1.84730299354413	-2.55042805716931	0.783751439096365	2.40674950791414	1.83194202780667
-0.919425102369486	-0.628609012205063	1.84724259124316	-2.55040802507901	0.783730099878287	2.40669683549292	1.83194987812515
-0.919384849392071	-0.628621943342398	1.84717598607334	-2.55038593744863	0.783706573306644	2.40663876422245	1.83195852199715
-0.919340678027203	-0.628636127818803	1.84710289032818	-2.55036169918314	0.783680758543848	2.40657504525749	1.83196799429333
-0.919292416491455	-0.628651619785386	1.84702301843895	-2.55033521591945	0.783652555565022	2.40650543176281	1.83197832942637
-0.919239894347923	-0.628668472890192	1.8469360869746	-2.55030639402636	0.783621865158	2.40642967891327	1.83198956135093
-0.919182942506231	-0.628686740278204	1.84684181464178	-2.5502751406046	0.783588588923329	2.40634754389378	1.83200172356371
-0.91912139322253	-0.628706474591341	1.84673992228484	-2.55024136348679	0.783552629274269	2.40625878589929	1.83201484910339
-0.919055080099497	-0.628727727968455	1.84663013288586	-2.55020497123746	0.783513889436789	2.40616316613483	1.83202897055068
-0.918983838086335	-0.628750552045339	1.8465121715646	-2.55016587315306	0.783472273449573	2.40606044781545	1.83204412002828
-0.918907503478774	-0.628774997954721	1.84638576557853	-2.55012397926195	0.783427686164015	2.40595039616629	1.8320603292009
-0.918825913919073	-0.628801116326262	1.84625064432283	-2.55007920032438	0.783380033244222	2.40583277842252	1.83207762927526
-0.918738908396013	-0.628828957286565	1.84610653933039	-2.55003144783252	0.783329221167012	2.40570736382938	1.8320960510001
-0.918646327244905	-0.628858570459165	1.84595318427177	-2.54998063401047	0.783275157221916	2.40557392364216	1.83211562466615
-0.918548012147586	-0.628890004964535	1.84579031495528	-2.5499266718142	0.783217749511176	2.4054322311262	1.83213638010614
-0.918443806132419	-0.628923309420085	1.8456176693269	-2.54986947493161	0.783156906949746	2.4052820615569	1.83215834669484
-0.918333553574294	-0.628958531940159	1.84543498747033	-2.54980895778252	0.783092539265294	2.40512319221972	1.832181553349
-0.918217100194628	-0.62899572013604	1.84524201160698	-2.54974503551864	0.783024556998196	2.40495540241017	1.83220602852738
-0.918094293061363	-0.629034921115947	1.84503848609594	-2.54967762402359	0.782952871501544	2.40477847343381	1.83223180023076
-0.91796498058897	-0.629076181485033	1.84482415743403	-2.54960663991291	0.78287739494114	2.40459218860625	1.83225889600192
-0.917829012538444	-0.62911954734539	1.84459877425576	-2.54953200053404	0.782798040295497	2.40439633325318	1.83228734292564
-0.917686240017309	-0.629165064296046	1.84436208733335	-2.54945362396634	0.782714721355842	2.40419069471033	1.83231716762872
-0.917536515479613	-0.629212777432964	1.84411384957671	-2.54937142902106	0.782627352726113	2.40397506232347	1.83234839627997
-0.917379692725935	-0.629262731349044	1.84385381603349	-2.54928533524138	0.78253584982296	2.40374922744844	1.83238105459018
-0.917215626903375	-0.629314970134123	1.84358174388899	-2.54919526290237	0.782440128875745	2.40351298345115	1.83241516781218
-0.917044174505563	-0.629369537374975	1.84329739246626	-2.54910113301103	0.782340106926541	2.40326612570754	1.83245076074079
-0.916865193372655	-0.629426476155307	1.84300052322604	-2.54900286730625	0.782235701830135	2.40300845160362	1.83248785771285
-0.916678542691335	-0.629485829055766	1.84269089976677	-2.54890038825884	0.782126832254024	2.40273976053544	1.83252648260718
-0.91648408299481	-0.629547638153933	1.8423682878246	-2.54879361907151	0.782013417678418	2.40245985390912	1.83256665884465
-0.916281676162817	-0.629611945024328	1.84203245527337	-2.54868248367889	0.781895378396239	2.40216853514082	1.8326084093881
-0.916071185421619	-0.629678790738405	1.84168317212464	-2.54856690674751	0.78177263551312	2.40186560965677	1.83265175674239
-0.915852475344003	-0.629748215864555	1.84132021052767	-2.54844681367582	0.781645110947408	2.40155088489326	1.83269672295439
-0.915625411849286	-0.629820260468105	1.84094334476942	-2.54832213059416	0.781512727430158	2.40122417029661	1.83274332961298
-0.915389862203309	-0.62989496411132	1.84055235127456	-2.5481927843648	0.781375408505142	2.40088527732321	1.83279159784904
-0.915145695018443	-0.6299723658534	1.84014700860546	-2.5480587025819	0.781233078528841	2.40053401943952	1.83284154833546
-0.914892780253581	-0.63005250425048	1.83972709746219	-2.54791981357155	0.781085662670447	2.40017021212201	1.83289320128715
-0.914630989214146	-0.630135417355635	1.83929240068255	-2.54777604639173	0.780933086911867	2.39979367285726	1.83294657646099
-0.914360194552087	-0.630221142718874	1.838842703242	-2.54762733083233	0.780775278047717	2.39940422114187	1.83300169315592
-0.914080270265879	-0.630309717387141	1.83837779225373	-2.54747359741517	0.780612163685327	2.3990016784825	1.83305857021284
-0.913791091700524	-0.63040117790432	1.83789745696865	-2.54731477739396	0.780443672244738	2.39858586839587	1.83311722601468
-0.913492535547549	-0.630495560311229	1.83740148877534	-2.54715080275433	0.780269732958703	2.39815661640876	1.83317767848639
-0.91318447984501	-0.630592900145623	1.8368896812001	-2.54698160621379	0.780090275872687	2.39771375005799	1.8332399450949
-0.912866803977489	-0.630693232442192	1.83636182990694	-2.5468071212218	0.779905231844868	2.39725709889045	1.83330404284916
-0.912539388676094	-0.630796591732565	1.83581773269757	-2.54662728195971	0.779714532546134	2.39678649446308	1.83336998830013
-0.91220211601846	-0.630903012045305	1.8352571895114	-2.54644202334078	0.779518110460087	2.39630177034286	1.83343779754077
-0.911854869428748	-0.631012526905912	1.83468000242555	-2.54625128101017	0.779315898883038	2.39580276210686	1.83350748620605
-0.911497533677646	-0.631125169336823	1.83408597565483	-2.54605499134496	0.779107831924014	2.39528930734217	1.83357906947296
-0.911129994882369	-0.631240971857412	1.83347491555178	-2.54585309145414	0.77889384450475	2.39476124564595	1.83365256206048
-0.910752140506658	-0.631359966483988	1.83284663060661	-2.54564551917861	0.778673872359697	2.39421841862542	1.83372797822961
-0.910363859360781	-0.631482184729796	1.83220093144727	-2.54543221309116	0.778447852036013	2.39366066989784	1.83380533178334
-0.909965041601532	-0.631607657605018	1.8315376308394	-2.54521311249652	0.778215720893573	2.39308784509054	1.83388463606669
-0.909555578732233	-0.631736415616774	1.83085654368632	-2.5449881574313	0.77797741710496	2.3924997918409	1.83396590396666
-0.909135363602731	-0.631868488769117	1.8301574870291	-2.54475728866404	0.777732879655471	2.39189635979634	1.83404914791229
-0.9087042904094	-0.63200390656304	1.82944028004647	-2.54452044769518	0.777482048343115	2.39127740061436	1.8341343798746
-0.908262254695142	-0.63214269799647	1.8287047440549	-2.54427757675706	0.777224863778613	2.39064276796251	1.83422161136664
-0.907809153349384	-0.63228489156427	1.82795070250854	-2.54402861881395	0.776961267385396	2.38999231751837	1.83431085344345
-0.907344884608079	-0.632430515258241	1.82717798099925	-2.54377351756201	0.776691201399609	2.38932590696961	1.83440211670207
-0.906869348053709	-0.632579596567121	1.8263864072566	-2.54351221742933	0.776414608870108	2.38864339601393	1.83449541128158
-0.906382444615281	-0.632732162476581	1.82557581114786	-2.54324466357588	0.776131433658462	2.38794464635909	1.83459074686303
-0.905884076568328	-0.632888239469232	1.824746024678	-2.54297080189356	0.77584162043895	2.38722952172292	1.83468813266951
-0.905374147534912	-0.633047853524619	1.82389688198971	-2.54269057900617	0.775545114698566	2.38649788783328	1.8347875774661
-0.90485256248362	-0.633211030119224	1.82302821936336	-2.54240394226943	0.775241862737013	2.38574961242811	1.83488908955988
-0.904319227729564	-0.633377794226467	1.82213987521705	-2.54211083977096	0.774931811666707	2.38498456525539	1.83499267679996
-0.903774050934386	-0.633548170316701	1.82123169010656	-2.54181122033029	0.774614909412776	2.38420261807315	1.83509834657744
-0.903216941106252	-0.633722182357219	1.82030350672539	-2.54150503349885	0.77429110471306	2.38340364464949	1.83520610582542
-0.902647808599856	-0.633899853812247	1.81935516990473	-2.54119222956001	0.773960347118111	2.38258752076256	1.83531596101903
-0.902066565116418	-0.634081207642951	1.8183865266135	-2.540872759529	0.773622586991193	2.38175412420056	1.8354279181754
-0.901473123703684	-0.63426626630743	1.8173974259583	-2.54054657515302	0.773277775508283	2.38090333476175	1.83554198285366
-0.900867398755929	-0.634455051760721	1.81638771918344	-2.54021362891111	0.772925864658066	2.38003503425445	1.83565816015496
-0.900249306013952	-0.634647585454798	1.81535725967094	-2.53987387401428	0.772566807241944	2.37914910649701	1.83577645472243
-0.89961876256508	-0.634843888338569	1.81430590294052	-2.53952726440542	0.772200556874028	2.37824543731786	1.83589687074124
-0.898975686843165	-0.635043980857881	1.8132335066496	-2.53917375475933	0.771827067981142	2.37732391455549	1.83601941193855
-0.898319998628588	-0.635247882955516	1.81213993059331	-2.53881330048271	0.771446295802821	2.37638442805842	1.83614408158353
-0.897651619048254	-0.635455614071193	1.81102503670448	-2.5384458577142	0.771058196391313	2.37542686968524	1.83627088248736
-0.896970470575598	-0.635667193141567	1.80988868905365	-2.53807138332432	0.770662726611577	2.3744511333046	1.83639981700322
-0.896276477030578	-0.635882638600228	1.80873075384906	-2.53768983491551	0.770259844141285	2.37345711479518	1.83653088702632
-0.89556956357968	-0.636101968377705	1.80755109943666	-2.53730117082211	0.769849507470819	2.37244471204576	1.83666409399384
-0.894849656735918	-0.636325199901462	1.80634959630009	-2.53690535011039	0.769431675903276	2.37141382495513	1.836799438885
-0.894116684358831	-0.6365523500959	1.80512611706071	-2.53650233257851	0.769006309554463	2.37036435543215	1.83693692222101
-0.893370575654484	-0.636783435382354	1.80388053647757	-2.53609207875654	0.768573369352899	2.36929620739575	1.83707654406509
-0.892611261175471	-0.637018471679099	1.80261273144744	-2.53567454990647	0.768132817039815	2.36820928677489	1.83721830402248
-0.891838672820911	-0.637257474401344	1.80132258100478	-2.5352497080222	0.767684615169154	2.36710350150861	1.83736220124041
-0.891052743836449	-0.637500458461234	1.80000996632176	-2.53481751582951	0.767228727107572	2.36597876154599	1.83750823440813
-0.890253408814257	-0.637747438267854	1.79867477070826	-2.53437793678613	0.766765117034435	2.36483497884616	1.83765640175689
-0.889440603693036	-0.637998427727219	1.79731687961185	-2.53393093508168	0.766293749941822	2.36367206737832	1.83780670105995
-0.88861426575801	-0.638253440242287	1.79593618061781	-2.53347647563767	0.765814591634525	2.36248994312171	1.83795912963257
-0.887774333640932	-0.638512488712949	1.79453256344914	-2.53301452410756	0.765327608730046	2.36128852406564	1.83811368433203
-0.88692074732008	-0.638775585536031	1.79310591996652	-2.53254504687668	0.764832768658601	2.36006773020947	1.83827036155761
-0.88605344812026	-0.639042742605299	1.79165614416834	-2.5320680110623	0.764330039663115	2.3588274835626	1.8384291572506
-0.885172378712804	-0.639313971311453	1.79018313219071	-2.53158338451357	0.763819390799227	2.35756770814451	1.8385900668943
-0.884277483115571	-0.639589282542129	1.78868678230743	-2.53109113581158	0.763300791935289	2.35628832998472	1.838753085514
-0.883368706692946	-0.639868686681902	1.78716699493	-2.5305912342693	0.762774213752364	2.3549892771228	1.83891820767703
-0.88244599615584	-0.64015219361228	1.78562367260764	-2.53008364993163	0.762239627744224	2.35367047960839	1.8390854274927
-0.881509299561693	-0.640439812711711	1.78405672002726	-2.52956835357536	0.761697006217358	2.35233186950118	1.83925473861234
-0.880558566314469	-0.640731552855575	1.78246604401348	-2.52904531670921	0.761146322290964	2.3509733808709	1.83942613422927
-0.87959374716466	-0.641027422416192	1.78085155352862	-2.52851451157379	0.760587549896952	2.34959494979736	1.83959960707884
-0.878614794209284	-0.641327429262817	1.77921315967272	-2.52797591114164	0.760020663779944	2.3481965143704	1.83977514943841
-0.877621660891886	-0.641631580761642	1.7775507756835	-2.52742948911719	0.759445639497275	2.34677801468994	1.83995275312731
-0.876614302002538	-0.641939883775794	1.77586431693639	-2.52687521993679	0.758862453418991	2.34533939286594	1.84013240950692
-0.875592673677838	-0.642252344665338	1.77415370094455	-2.52631307876869	0.758271082727851	2.34388059301841	1.84031410948061
-0.87455673340091	-0.642568969287273	1.77241884735881	-2.52574304151305	0.757671505419325	2.34240156127742	1.84049784349375
-0.873506440001405	-0.642889762995538	1.77065967796772	-2.52516508480195	0.757063700301594	2.34090224578311	1.84068360153373
-0.872441753655502	-0.643214730641005	1.76887611669754	-2.52457918599937	0.756447646995553	2.33938259668565	1.84087137312994
-0.871362635885905	-0.643543876571485	1.76706808961221	-2.5239853232012	0.755823325934808	2.33784256614529	1.84106114735378
-0.870269049561846	-0.643877204631722	1.76523552491341	-2.52338347523524	0.755190718365678	2.33628210833231	1.84125291281866
-0.869160958899081	-0.644214718163401	1.76337835294049	-2.52277362166121	0.754549806347191	2.33470117942707	1.84144665767999
-0.868038329459896	-0.644556420005139	1.76149650617053	-2.5221557427707	0.75390057275109	2.33309973761995	1.8416423696352
-0.8669011281531	-0.644902312492491	1.7595899192183	-2.52152981958727	0.753243001261829	2.33147774311143	1.84184003592371
-0.865749323234033	-0.64525239745795	1.75765852883627	-2.52089583386633	0.752577076376574	2.32983515811201	1.84203964332696
-0.864582884304557	-0.645606676230943	1.75570227391462	-2.52025376809524	0.751902783405202	2.32817194684226	1.84224117816839
-0.863401782313064	-0.645965149637834	1.75372109548125	-2.51960360549325	0.751220108470303	2.32648807553281	1.84244462631346
-0.86220598955447	-0.646327818001925	1.75171493670175	-2.51894533001152	0.750529038507179	2.32478351242432	1.84264997316962
-0.860995479670221	-0.646694681143451	1.74968374287939	-2.51827892633313	0.749829561263843	2.32305822776753	1.84285720368634
-0.859770227648286	-0.647065738379587	1.7476274614552	-2.51760437987305	0.749121665301021	2.32131219382323	1.84306630235509
-0.858530209823162	-0.647440988524443	1.74554604200785	-2.51692167677817	0.74840533999215	2.31954538486226	1.84327725320936
-0.857275403875874	-0.647820429889063	1.74343943625377	-2.5162308039273	0.747680575523381	2.31775777716551	1.84349003982463
-0.856005788833971	-0.648204060281432	1.74130759804706	-2.51553174893114	0.746947362893573	2.31594934902395	1.8437046453184
-0.854721345071532	-0.648591877006467	1.73915048337954	-2.51482450013231	0.746205693914302	2.31412008073856	1.84392105235017
-0.853422054309158	-0.648983876866025	1.73696805038072	-2.51410904660534	0.745455561209851	2.31226995462043	1.84413924312146
-0.852107899613981	-0.649380056158896	1.73476025931783	-2.51338537815666	0.744696958217219	2.31039895499065	1.84435919937577
-0.850778865399657	-0.649780410680808	1.7325270725958	-2.51265348532461	0.743929879186115	2.30850706818042	1.84458090239863
-0.84943493742637	-0.650184935724427	1.73026845475725	-2.51191335937944	0.743154319178959	2.30659428253094	1.84480433301759
-0.848076102800829	-0.650593626079352	1.72798437248252	-2.51116499232333	0.742370274070885	2.30466058839351	1.84502947160217
-0.846702349976271	-0.651006476032121	1.72567479458965	-2.51040837689033	0.741577740549738	2.30270597812945	1.84525629806392
-0.845313668752461	-0.651423479366207	1.72333969203439	-2.50964350654644	0.740776716116075	2.30073044611017	1.8454847918564
-0.843910050275685	-0.65184462936202	1.72097903791017	-2.50887037548953	0.739967199083165	2.2987339887171	1.84571493197517
-0.842491487038763	-0.652269918796907	1.71859280744816	-2.50808897864942	0.739149188576989	2.29671660434176	1.84594669695781
-0.841057972881037	-0.652699339945149	1.71618097801721	-2.50729931168779	0.73832268453624	2.29467829338569	1.84618006488388
-0.839609502988375	-0.653132884577966	1.71374352912388	-2.50650137099828	0.737487687712322	2.29261905826051	1.84641501337497
-0.838146073893176	-0.653570543963513	1.71128044241243	-2.5056951537064	0.736644199669353	2.29053890338788	1.84665151959467
-0.83666768347436	-0.654012308866882	1.70879170166483	-2.50488065766959	0.735792222784161	2.28843783519952	1.84688956024858
-0.835174330957378	-0.6544581695501	1.70627729280075	-2.5040578814772	0.734931760246287	2.28631586213722	1.84712911158431
-0.833666016914207	-0.654908115772133	1.70373720387757	-2.50322682445047	0.734062816057983	2.2841729946528	1.84737014939148
-0.832142743263347	-0.65536213678888	1.70117142509038	-2.50238748664256	0.733185395034215	2.28200924520815	1.84761264900169
-0.83060451326983	-0.65582022135318	1.69857994877194	-2.50153986883855	0.732299502802658	2.27982462827521	1.84785658528859
-0.82905133154521	-0.656282357714805	1.69596276939277	-2.50068397255541	0.731405145803701	2.27761916033598	1.8481019326678
-0.827483204047569	-0.656748533620466	1.69331988356104	-2.49981980004204	0.730502331290444	2.2753928598825	1.84834866509697
-0.825900138081519	-0.657218736313808	1.69065129002265	-2.49894735427923	0.729591067328701	2.27314574741689	1.84859675607575
-0.824302142298192	-0.657692952535415	1.68795698966121	-2.49806663897968	0.728671362796995	2.27087784545131	1.8488461786458
-0.822689226695253	-0.658171168522805	1.68523698549802	-2.49717765858801	0.727743227386562	2.26858917850796	1.84909690539079
-0.82106140261689	-0.658653370010433	1.68249128269209	-2.49628041828075	0.726806671601351	2.26627977311913	1.84934890843638
-0.819418682753818	-0.659139542229693	1.67971988854014	-2.49537492396633	0.725861706758022	2.26394965782714	1.84960215945025
-0.81776108114328	-0.65962966990891	1.67692281247657	-2.49446118228509	0.724908344985948	2.26159886318437	1.8498566296421
-0.816088613169044	-0.660123737273351	1.67410006607352	-2.49353920060928	0.723946599227212	2.25922742175325	1.85011228976362
-0.814401295561406	-0.660621728045216	1.67125166304082	-2.49260898704306	0.72297648323661	2.25683536810628	1.85036911010851
-0.812699146397186	-0.661123625443641	1.66837761922598	-2.4916705504225	0.72199801158165	2.25442273882601	1.85062706051248
-0.810982185099735	-0.661629412184702	1.66547795261424	-2.49072390031558	0.721011199642553	2.25198957250502	1.85088611035325
-0.809250432438927	-0.662139070481406	1.66255268332855	-2.48976904702219	0.720016063612249	2.24953590974599	1.85114622855054
-0.807503910531163	-0.662652582043702	1.65960183362955	-2.48880600157412	0.719012620496384	2.24706179316162	1.85140738356608
-0.805742642839373	-0.663169928078471	1.65662542791558	-2.48783477573507	0.718000888113313	2.24456726737468	1.85166954340361
-0.80396665417301	-0.663691089289533	1.65362349272269	-2.48685538200067	0.716980885094103	2.24205237901798	1.85193267560888
-0.802175970688057	-0.664216045877643	1.65059605672464	-2.48586783359843	0.715952630882535	2.23951717673441	1.85219674726965
-0.800370619887022	-0.664744777540493	1.64754315073289	-2.48487214448779	0.714916145735099	2.23696171117689	1.85246172501567
-0.798550630618939	-0.66527726347271	1.6444648076966	-2.48386832936009	0.713871450721	2.23438603500841	1.85272757501871
-0.79671603307937	-0.665813482365861	1.64136106270264	-2.48285640363858	0.712818567722154	2.23179020290201	1.85299426299255
-0.794866858810403	-0.666353412408444	1.63823195297558	-2.48183638347841	0.711757519433187	2.22917427154079	1.85326175419297
-0.793003140700652	-0.666897031285899	1.6350775178777	-2.48080828576666	0.710688329361439	2.2265382996179	1.85353001341776
-0.791124912985258	-0.667444316180597	1.63189779890897	-2.47977212812231	0.709611021826961	2.22388234783654	1.85379900500673
-0.789232211245889	-0.667995243771851	1.62869283970709	-2.47872792889623	0.708525621962517	2.22120647890997	1.85406869284167
-0.78732507241074	-0.668549790235904	1.62546268604743	-2.47767570717123	0.707432155713583	2.21851075756151	1.8543390403464
-0.785403534754532	-0.669107931245941	1.62220738584309	-2.476615482762	0.706330649838345	2.21579525052453	1.85461001048674
-0.783467637898511	-0.669669641972081	1.61892698914487	-2.47554727621517	0.705221131907703	2.21306002654246	1.85488156577052
-0.781517422810453	-0.670234897081379	1.61562154814127	-2.47447110880925	0.704103630305267	2.21030515636878	1.85515366824756
-0.779552931804658	-0.670803670737827	1.61229111715848	-2.47338700255468	0.702978174227361	2.20753071276701	1.85542627950973
-0.777574208541953	-0.671375936602353	1.60893575266043	-2.47229498019379	0.701844793683021	2.20473677051076	1.85569936069085
-0.775581298029693	-0.671951667832821	1.60555551324873	-2.47119506520084	0.700703519493992	2.20192340638367	1.8559728724668
-0.773574246621758	-0.672530837084034	1.60215045966268	-2.47008728178198	0.699554383294735	2.19909069917943	1.85624677505543
-0.771553102018555	-0.673113416507727	1.59872065477932	-2.46897165487528	0.698397417532419	2.19623872970181	1.85652102821662
-0.769517913267018	-0.673699377752575	1.59526616361337	-2.46784821015071	0.697232655466929	2.19336758076461	1.85679559125225
-0.767468730760607	-0.674288691964188	1.59178705331725	-2.46671697401017	0.696060131170858	2.1904773371917	1.8570704230062
-0.765405606239311	-0.674881329785112	1.5882833931811	-2.46557797358745	0.694879879529513	2.187568085817	1.85734548186437
-0.763328592789641	-0.67547726135483	1.58475525463277	-2.46443123674824	0.693691936240913	2.18463991548448	1.85762072575466
-0.761237744844638	-0.676076456309761	1.58120271123778	-2.46327679209017	0.692496337815789	2.18169291704818	1.85789611214698
-0.75913311818387	-0.676678883783261	1.57762583869939	-2.46211466894275	0.691293121577584	2.17872718337218	1.85817159805324
-0.757014769933429	-0.677284512405621	1.57402471485855	-2.46094489736741	0.690082325662452	2.17574280933062	1.85844714002736
-0.754882758565936	-0.677893310304071	1.5703994196939	-2.4597675081575	0.688863989019259	2.1727398918077	1.85872269416529
-0.752737143900538	-0.678505245102774	1.56675003532182	-2.45858253283825	0.687638151409584	2.16971852969766	1.85899821610495
-0.750577987102907	-0.679120283922832	1.56307664599636	-2.45739000366684	0.686404853407718	2.16667882390481	1.85927366102629
-0.748405350685243	-0.679738393382281	1.55937933810929	-2.45618995363232	0.685164136400662	2.16362087734352	1.85954898365127
-0.746219298506273	-0.680359539596097	1.55565820019008	-2.45498241645567	0.683916042588132	2.16054479493819	1.85982413824385
-0.744019895771251	-0.680983688176188	1.5519133229059	-2.45376742658977	0.682660614982553	2.1574506836233	1.86009907860999
-0.741807209031955	-0.681610804231402	1.54814479906164	-2.45254501921942	0.681397897409063	2.15433865234337	1.86037375809767
-0.739581306186691	-0.682240852367521	1.54435272359988	-2.45131523026133	0.680127934505514	2.15120881205298	1.86064812959687
-0.737342256480294	-0.682873796687264	1.5405371936009	-2.45007809636409	0.678850771722467	2.14806127571676	1.86092214553958
-0.735090130504122	-0.683509600790287	1.53669830828269	-2.44883365490823	0.677566455323195	2.14489615830942	1.8611957578998
-0.732825000196061	-0.684148227773183	1.53283616900096	-2.44758194400619	0.676275032383686	2.14171357681568	1.86146891819353
-0.730546938840524	-0.684789640229479	1.5289508792491	-2.44632300250229	0.674976550792637	2.13851365023036	1.86174157747879
-0.728256021068451	-0.685433800249639	1.52504254465822	-2.4450568699728	0.673671059251458	2.1352964995583	1.86201368635559
-0.725952322857306	-0.686080669421066	1.52111127299712	-2.44378358672585	0.672358607274271	2.13206224781442	1.86228519496597
-0.723635921531084	-0.686730208828097	1.51715717417231	-2.44250319380152	0.671039245187909	2.12881102002368	1.86255605299395
-0.721306895760302	-0.687382379052005	1.51318036022802	-2.44121573297179	0.669713024131919	2.1255429432211	1.86282620966558
-0.718965325562008	-0.688037140171001	1.50918094534616	-2.43992124674053	0.668379996058559	2.12225814645176	1.86309561374891
-0.716611292299772	-0.688694451760231	1.50515904584636	-2.43861977834355	0.667040213732798	2.11895676077078	1.86336421355398
-0.714244878683693	-0.689354272891779	1.50111478018595	-2.43731137174853	0.665693730732317	2.11563891924335	1.86363195693288
-0.711866168770399	-0.690016562134662	1.49704826895995	-2.43599607165509	0.66434060144751	2.11230475694471	1.86389879127966
-0.70947524796304	-0.690681277554838	1.49295963490111	-2.43467392349475	0.662980881081483	2.10895441096015	1.86416466353041
-0.707072203011294	-0.691348376715198	1.48884900287987	-2.43334497343095	0.661614625650054	2.10558802038503	1.86442952016321
-0.704657122011369	-0.69201781667557	1.48471649990437	-2.432009268359	0.660241891981751	2.10220572632475	1.86469330719816
-0.702230094405995	-0.692689553992719	1.48056225512047	-2.43066685590617	0.658862737717816	2.09880767189476	1.86495597019735
-0.699791210984431	-0.693363544720347	1.4763863998117	-2.42931778443161	0.657477221312203	2.09539400222059	1.8652174542649
-0.697340563882463	-0.694039744409091	1.47218906739935	-2.42796210302638	0.656085402031577	2.0919648644378	1.86547770404691
-0.694878246582402	-0.694718108106525	1.46797039344236	-2.42659986151346	0.654687339955315	2.08852040769202	1.86573666373152
-0.692404353913086	-0.695398590357159	1.46373051563739	-2.42523111044772	0.653283095975506	2.08506078313892	1.86599427704885
-0.68991898204988	-0.69608114520244	1.45946957381883	-2.42385590111596	0.651872731796951	2.08158614394425	1.86625048727104
-0.687422228514676	-0.69676572618075	1.45518770995875	-2.42247428553689	0.650456309937164	2.07809664528378	1.86650523721224
-0.684914192175893	-0.697452286327409	1.45088506816692	-2.4210863164611	0.649033893726369	2.07459244434337	1.86675846922859
-0.682394973248474	-0.698140778174673	1.44656179469083	-2.41969204737112	0.647605547307504	2.07107370031891	1.86701012521826
-0.679864673293892	-0.698831153751734	1.44221803791566	-2.41829153248138	0.646171335636218	2.06754057441636	1.86726014662141
-0.677323395220144	-0.69952336458472	1.4378539483643	-2.4168848267382	0.644731324480871	2.06399322985173	1.86750847442022
-0.674771243281755	-0.700217361696696	1.43346967869736	-2.41547198581985	0.643285580422536	2.06043183185108	1.86775504913887
-0.672208323079776	-0.700913095607664	1.42906538371312	-2.41405306613647	0.641834170854998	2.05685654765053	1.86799981084355
-0.669634741561784	-0.701610516334561	1.42464122034759	-2.41262812483012	0.640377163984755	2.05326754649626	1.86824269914245
-0.667050607021886	-0.70230957339126	1.42019734767449	-2.41119721977478	0.638914628831013	2.04966499964449	1.86848365318578
-0.66445602910071	-0.703010215788573	1.41573392690521	-2.40976040957634	0.637446635225696	2.04604908036151	1.86872261166576
-0.661851118785416	-0.703712392034245	1.41125112138888	-2.40831775357257	0.635973253813433	2.04241996392365	1.86895951281659
-0.659235988409687	-0.704416050132961	1.40674909661231	-2.40686931183318	0.634494556051572	2.03877782761732	1.86919429441451
-0.656610751653734	-0.705121137586338	1.40222802020003	-2.40541514515978	0.633010614210167	2.03512285073896	1.86942689377775
-0.653975523544295	-0.705827601392934	1.39768806191427	-2.40395531508588	0.631521501371988	2.03145521459508	1.86965724776654
-0.651330420454632	-0.70653538804824	1.39312939365496	-2.40248988387692	0.630027291432514	2.02777510250223	1.86988529278315
-0.648675560104539	-0.707244443544685	1.38855218945974	-2.40101891453023	0.628528059099939	2.02408269978703	1.87011096477182
-0.646011061560331	-0.707954713371634	1.38395662550394	-2.39954247077504	0.627023879895166	2.02037819378614	1.87033419921881
-0.643337045234851	-0.708666142515387	1.37934288010062	-2.39806061707253	0.625514830151812	2.0166617738463	1.8705549311524
-0.640653632887472	-0.709378675459183	1.37471113370051	-2.39657341861574	0.624000987016205	2.01293363132428	1.87077309514287
-0.63796094762409	-0.710092256183196	1.37006156889208	-2.39508094132965	0.622482428447385	2.00919395958691	1.87098862530249
-0.635259113897128	-0.710806828164535	1.36539437040147	-2.39358325187115	0.620959233217104	2.00544295401108	1.87120145528557
-0.632548257505537	-0.711522334377248	1.36070972509256	-2.39208041762901	0.619431480909827	2.00168081198374	1.8714115182884
-0.629828505594793	-0.712238717292318	1.3560078219669	-2.39057250672394	0.617899251922729	1.99790773290189	1.87161874704928
-0.627099986656901	-0.712955918877664	1.35128885216377	-2.38905958800855	0.616362627465699	1.99412391817258	1.87182307384855
-0.62436283053039	-0.713673880598143	1.34655300896013	-2.38754173106735	0.614821689561335	1.99032957121291	1.8720244305085
-0.621617168400316	-0.714392543415545	1.34180048777067	-2.38601900621678	0.613276521044952	1.98652489745006	1.87222274839348
-0.618863132798265	-0.715111847788601	1.33703148614777	-2.38449148450515	0.61172720556457	1.98271010432123	1.87241795840983
-0.616100857602344	-0.715831733672974	1.33224620378152	-2.38295923771272	0.610173827580928	1.97888540127371	1.87260999100587
-0.613330478037191	-0.716552140521267	1.3274448424997	-2.38142233835164	0.608616472367473	1.97505099976483	1.87279877617198
-0.610552130673968	-0.717273007283016	1.3226276062678	-2.37988085966597	0.607055226010363	1.97120711326196	1.8729842434405
-0.607765953430366	-0.717994272404697	1.31779470118904	-2.37833487563169	0.605490175408471	1.96735395724255	1.8731663218858
-0.604972085570601	-0.718715873829719	1.3129463355043	-2.37678446095667	0.603921408273381	1.96349174919408	1.87334494012426
-0.602170667705416	-0.719437748998429	1.3080827195922	-2.37522969108069	0.602349013129388	1.95962070861412	1.87352002631426
-0.59936184179208	-0.72015983484811	1.30320406596904	-2.37367064217547	0.600773079313499	1.95574105701025	1.87369150815618
-0.596545751134389	-0.720882067812982	1.29831058928885	-2.37210739114459	0.599193696975434	1.95185301790015	1.87385931289242
-0.593722540382667	-0.721604383824201	1.29340250634334	-2.37054001562359	0.597610957077624	1.94795681681151	1.87402336730739
-0.590892355533761	-0.722326718309859	1.28848003606193	-2.36896859397989	0.596024951395213	1.94405268128212	1.87418359772749
-0.58805534393105	-0.723049006194985	1.28354339951175	-2.36739320531281	0.594435772516055	1.9401408408598	1.87433993002114
-0.585211654264434	-0.723771181901543	1.27859281989763	-2.3658139294536	0.592843513840719	1.93622152710241	1.87449228959878
-0.582361436570344	-0.724493179348436	1.27362852256211	-2.36423084696542	0.591248269582483	1.93229497357791	1.87464060141282
-0.579504842231734	-0.7252149319515	1.26865073498543	-2.36264403914332	0.589650134767339	1.92836141586427	1.87478478995771
-0.576642023978088	-0.72593637262351	1.26365968678553	-2.36105358801427	0.588049205233989	1.92442109154953	1.8749247792699
-0.573773135885414	-0.726657433774177	1.25865560971806	-2.35945957633716	0.586445577633848	1.92047424023181	1.87506049292784
-0.570898333376248	-0.727378047310147	1.25363873767637	-2.35786208760276	0.584839349431045	1.91652110351924	1.875191854052
-0.568017773219651	-0.728098144635004	1.24860930669152	-2.35626120603378	0.583230618902416	1.91256192503005	1.87531878530484
-0.565131613531214	-0.728817656649267	1.24356755493226	-2.35465701658483	0.581619485137515	1.90859695039248	1.87544120889084
-0.562240013773051	-0.729536513750392	1.23851372270507	-2.35304960494241	0.580006048038602	1.90462642724487	1.87555904655649
-0.559343134753804	-0.730254645832771	1.23344805245411	-2.35143905752495	0.578390408320653	1.90065060523557	1.87567221959027
-0.556441138628642	-0.730971982287734	1.22837078876125	-2.34982546148279	0.576772667511356	1.89666973602303	1.87578064882269
-0.55353418889926	-0.731688452003545	1.22328217834608	-2.34820890469816	0.575152927951108	1.89268407327572	1.87588425462626
-0.55062245041388	-0.732403983365405	1.21818247006586	-2.34658947578521	0.57353129279302	1.88869387267219	1.87598295691548
-0.54770608936725	-0.733118504255454	1.2130719149156	-2.34496726409001	0.571907866002914	1.88469939190102	1.87607667514687
-0.544785273300645	-0.733831942052763	1.20795076602797	-2.34334235969053	0.570282752359326	1.88070089066086	1.87616532831898
-0.541860171101867	-0.734544223633345	1.20281927867336	-2.34171485339664	0.568656057453502	1.87669863066042	1.87624883497232
-0.538930953005245	-0.735255275370146	1.19767771025989	-2.34008483675013	0.5670278876894	1.87269287561845	1.87632711318945
-0.535997790591632	-0.73596502313305	1.19252632033335	-2.33845240202469	0.565398350283691	1.86868389126377	1.87640008059492
-0.533060856788411	-0.736673392288876	1.18736537057724	-2.33681764222593	0.563767553265757	1.86467194533525	1.87646765435528
-0.530120325869489	-0.737380307701379	1.18219512481277	-2.33518065109137	0.562135605477692	1.8606573075818	1.8765297511791
-0.527176373455301	-0.738085693731254	1.17701584899887	-2.33354152309042	0.560502616574303	1.85664024976241	1.87658628731695
-0.524229176512808	-0.738789474236127	1.17182781123214	-2.33190035342442	0.558868697023107	1.85262104564611	1.87663717856142
-0.521278913355499	-0.739491572570565	1.16663128174691	-2.3302572380266	0.557233958104336	1.84859997101199	1.87668234024708
-0.518325763643388	-0.740191911586069	1.16142653291521	-2.32861227356213	0.55559851191093	1.84457730364918	1.87672168725055
-0.515369908383015	-0.740890413631077	1.15621383924676	-2.32696555742806	0.553962471348545	1.84055332335689	1.8767551339904
-0.512411529927448	-0.741587000550963	1.15099347738901	-2.32531718775335	0.552325950135546	1.83652831194437	1.87678259442727
-0.509450811976283	-0.742281593688037	1.14576572612708	-2.32366726339888	0.550689062803011	1.83250255323093	1.87680398206376
-0.506487939575639	-0.742974113881548	1.14053086638383	-2.32201588395744	0.54905192469473	1.82847633304593	1.8768192099445
-0.503523099118163	-0.743664481467676	1.13528918121981	-2.32036314975372	0.547414651967205	1.82444993922879	1.87682819065612
-0.500556478343031	-0.744352616279544	1.13004095583325	-2.31870916184433	0.54577736158965	1.82042366162898	1.87683083632725
-0.497588266335943	-0.745038437647207	1.12478647756012	-2.31705402201778	0.54414017134399	1.81639779210603	1.87682705862856
-0.494618653529126	-0.745721864397657	1.11952603587408	-2.31539783279449	0.542503199824863	1.81237262452951	1.87681676877268
-0.491647831701334	-0.746402814854823	1.11425992238649	-2.31374069742679	0.540866566439619	1.80834845477908	1.87679987751429
-0.488675993977848	-0.74708120683957	1.10898843084642	-2.31208271989892	0.53923039140832	1.80432558074441	1.87677629515005
-0.485703334830474	-0.7477569576697	1.10371185714064	-2.31042400492704	0.537594795763738	1.80030430232527	1.87674593151863
-0.482730050077547	-0.748429984159951	1.09843049929363	-2.30876465795919	0.53595990135136	1.79628492143144	1.87670869600073
-0.479756336883926	-0.749100202621997	1.09314465746757	-2.30710478517535	0.534325830829384	1.7922677419828	1.87666449751902
-0.476782393760999	-0.749767528864449	1.08785463396233	-2.30544449348739	0.532692707668717	1.78825306990924	1.87661324453822
-0.473808420566679	-0.750431878192854	1.08256073321552	-2.3037838905391	0.531060656152983	1.78424121315074	1.87655484506502
-0.470834618505407	-0.751093165409695	1.07726326180242	-2.30212308470617	0.529429801378514	1.78023248165732	1.87648920664814
-0.467861190128148	-0.751751304814391	1.07196252843604	-2.3004621850962	0.527800269254355	1.77622718738906	1.87641623637829
-0.464888339332397	-0.7524062102033	1.06665884396706	-2.29880130154871	0.526172186502264	1.7722256443161	1.87633584088822
-0.461916271362174	-0.753057794869714	1.0613525213839	-2.29714054463511	0.524545680656709	1.7682281684186	1.87624792635264
-0.458945192808024	-0.753705971603861	1.05604387581266	-2.29548002565874	0.522920880064873	1.76423507768683	1.87615239848831
-0.455975311607021	-0.754350652692907	1.05073322451717	-2.29381985665484	0.521297913886648	1.76024669212107	1.87604916255397
-0.453006837042765	-0.754991749920954	1.04542088689893	-2.29216015039054	0.519676912094638	1.75626333373169	1.87593812335038
-0.450039979745382	-0.755629174569038	1.04010718449717	-2.29050102036492	0.518058005474162	1.75228532653907	1.87581918522031
-0.447074951691526	-0.756262837415136	1.03479244098881	-2.28884258080893	0.516441325623248	1.7483129965737	1.87569225204852
-0.444111966204375	-0.756892648734157	1.02947698218848	-2.28718494668546	0.514827004952637	1.74434667187608	1.8755572272618
-0.441151237953636	-0.757518518297949	1.02416113604853	-2.28552823368928	0.513215176685781	1.7403866824968	1.87541401382894
-0.438192982955543	-0.758140355375295	1.01884523265898	-2.28387255824708	0.511605974858846	1.73643336049646	1.87526251426072
-0.435237418572853	-0.758758068731914	1.01352960424758	-2.28221803751748	0.509999534320708	1.73248703994576	1.87510263060996
-0.432284763514853	-0.759371566630464	1.00821458517977	-2.28056478939098	0.508395990732956	1.72854805692544	1.87493426447145
-0.429335237837356	-0.759980756830537	1.00290051195871	-2.27891293249	0.506795480569891	1.72461674952628	1.87475731698202
-0.4263890629427	-0.760585546588662	0.997587723225247	-2.27726258616886	0.505198141118525	1.72069345784913	1.87457168882048
-0.423446461579753	-0.761185842658303	0.992276559757945	-2.27561387051382	0.503604110478582	1.7167785240049	1.87437728020768
-0.420507657843906	-0.761781551289863	0.986967364473065	-2.27396690634301	0.5020135275625	1.71287229211454	1.87417399090644
-0.417572877177078	-0.76237257823068	0.981660482424574	-2.27232181520649	0.500426532095426	1.70897510830906	1.87396172022162
-0.414642346367715	-0.762958828725028	0.976356260804144	-2.27067871938623	0.498843264615221	1.70508732072953	1.87374036700006
-0.411716293550788	-0.763540207514118	0.97105504894115	-2.26903774189609	0.497263866472458	1.70120927952708	1.87350982963063
-0.408794948207798	-0.764116618836097	0.965757198302672	-2.26739900648187	0.49568847983042	1.69734133686287	1.8732700060442
-0.40587854116677	-0.764687966426048	0.960463062493493	-2.26576263762126	0.494117247665104	1.69348384690814	1.87302079371364
-0.402967304602254	-0.765254153515992	0.9551729972561	-2.26412876052385	0.492550313765218	1.68963716584419	1.87276208965383
-0.40006147203533	-0.765815082834886	0.949887360470687	-2.26249750113115	0.490987822732183	1.68580165186234	1.87249379042166
-0.397161278333604	-0.76637065660862	0.944606512155149	-2.26086898611659	0.48942991998013	1.68197766516399	1.87221579211604
-0.394266959711207	-0.766920776560025	0.939330814465087	-2.2592433428855	0.487876751735903	1.67816556796061	1.87192799037786
-0.391378753728797	-0.767465343908866	0.934060631693804	-2.2576206995751	0.486328465039058	1.67436572447368	1.87163028039004
-0.388496855236937	-0.768004280555635	0.928796264232321	-2.25600116716406	0.484785177862288	1.67057844299675	1.87132258015671
-0.38562128375738	-0.768537592800611	0.923537749736835	-2.25438478555704	0.483246889201789	1.66680380141125	1.87100490049353
-0.382752014867467	-0.769065308085942	0.9182850600017	-2.25277157682918	0.481713568241907	1.66304181982809	1.8706772754572
-0.379889024144538	-0.769587453853774	0.913038166821268	-2.25116156305565	0.480185184166989	1.65929251835816	1.87033973910442
-0.377032287165935	-0.770104057546255	0.90779704198989	-2.2495547663116	0.47866170616138	1.65555591711239	1.86999232549189
-0.374181779508999	-0.770615146605534	0.90256165730192	-2.24795120867219	0.477143103409428	1.65183203620168	1.86963506867632
-0.371337476751069	-0.771120748473756	0.897331984551707	-2.24635091221258	0.475629345095479	1.64812089573693	1.86926800271442
-0.368499354469488	-0.77162089059307	0.892107995533606	-2.24475389900792	0.474120400403878	1.64442251582905	1.86889116166287
-0.365667388241597	-0.772115600405622	0.886889662041968	-2.24316019113337	0.472616238518974	1.64073691658896	1.86850457957839
-0.362841553644735	-0.772604905353562	0.881676955871145	-2.24156981066409	0.471116828625112	1.63706411812755	1.86810829051768
-0.360021826256243	-0.773088832879035	0.87646984881549	-2.23998277967524	0.469622139906638	1.63340414055573	1.86770232853745
-0.357208181653464	-0.773567410424189	0.871268312669353	-2.23839912024197	0.468132141547899	1.62975700398442	1.86728672769438
-0.354400595413737	-0.774040665431171	0.866072319227088	-2.23681885443944	0.466646802733241	1.62612272852452	1.8668615220452
-0.351599043114403	-0.77450862534213	0.860881840283047	-2.23524200434281	0.465166092647011	1.62250133428693	1.86642674564659
-0.348803500332804	-0.774971317599212	0.855696847631581	-2.23366859202723	0.463689980473555	1.61889284138257	1.86598243255527
-0.34601394264628	-0.775428769644566	0.850517313067044	-2.23209863956786	0.46221843539722	1.61529726992234	1.86552861682793
-0.343230345632172	-0.775881008920337	0.845343208383786	-2.23053216903987	0.460751426602351	1.61171464001715	1.86506533252128
-0.34045268486782	-0.776328062868674	0.840174505376159	-2.2289692025184	0.459288923273296	1.60814497177791	1.86459261369202
-0.337680935930567	-0.776769958931725	0.835011175838517	-2.22740976207861	0.457830894594401	1.60458828531552	1.86411049439685
-0.334915074397752	-0.777206724551636	0.829853191565212	-2.22585386979566	0.456377309750012	1.60104460074089	1.86361900869248
-0.332155075846716	-0.777638387170555	0.824700524350594	-2.22430154774472	0.454928137924475	1.59751393816493	1.86311819063561
-0.329400915854801	-0.778064974230629	0.819553145989017	-2.22275281800092	0.453483348302138	1.59399631769854	1.86260807428294
-0.326652569999347	-0.778486513174007	0.814411028274832	-2.22120770263944	0.452042910067345	1.59049175945264	1.86208869369118
-0.323910013857695	-0.778903031442834	0.809274143002392	-2.21966622373543	0.450606792404445	1.58700028353813	1.86156008291703
-0.321173223007186	-0.77931455647926	0.804142461966049	-2.21812840336405	0.449174964497783	1.58352191006591	1.86102227601718
-0.318442173025161	-0.77972111572543	0.799015956960154	-2.21659426360045	0.447747395531706	1.5800566591469	1.86047530704835
-0.315716839488961	-0.780122736623493	0.79389459977906	-2.21506382651979	0.44632405469056	1.57660455089201	1.85991921006723
-0.312997197975926	-0.780519446615596	0.788778362217119	-2.21353711419723	0.444904911158691	1.57316560541213	1.85935401913053
-0.310283224063398	-0.780911273143886	0.783667216068683	-2.21201414870792	0.443489934120446	1.56973984281818	1.85877976829496
-0.307574893328717	-0.781298243650511	0.778561133128105	-2.21049495212703	0.442079092760172	1.56632728322107	1.8581964916172
-0.304872181349224	-0.781680385577619	0.773460085189735	-2.20897954652971	0.440672356262214	1.5629279467317	1.85760422315398
-0.30217506370226	-0.782057726367356	0.768364044047928	-2.20746795399111	0.439269693810919	1.55954185346097	1.85700299696198
-0.299483515965166	-0.78243029346187	0.763272981497033	-2.2059601965864	0.437871074590634	1.55616902351981	1.85639284709792
-0.296797513715282	-0.782798114303308	0.758186869331404	-2.20445629639074	0.436476467785705	1.55280947701911	1.85577380761849
-0.294117032529951	-0.783161216333819	0.753105679345393	-2.20295627547927	0.435085842580479	1.54946323406978	1.8551459125804
-0.291442047986512	-0.783519626995549	0.748029383333352	-2.20146015592715	0.433699168159301	1.54613031478273	1.85450919604035
-0.288772535662306	-0.783873373730645	0.742957953089632	-2.19996795980955	0.432316413706518	1.54281073926886	1.85386369205505
-0.286108471134675	-0.784222483981256	0.737891360408587	-2.19847970920162	0.430937548406477	1.53950452763909	1.85320943468119
-0.283449829980958	-0.784566985189529	0.732829577084567	-2.19699542617852	0.429562541443524	1.53621170000432	1.85254645797547
-0.280796587778498	-0.78490690479761	0.727772574911926	-2.1955151328154	0.428191362002006	1.53293227647546	1.85187479599462
-0.278148720104634	-0.785242270247648	0.722720325685015	-2.19403885118743	0.426823979266268	1.52966627716342	1.85119448279531
-0.275506202536708	-0.78557310898179	0.717672801198187	-2.19256660336975	0.425460362420658	1.52641372217909	1.85050555243426
-0.272869010652061	-0.785899448442183	0.712629973245792	-2.19109841143754	0.424100480649521	1.5231746316334	1.84980803896818
-0.270237120028033	-0.786221316070975	0.707591813622185	-2.18963429746593	0.422744303137205	1.51994902563725	1.84910197645375
-0.267610506241966	-0.786538739310313	0.702558294121716	-2.1881742835301	0.421391799068054	1.51673692430154	1.8483873989477
-0.264989144871199	-0.786851745602344	0.697529386538738	-2.18671839170519	0.420042937626417	1.51353834773718	1.84766434050671
-0.262373011493075	-0.787160362389217	0.692505062667603	-2.18526664406637	0.41869768799664	1.51035331605509	1.84693283518749
-0.259762081684934	-0.787464617113078	0.687485294302663	-2.18381906268879	0.417356019363068	1.50718184936616	1.84619291704674
-0.257156331024116	-0.787764537216075	0.68247005323827	-2.18237566964762	0.416017900910048	1.50402396778131	1.84544462014117
-0.254555735087963	-0.788060150140354	0.677459311268777	-2.18093648701799	0.414683301821927	1.50087969141144	1.84468797852749
-0.251960269453816	-0.788351483328065	0.672453040188534	-2.17950153687509	0.413352191283051	1.49774904036745	1.84392302626238
-0.249369909699015	-0.788638564221354	0.667451211791895	-2.17807084129405	0.412024538477766	1.49463203476027	1.84314979740256
-0.246784631400901	-0.788921420262368	0.662453797873212	-2.17664442235005	0.410700312590419	1.49152869470079	1.84236832600473
-0.244204410136816	-0.789200078893256	0.657460770226836	-2.17522230211823	0.409379482805356	1.48843904029992	1.84157864612558
-0.241629221484099	-0.789474567556163	0.652472100647119	-2.17380450267375	0.408062018306924	1.48536309166857	1.84078079182183
-0.239059041020092	-0.789744913693239	0.647487760928415	-2.17239104609177	0.406747888279469	1.48230086891765	1.83997479715018
-0.236493844322136	-0.790011144746629	0.642507722865075	-2.17098195444745	0.405437061907338	1.47925239215806	1.83916069616733
-0.233933606967572	-0.790273288158483	0.63753195825145	-2.16957724981595	0.404129508374876	1.47621768150071	1.83833852292997
-0.23137830453374	-0.790531371370946	0.632560438881894	-2.16817695427242	0.402825196866431	1.47319675705651	1.83750831149482
-0.228827912597982	-0.790785421826167	0.627593136550758	-2.16678108989201	0.401524096566348	1.47018963893636	1.83667009591858
-0.226282406737637	-0.791035466966293	0.622630023052394	-2.1653896787499	0.400226176658975	1.46719634725118	1.83582391025795
-0.223741762530048	-0.791281534233471	0.617671070181154	-2.16400274292122	0.398931406328657	1.46421690211187	1.83496978856963
-0.221205955552555	-0.791523651069848	0.612716249731391	-2.16262030448115	0.397639754759741	1.46125132362934	1.83410776491033
-0.218674961382498	-0.791761844917573	0.607765533497457	-2.16124238550483	0.396351191136574	1.45829963191449	1.83323787333674
-0.216148755597219	-0.791996143218793	0.602818893273704	-2.15986900806744	0.395065684643501	1.45536184707824	1.83236014790558
-0.213627313774059	-0.792226573415655	0.597876300854483	-2.15850019424411	0.393783204464869	1.45243798923148	1.83147462267354
-0.211110611490358	-0.792453162950305	0.592937728034147	-2.15713596611001	0.392503719785025	1.44952807848513	1.83058133169733
-0.208598624323458	-0.792675939264893	0.588003146607049	-2.1557763457403	0.391227199788315	1.4466321349501	1.82968030903364
-0.206091327850698	-0.792894929801566	0.583072528367539	-2.15442135521014	0.389953613659086	1.44375017873729	1.82877158873919
-0.203588697649421	-0.793110162002469	0.578145845109971	-2.15307101659467	0.388682930581684	1.44088222995761	1.82785520487067
-0.201090709296967	-0.793321663309752	0.573223068628695	-2.15172535196906	0.387415119740454	1.43802830872197	1.82693119148479
-0.198597338370676	-0.793529461165562	0.568304170718066	-2.15038438340847	0.386150150319745	1.43518843514127	1.82599958263825
-0.19610856044789	-0.793733583012045	0.563389123172434	-2.14904813298806	0.384887991503901	1.43236262932642	1.82506041238776
-0.193624351105949	-0.79393405629135	0.558477897786151	-2.14771662278297	0.38362861247727	1.42955091138833	1.82411371479001
-0.191144685922195	-0.794130908445624	0.553570466353571	-2.14638987486837	0.382371982424198	1.42675330143791	1.82315952390171
-0.188669540473968	-0.794324166917014	0.548666800669044	-2.14506791131941	0.381118070529031	1.42396981958606	1.82219787377956
-0.186198890338609	-0.794513859147667	0.543766872526923	-2.14375075421126	0.379866845976116	1.42120048594369	1.82122879848026
-0.183732711093459	-0.794700012579732	0.53887065372156	-2.14243842561906	0.3786182779498	1.41844532062171	1.82025233206052
-0.181270978315859	-0.794882654655355	0.533978116047307	-2.14113094761798	0.377372335634427	1.41570434373103	1.81926850857704
-0.17881366758315	-0.795061812816684	0.529089231298516	-2.13982834228318	0.376128988214346	1.41297757538255	1.81827736208653
-0.176360754472672	-0.795237514505867	0.52420397126954	-2.1385306316898	0.374888204873902	1.41026503568718	1.81727892664568
-0.173912214561767	-0.79540978716505	0.519322307754731	-2.13723783791302	0.373649954797442	1.40756674475583	1.81627323631119
-0.171468023427775	-0.795578658236381	0.514444212548439	-2.13594998302798	0.372414207169313	1.4048827226994	1.81526032513978
-0.169028156648037	-0.795744155162008	0.509569657445019	-2.13466708910984	0.371180931173859	1.40221298962881	1.81424022718814
-0.166592589799894	-0.795906305384078	0.504698614238821	-2.13338917823376	0.369950095995429	1.39955756565496	1.81321297651298
-0.164161298460687	-0.796065136344739	0.499831054724198	-2.13211627247489	0.368721670818369	1.39691647088875	1.812178607171
-0.161734258207757	-0.796220675486137	0.494966950695502	-2.1308483939084	0.367495624827024	1.3942897254411	1.81113715321889
-0.159311444618445	-0.796372950250421	0.490106273947085	-2.12958556460945	0.366271927205742	1.39167734942291	1.81008864871338
-0.156892833270091	-0.796521988079737	0.485248996273299	-2.12832780665318	0.365050547138868	1.38907936294509	1.80903312771115
-0.154478399740036	-0.796667816416234	0.480395089468497	-2.12707514211475	0.363831453810749	1.38649578611855	1.80797062426891
-0.152068119605622	-0.796810462702058	0.47554452532703	-2.12582759306933	0.362614616405733	1.38392663905419	1.80690117244336
-0.149661968444189	-0.796949954379357	0.47069727564325	-2.12458518159207	0.361400004108163	1.38137194186293	1.80582480629121
-0.147259921833078	-0.797086318890278	0.46585331221151	-2.12334792975812	0.360187586102389	1.37883171465566	1.80474155986916
-0.144861955349629	-0.79721958367697	0.461012606826161	-2.12211585964265	0.358977331572755	1.3763059775433	1.80365146723391
-0.142468044571185	-0.797349776181578	0.456175131281556	-2.12088899332081	0.357769209703608	1.37379475063675	1.80255456244216
-0.140078165075085	-0.797476923846251	0.451340857372048	-2.11966735286776	0.356563189679295	1.37129805404692	1.80145087955063
-0.13769229243867	-0.797601054113137	0.446509756891987	-2.11845096035866	0.355359240684162	1.36881590788473	1.800340452616
-0.135310402239282	-0.797722194424382	0.441681801635726	-2.11723983786866	0.354157331902555	1.36634833226107	1.79922331569498
-0.132932470054261	-0.797840372222134	0.436856963397617	-2.11603400747292	0.352957432518821	1.36389534728685	1.79809950284428
-0.130558471460949	-0.79795561494854	0.432035213972013	-2.1148334912466	0.351759511717307	1.36145697307298	1.79696904812059
-0.128188382036685	-0.798067950045748	0.427216525153265	-2.11363831126485	0.350563538682358	1.35903322973037	1.79583198558063
-0.125822177358811	-0.798177404955905	0.422400868735725	-2.11244848960283	0.349369482598321	1.35662413736993	1.79468834928109
-0.123459833004667	-0.798284007121159	0.417588216513746	-2.11126404833571	0.348177312649543	1.35422971610255	1.79353817327867
-0.121101324551595	-0.798387783983657	0.41277854028168	-2.11008500953863	0.34698699802037	1.35184998603916	1.79238149163009
-0.118746627576936	-0.798488762985546	0.407971811833878	-2.10891139528675	0.345798507895148	1.34948496729066	1.79121833839203
-0.11639571765803	-0.798586971568974	0.403168002964693	-2.10774322765523	0.344611811458223	1.34713467996795	1.79004874762121
-0.114048570372218	-0.798682437176089	0.398367085468478	-2.10658052871924	0.343426877893943	1.34479914418194	1.78887275337433
-0.111705161296841	-0.798775187249037	0.393569031139583	-2.10542332055391	0.342243676386654	1.34247838004355	1.78769038970809
-0.10936546600924	-0.798865249229967	0.388773811772361	-2.10427162523442	0.341062176120701	1.34017240766367	1.78650169067919
-0.107029460086755	-0.798952650561025	0.383981399161165	-2.10312546483593	0.339882346280432	1.33788124715321	1.78530669034434
-0.104697119106728	-0.799037418684359	0.379191765100346	-2.10198486143357	0.338704156050192	1.33560491862308	1.78410542276023
-0.1023684186465	-0.799119581042117	0.374404881384257	-2.10084983710252	0.337527574614329	1.3333434421842	1.78289792198358
-0.100043334283411	-0.799199165076445	0.369620719807249	-2.09972041391794	0.336352571157189	1.33109683794746	1.78168422207108
-0.0977218415948026	-0.799276198229492	0.364839252163675	-2.09859661395497	0.335179114863117	1.32886512602378	1.78046435707943
-0.095403916158015	-0.799350707943404	0.360060450247887	-2.09747845928878	0.334007174916461	1.32664832652405	1.77923836106535
-0.0930895335503895	-0.79942272166033	0.355284285854237	-2.09636597199452	0.332836720501567	1.3244464595592	1.77800626808553
-0.0907786693492667	-0.799492266822416	0.350510730777076	-2.09525917414735	0.331667720802781	1.32225954524012	1.77676811219667
-0.0884712991319877	-0.79955937087181	0.345739756810758	-2.09415808782243	0.33050014500445	1.32008760367772	1.77552392745548
-0.0861673984758932	-0.799624061250659	0.340971335749634	-2.09306273509491	0.32933396229092	1.31793065498292	1.77427374791866
-0.0838669429583242	-0.799686365401112	0.336205439388056	-2.09197313803995	0.328169141846537	1.31578871926661	1.77301760764292
-0.0815699081566215	-0.799746310765314	0.331442039520377	-2.09088931873272	0.327005652855649	1.31366181663971	1.77175554068495
-0.0792762696481259	-0.799803924785414	0.326681107940948	-2.08981129924836	0.325843464502601	1.31154996721312	1.77048758110146
-0.0769860030101784	-0.799859234903559	0.321922616444121	-2.08873910166203	0.324682545971739	1.30945319109775	1.76921376294915
-0.0746990838201198	-0.799912268561897	0.31716653682425	-2.08767274804889	0.323522866447411	1.30737150840451	1.76793412028472
-0.072415487655291	-0.799963053202575	0.312412840875685	-2.0866122604841	0.322364395113962	1.3053049392443	1.76664868716488
-0.0701351900930328	-0.80001161626774	0.307661500392779	-2.08555766104282	0.32120710115574	1.30325350372804	1.76535749764634
-0.0678581667106862	-0.80005798519954	0.302912487169884	-2.0845089718002	0.32005095375709	1.30121722196662	1.76406058578578
-0.0655843930855919	-0.800102187440122	0.298165773001352	-2.0834662148314	0.318895922102358	1.29919611407096	1.76275798563992
-0.0633138447950909	-0.800144250431633	0.293421329681535	-2.08242941221158	0.317741975375892	1.29719020015197	1.76144973126546
-0.0610464974165241	-0.800184201616222	0.288679129004786	-2.08139858601589	0.316589082762038	1.29519950032055	1.7601358567191
-0.0587823265272321	-0.800222068436035	0.283939142765456	-2.08037375831949	0.315437213445141	1.29322403468761	1.75881639605754
-0.0565213077045562	-0.80025787833322	0.279201342757898	-2.07935495119754	0.314286336609549	1.29126382336405	1.75749138333749
-0.0542634165258368	-0.800291658749924	0.274465700776463	-2.07834218672519	0.313136421439608	1.28931888646079	1.75616085261565
-0.0520086285684151	-0.800323437128295	0.269732188615504	-2.07733548697761	0.311987437119665	1.28738924408873	1.75482483794872
-0.0497569194096319	-0.80035324091048	0.265000778069373	-2.07633487402995	0.310839352834065	1.28547491635877	1.7534833733934
-0.047508264626828	-0.800381097538627	0.260271440932421	-2.07534036995736	0.309692137767155	1.28357592338184	1.75213649300641
-0.0452626397973442	-0.800407034454882	0.255544148999002	-2.07435199683501	0.308545761103282	1.28169228526882	1.75078423084443
-0.0430200204985216	-0.800431079101394	0.250818874063467	-2.07336977673805	0.307400192026791	1.27982402213064	1.74942662096418
-0.0407803823077009	-0.80045325892031	0.246095587920168	-2.07239373174164	0.30625539972203	1.2779711540782	1.74806369742235
-0.0385437008022231	-0.800473601353777	0.241374262363457	-2.07142388392094	0.305111353373345	1.2761337012224	1.74669549427565
-0.0363099515594288	-0.800492133843943	0.236654869187687	-2.0704602553511	0.303968022165082	1.27431168367415	1.74532204558078
-0.0340791101566591	-0.800508883832955	0.231937380187209	-2.06950286810728	0.302825375281588	1.27250512154436	1.74394338539445
-0.0318511521712549	-0.800523878762961	0.227221767156376	-2.06855174426464	0.301683381907209	1.27071403494394	1.74255954777335
-0.0296260531805569	-0.800537146076107	0.222508001889539	-2.06760690589833	0.300542011226291	1.2689384439838	1.74117056677419
-0.027403788761906	-0.800548713214542	0.217796056181052	-2.06666837508351	0.299401232423181	1.26717836877484	1.73977647645368
-0.0251843344926431	-0.800558607620413	0.213085901825265	-2.06573617389535	0.298261014682225	1.26543382942797	1.73837731086851
-0.0229676659501093	-0.800566856735866	0.208377510616531	-2.06481032440899	0.297121327187771	1.26370484605409	1.73697310407539
-0.0207537587116451	-0.800573488003051	0.203670854349203	-2.06389084869959	0.295982139124163	1.26199143876412	1.73556389013101
-0.0185425883545915	-0.800578528864113	0.198965904817632	-2.06297776884232	0.294843419675748	1.26029362766896	1.7341497030921
-0.0163341304562894	-0.800582006761201	0.194262633816169	-2.06207110691232	0.293705138026874	1.25861143287952	1.73273057701534
-0.0141283605940797	-0.800583949136462	0.189561013139169	-2.06117088498476	0.292567263361886	1.25694487450671	1.73130654595743
-0.0119252543453032	-0.800584383432043	0.184861014580982	-2.06027712513479	0.291429764865131	1.25529397266143	1.72987764397509
-0.00972478728730072	-0.800583337090092	0.180162609935961	-2.05938984943758	0.290292611720955	1.25365874745459	1.72844390512502
-0.00752693499741335	-0.800580837552757	0.175465770998457	-2.05850907996826	0.289155773113704	1.2520392189971	1.72700536346391
-0.0053316730529817	-0.800576912262183	0.170770469562823	-2.05763483880202	0.288019218227726	1.25043540739987	1.72556205304847
-0.0031389770313468	-0.80057158866052	0.166076677423411	-2.05676714801399	0.286882916247365	1.2488473327738	1.72411400793541
-0.000948822509849404	-0.800564894189914	0.161384366374574	-2.05590602967934	0.28574683635697	1.2472750152298	1.72266126218142
0.0012388149341695	-0.800556856292513	0.156693508210662	-2.05505150587323	0.284610947740886	1.24571847487878	1.7212038498432
0.00342395972336915	-0.800547502410464	0.152004074726028	-2.05420359867082	0.28347521958346	1.24417773183164	1.71974180497747
0.00560663628040857	-0.800536859985915	0.147316037715025	-2.05336233014725	0.282339621069037	1.2426528061993	1.71827516164093
0.00778686902794697	-0.800524956461014	0.142629368972005	-2.05252772237769	0.281204121381965	1.24114371809265	1.71680395389027
0.00996468238864344	-0.800511819277906	0.137944040291319	-2.05169979743729	0.280068689706591	1.23965048762262	1.7153282157822
0.0121401007851572	-0.800497475878741	0.133260023467319	-2.05087857740122	0.278933295227259	1.2381731349001	1.71384798137342
0.0143131486401472	-0.800481953705665	0.128577290294358	-2.05006408434463	0.277797907128317	1.236711680036	1.71236328472064
0.0164838503762728	-0.800465280200826	0.123895812566788	-2.04925634034267	0.276662494594111	1.23526614314123	1.71087415988055
0.018652230416193	-0.800447482806371	0.119215562078962	-2.0484553674705	0.275527026808988	1.2338365443267	1.70938064090987
0.0208183131825669	-0.800428588964448	0.11453651062523	-2.04766118780329	0.274391472957294	1.23242290370331	1.70788276186529
0.0229821230980538	-0.800408626117203	0.109858629999945	-2.04687382341619	0.273255802223375	1.23102524138198	1.70638055680351
0.0251436845853125	-0.800387621706786	0.10518189199746	-2.04609329638434	0.272119983791577	1.2296435774736	1.70487405978125
0.0273030220670025	-0.800365603175342	0.100506268412125	-2.04531962878293	0.270983986846249	1.22827793208909	1.70336330485519
0.0294601599657828	-0.800342597965019	0.0958317310382947	-2.04455284268709	0.269847780571734	1.22692832533936	1.70184832608205
0.0316151227043124	-0.800318633517966	0.0911582516703197	-2.04379296017199	0.268711334152381	1.2255947773353	1.70032915751853
0.0337679347052506	-0.800293737276328	0.0864858021025522	-2.04304000331278	0.267574616772535	1.22427730818783	1.69880583322133
0.0359186203912565	-0.800267936682255	0.0818143541293446	-2.04229399418462	0.266437597616543	1.22297593800786	1.69727838724715
0.0380672041849892	-0.800241259177892	0.0771438795450488	-2.04155495486268	0.265300245868751	1.2216906869063	1.69574685365269
0.0402137105091078	-0.800213732205387	0.0724743501440169	-2.0408229074221	0.264162530713506	1.22042157499404	1.69421126649467
0.0423581637862715	-0.800185383206889	0.0678057377206011	-2.04009787393804	0.263024421335154	1.219168622382	1.69267165982977
0.0445005884391393	-0.800156239624544	0.0631380140691536	-2.03937987648566	0.261885886918042	1.21793184918109	1.69112806771471
0.0466410088903706	-0.8001263289005	0.0584711509840261	-2.03866893714012	0.260746896646515	1.21671127550221	1.68958052420618
0.0487794495626243	-0.800095678476903	0.0538051202595712	-2.03796507797657	0.259607419704921	1.21550692145627	1.6880290633609
0.0509159348785595	-0.800064315795902	0.0491398936901406	-2.03726832107017	0.258467425277606	1.21431880715418	1.68647371923555
0.0530504892608355	-0.800032268299645	0.0444754430700867	-2.03657868849609	0.257326882548915	1.21314695270684	1.68491452588686
0.0551831371321114	-0.799999563430277	0.0398117401937614	-2.03589620232947	0.256185760703196	1.21199137822517	1.6833515173715
0.0573139029150463	-0.799966228629948	0.0351487568555168	-2.03522088464547	0.255044028924796	1.21085210382006	1.6817847277462
0.0594428110322992	-0.799932291340804	0.0304864648497052	-2.03455275751926	0.253901656398059	1.20972914960244	1.68021419106766
0.0615698859065294	-0.799897779004992	0.0258248359706787	-2.03389184302598	0.252758612307334	1.20862253568319	1.67863994139256
0.063695151960396	-0.799862719064661	0.021163842012789	-2.0332381632408	0.251614865836966	1.20753228217324	1.67706201277763
0.0658186336165582	-0.799827138961957	0.0165034547703886	-2.03259174023886	0.250470386171301	1.20645840918349	1.67548043927956
0.0679403552976749	-0.799791066139028	0.0118436460378294	-2.03195259609534	0.249325142494686	1.20540093682484	1.67389525495505
0.0700603414264054	-0.799754528038021	0.00718438760946383	-2.03132075288539	0.248179103991468	1.20435988520821	1.67230649386081
0.0721786164254089	-0.799717552101085	0.00252565127964358	-2.03069623268416	0.247032239845993	1.2033352744445	1.67071419005354
0.0742952047173444	-0.799680165770365	-0.00213259115727911	-2.03007905756681	0.245884519242607	1.20232712464462	1.66911837758994
0.0764101307248712	-0.79964239648801	-0.00679036790695235	-2.0294692496085	0.244735911365657	1.20133545591947	1.66751909052672
0.078523418870648	-0.799604271696167	-0.0114477071750234	-2.02886683088438	0.243586385399488	1.20036028837997	1.66591636292058
0.0806350935773345	-0.799565818836984	-0.0161046371671407	-2.02827182346962	0.242435910528449	1.19940164213702	1.66431022882821
0.0827451792675895	-0.799527065352607	-0.020761186088952	-2.02768424943936	0.241284455936884	1.19845953730152	1.66270072230633
0.0848537003640721	-0.799488038685185	-0.0254173821461051	-2.02710413086878	0.240131990809141	1.1975339939844	1.66108787741164
0.0869606812894417	-0.799448766276865	-0.0300732535442481	-2.02653148983302	0.238978484329565	1.19662503229654	1.65947172820083
0.0890661464663571	-0.799409275569793	-0.0347288284890291	-2.02596634840724	0.237823905682504	1.19573267234886	1.65785230873062
0.0911701203174778	-0.799369594006119	-0.0393841351860955	-2.02540872866659	0.236668224052303	1.19485693425228	1.6562296530577
0.0932726272654625	-0.799329749027988	-0.0440392018410952	-2.02485865268625	0.23551140862331	1.19399783811768	1.65460379523878
0.0953736917329708	-0.799289768077549	-0.0486940566596765	-2.02431614254136	0.234353428579869	1.19315540405599	1.65297476933056
0.0974733381426614	-0.799249678596948	-0.0533487278474871	-2.02378122030707	0.233194253106329	1.19232965217811	1.65134260938974
0.0995715909171936	-0.799209508028334	-0.0580032436101749	-2.02325390805856	0.232033851387035	1.19152060259495	1.64970734947303
0.101668474479227	-0.799169283813854	-0.0626576321533877	-2.02273422787097	0.230872192606333	1.19072827541741	1.64806902363713
0.10376401325142	-0.799129033395655	-0.0673119216827736	-2.02222220181946	0.229709245948571	1.1899526907564	1.64642766593874
0.105858231656432	-0.799088784215884	-0.0719661404039804	-2.0217178519792	0.228544980598094	1.18919386872284	1.64478331043456
0.107951154116922	-0.799048563716689	-0.0766203165226558	-2.02122120042532	0.227379365739249	1.18845182942761	1.6431359911813
0.110042805055549	-0.799008399340218	-0.0812744782444483	-2.02073226923301	0.226212370556382	1.18772659298165	1.64148574223565
0.112133208894973	-0.798968318528617	-0.0859286537750052	-2.0202510804774	0.22504396423384	1.18701817949584	1.63983259765434
0.114222390057852	-0.798928348724035	-0.0905828713199745	-2.01977765623366	0.223874115955969	1.1863266090811	1.63817659149404
0.116310372966846	-0.798888517368618	-0.0952371590850041	-2.01931201857695	0.222702794907116	1.18565190184834	1.63651775781148
0.118397182044614	-0.798848851904515	-0.099891545275742	-2.01885418958242	0.221529970271627	1.18499407790846	1.63485613066334
0.120482841713815	-0.798809379773872	-0.104546058097836	-2.01840419132522	0.220355611233848	1.18435315737237	1.63319174410634
0.122567376397108	-0.798770128418837	-0.109200725756935	-2.01796204588053	0.219179686978126	1.18372916035099	1.63152463219717
0.124650810517152	-0.798731125281557	-0.113855576458685	-2.01752777532349	0.218002166688807	1.1831221069552	1.62985482899254
0.126733168496606	-0.79869239780418	-0.118510638408735	-2.01710140172926	0.216823019550238	1.18253201729593	1.62818236854916
0.12881447475813	-0.798653973428853	-0.123165939812733	-2.016682947173	0.215642214746764	1.18195891148408	1.62650728492372
0.130894753724382	-0.798615879597724	-0.127821508876327	-2.01627243372986	0.214459721462734	1.18140280963056	1.62482961217292
0.132974029818023	-0.79857814375294	-0.132477373805164	-2.01586988347501	0.213275508882492	1.18086373184627	1.62314938435348
0.13505232746171	-0.798540793336648	-0.137133562804893	-2.0154753184836	0.212089546190385	1.18034169824212	1.62146663552209
0.137129671078103	-0.798503855790996	-0.141790104081161	-2.01508876083079	0.21090180257076	1.17983672892903	1.61978139973546
0.139206085089861	-0.798467358558132	-0.146447025839616	-2.01471023259173	0.209712247207963	1.17934884401789	1.61809371105028
0.141281593919643	-0.798431329080202	-0.151104356285907	-2.01433975584158	0.208520849286341	1.17887806361961	1.61640360352326
0.143356221990109	-0.798395794799354	-0.15576212362568	-2.0139773526555	0.20732757799024	1.17842440784511	1.61471111121111
0.145429993723917	-0.798360783157736	-0.160420356064585	-2.01362304510865	0.206132402504006	1.17798789680529	1.61301626817053
0.147502933543727	-0.798326321597495	-0.165079081808269	-2.01327685527618	0.204935292011986	1.17756855061105	1.61131910845821
0.149575065872198	-0.798292437560778	-0.169738329062379	-2.01293880523325	0.203736215698526	1.17716638937331	1.60961966613087
0.151646415131989	-0.798259158489734	-0.174398126032564	-2.01260891705502	0.202535142747972	1.17678143320297	1.6079179752452
0.153717005745759	-0.798226511826508	-0.179058500924471	-2.01228721281665	0.201332042344672	1.17641370221093	1.60621406985791
0.155786862136166	-0.798194525013249	-0.183719481943749	-2.01197371459329	0.200126883672971	1.17606321650812	1.6045079840257
0.157856008725872	-0.798163225492104	-0.188381097296045	-2.01166844446009	0.198919635917216	1.17572999620543	1.60279975180527
0.159924469937533	-0.798132640705221	-0.193043375187008	-2.01137142449223	0.197710268261752	1.17541406141376	1.60108940725333
0.161992270193811	-0.798102798094747	-0.197706343822285	-2.01108267676484	0.196498749890928	1.17511543224404	1.59937698442658
0.164059433917363	-0.798073725102829	-0.202370031407524	-2.0108022233531	0.195285049989089	1.17483412880716	1.59766251738171
0.166125985530848	-0.798045449171615	-0.207034466148372	-2.01053008633216	0.194069137740581	1.17457017121403	1.59594604017545
0.168191949456927	-0.798017997743252	-0.211699676250479	-2.01026628777717	0.192850982329751	1.17432357957557	1.59422758686448
0.170257350118258	-0.797991398259887	-0.216365689919491	-2.0100108497633	0.191630552940946	1.17409437400267	1.59250719150551
0.1723222119375	-0.797965678163669	-0.221032535361057	-2.00976379436569	0.190407818758511	1.17388257460625	1.59078488815524
0.174386559337313	-0.797940864896744	-0.225700240780825	-2.00952514365952	0.189182748966793	1.17368820149721	1.58906071087038
0.176450416740354	-0.79791698590126	-0.230368834384442	-2.00929491971992	0.187955312750139	1.17351127478646	1.58733469370763
0.178513808569285	-0.797894068619365	-0.235038344377557	-2.00907314462207	0.186725479292895	1.1733518145849	1.58560687072368
0.180576759246763	-0.797872140493205	-0.239708798965816	-2.00885984044112	0.185493217779407	1.17320984100345	1.58387727597525
0.182639293195449	-0.797851228964928	-0.244380226354869	-2.00865502925222	0.184258497394022	1.17308537415302	1.58214594351904
0.184701434838	-0.797831361476682	-0.249052654750363	-2.00845873313054	0.183021287321087	1.1729784341445	1.58041290741175
0.186763208597076	-0.797812565470614	-0.253726112357946	-2.00827097415123	0.181781556744946	1.17288904108881	1.57867820171008
0.188824638895337	-0.797794868388872	-0.258400627383265	-2.00809177438944	0.180539274849948	1.17281721509685	1.57694186047073
0.190885750155441	-0.797778297673602	-0.26307622803197	-2.00792115592034	0.179294410820438	1.17276297627953	1.57520391775041
0.192946566800048	-0.797762880766953	-0.267752942509707	-2.00775914081909	0.178046933840764	1.17272634474777	1.57346440760582
0.195007113251816	-0.797748645111071	-0.272430799022125	-2.00760575116083	0.17679681309527	1.17270734061245	1.57172336409367
0.197067413933405	-0.797735618148104	-0.277109825774871	-2.00746100902073	0.175544017768304	1.17270598398451	1.56998082127065
0.199127493267474	-0.7977238273202	-0.281790050973593	-2.00732493647394	0.174288517044212	1.17272229497483	1.56823681319347
0.201187375676683	-0.797713300069506	-0.286471502823939	-2.00719755559562	0.173030280107341	1.17275629369433	1.56649137391883
0.203247085583689	-0.797704063838169	-0.291154209531558	-2.00707888846093	0.171769276142037	1.17280800025392	1.56474453750343
0.205306647411153	-0.797696146068338	-0.295838199302097	-2.00696895714503	0.170505474332646	1.1728774347645	1.56299633800398
0.207366085581733	-0.797689574202158	-0.300523500341204	-2.00686778372307	0.169238843863515	1.17296461733698	1.56124680947718
0.209425424518089	-0.797684375681778	-0.305210140854527	-2.00677539027021	0.167969353918989	1.17306956808226	1.55949598597974
0.211484688642879	-0.797680577949345	-0.309898149047713	-2.0066917988616	0.166696973683417	1.17319230711127	1.55774390156835
0.213543902378764	-0.797678208447007	-0.314587553126411	-2.00661703157241	0.165421672341143	1.17333285453489	1.55599059029971
0.215603090148401	-0.79767729461691	-0.319278381296268	-2.0065511104778	0.164143419076515	1.17349123046405	1.55423608623054
0.217662276374451	-0.797677863901203	-0.323970661762933	-2.00649405765291	0.162862183073879	1.17366745500964	1.55248042341753
0.219721485479572	-0.797679943742033	-0.328664422732053	-2.0064458951729	0.161577933517581	1.17386154828257	1.55072363591739
0.221780741886423	-0.797683561581547	-0.333359692409277	-2.00640664511294	0.160290639591967	1.17407353039376	1.54896575778681
0.223840070017663	-0.797688744861892	-0.338056499000251	-2.00637632954818	0.159000270481385	1.17430342145411	1.54720682308251
0.225899494295953	-0.797695521025216	-0.342754870710625	-2.00635497055378	0.15770679537018	1.17455124157453	1.54544686586118
0.22795903914395	-0.797703917513667	-0.347454835746046	-2.00634259020489	0.156410183442699	1.17481701086591	1.54368592017953
0.230018728984314	-0.797713961769392	-0.352156422312161	-2.00633921057667	0.155110403883289	1.17510074943918	1.54192402009426
0.232078588239704	-0.797725681234538	-0.356859658614619	-2.00634485374429	0.153807425876295	1.17540247740524	1.54016119966208
0.23413864133278	-0.797739103351253	-0.361564572859068	-2.00635954178289	0.152501218606064	1.175722214875	1.53839749293968
0.236198912686199	-0.797754255561684	-0.366271193251155	-2.00638329676763	0.151191751256942	1.17605998195935	1.53663293398376
0.238259426722622	-0.797771165307979	-0.370979547996529	-2.00641614077367	0.149878993013277	1.17641579876922	1.53486755685104
0.240320207864708	-0.797789860032284	-0.375689665300837	-2.00645809587617	0.148562913059414	1.17678968541551	1.53310139559821
0.242381280535115	-0.797810367176748	-0.380401573369727	-2.00650918415029	0.1472434805797	1.17718166200912	1.53133448428198
0.244442669156504	-0.797832714183518	-0.385115300408847	-2.00656942767118	0.145920664758481	1.17759174866097	1.52956685695905
0.246504398151532	-0.797856928494741	-0.389830874623845	-2.006638848514	0.144594434780103	1.17801996548195	1.52779854768612
0.248566491942859	-0.797883037552565	-0.394548324220369	-2.00671746875391	0.143264759828914	1.17846633258299	1.5260295905199
0.250628974953145	-0.797911068799137	-0.399267677404067	-2.00680531046605	0.141931609089259	1.17893087007498	1.52426001951708
0.252691871605048	-0.797941049676604	-0.403988962380587	-2.00690239572561	0.140594951745485	1.17941359806883	1.52248986873437
0.254755206321227	-0.797973007627115	-0.408712207355577	-2.00700874660772	0.139254756981938	1.17991453667545	1.52071917222848
0.256819003524342	-0.798006970092815	-0.413437440534683	-2.00712438518754	0.137910993982965	1.18043370600575	1.5189479640561
0.258883287637052	-0.798042964515854	-0.418164690123556	-2.00724933354024	0.136563631932912	1.18097112617063	1.51717627827395
0.260948083082016	-0.798081018338378	-0.422893984327841	-2.00738361374097	0.135212640016125	1.181526817281	1.51540414893871
0.263013414281893	-0.798121159002534	-0.427625351353188	-2.00752724786488	0.133857987416951	1.18210079944778	1.5136316101071
0.265079305659342	-0.79816341395047	-0.432358819405244	-2.00768025798714	0.132499643319737	1.18269309278186	1.51185869583581
0.267145781637022	-0.798207810624334	-0.437094416689657	-2.0078426661829	0.131137576908828	1.18330371739415	1.51008544018156
0.269212866637592	-0.798254376466273	-0.441832171412075	-2.00801449452732	0.129771757368572	1.18393269339557	1.50831187720104
0.271280585083712	-0.798303138918434	-0.446572111778145	-2.00819576509556	0.128402153883314	1.18458004089701	1.50653804095095
0.273348961398041	-0.798354125422965	-0.451314265993516	-2.00838649996277	0.127028735637401	1.18524578000939	1.504763965488
0.275418020003238	-0.798407363422013	-0.456058662263836	-2.00858672120411	0.12565147181518	1.18592993084362	1.5029896848689
0.277487785321962	-0.798462880357726	-0.460805328794752	-2.00879645089474	0.124270331600996	1.18663251351059	1.50121523315033
0.279558281776871	-0.79852070367225	-0.465554293791913	-2.00901571110981	0.122885284179196	1.18735354812123	1.49944064438901
0.281629533790626	-0.798580860807734	-0.470305585460966	-2.00924452392449	0.121496298734128	1.18809305478643	1.49766595264165
0.283701565785886	-0.798643379206325	-0.475059232007559	-2.00948291141393	0.120103344450136	1.1888510536171	1.49589119196493
0.285774402185308	-0.798708286310171	-0.479815261637341	-2.00973089565328	0.118706390511567	1.18962756472415	1.49411639641557
0.287848067411554	-0.798775609561418	-0.484573702555958	-2.0099884987177	0.117305406102769	1.19042260821849	1.49234160005027
0.289922585887281	-0.798845376402214	-0.489334582969059	-2.01025574268236	0.115900360408087	1.19123620421103	1.49056683692573
0.291997982035149	-0.798917614274706	-0.494097931082292	-2.01053264962241	0.114491222611867	1.19206837281266	1.48879214109865
0.294074280277817	-0.798992350621043	-0.498863775101305	-2.010819241613	0.113077961898457	1.19291913413431	1.48701754662573
0.296151505037944	-0.799069612883371	-0.503632143231745	-2.01111554072929	0.111660547452202	1.19378850828688	1.48524308756369
0.298229680738189	-0.799149428503838	-0.508403063679261	-2.01142156904644	0.110238948457449	1.19467651538126	1.48346879796921
0.300308831801212	-0.799231824924591	-0.5131765646495	-2.01173734863961	0.108813134098545	1.19558317552839	1.48169471189901
0.302388982649672	-0.799316829587777	-0.51795267434811	-2.01206290158396	0.107383073559835	1.19650850883915	1.47992086340979
0.304470157706226	-0.799404469935545	-0.52273142098074	-2.01239824995463	0.105948736025666	1.19745253542445	1.47814728655825
0.306552381393536	-0.799494773410041	-0.527512832753036	-2.0127434158268	0.104510090680385	1.19841527539521	1.47637401540109
0.30863567813426	-0.799587767453414	-0.532296937870648	-2.01309842127561	0.103067106708338	1.19939674886234	1.47460108399502
0.310720072351057	-0.799683479507809	-0.537083764539223	-2.01346328837622	0.101619753293872	1.20039697593673	1.47282852639673
0.312805588466586	-0.799781937015375	-0.541873340964408	-2.0138380392038	0.100167999621332	1.2014159767293	1.47105637666293
0.314892250903506	-0.79988316741826	-0.546665695351852	-2.01422269583349	0.0987118148750653	1.20245377135095	1.46928466885033
0.316980084084477	-0.79998719815861	-0.551460855907202	-2.01461728034046	0.0972511682394186	1.20351037991259	1.46751343701563
0.319069112432157	-0.800094056678573	-0.556258850836107	-2.01502181479986	0.0957860288987378	1.20458582252513	1.46574271521552
0.321159360369206	-0.800203770420297	-0.561059708344214	-2.01543632128684	0.0943163660373696	1.20568011929948	1.46397253750671
0.323250852318283	-0.800316366825929	-0.565863456637172	-2.01586082187658	0.0928421488396602	1.20679329034653	1.46220293794591
0.325343612702047	-0.800431873337615	-0.570670123920628	-2.01629533864422	0.0913633464899561	1.20792535577721	1.46043395058982
0.327437665943157	-0.800550317397505	-0.575479738400229	-2.01673989366492	0.0898799281726038	1.20907633570242	1.45866560949514
0.329533036464272	-0.800671726447745	-0.580292328281625	-2.01719450901383	0.0883918630719496	1.21024625023306	1.45689794871857
0.331629748688052	-0.800796127930482	-0.585107921770463	-2.01765920676613	0.08689912037234	1.21143511948005	1.45513100231682
0.333727827037155	-0.800923549287864	-0.58992654707239	-2.01813400899695	0.0854016692581213	1.21264296355428	1.45336480434658
0.33582729593424	-0.801054017962039	-0.594748232393055	-2.01861893778146	0.0838994789136401	1.21386980256667	1.45159938886457
0.337928179801968	-0.801187561395153	-0.599573005938106	-2.01911401519483	0.0823925185232427	1.21511565662813	1.44983478992748
0.340030503062996	-0.801324207029355	-0.60440089591319	-2.01961926331219	0.0808807572712754	1.21638054584956	1.44807104159201
0.342134290139985	-0.801463982306791	-0.609231930523956	-2.02013470420872	0.0793641643420847	1.21766449034187	1.44630817791488
0.344239565455592	-0.80160691466961	-0.61406613797605	-2.02066035995956	0.0778427089200171	1.21896751021596	1.44454623295278
0.346346353432478	-0.801753031559958	-0.618903546475122	-2.02119625263989	0.076316360189419	1.22028962558275	1.44278524076241
0.348454678493302	-0.801902360419983	-0.623744184226819	-2.02174240432484	0.0747850873346367	1.22163085655314	1.44102523540049
0.350564565060722	-0.802054928691832	-0.628588079436789	-2.02229883708958	0.0732488595400167	1.22299122323804	1.4392662509237
0.352676037557397	-0.802210763817654	-0.633435260310679	-2.02286557300928	0.0717076459899054	1.22437074574835	1.43750832138875
0.354789120405987	-0.802369893239594	-0.638285755054139	-2.02344263415907	0.0701614158686492	1.22576944419499	1.43575148085236
0.356903838029152	-0.802532344399801	-0.643139591872815	-2.02403004261413	0.0686101383605945	1.22718733868886	1.43399576337121
0.359020214849549	-0.802698144740422	-0.647996798972356	-2.02462782044961	0.0670537826500877	1.22862444934087	1.43224120300201
0.361138275289839	-0.802867321703605	-0.652857404558409	-2.02523598974066	0.0654923179214752	1.23008079626192	1.43048783380147
0.36325804377268	-0.803039902731496	-0.657721436836622	-2.02585457256245	0.0639257133591035	1.23155639956293	1.42873568982628
0.365379544720731	-0.803215915266244	-0.662588924012644	-2.02648359099013	0.0623539381473191	1.23305127935479	1.42698480513316
0.367502802556653	-0.803395386749996	-0.667459894292121	-2.02712306709885	0.0607769614704682	1.23456545574843	1.4252352137788
0.369627841703102	-0.803578344624899	-0.672334375880703	-2.02777302296378	0.0591947525128973	1.23609894885474	1.4234869498199
0.37175468658274	-0.8037648163331	-0.677212396984037	-2.02843348066008	0.0576072804589527	1.23765177878463	1.42174004731317
0.373883361618225	-0.803954829316747	-0.682093985807771	-2.02910446226289	0.0560145144929811	1.23922396564901	1.41999454031531
0.376013891232216	-0.804148411017988	-0.686979170557552	-2.02978598984738	0.0544164237993287	1.24081552955879	1.41825046288303
0.378146299847372	-0.80434558887897	-0.691867979439029	-2.0304780854887	0.0528129775623419	1.24242649062487	1.41650784907302
0.380280611886353	-0.804546390341839	-0.696760440657849	-2.03118077126202	0.0512041449663671	1.24405686895817	1.41476673294199
0.382416851771817	-0.804750842848745	-0.701656582419661	-2.03189406924248	0.0495898951957509	1.24570668466958	1.41302714854665
0.384555043926423	-0.804958973841834	-0.706556432930112	-2.03261800150525	0.0479701974348395	1.24737595787002	1.41128912994369
0.386695212772832	-0.805170810763253	-0.711460020394851	-2.03335259012548	0.0463450208679795	1.2490647086704	1.40955271118981
0.388837382733701	-0.80538638105515	-0.716367373019525	-2.03409785717833	0.0447143346795171	1.25077295718162	1.40781792634173
0.390981578231691	-0.805605712159673	-0.721278519009781	-2.03485382473896	0.0430781080537989	1.25250072351458	1.40608480945614
0.39312782368946	-0.805828831518969	-0.726193486571269	-2.03562051488252	0.0414363101751713	1.25424802778021	1.40435339458975
0.395276143529667	-0.806055766575184	-0.731112303909635	-2.03639794968418	0.0397889102279806	1.25601489008939	1.40262371579926
0.397426562174971	-0.806286544770468	-0.736034999230528	-2.03718615121908	0.0381358773965732	1.25780133055305	1.40089580714136
0.399579104048032	-0.806521193546966	-0.740961600739596	-2.03798514156239	0.0364771808652957	1.25960736928209	1.39916970267277
0.401733793571509	-0.806759740346827	-0.745892136642486	-2.03879494278926	0.0348127898184944	1.26143302638741	1.39744543645019
0.403890655168061	-0.807002212612198	-0.750826635144847	-2.03961557697485	0.0331426734405156	1.26327832197992	1.39572304253032
0.406049713260347	-0.807248637785226	-0.755765124452326	-2.04044706619432	0.0314668009157058	1.26514327617053	1.39400255496986
0.408210992271025	-0.80749904330806	-0.760707632770571	-2.04128943252283	0.0297851414284116	1.26702790907016	1.39228400782552
0.410374516622756	-0.807753456622845	-0.76565418830523	-2.04214269803553	0.0280976641629792	1.26893224078969	1.39056743515399
0.412540310738199	-0.808011905171729	-0.770604819261952	-2.04300688480758	0.026404338303755	1.27085629144005	1.38885287101199
0.414708399040012	-0.808274416396861	-0.775559553846383	-2.04388201491413	0.0247051330350855	1.27280008113214	1.38714034945621
0.416878805950854	-0.808541017740388	-0.780518420264172	-2.04476811043035	0.0230000175413172	1.27476362997687	1.38542990454335
0.419051555893386	-0.808811736644456	-0.785481446720967	-2.04566519343138	0.0212889610067963	1.27674695808514	1.38372157033013
0.421226673290265	-0.809086600551213	-0.790448661422415	-2.0465732859924	0.0195719326158693	1.27875008556787	1.38201538087323
0.423404182564151	-0.809365636902808	-0.795420092574165	-2.04749241018855	0.0178489015528827	1.28077303253595	1.38031137022938
0.425584108137704	-0.809648873141386	-0.800395768381864	-2.048422588095	0.0161198370021828	1.2828158191003	1.37860957245526
0.427766474433582	-0.809936336709096	-0.805375717051161	-2.04936384178689	0.0143847081481161	1.28487846537182	1.37691002160758
0.429951305874444	-0.810228055048085	-0.810359966787703	-2.05031619333939	0.0126434841750289	1.28696099146143	1.37521275174304
0.43213862688295	-0.8105240556005	-0.815348545797137	-2.05127966482766	0.0108961342672678	1.28906341748002	1.37351779691835
0.434328461881758	-0.810824365808489	-0.820341482285113	-2.05225427832685	0.00914262760917897	1.29118576353851	1.3718251911902
0.436520835293528	-0.8111290131142	-0.825338804457278	-2.05324005591211	0.00738293338510901	1.29332804974781	1.37013496861531
0.43871577154092	-0.811438024959779	-0.83034054051928	-2.05423701965861	0.00561702077940418	1.29549029621881	1.36844716325037
0.440913295046591	-0.811751428787374	-0.835346718676766	-2.05524519164151	0.00384485897641124	1.29767252306244	1.36676180915209
0.443113430233202	-0.812069252039133	-0.840357367135385	-2.05626459393595	0.00206641716047606	1.29987475038959	1.36507894037717
0.44531620152341	-0.812391522157203	-0.845372514100784	-2.0572952486171	0.00028166451594569	1.30209699831117	1.36339859098231
0.447521633339877	-0.812718266583731	-0.850392187778612	-2.05833717776012	-0.00150942977283414	1.30433928693809	1.36172079502422
0.44972975010526	-0.813049512760865	-0.855416416374516	-2.05939040344016	-0.00330689652151644	1.30660163638126	1.36004558655959
0.451940576242219	-0.813385288130752	-0.860445228094144	-2.06045494773238	-0.00511076654575515	1.30888406675159	1.35837299964514
0.454154136173412	-0.81372562013554	-0.865478651143145	-2.06153083271193	-0.00692107066120384	1.31118659815998	1.35670306833756
0.4563704543215	-0.814070536217376	-0.870516713727165	-2.06261808045398	-0.00873783968351582	1.31350925071733	1.35503582669355
0.458589555109141	-0.814420063818407	-0.875559444051853	-2.06371671303368	-0.010561104428345	1.31585204453457	1.35337130876983
0.460811462958994	-0.814774230380781	-0.880606870322857	-2.06482675252618	-0.0123908957113446	1.31821499972259	1.35170954862308
0.463036202293718	-0.815133063346646	-0.885659020745825	-2.06594822100666	-0.0142272443481685	1.3205981363923	1.35005058031002
0.465263797535974	-0.815496590158148	-0.890715923526404	-2.06708114055025	-0.0160701811544703	1.32300147465461	1.34839443788735
0.467494273108418	-0.815864838257436	-0.895777606870243	-2.06822553323212	-0.0179197369459035	1.32542503462043	1.34674115541177
0.469727653433712	-0.816237835086655	-0.900844098982989	-2.06938142112743	-0.0197759425381218	1.32786883640066	1.34509076693998
0.471963962934513	-0.816615608087956	-0.905915428070291	-2.07054882631134	-0.0216388287467785	1.33033290010622	1.34344330652869
0.474203226033482	-0.816998184703483	-0.910991622337795	-2.07172777085899	-0.0235084263875273	1.332817245848	1.34179880823459
0.476445467153276	-0.817385592375386	-0.916072709991151	-2.07291827684556	-0.0253847662760219	1.33532189373692	1.3401573061144
0.478690710716557	-0.81777785854581	-0.921158719236005	-2.07412036634619	-0.0272678792279158	1.33784686388388	1.33851883422481
0.480938981145981	-0.818175010656905	-0.926249678278007	-2.07533406143604	-0.0291577960588628	1.3403921763998	1.33688342662253
0.483190302864209	-0.818577076150816	-0.931345615322803	-2.07655938419028	-0.0310545475845161	1.34295785139557	1.33525111736425
0.4854447002939	-0.818984082469692	-0.936446558576042	-2.07779635668405	-0.0329581646205296	1.34554390898211	1.33362194050669
0.487702197857713	-0.81939605705568	-0.941552536243372	-2.07904500099251	-0.0348686779825569	1.34815036927032	1.33199593010654
0.489962819978307	-0.819813027350927	-0.94666357653044	-2.08030533919083	-0.0367861184862513	1.35077725237111	1.33037312022052
0.49222659107834	-0.820235020797582	-0.951779707642894	-2.08157739335415	-0.0387105169472664	1.35342457839539	1.32875354490531
0.494493535580473	-0.82066206483779	-0.956900957786383	-2.08286118555764	-0.0406419041812562	1.35609236745406	1.32713723821762
0.496763677907365	-0.8210941869137	-0.962027355166553	-2.08415673787646	-0.0425803110038739	1.35878063965804	1.32552423421416
0.499037042481674	-0.821531414467459	-0.967158927989054	-2.08546407238575	-0.0445257682307734	1.36148941511823	1.32391456695163
0.50131365372606	-0.821973774941215	-0.972295704459533	-2.08678321116069	-0.0464783066776079	1.36421871394553	1.32230827048674
0.503593536063181	-0.822421295777115	-0.977437712783638	-2.08811417627641	-0.0484379571600313	1.36696855625086	1.32070537887617
0.505876713915697	-0.822874004417306	-0.982584981167016	-2.08945698980809	-0.050404750493697	1.36973896214512	1.31910592617665
0.508163211706268	-0.823331928303936	-0.987737537815316	-2.09081167383088	-0.0523787174942587	1.37252995173922	1.31750994644486
0.510453053857551	-0.823795094879151	-0.992895410934186	-2.09217825041994	-0.0543598889773699	1.37534154514407	1.31591747373752
0.512746264792207	-0.824263531585101	-0.998058628729273	-2.09355674165042	-0.0563482957586842	1.37817376247057	1.31432854211132
0.515042868932894	-0.824737265863932	-1.00322721940623	-2.09494716959748	-0.0583439686538553	1.38102662382963	1.31274318562297
0.517342890702272	-0.825216325157791	-1.00840121117069	-2.09634955633628	-0.0603469384785367	1.38390014933216	1.31116143832917
0.519646354523	-0.825700736908826	-1.01358063222832	-2.09776392394198	-0.0623572360483819	1.38679435908907	1.30958333428662
0.521953284817736	-0.826190528559184	-1.01876551078475	-2.09919029448972	-0.0643748921790447	1.38970927321126	1.30800890755203
0.524263706009141	-0.826685727551013	-1.02395587504565	-2.10062869005468	-0.0663999376861785	1.39264491180965	1.3064381921821
0.526577642519872	-0.82718636132646	-1.02915175321664	-2.10207913271201	-0.0684324033854369	1.39560129499513	1.30487122223354
0.52889511877259	-0.827692457327673	-1.03435317350339	-2.10354164453686	-0.0704723200924737	1.39857844287862	1.30330803176303
0.531216159189953	-0.828204042996798	-1.03956016411155	-2.10501624760439	-0.0725197186229421	1.40157637557102	1.3017486548273
0.53354078819462	-0.828721145775985	-1.04477275324675	-2.10650296398976	-0.0745746297924962	1.40459511318324	1.30019312548304
0.535869030209251	-0.829243793107378	-1.04999096911464	-2.10800181576812	-0.076637084416789	1.40763467582618	1.29864147778694
0.538200909656505	-0.829772012433128	-1.05521483992088	-2.10951282501464	-0.0787071133114746	1.41069508361077	1.29709374579573
0.540536450959041	-0.83030583119538	-1.06044439387111	-2.11103601380447	-0.0807847472922064	1.41377635664789	1.29554996356609
0.542875678539518	-0.830845276836282	-1.06567965917099	-2.11257140421276	-0.0828700171746377	1.41687851504847	1.29401016515474
0.545218616820595	-0.831390376797981	-1.07092066402615	-2.11411901831468	-0.0849629537744225	1.4200015789234	1.29247438461836
0.547565290224931	-0.831941158522626	-1.07616743664225	-2.11567887818539	-0.0870635879072141	1.4231455683836	1.29094265601368
0.549915723175186	-0.832497649452362	-1.08142000522493	-2.11725100590003	-0.0891719503886665	1.42631050353997	1.28941501339739
0.552269940094018	-0.833059877029339	-1.08667839797984	-2.11883542353377	-0.0912880720344328	1.42949640450342	1.28789149082618
0.554627965404087	-0.833627868695703	-1.09194264311263	-2.12043215316176	-0.0934119836601668	1.43270329138486	1.28637212235678
0.556989823528052	-0.834201651893602	-1.09721276882895	-2.12204121685916	-0.0955437160815222	1.43593118429519	1.28485694204587
0.559355538888571	-0.834781254065182	-1.10248880333445	-2.12366263670114	-0.0976833001141523	1.43918010334532	1.28334598395016
0.561725135908305	-0.835366702652592	-1.10777077483476	-2.12529643476283	-0.0998307665737108	1.44245006864616	1.28183928212636
0.564098639009912	-0.835958025097979	-1.11305871153555	-2.12694263311941	-0.101986146275852	1.44574110030862	1.28033687063116
0.566476072616051	-0.83655524884349	-1.11835264164246	-2.12860125384603	-0.104149470036228	1.4490532184436	1.27883878352127
0.568857461149382	-0.837158401331274	-1.12365259336114	-2.13027231901785	-0.106320768670493	1.45238644316202	1.27734505485339
0.571242776308719	-0.837767479891831	-1.12895848940979	-2.13195578705359	-0.108500011806745	1.45574068157605	1.27585572512924
0.573631779634988	-0.83838236175485	-1.13426983210798	-2.13365136257462	-0.110686925135909	1.45911539033509	1.27437086038924
0.576024181973346	-0.839002894989233	-1.13958602255355	-2.13535868882374	-0.112881175397264	1.46250991730298	1.27289053245535
0.578419696381401	-0.839628928701178	-1.14490646649776	-2.13707741152869	-0.115082431769264	1.46592361493975	1.2714148124257
0.58081803812921	-0.840260313034182	-1.15023057434536	-2.13880717890218	-0.117290365869535	1.46935584030162	1.26994377067458
0.583218924699277	-0.840896899169041	-1.15555776115455	-2.14054764164184	-0.119504651754878	1.472805955041	1.26847747685248
0.585622075786557	-0.84153853932385	-1.16088744663702	-2.14229845293027	-0.121724965921266	1.47627332540649	1.26701599988606
0.588027213298454	-0.842185086754001	-1.1662190551579	-2.14405926843502	-0.123950987303848	1.47975732224289	1.26555940797815
0.590434061354818	-0.842836395752185	-1.17155201573579	-2.14582974630857	-0.126182397276945	1.48325732099115	1.26410776860777
0.592842346287952	-0.843492321648392	-1.17688576204275	-2.14760954718836	-0.128418879654054	1.48677270168847	1.26266114853013
0.595251796642604	-0.844152720809912	-1.18221973240434	-2.14939833419678	-0.130660120687843	1.49030284896818	1.26121961377659
0.597662143175975	-0.844817450641329	-1.18755336979953	-2.15119577294117	-0.132905809070156	1.49384715205984	1.2597832296547
0.600073118857711	-0.845486369584529	-1.1928861218608	-2.15300153151381	-0.135155635932009	1.49740500478918	1.25835206074821
0.60248445886991	-0.846159337118697	-1.19821744087407	-2.15481528049193	-0.137409294843593	1.50097580557813	1.25692617091701
0.604895900607117	-0.846836213760313	-1.20354678377873	-2.15663669293771	-0.139666481814273	1.50455895744479	1.2555056232972
0.607307183676327	-0.84751686106316	-1.20887361216765	-2.15846544439828	-0.141926895292588	1.50815386800348	1.25409048030105
0.609718049896983	-0.848201141618315	-1.21419739228714	-2.16030121290572	-0.144190236166248	1.51175994946469	1.252680803617
0.612128243300977	-0.848888919054156	-1.219517595037	-2.16214367897706	-0.14645620776214	1.51537661863509	1.25127665420967
0.614537510132651	-0.84958005803636	-1.22483369597046	-2.16399252561426	-0.148724515846324	1.51900329691757	1.24987809231988
0.616945598848795	-0.8502744242679	-1.23014517529427	-2.16584743830425	-0.150994868624034	1.52263941031117	1.2484851774646
0.619352260118649	-0.850971884489051	-1.23545151786858	-2.16770810501889	-0.153266976739675	1.52628438941115	1.24709796843699
0.6217572468239	-0.851672306477383	-1.24075221320706	-2.16957421621502	-0.15554055327683	1.52993766940895	1.24571652330639
0.624160314058685	-0.852375559047766	-1.24604675547681	-2.17144546483439	-0.157815313758253	1.53359869009219	1.24434089941833
0.62656121912959	-0.853081512052369	-1.25133464349841	-2.17332154630372	-0.160090976145873	1.5372668958447	1.24297115339449
0.628959721555651	-0.853790036380659	-1.25661538074591	-2.17520215853467	-0.162367260840792	1.54094173564648	1.24160734113275
0.63135558306835	-0.8545010039594	-1.2618884753468	-2.17708700192387	-0.164643890683287	1.54462266307372	1.24024951780718
0.633748567611621	-0.855214287752658	-1.26715344008206	-2.17897577935285	-0.166920590952806	1.54830913629882	1.23889773786798
0.636138441341846	-0.855929761761794	-1.27240979238614	-2.18086819618815	-0.169197089367975	1.55200061809035	1.23755205504159
0.638524972627854	-0.856647301025468	-1.27765705434692	-2.1827639602812	-0.171473116086591	1.55569657581307	1.23621252233059
0.640907932050926	-0.857366781619641	-1.28289475270577	-2.18466278196842	-0.173748403705624	1.55939648142794	1.23487919201375
0.643287092404789	-0.85808808065757	-1.28812241885753	-2.18656437407117	-0.176022687261221	1.56309981149209	1.23355211564601
0.645662228695622	-0.858811076289812	-1.2933395888505	-2.18846845189573	-0.178295704228699	1.56680604715886	1.2322313440585
0.648033118142049	-0.85953564770422	-1.29854580338642	-2.19037473323337	-0.180567194522552	1.57051467417778	1.23091692735853
0.650399540175148	-0.860261675125948	-1.30374060782054	-2.19228293836028	-0.182836900496446	1.57422518289455	1.22960891492957
0.652761276438441	-0.860989039817449	-1.30892355216154	-2.19419279003761	-0.185104566943222	1.57793706825108	1.22830735543129
0.655118110787901	-0.861717624078471	-1.31409419107158	-2.19610401351146	-0.187369941094893	1.58164982978544	1.22701229679953
0.657469829291951	-0.862447311246064	-1.31925208386627	-2.19801633651286	-0.189632772622647	1.58536297163193	1.22572378624631
0.659816220231461	-0.863177985694575	-1.3243967945147	-2.19992948925781	-0.191892813636846	1.58907600252101	1.22444187025982
0.662157074099752	-0.863909532835649	-1.32952789163943	-2.20184320444725	-0.194149818687025	1.59278843577933	1.22316659460444
0.664492183602591	-0.86464183911823	-1.33464494851647	-2.20375721726707	-0.196403544761894	1.59649978932975	1.22189800432073
0.666821343658197	-0.865374792028562	-1.3397475430753	-2.2056712653881	-0.198653751289336	1.6002095856913	1.22063614372542
0.669144351397237	-0.866108280090184	-1.34483525789886	-2.20758508896613	-0.200900200136406	1.60391735197921	1.21938105641141
0.671461006162824	-0.866842192863937	-1.34990768022357	-2.2094984306419	-0.203142655609337	1.60762261990488	1.21813278524781
0.673771109510525	-0.867576420947958	-1.3549644019393	-2.21141103554108	-0.205380884453531	1.61132492577593	1.21689137237987
0.676074465208352	-0.868310855977684	-1.36000501958939	-2.21332265127431	-0.207614655853568	1.61502381049615	1.21565685922906
0.678370879236768	-0.869045390625849	-1.36502913437065	-2.21523302793717	-0.2098437414332	1.61871881956551	1.21442928649298
0.680660159788683	-0.869779918602488	-1.37003635213334	-2.21714191811017	-0.212067915255351	1.6224095030802	1.21320869414546
0.682942117269459	-0.870514334654932	-1.3750262833812	-2.2190490768588	-0.214286953822121	1.62609541573257	1.21199512143646
0.685216564296903	-0.871248534567811	-1.37999854327143	-2.22095426173348	-0.216500636074785	1.62977611681118	1.21078860689216
0.687483315701274	-0.871982415163054	-1.38495275161469	-2.22285723276958	-0.218708743393788	1.63345117020076	1.20958918831489
0.689742188525279	-0.872715874299889	-1.38988853287512	-2.22475775248743	-0.220911059598752	1.63712014438224	1.20839690278318
0.691993002024074	-0.873448810874841	-1.39480551617031	-2.22665558589228	-0.223107370948471	1.64078261243275	1.20721178665172
0.694235577665262	-0.874181124821734	-1.39970333527131	-2.22855050047436	-0.225297466140914	1.64443815202559	1.20603387555138
0.696469739128899	-0.874912717111692	-1.40458162860266	-2.23044226620883	-0.227481136313223	1.64808634543025	1.20486320438923
0.698695312307486	-0.875643489753135	-1.40944003924234	-2.23233065555581	-0.229658175041714	1.65172677951242	1.2036998073485
0.700912125305975	-0.876373345791783	-1.4142782149218	-2.23421544346036	-0.231828378341877	1.65535904573399	1.2025437178886
0.703120008441766	-0.877102189310655	-1.41909580802597	-2.23609640735248	-0.233991544668376	1.65898274015301	1.20139496874512
0.705318794244709	-0.877829925430067	-1.42389247559322	-2.23797332714713	-0.236147474915047	1.66259746342373	1.20025359192982
0.707508317457102	-0.878556460307633	-1.42866787931541	-2.23984598524423	-0.238295972414902	1.66620282079661	1.19911961873067
0.709688415033692	-0.879281701138269	-1.43342168553786	-2.24171416652863	-0.240436842940126	1.66979842211828	1.19799307971178
0.711858926141676	-0.880005556154185	-1.43815356525933	-2.24357765837013	-0.242569894702078	1.67338388183155	1.19687400471346
0.714019692160698	-0.880727934624893	-1.44286319413208	-2.24543625062347	-0.244694938351289	1.67695881897545	1.1957624228522
0.716170556682852	-0.8814487468572	-1.44755025246181	-2.24728973562838	-0.246811786977468	1.68052285718516	1.19465836252066
0.718311365512681	-0.882167904195216	-1.45221442520769	-2.24913790820948	-0.248920256109493	1.68407562469208	1.19356185138767
0.720441966667177	-0.882885319020346	-1.45685540198236	-2.25098056567638	-0.251020163715418	1.6876167543238	1.19247291639827
0.722562210375781	-0.883600904751293	-1.46147287705194	-2.25281750782362	-0.253111330202472	1.69114588350408	1.19139158377364
0.724671949080382	-0.884314575844062	-1.46606654933597	-2.25464853693069	-0.255193578417055	1.69466265425287	1.19031787901117
0.726771037435318	-0.885026247791954	-1.47063612240751	-2.25647345776205	-0.257266733644744	1.69816671318633	1.18925182688441
0.728859332307379	-0.885735837125568	-1.47518130449304	-2.25829207756707	-0.259330623610286	1.70165771151679	1.1881934514431
0.730936692775799	-0.886443261412803	-1.47970180847252	-2.26010420608009	-0.261385078477605	1.70513530505278	1.18714277601314
0.733002980132264	-0.887148439258856	-1.4841973518794	-2.26190965552041	-0.263429930849797	1.70859915419902	1.18609982319664
0.735058057880908	-0.887851290306221	-1.48866765690055	-2.26370824059226	-0.265465015769133	1.7120489239564	1.18506461487185
0.737101791738316	-0.888551735234694	-1.49311245037634	-2.26549977848481	-0.267490170717057	1.71548428392203	1.18403717219324
0.739134049633518	-0.889249695761366	-1.49753146380059	-2.26728408887221	-0.269505235614187	1.71890490828919	1.18301751559142
0.741154701707995	-0.889945094640628	-1.50192443332058	-2.26906099391352	-0.271510052820315	1.72231047584734	1.18200566477321
0.743163620315679	-0.890637855664168	-1.50629109973707	-2.27083031825279	-0.273504467134406	1.72570066998216	1.18100163872159
0.745160680022947	-0.891327903660976	-1.51063120850428	-2.27259188901898	-0.275488325794599	1.72907517867549	1.18000545569571
0.747145757608627	-0.892015164497337	-1.51494450972989	-2.27434553582603	-0.277461478478209	1.73243369450538	1.17901713323093
0.749118732063997	-0.892699565076835	-1.51923075817504	-2.2760910907728	-0.279423777301721	1.73577591464605	1.17803668813877
0.751079484592781	-0.893381033340354	-1.52348971325435	-2.27782838844311	-0.281375076820796	1.73910154086792	1.17706413650692
0.753027898611154	-0.894059498266076	-1.52772113903589	-2.27955726590574	-0.283315234030269	1.74241027953761	1.17609949369926
0.754963859747741	-0.89473488986948	-1.5319248042412	-2.28127756271441	-0.285244108364149	1.74570184161791	1.17514277435586
0.756887255843613	-0.895407139203345	-1.5361004822453	-2.28298912090777	-0.287161561695617	1.7489759426678	1.17419399239293
0.758797976952291	-0.896076178357749	-1.54024795107666	-2.28469178500945	-0.289067458337028	1.75223230284247	1.1732531610029
0.760695915339747	-0.896741940460066	-1.5443669934172	-2.28638540202801	-0.290961665039914	1.75547064689328	1.17232029265437
0.762580965484398	-0.89740435967497	-1.54845739660234	-2.28806982145696	-0.292844050994976	1.75869070416779	1.17139539909209
0.764453024077114	-0.898063371204435	-1.55251895262093	-2.28974489527475	-0.294714487832093	1.76189220860974	1.17047849133702
0.766311990021211	-0.898718911287731	-1.55655145811531	-2.29141047794481	-0.296572849620316	1.76507489875906	1.1695695796863
0.768157764432455	-0.899370917201428	-1.56055471438128	-2.29306642641548	-0.298419012867868	1.76823851775188	1.16866867371321
0.769990250639061	-0.900019327259393	-1.5645285273681	-2.29471260012006	-0.30025285652215	1.77138281332051	1.16777578226727
0.771809354181694	-0.900664080812792	-1.56847270767848	-2.29634886097682	-0.302074261969732	1.77450753779346	1.16689091347411
0.773614982813465	-0.901305118250092	-1.57238707056864	-2.29797507338896	-0.303883113036361	1.7776124480954	1.16601407473559
0.775407046499936	-0.901942380997055	-1.57627143594821	-2.29959110424461	-0.305679295986958	1.78069730574723	1.16514527272974
0.777185457419118	-0.902575811516742	-1.58012562838032	-2.30119682291689	-0.307462699525616	1.78376187686602	1.16428451341074
0.778950129961471	-0.903205353309515	-1.58394947708155	-2.30279210126383	-0.309233214795602	1.78680593216502	1.16343180200898
0.780700980729902	-0.903830950913031	-1.58774281592197	-2.30437681362844	-0.310990735379359	1.78982924695368	1.16258714303102
0.78243792853977	-0.904452549902249	-1.59150548342507	-2.30595083683865	-0.312735157298499	1.79283160113764	1.16175054025959
0.78416089441888	-0.905070096889423	-1.59523732276785	-2.30751405020735	-0.314466379013814	1.79581277921872	1.1609219967536
0.785869801607488	-0.905683539524109	-1.59893818178074	-2.3090663355324	-0.316184301425265	1.79877257029495	1.16010151484815
0.787564575558298	-0.906292826493158	-1.60260791294766	-2.31060757709656	-0.317888827871989	1.80171076806053	1.15928909615452
0.789245143936463	-0.906897907520723	-1.60624637340599	-2.31213766166759	-0.319579864132296	1.80462717080585	1.15848474156014
0.790911436619584	-0.907498733368251	-1.60985342494655	-2.31365647849816	-0.32125731842367	1.8075215814175	1.15768845122865
0.792563385697714	-0.908095255834493	-1.61342893401367	-2.31516391932591	-0.32292110140277	1.81039380737825	1.15690022459986
0.79420092547335	-0.908687427755494	-1.6169727717051	-2.31665987837342	-0.324571126165425	1.81324366076707	1.15612006038976
0.795823992461444	-0.909275203004599	-1.62048481377209	-2.31814425234822	-0.326207308246643	1.81607095825911	1.1553479565905
0.79743252538939	-0.909858536492453	-1.62396494061932	-2.31961694044279	-0.327829565620602	1.8188755211257	1.15458391047044
0.799026465197038	-0.910437384166995	-1.62741303730497	-2.32107784433455	-0.329437818700655	1.82165717523438	1.15382791857409
0.800605755036682	-0.911011703013469	-1.63082899354067	-2.32252686818588	-0.331031990339329	1.82441575104888	1.15307997672215
0.802170340273066	-0.911581451054412	-1.63421270369151	-2.32396391864409	-0.332612005828325	1.82715108362909	1.15234008001151
0.803720168483384	-0.912146587349662	-1.63756406677605	-2.32538890484147	-0.334177792898516	1.82986301263112	1.15160822281522
0.805255189457278	-0.912707071996354	-1.64088298646631	-2.32680173839523	-0.335729281719951	1.83255138230726	1.15088439878252
0.80677535519684	-0.913262866128924	-1.64416937108778	-2.32820233340754	-0.337266404901852	1.83521604150599	1.15016860083882
0.808280619916609	-0.913813931919103	-1.64742313361943	-2.32959060646552	-0.338789097492614	1.83785684367196	1.14946082118571
0.809770940043574	-0.914360232575924	-1.65064419169365	-2.33096647664122	-0.340297296979807	1.84047364684604	1.14876105130098
0.811246274217174	-0.914901732345717	-1.65383246759635	-2.33232986549167	-0.341790943290175	1.84306631366528	1.14806928193857
0.812706583289296	-0.915438396512108	-1.65698788826687	-2.33368069705882	-0.343269978789634	1.8456347113629	1.14738550312861
0.814151830324274	-0.915970191396027	-1.66011038529801	-2.33501889786959	-0.344734348283275	1.84817871176834	1.14670970417741
0.815581980598895	-0.916497084355697	-1.66319989493607	-2.33634439693583	-0.346183999015363	1.8506981913072	1.14604187366745
0.816997001602392	-0.917019043786642	-1.66625635808079	-2.33765712575434	-0.347618880669335	1.85319303100129	1.14538199945741
0.818396863036446	-0.917536039121684	-1.66927972028536	-2.33895701830689	-0.349038945367806	1.8556631164686	1.14473006868211
0.81978153681519	-0.918048040830945	-1.67226993175647	-2.34024401106017	-0.35044414767256	1.85810833792331	1.1440860677526
0.821150997065205	-0.918555020421844	-1.67522694735426	-2.34151804296584	-0.351834444584557	1.8605285901758	1.14344998235607
0.822505220125519	-0.919056950439098	-1.67815072659232	-2.34277905546049	-0.353209795543931	1.86292377263262	1.14282179745589
0.823844184547611	-0.919553804464723	-1.68104123363773	-2.34402699246568	-0.354570162429989	1.86529378929652	1.14220149729163
0.825167871095409	-0.920045557118033	-1.68389843731102	-2.34526180038789	-0.355915509561212	1.86763854876644	1.14158906537903
0.826476262745287	-0.920532184055643	-1.68672231108618	-2.34648342811858	-0.357245803695255	1.8699579642375	1.14098448451
0.827769344686072	-0.921013661971463	-1.68951283309069	-2.34769182703414	-0.358561014028948	1.87225195350104	1.14038773675263
0.829047104319036	-0.921489968596704	-1.69226998610546	-2.3488869509959	-0.359861112198292	1.87452043894455	1.1397988034512
0.830309531257905	-0.921961082699874	-1.69499375756489	-2.35006875635016	-0.361146072278463	1.87676334755172	1.13921766522616
0.831556617328847	-0.92242698408678	-1.69768413955683	-2.35123720192815	-0.362415870783813	1.87898061090245	1.13864430197415
0.832788356570486	-0.922887653600527	-1.70034112882262	-2.35239224904607	-0.363670486667864	1.88117216517281	1.13807869286796
0.83400474523389	-0.92334307312152	-1.70296472675703	-2.35353386150504	-0.364909901323314	1.88333795113506	1.13752081635658
0.835205781782579	-0.92379322556746	-1.70555493940832	-2.35466200559115	-0.366134098582036	1.88547791415765	1.13697065016519
0.836391466892519	-0.92423809489335	-1.70811177747821	-2.35577665007543	-0.367343064715073	1.88759200420524	1.13642817129513
0.837561803452126	-0.924677666091487	-1.71063525632188	-2.35687776621385	-0.368536788432645	1.88968017583864	1.13589335602392
0.838716796562267	-0.925111925191471	-1.71312539594797	-2.35796532774735	-0.369715260884146	1.89174238821488	1.13536617990526
0.839856453536256	-0.925540859260197	-1.7155822210186	-2.3590393109018	-0.37087847565814	1.89377860508718	1.13484661776904
0.840980783899856	-0.92596445640186	-1.71800576084934	-2.36009969438803	-0.37202642878237	1.89578879480492	1.13433464372131
0.842089799391279	-0.926382705757954	-1.72039604940924	-2.36114645940181	-0.373159118723749	1.89777293031371	1.13383023114431
0.843183513961185	-0.92679559750727	-1.7227531253208	-2.36217958962386	-0.374276546388364	1.89973098915531	1.13333335269646
0.844261943772686	-0.927203122865898	-1.72507703186	-2.36319907121984	-0.375378715121479	1.9016629534677	1.13284398031235
0.84532510720134	-0.927605274087228	-1.72736781695626	-2.36420489284039	-0.376465630707528	1.90356880998504	1.13236208520275
0.846373024835155	-0.928002044461946	-1.7296255331925	-2.36519704562105	-0.37753730137012	1.90544855003766	1.13188763785463
0.847405719474587	-0.928393428318038	-1.73185023780507	-2.36617552318235	-0.378593737772039	1.90730216955211	1.1314206080311
0.848423216132543	-0.928779421020788	-1.73404199268382	-2.36714032162975	-0.379634953015242	1.90912966905112	1.13096096477148
0.849425542034376	-0.929160018972779	-1.73620086437203	-2.36809143955366	-0.380660962640859	1.91093105365358	1.13050867639127
0.850412726617891	-0.929535219613892	-1.73832692406647	-2.36902887802944	-0.381671784629195	1.91270633307461	1.13006371048211
0.85138480153334	-0.929905021421306	-1.74042024761736	-2.3699526406174	-0.382667439399728	1.91445552162551	1.12962603391187
0.852341800643423	-0.9302694239095	-1.74248091552839	-2.37086273336279	-0.38364794981111	1.91617863821375	1.12919561282456
0.853283760023293	-0.93062842763025	-1.74450901295672	-2.37175916479582	-0.384613341161167	1.917875706343	1.12877241264038
0.854210717960547	-0.930982034172631	-1.74650462971297	-2.37264194593163	-0.385563641186898	1.91954675411313	1.12835639805573
0.855122714955234	-0.931330246163017	-1.74846786026123	-2.37351109027034	-0.386498880064477	1.92119181422019	1.12794753304315
0.856019793719851	-0.931673067265079	-1.75039880371904	-2.37436661379699	-0.387419090409252	1.92281092395641	1.12754578085139
0.856901999179344	-0.932010502179789	-1.75229756385742	-2.37520853498157	-0.388324307275743	1.92440412521023	1.12715110400536
0.857769378471108	-0.932342556645414	-1.75416424910086	-2.37603687477904	-0.389214568157644	1.92597146446626	1.12676346430616
0.858621980944987	-0.932669237437523	-1.75599897252729	-2.37685165662928	-0.390089912987826	1.92751299280531	1.12638282283107
0.859459858163273	-0.93299055236898	-1.75780185186813	-2.37765290645715	-0.390950384138329	1.92902876590438	1.12600913993353
0.860283063900708	-0.933306510289951	-1.75957300950825	-2.37844065267242	-0.39179602642037	1.93051884403666	1.12564237524318
0.861091654144483	-0.933617121087899	-1.76131257248599	-2.37921492616984	-0.392626887084339	1.93198329207151	1.12528248766583
0.861885687094237	-0.933922395687585	-1.76302067249316	-2.3799757603291	-0.393443015819799	1.9334221794745	1.12492943538347
0.862665223162059	-0.934222346051067	-1.76469744587502	-2.38072319101484	-0.394244464755489	1.93483558030739	1.12458317585426
0.863430324972487	-0.934516985177706	-1.76634303363032	-2.38145725657663	-0.395031288459319	1.93622357322813	1.12424366581256
0.864181057362505	-0.934806327104157	-1.76795758141124	-2.38217799784901	-0.395803543938375	1.93758624149083	1.12391086126888
0.864917487381551	-0.935090386904376	-1.76954123952347	-2.38288545815145	-0.396561290638915	1.93892367294584	1.12358471750993
0.865639684291507	-0.935369180689616	-1.77109416292611	-2.3835796832884	-0.397304590446372	1.94023596003965	1.12326518909859
0.866347719566707	-0.935642725608429	-1.77261651123178	-2.38426072154923	-0.398033507685353	1.94152319981496	1.12295222987392
0.867041666893933	-0.935911039846667	-1.77410844870652	-2.38492862370825	-0.398748109119637	1.94278549391068	1.12264579295117
0.867721602172416	-0.936174142627478	-1.77557014426987	-2.38558344302475	-0.399448463952179	1.94402294856187	1.12234583072175
0.868387603513836	-0.93643205421131	-1.77700177149481	-2.38622523524296	-0.400134643825106	1.94523567459981	1.12205229485325
0.869039751242321	-0.936684795895909	-1.77840350860779	-2.38685405859202	-0.40080672281972	1.94642378745195	1.12176513628945
0.869678127894449	-0.93693239001632	-1.77977553848874	-2.38746997378608	-0.401464777456497	1.94758740714194	1.12148430525031
0.870302818219247	-0.937174859944885	-1.78111804867104	-2.3880730440242	-0.402108886695086	1.94872665828962	1.12120975123195
0.87091390917819	-0.937412230091246	-1.78243123134153	-2.38866333499038	-0.402739131934309	1.94984167011102	1.12094142300669
0.871511489945203	-0.937644525902343	-1.78371528334053	-2.3892409148536	-0.403355597012163	1.95093257641834	1.12067926862302
0.87209565190666	-0.937871773862415	-1.78497040616183	-2.38980585426777	-0.40395836820582	1.95199951561999	1.12042323540561
0.872666488661382	-0.938094001492998	-1.78619680595265	-2.39035822637174	-0.404547534231622	1.95304263072057	1.1201732699553
0.87322409602064	-0.938311237352928	-1.78739469351372	-2.39089810678934	-0.405123186245089	1.95406206932086	1.11992931814912
0.873768572008155	-0.938523511038339	-1.7885642842992	-2.3914255736293	-0.405685417840912	1.95505798361784	1.11969132514026
0.874300016860097	-0.938730853182663	-1.78970579841673	-2.39194070748535	-0.406234325052956	1.95603053040465	1.11945923535813
0.874818533025081	-0.938933295456631	-1.79081946062742	-2.39244359143613	-0.406770006354262	1.95697987107067	1.11923299250827
0.875324225164178	-0.939130870568272	-1.79190550034583	-2.39293431104525	-0.407292562657043	1.95790617160142	1.11901253957242
0.8758172001509	-0.939323612262914	-1.79296415164	-2.39341295436125	-0.407802097312685	1.95880960257863	1.11879781880852
0.876297567071215	-0.939511555323184	-1.79399565323142	-2.39387961191764	-0.408298716111749	1.95969033918023	1.11858877175064
0.876765437223534	-0.939694735569005	-1.79500024849506	-2.39433437673286	-0.408782527283971	1.96054856118032	1.11838533920907
0.877220924118721	-0.939873189857603	-1.79597818545935	-2.39477734431031	-0.409253641498258	1.9613844529492	1.11818746127026
0.877664143480088	-0.940046956083497	-1.79692971680617	-2.39520861263833	-0.409712171862693	1.96219820345336	1.11799507729685
0.878095213243394	-0.940216073178509	-1.79785509987088	-2.39562828219021	-0.410158233924531	1.96299000625547	1.11780812592764
0.87851425355685	-0.940380581111756	-1.79875459664232	-2.39603645592421	-0.410591945670203	1.9637600595144	1.11762654507763
0.878921386781114	-0.940540520889657	-1.79962847376275	-2.39643323928349	-0.411013427525311	1.9645085659852	1.11745027193799
0.879316737489292	-0.940695934555926	-1.80047700252795	-2.39681874019621	-0.411422802354634	1.96523573301913	1.11727924297606
0.87970043246694	-0.940846865191578	-1.80130045888712	-2.39719306907544	-0.411820195462122	1.9659417725636	1.11711339393537
0.880072600712066	-0.940993356914925	-1.80209912344294	-2.39755633881922	-0.412205734590901	1.96662690116225	1.11695265983562
0.880433373435121	-0.941135454881579	-1.80287328145156	-2.39790866481053	-0.412579549923269	1.96729133995489	1.1167969749727
0.880782884059009	-0.941273205284449	-1.80362322282261	-2.39825016491731	-0.412941774080698	1.96793531467752	1.11664627291868
0.881121268219082	-0.941406655353742	-1.80434924211914	-2.39858095949243	-0.413292542123835	1.96855905566232	1.11650048652178
0.88144866376314	-0.941535853356966	-1.8050516385577	-2.39890117137372	-0.4136319915525	1.96916279783769	1.11635954790643
0.881765210751434	-0.941660848598926	-1.80573071600831	-2.39921092588395	-0.413960262305686	1.96974678072818	1.11622338847323
0.882071051456662	-0.941781691421724	-1.80638678299442	-2.39951035083085	-0.414277496761562	1.97031124845457	1.11609193889895
0.882366330363971	-0.941898433204763	-1.80702015269298	-2.39979957650709	-0.414583839737469	1.97085644973379	1.11596512913655
0.882651194170958	-0.942011126364743	-1.8076311429344	-2.40007873569029	-0.414879438489921	1.97138263787898	1.11584288841516
0.882925791787669	-0.942119824355663	-1.80822007620252	-2.40034796364302	-0.415164442714609	1.97189007079947	1.1157251452401
0.883190274336598	-0.942224581668821	-1.8087872796347	-2.40060739811279	-0.415439004546395	1.97237901100078	1.11561182739285
0.883444795152687	-0.942325453832811	-1.80933308502171	-2.40085717933208	-0.415703278559315	1.97284972558461	1.11550286193109
0.883689509783329	-0.942422497413529	-1.80985782880783	-2.40109745001829	-0.415957421766579	1.97330248624886	1.11539817518866
0.883924575988366	-0.942515770014167	-1.81036185209078	-2.40132835537379	-0.416201593620573	1.9737375692876	1.1152976927756
0.884150153740087	-0.942605330275217	-1.81084550062174	-2.40155004308589	-0.416435956012853	1.97415525559112	1.11520133957809
0.884366405223231	-0.942691237874468	-1.81130912480539	-2.40176266332684	-0.416660673274152	1.97455583064588	1.11510903975854
0.884573494834986	-0.942773553527008	-1.81175307969983	-2.40196636875386	-0.416875912174376	1.97493958453453	1.1150207167555
0.884771589184989	-0.942852338985224	-1.81217772501665	-2.40216131450909	-0.417081841922602	1.9753068119359	1.11493629328372
0.884960857095325	-0.942927657038801	-1.8125834251209	-2.40234765821965	-0.417278634167085	1.97565781212503	1.11485569133411
0.885141469600529	-0.942999571514724	-1.8129705490311	-2.40252555999758	-0.417466462995252	1.97599288897315	1.11477883217377
0.885313599947586	-0.943068147277273	-1.81333947041923	-2.40269518243989	-0.417645504933702	1.97631235094765	1.11470563634598
0.885477423595926	-0.94313345022803	-1.81369056761073	-2.40285669062852	-0.417815938948211	1.97661651111214	1.11463602367019
0.885633118217432	-0.943195547305874	-1.81402422358451	-2.40301025213037	-0.417977946443727	1.97690568712641	1.11456991324205
0.885780863696434	-0.943254506486982	-1.81434082597296	-2.40315603699729	-0.418131711264371	1.97718020124643	1.11450722343336
0.885920842129711	-0.94331039678483	-1.81464076706189	-2.40329421776606	-0.41827741969344	1.97744038032437	1.11444787189211
0.886053237826491	-0.943363288250192	-1.81492444379064	-2.40342496945844	-0.418415260453404	1.97768655580858	1.11439177554247
0.886178237308452	-0.943413251971143	-1.81519225775195	-2.4035484695811	-0.418545424705905	1.97791906374361	1.1143388505848
0.886296029309719	-0.943460360073052	-1.81544461519207	-2.4036648981257	-0.418668106051761	1.9781382447702	1.11428901249562
0.886406804776868	-0.943504685718591	-1.8156819270107	-2.40377443756881	-0.418783500530962	1.97834444412527	1.11424217602764
0.886510756868922	-0.943546303107727	-1.815904608761	-2.40387727287198	-0.418891806622674	1.97853801164193	1.11419825520973
0.886608080957354	-0.943585287477727	-1.8161130806496	-2.40397359148168	-0.418993225245236	1.97871930174948	1.11415716334698
0.886698974626085	-0.943621715103157	-1.8163077675366	-2.40406358332934	-0.419087959756158	1.97888867347342	1.11411881302061
0.886783637671488	-0.943655663295881	-1.81648909893555	-2.40414744083136	-0.419176215952128	1.97904649043542	1.11408311608804
0.88686227210238	-0.943687210405061	-1.81665750901348	-2.40422535888905	-0.419258202069005	1.97919312085336	1.11404998368289
0.886935082140031	-0.943716435817157	-1.81681343659087	-2.40429753488869	-0.419334128781824	1.9793289375413	1.11401932621492
0.887002274218157	-0.943743419955929	-1.81695732514169	-2.40436416870151	-0.419404209204791	1.97945431790948	1.11399105337009
0.887064056982926	-0.943768244282435	-1.81708962279334	-2.40442546268368	-0.419468658891288	1.97956964396435	1.11396507411053
0.887120641292952	-0.943790991295031	-1.81721078232672	-2.40448162167633	-0.41952769583387	1.97967530230853	1.11394129667457
0.8871722402193	-0.943811744529371	-1.81732126117617	-2.40453285300552	-0.419581540464266	1.97977168414083	1.11391962857668
0.887219069045483	-0.943830588558409	-1.81742152142951	-2.40457936648227	-0.419630415653378	1.97985918525628	1.11389997660755
0.887261345267462	-0.943847608992397	-1.81751202982801	-2.40462137440255	-0.419674546711283	1.97993820604605	1.11388224683402
0.887299288593649	-0.943862892478884	-1.81759325776642	-2.40465909154728	-0.419714161387232	1.98000915149753	1.11386634459913
0.887333120944904	-0.943876526702719	-1.81766568129294	-2.40469273518231	-0.419749489869647	1.98007243119431	1.11385217452207
0.887363066454535	-0.94388860038605	-1.81772978110926	-2.40472252505845	-0.419780764786127	1.98012845931614	1.11383964049823
0.8873893514683	-0.943899203288322	-1.8177860425705	-2.40474868341148	-0.419808221203443	1.98017765463897	1.11382864569918
0.887412204544406	-0.943908426206278	-1.81783495568527	-2.4047714349621	-0.419832096627541	1.98022044053495	1.11381909257266
0.887431856453509	-0.943916360973962	-1.81787701511564	-2.40479100691596	-0.41985263100354	1.98025724497241	1.11381088284259
0.887448540178711	-0.943923100462714	-1.81791272017715	-2.40480762896367	-0.419870066715733	1.98028850051587	1.11380391750907
0.887462490915569	-0.943928738581174	-1.81794257483878	-2.40482153328078	-0.419884648587586	1.98031464432604	1.11379809684838
0.887473946072083	-0.94393337027528	-1.817967087723	-2.4048329545278	-0.419896623881741	1.98033611815982	1.11379332041297
0.887483145268704	-0.943937091528268	-1.81798677210574	-2.40484212985017	-0.419906242300011	1.98035336837029	1.11378948703149
0.887490330338334	-0.943939999360673	-1.8180021459164	-2.40484929887829	-0.419913755983384	1.98036684590675	1.11378649480875
0.887495745326321	-0.943942191830329	-1.81801373173782	-2.40485470372751	-0.419919419512023	1.98037700631464	1.11378424112573
0.887499636490463	-0.943943768032367	-1.81802205680633	-2.40485858899813	-0.419923489905262	1.98038430973564	1.11378262263961
0.887502252301007	-0.943944828099218	-1.81802765301173	-2.40486120177538	-0.419926226621612	1.98038922090758	1.11378153528375
0.887503843440649	-0.94394547320061	-1.81803105689725	-2.40486279162946	-0.419927891558756	1.98039220916451	1.11378087426767
0.887504662804535	-0.943945805543571	-1.81803280965962	-2.40486361061552	-0.41992874905355	1.98039374843664	1.11378053407707
0.887504965500256	-0.943945928372427	-1.81803345714903	-2.40486391327362	-0.419929065882026	1.98039431725039	1.11378040847384
0.887505008847856	-0.943945945968801	-1.81803354986911	-2.40486395662883	-0.419929111259388	1.98039439872836	1.11378039049606
