-0.828750332962559	-1.21874236117095	1.76519204634455	-2.37171746353917	0.626428101836862	1.83843912502206	1.84822205064145
-0.828750324766537	-1.2187423619466	1.7651920043378	-2.37171745230914	0.626428102703494	1.83843910059437	1.84822203756659
-0.828750267527403	-1.21874236731122	1.76519171082015	-2.37171737383473	0.626428108746078	1.83843892989871	1.84822194618919
-0.828750112567843	-1.21874238167532	1.76519091573708	-2.37171716124488	0.626428125075014	1.83843846748731	1.8482216986101
-0.828749811609601	-1.21874240925472	1.76518937062287	-2.37171674807584	0.626428156729187	1.8384375688071	1.84822121737017
-0.828749316773473	-1.21874245407055	1.76518682860059	-2.37171606827111	0.626428208675971	1.83843609019971	1.84822042545029
-0.828748580579309	-1.21874251994926	1.7651830443821	-2.37171505618151	0.626428285811225	1.83843388890152	1.84821924627138
-0.828747555946015	-1.21874261052259	1.76517777426805	-2.37171364656511	0.626428392959297	1.83843082304363	1.84821760369437
-0.828746196191552	-1.21874272922761	1.76517077614788	-2.37171177458728	0.626428534873019	1.83842675165184	1.84821542202024
-0.828744455032933	-1.2187428793067	1.76516180949982	-2.37170937582066	0.626428716233714	1.83842153464668	1.84821262598998
-0.828742286586227	-1.21874306380753	1.7651506353909	-2.37170638624519	0.626428941651189	1.83841503284341	1.84820914078463
-0.828739645366559	-1.21874328558312	1.76513701647692	-2.37170274224807	0.626429215663739	1.83840710795201	1.84820489202523
-0.828736486288106	-1.21874354729175	1.76512071700248	-2.37169838062381	0.626429542738145	1.83839762257716	1.84819980577287
-0.8287327646641	-1.21874385139706	1.76510150280099	-2.37169323857417	0.626429927269678	1.83838644021829	1.84819380852866
-0.828728436206829	-1.21874420016798	1.76507914129462	-2.37168725370821	0.626430373582091	1.83837342526953	1.84818682723373
-0.828723457027635	-1.21874459567873	1.76505340149435	-2.37168036404228	0.626430885927629	1.83835844301973	1.84817878926925
-0.828717783636912	-1.21874503980888	1.76502405399994	-2.37167250799999	0.626431468487021	1.83834135965249	1.84816962245642
-0.828711372944112	-1.2187455342433	1.76499087099995	-2.37166362441225	0.626432125369483	1.83832204224609	1.84815925505646
-0.828704182257739	-1.21874608047214	1.76495362627173	-2.37165365251725	0.626432860612721	1.83830035877356	1.8481476157706
-0.828696169285354	-1.2187466797909	1.76491209518141	-2.37164253196045	0.626433678182923	1.83827617810263	1.84813463374014
-0.82868729213357	-1.21874733330037	1.76486605468392	-2.37163020279462	0.626434581974769	1.83824936999578	1.84812023854638
-0.828677509308055	-1.21874804190667	1.76481528332298	-2.37161660547977	0.626435575811423	1.83821980511018	1.84810436021064
-0.828666779713533	-1.2187488063212	1.76475956123109	-2.37160168088323	0.626436663444536	1.83818735499774	1.8480869291943
-0.828655062653781	-1.21874962706071	1.76469867012956	-2.37158537027959	0.626437848554248	1.83815189210507	1.84806787639873
-0.828642317831631	-1.21875050444722	1.76463239332847	-2.37156761535073	0.626439134749184	1.83811328977354	1.84804713316536
-0.828628505348969	-1.21875143860809	1.76456051572671	-2.37154835818582	0.626440525566456	1.8380714222392	1.84802463127562
-0.828613585706737	-1.21875242947598	1.76448282381194	-2.3715275412813	0.626442024471665	1.83802616463285	1.84800030295099
-0.82859751980493	-1.21875347678886	1.76439910566063	-2.37150510754089	0.626443634858897	1.83797739297998	1.84797408085298
-0.828580268942598	-1.21875458009003	1.76430915093803	-2.3714810002756	0.626445360050725	1.83792498420083	1.8479458980831
-0.828561794817845	-1.21875573872806	1.76421275089818	-2.37145516320374	0.626447203298211	1.83786881611035	1.84791568818292
-0.828542059527831	-1.21875695185688	1.76410969838391	-2.37142754045085	0.626449167780902	1.83780876741821	1.84788338513401
-0.828521025568768	-1.2187582184357	1.76399978782685	-2.37139807654981	0.626451256606833	1.8377447177288	1.84784892335799
-0.828498655835926	-1.21875953722905	1.76388281524742	-2.37136671644075	0.626453472812524	1.83767654754124	1.8478122377165
-0.828474913623626	-1.21876090680676	1.76375857825481	-2.37133340547109	0.626455819362986	1.83760413824935	1.8477732635112
-0.828449762625245	-1.21876232554398	1.76362687604702	-2.37129808939553	0.626458299151712	1.8375273721417	1.8477319364838
-0.828423166933214	-1.21876379162119	1.76348750941085	-2.37126071437605	0.626460915000687	1.83744613240155	1.847688192816
-0.828395091039021	-1.21876530302414	1.76334028072185	-2.37122122698192	0.626463669660379	1.83736030310691	1.84764196912957
-0.828365499833205	-1.21876685754393	1.76318499394441	-2.3711795741897	0.626466565809745	1.83726976923049	1.84759320248627
-0.828334358605361	-1.21876845277695	1.76302145463168	-2.3711357033832	0.626469606056229	1.83717441663972	1.84754183038793
-0.828301633044138	-1.2187700861249	1.76284946992561	-2.37108956235354	0.62647279293576	1.83707413209678	1.84748779077637
-0.828267289237241	-1.21877175479481	1.76266884855693	-2.37104109929911	0.626476128912758	1.83696880325853	1.84743102203344
-0.828231293671428	-1.21877345579899	1.76247940084518	-2.3709902628256	0.626479616380125	1.83685831867658	1.84737146298106
-0.828193613232513	-1.21877518595509	1.76228093869868	-2.37093700194596	0.626483257659253	1.83674256779725	1.84730905288112
-0.828154215205361	-1.21877694188606	1.76207327561453	-2.37088126608044	0.626487055000021	1.83662144096157	1.84724373143558
-0.828113067273896	-1.21877872002015	1.76185622667864	-2.37082300505655	0.626491010580795	1.83649482940533	1.84717543878642
-0.828070137521094	-1.21878051659095	1.7616296085657	-2.3707621691091	0.626495126508426	1.83636262525899	1.84710411551562
-0.828025394428986	-1.21878232763733	1.76139323953919	-2.37069870888018	0.626499404818255	1.83622472154776	1.84702970264522
-0.827978806878657	-1.21878414900349	1.76114693945139	-2.37063257541916	0.626503847474107	1.83608101219158	1.84695214163728
-0.827930344150247	-1.21878597633893	1.76089052974336	-2.37056372018269	0.626508456368296	1.83593139200508	1.84687137439389
-0.827879975922951	-1.21878780509846	1.76062383344495	-2.37049209503471	0.626513233321623	1.83577575669763	1.84678734325715
-0.827827672275018	-1.21878963054223	1.7603466751748	-2.37041765224643	0.626518180083374	1.83561400287332	1.84669999100921
-0.827773403683751	-1.21879144773565	1.76005888114036	-2.37034034449635	0.626523298331324	1.83544602803097	1.84660926087223
-0.827717141025507	-1.21879325154949	1.75976027913784	-2.37026012487025	0.626528589671735	1.83527173056409	1.84651509650841
-0.827658855575701	-1.2187950366598	1.75945069855227	-2.3701769468612	0.626534055639354	1.83509100976095	1.84641744201998
-0.827598519008797	-1.21879679754795	1.75912997035745	-2.37009076436954	0.626539697697418	1.83490376580452	1.84631624194919
-0.827536103398319	-1.21879852850063	1.75879792711598	-2.37000153170289	0.626545517237648	1.83470989977248	1.84621144127831
-0.827471581216841	-1.21880022360983	1.75845440297925	-2.36990920357618	0.626551515580253	1.83450931363725	1.84610298542966
-0.827404925335994	-1.21880187677286	1.75809923368743	-2.36981373511158	0.62655769397393	1.83430191026596	1.84599082026557
-0.827336109026464	-1.21880348169232	1.7577322565695	-2.36971508183857	0.626564053595863	1.83408759342048	1.8458748920884
-0.827265105957989	-1.21880503187614	1.75735331054321	-2.36961319969391	0.62657059555172	1.83386626775737	1.84575514764056
-0.827191890199364	-1.21880652063757	1.75696223611511	-2.36950804502164	0.626577320875661	1.83363783882794	1.84563153410444
-0.827116436218437	-1.21880794109515	1.75655887538055	-2.36939957457308	0.626584230530328	1.8334022130782	1.84550399910251
-0.827038718882111	-1.21880928617274	1.75614307202366	-2.36928774550683	0.626591325406853	1.83315929784889	1.84537249069724
-0.826958713456343	-1.21881054859951	1.75571467131736	-2.36917251538877	0.626598606324855	1.83290900137547	1.84523695739112
-0.826876395606145	-1.21881172090994	1.75527352012336	-2.36905384219208	0.626606074032438	1.83265123278813	1.8450973481267
-0.826791741395584	-1.21881279544383	1.75481946689216	-2.36893168429719	0.626613729206194	1.83238590211176	1.84495361228653
-0.826704727287781	-1.21881376434628	1.75435236166307	-2.36880600049185	0.626621572451203	1.83211292026598	1.84480569969319
-0.82661533014491	-1.2188146195677	1.75387205606415	-2.36867674997107	0.626629604301032	1.83183219906514	1.8446535606093
-0.826523527228203	-1.21881535286382	1.7533784033123	-2.36854389233714	0.626637825217732	1.83154365121831	1.84449714573751
-0.826429296197943	-1.21881595579567	1.75287125821317	-2.36840738759963	0.626646235591844	1.83124719032926	1.84433640622047
-0.826332615113469	-1.21881641972961	1.75235047716122	-2.36826719617542	0.626654835742395	1.83094273089651	1.8441712936409
-0.826233462433175	-1.21881673583728	1.75181591813969	-2.36812327888864	0.6266636259169	1.83063018831328	1.84400176002152
-0.826131817014509	-1.21881689509567	1.75126744072064	-2.36797559697072	0.626672606291359	1.83030947886751	1.84382775782507
-0.826027658113973	-1.21881688828706	1.75070490606487	-2.36782411206036	0.626681776970261	1.82998051974189	1.84364923995434
-0.825920965387123	-1.21881670599902	1.75012817692201	-2.36766878620355	0.62669113798658	1.82964322901379	1.84346615975215
-0.825811718888572	-1.21881633862448	1.74953711763048	-2.36750958185357	0.626700689301779	1.82929752565533	1.84327847100132
-0.825699899071986	-1.21881577636163	1.74893159411746	-2.36734646187096	0.626710430805806	1.82894332953334	1.84308612792473
-0.825585486790084	-1.21881500921402	1.74831147389895	-2.36717938952356	0.626720362317098	1.82858056140937	1.84288908518526
-0.825468463294642	-1.21881402699046	1.74767662607973	-2.3670083284865	0.626730483582577	1.82820914293969	1.84268729788584
-0.825348810236489	-1.21881281930511	1.74702692135337	-2.36683324284216	0.626740794277654	1.8278289966753	1.84248072156941
-0.825226509665508	-1.21881137557743	1.74636223200224	-2.36665409708023	0.626751294006226	1.82744004606191	1.84226931221895
-0.825101544030639	-1.21880968503219	1.74568243189748	-2.36647085609768	0.626761982300676	1.82704221543996	1.84205302625747
-0.824973896179875	-1.21880773669946	1.74498739649904	-2.36628348519875	0.626772858621875	1.8266354300446	1.841831820548
-0.824843549360262	-1.21880551941465	1.74427700285566	-2.36609195009498	0.626783922359182	1.82621961600571	1.8416056523936
-0.824710487217902	-1.21880302181844	1.74355112960484	-2.36589621690516	0.626795172830441	1.8257947003479	1.84137447953735
-0.824574693797953	-1.21880023235685	1.74280965697293	-2.36569625215539	0.626806609281984	1.82536061099047	1.84113826016237
-0.824436153544624	-1.21879713928121	1.742052466775	-2.36549202277906	0.62681823088863	1.82491727674747	1.84089695289181
-0.824294851301182	-1.21879373064816	1.74127944241497	-2.36528349611681	0.626830036753686	1.82446462732766	1.84065051678884
-0.824150772309945	-1.21878999431963	1.74049046888552	-2.36507063991658	0.626842025908943	1.82400259333453	1.84039891135665
-0.82400390221229	-1.21878591796289	1.73968543276813	-2.3648534223336	0.626854197314681	1.82353110626626	1.84014209653848
-0.823854227048643	-1.2187814890505	1.73886422223306	-2.36463181193037	0.626866549859669	1.8230500985158	1.83988003271758
-0.82370173325849	-1.21877669486035	1.73802672703937	-2.36440577767668	0.626879082361158	1.82255950337077	1.83961268071722
-0.823546407680367	-1.21877152247562	1.73717283853492	-2.36417528894959	0.626891793564891	1.82205925501356	1.83934000180073
-0.823388237551868	-1.21876595878482	1.73630244965633	-2.36394031553346	0.626904682145095	1.82154928852123	1.83906195767145
-0.823227210509638	-1.21875999048176	1.73541545492905	-2.36370082761991	0.626917746704485	1.82102953986561	1.83877851047273
-0.82306331458938	-1.21875360406556	1.73451175046728	-2.36345679580787	0.626930985774262	1.82049994591321	1.83848962278797
-0.822896538225849	-1.21874678584066	1.73359123397405	-2.36320819110352	0.626944397814115	1.8199604444253	1.83819525764059
-0.822726870252855	-1.2187395219168	1.73265380474115	-2.36295498492035	0.62695798121222	1.81941097405782	1.83789537849405
-0.822554299903265	-1.21873179820903	1.73169936364918	-2.36269714907912	0.626971734285241	1.81885147436149	1.83758994925183
-0.822378816808995	-1.21872360043774	1.73072781316752	-2.36243465580788	0.626985655278325	1.8182818857817	1.83727893425742
-0.822200411001022	-1.21871491412859	1.72973905735434	-2.36216747774194	0.626999742365111	1.8177021496586	1.83696229829436
-0.822019072909373	-1.21870572461258	1.7287330018566	-2.36189558792391	0.627013993647722	1.81711220822703	1.83664000658622
-0.821834793363132	-1.218696017026	1.72770955391007	-2.3616189598037	0.627028407156768	1.81651200461656	1.83631202479658
-0.821647563590434	-1.21868577631047	1.72666862233928	-2.36133756723845	0.627042980851348	1.8159014828515	1.83597831902906
-0.821457375218473	-1.21867498721291	1.72561011755758	-2.36105138449264	0.627057712619046	1.81528058785086	1.83563885582731
-0.821264220273494	-1.21866363428556	1.72453395156708	-2.360760386238	0.627072600275933	1.81464926542837	1.835293602175
-0.821068091180799	-1.21865170188596	1.72344003795871	-2.36046454755355	0.627087641566568	1.81400746229249	1.83494252549582
-0.820868980764743	-1.21863917417696	1.72232829191217	-2.36016384392558	0.627102834163998	1.81335512604641	1.83458559365352
-0.820666882248736	-1.21862603512674	1.72119863019596	-2.35985825124769	0.627118175669753	1.81269220518801	1.83422277495183
-0.820461789255241	-1.21861226850876	1.72005097116737	-2.35954774582073	0.627133663613855	1.81201864910993	1.83385403813456
-0.820253695805779	-1.21859785790183	1.71888523477248	-2.35923230435285	0.627149295454809	1.8113344080995	1.83347935238551
-0.820042596320922	-1.21858278669003	1.71770134254616	-2.35891190395949	0.62716506857961	1.81063943333878	1.83309868732853
-0.819828485620299	-1.21856703806279	1.71649921761206	-2.35858652216335	0.627180980303737	1.80993367690455	1.83271201302747
-0.819611358922591	-1.21855059501482	1.71527878468265	-2.35825613689443	0.627197027871158	1.80921709176833	1.83231929998624
-0.819391211845535	-1.21853344034616	1.71403997005915	-2.35792072649	0.627213208454329	1.80848963179633	1.83192051914875
-0.819168040405924	-1.21851555666215	1.71278270163161	-2.35758026969463	0.627229519154189	1.8077512517495	1.83151564189897
-0.818941841019601	-1.21849692637344	1.71150690887885	-2.35723474566014	0.627245957000169	1.80700190728351	1.83110464006087
-0.818712610501469	-1.21847753169601	1.71021252286847	-2.35688413394568	0.627262518950182	1.80624155494874	1.83068748589846
-0.818480346065482	-1.21845735465113	1.70889947625689	-2.35652841451764	0.627279201890633	1.8054701521903	1.83026415211577
-0.818245045324649	-1.21843637706538	1.70756770328929	-2.3561675677497	0.627296002636409	1.80468765734802	1.82983461185687
-0.818006706291034	-1.21841458057068	1.70621713979967	-2.35580157442284	0.627312917930889	1.80389402965645	1.82939883870584
-0.817765327375756	-1.21839194660422	1.7048477232108	-2.35543041572531	0.627329944445934	1.80308922924486	1.82895680668682
-0.817520907388987	-1.21836845640853	1.70345939253423	-2.35505407325264	0.627347078781896	1.80227321713725	1.82850849026393
-0.817273445539954	-1.21834409103144	1.70205208837034	-2.35467252900765	0.627364317467612	1.80144595525231	1.82805386434136
-0.81702294143694	-1.2183188313261	1.70062575290827	-2.35428576540043	0.627381656960407	1.8006074064035	1.82759290426331
-0.816769395087281	-1.21829265795096	1.69918032992595	-2.35389376524837	0.627399093646091	1.79975753429896	1.82712558581402
-0.816512806897367	-1.21826555136978	1.69771576479012	-2.35349651177613	0.627416623838963	1.79889630354156	1.82665188521773
-0.816253177672645	-1.21823749185165	1.69623200445629	-2.35309398861565	0.627434243781809	1.79802367962891	1.82617177913873
-0.815990508617613	-1.21820845947095	1.69472899746877	-2.35268617980616	0.6274519496459	1.79713962895332	1.82568524468134
-0.815724801335826	-1.21817843410737	1.69320669396066	-2.35227306979416	0.627469737530997	1.79624411880182	1.8251922593899
-0.815456057829894	-1.21814739544594	1.69166504565386	-2.35185464343346	0.627487603465345	1.79533711735618	1.82469280124878
-0.815184280501479	-1.21811532297696	1.69010400585904	-2.35143088598511	0.627505543405678	1.79441859369288	1.82418684868238
-0.814909472151298	-1.21808219599608	1.68852352947568	-2.35100178311749	0.627523553237216	1.79348851778311	1.82367438055512
-0.814631635979126	-1.21804799360423	1.68692357299204	-2.35056732090622	0.627541628773666	1.7925468604928	1.82315537617146
-0.814350775583788	-1.21801269470767	1.68530409448517	-2.35012748583422	0.627559765757223	1.79159359358259	1.82262981527587
-0.814066894963166	-1.21797627801796	1.68366505362092	-2.3496822647917	0.627577959858568	1.79062868970784	1.82209767805286
-0.813779998514195	-1.21793872205198	1.68200641165392	-2.34923164507614	0.627596206676869	1.78965212241863	1.82155894512698
-0.813490091032866	-1.21790000513192	1.68032813142759	-2.34877561439231	0.627614501739781	1.78866386615978	1.82101359756278
-0.813197177714223	-1.21786010538527	1.67863017737415	-2.34831416085225	0.627632840503447	1.7876638962708	1.82046161686486
-0.812901264152367	-1.21781900074484	1.67691251551461	-2.34784727297529	0.627651218352495	1.78665218898595	1.81990298497784
-0.81260235634045	-1.21777666894876	1.67517511345876	-2.34737493968806	0.627669630600043	1.78562872143418	1.81933768428637
-0.812300460670682	-1.21773308754045	1.67341794040519	-2.34689715032444	0.627688072487692	1.78459347163919	1.81876569761512
-0.811995583934324	-1.21768823386866	1.67164096714127	-2.34641389462561	0.627706539185534	1.78354641851939	1.8181870082288
-0.811687733321695	-1.21764208508743	1.66984416604319	-2.34592516274003	0.627725025792146	1.78248754188791	1.81760159983214
-0.811376916422166	-1.21759461815615	1.66802751107588	-2.34543094522345	0.62774352733459	1.7814168224526	1.81700945656989
-0.811063141224164	-1.21754580983947	1.66619097779311	-2.34493123303887	0.62776203876842	1.78033424181602	1.81641056302685
-0.810746416115168	-1.21749563670738	1.66433454333742	-2.34442601755662	0.627780554977672	1.77923978247548	1.81580490422784
-0.810426749881715	-1.21744407513519	1.66245818644013	-2.34391529055428	0.627799070774872	1.77813342782298	1.81519246563768
-0.810104151709395	-1.2173911013035	1.66056188742136	-2.34339904421672	0.627817580901033	1.77701516214526	1.81457323316127
-0.809778631182851	-1.21733669119824	1.65864562819003	-2.34287727113609	0.627836080025652	1.77588497062378	1.81394719314348
-0.809450198285783	-1.21728082061062	1.65670939224384	-2.34234996431183	0.627854562746716	1.77474283933471	1.81331433236926
-0.809118863400943	-1.21722346513719	1.65475316466928	-2.34181711715065	0.627873023590699	1.77358875524894	1.81267463806355
-0.80878463731014	-1.21716460017981	1.65277693214164	-2.34127872346655	0.627891457012559	1.77242270623211	1.81202809789135
-0.808447531194236	-1.21710420094564	1.65078068292499	-2.34073477748082	0.627909857395745	1.77124468104453	1.81137469995765
-0.808107556633148	-1.21704224244716	1.64876440687219	-2.34018527382201	0.62792821905219	1.77005466934129	1.81071443280749
-0.807764725605847	-1.21697869950214	1.6467280954249	-2.33963020752598	0.627946536222316	1.76885266167214	1.81004728542596
-0.807419050490358	-1.21691354673368	1.64467174161356	-2.33906957403585	0.627964803075029	1.76763864948161	1.80937324723812
-0.807070544063763	-1.2168467585702	1.64259534005742	-2.33850336920202	0.627983013707726	1.7664126251089	1.80869230810912
-0.806719219502196	-1.21677830924541	1.64049888696449	-2.3379315892822	0.628001162146288	1.76517458178796	1.80800445834409
-0.806365090380845	-1.21670817279835	1.6383823801316	-2.33735423094136	0.628019242345083	1.76392451364746	1.80730968868822
-0.806008170673956	-1.21663632307334	1.63624581894435	-2.33677129125175	0.628037248186969	1.76266241571078	1.80660799032672
-0.805648474754826	-1.21656273372005	1.63408920437715	-2.33618276769291	0.628055173483288	1.76138828389602	1.8058993548848
-0.805286017395809	-1.21648737819344	1.63191253899318	-2.33558865815166	0.628073011973869	1.76010211501602	1.80518377442774
-0.80492081376831	-1.21641022975378	1.62971582694441	-2.33498896092211	0.628090757327031	1.75880390677832	1.80446124146083
-0.804552879442793	-1.21633126146665	1.62749907397163	-2.33438367470564	0.628108403139575	1.75749365778519	1.80373174892938
-0.804182230388773	-1.21625044620296	1.62526228740439	-2.33377279861092	0.628125942936794	1.75617136753361	1.80299529021873
-0.803808882974822	-1.2161677566389	1.62300547616105	-2.33315633215389	0.628143370172466	1.75483703641531	1.80225185915427
-0.803432853968564	-1.216083165256	1.62072865074874	-2.33253427525779	0.628160678228854	1.7534906657167	1.80150145000138
-0.803054160536679	-1.21599664434109	1.6184318232634	-2.33190662825314	0.628177860416712	1.75213225761894	1.8007440574655
-0.802672820244902	-1.2159081659863	1.61611500738975	-2.33127339187773	0.628194909975277	1.75076181519791	1.79997967669208
-0.802288851058022	-1.21581770208909	1.6137782184013	-2.33063456727663	0.628211820072275	1.74937934242419	1.79920830326661
-0.801902271339881	-1.21572522435222	1.61142147316037	-2.32999015600221	0.62822858380392	1.74798484416311	1.7984299332146
-0.801513099853377	-1.21563070428377	1.60904479011804	-2.32934016001411	0.628245194194912	1.74657832617469	1.79764456300159
-0.801121355760463	-1.2155341131971	1.6066481893142	-2.32868458167926	0.628261644198435	1.7451597951137	1.79685218953315
-0.800727058622146	-1.21543542221093	1.60423169237753	-2.32802342377185	0.628277926696166	1.7437292585296	1.79605281015487
-0.800330228398487	-1.21533460224926	1.60179532252549	-2.32735668947339	0.628294034498264	1.74228672486661	1.79524642265237
-0.799930885448601	-1.21523162404141	1.59933910456434	-2.32668438237265	0.628309960343377	1.74083220346363	1.79443302525131
-0.799529050530659	-1.215126458122	1.59686306488913	-2.32600650646566	0.628325696898639	1.73936570455431	1.79361261661737
-0.799124744801886	-1.21501907483097	1.5943672314837	-2.32532306615578	0.628341236759673	1.73788723926701	1.79278519585625
-0.79871798981856	-1.21490944431357	1.59185163392067	-2.32463406625362	0.628356572450588	1.7363968196248	1.79195076251368
-0.798308807536016	-1.21479753652037	1.58931630336147	-2.32393951197708	0.628371696423977	1.7348944585455	1.79110931657544
-0.797897220308642	-1.21468332120724	1.5867612725563	-2.32323940895135	0.628386601060926	1.73338016984162	1.79026085846731
-0.797483250889881	-1.21456676793536	1.58418657584417	-2.32253376320888	0.628401278671002	1.73185396822042	1.7894053890551
-0.79706692243223	-1.21444784607123	1.58159224915286	-2.32182258118942	0.628415721492264	1.73031586928384	1.78854290964467
-0.79664825848724	-1.21432652478664	1.57897832999896	-2.32110586974	0.628429921691253	1.72876588952859	1.78767342198189
-0.796227283005518	-1.21420277305873	1.57634485748785	-2.32038363611494	0.628443871363002	1.72720404634606	1.78679692825266
-0.795804020336725	-1.21407655966991	1.57369187231368	-2.31965588797582	0.628457562531027	1.72563035802239	1.78591343108291
-0.795378495229576	-1.21394785320792	1.57101941675941	-2.31892263339153	0.628470987147333	1.72404484373842	1.7850229335386
-0.794950732831841	-1.21381662206582	1.56832753469678	-2.31818388083821	0.628484137092411	1.72244752356973	1.78412543912572
-0.794520758690344	-1.21368283444196	1.56561627158633	-2.31743963919931	0.628497004175241	1.72083841848659	1.78322095179027
-0.794088598750964	-1.21354645834002	1.56288567447738	-2.31668991776555	0.628509580133288	1.71921755035403	1.7823094759183
-0.793654279358633	-1.21340746156898	1.56013579200805	-2.31593472623494	0.628521856632504	1.71758494193178	1.78139101633588
-0.793217827257341	-1.21326581174314	1.55736667440524	-2.31517407471276	0.628533825267329	1.71594061687429	1.7804655783091
-0.792779269590128	-1.21312147628209	1.55457837348465	-2.31440797371158	0.628545477560689	1.71428459973072	1.77953316754409
-0.792338633899092	-1.21297442241075	1.55177094265078	-2.31363643415124	0.628556804963997	1.71261691594499	1.778593790187
-0.791895948125384	-1.21282461715936	1.54894443689689	-2.31285946735889	0.628567798857155	1.7109375918557	1.77764745282402
-0.79145124060921	-1.21267202736344	1.54609891280506	-2.31207708506894	0.62857845054855	1.70924665469618	1.77669416248134
-0.79100454008983	-1.21251661966386	1.54323442854614	-2.31128929942308	0.628588751275056	1.70754413259451	1.77573392662522
-0.790555875705559	-1.21235836050676	1.54035104387979	-2.3104961229703	0.628598692202034	1.70583005457345	1.7747667531619
-0.790105276993765	-1.21219721614362	1.53744882015445	-2.30969756866685	0.628608264423333	1.7041044505505	1.77379265043769
-0.789652773890874	-1.21203315263123	1.53452782030734	-2.30889364987628	0.628617458961289	1.70236735133788	1.7728116272389
-0.789198396732362	-1.21186613583166	1.5315881088645	-2.30808438036942	0.628626266766723	1.70061878864254	1.77182369279189
-0.788742176252763	-1.21169613141234	1.52862975194072	-2.30726977432437	0.628634678718946	1.69885879506614	1.77082885676302
-0.788284143585664	-1.21152310484597	1.52565281723962	-2.30644984632652	0.628642685625753	1.69708740410505	1.76982712925869
-0.787824330263706	-1.21134702141058	1.52265737405358	-2.30562461136855	0.628650278223428	1.69530465015039	1.76881852082535
-0.787362768218587	-1.21116784618951	1.5196434932638	-2.30479408485041	0.628657447176741	1.69351056848798	1.76780304244945
-0.786899489781056	-1.21098554407141	1.51661124734024	-2.30395828257934	0.62866418307895	1.69170519529835	1.76678070555748
-0.786434527680919	-1.21080007975023	1.51356071034168	-2.30311722076985	0.628670476451799	1.68988856765679	1.76575152201595
-0.785967915047036	-1.21061141772524	1.51049195791566	-2.30227091604375	0.628676317745518	1.68806072353326	1.76471550413141
-0.785499685407321	-1.21041952230104	1.50740506729853	-2.30141938543013	0.628681697338828	1.68622170179249	1.76367266465042
-0.785029872688742	-1.2102243575875	1.50430011731544	-2.30056264636533	0.628686605538932	1.68437154219391	1.76262301675958
-0.784558511217323	-1.21002588749984	1.5011771883803	-2.29970071669303	0.628691032581522	1.68251028539165	1.76156657408553
-0.784085635718141	-1.20982407575856	1.49803636249583	-2.29883361466413	0.62869496863078	1.68063797293459	1.7605033506949
-0.783611281315329	-1.2096188858895	1.49487772325355	-2.29796135893687	0.628698403779369	1.67875464726633	1.7594333610944
-0.783135483532074	-1.20941028122379	1.49170135583376	-2.29708396857672	0.628701328048445	1.67686035172517	1.75835662023072
-0.782658278290616	-1.20919822489788	1.48850734700553	-2.29620146305647	0.628703731387646	1.67495513054415	1.75727314349061
-0.782179701912252	-1.20898267985352	1.48529578512676	-2.29531386225617	0.6287056036751	1.67303902885102	1.75618294670082
-0.781699791117331	-1.20876360883779	1.48206676014411	-2.29442118646317	0.628706934717422	1.67111209266826	1.75508604612816
-0.781218583025259	-1.20854097440306	1.47882036359305	-2.29352345637209	0.628707714249712	1.66917436891306	1.75398245847944
-0.780736115154494	-1.20831473890704	1.47555668859783	-2.29262069308483	0.628707931935559	1.66722590539733	1.75287220090152
-0.78025242542255	-1.20808486451271	1.47227582987149	-2.29171291811059	0.628707577367037	1.66526675082773	1.75175529098127
-0.779767552145996	-1.20785131318841	1.46897788371586	-2.29080015336582	0.628706640064709	1.6632969548056	1.75063174674559
-0.779281534040455	-1.20761404670774	1.46566294802156	-2.28988242117429	0.628705109477625	1.66131656782702	1.74950158666142
-0.778794410220602	-1.20737302664964	1.46233112226802	-2.28895974426703	0.628702974983319	1.6593256412828	1.74836482963572
-0.778306220200171	-1.20712821439838	1.45898250752344	-2.28803214578234	0.628700225887816	1.65732422745845	1.74722149501548
-0.777817003891946	-1.20687957114349	1.4556172064448	-2.28709964926584	0.628696851425625	1.65531237953422	1.74607160258772
-0.77732680160777	-1.20662705787985	1.45223532327791	-2.2861622786704	0.628692840759743	1.65329015158507	1.74491517257947
-0.776835654058537	-1.20637063540764	1.44883696385733	-2.28522005835618	0.628688182981655	1.65125759858068	1.74375222565781
-0.776343602354198	-1.20611026433235	1.44542223560643	-2.28427301309063	0.628682867111331	1.64921477638546	1.74258278292984
-0.775850688003755	-1.20584590506479	1.44199124753737	-2.28332116804848	0.62867688209723	1.64716174175854	1.74140686594269
-0.775356952915268	-1.20557751782106	1.4385441102511	-2.28236454881173	0.628670216816296	1.64509855235375	1.74022449668351
-0.77486243939585	-1.2053050626226	1.43508093593735	-2.28140318136968	0.628662860073962	1.64302526671967	1.7390356975795
-0.774367190151668	-1.20502849929613	1.43160183837466	-2.2804370921189	0.628654800604146	1.64094194429958	1.73784049149785
-0.773871248287946	-1.2047477874737	1.42810693293035	-2.27946630786324	0.628646027069255	1.63884864543149	1.7366389017458
-0.773374657308959	-1.20446288659267	1.42459633656053	-2.27849085581384	0.628636528060181	1.63674543134814	1.73543095207064
-0.772877461118039	-1.20417375589571	1.42107016781009	-2.27751076358913	0.628626292096304	1.63463236417698	1.73421666665964
-0.772379704017572	-1.2038803544308	1.41752854681274	-2.27652605921481	0.628615307625492	1.63250950694016	1.73299607014014
-0.771881430708997	-1.20358264105122	1.41397159529095	-2.27553677112385	0.628603563024098	1.6303769235546	1.73176918757948
-0.77138268629281	-1.20328057441559	1.41039943655599	-2.27454292815653	0.628591046596963	1.62823467883189	1.73053604448504
-0.770883516268559	-1.2029741129878	1.40681219550793	-2.2735445595604	0.628577746577415	1.62608283847838	1.72929666680423
-0.770383966534848	-1.20266321503709	1.40320999863563	-2.27254169499028	0.628563651127269	1.62392146909512	1.72805108092448
-0.769884083389336	-1.20234783863799	1.39959297401673	-2.27153436450829	0.628548748336827	1.62175063817789	1.72679931367326
-0.769383913528735	-1.20202794167034	1.39596125131766	-2.27052259858382	0.628533026224877	1.61957041411717	1.72554139231806
-0.768883504048812	-1.20170348181931	1.39231496179364	-2.26950642809356	0.628516472738696	1.6173808661982	1.72427734456639
-0.768382902444389	-1.20137441657536	1.38865423828871	-2.26848588432146	0.628499075754047	1.61518206460091	1.72300719856579
-0.767882156609342	-1.20104070323426	1.38497921523566	-2.26746099895876	0.628480823075178	1.61297408039995	1.72173098290385
-0.767381314836602	-1.20070229889711	1.38129002865608	-2.26643180410399	0.628461702434827	1.61075698556471	1.72044872660816
-0.766880425818154	-1.20035916047031	1.37758681616038	-2.26539833226295	0.628441701494218	1.60853085295929	1.71916045914636
-0.766379538645038	-1.20001124466557	1.37386971694772	-2.26436061634874	0.628420807843062	1.60629575634252	1.71786621042609
-0.765878702807348	-1.19965850799991	1.37013887180609	-2.26331868968172	0.628399008999556	1.60405177036792	1.71656601079505
-0.765377968194232	-1.19930090679567	1.36639442311222	-2.26227258598954	0.628376292410385	1.60179897058378	1.71525989104095
-0.764877385093894	-1.1989383971805	1.36263651483169	-2.26122233940714	0.628352645450721	1.59953743343306	1.71394788239153
-0.764377004193591	-1.19857093508734	1.35886529251882	-2.26016798447675	0.628328055424222	1.59726723625349	1.71263001651456
-0.763876876579636	-1.19819847625446	1.35508090331676	-2.25910955614785	0.628302509563034	1.59498845727748	1.71130632551782
-0.763377053737395	-1.19782097622545	1.35128349595741	-2.25804708977722	0.628275995027791	1.59270117563218	1.70997684194916
-0.762877587551289	-1.19743839034918	1.3474732207615	-2.25698062112894	0.628248498907611	1.59040547133946	1.70864159879642
-0.762378530304794	-1.19705067377987	1.34365022963853	-2.25591018637435	0.628220008220101	1.58810142531591	1.70730062948748
-0.761879934680441	-1.19665778147703	1.33981467608679	-2.25483582209208	0.628190509911355	1.58578911937284	1.70595396789025
-0.761381853759813	-1.19625966820546	1.33596671519337	-2.25375756526803	0.628159990855954	1.58346863621628	1.70460164831266
-0.76088434102355	-1.19585628853532	1.33210650363414	-2.25267545329539	0.628128437856965	1.58114005944698	1.70324370550268
-0.760387450351346	-1.19544759684204	1.32823419967377	-2.25158952397466	0.628095837645943	1.57880347356041	1.7018801746483
-0.759891236021949	-1.19503354730637	1.32434996316571	-2.25049981551357	0.62806217688293	1.57645896394677	1.70051109137754
-0.759395752713161	-1.19461409391439	1.32045395555221	-2.24940636652717	0.628027442156453	1.57410661689097	1.69913649175845
-0.75890105550184	-1.19418919045747	1.31654633986431	-2.24830921603778	0.627991619983529	1.57174651957265	1.69775641229909
-0.758407199863897	-1.1937587905323	1.31262728072184	-2.24720840347501	0.627954696809661	1.56937876006616	1.69637088994759
-0.757914241674299	-1.19332284754087	1.30869694433341	-2.24610396867573	0.627916659008837	1.56700342734058	1.69497996209205
-0.757422237207066	-1.19288131469051	1.30475549849644	-2.24499595188412	0.627877492883534	1.56462061125971	1.69358366656065
-0.756931243135273	-1.19243414499383	1.30080311259712	-2.24388439375163	0.627837184664716	1.56223040258207	1.69218204162157
-0.756441316531049	-1.19198129126876	1.29683995761044	-2.24276933533698	0.627795720511834	1.55983289296088	1.69077512598303
-0.75595251486558	-1.19152270613854	1.29286620610019	-2.2416508181062	0.627753086512825	1.55742817494413	1.68936295879326
-0.755464896009104	-1.19105834203174	1.28888203221893	-2.24052888393258	0.627709268684113	1.55501634197448	1.68794557964054
-0.754978518230913	-1.19058815118221	1.28488761170803	-2.23940357509669	0.627664252970609	1.55259748838935	1.68652302855316
-0.754493440199356	-1.19011208562914	1.28088312189764	-2.23827493428641	0.627618025245714	1.55017170942084	1.68509534599946
-0.754009720981834	-1.189630097217	1.27686874170671	-2.23714300459686	0.62757057131131	1.54773910119581	1.68366257288778
-0.753527420044805	-1.18914213759561	1.27284465164296	-2.23600782953048	0.627521876897772	1.54529976073582	1.6822247505665
-0.753046597253779	-1.18864815822006	1.26881103380293	-2.23486945299698	0.627471927663959	1.54285378595716	1.68078192082405
-0.752567312873322	-1.18814811035078	1.26476807187192	-2.23372791931334	0.627420709197217	1.54040127567084	1.67933412588884
-0.752089627567054	-1.18764194505351	1.26071595112405	-2.23258327320383	0.627368207013379	1.53794232958257	1.67788140842935
-0.75161360239765	-1.18712961319928	1.2566548584222	-2.23143555980001	0.627314406556766	1.53547704829281	1.67642381155408
-0.751139298826838	-1.18661106546445	1.25258498221807	-2.23028482464072	0.627259293200185	1.53300553329673	1.67496137881153
-0.750666778715404	-1.18608625233068	1.24850651255213	-2.22913111367207	0.627202852244931	1.53052788698422	1.67349415419027
-0.750196104323184	-1.18555512408495	1.24441964105365	-2.22797447324746	0.627145068920785	1.52804421263989	1.67202218211886
-0.749727338309071	-1.18501763081954	1.24032456094069	-2.22681495012758	0.627085928386015	1.52555461444307	1.67054550746592
-0.749260543731013	-1.18447372243206	1.2362214670201	-2.22565259148039	0.627025415727377	1.52305919746782	1.66906417554007
-0.74879578404601	-1.18392334862541	1.23211055568751	-2.22448744488114	0.626963515960112	1.5205580676829	1.66757823208997
-0.74833312311012	-1.18336645890781	1.22799202492736	-2.22331955831236	0.626900214027951	1.51805133195181	1.66608772330432
-0.747872625178453	-1.1828030025928	1.22386607431287	-2.22214898016385	0.626835494803109	1.51553909803277	1.66459269581182
-0.747414354905174	-1.18223292879921	1.21973290500605	-2.22097575923272	0.62676934308629	1.51302147457872	1.66309319668123
-0.746958377343502	-1.18165618645121	1.2155927197577	-2.21979994472333	0.626701743606684	1.5104985711373	1.66158927342131
-0.746504757945712	-1.18107272427824	1.21144572290741	-2.21862158624734	0.626632681021968	1.50797049815091	1.66008097398087
-0.746053562563132	-1.18048249081509	1.20729212038357	-2.21744073382371	0.626562139918307	1.50543736695663	1.65856834674872
-0.745604857446145	-1.17988543440185	1.20313211970335	-2.21625743787864	0.626490104810351	1.50289928978629	1.65705144055373
-0.745158709244189	-1.17928150318391	1.19896592997271	-2.21507174924564	0.626416560141239	1.50035637976642	1.65553030466478
-0.744715185005757	-1.17867064511198	1.19479376188641	-2.2138837191655	0.626341490282597	1.4978087509183	1.65400498879078
-0.744274352178394	-1.17805280794208	1.19061582772799	-2.21269339928629	0.626264879534536	1.49525651815789	1.65247554308066
-0.743836278608702	-1.17742793923554	1.18643234136979	-2.21150084166335	0.626186712125655	1.49269979729591	1.65094201812341
-0.743401032542337	-1.176795986359	1.18224351827294	-2.21030609875933	0.62610697221304	1.49013870503778	1.649404464948
-0.742968682624008	-1.17615689648441	1.17804957548735	-2.20910922344413	0.626025643882266	1.48757335898364	1.64786293502346
-0.74253929789748	-1.17551061658905	1.17385073165174	-2.20791026899496	0.625942711147391	1.48500387762837	1.64631748025885
-0.742112947805572	-1.17485709345547	1.16964720699359	-2.20670928909629	0.625858157950963	1.48243038036154	1.64476815300323
-0.741689702190159	-1.17419627367157	1.1654392233292	-2.20550633783989	0.625771968164017	1.47985298746746	1.64321500604573
-0.741269631292167	-1.17352810363054	1.16122700406364	-2.20430146972479	0.625684125586072	1.47727182012516	1.64165809261546
-0.74085280575158	-1.1728525295309	1.1570107741908	-2.20309473965733	0.625594613945138	1.4746870004084	1.64009746638159
-0.740439296607434	-1.17216949737645	1.15279076029332	-2.20188620295112	0.625503416897709	1.47209865128564	1.63853318145332
-0.740029175297822	-1.17147895297634	1.14856719054266	-2.20067591532704	0.625410518028768	1.46950689662007	1.63696529237985
-0.739622513659889	-1.17078084194499	1.14434029469906	-2.19946393291327	0.625315900851783	1.46691186116961	1.63539385415044
-0.739219383929836	-1.17007510970217	1.14011030411155	-2.19825031224526	0.62521954880871	1.46431367058688	1.63381892219436
-0.738819858742918	-1.16936170147293	1.13587745171795	-2.19703511026575	0.625121445269992	1.46171245141925	1.6322405523809
-0.738424011133445	-1.16864056228765	1.13164197204489	-2.19581838432475	0.62502157353456	1.45910833110878	1.63065880101941
-0.73803191453478	-1.16791163698202	1.12740410120775	-2.19460019217958	0.624919916829831	1.45650143799227	1.62907372485922
-0.737643642779343	-1.16717487019702	1.12316407691074	-2.19338059199481	0.624816458311708	1.45389190130125	1.62748538108974
-0.737259270098606	-1.16643020637897	1.11892213844685	-2.19215964234232	0.624711181064582	1.45127985116193	1.62589382734036
-0.736878871123097	-1.16567758977948	1.11467852669784	-2.19093740220123	0.624604068101332	1.44866541859529	1.62429912168054
-0.736502520882398	-1.16491696445549	1.11043348413429	-2.189713930958	0.624495102363321	1.44604873551701	1.62270132261973
-0.736130294805146	-1.16414827426923	1.10618725481554	-2.18848928840633	0.624384266720403	1.44342993473747	1.62110048910744
-0.735762268719031	-1.16337146288826	1.10194008438976	-2.18726353474721	0.624271543970916	1.44080914996181	1.61949668053319
-0.7353985188508	-1.16258647378543	1.09769222009387	-2.18603673058893	0.624156916841686	1.43818651578986	1.61788995672653
-0.735039121826252	-1.16179325023892	1.0934439107536	-2.18480893694703	0.624040367988025	1.43556216771619	1.61628037795704
-0.734684154670242	-1.16099173533221	1.08919540678348	-2.18358021524437	0.623921879993734	1.43293624213009	1.61466800493433
-0.73433369480668	-1.16018187195411	1.08494696018681	-2.18235062731106	0.6238014353711	1.43030887631554	1.61305289880803
-0.733987820058527	-1.1593636027987	1.08069882455569	-2.18112023538451	0.623679016560896	1.42768020845129	1.61143512116781
-0.733646608647804	-1.15853687036543	1.07645125507102	-2.17988910210941	0.623554605932384	1.42505037761077	1.60981473404335
-0.733310139195582	-1.157701616959	1.07220450850248	-2.17865729053773	0.62342818578331	1.42241952376215	1.60819179990439
-0.732978490721988	-1.15685778468946	1.06795884320853	-2.17742486412872	0.62329973833991	1.41978778776833	1.60656638166065
-0.732651742646204	-1.15600531547216	1.06371451913644	-2.17619188674891	0.623169245756906	1.4171553113869	1.60493854266193
-0.732329974786466	-1.15514415102776	1.05947179782227	-2.17495842267212	0.623036690117506	1.4145222372702	1.60330834669801
-0.732013267360064	-1.15427423288224	1.05523094239085	-2.17372453657945	0.622902053433406	1.41188870896529	1.60167585799873
-0.731701700983345	-1.15339550236687	1.05099221755583	-2.17249029355928	0.622765317644789	1.40925487091392	1.60004114123396
-0.731395339705599	-1.15250791270242	1.04675585025124	-2.17125575360061	0.622626469809117	1.40662085523537	1.59840425013881
-0.731094179977733	-1.15161146531647	1.04252191099682	-2.17002095493732	0.622485517691346	1.40398674177653	1.59676519324275
-0.730798201317795	-1.15070617370455	1.03829043107631	-2.16878593033053	0.622342474239263	1.40135259724161	1.59512396773715
-0.730507383243839	-1.14979205136218	1.03406144177347	-2.16755071254142	0.622197352400659	1.39871848833484	1.59348057081339
-0.730221705273916	-1.1488691117849	1.02983497437203	-2.16631533433111	0.62205016512332	1.39608448176042	1.59183499966283
-0.729941146926076	-1.14793736846824	1.02561106015576	-2.16507982846076	0.621900925355036	1.39345064422259	1.59018725147686
-0.729665687718373	-1.14699683490771	1.02138973040839	-2.16384422769152	0.621749646043595	1.39081704242556	1.58853732344683
-0.729395307168857	-1.14604752459885	1.01717101641368	-2.16260856478453	0.621596340136786	1.38818374307355	1.58688521276413
-0.729129984795579	-1.14508945103718	1.01295494945538	-2.16137287250094	0.621441020582398	1.38555081287079	1.58523091662013
-0.728869700116592	-1.14412262771824	1.00874156081722	-2.1601371836019	0.621283700328218	1.38291831852148	1.5835744322062
-0.728614432649947	-1.14314706813754	1.00453088178297	-2.15890153084855	0.621124392322035	1.38028632672986	1.58191575671372
-0.728364161913695	-1.14216278579062	1.00032294363637	-2.15766594700204	0.620963109511638	1.37765490420014	1.58025488733405
-0.728118867425888	-1.141169794173	0.996117777661167	-2.15643046482352	0.620799864844816	1.37502411763654	1.57859182125857
-0.727878528704577	-1.14016810678021	0.991915415141111	-2.15519511707414	0.620634671269356	1.37239403374328	1.57692655567865
-0.727643125267814	-1.13915773710778	0.98771588735995	-2.15395993651504	0.620467541733048	1.36976471922458	1.57525908778566
-0.727412636633651	-1.13813869865123	0.983519225601433	-2.15272495590738	0.62029848918368	1.36713624078467	1.57358941477098
-0.727187042320139	-1.13711100490609	0.979325461149307	-2.15149020801229	0.620127526569041	1.36450866512775	1.57191753382598
-0.726966321845329	-1.13607466936789	0.975134625287323	-2.15025572559092	0.619954666836918	1.36188205895806	1.57024344214204
-0.726750454727273	-1.13502970553216	0.970946749299227	-2.14902154140443	0.619779922935101	1.35925648897981	1.56856713691052
-0.726539420484022	-1.13397612689442	0.966761864468769	-2.14778768821395	0.619603307811378	1.35663202189722	1.5668886153228
-0.726333198633629	-1.1329139469502	0.962580002079696	-2.14655419878065	0.619424834413538	1.35400872441451	1.56520787457025
-0.726131768694144	-1.13184317919503	0.958401193415758	-2.14532110586565	0.619244515689369	1.3513866632359	1.56352491184424
-0.725935110183619	-1.13076383712443	0.954225469760702	-2.14408844223012	0.619062364586659	1.34876590506561	1.56183972433615
-0.725743202620105	-1.12967593423393	0.950052862398277	-2.14285624063519	0.618878394053198	1.34614651660786	1.56015230923735
-0.725556025521655	-1.12857948401907	0.945883402612232	-2.14162453384202	0.618692617036773	1.34352856456688	1.55846266373921
-0.72537355840632	-1.12747449997536	0.941717121686315	-2.14039335461176	0.618505046485174	1.34091211564687	1.5567707850331
-0.72519578079215	-1.12636099559833	0.937554050904274	-2.13916273570554	0.618315695346188	1.33829723655207	1.55507667031041
-0.725022672197198	-1.12523898438351	0.933394221549859	-2.13793270988452	0.618124576567605	1.33568399398668	1.55338031676249
-0.724854212139515	-1.12410847982643	0.929237664906816	-2.13670330990984	0.617931703097212	1.33307245465494	1.55168172158072
-0.724690380137154	-1.12296949542262	0.925084412258895	-2.13547456854265	0.617737087882799	1.33046268526105	1.54998088195648
-0.724531155708164	-1.1218220446676	0.920934494889844	-2.1342465185441	0.617540743872154	1.32785475250925	1.54827779508114
-0.724376518370598	-1.1206661410569	0.916787944083412	-2.13301919267534	0.617342684013065	1.32524872310374	1.54657245814608
-0.724226447642507	-1.11950179808604	0.912644791123347	-2.13179262369751	0.617142921253322	1.32264466374876	1.54486486834265
-0.724080923041943	-1.11832902925056	0.908505067293397	-2.13056684437176	0.616941468540711	1.32004264114852	1.54315502286224
-0.723939924086957	-1.11714784804598	0.904368803877311	-2.12934188745924	0.616738338823023	1.31744272200723	1.54144291889622
-0.723803430295601	-1.11595826796783	0.900236032158837	-2.12811778572109	0.616533545048045	1.31484497302913	1.53972855363597
-0.723671421185926	-1.11476030251164	0.896106783421724	-2.12689457191846	0.616327100163566	1.31224946091842	1.53801192427284
-0.723543876275984	-1.11355396517292	0.89198108894972	-2.1256722788125	0.616119017117375	1.30965625237934	1.53629302799823
-0.723420775083827	-1.11233926944722	0.887858980026573	-2.12445093916436	0.61590930885726	1.30706541411609	1.53457186200349
-0.723302097127505	-1.11111622883005	0.883740487936033	-2.12323058573518	0.61569798833101	1.30447701283291	1.53284842348001
-0.723187821925071	-1.10988485681695	0.879625643961847	-2.12201125128611	0.615485068486413	1.301891115234	1.53112270961916
-0.723077928994576	-1.10864516690344	0.875514479387764	-2.1207929685783	0.615270562271257	1.2993077880236	1.5293947176123
-0.722972397854071	-1.10739717258505	0.871407025497532	-2.11957577037289	0.615054482633332	1.29672709790591	1.52766444465082
-0.722871208021608	-1.10614088735731	0.8673033135749	-2.11835968943103	0.614836842520425	1.29414911158516	1.52593188792608
-0.722774339015239	-1.10487632471573	0.863203374903616	-2.11714475851387	0.614617654880326	1.29157389576557	1.52419704462945
-0.722681770353015	-1.10360349815586	0.859107240767428	-2.11593101038256	0.614396932660823	1.28900151715136	1.52245991195232
-0.722593481552987	-1.10232242117322	0.855014942450086	-2.11471847779825	0.614174688809704	1.28643204244675	1.52072048708605
-0.722509452133207	-1.10103310726333	0.850926511235337	-2.11350719352207	0.613950936274758	1.28386553835596	1.51897876722201
-0.722429661611727	-1.09973556992172	0.84684197840693	-2.11229719031518	0.613725688003773	1.28130207158321	1.51723474955158
-0.722354089506597	-1.09842982264392	0.842761375248613	-2.11108850093873	0.613498956944538	1.27874170883271	1.51548843126613
-0.722282715335871	-1.09711587892546	0.838684733044135	-2.10988115815386	0.613270756044842	1.2761845168087	1.51373980955704
-0.722215518617598	-1.09579375226186	0.834612083077244	-2.10867519472171	0.613041098252472	1.27363056221538	1.51198888161567
-0.722152478869831	-1.09446345614866	0.830543456631689	-2.10747064340345	0.612809996515219	1.27107991175698	1.5102356446334
-0.722093575610621	-1.09312500408137	0.826478884991217	-2.1062675369602	0.612577463780869	1.26853263213772	1.5084800958016
-0.72203878835802	-1.09177840955552	0.822418399439579	-2.10506590815313	0.612343512997212	1.26598879006182	1.50672223231165
-0.72198809663008	-1.09042368606665	0.818362031260521	-2.10386578974338	0.612108157112035	1.2634484522335	1.50496205135491
-0.72194147994485	-1.08906084711028	0.814309811737792	-2.10266721449209	0.611871409073129	1.26091168535698	1.50319955012276
-0.721898917820384	-1.08768990618193	0.810261772155141	-2.10147021516041	0.611633281828281	1.25837855613647	1.50143472580658
-0.721860389774733	-1.08631087677714	0.806217943796316	-2.1002748245095	0.611393788325279	1.2558491312762	1.49966757559773
-0.721825875325948	-1.08492377239143	0.802178357945066	-2.09908107530049	0.611152941511913	1.25332347748039	1.49789809668759
-0.721795353992081	-1.08352860652033	0.798143045885139	-2.09788900029453	0.61091075433597	1.25080166145326	1.49612628626753
-0.721768805291183	-1.08212539265937	0.794112038900284	-2.09669863225278	0.61066723974524	1.24828374989902	1.49435214152892
-0.721746208741306	-1.08071414430407	0.790085368274248	-2.09551000393637	0.61042241068751	1.24576980952191	1.49257565966314
-0.721727543860501	-1.07929487494995	0.786063065290781	-2.09432314810647	0.61017628011057	1.24325990702613	1.49079683786156
-0.72171279016682	-1.07786759809256	0.78204516123363	-2.0931380975242	0.609928860962208	1.24075410911591	1.48901567331555
-0.721701927178315	-1.07643232722741	0.778031687386544	-2.09195488495072	0.609680166190212	1.23825248249547	1.48723216321649
-0.721694934413036	-1.07498907585003	0.774022675033273	-2.09077354314718	0.609430208742371	1.23575509386902	1.48544630475574
-0.721691791389036	-1.07353785745595	0.770018155457563	-2.08959410487473	0.609179001566473	1.23326200994079	1.48365809512468
-0.721692477624366	-1.0720786855407	0.766018159943164	-2.0884166028945	0.608926557610308	1.230773297415	1.48186753151469
-0.721696972637077	-1.07061157359979	0.762022719773823	-2.08724106996766	0.608672889821663	1.22828902299587	1.48007461111713
-0.721705255945221	-1.06913653512878	0.75803186623329	-2.08606753885534	0.608418011148327	1.22580925338761	1.47827933112338
-0.72171730706685	-1.06765358362316	0.754045630605313	-2.08489604231869	0.608161934538088	1.22333405529445	1.47648168872481
-0.721733105520015	-1.06616273257849	0.75006404417364	-2.08372661311887	0.607904672938736	1.22086349542061	1.47468168111279
-0.721752630822767	-1.06466399549027	0.74608713822202	-2.08255928401701	0.607646239298058	1.2183976404703	1.4728793054787
-0.721775862493158	-1.06315738585405	0.7421149440342	-2.08139408777427	0.607386646563844	1.21593655714775	1.47107455901391
-0.72180278004924	-1.06164291716534	0.73814749289393	-2.08023105715178	0.607125907683881	1.21348031215718	1.4692674389098
-0.721833363009064	-1.06012060291967	0.734184816084959	-2.07907022491071	0.606864035605958	1.21102897220281	1.46745794235772
-0.721867590890681	-1.05859045661258	0.730226944891033	-2.0779116238122	0.606601043277864	1.20858260398885	1.46564606654907
-0.721905443212144	-1.05705249173958	0.726273910595902	-2.07675528661738	0.606336943647387	1.20614127421953	1.4638318086752
-0.721946899491503	-1.05550672179621	0.722325744483315	-2.07560124608742	0.606071749662317	1.20370504959906	1.4620151659275
-0.721991939246811	-1.05395316027799	0.718382477837019	-2.07444953498346	0.60580547427044	1.20127399683167	1.46019613549734
-0.722040541996118	-1.05239182068046	0.714444141940763	-2.07330018606664	0.605538130419546	1.19884818262158	1.45837471457608
-0.722092687257476	-1.05082271649912	0.710510768078296	-2.07215323209811	0.605269731057424	1.19642767367301	1.4565509003551
-0.722148354548937	-1.04924586122953	0.706582387533365	-2.07100870583903	0.605000289131862	1.19401253669017	1.45472469002578
-0.722207523388553	-1.04766126836719	0.702659031589721	-2.06986664005053	0.604729817590648	1.19160283837728	1.45289608077949
-0.722270173294374	-1.04606895140765	0.698740731531109	-2.06872706749376	0.604458329381571	1.18919864543858	1.45106506980759
-0.722336283784452	-1.04446892384642	0.69482751864128	-2.06759002092988	0.604185837452419	1.18680002457827	1.44923165430147
-0.722405834376839	-1.04286119917903	0.690919424203982	-2.06645553312002	0.603912354750982	1.18440704250057	1.44739583145249
-0.722478804589587	-1.04124579090101	0.687016479502963	-2.06532363682534	0.603637894225047	1.18201976590971	1.44555759845203
-0.722555173940746	-1.03962271250789	0.683118715821971	-2.06419436480698	0.603362468822403	1.17963826150991	1.44371695249146
-0.722634921948369	-1.0379919774952	0.679226164444756	-2.06306774982609	0.603086091490839	1.17726259600538	1.44187389076215
-0.722718028130506	-1.03635359935845	0.675338856655065	-2.06194382464382	0.602808775178143	1.17489283610035	1.44002841045548
-0.72280447200521	-1.03470759159319	0.671456823736646	-2.06082262202131	0.602530532832103	1.17252904849903	1.43818050876282
-0.722894233090532	-1.03305396769493	0.667580096973249	-2.05970417471971	0.602251377400509	1.17017129990565	1.43633018287554
-0.722987290904524	-1.03139274115921	0.663708707648621	-2.05858851550017	0.601971321831148	1.16781965702442	1.43447742998501
-0.723083624965236	-1.02972392548154	0.659842687046512	-2.05747567712384	0.60169037907181	1.16547418655957	1.43262224728261
-0.72318321479072	-1.02804753415747	0.655982066450669	-2.05636569235186	0.601408562070283	1.16313495521532	1.43076463195971
-0.723286039899029	-1.02636358068251	0.652126877144841	-2.05525859394538	0.601125883774354	1.16080202969588	1.42890458120769
-0.723392079808214	-1.02467207855219	0.648277150412777	-2.05415441466555	0.600842357131814	1.15847547670547	1.42704209221791
-0.723501314036325	-1.02297304126204	0.644432917538224	-2.05305318727351	0.60055799509045	1.15615536294832	1.42517716218174
-0.723613722101415	-1.02126648230759	0.640594209804931	-2.05195494453042	0.600272810598051	1.15384175512865	1.42330978829057
-0.723729283521534	-1.01955241518436	0.636761058496648	-2.05085971919741	0.599986816602405	1.15153471995067	1.42143996773576
-0.723847977814736	-1.01783085338788	0.632933494897121	-2.04976754403564	0.599700026051302	1.1492343241186	1.41956769770869
-0.72396978449907	-1.01610181041368	0.6291115502901	-2.04867845180625	0.599412451892529	1.14694063433667	1.41769297540072
-0.72409468309259	-1.01436529975729	0.625295255959333	-2.0475924752704	0.599124107073875	1.1446537173091	1.41581579800324
-0.724222653113345	-1.01262133491423	0.621484643188569	-2.04650964718922	0.598835004543128	1.1423736397401	1.41393616270761
-0.724353674079388	-1.01086992938003	0.617679743261555	-2.04543000032386	0.598545157248077	1.14010046833389	1.41205406670521
-0.72448772550877	-1.00911109665022	0.61388058746204	-2.04435356743548	0.598254578136511	1.1378342697947	1.41016950718741
-0.724624786919543	-1.00734485022032	0.610087207073774	-2.04328038128522	0.597963280156218	1.13557511082674	1.40828248134558
-0.724764837829758	-1.00557120358586	0.606299633380503	-2.04221047463422	0.597671276254987	1.13332305813424	1.4063929863711
-0.724907857757467	-1.00379017024237	0.602517897665977	-2.04114388024364	0.597378579380606	1.13107817842141	1.40450101945534
-0.725053826220721	-1.00200176368538	0.598742031213944	-2.04008063087462	0.597085202480864	1.12884053839247	1.40260657778966
-0.725202722737572	-1.00020599741041	0.594972065308152	-2.0390207592883	0.596791158503549	1.12661020475165	1.40070965856546
-0.725354526826071	-0.998402884912995	0.591208031232351	-2.03796429824584	0.59649646039645	1.12438724420316	1.39881025897408
-0.72550921800427	-0.996592439688654	0.587449960270287	-2.03691128050839	0.596201121107355	1.12217172345123	1.39690837620692
-0.725666775790221	-0.994774675232919	0.58369788370571	-2.03586173883708	0.595905153584052	1.11996370920007	1.39500400745534
-0.725827179701974	-0.992949605041315	0.579951832822369	-2.03481570599307	0.595608570774332	1.11776326815391	1.39309714991071
-0.725990409257581	-0.99111724260937	0.576211838904011	-2.0337732147375	0.595311385625981	1.11557046701695	1.39118780076441
-0.726156443975095	-0.989277601432612	0.572477933234385	-2.03273429783153	0.595013611086788	1.11338537249344	1.38927595720781
-0.726325263372566	-0.987430695006568	0.568750147097239	-2.03169898803629	0.594715260104543	1.11120805128757	1.38736161643229
-0.726496846968046	-0.985576536826764	0.565028511776323	-2.03066731811294	0.594416345627033	1.10903857010358	1.38544477562921
-0.726671174279586	-0.983715140388729	0.561313058555384	-2.02963932082262	0.594116880602046	1.10687699564568	1.38352543198994
-0.726848224825238	-0.981846519187989	0.55760381871817	-2.02861502892649	0.593816877977373	1.1047233946181	1.38160358270587
-0.727027978123054	-0.979970686720071	0.553900823548431	-2.02759447518568	0.593516350700801	1.10257783372505	1.37967922496837
-0.727210413691085	-0.978087656480503	0.550204104329914	-2.02657769236134	0.593215311720118	1.10044037967075	1.3777523559688
-0.727395511047382	-0.976197441964813	0.546513692346368	-2.02556471321462	0.592913773983113	1.09831109915942	1.37582297289854
-0.727583249709997	-0.974300056668526	0.542829618881542	-2.02455557050668	0.592611750437575	1.09619005889529	1.37389107294896
-0.727773609196982	-0.97239551408717	0.539151915219183	-2.02355029699865	0.592309254031292	1.09407732558257	1.37195665331143
-0.727966569026388	-0.970483827716273	0.535480612643041	-2.02254892545168	0.592006297712052	1.09197296592548	1.37001971117734
-0.728162108716266	-0.968565011051362	0.531815742436864	-2.02155148862692	0.591702894427645	1.08987704662825	1.36808024373804
-0.728360207784669	-0.966639077587964	0.5281573358844	-2.02055801928552	0.591399057125859	1.08778963439509	1.36613824818492
-0.728560845749648	-0.964706040821606	0.524505424269397	-2.01956855018863	0.591094798754482	1.08571079593022	1.36419372170935
-0.728764002129253	-0.962765914247815	0.520860038875605	-2.01858311409738	0.590790132261303	1.08364059793787	1.36224666150269
-0.728969656441537	-0.960818711362119	0.517221210986771	-2.01760174377294	0.59048507059411	1.08157910712224	1.36029706475632
-0.729177788204552	-0.958864445660044	0.513588971886644	-2.01662447197644	0.590179626700692	1.07952639018757	1.35834492866162
-0.729388376936348	-0.956903130637119	0.509963352858972	-2.01565133146904	0.589873813528837	1.07748251383807	1.35639025040996
-0.729601402154977	-0.95493477978887	0.506344385187504	-2.01468235501187	0.589567644026334	1.07544754477797	1.3544330271927
-0.729816843378491	-0.952959406610824	0.502732100155989	-2.0137175753661	0.589261131140972	1.07342154971147	1.35247325620123
-0.730034680124941	-0.950977024598509	0.499126529048173	-2.01275702529286	0.588954287820539	1.07140459534281	1.35051093462691
-0.73025489191238	-0.948987647247451	0.495527703147807	-2.0118007375533	0.588647127012823	1.0693967483762	1.34854605966112
-0.730477458258857	-0.946991288053179	0.491935653738639	-2.01084874490857	0.588339661665614	1.06739807551586	1.34657862849523
-0.730702358682425	-0.944987960511219	0.488350412104416	-2.00990108011982	0.588031904726699	1.06540864346602	1.34460863832062
-0.730929572701136	-0.942977678117098	0.484772009528888	-2.00895777594819	0.587723869143866	1.06342851893088	1.34263608632865
-0.731159079833041	-0.940960454366344	0.481200477295802	-2.00801886515483	0.587415567864906	1.06145776861468	1.3406609697107
-0.731390859596191	-0.938936302754484	0.477635846688908	-2.00708438050089	0.587107013837606	1.05949645922163	1.33868328565814
-0.731624891508638	-0.936905236777045	0.474078148991953	-2.00615435474752	0.586798220009754	1.05754465745595	1.33670303136234
-0.731861155088433	-0.934867269929554	0.470527415488687	-2.00522882065585	0.58648919932914	1.05560243002186	1.33472020401469
-0.732099629853628	-0.932822415707538	0.466983677462857	-2.00430781098705	0.586179964743551	1.05366984362359	1.33273480080654
-0.732340295322275	-0.930770687606525	0.463446966198212	-2.00339135850226	0.585870529200777	1.05174696496534	1.33074681892927
-0.732583131012424	-0.928712099122042	0.4599173129785	-2.00247949596262	0.585560905648606	1.04983386075135	1.32875625557427
-0.732828116442129	-0.926646663749617	0.45639474908747	-2.00157225612928	0.585251107034826	1.04793059768583	1.32676310793288
-0.733075231129439	-0.924574394984775	0.452879305808871	-2.00066967176339	0.584941146307225	1.046037242473	1.3247673731965
-0.733324454592407	-0.922495306323045	0.44937101442645	-1.99977177562609	0.584631036413593	1.04415386181708	1.3227690485565
-0.733575766349084	-0.920409411259954	0.445869906223956	-1.99887860047854	0.584320790301718	1.04228052242229	1.32076813120424
-0.733829145917521	-0.918316723291028	0.442376012485137	-1.99799017908187	0.584010420919389	1.04041729099285	1.3187646183311
-0.73408457281577	-0.916217255911796	0.438889364493743	-1.99710654419725	0.583699941214393	1.03856423423298	1.31675850712845
-0.734342026561884	-0.914111022617784	0.435409993533521	-1.99622772858581	0.58338936413452	1.0367214188469	1.31474979478766
-0.734601486673912	-0.911998036904519	0.43193793088822	-1.9953537650087	0.583078702627558	1.03488891153884	1.31273847850012
-0.734862932669907	-0.90987831226753	0.428473207841588	-1.99448468622707	0.582767969641295	1.033066779013	1.31072455545718
-0.73512634406792	-0.907751862202342	0.425015855677373	-1.99362052500206	0.582457178123521	1.03125508797362	1.30870802285023
-0.735391700386003	-0.905618700204483	0.421565905679325	-1.99276131409483	0.582146341022023	1.0294539051249	1.30668887787063
-0.735658981142207	-0.903478839769481	0.418123389131191	-1.99190708626652	0.58183547128459	1.02766329717108	1.30466711770976
-0.735928165854584	-0.901332294392862	0.414688337316721	-1.99105787427828	0.581524581859012	1.02588333081637	1.30264273955899
-0.736199234041185	-0.899179077570154	0.411260781519662	-1.99021371089125	0.581213685693075	1.02411407276498	1.30061574060969
-0.736472165220062	-0.897019202796884	0.407840753023762	-1.98937462886659	0.580902795734569	1.02235558972115	1.29858611805325
-0.736746938909266	-0.894852683568579	0.404428283112771	-1.98854066096543	0.580591924931282	1.02060794838909	1.29655386908102
-0.737023534626849	-0.892679533380767	0.401023403070436	-1.98771183994893	0.580281086231003	1.01887121547301	1.29451899088438
-0.737301931890862	-0.890499765728974	0.397626144180507	-1.98688819857823	0.57997029258152	1.01714545767715	1.29248148065471
-0.737582110219357	-0.888313394108728	0.394236537726731	-1.98606976961449	0.579659556930622	1.01543074170572	1.29044133558337
-0.737864049130386	-0.886120432015556	0.390854614992857	-1.98525658581884	0.579348892226098	1.01372713426293	1.28839855286175
-0.738147728141999	-0.883920892944985	0.387480407262634	-1.98444867995243	0.579038311415735	1.01203470205302	1.28635312968121
-0.738433126772249	-0.881714790392543	0.384113945819809	-1.98364608477642	0.578727827447323	1.01035351178019	1.28430506323312
-0.738720224539187	-0.879502137853756	0.380755261948132	-1.98284883305195	0.57841745326865	1.00868363014868	1.28225435070887
-0.739009000960864	-0.877282948824152	0.377404386931351	-1.98205695754017	0.578107201827504	1.00702512386269	1.28020098929981
-0.739299435555332	-0.875057236799258	0.374061352053213	-1.98127049100222	0.577797086071674	1.00537805962646	1.27814497619733
-0.739591507840642	-0.872825015274602	0.370726188597468	-1.98048946619925	0.577487118948949	1.00374250414419	1.2760863085928
-0.739885197334847	-0.870586297745709	0.367398927847864	-1.97971391589241	0.577177313407117	1.00211852412011	1.27402498367758
-0.740180483555997	-0.868341097708109	0.36407960108815	-1.97894387284284	0.576867682393967	1.00050618625844	1.27196099864306
-0.740477346022144	-0.866089428657327	0.360768239602073	-1.9781793698117	0.576558238857286	0.998905557263405	1.2698943506806
-0.74077576425134	-0.863831304088892	0.357464874673383	-1.97742043956012	0.576248995744865	0.997316703839215	1.26782503698159
-0.741075717761636	-0.861566737498329	0.354169537585828	-1.97666711484927	0.57593996600449	0.995739692690094	1.26575305473738
-0.741377186071084	-0.859295742381168	0.350882259623155	-1.97591942844028	0.575631162583952	0.994174590520262	1.26367840113935
-0.741680148697734	-0.857018332232933	0.347603072069114	-1.9751774130943	0.575322598431037	0.992621464033938	1.26160107337888
-0.741984585159639	-0.854734520549154	0.344332006207454	-1.97444110157247	0.575014286493535	0.991080379935344	1.25952106864734
-0.742290474974851	-0.852444320825357	0.341069093321921	-1.97371052663596	0.574706239719235	0.989551404928698	1.2574383841361
-0.74259779766142	-0.850147746557069	0.337814364696266	-1.9729857210459	0.574398471055924	0.98803460571822	1.25535301703654
-0.742906532737398	-0.847844811239818	0.334567851614236	-1.97226671756343	0.574090993451392	0.986530049008131	1.25326496454002
-0.743216659720837	-0.84553552836913	0.331329585359579	-1.97155354894972	0.573783819853427	0.98503780150265	1.25117422383792
-0.743528158129788	-0.843219911440534	0.328099597216045	-1.9708462479659	0.573476963209817	0.983557929905998	1.24908079212162
-0.743841007482303	-0.840897973949555	0.324877918467381	-1.97014484737312	0.573170436468351	0.982090500922394	1.24698466658248
-0.744155187296433	-0.838569729391722	0.321664580397337	-1.96944937993253	0.572864252576817	0.980635581256058	1.24488584441188
-0.744470677090231	-0.836235191262561	0.31845961428966	-1.96875987840528	0.572558424483005	0.979193237611211	1.24278432280119
-0.744787456381746	-0.833894373057601	0.315263051428098	-1.96807637555251	0.572252965134702	0.977763536692071	1.24068009894178
-0.745105504689031	-0.831547288272367	0.312074923096401	-1.96739890413537	0.571947887479697	0.976346545202859	1.23857317002503
-0.745424801530138	-0.829193950402387	0.308895260578317	-1.966727496915	0.571643204465778	0.974942329847796	1.23646353324231
-0.745745326423117	-0.826834372943189	0.305724095157594	-1.96606218665257	0.571338929040735	0.9735509573311	1.23435118578499
-0.746067058886021	-0.824468569390299	0.302561458117981	-1.9654030061092	0.571035074152356	0.972172494356992	1.23223612484444
-0.746389978436901	-0.822096553239245	0.299407380743225	-1.96474998804606	0.570731652748428	0.970807007629691	1.23011834761205
-0.746714064593808	-0.819718337985554	0.296261894317077	-1.96410316522428	0.570428677776742	0.969454563853418	1.22799785127917
-0.747039296874794	-0.817333937124753	0.293125030123283	-1.96346257040501	0.570126162185084	0.968115229732393	1.22587463303718
-0.74736565479791	-0.81494336415237	0.289996819445592	-1.96282823634941	0.569824118921244	0.966789071970835	1.22374869007746
-0.747693117881209	-0.812546632563931	0.286877293567753	-1.96220019581861	0.569522560933011	0.965476157272964	1.22162001959138
-0.748021665642741	-0.810143755854964	0.283766483773515	-1.96157848157377	0.569221501168172	0.964176552343001	1.21948861877031
-0.748351277600558	-0.807734747520996	0.280664421346625	-1.96096312637603	0.568920952574517	0.962890323885165	1.21735448480562
-0.748681933272712	-0.805319621057555	0.277571137570832	-1.96035416298654	0.568620928099834	0.961617538603676	1.21521761488869
-0.749013612177253	-0.802898389960167	0.274486663729884	-1.95975162416645	0.568321440691911	0.960358263202754	1.21307800621089
-0.749346293832235	-0.800471067724359	0.271411031107531	-1.9591555426769	0.568022503298537	0.959112564386619	1.2109356559636
-0.749679957755707	-0.798037667845659	0.26834427098752	-1.95856595127905	0.5677241288675	0.957880508859491	1.20879056133817
-0.750014583465722	-0.795598203819595	0.265286414653599	-1.95798288273403	0.56742633034659	0.95666216332559	1.206642719526
-0.750350150480331	-0.793152689141692	0.262237493389518	-1.957406369803	0.567129120683594	0.955457594489136	1.20449212771844
-0.750686638317586	-0.790701137307479	0.259197538479024	-1.9568364452471	0.5668325128263	0.954266869054348	1.20233878310688
-0.751024026495538	-0.788243561812483	0.256166581205867	-1.95627314182748	0.566536519722499	0.953090053725447	1.20018268288268
-0.751362294532238	-0.785779976152231	0.253144652853794	-1.95571649230529	0.566241154319978	0.951927215206653	1.19802382423722
-0.751701421945739	-0.78331039382225	0.250131784706554	-1.95516652944167	0.565946429566525	0.950778420202185	1.19586220436187
-0.752041388254092	-0.780834828318067	0.247128008047895	-1.95462328599777	0.56565235840993	0.949643735416263	1.19369782044801
-0.752382172975348	-0.77835329313521	0.244133354161567	-1.95408679473474	0.56535895379798	0.948523227553108	1.191530669687
-0.752723755627558	-0.775865801769205	0.241147854331316	-1.95355708841373	0.565066228678464	0.947416963316939	1.18936074927023
-0.753066115728775	-0.77337236771558	0.238171539840892	-1.95303419979588	0.564774195999171	0.946325009411976	1.18718805638905
-0.75340923279705	-0.770873004469863	0.235204441974043	-1.95251816164235	0.56448286870789	0.945247432542439	1.18501258823485
-0.753753086350434	-0.768367725527579	0.232246592014518	-1.95200900671426	0.564192259752408	0.944184299412549	1.182834341999
-0.754097655906979	-0.765856544384258	0.229298021246065	-1.95150676777279	0.563902382080514	0.943135676726524	1.18065331487287
-0.754442920984736	-0.763339474535425	0.226358760952432	-1.95101147757906	0.563613248639998	0.942101631188585	1.17846950404783
-0.754788861101757	-0.760816529476607	0.223428842417367	-1.95052316889424	0.563324872378646	0.941082229502952	1.17628290671526
-0.755135455776094	-0.758287722703334	0.22050829692462	-1.95004187447946	0.563037266244249	0.940077538373845	1.17409352006652
-0.755482684525797	-0.75575306771113	0.217597155757939	-1.94956762709588	0.562750443184594	0.939087624505483	1.171901341293
-0.755830526868919	-0.753212577995524	0.214695450201072	-1.94910045950463	0.562464416147471	0.938112554602087	1.16970636758606
-0.756178962323511	-0.750666267052043	0.211803211537767	-1.94864040446688	0.562179198080666	0.937152395367876	1.16750859613708
-0.756527970407625	-0.748114148376214	0.208920471051774	-1.94818749474375	0.56189480193197	0.936207213507071	1.16530802413743
-0.756877530639311	-0.745556235463564	0.20604726002684	-1.94774176309642	0.56161124064917	0.935277075723891	1.16310464877848
-0.757227622536622	-0.74299254180962	0.203183609746713	-1.94730324228601	0.561328527180055	0.934362048722556	1.16089846725161
-0.757578225617609	-0.74042308090991	0.200329551495143	-1.94687196507367	0.561046674472415	0.933462199207286	1.15868947674818
-0.757929319400324	-0.737847866259961	0.197485116555877	-1.94644796422056	0.560765695474035	0.932577593882302	1.15647767445958
-0.758280883402817	-0.7352669113553	0.194650336212665	-1.94603127248783	0.560485603132707	0.931708299451823	1.15426305757717
-0.758632897143142	-0.732680229691454	0.191825241749254	-1.94562192263661	0.560206410396218	0.930854382620068	1.15204562329232
-0.758985340139348	-0.730087834763951	0.189009864449393	-1.94521994742805	0.559928130212357	0.930015910091259	1.14982536879642
-0.759338191909488	-0.727489740068317	0.186204235596831	-1.94482537962331	0.559650775528912	0.929192948569614	1.14760229128082
-0.759691431971613	-0.72488595910008	0.183408386475316	-1.94443825198353	0.559374359293672	0.928385564759354	1.14537638793691
-0.760045039843775	-0.722276505354767	0.180622348368595	-1.94405859726985	0.559098894454425	0.927593825364699	1.14314765595606
-0.760398995044025	-0.719661392327905	0.177846152560419	-1.94368644824343	0.55882439395896	0.926817797089868	1.14091609252964
-0.760753277090415	-0.717040633515022	0.175079830334534	-1.94332183766541	0.558550870755065	0.926057546639082	1.13868169484902
-0.761107865500995	-0.714414242411644	0.17232341297469	-1.94296479829694	0.558278337790529	0.92531314071656	1.13644446010557
-0.761462739793819	-0.7117822325133	0.169576931764635	-1.94261536289917	0.558006808013141	0.924584646026523	1.13420438549068
-0.761817879486937	-0.709144617315515	0.166840417988118	-1.94227356423324	0.557736294370689	0.92387212927319	1.1319614681957
-0.762173264098401	-0.706501410313818	0.164113902928887	-1.94193943506029	0.557466809810961	0.923175657160781	1.12971570541202
-0.762528873146262	-0.703852625003735	0.161397417870689	-1.94161300814149	0.557198367281746	0.922495296393516	1.12746709433101
-0.762884686148572	-0.701198274880794	0.158690994097275	-1.94129431623797	0.556930979730833	0.921831113675615	1.12521563214403
-0.763240682623382	-0.698538373440522	0.155994662892391	-1.94098339211088	0.556664660106009	0.921183175711299	1.12296131604247
-0.763596842088744	-0.695872934178446	0.153308455539787	-1.94068026852137	0.556399421355065	0.920551549204786	1.12070414321769
-0.76395314406271	-0.693201970590093	0.150632403323212	-1.94038497823059	0.556135276425787	0.919936300860297	1.11844411086106
-0.76430956806333	-0.690525496170991	0.147966537526412	-1.94009755399968	0.555872238265965	0.919337497382052	1.11618121616397
-0.764666093608657	-0.687843524416667	0.145310889433138	-1.93981802858979	0.555610319823388	0.91875520547427	1.11391545631778
-0.765022700216742	-0.685156068822647	0.142665490327137	-1.93954643476207	0.555349534045843	0.918189491841172	1.11164682851387
-0.765379367405636	-0.68246314288446	0.140030371492157	-1.93928280527766	0.555089893881119	0.917640423186978	1.10937532994361
-0.765736074693391	-0.679764760097632	0.137405564211948	-1.93902717289772	0.554831412277005	0.917108066215907	1.10710095779836
-0.766092801598059	-0.67706093395769	0.134791099770257	-1.93877957038338	0.55457410218129	0.91659248763218	1.10482370926951
-0.766449527637691	-0.674351677960163	0.132187009450834	-1.9385400304958	0.554317976541761	0.916093754140016	1.10254358154843
-0.766806232330338	-0.671637005600576	0.129593324537425	-1.93830858599613	0.554063048306208	0.915611932443635	1.10026057182649
-0.767162895194052	-0.668916930374457	0.127010076313781	-1.9380852696455	0.553809330422418	0.915147089247257	1.09797467729506
-0.767519495746885	-0.666191465777334	0.124437296063649	-1.93787011420508	0.553556835838181	0.914699291255102	1.09568589514551
-0.767876013506888	-0.663460625304734	0.121875015070778	-1.93766315243599	0.553305577501285	0.91426860517139	1.09339422256922
-0.768232427992113	-0.660724422452183	0.119323264618916	-1.9374644170994	0.553055568359519	0.913855097700342	1.09109965675756
-0.768588718720611	-0.657982870715209	0.116782075991811	-1.93727394095646	0.55280682136067	0.913458835546176	1.08880219490191
-0.768944865210433	-0.65523598358934	0.114251480473213	-1.93709175676829	0.552559349452528	0.913079885413113	1.08650183419363
-0.769300846979632	-0.652483774570102	0.111731509346869	-1.93691789729606	0.552313165582881	0.912718314005372	1.0841985718241
-0.769656643546258	-0.649726257153023	0.109222193896528	-1.93675239530092	0.552068282699517	0.912374188027175	1.08189240498469
-0.770012234428364	-0.646963444833629	0.106723565405938	-1.936595283544	0.551824713750226	0.912047574182739	1.07958333086678
-0.770367599144	-0.644195351107449	0.104235655158848	-1.93644659478646	0.551582471682796	0.911738539176287	1.07727134666173
-0.770722717211219	-0.641421989470008	0.101758494439007	-1.93630636178943	0.551341569445014	0.911447149712036	1.07495644956092
-0.771077568148071	-0.638643373416835	0.0992921145301616	-1.93617461731408	0.55110201998467	0.911173472494208	1.07263863675572
-0.771432131472608	-0.635859516443457	0.0968365467160615	-1.93605139412155	0.550863836249553	0.910917574227022	1.07031790543751
-0.771786386702883	-0.633070432045401	0.0943918222804549	-1.93593672497298	0.55062703118745	0.910679521614699	1.06799425279766
-0.772140313356946	-0.630276133718194	0.0919579725070902	-1.93583064262952	0.550391617746151	0.910459381361457	1.06566767602754
-0.772493890952848	-0.627476634957363	0.089535028679716	-1.93573317985232	0.550157608873443	0.910257220171518	1.06333817231852
-0.772847099008642	-0.624671949258435	0.0871230220820806	-1.93564436940253	0.549925017517116	0.910073104749101	1.06100573886198
-0.773199917042379	-0.621862090116939	0.0847219839979322	-1.93556424404129	0.549693856624957	0.909907101798425	1.05867037284928
-0.77355232457211	-0.6190470710284	0.0823319457110197	-1.93549283652975	0.549464139144756	0.909759278023711	1.05633207147181
-0.773904301115887	-0.616226905488346	0.0799529385050911	-1.93543017962906	0.549235878024301	0.909629700129179	1.05399083192093
-0.774255826191762	-0.613401606992305	0.0775849936638949	-1.93537630610036	0.549009086211381	0.909518434819049	1.05164665138802
-0.774606879317785	-0.610571189035803	0.0752281424711797	-1.93533124870481	0.548783776653783	0.90942554879754	1.04929952706445
-0.77495744001201	-0.607735665114367	0.0728824162106941	-1.93529504020354	0.548559962299297	0.909351108768873	1.04694945614159
-0.775307487792486	-0.604895048723526	0.070547846166186	-1.93526771335771	0.548337656095711	0.909295181437267	1.04459643581082
-0.775657002177265	-0.602049353358806	0.0682244636214044	-1.93524930092846	0.548116870990813	0.909257833506942	1.04224046326351
-0.7760059626844	-0.599198592515734	0.0659122998600974	-1.93523983567695	0.547897619932393	0.909239131682119	1.03988153569102
-0.776354348831941	-0.596342779689838	0.0636113861660134	-1.93523935036431	0.547679915868238	0.909239142667017	1.03751965028474
-0.77670214013794	-0.593481928376645	0.0613217538229008	-1.9352478777517	0.547463771746138	0.909257933165856	1.03515480423604
-0.777049316120449	-0.590616052071681	0.0590434341145083	-1.93526545060025	0.54724920051388	0.909295569882856	1.03278699473628
-0.777395856297519	-0.587745164270475	0.0567764583245842	-1.93529210167113	0.547036215119253	0.909352119522238	1.03041621897685
-0.777741740187202	-0.584869278468553	0.0545208577368768	-1.93532786372548	0.546824828510047	0.90942764878822	1.02804247414911
-0.778086947307548	-0.581988408161443	0.0522766636351348	-1.93537276952444	0.546615053634048	0.909522224385023	1.02566575744444
-0.778431457176611	-0.579102566844671	0.0500439073031065	-1.93542685182916	0.546406903439046	0.909635913016866	1.02328606605421
-0.77877524931244	-0.576211768013766	0.0478226200245401	-1.93549014340078	0.54620039087283	0.909768781387971	1.02090339716979
-0.779118303233089	-0.573316025164253	0.0456128330831843	-1.93556267700047	0.545995528883187	0.909920896202556	1.01851774798256
-0.779460598456607	-0.570415351791661	0.0434145777627874	-1.93564448538935	0.545792330417907	0.910092324164841	1.01612911568389
-0.779802114501047	-0.567509761391517	0.0412278853470982	-1.93573560132859	0.545590808424778	0.910283131979047	1.01373749746514
-0.780142830884461	-0.564599267459348	0.0390527871198647	-1.93583605757932	0.545390975851588	0.910493386349393	1.01134289051771
-0.780482727124899	-0.56168388349068	0.0368893143648354	-1.9359458869027	0.545192845646126	0.9107231539801	1.00894529203294
-0.780821782740414	-0.558763622981042	0.0347374983657587	-1.93606512205986	0.544996430756181	0.910972501575386	1.00654469920223
-0.781159977249057	-0.55583849942596	0.0325973704063831	-1.93619379581197	0.544801744129541	0.911241495839473	1.00414110921694
-0.781497290168878	-0.552908526320962	0.0304689617704571	-1.93633194092016	0.544608798713994	0.911530203476581	1.00173451926844
-0.781833701017931	-0.549973717161575	0.028352303741729	-1.93647959014559	0.54441760745733	0.911838691190928	0.999324926548115
-0.782169189314266	-0.547034085443326	0.0262474276039476	-1.93663677624939	0.544228183307336	0.912167025686734	0.996912328247327
-0.782503734575935	-0.544089644661742	0.0241543646408609	-1.93680353199273	0.544040539211801	0.912515273668221	0.994496721557452
-0.78283731632099	-0.541140408312351	0.0220731461362174	-1.93697989013673	0.543854688118514	0.912883501839608	0.992078103669862
-0.783169914067481	-0.538186389890679	0.0200038033737657	-1.93716588344256	0.543670642975263	0.913271776905114	0.989656471775932
-0.783501507333461	-0.535227602892254	0.017946367637254	-1.93736154467136	0.543488416729837	0.91368016556896	0.987231823067033
-0.78383207563698	-0.532264060812603	0.0159008702104309	-1.93756690658427	0.543308022330024	0.914108734535366	0.984804154734537
-0.784161598496092	-0.529295777147254	0.0138673423770448	-1.93778200194245	0.543129472723613	0.914557550508551	0.982373463969819
-0.784490055428846	-0.526322765391733	0.0118458154208443	-1.93800686350703	0.542952780858392	0.915026680192735	0.97993974796425
-0.784817425953295	-0.523345039041568	0.00983632062557757	-1.93824152403918	0.54277795968215	0.915516190292138	0.977503003909203
-0.78514368958749	-0.520362611592286	0.00783888927499302	-1.93848601630003	0.542605022142675	0.916026147510981	0.975063228996052
-0.785468825849482	-0.517375496539414	0.00585355265283927	-1.93874037305073	0.542433981187757	0.916556618553483	0.972620420416168
-0.785792814257324	-0.514383707378479	0.00388034204286458	-1.93900462705243	0.542264849765183	0.917107670123865	0.970174575360925
-0.786115634329066	-0.511387257605009	0.00191928872881753	-1.93927881106628	0.542097640822741	0.917679368926345	0.967725691021695
-0.786437265582761	-0.50838616071453	-2.95760055533667e-05	-1.93956295785342	0.541932367308222	0.918271781665144	0.965273764589851
-0.786757687536459	-0.505380430202571	-0.00196622087650003	-1.939857100175	0.541769042169412	0.918884975044482	0.962818793256767
-0.787076879708212	-0.502370079564657	-0.00389061460027382	-1.94016127079217	0.541607678354101	0.919519015768579	0.960360774213813
-0.787394821616071	-0.499355122296317	-0.00580272589312619	-1.94047550246607	0.541448288810077	0.920173970541655	0.957899704652364
-0.78771149277809	-0.496335571893078	-0.00770252347130881	-1.94079982795786	0.541290886485128	0.920849906067929	0.955435581763792
-0.788026872712317	-0.493311441850466	-0.0095899760510734	-1.94113428002868	0.541135484327044	0.921546889051622	0.95296840273947
-0.788340940936806	-0.49028274566401	-0.0114650523486714	-1.94147889143967	0.540982095283612	0.922264986196953	0.95049816477077
-0.788653676969608	-0.487249496829235	-0.0133277210803541	-1.94183369495199	0.540830732302622	0.923004264208143	0.948024865049065
-0.788965060328774	-0.48421170884167	-0.0151779509623736	-1.94219872332678	0.540681408331861	0.923764789789411	0.945548500765729
-0.789275070532356	-0.481169395196841	-0.0170157107109812	-1.94257400932518	0.540534136319119	0.924546629644977	0.943069069112133
-0.789583687098405	-0.478122569390277	-0.0188409690424284	-1.94295958570835	0.540388929212183	0.925349850479062	0.940586567279651
-0.789890889544973	-0.475071244917503	-0.020653694672967	-1.94335548523744	0.540245799958843	0.926174518995884	0.938100992459656
-0.790196657390112	-0.472015435274048	-0.0224538563188482	-1.94376174067358	0.540104761506886	0.927020701899665	0.935612341843519
-0.790500970151872	-0.468955153955438	-0.024241422696324	-1.94417838477793	0.539965826804102	0.927888465894624	0.933120612622614
-0.790803807348306	-0.465890414457201	-0.0260163625216455	-1.94460545031164	0.539829008798279	0.92877787768498	0.930625801988313
-0.791105148497465	-0.462821230274863	-0.0277786445110648	-1.94504297003585	0.539694320437205	0.929689003974955	0.92812790713199
-0.7914049731174	-0.459747614903953	-0.0295282373808331	-1.9454909767117	0.539561774668669	0.930621911468767	0.925626925245017
-0.791703260726163	-0.456669581839997	-0.031265109847202	-1.94594950310036	0.53943138444046	0.931576666870636	0.923122853518767
-0.791999990841805	-0.453587144578522	-0.0329892306264232	-1.94641858196295	0.539303162700365	0.932553336884784	0.920615689144611
-0.792295142982379	-0.450500316615056	-0.0347005684347482	-1.94689824606064	0.539177122396174	0.933551988215429	0.918105429313925
-0.792588696665935	-0.447409111445126	-0.0363990919884284	-1.94738852815456	0.539053276475676	0.934572687566791	0.915592071218079
-0.792880631410525	-0.444313542564259	-0.0380847700037157	-1.94788946100587	0.538931637886658	0.935615501643091	0.913075612048448
-0.793170926734201	-0.441213623467983	-0.0397575711968617	-1.9484010773757	0.538812219576909	0.936680497148548	0.910556048996402
-0.793459562155014	-0.438109367651823	-0.0414174642841177	-1.94892341002522	0.538695034494217	0.937767740787382	0.908033379253316
-0.793746517191015	-0.435000788611309	-0.0430644179817351	-1.94945649171557	0.538580095586372	0.938877299263813	0.905507600010562
-0.794031771360256	-0.431887899841966	-0.044698401005966	-1.95000035520788	0.538467415801161	0.940009239282062	0.902978708459512
-0.794315304180789	-0.428770714839323	-0.0463193820730614	-1.95055503326332	0.538357008086374	0.941163627546347	0.900446701791541
-0.794597095170665	-0.425649247098906	-0.0479273298992733	-1.95112055864303	0.538248885389799	0.94234053076089	0.897911577198019
-0.794877123847936	-0.422523510116242	-0.0495222132008532	-1.95169696410815	0.538143060659223	0.943540015629909	0.895373331870321
-0.795155369730653	-0.419393517386859	-0.0511040006940526	-1.95228428241983	0.538039546842437	0.944762148857625	0.892831962999817
-0.795431812336868	-0.416259282406284	-0.0526726610951231	-1.95288254633922	0.537938356887228	0.946006997148258	0.890287467777883
-0.795706431184632	-0.413120818670045	-0.0542281631203161	-1.95349178862747	0.537839503741385	0.947274627206027	0.88773984339589
-0.795979205791997	-0.409978139673667	-0.0557704754858835	-1.95411204204572	0.537743000352696	0.948565105735153	0.885189087045211
-0.796250115677014	-0.40683125891268	-0.0572995669080764	-1.95474333935513	0.537648859668951	0.949878499439855	0.882635195917219
-0.796519140357735	-0.403680189882609	-0.0588154061031466	-1.95538571331683	0.537557094637936	0.951214875024354	0.880078167203286
-0.796786259352211	-0.400524946078982	-0.0603179617873461	-1.95603919669198	0.537467718207442	0.952574299192869	0.877517998094785
-0.797051452178494	-0.397365540997326	-0.0618072026769259	-1.95670382224172	0.537380743325256	0.95395683864962	0.874954685783089
-0.797314698354635	-0.394201988133168	-0.0632830974881378	-1.9573796227272	0.537296182939168	0.955362560098827	0.872388227459571
-0.797575977398686	-0.391034300982036	-0.0647456149372331	-1.95806663090956	0.537214049996965	0.956791530244711	0.869818620315603
-0.797835268828699	-0.387862493039457	-0.0661947237404639	-1.95876487954996	0.537134357446436	0.958243815791491	0.867245861542559
-0.798092552162724	-0.384686577800958	-0.0676303926140812	-1.95947440140954	0.537057118235369	0.959719483443386	0.864669948331811
-0.798347806918814	-0.381506568762066	-0.0690525902743368	-1.96019522924945	0.536982345311554	0.961218599904617	0.862090877874731
-0.79860101261502	-0.378322479418309	-0.0704612854374826	-1.96092739583084	0.536910051622779	0.962741231879405	0.859508647362693
-0.798852148769393	-0.375134323265213	-0.0718564468197697	-1.96167093391484	0.536840250116831	0.964287446071967	0.856923253987069
-0.799101194899985	-0.371942113798306	-0.07323804313745	-1.96242587626262	0.536772953741501	0.965857309186526	0.854334694939232
-0.799348130524848	-0.368745864513115	-0.0746060431067746	-1.96319225563532	0.536708175444576	0.9674508879273	0.851742967410555
-0.799592935162033	-0.365545588905168	-0.0759604154439954	-1.96397010479408	0.536645928173844	0.969068248998509	0.84914806859241
-0.799835588329591	-0.362341300469991	-0.0773011288653642	-1.96475945650005	0.536586224877095	0.970709459104374	0.84654999567617
-0.800076069545574	-0.359133012703111	-0.0786281520871323	-1.96556034351438	0.536529078502117	0.972374584949115	0.843948745853208
-0.800314358328034	-0.355920739100057	-0.079941453825551	-1.96637279859822	0.536474501996698	0.97406369323695	0.841344316314897
-0.800550434195022	-0.352704493156354	-0.0812410027968725	-1.9671968545127	0.536422508308627	0.975776850672101	0.83873670425261
-0.80078427666459	-0.349484288367531	-0.0825267677173478	-1.96803254401899	0.536373110385693	0.977514123958787	0.836125906857718
-0.801015865254788	-0.346260138229114	-0.0837987173032286	-1.96887989987823	0.536326321175684	0.979275579801228	0.833511921321596
-0.80124517948367	-0.343032056236631	-0.0850568202707668	-1.96973895485156	0.536282153626388	0.981061284903644	0.830894744835615
-0.801472198869285	-0.339800055885609	-0.0863010453362137	-1.97060974170014	0.536240620685594	0.982871305970255	0.828274374591149
-0.801696902929687	-0.336564150671575	-0.0875313612158207	-1.9714922931851	0.536201735301091	0.98470570970528	0.82565080777957
-0.801919271182925	-0.333324354090056	-0.0887477366258397	-1.9723866420676	0.536165510420667	0.98656456281294	0.823024041592251
-0.802139283147052	-0.33008067963658	-0.0899501402825222	-1.97329282110878	0.53613195899211	0.988447931997455	0.820394073220564
-0.80235691834012	-0.326833140806673	-0.0911385409021198	-1.9742108630698	0.53610109396321	0.990355883963045	0.817760899855883
-0.802572156280179	-0.323581751095864	-0.0923129072008836	-1.97514080071179	0.536072928281754	0.992288485413929	0.81512451868958
-0.802784976485281	-0.320326523999678	-0.0934732078950657	-1.9760826667959	0.536047474895531	0.994245803054327	0.812484926913029
-0.802995358473479	-0.317067473013644	-0.0946194117009178	-1.97703649408329	0.536024746752331	0.99622790358846	0.8098421217176
-0.803203281762822	-0.313804611633289	-0.0957514873346908	-1.9780023153351	0.53600475679994	0.998234853720547	0.807196100294668
-0.803408725871364	-0.310537953354139	-0.0968694035126368	-1.97898016331248	0.535987517986149	1.00026672015481	0.804546859835606
-0.803611670317155	-0.307267511671723	-0.0979731289510073	-1.97997007077656	0.535973043258744	1.00232356959546	0.801894397531785
-0.803812094618246	-0.303993300081566	-0.0990626323660536	-1.98097207048851	0.535961345565516	1.00440546874673	0.799238710574579
-0.80400997829269	-0.300715332079197	-0.100137882474028	-1.98198619520947	0.535952437854252	1.00651248431284	0.79657979615536
-0.804205300858538	-0.297433621160142	-0.101198847991181	-1.98301247770059	0.535946333072741	1.00864468299799	0.793917651465502
-0.804398041833842	-0.294148180819929	-0.102245497633765	-1.984050950723	0.535943044168771	1.01080213150643	0.791252273696376
-0.804588180736652	-0.290859024554086	-0.103277800118031	-1.98510164703787	0.535942584090131	1.01298489654235	0.788583660039356
-0.804775697085021	-0.287566165858138	-0.104295724160231	-1.98616459940633	0.53594496578461	1.01519304480999	0.785911807685814
-0.804960570397	-0.284269618227614	-0.105299238476616	-1.98723984058954	0.535950202199996	1.01742664301356	0.783236713827124
-0.805142780190641	-0.28096939515804	-0.106288311783438	-1.98832740334864	0.535958306284077	1.01968575785729	0.780558375654657
-0.805322305983994	-0.277665510144945	-0.107262912796949	-1.98942732044477	0.535969290984642	1.02197045604539	0.777876790359788
-0.805499127295112	-0.274357976683854	-0.1082230102334	-1.9905396246391	0.535983169249481	1.02428080428208	0.775191955133887
-0.805673223642046	-0.271046808270295	-0.109168572809043	-1.99166434869275	0.53599995402638	1.02661686927159	0.772503867168329
-0.805844574542848	-0.267732018399797	-0.110099569240129	-1.99280152536689	0.536019658263128	1.02897871771813	0.769812523654485
-0.806013159515568	-0.264413620567884	-0.11101596824291	-1.99395118742265	0.536042294907516	1.03136641632592	0.76711792178373
-0.80617895807826	-0.261091628270086	-0.111917738533637	-1.99511336762119	0.536067876907329	1.03378003179918	0.764420058747434
-0.806341949748973	-0.257766055001928	-0.112804848828562	-1.99628809872365	0.536096417210359	1.03621963084214	0.761718931736972
-0.806502114045761	-0.254436914258939	-0.113677267843936	-1.99747541349118	0.536127928764391	1.03868528015901	0.759014537943715
-0.806659430486673	-0.251104219536646	-0.114534964296012	-1.99867534468492	0.536162424517217	1.04117704645402	0.756306874559037
-0.806813878589762	-0.247767984330575	-0.115377906901041	-1.99988792506603	0.536199917416622	1.04369499643138	0.753595938774311
-0.806965437873079	-0.244428222136254	-0.116206064375273	-2.00111318739565	0.536240420410398	1.0462391967953	0.750881727780909
-0.807114087854676	-0.24108494644921	-0.117019405434962	-2.00235116443492	0.536283946446331	1.04880971425003	0.748164238770203
-0.807259808052605	-0.23773817076497	-0.117817898796357	-2.00360188894501	0.536330508472211	1.05140661549976	0.745443468933568
-0.807402577984916	-0.234387908579062	-0.118601513175712	-2.00486539368704	0.536380119435826	1.05402996724873	0.742719415462374
-0.807542377169661	-0.231034173387013	-0.119370217289277	-2.00614171142217	0.536432792284964	1.05667983620115	0.739992075547996
-0.807679185124892	-0.227676978684349	-0.120123979853305	-2.00743087491155	0.536488539967414	1.05935628906124	0.737261446381805
-0.807812981368661	-0.224316337966599	-0.120862769584046	-2.00873291691632	0.536547375430965	1.06205939253323	0.734527525155176
-0.807943745419018	-0.220952264729289	-0.121586555197752	-2.01004787019764	0.536609311623405	1.06478921332132	0.731790309059479
-0.808071456794016	-0.217584772467947	-0.122295305410675	-2.01137576751664	0.536674361492522	1.06754581812975	0.729049795286089
-0.808196095011706	-0.214213874678099	-0.122988988939067	-2.01271664163447	0.536742537986105	1.07032927366273	0.726305981026377
-0.808317639590139	-0.210839584855273	-0.123667574499178	-2.01407052531229	0.536813854051944	1.07313964662449	0.723558863471717
-0.808436070047367	-0.207461916494997	-0.124331030807261	-2.01543745131124	0.536888322637825	1.07597700371923	0.720808439813482
-0.808551365901442	-0.204080883092796	-0.124979326579567	-2.01681745239247	0.536965956691538	1.07884141165119	0.718054707243043
-0.808663506670414	-0.2006964981442	-0.125612430532347	-2.01821056131712	0.537046769160872	1.08173293712457	0.715297662951775
-0.808772471872336	-0.197308775144734	-0.126230311381854	-2.01961681084634	0.537130772993614	1.08465164684361	0.712537304131049
-0.808878241025259	-0.193917727589926	-0.126832937844339	-2.02103623374128	0.537217981137553	1.08759760751253	0.709773627972238
-0.808980793647235	-0.190523368975304	-0.127420278636052	-2.02246886276308	0.537308406540479	1.09057088583553	0.707006631666716
-0.809080109256314	-0.187125712796393	-0.127992302473247	-2.0239147306729	0.537402062150178	1.09357154851684	0.704236312405854
-0.80917616737055	-0.183724772548723	-0.128548978072175	-2.02537387023187	0.537498960914441	1.09659966226069	0.701462667381026
-0.809268947507992	-0.180320561727819	-0.129090274149086	-2.02684631420116	0.537599115781055	1.09965529377129	0.698685693783604
-0.809358429186693	-0.176913093829209	-0.129616159420233	-2.0283320953419	0.537702539697808	1.10273850975285	0.695905388804961
-0.809444591924704	-0.173502382348421	-0.130126602601867	-2.02983124641524	0.537809245612491	1.10584937690961	0.69312174963647
-0.809527415240076	-0.170088440780981	-0.13062157241024	-2.03134380018233	0.53791924647289	1.10898796194578	0.690334773469504
-0.809606878650862	-0.166671282622417	-0.131101037561603	-2.03286978940431	0.538032555226795	1.11215433156558	0.687544457495435
-0.809682961675113	-0.163250921368255	-0.131564966772208	-2.03440924684234	0.538149184821994	1.11534855247324	0.684750798905636
-0.809755643830879	-0.159827370514023	-0.132013328758307	-2.03596220525756	0.538269148206276	1.11857069137296	0.68195379489148
-0.809824904636214	-0.156400643555249	-0.132446092236151	-2.03752869741111	0.538392458327428	1.12182081496897	0.679153442644339
-0.809890735108747	-0.15297081490244	-0.132863265967213	-2.03910868935892	0.53851911503375	1.12509885203484	0.67634979348917
-0.809953172171576	-0.149538201647181	-0.13326501850249	-2.04070188117286	0.538649065915085	1.12840418135476	0.67354311446071
-0.81001226399205	-0.146103179104194	-0.133651557361947	-2.042307908521	0.538782245845429	1.13173604854874	0.670733724459759
-0.810068058458972	-0.142666119651651	-0.134023088891453	-2.04392640958208	0.538918590117299	1.13509370443659	0.667921939913461
-0.810120603182605	-0.13922739273117	-0.13437981826278	-2.04555702504547	0.539058034441733	1.13847640503792	0.665108074775304
-0.810169945494667	-0.135787364847816	-0.134721949473607	-2.04719939811124	0.539200514948288	1.14188341157212	0.662292440525119
-0.810216132448334	-0.132346399570101	-0.135049685347516	-2.04885317449007	0.539345968185043	1.14531399045837	0.659475346169077
-0.810259210818242	-0.128904857529986	-0.135363227533994	-2.05051800240331	0.539494331118596	1.14876741331565	0.656657098239697
-0.810299227100479	-0.125463096422876	-0.135662776508432	-2.05219353258298	0.539645541134066	1.15224295696273	0.653838000795836
-0.810336227512596	-0.122021471007625	-0.135948531572125	-2.05387941827173	0.539799536035091	1.15573990341818	0.651018355422698
-0.810370257993598	-0.118580333106533	-0.136220690852275	-2.05557531522289	0.539956254043833	1.15925753990035	0.648198461231828
-0.810401364203948	-0.115140031605347	-0.136479451301985	-2.05728088170043	0.54011563380097	1.16279515882739	0.645378614861114
-0.810429591525567	-0.111700912453264	-0.136725008700266	-2.05899577847898	0.540277614365703	1.16635205781724	0.642559110474789
-0.810454985061833	-0.108263318662923	-0.13695755765203	-2.06071966884383	0.540442135215752	1.16992753968764	0.639740239763425
-0.81047758963758	-0.104827590310415	-0.137177291588096	-2.06245221859091	0.540609136247359	1.17352091245611	0.636922291943942
-0.810497449799101	-0.101394064535274	-0.137384402765186	-2.06419309602682	0.540778557775284	1.17713148933997	0.634105553759599
-0.810514609814147	-0.0979630755404846	-0.137579082265928	-2.0659419719688	0.54095034053281	1.18075858875633	0.631290309480001
-0.810529113671924	-0.0945349545924755	-0.137761519998853	-2.06769851974478	0.541124425671739	1.1844015343221	0.628476840901094
-0.810541005083098	-0.0911100300211242	-0.137931904698398	-2.0694624151933	0.541300754762392	1.18805965485397	0.625665427345167
-0.81055032747979	-0.0876886272197546	-0.138090423924902	-2.07123333666358	0.541479269793614	1.19173228436843	0.622856345660855
-0.810557124015579	-0.0842710686451381	-0.138237264064612	-2.07301096501549	0.541659913172766	1.19541876208177	0.620049870223132
-0.810561437565502	-0.0808576738174926	-0.138372610329676	-2.07479498361957	0.541842627725733	1.19911843241006	0.617246272933317
-0.810563310726053	-0.0774487593204835	-0.138496646758149	-2.07658507835698	0.542027356696919	1.20283064496916	0.614445823219072
-0.810562785815183	-0.0740446388012232	-0.138609556213989	-2.07838093761958	0.542214043749248	1.20655475457473	0.611648788034403
-0.810559904872302	-0.070645622970271	-0.138711520387059	-2.08018225230985	0.542402632964163	1.21029012124224	0.608855431859657
-0.810554709658275	-0.0672520196016334	-0.138802719793127	-2.08198871584093	0.542593068841631	1.21403611018691	0.606066016701524
-0.810547241655425	-0.0638641335327638	-0.138883333773864	-2.08380002413664	0.542785296300137	1.21779209182379	0.603280802093041
-0.810537542067534	-0.0604822666645628	-0.138953540496848	-2.08561587563143	0.542979260676687	1.22155744176771	0.600500045093582
-0.810525651819839	-0.057106717961378	-0.139013516955558	-2.08743597127042	0.543174907726805	1.22533154083329	0.59772400028887
-0.810511611559037	-0.0537377834510042	-0.139063438969381	-2.08926001450937	0.54337218362454	1.22911377503495	0.594952919790966
-0.810495461653278	-0.0503757562246831	-0.139103481183606	-2.0910877113147	0.543571034962457	1.23290353558689	0.592187053238276
-0.810477242192175	-0.0470209264371035	-0.139133817069428	-2.0929187701635	0.543771408751645	1.23670021890311	0.589426647795551
-0.810456992986794	-0.0436735813064013	-0.139154618923945	-2.09475290204351	0.543973252421709	1.24050322659741	0.586671948153883
-0.810434753569659	-0.0403340051141593	-0.139166057870162	-2.0965898204531	0.544176513820779	1.24431196548337	0.583923196530706
-0.810410563194755	-0.0370024792054076	-0.139168303856985	-2.09842924140133	0.544381141215502	1.24812584757437	0.5811806326698
-0.810384460837519	-0.0336792819886232	-0.139161525659227	-2.1002708834079	0.544587083291048	1.25194429008358	0.578444493841285
-0.810356485194848	-0.0303646889357303	-0.139145890877605	-2.10211446750316	0.544794289151104	1.25576671542396	0.575715014841627
-0.810326674685098	-0.0270589725821001	-0.139121565938741	-2.10395971722812	0.545002708317881	1.25959255120826	0.572992427993632
-0.810295067448079	-0.0237624025265506	-0.139088716095159	-2.10580635863445	0.545212290732108	1.26342123024905	0.570276963146451
-0.810261701345061	-0.0204752454313474	-0.13904750542529	-2.10765412028447	0.545422986753035	1.26725219055864	0.567568847675577
-0.810226613958769	-0.0171977650222026	-0.138998096833469	-2.10950273325116	0.545634747158433	1.27108487534919	0.564868306482848
-0.810189842593387	-0.0139302220882758	-0.138940652049935	-2.11135193111815	0.545847523144592	1.27491873303261	0.562175561996443
-0.810151424274557	-0.0106728744821734	-0.138875331630833	-2.11320144997973	0.546061266326324	1.27875321722063	0.559490834170885
-0.810111395749376	-0.00742597711994889	-0.138802294958209	-2.11505102844084	0.546275928736959	1.28258778672475	0.556814340487039
-0.810069793486401	-0.00418978198110297	-0.138721700240017	-2.11690040761707	0.546491462828351	1.28642190555628	0.554146295952114
-0.810026653675644	-0.000964538108583252	-0.138633704510113	-2.11874933113468	0.54670782147087	1.29025504292631	0.551486913099662
-0.809982012228575	0.00224950839121556	-0.13853846362826	-2.12059754513059	0.54692495795341	1.29408667324573	0.548836401989578
-0.809935904778123	0.00545211434845164	-0.138436132280123	-2.12244479825234	0.547142825983384	1.29791627612523	0.5461949702081
-0.809888366678672	0.00864303952983616	-0.138326863977274	-2.12429084165817	0.547361379686724	1.30174333637528	0.543562822867808
-0.809839433006065	0.0118220466386332	-0.138210811057187	-2.12613542901694	0.547580573607885	1.30556734400613	0.540940162607627
-0.809789138557601	0.0149889013146598	-0.138088124683241	-2.12797831650819	0.547800362709841	1.30938779422786	0.538327189592823
-0.809737517852038	0.018143372134286	-0.137958954844722	-2.1298192628221	0.548020702374085	1.31320418745032	0.535724101515007
-0.80968460512959	0.0212852306104347	-0.137823450356816	-2.1316580291595	0.548241548400634	1.31701602928314	0.533131093592132
-0.809630434351929	0.0244142511925816	-0.137681758860618	-2.1334943792319	0.548462857008021	1.32082283053577	0.530548358568494
-0.809575039202184	0.0275302112667556	-0.137534026823125	-2.13532807926145	0.548684584833302	1.32462410721743	0.527976086714731
-0.809518453084941	0.0306328911555385	-0.137380399537239	-2.13715889798095	0.548906688932054	1.32841938053715	0.525414465827827
-0.809460709126245	0.0337220741180649	-0.137221021121765	-2.13898660663386	0.549129126778372	1.33220817690373	0.522863681231106
-0.809401840173596	0.0367975463500224	-0.137056034521416	-2.14081097897429	0.549351856264874	1.3359900279258	0.520323915774237
-0.809341878795953	0.0398590969836516	-0.136885581506807	-2.14263179126703	0.549574835702695	1.33976447041174	0.51779534983323
-0.809280857283732	0.0429065180877458	-0.136709802674457	-2.14444882228749	0.549798023821493	1.34353104636974	0.515278161310441
-0.809218807648806	0.0459396046676517	-0.136528837446791	-2.14626185332176	0.550021379769446	1.3472893030078	0.512772525634567
-0.809155761624506	0.0489581546652685	-0.136342824072138	-2.14807066816658	0.550244863113252	1.35103879273369	0.510278615760648
-0.80909175066562	0.0519619689590486	-0.136151899624731	-2.14987505312934	0.550468433838129	1.35477907315498	0.507796602170068
-0.809026805948392	0.0549508513639971	-0.135956200004707	-2.15167479702808	0.550692052347816	1.35850970707904	0.505326652870553
-0.808960958370526	0.0579246086316723	-0.13575585993811	-2.15346969119152	0.550915679464572	1.362230262513	0.502868933396172
-0.808894238551182	0.0608830504501852	-0.135551012976886	-2.155259529459	0.551139276429177	1.36594031266384	0.500423606807339
-0.808826676830976	0.0638259894442001	-0.135341791498887	-2.15704410818054	0.55136280490093	1.36963943593827	0.497990833690808
-0.808758303271984	0.0667532411749337	-0.135128326707868	-2.15882322621681	0.551586226957651	1.37332721594285	0.49557077215968
-0.808689147657737	0.0696646241401561	-0.134910748633489	-2.16059668493914	0.551809505095682	1.37700324148388	0.493163577853394
-0.808619239493225	0.0725599597741902	-0.134689186131315	-2.1623642882295	0.552032602229883	1.3806671065675	0.490769403937737
-0.808548608004895	0.0754390724479118	-0.134463766882815	-2.16412584248054	0.552255481693634	1.38431841039961	0.488388401104835
-0.80847728214065	0.0783017894687496	-0.134234617395363	-2.16588115659553	0.552478107238839	1.38795675738591	0.48602071757316
-0.808405290569853	0.0811479410806853	-0.134001863002238	-2.16763004198842	0.552700443035919	1.39158175713189	0.483666499087526
-0.808332661683321	0.0839773604642536	-0.133765627862622	-2.16937231258382	0.552922453673816	1.39519302444286	0.481325888919089
-0.808259423593331	0.0867898837365421	-0.133526034961601	-2.17110778481699	0.553144104159993	1.39879017932388	0.478999027865349
-0.808185604133617	0.0895853499511911	-0.133283206110168	-2.17283627763382	0.553365359920433	1.40237284697983	0.476686054250149
-0.808111230859368	0.0923636010983943	-0.133037261945219	-2.17455761249089	0.55358618679964	1.40594065781538	0.474387103923676
-0.808036331047234	0.0951244821048979	-0.132788321929554	-2.17627161335542	0.553806551060636	1.40949324743498	0.472102310262458
-0.80796093169532	0.0978678408340015	-0.132536504351879	-2.17797810670529	0.554026419384968	1.41303025664288	0.469831804169368
-0.807885059523188	0.100593528085557	-0.132281926326802	-2.17967692152903	0.554245758872698	1.41655133144314	0.46757571407362
-0.807808740971859	0.10330139759597	-0.132024703794839	-2.18136788932582	0.554464537042412	1.42005612303958	0.465334165930773
-0.80773200220381	0.105991306038198	-0.131764951522407	-2.18305084410552	0.554682721831216	1.42354428783583	0.463107283222729
-0.807654869102977	0.108663113021753	-0.13150278310183	-2.18472562238861	0.554900281594734	1.42701548743531	0.46089518695773
-0.807577367274751	0.111316681092698	-0.131238310951335	-2.18639206320625	0.555117185107113	1.43046938864125	0.458697995670365
-0.807499522045982	0.113951875733651	-0.130971646315054	-2.18805000810025	0.555333401561019	1.43390566345664	0.456515825421563
-0.807421358464977	0.116568565363782	-0.130702899263023	-2.18969930112307	0.555548900567639	1.43732398908428	0.454348789798599
-0.807342901301501	0.119166621338812	-0.130432178691184	-2.19133978883783	0.55576365215668	1.44072404792676	0.452196999915089
-0.807264175046774	0.121745917951019	-0.130159592321381	-2.19297132031831	0.555977626776368	1.44410552758648	0.450060564410991
-0.807185203913476	0.12430633242923	-0.129885246701366	-2.19459374714893	0.556190795293453	1.4474681208656	0.44793958945261
-0.807106011835743	0.126847744938828	-0.129609247204791	-2.19620692342479	0.556403128993203	1.45081152576609	0.445834178732589
-0.807026622469169	0.129370038581747	-0.129331698031217	-2.19781070575161	0.556614599579405	1.45413544548972	0.443744433469918
-0.806947059190805	0.131873099396475	-0.129052702206106	-2.1994049532458	0.556825179174368	1.45743958843804	0.441670452409928
-0.806867345099159	0.134356816358051	-0.128772361580826	-2.20098952753441	0.557034840318923	1.46072366821239	0.439612331824294
-0.806787503014197	0.13682108137807	-0.12849077683265	-2.20256429275514	0.557243555972418	1.46398740361393	0.437570165511033
-0.806707555477342	0.139265789304678	-0.128208047464754	-2.20412911555635	0.557451299512723	1.46723051864357	0.435544044794507
-0.806627524751474	0.141690837922574	-0.127924271806219	-2.20568386509706	0.557658044736229	1.47045274250204	0.433534058525419
-0.806547432820932	0.14409612795301	-0.127639547012032	-2.20722841304694	0.557863765857846	1.47365380958987	0.431540293080816
-0.80646730139151	0.146481563053792	-0.127353969063083	-2.20876263358632	0.558068437511006	1.47683345950735	0.429562832364087
-0.80638715189046	0.148847049819277	-0.127067632766166	-2.21028640340618	0.55827203474766	1.4799914370546	0.427601757804966
-0.806307005466493	0.151192497780377	-0.126780631753981	-2.21179960170816	0.558474533038279	1.4831274922315	0.425657148359529
-0.806226882989776	0.153517819404556	-0.126493058485131	-2.21330211020455	0.558675908271856	1.48624138023775	0.423729080510193
-0.806146805051933	0.15582293009583	-0.126205004244124	-2.2147938131183	0.558876136755904	1.48933286147282	0.421817628265723
-0.806066791966046	0.15810774819477	-0.125916559141374	-2.21627459718302	0.559075195216454	1.49240170153599	0.419922863161221
-0.805986863766654	0.160372194978498	-0.125627812113197	-2.21774435164295	0.559273060798061	1.49544767122632	0.418044854258138
-0.805907040209753	0.16261619466069	-0.125338850921815	-2.21920296825302	0.559469711063797	1.49847054654267	0.416183668144262
-0.805827340772799	0.164839674391575	-0.125049762155354	-2.22065034127879	0.559665123995258	1.50147010868369	0.41433936893373
-0.805747784654701	0.167042564257934	-0.124760631227845	-2.22208636749648	0.559859277992557	1.50444614404782	0.412512018267017
-0.805668390775829	0.169224797283102	-0.124471542379222	-2.22351094619299	0.560052151874328	1.5073984442333	0.410701675310945
-0.805589177778008	0.171386309426966	-0.124182578675326	-2.22492397916584	0.560243724877727	1.51032680603816	0.408908396758676
-0.805510164024522	0.173527039585968	-0.1238938220079	-2.22632537072322	0.56043397665843	1.51323103146021	0.407132236829717
-0.805431367600111	0.175646929593099	-0.123605353094592	-2.22771502768398	0.560622887290631	1.51611092769707	0.405373247269917
-0.805352806310973	0.177745924217907	-0.123317251478957	-2.22909285937762	0.560810437267048	1.51896630714615	0.403631477351468
-0.805274497684764	0.179823971166491	-0.123029595530451	-2.23045877764429	0.560996607498916	1.52179698740464	0.401906973872906
-0.805196458970596	0.181881021081503	-0.122742462444437	-2.23181269683481	0.561181379315993	1.52460279126954	0.40019978115911
-0.80511870713904	0.183917027542148	-0.12245592824218	-2.23315453381064	0.561364734466555	1.52738354673763	0.3985099410613
-0.805041258882122	0.185931947064184	-0.122170067770852	-2.2344842079439	0.5615466551174	1.53013908700547	0.396837492957042
-0.804964130613327	0.187925739099923	-0.121884954703528	-2.23580164111738	0.561727123853846	1.53286925046946	0.395182473750243
-0.804887338467599	0.189898366038227	-0.121600661539189	-2.2371067577245	0.561906123679732	1.53557388072573	0.393544917871153
-0.804810898301334	0.191849793204515	-0.121317259602717	-2.23839948466935	0.562083638017416	1.53825282657025	0.391924857276367
-0.804734825692392	0.193779988860756	-0.121034819044904	-2.23967975136667	0.562259650707777	1.54090594199877	0.39032232144882
-0.804659135940085	0.195688924205472	-0.120753408842441	-2.24094748974187	0.562434146010214	1.54353308620682	0.388737337397793
-0.804583844065185	0.19757657337374	-0.120473096797926	-2.24220263423099	0.562607108602648	1.54613412358973	0.387169929658909
-0.804508964809922	0.199442913437188	-0.120193949539862	-2.24344512178075	0.562778523581517	1.54870892374263	0.385620120294132
-0.80443451263798	0.201287924403997	-0.119916032522656	-2.2446748918485	0.562948376461783	1.55125736146043	0.384087928891773
-0.804360501734504	0.203111589218903	-0.11963941002662	-2.24589188640227	0.563116653176927	1.55377931673785	0.382573372566483
-0.804286946006095	0.204913893763192	-0.119364145157967	-2.24709604992074	0.56328334007895	1.55627467476938	0.381076465959256
-0.80421385908081	0.206694826854706	-0.11909029984882	-2.24828732939322	0.563448423938372	1.55874332594932	0.379597221237432
-0.804141254308166	0.208454380247836	-0.118817934857203	-2.24946567431971	0.563611891944237	1.56118516587176	0.37813564809469
-0.804069144759134	0.210192548633531	-0.118547109767044	-2.25063103671085	0.563773731704106	1.56360009533057	0.376691753751056
-0.803997543226146	0.211909329639288	-0.118277882988178	-2.25178337108792	0.563933931244062	1.56598802031943	0.375265542952895
-0.803926462223089	0.213604723829161	-0.118010311756343	-2.25292263448289	0.564092479008709	1.56834885203181	0.373857017972918
-0.803855913985308	0.215278734703753	-0.117744452133182	-2.25404878643836	0.564249363861168	1.57068250686095	0.372466178610179
-0.803785910469605	0.216931368700224	-0.117480359006241	-2.25516178900759	0.564404575083085	1.57298890639991	0.371093022190073
-0.80371646335424	0.218562635192284	-0.117218086088973	-2.2562616067545	0.564558102374622	1.57526797744153	0.36973754356434
-0.80364758403893	0.220172546490197	-0.116957685920733	-2.25734820675365	0.564709935854466	1.57751965197844	0.368399735111062
-0.803579283644848	0.22176111784078	-0.116699209866782	-2.25842155859028	0.56486006605982	1.57974386720308	0.367079586734664
-0.803511573014628	0.223328367427403	-0.116442708118285	-2.25948163436027	0.565008483946409	1.58194056550767	0.365777085865915
-0.803444462712357	0.224874316369988	-0.116188229692312	-2.26052840867015	0.565155180888479	1.5841096944842	0.364492217461926
-0.803377963023583	0.226398988725012	-0.115935822431836	-2.26156185863712	0.565300148678797	1.5862512069245	0.363224964006151
-0.803312083955308	0.227902411485502	-0.115685533005737	-2.26258196388903	0.565443379528647	1.58836506082016	0.361975305508388
-0.803246835235995	0.229384614581041	-0.115437406908797	-2.26358870656438	0.565584866067838	1.59045121936256	0.360743219504778
-0.803182226315561	0.230845630877763	-0.115191488461704	-2.26458207131232	0.565724601344695	1.5925096509429	0.359528681057804
-0.803118266365382	0.232285496178355	-0.11494782081105	-2.26556204529268	0.565862578826066	1.59454032915214	0.358331662756293
-0.803054964278291	0.233704249222057	-0.11470644592933	-2.26652861817592	0.565998792397319	1.59654323278106	0.357152134715413
-0.802992328668579	0.235101931684664	-0.114467404614948	-2.26748178214317	0.566133236362342	1.59851834582021	0.355990064576679
-0.802930367871993	0.236478588178521	-0.114230736492206	-2.2684215318862	0.566265905443544	1.60046565745996	0.354845417507945
-0.80286908994574	0.237834266252527	-0.113996480011316	-2.26934786460745	0.566396794781852	1.60238516209043	0.353718156203411
-0.80280850266848	0.239169016392135	-0.113764672448392	-2.27026078002002	0.566525899936717	1.60427685930158	0.352608240883618
-0.802748613540335	0.240482892019349	-0.113535349905453	-2.27116028034764	0.566653216886107	1.60614075388313	0.35151562929545
-0.802689429782881	0.241775949492728	-0.113308547310422	-2.27204637032472	0.566778742026513	1.60797685582461	0.350440276712137
-0.802630958339152	0.243048248107382	-0.113084298417127	-2.27291905719631	0.566902472172945	1.60978518031532	0.349382135933248
-0.802573205873642	0.244299850094976	-0.1128626358053	-2.27377835071813	0.567024404558933	1.61156574774439	0.348341157284698
-0.802516178772298	0.245530820623726	-0.112643590880579	-2.27462426315654	0.567144536836528	1.61331858370071	0.347317288618744
-0.802459883142528	0.246741227798403	-0.112427193874503	-2.27545680928857	0.567262867076303	1.61504371897298	0.346310475313986
-0.802404324813195	0.247931142660328	-0.11221347384452	-2.27627600640188	0.567379393767347	1.61674118954968	0.345320660275366
-0.802349509334621	0.249100639187377	-0.11200245867398	-2.27708187429482	0.567494115817274	1.61841103661909	0.344347783934171
-0.802295441978585	0.25024979429398	-0.111794175072136	-2.27787443527637	0.567607032552216	1.62005330656928	0.34339178424803
-0.802242127738322	0.251378687831116	-0.111588648574149	-2.27865371416617	0.567718143716825	1.62166805098811	0.342452596700915
-0.802189571328526	0.252487402586322	-0.111385903541082	-2.27941973829453	0.567827449474276	1.62325532666325	0.341530154303141
-0.802137777185347	0.253576024283685	-0.111185963159904	-2.28017253750239	0.56793495040626	1.62481519558214	0.340624387591368
-0.802086749466393	0.254644641583843	-0.110988849443486	-2.28091214414137	0.568040647512992	1.62634772493202	0.339735224628595
-0.802036492050731	0.255693346083992	-0.110794583230606	-2.28163859307372	0.568144542213207	1.62785298709993	0.338862591004167
-0.801987008538881	0.256722232317877	-0.110603184185947	-2.28235192167238	0.568246636344158	1.62933105967269	0.338006409833772
-0.801938302252826	0.257731397755797	-0.110414670800093	-2.2830521698209	0.568346932161621	1.63078202543693	0.33716660175944
-0.801890376236002	0.258720942804605	-0.110229060389536	-2.28373937991353	0.568445432339891	1.63220597237905	0.336343084949544
-0.801843233253303	0.259690970807705	-0.11004636909667	-2.28441359685514	0.568542139971784	1.63360299368526	0.335535775098802
-0.801796875791082	0.260641588045056	-0.109866611889795	-2.28507486806129	0.568637058568636	1.63497318774156	0.334744585428271
-0.801751306057149	0.261572903733168	-0.109689802563116	-2.28572324345815	0.568730192060303	1.63631665813373	0.333969426685356
-0.80170652598077	0.262485030025105	-0.10951595373674	-2.28635877548259	0.568821544795161	1.63763351364737	0.333210207143802
-0.801662537212669	0.263378082010484	-0.109345076856681	-2.28698151908211	0.568911121540108	1.63892386826783	0.332466832603697
-0.801619341125028	0.264252177715475	-0.109177182194856	-2.28759153171488	0.568998927480562	1.6401878411803	0.331739206391473
-0.801576938811486	0.2651074381028	-0.109012278849088	-2.2881888733497	0.569084968220461	1.64142555676972	0.331027229359904
-0.801535331087139	0.265943987071735	-0.108850374743102	-2.28877360646605	0.569169249782261	1.64263714462086	0.330330799888109
-0.80149451848854	0.266761951458109	-0.10869147662653	-2.28934579605406	0.569251778606943	1.64382273951826	0.329649813881549
-0.801454501273701	0.267561461034303	-0.108535590074907	-2.28990550961451	0.569332561554005	1.64498248144626	0.328984164772026
-0.801415279422089	0.268342648509251	-0.108382719489673	-2.29045281715884	0.569411605901465	1.64611651558897	0.328333743517688
-0.801376852634631	0.269105649528441	-0.108232868098172	-2.29098779120914	0.569488919345865	1.64722499233034	0.327698438603026
-0.801339220333708	0.269850602673913	-0.108086037953654	-2.29151050679816	0.569564510002263	1.64830806725408	0.327078136038871
-0.801302381663163	0.27057764946426	-0.107942229935271	-2.2920210414693	0.569638386404241	1.64936590114368	0.3264727193624
-0.801266335488291	0.271286934354629	-0.107801443748082	-2.29251947527662	0.569710557503899	1.65039865998245	0.325882069637131
-0.801231080395849	0.271978604736719	-0.107663677923048	-2.29300589078484	0.569781032671858	1.6514065149535	0.325306065452928
-0.801196614694047	0.272652810938781	-0.107528929817037	-2.29348037306932	0.569849821697259	1.65238964243969	0.324744582925995
-0.801162936412557	0.273309706225621	-0.10739719561282	-2.2939430097161	0.569916934787764	1.65334822402371	0.32419749569888
-0.801130043302505	0.273949446798596	-0.107268470319073	-2.29439389082184	0.569982382569556	1.65428244648803	0.323664674940475
-0.801097932836476	0.274572191795619	-0.107142747770376	-2.29483310899389	0.570046176087337	1.65519250181492	0.323145989346013
-0.801066602208511	0.275178103291151	-0.107020020627213	-2.29526075935024	0.57010832680433	1.65607858718642	0.322641305137072
-0.801036048334109	0.275767346296211	-0.106900280375975	-2.29567693951952	0.570168846602278	1.65694090498439	0.322150486061572
-0.801006267850228	0.276340088758367	-0.106783517328953	-2.29608174964105	0.570227747781444	1.65777966279047	0.321673393393777
-0.800977257115279	0.276896501561743	-0.106669720624348	-2.29647529236478	0.570285043060614	1.6585950733861	0.321209885934292
-0.800949012209136	0.277436758527013	-0.106558878226262	-2.29685767285131	0.57034074557709	1.65938735475249	0.320759820010068
-0.800921528933125	0.277961036411407	-0.1064509769247	-2.29722899877193	0.570394868886699	1.66015673007067	0.320323049474397
-0.800894802810033	0.278469514908707	-0.106346002335577	-2.29758938030854	0.570447426963784	1.66090342772144	0.319899425706914
-0.800868829084104	0.278962376649245	-0.106243938900706	-2.29793893015373	0.570498434201212	1.66162768128542	0.319488797613598
-0.800843602721037	0.27943980719991	-0.10614476988781	-2.29827776351072	0.570547905410367	1.662329729543	0.319091011626771
-0.80081911840799	0.279901995064142	-0.106048477390513	-2.29860599809341	0.570595855821158	1.66300981647437	0.318705911705096
-0.80079537055358	0.280349131681935	-0.105955042328344	-2.29892375412635	0.570642301082008	1.6636681912595	0.318333339333583
-0.800772353287877	0.280781411429833	-0.105864444446738	-2.29923115434472	0.570687257259867	1.66430510827818	0.31797313352358
-0.800750060462413	0.281199031620937	-0.105776662317034	-2.29952832399438	0.5707307408402	1.66492082710997	0.317625130812783
-0.800728485650174	0.281602192504898	-0.105691673336474	-2.29981539083184	0.570772768726996	1.66551561253423	0.317289165265228
-0.800707622145605	0.281991097267922	-0.105609453728205	-2.30009248512427	0.570813358242762	1.66608973453011	0.316965068471294
-0.800687462964609	0.282365952032766	-0.10552997854128	-2.30035973964948	0.570852527128528	1.66664346827656	0.316652669547705
-0.800668000844543	0.282726965858741	-0.105453221650656	-2.30061728969595	0.57089029354384	1.66717709415231	0.316351795137527
-0.800649228244225	0.283074350741711	-0.105379155757193	-2.3008652730628	0.57092667606677	1.6676908977359	0.316062269410167
-0.800631137343929	0.283408321614092	-0.105307752387656	-2.30110383005984	0.570961693693905	1.66818516980563	0.31578391406138
-0.800613720045387	0.283729096344854	-0.105238981894716	-2.30133310350748	0.570995365840356	1.66866020633964	0.315516548313258
-0.800596967971786	0.284036895739521	-0.105172813456947	-2.30155323873684	0.571027712339752	1.66911630851583	0.315259988914241
-0.800580872467774	0.284331943540167	-0.105109215078828	-2.30176438358966	0.571058753444246	1.66955378271189	0.31501405013911
-0.800565424599452	0.284614466425421	-0.105048153590742	-2.30196668841834	0.571088509824506	1.66997294050532	0.314778543788988
-0.800550615154383	0.284884694010464	-0.104989594648977	-2.30216030608596	0.571117002569725	1.6703740986734	0.314553279191343
-0.800536434641584	0.285142858847031	-0.104933502735726	-2.30234539196622	0.571144253187614	1.67075757919322	0.314338063199985
-0.80052287329153	0.285389196423408	-0.104879841159084	-2.3025221039435	0.571170283604405	1.67112370924164	0.314132700195068
-0.800509921056155	0.285623945164437	-0.104828572053054	-2.30269060241282	0.57119511616485	1.67147282119532	0.313936992083086
-0.800497567608849	0.285847346431511	-0.104779656377542	-2.30285105027987	0.571218773632222	1.67180525263073	0.313750738296881
-0.800485802344458	0.286059644522574	-0.104733053918357	-2.30300361296099	0.571241279188314	1.6721213463241	0.313573735795634
-0.800474614379288	0.286261086672127	-0.104688723287214	-2.30314845838317	0.57126265643344	1.67242145025148	0.31340577906487
-0.800463992551101	0.286451923051222	-0.104646621921733	-2.30328575698405	0.571282929386433	1.6727059175887	0.313246660116459
-0.800453925419117	0.286632406767463	-0.104606706085437	-2.30341568171195	0.571302122484647	1.67297510671139	0.313096168488611
-0.800444401264012	0.286802793865008	-0.104568930867754	-2.30353840802582	0.571320260583956	1.67322938119496	0.312954091245881
-0.80043540808792	0.286963343324569	-0.104533250184017	-2.30365411389527	0.571337368958757	1.67346910981463	0.312820212979167
-0.800426933614434	0.287114317063408	-0.104499616775464	-2.30376297980057	0.571353473301963	1.6736946665454	0.312694315805709
-0.800418965288601	0.287255979935343	-0.104467982209236	-2.30386518873266	0.571368599725011	1.67390643056206	0.31257617936909
-0.800411490276929	0.287388599730742	-0.104438296878378	-2.3039609261931	0.571382774757856	1.6741047862392	0.312465580839239
-0.800404495467381	0.28751244717653	-0.104410510001843	-2.30405038019414	0.571396025348974	1.67429012315122	0.312362294912423
-0.800397967469378	0.287627795936181	-0.104384569624484	-2.30413374125866	0.571408378865363	1.67446283607226	0.312266093811256
-0.800391892613797	0.287734922609723	-0.104360422617061	-2.30421120242022	0.571419863092539	1.67462332497632	0.312176747284694
-0.800386256952976	0.287834106733739	-0.104338014676239	-2.304282959223	0.571430506234539	1.67477199503713	0.312094022608036
-0.800381046260706	0.287925630781361	-0.104317290324585	-2.30434920972187	0.571440336913922	1.67490925662826	0.312017684582923
-0.800376246032239	0.288009780162279	-0.104298192910574	-2.30441015448235	0.571449384171766	1.67503552532305	0.311947495537341
-0.800371841484281	0.288086843222731	-0.104280664608582	-2.30446599658059	0.571457677467668	1.67515122189463	0.311883215325616
-0.800367817554998	0.288157111245511	-0.104264646418891	-2.30451694160341	0.571465246679748	1.67525677231594	0.311824601328421
-0.800364158904012	0.288220878449965	-0.104250078167688	-2.30456319764831	0.571472122104645	1.67535260775969	0.31177140845277
-0.800360849912404	0.288278441991993	-0.104236898507064	-2.3046049753234	0.571478334457519	1.6754391645984	0.311723389132018
-0.800357874682709	0.288330101964045	-0.104225044915014	-2.30464248774748	0.571483914872049	1.67551688440437	0.311680293325867
-0.800355217038923	0.288376161395127	-0.104214453695439	-2.30467595054999	0.571488894900436	1.67558621394971	0.31164186852036
-0.800352860526498	0.288416926250796	-0.104205059978142	-2.30470558187103	0.5714933065134	1.67564760520631	0.311607859727882
-0.800350788412341	0.288452705433165	-0.104196797718833	-2.30473160236136	0.571497182100182	1.67570151534585	0.311578009487164
-0.800348983684821	0.288483810780895	-0.104189599699124	-2.30475423518237	0.571500554468544	1.6757484067398	0.311552057863276
-0.80034742905376	0.288510557069204	-0.104183397526534	-2.30477370600614	0.571503456844768	1.67578874695945	0.311529742447635
-0.80034610695044	0.288533262009862	-0.104178121634485	-2.30479024301539	0.571505922873655	1.67582300877584	0.311510798357999
-0.8003449995276	0.288552246251191	-0.104173701282304	-2.30480407690348	0.571507986618527	1.67585167015984	0.31149495823847
-0.800344088659435	0.288567833378066	-0.104170064555223	-2.30481544087446	0.571509682561229	1.67587521428209	0.311481952259491
-0.800343355941598	0.288580349911916	-0.104167138364376	-2.304824570643	0.571511045602123	1.67589412951303	0.311471508117849
-0.800342782691201	0.288590125310722	-0.104164848446804	-2.30483170443445	0.571512111060091	1.6759089094229	0.311463351036677
-0.80034234994681	0.288597491969018	-0.104163119365452	-2.3048370829848	0.57151291467254	1.67592005278172	0.311457203765447
-0.800342038468452	0.288602785217892	-0.10416187450917	-2.3048409495407	0.571513492595391	1.6759280635593	0.311452786579975
-0.800341828737608	0.288606343324984	-0.10416103609271	-2.30484354985947	0.571513881403091	1.67593345092526	0.311449817282422
-0.800341700957219	0.288608507494488	-0.104160525156732	-2.30484513220905	0.571514118088604	1.675936729249	0.31144801120129
-0.800341635051683	0.288609621867147	-0.104160261567797	-2.30484594736808	0.571514240063416	1.67593841809972	0.311447081191424
-0.800341610666853	0.288610033520263	-0.104160164018373	-2.30484624862581	0.571514285157532	1.67593904224639	0.311446737634014
-0.800341607170042	0.288610092467687	-0.104160150026832	-2.30484629178219	0.571514291619478	1.67593913165781	0.31144668843659
