0	0	0	0	0	0	0
4.46753418804209e-06	-4.21604143131224e-07	-2.29007364996203e-05	6.12238259931246e-06	4.7216643860487e-07	-1.33174212551125e-05	-7.12841224176834e-06
1.78217665099116e-05	-1.66281790997642e-06	-9.14103653225376e-05	2.44401628601046e-05	1.87999751041379e-06	-5.31612340050915e-05	-2.84603122566218e-05
3.99901416022235e-05	-3.68824330671287e-06	-0.000205240015454836	5.48792894766585e-05	4.21049084941821e-06	-0.000119368761726899	-6.39156949788829e-05
7.09001041015926e-05	-6.46248233951786e-06	-0.000364100815882601	9.73657111432562e-05	7.45064408960958e-06	-0.000211777327897499	-0.000113414555342874
0.000110479098644634	-9.95013701456866e-06	-0.000567703895591916	0.00015182537655418	1.15874548649794e-05	-0.000330224255993852	-0.000176876888282919
0.000158654569867962	-1.41158093380426e-05	-0.000815760383568866	0.000218184234403712	1.66079208095191e-05	-0.000474546869492921	-0.000254222688733339
0.000215353962408192	-1.89241013161169e-05	-0.00110798140879954	0.000296368233386134	2.24990395572201e-05	-0.000644582491871669	-0.000345371951628457
0.000280504720901939	-2.43396149549688e-05	-0.00144407810027001	0.000386303322195728	2.92478087420739e-05	-0.000840168446607058	-0.000450244671902596
0.000354034289985818	-3.03269522607758e-05	-0.00182376158696637	0.000487915449526776	3.68412259980719e-05	-0.00106114205717605	-0.000568760844490078
0.000435870114296443	-3.68507152397149e-05	-0.0022467429978747	0.000601130564073561	4.52662889592057e-05	-0.00130734064705561	-0.000700840464325226
0.000525939638470429	-4.38755058979636e-05	-0.0027127334619811	0.000725874614530364	5.45099952594666e-05	-0.00157860153972269	-0.000846403526342363
0.000624170307144392	-5.13659262416991e-05	-0.00322144410827163	0.000862073549591468	6.45593425328461e-05	-0.00187476205865427	-0.00100537002547581
0.000730489564954947	-5.92865782770987e-05	-0.00377258606573239	0.00100965331795116	7.54013284133358e-05	-0.0021956595273273	-0.00117765995665989
0.000844824856538707	-6.76020640103396e-05	-0.00436587046334946	0.00116853986830371	8.70229505349269e-05	-0.00254113126921875	-0.00136319331482893
0.000967103626532288	-7.62769854475992e-05	-0.00500100843010893	0.00133865914934341	9.94112065316111e-05	-0.00291101460780557	-0.00156189009491725
0.00109725331957231	-8.52759445950548e-05	-0.00567771109499688	0.00151993710976453	0.00011255309403738	-0.00330514686656474	-0.00177367029185917
0.00123520138029537	-9.45635434588835e-05	-0.00639568958699939	0.00171229969826137	0.000126435610686224	-0.0037233653689732	-0.00199845390058901
0.00138087525333811	-0.000104104384045263	-0.00715465503510255	0.0019156728635282	0.000141045754112136	-0.00416550743850794	-0.0022361609160411
0.00153420238333712	-0.00011386306836037	-0.00795431856829244	0.00212998255425931	0.000156370521949107	-0.00463141039864589	-0.00248671133314976
0.00169511021492903	-0.000123804198410382	-0.00879439131555515	0.00235515471914897	0.000172396911831128	-0.00512091157286404	-0.00275002514684932
0.00186352619275045	-0.000133892376201476	-0.00967458440587676	0.00259111530689148	0.00018911192139219	-0.00563384828463935	-0.00302602235207408
0.002039377761438	-0.000144092203739831	-0.0105946089682434	0.0028377902661811	0.000206502548266286	-0.00617005785744876	-0.00331462294375839
0.00222259236562828	-0.000154368283031622	-0.011554176131641	0.00309510554571213	0.000224555790087407	-0.00672937761476926	-0.00361574691683655
0.00241309744995792	-0.000164685216083027	-0.0125529970250559	0.00336298709417885	0.000243258644489544	-0.00731164488007779	-0.0039293142662429
0.00261082045906353	-0.000175007604900224	-0.0135907827774739	0.00364136086027553	0.000262598109106688	-0.00791669697685133	-0.00425524498691176
0.00281568883758173	-0.000185300051489389	-0.0146672445178813	0.00393015279269646	0.000282561181572831	-0.00854437122856682	-0.00459345907377743
0.00302763003014912	-0.000195527157856701	-0.0157820933752641	0.00422928884013593	0.000303134859521965	-0.00919450495870125	-0.00494387652177427
0.00324657148140233	-0.000205653526008335	-0.0169350404786084	0.00453869495128821	0.000324306140588081	-0.00986693549073157	-0.00530641732583657
0.00347244063597797	-0.000215643757950471	-0.0181257969569003	0.00485829707484758	0.00034606202240517	-0.0105615001481347	-0.00568100148089867
0.00370516493851265	-0.000225462455689284	-0.0193540739391258	0.00518802115950834	0.000368389502607224	-0.0112780362543877	-0.00606754898189489
0.003944671833643	-0.000235074221230953	-0.0206195825542711	0.00552779315396475	0.000391275578828234	-0.0120163811329675	-0.00646597982375955
0.00419088876600561	-0.000244443656581654	-0.0219220339313222	0.00587753900691111	0.000414707248702192	-0.012776372107351	-0.00687621400142697
0.00444374318023712	-0.000253535363747565	-0.0232611391992653	0.00623718466704169	0.00043867150986309	-0.0135578465010152	-0.00729817150983148
0.00470316252097413	-0.000262313944734863	-0.0246366094870863	0.00660665608305078	0.000463155359944918	-0.014360641637437	-0.0077317723439074
0.00496907423285326	-0.000270744001549725	-0.0260481559237714	0.00698587920363265	0.000488145796581668	-0.0151845948400935	-0.00817693649858905
0.00524140576051112	-0.000278790136198329	-0.0274954896383067	0.0073747799774816	0.000513629817407331	-0.0160295434324616	-0.00863358396881075
0.00552008454858433	-0.000286416950686851	-0.0289783217596782	0.0077732843532919	0.0005395944200559	-0.0168953247380182	-0.00910163474950683
0.0058050380417095	-0.00029358904702147	-0.0304963634168721	0.00818131827975784	0.000566026602161366	-0.0177817760802404	-0.00958100883561161
0.00609619368452326	-0.000300271027208362	-0.0320493257388744	0.00859880770557369	0.000592913361357719	-0.018688734782605	-0.0100716262220594
0.0063934789216622	-0.000306427493253705	-0.0336369198546712	0.00902567857943374	0.000620241695278952	-0.019616038168589	-0.0105734069037846
0.00669682119776296	-0.000312023047163677	-0.0352588568932486	0.00946185685003228	0.000647998601559055	-0.0205635235616695	-0.0110862708757214
0.00700614795746213	-0.000317022290944453	-0.0369148479835927	0.00990726846606357	0.000676171077832021	-0.0215310282853233	-0.0116101381328042
0.00732138664539635	-0.000321389826602212	-0.0386046042546896	0.0103618393762219	0.000704746121731841	-0.0225183896630275	-0.0121449286699673
0.00764246470620222	-0.000325090256143131	-0.0403278368355253	0.0108254955292016	0.000733710730892506	-0.0235254450182589	-0.012690562482145
0.00796930958451635	-0.000328088181573387	-0.0420842568550859	0.0112981628736969	0.000763051902948008	-0.0245520316744946	-0.0132469595642717
0.00830184872497537	-0.000330348204899157	-0.0438735754423575	0.011779767358402	0.000792756635532338	-0.0255979869552115	-0.0138140399112817
0.00864000957221589	-0.000331834928126619	-0.0456955037263262	0.0122702349320114	0.000822811926279488	-0.0266631481838865	-0.0143917235181093
0.00898371957087451	-0.00033251295326195	-0.0475497528359782	0.0127694915432192	0.000853204772823448	-0.0277473526839968	-0.0149799303796888
0.00933290616558787	-0.000332346882311328	-0.0494360339002994	0.0132774631407197	0.000883922172798212	-0.0288504377790191	-0.0155785804909546
0.00968749680099256	-0.000331301317280929	-0.0513540580482759	0.0137940756732073	0.000914951123837769	-0.0299722407924304	-0.0161875938468409
0.0100474189217252	-0.000329340860176931	-0.0533035364088938	0.0143192550893762	0.000946278623576111	-0.0311125990477078	-0.0168068904422822
0.0104125999724224	-0.00032643011300551	-0.0552841801111393	0.0148529273379206	0.000977891669647231	-0.0322713498683282	-0.0174363902722126
0.0107829673977209	-0.000322533677772846	-0.0572957002839985	0.0153950183675349	0.00100977725968512	-0.0334483305777685	-0.0180760133315666
0.0111584486422571	-0.000317616156485114	-0.0593378080564573	0.0159454541269134	0.00104192239132377	-0.0346433784995058	-0.0187256796152784
0.0115389711506677	-0.000311642151148492	-0.0614102145575018	0.0165041605647503	0.00107431406219717	-0.0358563309570169	-0.0193853091182825
0.0119244623675894	-0.000304576263769158	-0.0635126309161183	0.0170710636297399	0.00110693926993931	-0.0370870252737789	-0.020054821835513
0.0123148497376587	-0.000296383096353287	-0.0656447682612926	0.0176460892705765	0.00113978501218418	-0.0383352987732686	-0.0207341377619044
0.0127100607055122	-0.000287027250907059	-0.067806337722011	0.0182291634359544	0.00117283828656579	-0.0396009887789631	-0.0214231768923909
0.0131100227157867	-0.00027647332943665	-0.0699970504272595	0.0188202120745678	0.00120608609071811	-0.0408839326143394	-0.0221218592219069
0.0135146632131186	-0.000264685933948237	-0.0722166175060242	0.0194191611351111	0.00123951542227513	-0.0421839676028743	-0.0228301047453867
0.0139239096421447	-0.000251629666447998	-0.0744647500872912	0.0200259365662785	0.00127311327887086	-0.0435009310680449	-0.0235478334577646
0.0143376894475014	-0.00023726912894211	-0.0767411593000466	0.0206404643167643	0.00130686665813928	-0.0448346603333281	-0.0242749653539749
0.0147559300738255	-0.00022156892343675	-0.0790455562732764	0.0212626703352628	0.00134076255771438	-0.0461849927222008	-0.025011420428952
0.0151785589657536	-0.000204493651938096	-0.0813776521359667	0.0218924805704682	0.00137478797523016	-0.0475517655581401	-0.0257571186776302
0.0156055035679222	-0.000186007916452325	-0.0837371580171037	0.022529820971075	0.0014089299083206	-0.0489348161646229	-0.0265119800949438
0.016036691324968	-0.000166076318985614	-0.0861237850456734	0.0231746174857772	0.0014431753546197	-0.0503339818651262	-0.0272759246758272
0.0164720496815276	-0.000144663461544139	-0.0885372443506619	0.0238267960632693	0.00147751131176145	-0.0517490999831269	-0.0280488724152146
0.0169115060822376	-0.00012173394613408	-0.0909772470610552	0.0244862826522454	0.00151192477737984	-0.0531800078421019	-0.0288307433080404
0.0173549879717346	-9.72523747616127e-05	-0.0934435043058395	0.0251530032014	0.00154640274910886	-0.0546265427655284	-0.0296214573492388
0.0178024227946553	-7.11833494329143e-05	-0.0959357272140008	0.0258268836594272	0.0015809322245825	-0.0560885420768831	-0.0304209345337443
0.0182537379956362	-4.34914721541627e-05	-0.0984536269145253	0.0265078499750213	0.00161550020143476	-0.0575658430996431	-0.0312290948564912
0.018708861019314	-1.41413449315352e-05	-0.100996914536399	0.0271958280968767	0.00165009367729962	-0.0590582831572853	-0.0320458583124137
0.0191677193103253	1.69024302287915e-05	-0.103565301208608	0.0278907439736876	0.00168469964981109	-0.0605656995732867	-0.0328711448964462
0.0196302403133067	4.96752513206395e-05	-0.106158498060138	0.0285925235541483	0.00171930511660314	-0.0620879296711243	-0.033704874603523
0.0200963514728947	8.42125163378325e-05	-0.108776216219976	0.029301092786953	0.00175389707530977	-0.063624810774275	-0.0345469674285785
0.0205659802337262	0.000120549623274192	-0.111418166817107	0.0300163776207961	0.00178846252356497	-0.0651761802062158	-0.0353973433665469
0.0210390540404375	0.000158721970123542	-0.114084060980518	0.0307383040043719	0.00182298845900274	-0.0667418752904237	-0.0362559224123626
0.0215155003376655	0.000198764954879704	-0.116773609839195	0.0314667978863745	0.00185746187925706	-0.0683217333503755	-0.0371226245609599
0.0219952465700466	0.000240713975536501	-0.119486524522124	0.0322017852154984	0.00189186978196193	-0.0699155917095484	-0.0379973698072731
0.0224782201822174	0.000284604430087757	-0.12222251615829	0.0329431919404377	0.00192619916475133	-0.0715232876914191	-0.0388800781462366
0.0229643486188147	0.000330471716527292	-0.12498129587668	0.0336909440098868	0.00196043702525927	-0.0731446586194648	-0.0397706695727846
0.023453559324475	0.000378351232848931	-0.127762574806281	0.03444496737254	0.00199457036111972	-0.0747795418171623	-0.0406690640818516
0.023945779743835	0.000428278377046496	-0.130566064076077	0.0352051879770915	0.00202858616996669	-0.0764277746079887	-0.0415751816683717
0.0244409373215312	0.00048028854711381	-0.133391474815056	0.0359715317722356	0.00206247144943416	-0.0780891943154208	-0.0424889423272794
0.0249389595022002	0.000534417141044696	-0.136238518152203	0.0367439247066666	0.00209621319715613	-0.0797636382629357	-0.043410266053509
0.0254397737304787	0.000590699556832976	-0.139106905216505	0.0375222927290787	0.00212979841076658	-0.0814509437740103	-0.0443390728419947
0.0259433074510034	0.000649171192472472	-0.141996347136947	0.0383065617881664	0.00216321408789951	-0.0831509481721215	-0.045275282687671
0.0264494881084107	0.000709867445957009	-0.144906555042515	0.0390966578326237	0.00219644722618891	-0.0848634887807464	-0.046218815585472
0.0269582431473374	0.000772823715280408	-0.147837240062197	0.0398925068111451	0.00222948482326877	-0.0865884029233619	-0.0471695915303323
0.02746950001242	0.000838075398436491	-0.150788113324977	0.0406940346724248	0.00226231387677308	-0.0883255279234449	-0.048127530517186
0.0279831861482951	0.000905657893419083	-0.153758885959841	0.0415011673651571	0.00229492138433584	-0.0900747011044725	-0.0490925525409675
0.0284992289995994	0.000975606598222004	-0.156749269095777	0.0423138308380362	0.00232729434359103	-0.0918357597899215	-0.0500645775966111
0.0290175560109695	0.00104795691083908	-0.15975897386177	0.0431319510397565	0.00235941975217265	-0.093608541303269	-0.0510435256790512
0.029538094627042	0.00112274422926413	-0.162787711386805	0.0439554539190122	0.00239128460771469	-0.0953928829679919	-0.052029316783222
0.0300607722924535	0.00120000395149098	-0.16583519279987	0.0447842654244977	0.00242287590785113	-0.0971886221075672	-0.053021870904058
0.0305855164518406	0.00127977147551345	-0.16890112922995	0.0456183115049071	0.00245418065021598	-0.0989955960454718	-0.0540211080364933
0.03111225454984	0.00136208219932537	-0.171985231806032	0.0464575181089349	0.00248518583244322	-0.100813642105183	-0.0550269481754624
0.0316409140310882	0.00144697152092055	-0.175087211657101	0.0473018111852751	0.00251587845216684	-0.102642597610177	-0.0560393113158995
0.0321714223402219	0.00153447483829282	-0.178206779912143	0.0481511166826222	0.00254624550702084	-0.104482299883931	-0.057058117452739
0.0327037069218777	0.00162462754943601	-0.181343647700145	0.0490053605496705	0.00257627399463921	-0.106332586249923	-0.0580832865809152
0.0332376952206922	0.00171746505234393	-0.184497526150092	0.0498644687351141	0.00260595091265593	-0.108193294031629	-0.0591147386953624
0.033773314681302	0.0018130227450104	-0.187668126390972	0.0507283671876475	0.00263526325870501	-0.110064260552525	-0.060152393791015
0.0343104927483438	0.00191133602542926	-0.190855159551769	0.0515969818559648	0.00266419803042042	-0.11194532313609	-0.0611961718628072
0.0348491568664541	0.00201244029159432	-0.19405833676147	0.0524702386887604	0.00269274222543617	-0.1138363191058	-0.0622459929056735
0.0353892344802695	0.00211637094149941	-0.197277369149061	0.0533480636347285	0.00272088284138625	-0.115737085785132	-0.0633017769145481
0.0359306530344267	0.00222316337313834	-0.200511967843528	0.0542303826425634	0.00274860687590463	-0.117647460497563	-0.0643634438843652
0.0364733399735623	0.00233285298450495	-0.203761843973857	0.0551171216609594	0.00277590132662533	-0.11956728056657	-0.0654309138100594
0.0370172227423129	0.00244547517359305	-0.207026708669035	0.0560082066386108	0.00280275319118232	-0.121496383315629	-0.0665041066865648
0.0375622287853152	0.00256106533839646	-0.210306273058047	0.0569035635242119	0.00282914946720961	-0.123434606068219	-0.0675829425088159
0.0381082855472057	0.00267965887690902	-0.213600248269879	0.0578031182664569	0.00285507715234117	-0.125381786147815	-0.0686673412717468
0.038655320472621	0.00280129118712454	-0.216908345433518	0.0587067968140401	0.00288052324421101	-0.127337760877895	-0.069757222970292
0.0392032610061978	0.00292599766703684	-0.220230275677949	0.0596145251156559	0.00290547474045311	-0.129302367581936	-0.0708525075993858
0.0397520345925727	0.00305381371463975	-0.22356575013216	0.0605262291199984	0.00292991863870147	-0.131275443583415	-0.0719531151539625
0.0403015686763822	0.0031847747279271	-0.226914479925134	0.061441834775762	0.00295384193659008	-0.133256826205808	-0.0730589656289564
0.0408517907022631	0.00331891610489269	-0.23027617618586	0.062361268031641	0.00297723163175292	-0.135246352772593	-0.0741699790193019
0.0414026281148519	0.00345627324353036	-0.233650550043323	0.0632844548363296	0.003000074721824	-0.137243860607246	-0.0752860753199332
0.0419540083587852	0.00359688154183393	-0.237037312626508	0.0642113211385222	0.00302235820443729	-0.139249187033245	-0.0764071745257847
0.0425058588786997	0.00374077639779722	-0.240436175064403	0.0651417928869129	0.0030440690772268	-0.141262169374066	-0.0775331966317907
0.043058107119232	0.00388799320941405	-0.243846848485993	0.0660757960301961	0.00306519433782652	-0.143282644953187	-0.0786640616328855
0.0436106805250186	0.00403856737467825	-0.247269044020264	0.0670132565170661	0.00308572098387043	-0.145310451094085	-0.0797996895240035
0.0441635065406963	0.00419253429158364	-0.250702472796203	0.0679541002962172	0.00310563601299253	-0.147345425120235	-0.080940000300079
0.0447165126109016	0.00434992935812404	-0.254146845942795	0.0688982533163435	0.0031249264228268	-0.149387404355116	-0.0820849139560462
0.045269626180271	0.00451078797229328	-0.257601874589026	0.0698456415261395	0.00314357921100725	-0.151436226122205	-0.0832343504868396
0.0458227746934414	0.00467514553208517	-0.261067269863883	0.0707961908742994	0.00316158137516786	-0.153491727744978	-0.0843882298873935
0.0463758855950492	0.00484303743549354	-0.264542742896352	0.0717498273095175	0.00317891991294262	-0.155553746546912	-0.0855464721526421
0.0469288863297311	0.00501449908051222	-0.268028004815419	0.072706476780488	0.00319558182196553	-0.157622119851484	-0.0867089972775197
0.0474817043421236	0.00518956586513502	-0.271522766750069	0.0736660652359052	0.00321155409987057	-0.159696684982171	-0.0878757252569608
0.0480342670768635	0.00536827318735578	-0.27502673982929	0.0746285186244635	0.00322682374429174	-0.16177727926245	-0.0890465760858997
0.0485865019785872	0.0055506564451683	-0.278539635182066	0.0755937628948571	0.00324137775286303	-0.163863740015799	-0.0902214697592706
0.0491383364919316	0.00573675103656641	-0.282061163937384	0.0765617239957803	0.00325520312321843	-0.165955904565693	-0.0914003262720078
0.049689698061533	0.00592659235954395	-0.285591037224231	0.0775323278759273	0.00326828685299194	-0.168053610235611	-0.0925830656190458
0.0502405141320282	0.00612021581209471	-0.289128966171592	0.0785055004839925	0.00328061593981753	-0.170156694349029	-0.0937696077953188
0.0507907121480538	0.00631765679221255	-0.292674661908454	0.0794811677686701	0.00329217738132922	-0.172264994229423	-0.0949598727957612
0.0513402195542464	0.00651895069789126	-0.296227835563801	0.0804592556786545	0.00330295817516097	-0.174378347200272	-0.0961537806153072
0.0518889637952426	0.00672413292712469	-0.299788198266622	0.0814396901626398	0.0033129453189468	-0.176496590585051	-0.0973512512488912
0.052436872315679	0.00693323887790664	-0.303355461145901	0.0824223971693204	0.00332212581032068	-0.178619561707238	-0.0985522046914475
0.0529838725601923	0.00714630394823095	-0.306929335330624	0.0834073026473906	0.00333048664691662	-0.18074709789031	-0.0997565609379105
0.053529891973419	0.00736336353609143	-0.310509531949779	0.0843943325455447	0.0033380148263686	-0.182879036457744	-0.100964239983214
0.0540748579999958	0.00758445303948192	-0.31409576213235	0.0853834128124768	0.00334469734631061	-0.185015214733016	-0.102175161822294
0.0546186980845593	0.00780960785639622	-0.317687737007324	0.0863744693968814	0.00335052120437665	-0.187155470039604	-0.103389246450082
0.055161339671746	0.00803886338482816	-0.321285167703688	0.0873674282474526	0.0033554733982007	-0.189299639700985	-0.104606413861515
0.0557027102061927	0.00827225502277158	-0.324887765350426	0.0883622153128849	0.00335954092541676	-0.191447561040635	-0.105826584051526
0.0562427371325359	0.00850981816822028	-0.328495241076526	0.0893587565418724	0.00336271078365883	-0.193599071382032	-0.10704967701505
0.0567813478954123	0.00875158821916809	-0.332107306010973	0.0903569778831094	0.00336496997056088	-0.195754008048652	-0.10827561274702
0.0573184699394584	0.00899760057360884	-0.335723671282753	0.0913568052852902	0.00336630548375691	-0.197912208363973	-0.109504311242372
0.0578540307093108	0.00924789062953635	-0.339344048020853	0.0923581646971092	0.00336670432088092	-0.200073509651472	-0.110735692496039
0.0583879576496063	0.00950249378494443	-0.342968147354258	0.0933609820672605	0.0033661534795669	-0.202237749234624	-0.111969676502956
0.0589201782049814	0.00976144543782692	-0.346595680411955	0.0943651833444385	0.00336463995744883	-0.204404764436909	-0.113206183258058
0.0594506198200726	0.0100247809861776	-0.35022635832293	0.0953706944773375	0.00336215075216071	-0.206574392581801	-0.114445132756277
0.0599792099395167	0.0102925358279904	-0.353859892216169	0.0963774414146517	0.00335867286133653	-0.208746470992779	-0.11568644499255
0.0605058760079503	0.010564745361259	-0.357495993220657	0.0973853501050753	0.00335419328261028	-0.210920836993319	-0.11693003996181
0.0610305454700099	0.0108414449839773	-0.361134372465381	0.0983943464973028	0.00334869901361595	-0.213097327906898	-0.118175837658991
0.0615531457703322	0.0111226700941392	-0.364774741079328	0.0994043565400284	0.00334217705198754	-0.215275781056994	-0.119423758079028
0.0620736043535537	0.0114084560897384	-0.368416810191482	0.100415306181946	0.00333461439535903	-0.217456033767082	-0.120673721216855
0.0625918486643113	0.0116988383687687	-0.372060290930831	0.101427121371751	0.00332599804136442	-0.219637923360641	-0.121925647067407
0.0631078061472412	0.011993852329224	-0.37570489442636	0.102439728058136	0.0033163149876377	-0.221821287161147	-0.123179455625617
0.0636214042469804	0.0122935333690982	-0.379350331807056	0.103453052189797	0.00330555223181286	-0.224005962492077	-0.124435066886421
0.0641325704081653	0.0125979168863849	-0.382996314201904	0.104467019715427	0.00329369677152389	-0.226191786676908	-0.125692400844752
0.0646412320754325	0.0129070382790782	-0.38664255273989	0.105481556583721	0.00328073560440478	-0.228378597039116	-0.126951377495544
0.0651473166934188	0.0132209329451716	-0.390288758550001	0.106496588743373	0.00326665572808953	-0.23056623090218	-0.128211916833733
0.0656507517067606	0.0135396362826592	-0.393934642761223	0.107512042143077	0.00325144414021212	-0.232754525589576	-0.129473938854252
0.0661514645600947	0.0138631836895347	-0.397579916502542	0.108527842731528	0.00323508783840655	-0.23494331842478	-0.130737363552036
0.0666493826980575	0.014191610563792	-0.401224290902944	0.10954391645742	0.00321757382030681	-0.237132446731271	-0.132002110922019
0.0671444335652858	0.0145249523034248	-0.404867477091414	0.110560189269447	0.00319888908354689	-0.239321747832524	-0.133268100959135
0.0676365446064162	0.014863244306427	-0.40850918619694	0.111576587116304	0.00317902062576078	-0.241511059052017	-0.134535253658319
0.0681256432660852	0.0152065219707925	-0.412149129348507	0.112593035946684	0.00315795544458248	-0.243700217713226	-0.135803489014504
0.0686116569889295	0.0155548206945149	-0.415787017675101	0.113609461709282	0.00313568053764596	-0.245889061139629	-0.137072727022627
0.0690945132195857	0.0159081758755882	-0.419422562305708	0.114625790352793	0.00311218290258524	-0.248077426654703	-0.138342887677619
0.0695741394026904	0.0162666229120062	-0.423055474369315	0.11564194782591	0.00308744953703429	-0.250265151581925	-0.139613890974417
0.0700504629828803	0.0166301972017627	-0.426685464994908	0.116657860077328	0.00306146743862711	-0.252452073244771	-0.140885656907954
0.0705234114047919	0.0169989341428515	-0.430312245311471	0.117673453055741	0.0030342236049977	-0.254638028966718	-0.142158105473165
0.0709929121130619	0.0173728691332665	-0.433935526447993	0.118688652709844	0.00300570503378003	-0.256822856071244	-0.143431156664983
0.0714588925523268	0.0177520375710014	-0.437555019533458	0.11970338498833	0.0029758987226081	-0.259006391881826	-0.144704730478344
0.0719212801672233	0.0181364748540502	-0.441170435696853	0.120717575839894	0.00294479166911592	-0.261188473721939	-0.145978746908181
0.0723800024023881	0.0185262163804065	-0.444781486067164	0.121731151213231	0.00291237087093745	-0.263368938915063	-0.14725312594943
0.0728349867024576	0.0189212975480643	-0.448387881773377	0.122744037057034	0.00287862332570671	-0.265547624784672	-0.148527787597023
0.0732861605120686	0.0193217537550173	-0.451989333944478	0.123756159319998	0.00284353603105767	-0.267724368654245	-0.149802651845896
0.0737334512758576	0.0197276203992595	-0.455585553709454	0.124767443950817	0.00280709598462434	-0.269899007847258	-0.151077638690983
0.0741767864384613	0.0201389328787845	-0.459176252197289	0.125777816898186	0.00276929018404069	-0.272071379687188	-0.152352668127218
0.0746160934445162	0.0205557265915863	-0.462761140536971	0.126787204110798	0.00273010562694073	-0.274241321497512	-0.153627660149536
0.0750512997386591	0.0209780369356586	-0.466339929857485	0.127795531537348	0.00268952931095845	-0.276408670601708	-0.15490253475287
0.0754823327655264	0.0214058993089953	-0.469912331287818	0.128802725126531	0.00264754823372783	-0.278573264323252	-0.156177211932156
0.0759091199697549	0.0218393491095902	-0.473478055956955	0.12980871082704	0.00260414939288287	-0.28073493998562	-0.157451611682327
0.0763315887959812	0.0222784217354371	-0.477036814993884	0.130813414587569	0.00255931978605756	-0.282893534912291	-0.158725653998318
0.0767496666888417	0.0227231525845299	-0.480588319527588	0.131816762356814	0.00251304641088589	-0.285048886426741	-0.159999258875063
0.0771632810929733	0.0231735770548623	-0.484132280687056	0.132818680083469	0.00246531626500185	-0.287200831852447	-0.161272346307496
0.0775723594530124	0.0236297305444282	-0.487668409601273	0.133819093716227	0.00241611634603944	-0.289349208512885	-0.162544836290553
0.0779768292135957	0.0240916484512214	-0.491196417399224	0.134817929203783	0.00236543365163264	-0.291493853731534	-0.163816648819166
0.0783766178193599	0.0245593661732357	-0.494716015209897	0.135815112494831	0.00231325517941545	-0.293634604831869	-0.165087703888271
0.0787716527149414	0.0250329191084651	-0.498226914162277	0.136810569538066	0.00225956792702185	-0.295771299137368	-0.166357921492801
0.079161861344977	0.0255123426549032	-0.50172882538535	0.137804226282181	0.00220435889208585	-0.297903773971508	-0.167627221627692
0.0795471711541033	0.0259976722105439	-0.505221460008103	0.138796008675872	0.00214761507224142	-0.300031866657766	-0.168895524287877
0.0799275095869568	0.026488943173381	-0.50870452915952	0.139785842667832	0.00208932346512257	-0.302155414519618	-0.17016274946829
0.0803028040881742	0.0269861909414084	-0.51217774396859	0.140773654206755	0.00202947106836328	-0.304274254880542	-0.171428817163867
0.0806729821023921	0.0274894509126198	-0.515640815564297	0.141759369241337	0.00196804487959755	-0.306388225064014	-0.172693647369541
0.0810379710742472	0.0279987584850091	-0.519093455075628	0.14274291372027	0.00190503189645937	-0.308497162393513	-0.173957160080246
0.081397698448376	0.0285141490565701	-0.522535373631568	0.14372421359225	0.00184041911658272	-0.310600904192513	-0.175219275290918
0.0817520916694151	0.0290356580252967	-0.525966282361105	0.144703194805971	0.0017741935376016	-0.312699287784493	-0.17647991299649
0.0821010781820011	0.0295633207891827	-0.529385892393223	0.145679783310127	0.00170634215715001	-0.31479215049293	-0.177738993191897
0.0824445854307708	0.0300971727462218	-0.532793914856909	0.146653905053413	0.00163685197286192	-0.3168793296413	-0.178996435872072
0.0827825408603606	0.030637249294408	-0.53619006088115	0.147625485984522	0.00156570998237135	-0.318960662553081	-0.180252161031951
0.0831148719154073	0.0311835858317349	-0.53957404159493	0.148594452052149	0.00149290318331226	-0.321035986551748	-0.181506088666468
0.0834415060405473	0.0317362177561965	-0.542945568127237	0.149560729204988	0.00141841857331866	-0.323105138960781	-0.182758138770556
0.0837623706804174	0.0322951804657866	-0.546304351607056	0.150524243391733	0.00134224315002454	-0.325167957103654	-0.184008231339151
0.0840773932796542	0.032860509358499	-0.549650103163374	0.151484920561079	0.0012643639110639	-0.327224278303845	-0.185256286367186
0.0843865012828942	0.0334322398323275	-0.552982533925177	0.152442686661721	0.00118476785407071	-0.329273939884832	-0.186502223849596
0.0846896221347741	0.034010407285266	-0.55630135502145	0.153397467642351	0.00110344197667898	-0.331316779170091	-0.187745963781315
0.0849866832799305	0.0345950471153082	-0.559606277581179	0.154349189451665	0.00102037327652268	-0.333352633483099	-0.188987426157278
0.085277612163	0.035186194720448	-0.562897012733352	0.155297778038357	0.000935548751235828	-0.335381340147334	-0.190226530972419
0.0855623362286192	0.0357838854986792	-0.566173271606953	0.156243159351122	0.000848955398452405	-0.337402736486271	-0.191463198221672
0.0858407829214247	0.0363881548479957	-0.569434765330969	0.157185259338652	0.000760580215806401	-0.339416659823388	-0.192697347899971
0.0861128796860532	0.0369990381663912	-0.572681205034386	0.158124003949644	0.000670410200931799	-0.341422947482162	-0.193928900002252
0.0863785539671413	0.0376165708518596	-0.575912301846191	0.15905931913279	0.000578432351462602	-0.34342143678607	-0.195157774523447
0.0866377332093256	0.0382407883023947	-0.579127766895368	0.159991130836786	0.000484633665032798	-0.345411965058589	-0.196383891458492
0.0868903448572427	0.0388717259159903	-0.582327311310906	0.160919365010325	0.000389001139276382	-0.347394369623196	-0.197607170802321
0.0871363163555292	0.0395094190906403	-0.585510646221788	0.161843947602102	0.000291521771827334	-0.349368487803368	-0.198827532549868
0.0873755751488217	0.0401539032243384	-0.588677482757001	0.162764804560811	0.000192182560319665	-0.351334156922582	-0.200044896696067
0.0876080486817568	0.0408052137150785	-0.591827532045533	0.163681861835147	9.09705023873428e-05	-0.353291214304314	-0.201259183235853
0.0878336643989712	0.0414633859608544	-0.594960505216368	0.164595045373803	-1.21274043356177e-05	-0.355239497272042	-0.20247031216416
0.0880523497451015	0.04212845535966	-0.598076113398492	0.165504281125474	-0.000117124162215241	-0.357178843149243	-0.203678203475923
0.0882640321647843	0.0428004573094891	-0.601174067720893	0.166409495038855	-0.000224032773617534	-0.359109089259393	-0.204882777166075
0.0884686391026562	0.0434794272083354	-0.604254079312555	0.167310613062639	-0.000332866240908499	-0.36103007292597	-0.206083953229552
0.0886660980033537	0.0441654004541928	-0.607315859302465	0.168207561145521	-0.000443637566454155	-0.36294163147245	-0.207281651661287
0.0888563363115137	0.0448584124450552	-0.61035911881961	0.169100265236195	-0.00055635975262049	-0.364843602222311	-0.208475792456214
0.0890392814717726	0.0455584985789163	-0.613383568992974	0.169988651283355	-0.000671045801773535	-0.36673582249903	-0.209666295609268
0.089214860928767	0.04626569425377	-0.616388920951545	0.170872645235696	-0.000787708716279284	-0.368618129626082	-0.210853081115384
0.0893830021271336	0.04698003486761	-0.619374885824308	0.171752173041912	-0.000906361498503757	-0.370490360926947	-0.212036068969496
0.089543632511509	0.0477015558184304	-0.622341174740249	0.172627160650697	-0.00102701715081296	-0.372352353725099	-0.213215179166537
0.0896966795265298	0.0484302925042247	-0.625287498828355	0.173497534010746	-0.00114968867557289	-0.374203945344017	-0.214390331701443
0.0898420706168327	0.0491662803229869	-0.628213569217612	0.174363219070753	-0.00127438907514957	-0.376044973107178	-0.215561446569148
0.0899797332270541	0.0499095546727108	-0.631119097037005	0.175224141779411	-0.00140113135190899	-0.377875274338057	-0.216728443764585
0.0901095948018309	0.0506601509513902	-0.634003793415521	0.176080228085416	-0.00152992850821718	-0.379694686360133	-0.21789124328269
0.0902315827857995	0.051418104557019	-0.636867369482145	0.176931403937462	-0.00166079354644014	-0.381503046496882	-0.219049765118396
0.0903456246235965	0.0521834508875909	-0.639709536365865	0.177777595284243	-0.00179373946894388	-0.383300192071781	-0.220203929266639
0.0904516477598587	0.0529562253410998	-0.642530005195665	0.178618728074452	-0.0019287792780944	-0.385085960408307	-0.221353655722351
0.0905495796392226	0.0537364633155394	-0.645328487100533	0.179454728256786	-0.00206592597625772	-0.386860188829938	-0.222498864480468
0.0906393477063248	0.0545242002089038	-0.648104693209454	0.180285521779937	-0.00220519256579984	-0.388622714660149	-0.223639475535924
0.090720879405802	0.0553194714191865	-0.650858334651414	0.1811110345926	-0.00234659204908676	-0.390373375222418	-0.224775408883654
0.0907941021822907	0.0561223123443815	-0.653589122555399	0.181931192643469	-0.00249013742848452	-0.392112007840223	-0.22590658451859
0.0908589434804276	0.0569327583824826	-0.656296768050395	0.182745921881239	-0.0026358417063591	-0.393838449837039	-0.227032922435669
0.0909153307448492	0.0577508449314836	-0.65898098226539	0.183555148254604	-0.00278371788507652	-0.395552538536344	-0.228154342629824
0.0909631914201923	0.0585766073893784	-0.661641476329368	0.184358797712258	-0.00293377896700278	-0.397254111261615	-0.229270765095989
0.0910024529510934	0.0594100811541608	-0.664277961371315	0.185156796202896	-0.00308603795450391	-0.398943005336329	-0.230382109829099
0.0910330427821891	0.0602513016238245	-0.666890148520218	0.185949069675211	-0.0032405078499459	-0.400619058083962	-0.231488296824089
0.0910548883581161	0.0611003041963634	-0.669477748905063	0.186735544077899	-0.00339720165569475	-0.402282106827992	-0.232589246075892
0.0910679171235109	0.0619571242697713	-0.672040473654836	0.187516145359652	-0.00355613237411648	-0.403931988891896	-0.233684877579442
0.0910720565230102	0.0628217972420421	-0.674578033898523	0.188290799469167	-0.00371731300757711	-0.405568541599151	-0.234775111329675
0.0910672340012506	0.0636943585111696	-0.67709014076511	0.189059432355136	-0.00388075655844263	-0.407191602273233	-0.235859867321524
0.0910533770028686	0.0645748434751476	-0.679576505383583	0.189821969966254	-0.00404647602907906	-0.40880100823762	-0.236939065549924
0.0910304129725011	0.0654632875319699	-0.682036838882929	0.190578338251216	-0.0042144844218524	-0.410396596815788	-0.238012626009809
0.0909982693547844	0.0663597260796303	-0.684470852392132	0.191328463158715	-0.00438479473912867	-0.411978205331215	-0.239080468696114
0.0909568735943553	0.0672641945161227	-0.686878257040181	0.192072270637447	-0.00455741998327387	-0.413545671107377	-0.240142513603772
0.0909061531358503	0.0681767282394409	-0.689258763956059	0.192809686636104	-0.004732373156654	-0.415098831467752	-0.241198680727718
0.0908460354239062	0.0690973626475787	-0.691612084268755	0.193540637103383	-0.00490966726163508	-0.416637523735816	-0.242248890062887
0.0907764479031594	0.0700261331385299	-0.693937929107253	0.194265047987976	-0.00508931530058312	-0.418161585235047	-0.243293061604212
0.0906973180182467	0.0709630751102884	-0.696236009600539	0.194982845238578	-0.00527133027586414	-0.419670853288921	-0.244331115346629
0.0906085732138046	0.071908223960848	-0.698506036877601	0.195693954803884	-0.00545572518984411	-0.421165165220915	-0.245362971285071
0.0905101409344697	0.0728616150882024	-0.700747722067424	0.196398302632587	-0.00564251304488908	-0.422644358354506	-0.246388549414472
0.0904019486248786	0.0738232838903456	-0.702960776298993	0.197095814673383	-0.00583170684336505	-0.424108270013172	-0.247407769729768
0.090283923729668	0.0747932657652713	-0.705144910701295	0.197786416874964	-0.006023319587638	-0.425556737520388	-0.248420552225891
0.0901559936934746	0.0757715961109734	-0.707299836403317	0.198470035186027	-0.00621736428007395	-0.426989598199634	-0.249426816897778
0.0900180859609348	0.0767583103254458	-0.709425264534045	0.199146595555264	-0.00641385392303894	-0.428406689374383	-0.250426483740361
0.0898701279766853	0.0777534438066821	-0.711520906222463	0.19981602393137	-0.00661280151889895	-0.429807848368115	-0.251419472748576
0.0897120471853628	0.0787570319526762	-0.713586472597559	0.200478246263039	-0.00681422007001999	-0.431192912504306	-0.252405703917356
0.0895437710316037	0.079769110161422	-0.715621674788318	0.201133188498967	-0.00701812257876808	-0.432561719106433	-0.253385097241636
0.0893652269600449	0.0807897138309134	-0.717626223923727	0.201780776587846	-0.00722452204750922	-0.433914105497973	-0.254357572716351
0.0891763424153228	0.081818878359144	-0.719599831132771	0.202420936478371	-0.00743343147860941	-0.435249909002403	-0.255323050336434
0.0889770448420742	0.0828566391441077	-0.721542207544438	0.203053594119237	-0.00764486387443467	-0.4365689669432	-0.25628145009682
0.0887672616849355	0.0839030315837984	-0.723453064287712	0.203678675459138	-0.00785883223735102	-0.437871116643841	-0.257232691992443
0.0885469203885434	0.0849580910762098	-0.72533211249158	0.204296106446767	-0.00807534956972444	-0.439156195427802	-0.258176696018238
0.0883159483975346	0.0860218530193358	-0.727179063285028	0.204905813030821	-0.00829442887392096	-0.440424040618561	-0.259113382169138
0.0880742731565456	0.0870943528111703	-0.728993627797043	0.205507721159991	-0.00851608315230658	-0.441674489539595	-0.260042670440079
0.0878218221102131	0.088175625849707	-0.730775517156609	0.206101756782974	-0.00874032540724731	-0.44290737951438	-0.260964480825994
0.0875585227031737	0.0892657075329399	-0.732524442492714	0.206687845848463	-0.00896716864110916	-0.444122547866394	-0.261878733321818
0.0872843023800639	0.0903646332588625	-0.734240114934343	0.207265914305152	-0.00919662585625814	-0.445319831919114	-0.262785347922486
0.0869990885855205	0.0914724384254689	-0.735922245610483	0.207835888101737	-0.00942871005506025	-0.446499068996017	-0.26368424462293
0.08670280876418	0.0925891584307528	-0.737570545650119	0.20839769318691	-0.00966343423988152	-0.447660096420578	-0.264575343418087
0.0863953903606789	0.093714828672708	-0.739184726182238	0.208951255509366	-0.00990081141308793	-0.448802751516277	-0.26545856430289
0.0860767608196542	0.0948494845493285	-0.740764498335825	0.209496501017801	-0.0101408545770455	-0.449926871606589	-0.266333827272273
0.0857468475857421	0.095993161458608	-0.742309573239868	0.210033355660907	-0.0103835767341203	-0.451032294014991	-0.267201052321171
0.0854055781035794	0.0971458947985402	-0.743819662023351	0.210561745387379	-0.0106289908866782	-0.45211885606496	-0.268060159444518
0.0850528798178027	0.0983077199671191	-0.745294475815261	0.211081596145912	-0.0108771100370853	-0.453186395079974	-0.268911068637248
0.0846886801730486	0.0994786723623385	-0.746733725744584	0.211592833885199	-0.0111279471877076	-0.454234748383509	-0.269753699894296
0.0843129066139538	0.100658787382192	-0.748137122940307	0.212095384553936	-0.0113815153409111	-0.455263753299043	-0.270587973210597
0.0839254865851548	0.101848100424674	-0.749504378531414	0.212589174100816	-0.0116378274990619	-0.456273247150052	-0.271413808581083
0.0835263475312883	0.103046646887778	-0.750835203646893	0.213074128474533	-0.0118968966645258	-0.457263067260013	-0.272231126000691
0.0831154168969908	0.104254462169497	-0.752129309415729	0.213550173623782	-0.012158735839669	-0.458233050952403	-0.273039845464353
0.082692622126899	0.105471581667826	-0.753386406966909	0.214017235497258	-0.0124233580268574	-0.459183035550699	-0.273839886967005
0.0822578906656495	0.106698040780759	-0.754606207429418	0.214475240043654	-0.0126907762284571	-0.460112858378378	-0.27463117050358
0.0818111499578789	0.107933874906288	-0.755788421932242	0.214924113211664	-0.012961003446834	-0.461022356758918	-0.275413616069013
0.0813523274482238	0.109179119442409	-0.756932761604369	0.215363780949984	-0.0132340526843542	-0.461911368015794	-0.276187143658239
0.080881350581321	0.110433809787115	-0.758038937574783	0.215794169207307	-0.0135099369433837	-0.462779729472484	-0.276951673266192
0.0803981468018068	0.111697981338399	-0.759106660972471	0.216215203932328	-0.0137886692262884	-0.463627278452465	-0.277707124887805
0.0799026435543181	0.112971669494256	-0.76013564292642	0.21662681107374	-0.0140702625354345	-0.464453852279215	-0.278453418518013
0.0793947682834912	0.114254909652679	-0.761125594565614	0.217028916580238	-0.0143547298731878	-0.465259288276209	-0.279190474151752
0.0788744484339631	0.115547737211663	-0.76207622701904	0.217421446400517	-0.0146420842419144	-0.466043423766924	-0.279918211783954
0.0783416114503702	0.1168501875692	-0.762987251415685	0.217804326483271	-0.0149323386439804	-0.466806096074839	-0.280636551409554
0.0777961847773491	0.118162296123285	-0.763858378884533	0.218177482777194	-0.0152255060817517	-0.467547142523429	-0.281345413023487
0.0772380958595364	0.119484098271912	-0.764689320554573	0.218540841230979	-0.0155215995575943	-0.468266400436172	-0.282044716620687
0.0766672721415688	0.120815629413074	-0.765479787554789	0.218894327793323	-0.0158206320738742	-0.468963707136545	-0.282734382196088
0.0760836410680829	0.122156924944766	-0.766229491014167	0.219237868412918	-0.0161226166329575	-0.469638899948024	-0.283414329744625
0.0754871300837153	0.12350802026498	-0.766938142061694	0.219571389038459	-0.0164275662372102	-0.470291816194087	-0.284084479261231
0.0748776666331026	0.124868950771712	-0.767605451826356	0.219894815618641	-0.0167354938889982	-0.470922293198211	-0.284744750740842
0.0742551781608814	0.126239751862954	-0.768231131437138	0.220208074102157	-0.0170464125906876	-0.471530168283872	-0.285395064178391
0.0736195921116882	0.127620458936701	-0.768814892023028	0.220511090437703	-0.0173603353446445	-0.472115278774547	-0.286035339568813
0.07297083593016	0.129011107390946	-0.76935644471301	0.220803790573971	-0.0176772751532346	-0.472677461993714	-0.286665496907043
0.0723088370609331	0.130411732623684	-0.769855500636071	0.221086100459658	-0.0179972450188242	-0.473216555264849	-0.287285456188013
0.0716335229486442	0.131822370032907	-0.770311770921198	0.221357946043455	-0.0183202579437792	-0.47373239591143	-0.28789513740666
0.0709448210379297	0.133243055016611	-0.770724966697376	0.221619253274059	-0.0186463269304656	-0.474224821256933	-0.288494460557917
0.0702426587734266	0.134673822972788	-0.771094799093591	0.221869948100164	-0.0189754649812495	-0.474693668624835	-0.289083345636718
0.0695269635997713	0.136114709299432	-0.771420979238829	0.222109956470463	-0.0193076850984968	-0.475138775338613	-0.289661712637998
0.0687976629616004	0.137565749394538	-0.771703218262078	0.222339204333651	-0.0196430002845735	-0.475559978721745	-0.290229481556691
0.0680546843035507	0.139026978656099	-0.771941227292321	0.222557617638422	-0.0199814235418456	-0.475957116097707	-0.290786572387731
0.0672979550702585	0.140498432482109	-0.772134717458547	0.22276512233347	-0.0203229678726793	-0.476330024789976	-0.291332905126053
0.0665274027063606	0.141980146270562	-0.77228339988974	0.222961644367491	-0.0206676462794404	-0.476678542122029	-0.291868399766591
0.0657429546564938	0.143472155419451	-0.772386985714887	0.223147109689177	-0.021015471764495	-0.477002505417344	-0.29239297630428
0.0649445383652943	0.144974495326771	-0.772445186062973	0.223321444247224	-0.0213664573302091	-0.477301751999396	-0.292906554734053
0.0641320812773991	0.146487201390515	-0.772457712062986	0.223484573990326	-0.0217206159789486	-0.477576119191663	-0.293409055050846
0.0633055108374445	0.148010309008678	-0.772424274843911	0.223636424867176	-0.0220779607130797	-0.477825444317622	-0.293900397249591
0.0624647544900673	0.149543853579252	-0.772344585534734	0.223776922826469	-0.0224385045349683	-0.47804956470075	-0.294380501325225
0.0616097396799041	0.151087870500231	-0.772218355264441	0.2239059938169	-0.0228022604469804	-0.478248317664524	-0.29484928727268
0.0607403938515915	0.152642395169611	-0.772045295162019	0.224023563787163	-0.023169241451482	-0.478421540532421	-0.295306675086892
0.0598566444497661	0.154207462985384	-0.771825116356453	0.224129558685952	-0.0235394605508392	-0.478569070627918	-0.295752584762794
0.0589584189190645	0.155783109345544	-0.771557529976729	0.224223904461961	-0.0239129307474179	-0.478690745274491	-0.296186936295322
0.0580456447041233	0.157369369648085	-0.771242247151834	0.224306527063885	-0.0242896650435842	-0.478786401795618	-0.296609649679408
0.0571182492495793	0.158966279291001	-0.770878979010754	0.224377352440417	-0.024669676441704	-0.478855877514776	-0.297020644909988
0.0561761600000689	0.160573873672285	-0.770467436682475	0.224436306540253	-0.0250529779441434	-0.478899009755441	-0.297419841981997
0.0552285616632707	0.162185595355977	-0.770028816993126	0.224486322031864	-0.0254367517611806	-0.478922852011361	-0.297813368636114
0.0542846873171052	0.163794863307448	-0.769584509349518	0.224530380951258	-0.0258181714348485	-0.478934566227293	-0.298207405949731
0.0533445369615727	0.165401677526699	-0.769134513751651	0.224568483298435	-0.0261972369651476	-0.478934152403239	-0.298601953922849
0.0524081105966731	0.167006038013732	-0.768678830199524	0.224600629073395	-0.0265739483520778	-0.478921610539198	-0.298997012555467
0.0514754082224063	0.168607944768545	-0.768217458693136	0.224626818276139	-0.0269483055956392	-0.478896940635171	-0.299392581847586
0.0505464298387724	0.170207397791138	-0.767750399232488	0.224647050906666	-0.0273203086958318	-0.478860142691158	-0.299788661799205
0.0496211754457714	0.171804397081512	-0.76727765181758	0.224661326964976	-0.0276899576526555	-0.478811216707158	-0.300185252410325
0.0486996450434032	0.173398942639667	-0.766799216448412	0.224669646451069	-0.0280572524661104	-0.478750162683173	-0.300582353680944
0.047781838631668	0.174991034465603	-0.766315093124984	0.224672009364946	-0.0284221931361964	-0.4786769806192	-0.300979965611065
0.0468677562105656	0.176580672559319	-0.765825281847296	0.224668415706606	-0.0287847796629136	-0.478591670515242	-0.301378088200685
0.045957397780096	0.178167856920816	-0.765329782615347	0.22465886547605	-0.029145012046262	-0.478494232371297	-0.301776721449806
0.0450507633402594	0.179752587550093	-0.764828595429139	0.224643358673277	-0.0295028902862415	-0.478384666187366	-0.302175865358428
0.0441478528910556	0.181334864447151	-0.76432172028867	0.224621895298287	-0.0298584143828521	-0.478262971963448	-0.30257551992655
0.0432486664324847	0.182914687611989	-0.763809157193941	0.22459447535108	-0.0302115843360939	-0.478129149699545	-0.302975685154172
0.0423532039645467	0.184492057044609	-0.763290906144952	0.224561098831657	-0.0305624001459669	-0.477983199395654	-0.303376361041294
0.0414614654872416	0.186066972745009	-0.762766967141703	0.224521765740017	-0.030910861812471	-0.477825121051778	-0.303777547587917
0.0405734510005693	0.187639434713189	-0.762237340184194	0.22447647607616	-0.0312569693356063	-0.477654914667915	-0.304179244794041
0.03968916050453	0.18920944294915	-0.761702025272425	0.224425229840087	-0.0316007227153727	-0.477472580244066	-0.304581452659665
0.0388085939991235	0.190776997452892	-0.761161022406395	0.224368027031797	-0.0319421219517703	-0.47727811778023	-0.304984171184789
0.0379317514843498	0.192342098224414	-0.760614331586105	0.22430486765129	-0.0322811670447991	-0.477071527276409	-0.305387400369413
0.0370586329602091	0.193904745263717	-0.760061952811556	0.224235751698567	-0.032617857994459	-0.4768528087326	-0.305791140213538
0.0361892384267012	0.195464938570801	-0.759503886082746	0.224160679173626	-0.0329521948007501	-0.476621962148806	-0.306195390717164
0.0353235678838262	0.197022678145665	-0.758940131399676	0.22407965007647	-0.0332841774636723	-0.476378987525025	-0.306600151880289
0.0344616213315841	0.19857796398831	-0.758370688762346	0.223992664407096	-0.0336138059832257	-0.476123884861258	-0.307005423702916
0.0336033987699748	0.200130796098735	-0.757795558170755	0.223899722165506	-0.0339410803594102	-0.475856654157505	-0.307411206185042
0.0327489001989985	0.201681174476941	-0.757214739624905	0.223800823351699	-0.0342660005922259	-0.475577295413765	-0.307817499326669
0.031898125618655	0.203229099122928	-0.756628233124795	0.223695967965675	-0.0345885666816728	-0.475285808630039	-0.308224303127796
0.0310510750289443	0.204774570036696	-0.756036038670424	0.223585156007435	-0.0349087786277508	-0.474982193806326	-0.308631617588424
0.0302077484298666	0.206317587218244	-0.755438156261793	0.223468387476978	-0.0352266364304599	-0.474666450942628	-0.309039442708552
0.0293681458214217	0.207858150667572	-0.754834585898902	0.223345662374305	-0.0355421400898002	-0.474338580038943	-0.309447778488181
0.0285322672036098	0.209396260384681	-0.754225327581751	0.223216980699414	-0.0358552896057717	-0.473998581095271	-0.30985662492731
0.0277001125764306	0.210931916369571	-0.75361038131034	0.223082342452307	-0.0361660849783744	-0.473646454111614	-0.310265982025939
0.0268716819398844	0.212465118622242	-0.752989747084668	0.222941747632983	-0.0364745262076081	-0.473282199087969	-0.310675849784069
0.026046975293971	0.213995867142693	-0.752363424904737	0.222795196241443	-0.0367806132934731	-0.472905816024339	-0.311086228201699
0.0252259926386906	0.215524161930925	-0.751731414770545	0.222642688277686	-0.0370843462359692	-0.472517304920722	-0.311497117278829
0.024408733974043	0.217050002986937	-0.751093716682094	0.222484223741712	-0.0373857250350964	-0.472116665777119	-0.31190851701546
0.0235951993000282	0.21857339031073	-0.750450330639382	0.222319802633522	-0.0376847496908549	-0.47170389859353	-0.312320427411591
0.0227853886166464	0.220094323902304	-0.74980125664241	0.222149424953114	-0.0379814202032444	-0.471279003369954	-0.312732848467223
0.0219793019238974	0.221612803761658	-0.749146494691178	0.221973090700491	-0.0382757365722652	-0.470841980106392	-0.313145780182355
0.0211769392217813	0.223128829888793	-0.748486044785685	0.22179079987565	-0.0385676987979171	-0.470392828802844	-0.313559222556987
0.0203783005102981	0.224642402283708	-0.747819906925933	0.221602552478593	-0.0388573068802001	-0.469931549459309	-0.31397317559112
0.0195833857894477	0.226153520946404	-0.747148081111921	0.221408348509319	-0.0391445608191143	-0.469458142075788	-0.314387639284753
0.0187921950592303	0.227662185876881	-0.746470567343648	0.221208187967828	-0.0394294606146596	-0.468972606652281	-0.314802613637887
0.0180047283196457	0.229168397075138	-0.745787365621115	0.221002070854121	-0.0397120062668362	-0.468474943188787	-0.315218098650521
0.017220985570694	0.230672154541176	-0.745098475944322	0.220789997168197	-0.0399921977756438	-0.467965151685307	-0.315634094322655
0.0164409668123751	0.232173458274995	-0.744403898313269	0.220571966910056	-0.0402700351410827	-0.467443232141841	-0.31605060065429
0.0156646720446892	0.233672308276594	-0.743703632727956	0.220347980079699	-0.0405455183631526	-0.466909184558388	-0.316467617645425
0.0148921012676361	0.235168704545974	-0.742997679188383	0.220118036677124	-0.0408186474418538	-0.466363008934949	-0.316885145296061
0.0141232544812159	0.236662647083135	-0.742286037694549	0.219882136702334	-0.0410894223771861	-0.465804705271524	-0.317303183606197
0.0133581316854285	0.238154135888076	-0.741568708246456	0.219640280155326	-0.0413578431691495	-0.465234273568112	-0.317721732575833
0.0125967328802741	0.239643170960797	-0.740845690844102	0.219392467036102	-0.0416239098177441	-0.464651713824714	-0.31814079220497
0.0118390580657525	0.2411297523013	-0.740116985487488	0.219138697344661	-0.0418876223229699	-0.46405702604133	-0.318560362493607
0.0110851072418638	0.242613879909583	-0.739382592176614	0.218878971081004	-0.0421489806848268	-0.46345021021796	-0.318980443441745
0.010334880408608	0.244095553785647	-0.73864251091148	0.218613288245129	-0.0424079849033149	-0.462831266354603	-0.319401035049383
0.009588377565985	0.245574773929491	-0.737896741692086	0.218341648837038	-0.0426646349784341	-0.462200194451259	-0.319822137316521
0.00884559871399492	0.247051540341116	-0.737145284518431	0.218064052856731	-0.0429189309101845	-0.46155699450793	-0.32024375024316
0.00810654385263773	0.248525853020521	-0.736388139390517	0.217780500304206	-0.0431708726985661	-0.460901666524614	-0.320665873829299
0.0073712129819134	0.249997711967707	-0.735625306308342	0.217490991179465	-0.0434204603435788	-0.460234210501312	-0.321088508074939
0.00663960610182196	0.251467117182674	-0.734856785271907	0.217195525482508	-0.0436676938452226	-0.459554626438023	-0.321511652980078
0.00591172321236339	0.252934068665421	-0.734082576281213	0.216894103213333	-0.0439125732034976	-0.458862914334748	-0.321935308544719
0.0051875643135377	0.254398566415949	-0.733302679336258	0.216586724371942	-0.0441550984184038	-0.458159074191487	-0.322359474768859
0.00446712940534489	0.255860610434258	-0.732517094437042	0.216273388958334	-0.0443952694899411	-0.457443106008239	-0.322784151652501
0.00375041848778494	0.257320200720347	-0.731725821583567	0.21595409697251	-0.0446330864181096	-0.456715009785005	-0.323209339195642
0.00303743156085788	0.258777337274217	-0.730928860775832	0.215628848414469	-0.0448685492029093	-0.455974785521785	-0.323635037398284
0.00232816862456369	0.260232020095868	-0.730126212013836	0.215297643284211	-0.0451016578443401	-0.455222433218579	-0.324061246260426
0.00162262967890238	0.261684249185299	-0.72931787529758	0.214960481581736	-0.045332412342402	-0.454457952875386	-0.324487965782069
0.000920814723873946	0.263134024542511	-0.728503850627065	0.214617363307045	-0.0455608126970951	-0.453681344492207	-0.324915195963212
0.000222723759478384	0.264581346167503	-0.727684138002289	0.214268288460137	-0.0457868589084194	-0.452892608069041	-0.325342936803855
-0.000471643214284299	0.266026214060276	-0.726858737423253	0.213913257041013	-0.0460105509763748	-0.452091743605889	-0.325771188303999
-0.00116228619741409	0.26746862822083	-0.726027648889956	0.213552269049671	-0.0462318889009614	-0.451278751102751	-0.326199950463644
-0.00184920518991103	0.268908588649164	-0.7251908724024	0.213185324486113	-0.0464508726821791	-0.450453630559627	-0.326629223282788
-0.00253240019177507	0.270346095345279	-0.724348407960584	0.212812423350339	-0.046667502320028	-0.449616381976516	-0.327059006761433
-0.00321187120300625	0.271781148309174	-0.723500255564507	0.212433565642347	-0.0468817778145081	-0.448767005353419	-0.327489300899579
-0.00388761822360455	0.273213747540851	-0.72264641521417	0.212048751362139	-0.0470936991656193	-0.447905500690335	-0.327920105697224
-0.00455964125356997	0.274643893040307	-0.721786886909573	0.211657980509714	-0.0473032663733617	-0.447031867987265	-0.328351421154371
-0.00522794029290252	0.276071584807545	-0.720921670650716	0.211261253085073	-0.0475104794377352	-0.446146107244209	-0.328783247271017
-0.00589251534160219	0.277496822842563	-0.720050766437599	0.210858569088215	-0.0477153383587399	-0.445248218461167	-0.329215584047164
-0.00655336639966897	0.278919607145361	-0.719174174270222	0.21044992851914	-0.0479178431363757	-0.444338201638138	-0.329648431482812
-0.00721049346710289	0.280339937715941	-0.718291894148585	0.210035331377848	-0.0481179937706427	-0.443416056775123	-0.330081789577959
-0.00786389654390393	0.281757814554301	-0.717403926072687	0.20961477766434	-0.0483157902615408	-0.442481783872121	-0.330515658332608
-0.00851357563007209	0.283173237660441	-0.716510270042529	0.209188267378615	-0.0485112326090701	-0.441535382929134	-0.330950037746756
-0.00915953072560738	0.284586207034362	-0.715610926058112	0.208755800520674	-0.0487043208132306	-0.44057685394616	-0.331384927820405
-0.00980176183050979	0.285996722676064	-0.714705894119434	0.208317377090515	-0.0488950548740222	-0.439606196923199	-0.331820328553555
-0.0104402689447793	0.287404784585546	-0.713795174226496	0.20787299708814	-0.049083434791445	-0.438623411860252	-0.332256239946204
-0.011075052068416	0.28881039276281	-0.712878766379297	0.207422660513549	-0.0492694605654989	-0.437628498757319	-0.332692661998354
-0.0117061112014198	0.290213547207853	-0.711956670577839	0.20696636736674	-0.049453132196184	-0.4366214576144	-0.333129594710005
-0.0123334463437907	0.291614247920677	-0.711028886822121	0.206504117647715	-0.0496344496835003	-0.435602288431494	-0.333567038081156
-0.0129570574955287	0.293012494901282	-0.710095415112142	0.206035911356473	-0.0498134130274477	-0.434570991208602	-0.334004992111807
-0.0135769446566338	0.294408288149668	-0.709156255447903	0.205561748493015	-0.0499900222280262	-0.433527565945724	-0.334443456801959
-0.0141931078271061	0.295801627665834	-0.708211407829405	0.20508162905734	-0.0501642772852359	-0.432472012642859	-0.334882432151611
-0.0148055470069455	0.297192513449781	-0.707260872256646	0.204595553049448	-0.0503361781990768	-0.431404331300008	-0.335321918160764
-0.015414262196152	0.298580945501508	-0.706304648729627	0.20410352046934	-0.0505057249695488	-0.43032452191717	-0.335761914829417
-0.0160192533947257	0.299966923821016	-0.705342737248347	0.203605531317014	-0.050672917596652	-0.429232584494347	-0.33620242215757
-0.0166205206026664	0.301350448408305	-0.704375137812808	0.203101585592472	-0.0508377560803864	-0.428128519031537	-0.336643440145224
-0.0172180638199743	0.302731519263374	-0.703401850423008	0.202591683295714	-0.0510002404207519	-0.42701232552874	-0.337084968792378
-0.0178118830466493	0.304110136386224	-0.702422875078949	0.202075824426739	-0.0511603706177485	-0.425884003985958	-0.337527008099032
-0.0184019782826915	0.305486299776855	-0.701438211780629	0.201554008985547	-0.0513181466713763	-0.424743554403189	-0.337969558065187
-0.0189883495281008	0.306860009435266	-0.700447860528049	0.201026236972138	-0.0514735685816353	-0.423590976780433	-0.338412618690842
-0.0195709967828771	0.308231265361458	-0.699451821321209	0.200492508386513	-0.0516266363485254	-0.422426271117692	-0.338856189975998
-0.0201499200470207	0.30960006755543	-0.698450094160109	0.199952823228671	-0.0517773499720467	-0.421249437414964	-0.339300271920654
-0.0207251193205313	0.310966416017183	-0.697442679044749	0.199407181498612	-0.0519257094521991	-0.420060475672249	-0.33974486452481
-0.021296594603409	0.312330310746717	-0.696429575975128	0.198855583196336	-0.0520717147889827	-0.418859385889549	-0.340189967788467
-0.0218643458956539	0.313691751744031	-0.695410784951248	0.198298028321844	-0.0522153659823975	-0.417646168066862	-0.340635581711625
-0.0224283731972659	0.315050739009126	-0.694386305973107	0.197734516875135	-0.0523566630324434	-0.416420822204188	-0.341081706294282
-0.022988676508245	0.316407272542002	-0.693356139040706	0.19716504885621	-0.0524956059391204	-0.415183348301529	-0.34152834153644
-0.0235452558285913	0.317761352342658	-0.692320284154045	0.196589624265068	-0.0526321947024287	-0.413933746358883	-0.341975487438099
-0.0240981111583047	0.319112978411095	-0.691278741313124	0.196008243101709	-0.052766429322368	-0.41267201637625	-0.342423143999257
-0.0246472424973852	0.320462150747312	-0.690231510517943	0.195420905366133	-0.0528983097989386	-0.411398158353632	-0.342871311219917
-0.0251926498458328	0.32180886935131	-0.689178591768501	0.194827611058341	-0.0530278361321403	-0.410112172291027	-0.343319989100076
-0.0257343332036475	0.323153134223089	-0.6881199850648	0.194228360178332	-0.0531550083219731	-0.408814058188436	-0.343769177639736
-0.0262722925708294	0.324494945362648	-0.687055690406838	0.193623152726106	-0.0532798263684371	-0.407503816045858	-0.344218876838897
-0.0268065279473784	0.325834302769988	-0.685985707794617	0.193011988701664	-0.0534022902715323	-0.406181445863294	-0.344669086697557
-0.0273370393332945	0.327171206445109	-0.684910037228135	0.192394868105005	-0.0535224000312586	-0.404846947640744	-0.345119807215718
-0.0278638267285778	0.32850565638801	-0.683828678707393	0.191771790936129	-0.053640155647616	-0.403500321378207	-0.34557103839338
-0.0283868901332281	0.329837652598692	-0.682741632232391	0.191142757195037	-0.0537555571206047	-0.402141567075684	-0.346022780230542
-0.0289062295472456	0.331167195077154	-0.681648897803128	0.190507766881728	-0.0538686044502245	-0.400770684733175	-0.346475032727204
-0.0294218449706302	0.332494283823397	-0.680550475419606	0.189866819996202	-0.0539792976364754	-0.399387674350679	-0.346927795883367
-0.0299337364033819	0.333818918837421	-0.679446365081823	0.189219916538459	-0.0540876366793575	-0.397992535928197	-0.34738106969903
-0.0304419038455008	0.335141100119225	-0.678336566789781	0.1885670565085	-0.0541936215788708	-0.396585269465729	-0.347834854174194
-0.0309463472969868	0.33646082766881	-0.677221080543478	0.187908239906324	-0.0542972523350152	-0.395165874963275	-0.348289149308858
-0.0314470667578399	0.337778101486176	-0.676099906342915	0.187243466731932	-0.0543985289477907	-0.393734352420834	-0.348743955103022
-0.0319440622280601	0.339092921571322	-0.674973044188092	0.186572736985323	-0.0544974514171975	-0.392290701838407	-0.349199271556687
-0.0324373337076475	0.340405287924249	-0.673840494079009	0.185896050666497	-0.0545940197432353	-0.390834923215993	-0.349655098669852
-0.0329268811966019	0.341715200544956	-0.672702256015665	0.185213407775454	-0.0546882339259044	-0.389367016553593	-0.350111436442517
-0.0334127046949235	0.343022659433444	-0.671558329998062	0.184524808312195	-0.0547800939652046	-0.387886981851207	-0.350568284874683
-0.0338948042026123	0.344327664589713	-0.670408716026198	0.183830252276719	-0.0548695998611359	-0.386394819108835	-0.35102564396635
-0.0343731797196681	0.345630216013762	-0.669253414100075	0.183129739669026	-0.0549567516136984	-0.384890528326476	-0.351483513717516
-0.0348478312460911	0.346930313705592	-0.668092424219691	0.182423270489116	-0.0550415492228921	-0.383374109504131	-0.351941894128183
-0.0353187587818812	0.348227957665203	-0.666925746385047	0.18171084473699	-0.0551239926887169	-0.381845562641799	-0.352400785198351
-0.0357859623270384	0.349523147892594	-0.665753380596143	0.180992462412648	-0.0552040820111729	-0.380304887739481	-0.352860186928019
-0.0362494418815627	0.350815884387766	-0.664575326852978	0.180268123516088	-0.05528181719026	-0.378752084797177	-0.353320099317187
-0.0367091974454542	0.352106167150718	-0.663391585155554	0.179537828047312	-0.0553571982259783	-0.377187153814887	-0.353780522365856
-0.0371652290187127	0.353393996181451	-0.66220215550387	0.178801576006319	-0.0554302251183278	-0.37561009479261	-0.354241456074025
-0.0376175366013384	0.354679371479965	-0.661007037897925	0.178059367393109	-0.0555008978673084	-0.374020907730347	-0.354702900441694
-0.0380661201933313	0.355962293046259	-0.65980623233772	0.177311202207683	-0.0555692164729201	-0.372419592628097	-0.355164855468864
-0.0385109797946912	0.357242760880334	-0.658599738823255	0.17655708045004	-0.055635180935163	-0.370806149485861	-0.355627321155534
-0.0389521154054183	0.35852077498219	-0.65738755735453	0.175797002120181	-0.0556987912540371	-0.369180578303639	-0.356090297501705
-0.0393895270255125	0.359796335351826	-0.656169687931545	0.175030967218104	-0.0557600474295423	-0.367542879081431	-0.356553784507376
-0.0398232146549739	0.361069441989243	-0.6549461305543	0.174258975743811	-0.0558189494616787	-0.365893051819236	-0.357017782172547
-0.0402531782938023	0.36234009489444	-0.653716885222794	0.173481027697302	-0.0558754973504463	-0.364231096517055	-0.357482290497219
-0.0406794179419979	0.363608294067418	-0.652481951937029	0.172697123078575	-0.055929691095845	-0.362557013174888	-0.357947309481391
-0.0411019335995606	0.364874039508177	-0.651241330697003	0.171907261887632	-0.0559815306978748	-0.360870801792734	-0.358412839125064
-0.0415207252664904	0.366137331216716	-0.649995021502717	0.171111444124472	-0.0560310161565358	-0.359172462370594	-0.358878879428237
-0.0419357929427873	0.367398169193036	-0.648743024354171	0.170309669789096	-0.056078147471828	-0.357461994908467	-0.35934543039091
-0.0423471366284514	0.368656553437137	-0.647485339251365	0.169501938881503	-0.0561229246437513	-0.355739399406354	-0.359812492013084
-0.0427547563234826	0.369912483949018	-0.646221966194299	0.168688251401693	-0.0561653476723058	-0.354004675864255	-0.360280064294758
-0.0431586520278809	0.37116596072868	-0.644952905182973	0.167868607349666	-0.0562054165574914	-0.35225782428217	-0.360748147235932
-0.0435588237416463	0.372416983776122	-0.643678156217386	0.167043006725423	-0.0562431312993082	-0.350498844660098	-0.361216740836607
-0.0439552714647789	0.373665553091345	-0.642397719297539	0.166211449528963	-0.0562784918977562	-0.34872773699804	-0.361685845096783
-0.0443479951972786	0.374911668674349	-0.641111594423433	0.165373935760287	-0.0563114983528353	-0.346944501295996	-0.362155460016458
-0.0447369949391454	0.376155330525134	-0.639819781595066	0.164530465419393	-0.0563421506645456	-0.345149137553965	-0.362625585595635
-0.0451222706903793	0.377396538643698	-0.638522280812439	0.163681038506283	-0.056370448832887	-0.343341645771948	-0.363096221834311
-0.0455038224509804	0.378635293030044	-0.637219092075552	0.162825655020957	-0.0563963928578596	-0.341522025949945	-0.363567368732488
-0.0458816502209486	0.37987159368417	-0.635910215384404	0.161964314963413	-0.0564199827394633	-0.339690278087955	-0.364039026290165
-0.0462557540002839	0.381105440606077	-0.634595650738997	0.161097018333653	-0.0564412184776982	-0.337846402185979	-0.364511194507343
-0.0466261337889863	0.382336833795765	-0.633275398139329	0.160223765131676	-0.0564601000725642	-0.335990398244017	-0.364983873384021
-0.0469927895870559	0.383565773253233	-0.631949457585402	0.159344555357483	-0.0564766275240614	-0.334122266262068	-0.3654570629202
-0.0473557213944925	0.384792258978481	-0.630617829077214	0.158459389011073	-0.0564908008321898	-0.332242006240133	-0.365930763115879
-0.0477149292112963	0.386016290971511	-0.629280512614766	0.157568266092446	-0.0565026199969493	-0.330349618178212	-0.366404973971058
-0.0480704130374672	0.387237869232321	-0.627937508198058	0.156671186601602	-0.05651208501834	-0.328445102076304	-0.366879695485738
-0.0484221728730053	0.388456993760911	-0.62658881582709	0.155768150538542	-0.0565191958963618	-0.32652845793441	-0.367354927659918
-0.0487702087179104	0.389673664557283	-0.625234435501861	0.154859157903265	-0.0565239526310148	-0.32459968575253	-0.367830670493598
-0.0491145205721827	0.390887881621434	-0.623874367222373	0.153944208695772	-0.056526355222299	-0.322658785530663	-0.368306923986779
-0.0494551084358221	0.392099644953367	-0.622508610988624	0.153023302916061	-0.0565264036702143	-0.32070575726881	-0.36878368813946
-0.0497919723088287	0.39330895455308	-0.621137166800616	0.152096440564134	-0.0565240979747607	-0.318740600966971	-0.369260962951642
-0.0501251121912023	0.394515810420574	-0.619760034658347	0.151163621639991	-0.0565194381359383	-0.316763316625145	-0.369738748423324
-0.0504545280829431	0.395720212555848	-0.618377214561818	0.15022484614363	-0.0565124241537471	-0.314773904243333	-0.370217044554506
-0.0507802199840511	0.396922160958903	-0.616988706511029	0.149280114075053	-0.056503056028187	-0.312772363821535	-0.370695851345189
-0.0511021878945261	0.398121655629739	-0.615594510505979	0.14832942543426	-0.0564913337592581	-0.31075869535975	-0.371175168795372
-0.0514204318143682	0.399318696568355	-0.61419462654667	0.147372780221249	-0.0564772573469604	-0.308732898857979	-0.371654996905056
-0.0517349517435775	0.400513283774752	-0.6127890546331	0.146410178436022	-0.0564608267912937	-0.306694974316222	-0.37213533567424
-0.0520457476821539	0.401705417248929	-0.611377794765271	0.145441620078578	-0.0564420420922583	-0.304644921734479	-0.372616185102924
-0.0523528196300974	0.402895096990887	-0.609960846943181	0.144467105148918	-0.056420903249854	-0.302582741112749	-0.373097545191109
-0.0526561675874081	0.404082323000626	-0.608538211166831	0.14348663364704	-0.0563974102640809	-0.300508432451032	-0.373579415938794
-0.0529557915540858	0.405267095278145	-0.607109887436221	0.142500205572947	-0.0563715631349389	-0.29842199574933	-0.37406179734598
-0.0532516915301307	0.406449413823445	-0.605675875751351	0.141507820926636	-0.0563433618624281	-0.296323431007641	-0.374544689412666
-0.0535438675155428	0.407629278636526	-0.604236176112221	0.140509479708109	-0.0563128064465484	-0.294212738225966	-0.375028092138852
-0.0538323195103219	0.408806689717387	-0.60279078851883	0.139505181917365	-0.0562798968872999	-0.292089917404304	-0.375512005524539
-0.0541170475144682	0.409981647066029	-0.601339712971179	0.138494927554404	-0.0562446331846826	-0.289954968542656	-0.375996429569726
-0.0543980515279816	0.411154150682452	-0.599882949469269	0.137478716619227	-0.0562070153386964	-0.287807891641022	-0.376481364274414
-0.0546753315508621	0.412324200566655	-0.598420498013098	0.136456549111833	-0.0561670433493413	-0.285648686699402	-0.376966809638601
-0.0549488875831097	0.413491796718639	-0.596952358602667	0.135428425032222	-0.0561247172166175	-0.283477353717795	-0.37745276566229
-0.0552187196247245	0.414656939138403	-0.595478531237976	0.134394344380394	-0.0560800369405247	-0.281293892696202	-0.377939232345479
-0.0554848276757064	0.415819627825948	-0.593999015919025	0.13335430715635	-0.0560330025210632	-0.279098303634622	-0.378426209688168
-0.0557472117360554	0.416979862781274	-0.592513812645813	0.13230831336009	-0.0559836139582327	-0.276890586533056	-0.378913697690357
-0.0560058718057715	0.41813764400438	-0.591022921418342	0.131256362991612	-0.0559318712520335	-0.274670741391504	-0.379401696352047
-0.0562608078848547	0.419292971495267	-0.58952634223661	0.130198456050918	-0.0558777744024654	-0.272438768209965	-0.379890205673237
-0.0565120199733051	0.420445845253934	-0.588024075100618	0.129134592538007	-0.0558213234095284	-0.270194666988441	-0.380379225653928
-0.0567595080711226	0.421596265280382	-0.586516120010366	0.128064772452879	-0.0557625182732226	-0.267938437726929	-0.380868756294119
-0.0570032721783073	0.422744231574611	-0.585002476965855	0.126988995795535	-0.055701358993548	-0.265670080425432	-0.381358797593811
-0.057243312294859	0.42388974413662	-0.583483145967082	0.125907262565974	-0.0556378455705046	-0.263389595083948	-0.381849349553002
-0.0574796284207779	0.42503280296641	-0.58195812701405	0.124819572764197	-0.0555719780040922	-0.261096981702478	-0.382340412171695
-0.0577122205560639	0.426173408063981	-0.580427420106758	0.123725926390202	-0.0555037562943111	-0.258792240281022	-0.382831985449887
-0.057941088700717	0.427311559429332	-0.578891025245205	0.122626323443991	-0.0554331804411611	-0.256475370819579	-0.38332406938758
-0.0581662328547373	0.428447257062464	-0.577348942429392	0.121520763925563	-0.0553602504446422	-0.25414637331815	-0.383816663984774
-0.0583876530181246	0.429580500963377	-0.57580117165932	0.120409247834919	-0.0552849663047546	-0.251805247776734	-0.384309769241468
-0.0586053491908791	0.43071129113207	-0.574247712934987	0.119291775172058	-0.055207328021498	-0.249451994195332	-0.384803385157662
-0.0588193213730007	0.431839627568544	-0.572688566256394	0.11816834593698	-0.0551273355948726	-0.247086612573944	-0.385297511733357
-0.0590295695644894	0.432965510272798	-0.57112373162354	0.117038960129686	-0.0550449890248784	-0.24470910291257	-0.385792148968552
-0.0592360937653453	0.434088939244833	-0.569553209036427	0.115903617750174	-0.0549602883115153	-0.242319465211209	-0.386287296863247
-0.0594388939755683	0.435209914484649	-0.567976998495053	0.114762318798447	-0.0548732334547835	-0.239917699469862	-0.386782955417443
-0.0596379701951584	0.436328435992245	-0.56639509999942	0.113615063274502	-0.0547838244546827	-0.237503805688529	-0.387279124631139
-0.0598333224241156	0.437444503767622	-0.564807513549526	0.112461851178341	-0.0546920613112131	-0.235077783867209	-0.387775804504336
-0.06002495066244	0.438558117810779	-0.563214239145372	0.111302682509963	-0.0545979440243747	-0.232639634005903	-0.388272995037033
-0.0602128549101315	0.439669278121717	-0.561615276786958	0.110137557269368	-0.0545014725941674	-0.23018935610461	-0.38877069622923
-0.0603970351671901	0.440777984700436	-0.560010626474284	0.108966475456557	-0.0544026470205913	-0.227726950163332	-0.389268908080928
-0.0605774914336158	0.441884237546936	-0.55840028820735	0.107789437071529	-0.0543014673036463	-0.225252416182067	-0.389767630592126
-0.0607542237094086	0.442988036661216	-0.556784261986155	0.106606442114284	-0.0541979334433325	-0.222765754160815	-0.390266863762824
-0.0609272319945686	0.444089382043276	-0.555162547810701	0.105417490584823	-0.0540920454396498	-0.220266964099578	-0.390766607593024
-0.0610965162890957	0.445188273693117	-0.553535145680986	0.104222582483145	-0.0539838032925983	-0.217756045998354	-0.391266862082723
-0.0612620765929899	0.446284711610739	-0.551902055597012	0.10302171780925	-0.053873207002178	-0.215232999857143	-0.391767627231923
-0.0614239129062513	0.447378695796142	-0.550263277558777	0.101814896563138	-0.0537602565683888	-0.212697825675947	-0.392268903040623
-0.0615820252288797	0.448470226249325	-0.548618811566282	0.10060211874481	-0.0536449519912308	-0.210150523454764	-0.392770689508823
-0.0617364135608753	0.449559302970289	-0.546968657619526	0.0993833843542654	-0.0535272932707039	-0.207591093193594	-0.393272986636524
-0.061887077902238	0.450645925959033	-0.545312815718511	0.0981586933915038	-0.0534072804068082	-0.205019534892439	-0.393775794423725
-0.0620340182529679	0.451730095215558	-0.543651285863236	0.0969280458565256	-0.0532849133995436	-0.202435848551296	-0.394279112870427
-0.0621772346130648	0.452811810739864	-0.5419840680537	0.0956914417493307	-0.0531601922489102	-0.199840034170168	-0.394782941976629
-0.0623167269825289	0.45389107253195	-0.540311162289904	0.094448881069919	-0.053033116954908	-0.197232091749053	-0.395287281742332
-0.0624524953613601	0.454967880591817	-0.538632568571848	0.0932003638182907	-0.0529036875175369	-0.194612021287953	-0.395792132167535
-0.0625845397495584	0.456042234919465	-0.536948286899532	0.0919458899944457	-0.052771903936797	-0.191979822786865	-0.396297493252238
-0.0627128601471239	0.457114135514893	-0.535258317272956	0.090685459598384	-0.0526377662126882	-0.189335496245792	-0.396803364996442
-0.0628374565540565	0.458183582378102	-0.53356265969212	0.0894190726301057	-0.0525012743452106	-0.186679041664732	-0.397309747400146
-0.0629583289703562	0.459250575509091	-0.531861314157024	0.0881467290896105	-0.0523624283343641	-0.184010459043685	-0.39781664046335
-0.063075477396023	0.460315114907861	-0.530154280667667	0.0868684289768988	-0.0522212281801488	-0.181329748382653	-0.398324044186055
-0.0631889018310569	0.461377200574412	-0.528441559224051	0.0855841722919704	-0.0520776738825647	-0.178636909681634	-0.39883195856826
-0.063298602275458	0.462436832508743	-0.526723149826174	0.0842939590348252	-0.0519317654416117	-0.175931942940628	-0.399340383609966
-0.0634045787292262	0.463494010710855	-0.524999052474037	0.0829977892054633	-0.0517835028572898	-0.173214848159637	-0.399849319311172
-0.0635068311923615	0.464548735180747	-0.52326926716764	0.0816956628038848	-0.0516328861295992	-0.170485625338659	-0.400358765671878
-0.063605359664864	0.46560100591842	-0.521533793906983	0.0803875798300896	-0.0514799152585396	-0.167744274477695	-0.400868722692085
-0.0637001641467335	0.466650822923874	-0.519792632692065	0.0790735402840776	-0.0513245902441113	-0.164990795576744	-0.401379190371792
-0.0637912446379702	0.467698186197109	-0.518045783522888	0.0777535441658491	-0.0511669110863141	-0.162225188635807	-0.401890168711
-0.063878601138574	0.468743095738124	-0.516293246399451	0.0764275914754038	-0.051006877785148	-0.159447453654884	-0.402401657709708
-0.063962233648545	0.469785551546919	-0.514535021321753	0.0750956822127417	-0.0508444903406131	-0.156657590633974	-0.402913657367916
-0.064042142167883	0.470825553623496	-0.512771108289795	0.0737578163778631	-0.0506797487527094	-0.153855599573078	-0.403426167685625
-0.0641183266965882	0.471863101967852	-0.511001507303577	0.0724139939707677	-0.0505126530214368	-0.151041480472196	-0.403939188662834
-0.0641907872346605	0.47289819657999	-0.509226218363099	0.0710642149914556	-0.0503432031467954	-0.148215233331328	-0.404452720299544
-0.0642595237821	0.473930837459908	-0.507445241468361	0.0697084794399269	-0.0501713991287851	-0.145376858150473	-0.404966762595754
-0.0643245363389065	0.474961024607607	-0.505658576619362	0.0683467873161814	-0.049997240967406	-0.142526354929632	-0.405481315551464
-0.0643858249050802	0.475988758023086	-0.503866223816104	0.0669791386202193	-0.049820728662658	-0.139663723668804	-0.405996379166675
-0.064443389480621	0.477014037706347	-0.502068183058585	0.0656055333520405	-0.0496418622145412	-0.13678896436799	-0.406511953441386
-0.0644972300655289	0.478036863657387	-0.500264454346807	0.0642259715116449	-0.0494606416230556	-0.13390207702719	-0.407028038375598
-0.064547346659804	0.479057235876208	-0.498455037680768	0.0628404530990327	-0.0492770668882011	-0.131003061646403	-0.40754463396931
-0.0645937392634461	0.48007515436281	-0.496639933060469	0.0614489781142038	-0.0490911380099778	-0.128091918225631	-0.408061740222522
-0.0646364078764554	0.481090619117193	-0.49481914048591	0.0600515465571582	-0.0489028549883856	-0.125168646764871	-0.408579357135235
-0.0646753524988318	0.482103630139356	-0.49299265995709	0.0586481584278959	-0.0487122178234246	-0.122233247264126	-0.409097484707448
-0.0647105731305754	0.4831141874293	-0.491160491474011	0.057238813726417	-0.0485192265150947	-0.119285719723394	-0.409616122939161
-0.0647420697716861	0.484122290987024	-0.489322635036671	0.0558235124527213	-0.048323881063396	-0.116326064142676	-0.410135271830375
-0.0647698424221638	0.485127940812529	-0.487479090645072	0.0544022546068089	-0.0481261814683285	-0.113354280521972	-0.41065493138109
-0.0647938910820088	0.486131136905815	-0.485629858299212	0.0529750401886799	-0.0479261277298921	-0.110370368861281	-0.411175101591304
-0.0648142157512208	0.487131879266881	-0.483774937999092	0.0515418691983341	-0.0477237198480868	-0.107374329160604	-0.41169578246102
-0.0648308164297999	0.488130167895728	-0.481914329744712	0.0501027416357717	-0.0475189578229128	-0.10436616141994	-0.412216973990235
-0.0648436931177462	0.489126002792356	-0.480048033536072	0.0486576575009925	-0.0473118416543699	-0.10134586563929	-0.412738676178951
-0.0648528458150596	0.490119383956764	-0.478176049373171	0.0472066167939968	-0.0471023713424581	-0.0983134418186543	-0.413260889027167
-0.0648582745217402	0.491110311388953	-0.476298377256011	0.0457496195147842	-0.0468905468871775	-0.0952688899580318	-0.413783612534884
-0.0648599792377878	0.492098785088922	-0.47441501718459	0.044286665663355	-0.046676368288528	-0.092212210057423	-0.414306846702101
-0.0648579599632026	0.493084805056672	-0.472525969158909	0.0428177552397091	-0.0464598355465097	-0.0891434021168278	-0.414830591528818
-0.0648522166979845	0.494068371292203	-0.470631233178969	0.0413428882438465	-0.0462409486611226	-0.0860624661362464	-0.415354847015036
-0.0648427494421335	0.495049483795514	-0.468730809244768	0.0398620646757673	-0.0460197076323666	-0.0829694021156788	-0.415879613160754
-0.0648295581956497	0.496028142566606	-0.466824697356307	0.0383752845354713	-0.0457961124602418	-0.0798642100551246	-0.416404889965973
-0.0648126429585329	0.497004347605479	-0.464912897513585	0.0368825478229587	-0.0455701631447481	-0.0767468899545843	-0.416930677430692
-0.0647920037307833	0.497978098912132	-0.462995409716604	0.0353838545382293	-0.0453418596858856	-0.0736174418140575	-0.417456975554912
-0.0647676405124009	0.498949396486566	-0.461072233965362	0.0338792046812833	-0.0451112020836543	-0.0704758656335445	-0.417983784338631
-0.0647395533033855	0.49991824032878	-0.459143370259861	0.0323685982521205	-0.0448781903380541	-0.067322161413045	-0.418511103781852
-0.0647077421037373	0.500884630438775	-0.457208818600099	0.0308520352507411	-0.044642824449085	-0.0641563291525592	-0.419038933884572
-0.0646722069134561	0.501848566816551	-0.455268578986077	0.029329515677145	-0.0444051044167471	-0.0609783688520872	-0.419567274646793
-0.0646329477325421	0.502810049462107	-0.453322651417795	0.0278010395313322	-0.0441650302410404	-0.0577882805116288	-0.420096126068514
-0.0645899645609953	0.503769078375444	-0.451371035895253	0.0262666068133028	-0.0439226019219648	-0.0545860641311842	-0.420625488149736
-0.0645432573988155	0.504725653556562	-0.449413732418451	0.0247262175230566	-0.0436778194595204	-0.0513717197107532	-0.421155360890458
-0.0644928262460029	0.50567977500546	-0.447450740987388	0.0231798716605937	-0.0434306828537072	-0.0481452472503358	-0.421685744290681
-0.0644386711025574	0.506631442722139	-0.445482061602066	0.0216275692259141	-0.043181192104525	-0.0449066467499321	-0.422216638350404
-0.0643807919684791	0.507580656706598	-0.443507694262483	0.0200693102190178	-0.0429293472119741	-0.041655918209542	-0.422748043069627
-0.0643191888437678	0.508527416958838	-0.44152763896864	0.0185050946399048	-0.0426751481760543	-0.0383930616291656	-0.423279958448351
-0.0642538617284237	0.509471723478859	-0.439541895720537	0.0169349224885752	-0.0424185949967657	-0.035118077008803	-0.423812384486575
-0.0641848106224467	0.51041357626666	-0.437550464518174	0.0153587937650289	-0.0421596876741082	-0.0318309643484541	-0.4243453211843
-0.0641120355258368	0.511352975322242	-0.435553345361551	0.0137767084692659	-0.0418984262080819	-0.0285317236481188	-0.424878768541525
-0.0640355364385941	0.512289920645605	-0.433550538250667	0.0121886666012862	-0.0416348105986867	-0.0252203549077971	-0.42541272655825
-0.0639553133607184	0.513224412236748	-0.431542043185524	0.0105946681610897	-0.0413688408459227	-0.021896858127489	-0.425947195234476
-0.06387136629221	0.514156450095672	-0.42952786016612	0.00899471314867661	-0.0411005169497898	-0.0185612333071948	-0.426482174570202
-0.0637836952330686	0.515086034222376	-0.427507989192456	0.00738880156404681	-0.0408298389102881	-0.0152134804469141	-0.427017664565428
-0.0636923001832943	0.516013164616861	-0.425482430264533	0.00577693340720037	-0.0405568067274176	-0.0118535995466472	-0.427553665220155
-0.0635971811428872	0.516937841279127	-0.423451183382349	0.00415910867813718	-0.0402814204011783	-0.00848159060639386	-0.428090176534383
-0.0634983381118472	0.517860064209173	-0.421414248545904	0.00253532737685738	-0.0400036799315701	-0.00509745362615432	-0.42862719850811
-0.0633957710901742	0.518779833407	-0.4193716257552	0.000905589503360754	-0.039723585318593	-0.00170118860592827	-0.429164731141338
-0.0632894800778685	0.519697148872608	-0.417323315010236	-0.000730104942352483	-0.0394411365622471	0.00170720445428396	-0.429702774434067
-0.0631794650749298	0.520612010605996	-0.415269316311011	-0.00237175596028241	-0.0391563336625323	0.0051277255544826	-0.430241328386296
-0.0630657260813583	0.521524418607165	-0.413209629657527	-0.00401936355042912	-0.0388691766194487	0.00856037469466764	-0.430780392998025
-0.062948263097154	0.522434372876114	-0.411144255049782	-0.00567292771279235	-0.0385796654329963	0.0120051518748387	-0.431319968269255
-0.0628270761223166	0.523341873412845	-0.409073192487777	-0.00733244844737241	-0.038287800103175	0.0154620570949964	-0.431860054199985
-0.0627021651568465	0.524246920217355	-0.406996441971512	-0.00899792575416905	-0.0379935806299849	0.0189310903551401	-0.432400650790215
-0.0625735302007435	0.525149513289647	-0.404914003500987	-0.0106693596331824	-0.0376970070134259	0.0224122516552704	-0.432941758039946
-0.0624411712540076	0.526049652629719	-0.402825877076201	-0.0123467500844125	-0.0373980792534981	0.0259055409953871	-0.433483375949177
-0.0623050883166388	0.526947338237571	-0.400732062697156	-0.0140300971078593	-0.0370967973502014	0.02941095837549	-0.434025504517909
-0.0621652813886371	0.527842570113204	-0.39863256036385	-0.0157194007035229	-0.0367931613035359	0.0329285037955792	-0.434568143746141
-0.0620217504700026	0.528735348256618	-0.396527370076284	-0.017414660871403	-0.0364871711135016	0.0364581772556548	-0.435111293633873
-0.0618744955607352	0.529625672667813	-0.394416491834459	-0.0191158776114999	-0.0361788267800984	0.0399999787557167	-0.435654954181106
-0.0617235166608349	0.530513543346788	-0.392299925638373	-0.0208230509238133	-0.0358681283033263	0.0435539082957648	-0.436199125387839
-0.0615688137703017	0.531398960293543	-0.390177671488027	-0.0225361808083436	-0.0355550756831855	0.0471199658757994	-0.436743807254073
-0.0614103868891357	0.53228192350808	-0.38804972938342	-0.0242552672650906	-0.0352396689196757	0.0506981514958202	-0.437288999779807
-0.0612482360173368	0.533162432990397	-0.385916099324554	-0.0259803102940541	-0.0349219080127972	0.0542884651558274	-0.437834702965041
-0.061082361154905	0.534040488740494	-0.383776781311427	-0.0277113098952345	-0.0346017929625498	0.057890906855821	-0.438380916809776
-0.0609127623018404	0.534916090758373	-0.381631775344041	-0.0294482660686315	-0.0342793237689335	0.0615054765958009	-0.438927641314011
-0.0607394394581428	0.535789239044032	-0.379481081422394	-0.0311911788142452	-0.0339545004319484	0.0651321743757669	-0.439474876477747
-0.0605623926238124	0.536659933597471	-0.377324699546487	-0.0329400481320755	-0.0336273229515945	0.0687710001957195	-0.440022622300983
-0.0603816217988491	0.537528174418691	-0.37516262971632	-0.0346948740221225	-0.0332977913278717	0.0724219540556581	-0.440570878783719
-0.0601971269832529	0.538393961507692	-0.372994871931893	-0.0364556564843864	-0.0329659055607801	0.0760850359555834	-0.441119645925956
-0.0600089081770239	0.539257294864473	-0.370821426193205	-0.0382223955188668	-0.0326316656503196	0.0797602458954949	-0.441668923727693
-0.059816965380162	0.540118174489035	-0.368642292500258	-0.039995091125564	-0.0322950715964903	0.0834475838753928	-0.44221871218893
-0.0596212985926672	0.540976600381378	-0.36645747085305	-0.0417737433044779	-0.0319561233992922	0.0871470498952769	-0.442769011309668
-0.0594219078145395	0.541832572541501	-0.364266961251583	-0.0435583520556083	-0.0316148210587252	0.0908586439551474	-0.443319821089907
-0.059218793045779	0.542686090969405	-0.362070763695855	-0.0453489173789556	-0.0312711645747893	0.0945823660550041	-0.443871141529645
-0.0590119542863855	0.543537155665089	-0.359868878185867	-0.0471454392745194	-0.0309251539474847	0.0983182161948471	-0.444422972628884
-0.0588013915363592	0.544385766628554	-0.357661304721619	-0.0489479177423001	-0.0305767891768111	0.102066194374677	-0.444975314387624
-0.0585871047957	0.5452319238598	-0.35544804330311	-0.0507563527822974	-0.0302260702627687	0.105826300594492	-0.445528166805864
-0.058369094064408	0.546075627358826	-0.353229093930342	-0.0525707443945114	-0.0298729972053575	0.109598534854295	-0.446081529883604
-0.058147359342483	0.546916877125633	-0.351004456603314	-0.0543910925789421	-0.0295175700045775	0.113382897154083	-0.446635403620845
-0.0579219006299252	0.547755673160221	-0.348774131322025	-0.0562173973355895	-0.0291597886604286	0.117179387493858	-0.447189788017586
-0.0576927179267345	0.548592015462589	-0.346538118086476	-0.0580496586644535	-0.0287996531729109	0.120988005873619	-0.447744683073827
-0.057459811232911	0.549425904032738	-0.344296416896667	-0.0598878765655342	-0.0284371635420242	0.124808752293366	-0.448300088789569
-0.0572231805484545	0.550257338870668	-0.342049027752598	-0.0617320510388317	-0.0280723197677688	0.1286416267531	-0.448856005164811
-0.0569828258733651	0.551086319976378	-0.339795950654269	-0.0635821820843458	-0.0277051218501446	0.13248662925282	-0.449412432199554
-0.056738747207643	0.551912847349868	-0.33753718560168	-0.0654382697020766	-0.0273355697891515	0.136343759792526	-0.449969369893797
-0.0564909445512879	0.55273692099114	-0.33527273259483	-0.0673003138920241	-0.0269636635847895	0.140213018372219	-0.45052681824754
-0.0562394179043	0.553558540900192	-0.333002591633721	-0.0691683146541884	-0.0265894032370587	0.144094404991898	-0.451084777260784
-0.0559841672666792	0.554377707077024	-0.330726762718351	-0.0710422719885692	-0.026212788745959	0.147987919651564	-0.451643246933528
-0.0557251926384255	0.555194419521638	-0.328445245848721	-0.0729221858951669	-0.0258338201114905	0.151893562351215	-0.452202227265773
-0.0554624940195389	0.556008678234031	-0.326158041024832	-0.0748080563739811	-0.0254524973336532	0.155811333090853	-0.452761718257518
-0.0551960714100194	0.556820483214206	-0.323865148246681	-0.0766998834250121	-0.025068820412447	0.159741231870478	-0.453321719908764
-0.0549259248098671	0.557629834462161	-0.321566567514271	-0.0785976670482598	-0.024682789347872	0.163683258690088	-0.453882232219509
-0.0546520542190819	0.558436731977897	-0.319262298827601	-0.0805014072437241	-0.0242944041399281	0.167637413549685	-0.454443255189756
-0.0543744596376638	0.559241175761413	-0.31695234218667	-0.0824111040114052	-0.0239036647886154	0.171603696449269	-0.455004788819502
-0.0540931410656129	0.56004316581271	-0.31463669759148	-0.0843267573513029	-0.0235105712939339	0.175582107388838	-0.455566833108749
-0.053808098502929	0.560842702131788	-0.312315365042029	-0.0862483672634174	-0.0231151236558834	0.179572646368394	-0.456129388057496
-0.0535193319496123	0.561639784718646	-0.309988344538318	-0.0881759337477484	-0.0227173218744643	0.183575313387937	-0.456692453665744
-0.0532268414056627	0.562434413573285	-0.307655636080347	-0.0901094568042962	-0.0223171659496761	0.187590108447465	-0.457256029933492
-0.0529306268710802	0.563226588695705	-0.305317239668116	-0.0920489364330608	-0.0219146558815192	0.19161703154698	-0.457820116860741
-0.0526306883458649	0.564016310085905	-0.302973155301625	-0.093994372634042	-0.0215097916699934	0.195656082686482	-0.45838471444749
-0.0523270258300167	0.564803577743885	-0.300623382980873	-0.0959457654072399	-0.0211025733150988	0.199707261865969	-0.458949822693739
-0.0520196393235356	0.565588391669647	-0.298267922705862	-0.0979031147526545	-0.0206930008168354	0.203770569085443	-0.459515441599489
-0.0517085288264216	0.566370751863189	-0.29590677447659	-0.0998664206702857	-0.0202810741752031	0.207846004344904	-0.460081571164739
-0.0513936943386748	0.567150658324511	-0.293539938293058	-0.101835683160134	-0.0198667933902019	0.21193356764435	-0.46064821138949
-0.0510751358602951	0.567928111053615	-0.291167414155266	-0.103810902222198	-0.019450158461832	0.216033258983783	-0.46121536227374
-0.0507528533912825	0.568703110050499	-0.288789202063214	-0.10579207785648	-0.0190311693900931	0.220145078363202	-0.461783023817492
-0.050426846931637	0.569475655315163	-0.286405302016902	-0.107779210062978	-0.0186098261749854	0.224269025782608	-0.462351196020743
-0.0500971164813586	0.570245746847608	-0.28401571401633	-0.109772298841692	-0.0181861288165089	0.228405101242	-0.462919878883496
-0.0497636620404474	0.571013384647834	-0.281620438061498	-0.111771344192624	-0.0177600773146636	0.232553304741378	-0.463489072405748
-0.0494264836089033	0.57177856871584	-0.279219474152405	-0.113776346115772	-0.0173316716694494	0.236713636280743	-0.464058776587501
-0.0490855811867263	0.572541299051627	-0.276812822289052	-0.115787304611137	-0.0169009118808663	0.240886095860094	-0.464628991428754
-0.0487409547739165	0.573301575655195	-0.274400482471439	-0.117804219678718	-0.0164677979489145	0.245070683479431	-0.465199716929508
-0.0483926043704737	0.574059398526543	-0.271982454699566	-0.119827091318516	-0.0160323298735937	0.249267399138755	-0.465770953089762
-0.048040529976398	0.574814767665672	-0.269558738973433	-0.121855919530531	-0.0155945076549041	0.253476242838064	-0.466342699909516
-0.0476847315916896	0.575567683072582	-0.26712933529304	-0.123890704314763	-0.0151543312928457	0.257697214577361	-0.466914957388771
-0.0473252092163482	0.576318144747272	-0.264694243658387	-0.125931445671211	-0.0147118007874184	0.261930314356643	-0.467487725527526
-0.046961962850374	0.577066152689743	-0.262253464069473	-0.127978143599876	-0.0142669161386224	0.266175542175912	-0.468061004325782
-0.0465949924937668	0.577811706899994	-0.259806996526299	-0.130030798100758	-0.0138196773464574	0.270432898035167	-0.468634793783538
-0.0462242981465269	0.578554807378026	-0.257354841028866	-0.132089409173856	-0.0133700844109236	0.274702381934409	-0.469209093900794
-0.045849879808654	0.579295454123839	-0.254896997577172	-0.134153976819171	-0.012918137332021	0.278983993873637	-0.469783904677551
-0.0454717374801482	0.580033647137432	-0.252433466171218	-0.136224501036703	-0.0124638361097495	0.283277733852851	-0.470359226113808
-0.0450898711610096	0.580769386418806	-0.249964246811004	-0.138300981826451	-0.0120071807441091	0.287583601872051	-0.470935058209566
-0.0447042808512381	0.58150267196796	-0.247489339496529	-0.140383419188416	-0.0115481712351	0.291901597931238	-0.471511400964824
-0.0443149665508337	0.582233503784895	-0.245008744227795	-0.142471813122598	-0.011086807582722	0.296231722030411	-0.472088254379582
-0.0439219282597965	0.582961881869611	-0.2425224610048	-0.144566163628996	-0.0106230897869751	0.300573974169571	-0.472665618453841
-0.0435251659781263	0.583687806222108	-0.240030489827545	-0.146666470707612	-0.0101570178478594	0.304928354348717	-0.4732434931876
-0.0431246797058233	0.584411276842385	-0.237532830696031	-0.148772734358443	-0.00968859176537487	0.309294862567849	-0.47382187858086
-0.0427204694428875	0.585132293730442	-0.235029483610256	-0.150884954581492	-0.00921781153952153	0.313673498826967	-0.47440077463362
-0.0423125351893187	0.585850856886281	-0.232520448570221	-0.153003131376757	-0.00874467717029928	0.318064263126072	-0.47498018134588
-0.0419008769451171	0.586566966309899	-0.230005725575926	-0.155127264744239	-0.00826918865770823	0.322467155465163	-0.475560098717641
-0.0414854947102826	0.587280622001299	-0.22748531462737	-0.157257354683938	-0.00779134600174827	0.326882175844241	-0.476140526748902
-0.0410663884848151	0.587991823960479	-0.224959215724555	-0.159393401195853	-0.00731114920241954	0.331309324263305	-0.476721465439664
-0.0406435582687149	0.58870057218744	-0.222427428867479	-0.161535404279985	-0.00682859825972196	0.335748600722355	-0.477302914789926
-0.0402170040619818	0.589406866682181	-0.219889954056143	-0.163683363936334	-0.00634369317365552	0.340200005221391	-0.477884874799688
-0.0397867258646157	0.590110707444703	-0.217346791290547	-0.165837280164899	-0.0058564339442202	0.344663537760414	-0.478467345468951
-0.0393527236766169	0.590812094475006	-0.214797940570691	-0.167997152965681	-0.00536682057141608	0.349139198339423	-0.479050326797714
-0.038914997497985	0.591511027773089	-0.212243401896575	-0.17016298233868	-0.0048748530552431	0.353626986958418	-0.479633818785977
-0.0384735473287203	0.592207507338953	-0.209683175268199	-0.172334768283896	-0.00438053139570124	0.3581269036174	-0.480217821433741
-0.0380283731688228	0.592901533172598	-0.207117260685563	-0.174512510801328	-0.00388385559279059	0.362638948316368	-0.480802334741005
-0.0375794750182925	0.593593105274023	-0.204545658148666	-0.176696209890977	-0.00338482564651113	0.367163121055322	-0.48138735870777
-0.0371268528771292	0.594282223643229	-0.201968367657509	-0.178885865552842	-0.00288344155686274	0.371699421834263	-0.481972893334035
-0.0366705067453331	0.594968888280215	-0.199385389212093	-0.181081477786924	-0.00237970332384554	0.37624785065319	-0.482558938619801
-0.036210436622904	0.595653099184982	-0.196796722812416	-0.183283046593223	-0.00187361094745953	0.380808407512104	-0.483145494565067
-0.0357466425098421	0.59633485635753	-0.194202368458479	-0.185490571971739	-0.00136516442770465	0.385381092411003	-0.483732561169833
-0.0352791244061473	0.597014159797858	-0.191602326150281	-0.187704053922471	-0.000854363764580923	0.38996590534989	-0.484320138434099
-0.0348078823118196	0.597691009505967	-0.188996595887824	-0.18992349244542	-0.000341208958088313	0.394562846328762	-0.484908226357867
-0.0343329162268591	0.598365405481857	-0.186385177671107	-0.192148887540586	0.000174299991773041	0.399171915347621	-0.485496824941134
-0.0338542261512657	0.599037347725527	-0.183768071500129	-0.194380239207968	0.000692163085003306	0.403793112406466	-0.486085934183902
-0.0333718120850394	0.599706836236978	-0.181145277374891	-0.196617547447567	0.00121238032160237	0.408426437505297	-0.48667555408617
-0.0328856740281802	0.600373871016209	-0.178516795295393	-0.198860812259383	0.00173495170157031	0.413071890644115	-0.487265684647939
-0.0323958119806882	0.601038452063221	-0.175882625261636	-0.201110033643416	0.00225987722490711	0.417729471822919	-0.487856325869208
-0.0319022259425633	0.601700579378014	-0.173242767273617	-0.203365211599665	0.00278715689161274	0.422399181041709	-0.488447477749977
-0.0314049159138055	0.602360252960587	-0.170597221331339	-0.205626346128131	0.00331679070168722	0.427081018300486	-0.489039140290247
-0.0309038818944148	0.603017472810941	-0.167945987434801	-0.207893437228813	0.0038487786551305	0.431774983599248	-0.489631313490017
-0.0303991238843913	0.603672238929075	-0.165289065584002	-0.210166484901712	0.00438312075194267	0.436481076937998	-0.490223997349288
-0.0298906418837348	0.604324551314991	-0.162626455778944	-0.212445489146828	0.00491981699212368	0.441199298316734	-0.490817191868059
-0.0293784358924455	0.604974409968686	-0.159958158019625	-0.214730449964161	0.00545886737567353	0.445929647735456	-0.49141089704633
-0.0288625059105234	0.605621814890163	-0.157284172306046	-0.21702136735371	0.00600027190259222	0.450672125194164	-0.492005112884102
-0.0283428519379683	0.60626676607942	-0.154604498638207	-0.219318241315476	0.00654403057287978	0.455426730692859	-0.492599839381374
-0.0278194739747804	0.606909263536458	-0.151919137016108	-0.221621071849459	0.00709014338653616	0.46019346423154	-0.493195076538146
-0.0272923720209595	0.607549307261276	-0.149228087439748	-0.223929858955658	0.00763861034356139	0.464972325810207	-0.493790824354419
-0.0267615460765059	0.608186897253875	-0.146531349909129	-0.226244602634074	0.00818943144395537	0.46976331542886	-0.494387082830193
-0.0262269961414193	0.608822033514254	-0.143828924424249	-0.228565302884707	0.00874260668771831	0.4745664330875	-0.494983851965466
-0.0256887222156998	0.609454716042415	-0.14112081098511	-0.230891959707556	0.00929813607485006	0.479381678786127	-0.495581131760241
-0.0251467242993476	0.610084944838355	-0.13840700959171	-0.233224573102622	0.00985601960535068	0.484209052524739	-0.496178922214515
-0.0246010023923624	0.610712719902077	-0.13568752024405	-0.235563143069905	0.0104162572792201	0.489048554303338	-0.49677722332829
-0.0240515564947443	0.611338041233579	-0.13296234294213	-0.237907669609405	0.0109788490964584	0.493900184121924	-0.497376035101565
-0.0234983866064933	0.611960908832861	-0.13023147768595	-0.240258152721121	0.0115437950570655	0.498763941980495	-0.497975357534341
-0.0229414927276096	0.612581322699925	-0.127494924475509	-0.242614592405054	0.0121110951610414	0.503639827879053	-0.498575190626617
-0.0223808748580929	0.613199282834769	-0.124752683310809	-0.244976988661203	0.0126807494083862	0.508527841817597	-0.499175534378394
-0.0218165329979433	0.613814789237393	-0.122004754191848	-0.24734534148957	0.0132527577990999	0.513427983796128	-0.499776388789671
-0.0212484671471608	0.614427841907799	-0.119251137118627	-0.249719650890153	0.0138271203331824	0.518340253814645	-0.500377753860448
-0.0206766773057455	0.615038440845984	-0.116491832091146	-0.252099916862952	0.0144038370106337	0.523264651873148	-0.500979629590726
-0.0201011634736972	0.615646586051951	-0.113726839109405	-0.254486139407969	0.014982907831454	0.528201177971638	-0.501582015980504
-0.0195219256510162	0.616252277525698	-0.110956158173404	-0.256878318525202	0.015564332795643	0.533149832110113	-0.502184913029782
-0.0189389638377022	0.616855515267225	-0.108179789283143	-0.259276454214652	0.0161481119032008	0.538110614288576	-0.502788320738561
-0.0183522780337554	0.617456299276534	-0.105397732438622	-0.261680546476318	0.0167342451541275	0.543083524507024	-0.50339223910684
-0.0177618682391756	0.618054629553623	-0.10260998763984	-0.264090595310201	0.0173227325484231	0.548068562765459	-0.50399666813462
-0.0171677344539631	0.618650506098492	-0.0998165548867985	-0.266506600716301	0.0179135740860875	0.55306572906388	-0.5046016078219
-0.0165698766781177	0.619243928911143	-0.0970174341794967	-0.268928562694617	0.0185067697671207	0.558075023402288	-0.50520705816868
-0.0159682949116393	0.619834897991573	-0.0942126255179346	-0.271356481245151	0.0191023195915228	0.563096445780682	-0.505813019174961
-0.0153629891545281	0.620423413339785	-0.0914021289021125	-0.273790356367901	0.0197002235592937	0.568129996199062	-0.506419490840742
-0.014753959406784	0.621009474955777	-0.0885859443320303	-0.276230188062867	0.0203004816704336	0.573175674657428	-0.507026473166024
-0.014141205668407	0.62159308283955	-0.0857640718076882	-0.27867597633005	0.0209030939249421	0.578233481155781	-0.507633966150806
-0.0135247279393972	0.622174236991103	-0.0829365113290856	-0.28112772116945	0.0215080603228196	0.58330341569412	-0.508241969795088
-0.0129045262197545	0.622752937410437	-0.0801032628962229	-0.283585422581067	0.0221153808640659	0.588385478272446	-0.508850484098871
-0.0122806005094789	0.623329184097551	-0.0772643265091002	-0.2860490805649	0.022725055548681	0.593479668890758	-0.509459509062154
-0.0116592211960208	0.623869772945605	-0.0744415361214366	-0.288482329469278	0.023329942370699	0.598510792037321	-0.51003953601571
-0.0110466249040846	0.624341855793564	-0.0716565833723443	-0.290849107964378	0.0239229500538949	0.603404282478289	-0.510561356127519
-0.010442760989552	0.624745966560147	-0.0689092547899108	-0.293149872532977	0.0245041546928798	0.608161085630493	-0.511025419153391
-0.0098475788083042	0.625082639164069	-0.0661993369022238	-0.295385079657849	0.025073632382265	0.612782146910763	-0.511432174849138
-0.00926102771622282	0.625352407524046	-0.0635266162373711	-0.297555185821772	0.0256314592166619	0.617268411735931	-0.511782072970571
-0.00868305706918927	0.625555805558794	-0.0608908793234406	-0.29966064750752	0.0261777112906816	0.621620825522827	-0.512075563273501
-0.00811361622308502	0.625693367187031	-0.05829191268852	-0.301701921197869	0.0267124646989354	0.625840333688283	-0.512313095513738
-0.0075526545337915	0.625765626327471	-0.055729502860697	-0.303679463375596	0.0272357955360346	0.62992788164913	-0.512495119447095
-0.00700012135719019	0.625773116898832	-0.0532034363680596	-0.305593730523475	0.0277477798965905	0.633884414822198	-0.512622084829383
-0.00645596604916253	0.625716372819829	-0.0507134997386955	-0.307445179124284	0.0282484938752143	0.637710878624318	-0.512694441416411
-0.00592013796558997	0.625595928009179	-0.0482594795006925	-0.309234265660797	0.0287380135665174	0.641408218472322	-0.512712638963992
-0.00539258646235398	0.625412316385597	-0.0458411621821383	-0.31096144661579	0.0292164150651108	0.64497737978304	-0.512677127227937
-0.004873260895336	0.6251660718678	-0.0434583343111208	-0.31262717847204	0.0296837744656061	0.648419307973304	-0.512588355964056
-0.00436211062041749	0.624857728374505	-0.0411107824157277	-0.314231917712321	0.0301401678626143	0.651734948459944	-0.51244677492816
-0.00385908499347991	0.624487819824427	-0.0387982930240469	-0.315776120819411	0.0305856713507467	0.654925246659792	-0.512252833876062
-0.0033641333704047	0.624056880136283	-0.0365206526641661	-0.317260244276084	0.0310203610246147	0.657991147989678	-0.512006982563571
-0.00287720510707333	0.623565443228788	-0.0342776478641731	-0.318684744565116	0.0314443129788295	0.660933597866433	-0.5117096707465
-0.00239824955936725	0.62301404302066	-0.0320690651521558	-0.320050078169283	0.0318576033080023	0.663753541706889	-0.511361348180658
-0.00192721608316791	0.622403213430613	-0.0298946910562018	-0.321356701571361	0.0322603081067445	0.666451924927876	-0.510962464621858
-0.00146405403435677	0.621733488377365	-0.0277543121043991	-0.322605071254126	0.0326525034696672	0.669029692946225	-0.510513469825909
-0.00100871276881528	0.621005401779632	-0.0256477148248353	-0.323795643700353	0.0330342654913818	0.671487791178768	-0.510014813548624
-0.000561141642424888	0.62021948755613	-0.0235746857455983	-0.324928875392819	0.0334056702664996	0.673827165042335	-0.509466945545814
-0.000121290011067064	0.619376279625574	-0.0215350113947759	-0.326005222814298	0.0337667938896317	0.676048759953757	-0.508870315573289
0.000310892769376748	0.618476311906682	-0.0195284783004558	-0.327025142447567	0.0341177124553895	0.678153521329866	-0.50822537338686
0.00073545734302509	0.617520118318169	-0.0175548729907259	-0.327989090775402	0.0344585020583842	0.680142394587491	-0.50753256874234
0.0011524543539965	0.616508232778752	-0.0156139819936739	-0.328897524280579	0.034789238793227	0.682016325143465	-0.506792351395538
0.00156193444640955	0.615441189207147	-0.0137055918373876	-0.329750899445872	0.0351099987545294	0.683776258414619	-0.506005171102265
0.00196394826438275	0.61431952152207	-0.0118294890499549	-0.330549672754059	0.0354208580369024	0.685423139817782	-0.505171477618334
0.00235854645203467	0.613143763642237	-0.00998546015946348	-0.331294300687914	0.0357218927349575	0.686957914769787	-0.504291720699555
0.00274577965348385	0.611914449486364	-0.00817329169400114	-0.331985239730214	0.0360131789433058	0.688381528687464	-0.503366350101739
0.00312569851284883	0.610632112973168	-0.00639277018165573	-0.332622946363735	0.0362947927565586	0.689694926987644	-0.502395815580697
0.00349835367424817	0.609297288021365	-0.00464368215051499	-0.333207877071251	0.0365668102693272	0.690899055087158	-0.501380566892241
0.0038637957818004	0.607910508549671	-0.00292581412866672	-0.333740488335539	0.0368293075762228	0.691994858402837	-0.500321053792181
0.00422207547962406	0.606472308476803	-0.00123895264419871	-0.334221236639375	0.0370823607718568	0.692983282351513	-0.499217726036328
0.00457324341183772	0.604983221721476	0.000417115774801243	-0.334650578465535	0.0373260459508403	0.693865272350015	-0.498071033380494
0.00491735022255991	0.603443782202406	0.00204260460024533	-0.335028970296794	0.0375604392077847	0.694641773815176	-0.49688142558049
0.00525444655590917	0.60185452383831	0.0036377273040458	-0.335356868615928	0.0377856166373012	0.695313732163826	-0.495649352392127
0.00558458305600406	0.600215980547905	0.00520269735811485	-0.335634729905713	0.0380016543340011	0.695882092812796	-0.494375263571215
0.00590781036696311	0.598528686249906	0.00673772823436466	-0.335863010648924	0.0382086283924956	0.696347801178916	-0.493059608873566
0.00622417913290488	0.596793174863029	0.00824303340470747	-0.336042167328338	0.0384066149073961	0.696711802679019	-0.491702838054992
0.00653373999794791	0.595009980305991	0.00971882634105546	-0.33617265642673	0.0385956899733137	0.696975042729935	-0.490305400871302
0.00683654360621075	0.593179636497508	0.0111653205153209	-0.336254934426876	0.0387759296848598	0.697138466748495	-0.488867747078309
0.00713264060181193	0.591302677356296	0.0125827293994159	-0.336289457811552	0.0389474101366456	0.69720302015153	-0.487390326431823
0.00742208162887002	0.589379636801071	0.0139712664652528	-0.336276683063534	0.0391102074232823	0.697169648355871	-0.485873588687656
0.00770491733150354	0.58741104875055	0.0153311451847437	-0.336217066665597	0.0392643976393813	0.697039296778349	-0.484317983601617
0.00798119835383105	0.585397447123448	0.0166625790298009	-0.336111065100517	0.0394100568795539	0.696812910835795	-0.48272396092952
0.0082509753399711	0.583339365838482	0.0179657814723365	-0.33595913485107	0.0395472612384111	0.696491435945039	-0.481091970427174
0.00851429893404222	0.581237338814369	0.0192409659842627	-0.335761732400032	0.0396760868105645	0.696075817522914	-0.479422461850391
0.00877121978016297	0.579091899969823	0.0204883460374919	-0.335519314230178	0.0397966096906251	0.69556700098625	-0.477715884954982
0.00902178852245188	0.576903583223563	0.0217081351039361	-0.335232336824285	0.0399089059732043	0.694965931751877	-0.475972689496758
0.00926605580502752	0.574672922494303	0.0229005466555076	-0.334901256665128	0.0400130517529134	0.694273555236628	-0.47419332523153
0.00950407227200841	0.57240045170076	0.0240657941641187	-0.334526530235482	0.0401091231243636	0.693490816857332	-0.472378241915109
0.00973588856751311	0.57008670476165	0.0252040911016814	-0.334108614018125	0.0401971961821661	0.692618662030821	-0.470527889303306
0.00996155533566016	0.567732215595689	0.026315650940108	-0.333647964495831	0.0402773470209323	0.691658036173926	-0.468642717151933
0.0101811232205681	0.565337518121594	0.0274006871513108	-0.333145038151376	0.0403496517352734	0.690609884703477	-0.4667231752168
0.0103946428663555	0.562903146258081	0.0284594132072019	-0.332600291467536	0.0404141864198006	0.689475153036307	-0.464769713253718
0.0106021649171409	0.560429633923866	0.0294920425796936	-0.332014180927087	0.0404710271691253	0.688254786589245	-0.462782781018499
0.0108037400170428	0.557917515037665	0.030498788740698	-0.331387163012805	0.0405202500778587	0.686949730779123	-0.460762828266954
0.0109994188101798	0.555367323518194	0.0314798651621274	-0.330719694207465	0.0405619312406121	0.685560931022772	-0.458710304754893
0.0111892519406704	0.552779593284169	0.032435485315894	-0.330012230993843	0.0405961467519967	0.684089332737023	-0.456625660238129
0.0113732900526332	0.550154858254308	0.03336586267391	-0.329265229854716	0.0406229727066238	0.682535881338706	-0.454509344472471
0.0115515837901867	0.547493652347325	0.0342712107080875	-0.328479147272858	0.0406424851991047	0.680901522244653	-0.452361807213732
0.0117241837974495	0.544796509481938	0.0351517428903389	-0.327654439731045	0.0406547603240506	0.679187200871695	-0.450183498217721
0.01189114071854	0.542063963576862	0.0360076726925762	-0.326791563712054	0.0406598741760728	0.677393862636662	-0.447974867240251
0.012052505197577	0.539296548550813	0.0368392135867118	-0.325890975698661	0.0406579028497825	0.675522452956386	-0.445736364037132
0.0122083278786788	0.536494798322509	0.0376465790446578	-0.32495313217364	0.0406489224397912	0.673573917247698	-0.443468438364175
0.0123586594059641	0.533659246810664	0.0384299825383265	-0.323978489619768	0.0406330090407099	0.671549200927428	-0.441171539977192
0.0125035504235513	0.530790427933996	0.03918963753963	-0.32296750451982	0.0406102387471499	0.669449249412408	-0.438846118631994
0.0126430515755591	0.527888875611219	0.0399257575204806	-0.321920633356573	0.0405806876537226	0.667275008119469	-0.436492624084391
0.012777213506106	0.524955123761052	0.0406385559527905	-0.320838332612801	0.0405444318550392	0.665027422465441	-0.434111506090195
0.0129060868593105	0.521989706302209	0.0413282463084718	-0.319721058771282	0.040501547445711	0.662707437867156	-0.431703214405217
0.0130297222792912	0.518993157153408	0.0419950420594368	-0.31856926831479	0.0404521105203492	0.660315999741444	-0.429268198785268
0.0131481704101666	0.515966010233363	0.0426391566775977	-0.317383417726102	0.0403961971735651	0.657854053505137	-0.426806908986159
0.0132614818960552	0.512908799460792	0.0432608036348667	-0.316163963487993	0.0403338834999699	0.655322544575066	-0.424319794763701
0.0133697073810757	0.50982205875441	0.0438601964031561	-0.314911362083239	0.040265245594175	0.652722418368061	-0.421807305873705
0.0134728975093465	0.506706322032935	0.0444375484543779	-0.313626069994616	0.0401903595507916	0.650054620300953	-0.419269892071983
0.0135711029249863	0.503562123215081	0.0449930732604445	-0.3123085437049	0.0401093014644309	0.647320095790574	-0.416708003114345
0.0136643742721134	0.500389996219565	0.045526984293268	-0.310959239696865	0.0400221474297043	0.644519790253755	-0.414122088756602
0.0137527621948466	0.497190474965104	0.0460394950247607	-0.309578614453289	0.039928973541223	0.641654649107326	-0.411512598754566
0.0138363173373043	0.493964093370414	0.0465308189268348	-0.308167124456947	0.0398298558935982	0.638725617768118	-0.408879982864048
0.013915090343605	0.49071138535421	0.0470011694714024	-0.306725226190615	0.0397248705814412	0.635733641652963	-0.406224690840859
0.0139891318578674	0.48743288483521	0.0474507601303758	-0.305253376137069	0.0396140936993633	0.632679666178691	-0.403547172440809
0.01405849252421	0.484129125732128	0.0478798043756672	-0.303752030779083	0.0394976013419758	0.629564636762134	-0.400847877419711
0.0141232229867513	0.480800641963682	0.0482885156791888	-0.302221646599435	0.03937546960389	0.626389498820122	-0.398127255533374
0.0141833738896099	0.477447967448588	0.0486771075128527	-0.3006626800809	0.039247774579717	0.623155197769486	-0.395385756537611
0.0142389958769042	0.474071636105562	0.0490457933485714	-0.299075587706253	0.0391145923640681	0.619862679027058	-0.392623830188231
0.0142901395927529	0.470672181853319	0.0493947866582568	-0.297460825958271	0.0389759990515547	0.616512888009669	-0.389841926241047
0.0143368556812746	0.467250138610577	0.0497243009138213	-0.295818851319729	0.038832070736788	0.613106770134148	-0.38704049445187
0.0143791947865876	0.463806040296052	0.050034549587177	-0.294150120273404	0.0386828835143792	0.609645270817328	-0.38421998457651
0.0144172075528107	0.460340420828459	0.0503257461502362	-0.29245508930207	0.0385285134789396	0.606129335476039	-0.381380846370779
0.0144509446240623	0.456853814126515	0.0505981040749111	-0.290734214888504	0.0383690367250806	0.602559909527112	-0.378523529590487
0.014480456644461	0.453346754108936	0.0508518368331138	-0.288987953515481	0.0382045293474133	0.598937938387379	-0.375648483991446
0.0145057942581253	0.449819774694438	0.0510871578967565	-0.287216761665777	0.038035067440549	0.59526436747367	-0.372756159329467
0.0145270081091738	0.446273409801737	0.0513042807377516	-0.285421095822169	0.0378607270990989	0.591540142202816	-0.369847005360361
0.014544148841725	0.442708193349551	0.0515034188280113	-0.283601412467431	0.0376815844176745	0.587766207991649	-0.366921471839939
0.0145572670998974	0.439124659256594	0.0516847856394475	-0.28175816808434	0.0374977154908868	0.583943510256999	-0.363980008524012
0.0145664135278097	0.435523341441583	0.0518485946439727	-0.279891819155671	0.0373091964133473	0.580072994415696	-0.361023065168391
0.0145716387695803	0.431904773823235	0.0519950593134991	-0.2780028221642	0.0371161032796671	0.576155605884573	-0.358051091528888
0.0145729934693279	0.428269490320265	0.0521243931199388	-0.276091633592704	0.0369185121844575	0.572192290080461	-0.355064537361313
0.0145705282711709	0.42461802485139	0.052236809535204	-0.274158709923957	0.0367164992223298	0.568183992420189	-0.352063852421477
0.0145642938192278	0.420950911335325	0.052332522031207	-0.272204507640735	0.0365101404878952	0.56413165832059	-0.349049486465192
0.0145543407576174	0.417268683690788	0.05241174407986	-0.270229483225815	0.036299512075765	0.560036233198493	-0.346021889248269
0.014540719730458	0.413571875836494	0.0524746891530751	-0.268234093161972	0.0360846900805506	0.555898662470731	-0.342981510526519
0.0145234813818682	0.40986102169116	0.0525215707227647	-0.266218793931982	0.0358657505968631	0.551719891554134	-0.339928800055752
0.0145026763559666	0.406136655173501	0.0525526022608408	-0.264184042018621	0.0356427697193137	0.547500865865533	-0.336864207591781
0.0144783552968717	0.402399310202234	0.0525679972392157	-0.262130293904664	0.0354158235425139	0.543242530821759	-0.333788182890415
0.0144505688487021	0.398649520696076	0.0525679691298016	-0.260058006072887	0.0351849881610748	0.538945831839643	-0.330701175707467
0.0144193676555763	0.394887820573741	0.0525527314045108	-0.257967635006066	0.0349503396696078	0.534611714336016	-0.327603635798747
0.0143848023616129	0.391114743753947	0.0525224975352553	-0.255859637186978	0.0347119541627239	0.530241123727709	-0.324496012920066
0.0143469236109304	0.38733082415541	0.0524774809939476	-0.253734469098396	0.0344699077350347	0.525835005431554	-0.321378756827235
0.0143057820476473	0.383536595696846	0.0524178952524996	-0.251592587223099	0.0342242764811512	0.52139430486438	-0.318252317276066
0.0142614283158822	0.379732592296971	0.0523439537828238	-0.24943444804386	0.0339751364956849	0.516919967443019	-0.31511714402237
0.0142139130597536	0.375919347874501	0.0522558700568321	-0.247260508043456	0.0337225638732468	0.512412938584302	-0.311973686821957
0.0141632869233802	0.372097396348153	0.0521538575464371	-0.245071223704663	0.0334666347084484	0.50787416370506	-0.308822395430639
0.0141096005508803	0.368267271636643	0.0520381297235506	-0.242867051510257	0.0332074250959009	0.503304588222124	-0.305663719604227
0.0140529045863727	0.364429507658686	0.0519089000600851	-0.240648447943013	0.0329450111302155	0.498705157552325	-0.302498109098532
0.0139932496739757	0.360584638333	0.0517663820279527	-0.238415869485707	0.0326794689060035	0.494076817112494	-0.299326013669365
0.0139306864578081	0.3567331975783	0.0516107890990655	-0.236169772621115	0.0324108745178762	0.489420512319462	-0.296147883072537
0.0138652655819882	0.352875719313302	0.0514423347453359	-0.233910613832013	0.0321393040604447	0.48473718859006	-0.29296416706386
0.0137970376906347	0.349012737456724	0.0512612324386761	-0.231638849601177	0.0318648336283206	0.480027791341118	-0.289775315399144
0.0137260534278661	0.34514478592728	0.0510676956509981	-0.229354936411381	0.0315875393161149	0.475293265989469	-0.2865817778342
0.013652363437801	0.341272398643688	0.0508619378542143	-0.227059330745403	0.0313074972184389	0.470534557951941	-0.283384004124839
0.0135760183645578	0.337396109524662	0.050644172520237	-0.224752489086018	0.0310247834299039	0.465752612645369	-0.280182444026873
0.0134970688522552	0.333516452488921	0.0504146131209781	-0.222434867916001	0.0307394740451212	0.46094837548658	-0.276977547296113
0.0134155655450117	0.329633961455179	0.05017347312835	-0.220106923718129	0.030451645158702	0.456122791892408	-0.27376976368837
0.0133315590869458	0.325749170342153	0.0499209660142649	-0.217769112975177	0.0301613728652577	0.451276807279683	-0.270559542959454
0.0132451001221761	0.321862613068559	0.0496573052506351	-0.21542189216992	0.0298687332593994	0.446411367065235	-0.267347334865178
0.0131562392948211	0.317974823553114	0.0493827043093726	-0.213065717785136	0.0295738024357384	0.441527416665896	-0.264133589161351
0.0130650272489993	0.314086335714533	0.0490973766623898	-0.2107010463036	0.029276656488886	0.436625901498496	-0.260918755603786
0.0129715146288294	0.310197683471533	0.0488015357815987	-0.208328334208086	0.0289773715134535	0.431707766979868	-0.257703283948293
0.0128757520784299	0.306309400742831	0.0484953951389117	-0.205948037981372	0.0286760236040522	0.426773958526841	-0.254487623950683
0.0127777902419192	0.302422021447141	0.048179168206241	-0.203560614106233	0.0283726888552932	0.421825421556247	-0.251272225366768
0.012677679763416	0.298536079503181	0.0478530684554987	-0.201166519065445	0.0280674433617879	0.416863101484916	-0.248057537952358
0.0125754712870389	0.294652108829666	0.0475173093585971	-0.198766209341783	0.0277603632181475	0.41188794372968	-0.244844011463265
0.0124712154569062	0.290770643345313	0.0471721043874483	-0.196360141418023	0.0274515245189834	0.40690089370737	-0.241632095655299
0.0123649629171366	0.286892216968838	0.0468176670139647	-0.193948771776942	0.0271410033589067	0.401902896834817	-0.238422240284272
0.0122567643118487	0.283017363618957	0.0464542107100582	-0.191532556901315	0.0268288758325287	0.39689489852885	-0.235214895105995
0.0121466702851609	0.279146617214387	0.0460819489476413	-0.189111953273917	0.0265152180344607	0.391877844206303	-0.232010509876279
0.0120347314811919	0.275280511673844	0.0457010951986263	-0.186687417377524	0.026200106059314	0.386852679284005	-0.228809534350935
0.0119209985440601	0.271419580916043	0.045311862934925	-0.184259405694914	0.0258836160016998	0.381820349178788	-0.225612418285774
0.0118055221178842	0.267564358859701	0.0449144656284499	-0.18182837470886	0.0255658239562294	0.376781799307483	-0.222419611436608
0.0116883528467826	0.263715379423535	0.0445091167511131	-0.179394780902138	0.025246806017514	0.37173797508692	-0.219231563559247
0.0115695413748739	0.25987317652626	0.0440960297748268	-0.176959080757526	0.024926638280165	0.36668982193393	-0.216048724409502
0.0114491383462767	0.256038284086592	0.0436754181715033	-0.174521730757798	0.0246053968387936	0.361638285265345	-0.212871543743184
0.0113271944051095	0.252211236023249	0.0432474954130548	-0.17208318738573	0.024283157788011	0.356584310497996	-0.209700471316106
0.0112037601954908	0.248392566254945	0.0428124749713935	-0.169643907124098	0.0239599972224286	0.351528843048712	-0.206535956884076
0.0110788863615392	0.244582808700398	0.0423705703184315	-0.167204346455678	0.0236359912366575	0.346472828334327	-0.203378450202908
0.0109526235473732	0.240782497278323	0.0419219949260811	-0.164764961863246	0.0233112159253091	0.34141721177167	-0.200228401028412
0.0108250223971115	0.236992165907437	0.0414669622662546	-0.162326209829576	0.0229857473829947	0.336362938777572	-0.197086259116398
0.0106961335548724	0.233212348506456	0.041005685810864	-0.159888546837446	0.0226596617043254	0.331310954768865	-0.193952474222679
0.0105660076647746	0.229443578994096	0.0405383790318217	-0.157452429369631	0.0223330349839126	0.326262205162379	-0.190827496103065
0.0104346953709366	0.225686391289073	0.0400652554010398	-0.155018313908907	0.0220059433163675	0.321217635374946	-0.187711774513367
0.010302247317477	0.221941319310103	0.0395865283904305	-0.152586656938049	0.0216784627963013	0.316178190823396	-0.184605759209396
0.0101687141485143	0.218208896975903	0.0391024114719061	-0.150157914939834	0.0213506695183255	0.31114481692456	-0.181509899946964
0.0100341465081671	0.214489658205189	0.0386131181173787	-0.147732544397036	0.0210226395770512	0.30611845909527	-0.178424646481881
0.00989859504055383	0.210784136916678	0.0381188617987606	-0.145311001792433	0.0206944490670896	0.301100062752356	-0.175350448569959
0.00976211038979311	0.207092867029084	0.037619855987964	-0.142893743608799	0.0203661740830521	0.296090573312649	-0.172287755967008
0.0096247432000035	0.203416382461125	0.0371163141569011	-0.14048122632891	0.0200378907195499	0.291090936192981	-0.16923701842884
0.00948654411530353	0.199755217131516	0.0366084497774841	-0.138073906435543	0.0197096750711943	0.286102096810182	-0.166198685711266
0.00934756377981173	0.196109904958975	0.0360964763216251	-0.135672240411473	0.0193816032325965	0.281125000581083	-0.163173207570098
0.00920785283764666	0.192480979862217	0.0355806072612365	-0.133276684739476	0.0190537512983679	0.276160592922516	-0.160161033761145
0.00906746193292684	0.188868975759957	0.0350610560682304	-0.130887695902327	0.0187261953631196	0.27120981925131	-0.157162614040219
0.00892644170977086	0.185274426570914	0.034538036214519	-0.128505730382803	0.0183990115214631	0.266273624984298	-0.154178398163131
0.00878484281229724	0.181697866213802	0.0340117611720147	-0.126131244663679	0.0180722758680094	0.261352955538311	-0.151208835885693
0.00864271588462451	0.178139828607338	0.0334824444126294	-0.12376469522773	0.0177460644973699	0.256448756330178	-0.148254376963715
0.00850011157087127	0.174600847670238	0.0329502994082755	-0.121406538557734	0.0174204535041558	0.251561972776732	-0.145315471153009
0.00835708051515601	0.171081457321219	0.0324155396308651	-0.119057231136465	0.0170955189829785	0.246693550294802	-0.142392568209385
0.00821367336159731	0.167582191478996	0.0318783785523106	-0.1167172294467	0.0167713370284491	0.241844434301221	-0.139486117888656
0.00806994075431366	0.164103584062286	0.031339029644524	-0.114386989971213	0.016447983735179	0.23701557021282	-0.13659656994663
0.00792593333742368	0.160646168989804	0.0307977063794175	-0.112066969192782	0.0161255351977794	0.232207903446428	-0.133724374139121
0.00778170175504589	0.157210480180268	0.0302546222289036	-0.109757623594181	0.0158040675108615	0.227422379418877	-0.130869980221939
0.00763729665129879	0.153797051552393	0.0297099906648943	-0.107459409658187	0.0154836567690368	0.222659943546999	-0.128033837950894
0.00749276867030101	0.150406417024896	0.0291640251593018	-0.105172783867575	0.0151643790669163	0.217921541247624	-0.125216397081799
0.00734816845617101	0.147039110516492	0.0286169391840383	-0.102898202705121	0.0148463104991114	0.213208117937582	-0.122418107370464
0.00720354665302739	0.143695665945898	0.028068946211016	-0.100636122653601	0.0145295271602333	0.208520619033706	-0.1196394185727
0.00705895390498869	0.140376617231831	0.0275202597121472	-0.0983870001957908	0.0142141051448934	0.203859989952825	-0.116880780444319
0.00691444085617342	0.137082498293006	0.026971093159344	-0.0961512918144659	0.0139001205477028	0.199227176111772	-0.114142642741132
0.00677005815070016	0.133813843048139	0.0264216600245188	-0.0939294539924019	0.0135876494632729	0.194623122927377	-0.111425455218948
0.00662585643268745	0.130571185415947	0.0258721737795836	-0.0917219432123754	0.0132767679862149	0.190048775816471	-0.108729667633581
0.00648188634625384	0.127355059315147	0.0253228478964508	-0.0895292159571615	0.01296755221114	0.185505080195885	-0.10605572974084
0.00633819853551783	0.124165998664453	0.0247738958470323	-0.0873517287095362	0.0126600782326596	0.180992981482449	-0.103404091296537
0.00619484364459809	0.121004537382583	0.0242255311032408	-0.0851899379522752	0.012354422145385	0.176513425092997	-0.100775202056484
0.00605187231761302	0.117871209388252	0.0236779671369879	-0.0830443001681545	0.0120506600439272	0.172067356444356	-0.0981695117764901
0.00590933519868119	0.114766548600177	0.0231314174201863	-0.0809152718399496	0.0117488680228977	0.16765572095336	-0.0955874702123672
0.00576728293192124	0.111691088937074	0.022586095424748	-0.0788033094504365	0.0114491221769078	0.163279464036838	-0.0930295271199268
0.0056257661614516	0.108645364317659	0.0220422146225852	-0.0767088694823907	0.0111514986005685	0.158939531111623	-0.0904961322549797
0.0054848355313909	0.105629908660648	0.0214999884856101	-0.0746324084185884	0.0108560733884913	0.154636867594544	-0.0879877353733369
0.00534454168585769	0.102645255884759	0.0209596304857352	-0.0725743827418054	0.0105629226352875	0.150372418902434	-0.0855047862308101
0.00520493526897042	0.0996919399087056	0.0204213540948722	-0.0705352489348169	0.0102721224355681	0.146147130452122	-0.0830477345832091
0.00506606692484775	0.0967704946512057	0.0198853727849338	-0.0685154634803996	0.0099837488839447	0.14196194766044	-0.0806170301863465
0.00492798729760813	0.0938814540309747	0.0193519000278318	-0.0665154828613285	0.0096978780750283	0.137817815944218	-0.0782131227960323
0.00479074703137018	0.0910253519667293	0.0188211492954787	-0.0645357635603795	0.00941458610343031	0.133715680720289	-0.075836462168078
0.00465439677025239	0.0882027223771856	0.0182933340597867	-0.0625767620603288	0.00913394906376193	0.129656487405482	-0.0734874980582948
0.00451898715837335	0.0854140991810597	0.0177686677926678	-0.0606389348439518	0.00885604305063445	0.12564118141663	-0.0711666802224936
0.00438456883985158	0.0826600162970677	0.0172473639660345	-0.0587227383940245	0.00858094415865916	0.121670708170562	-0.0688744584164855
0.00425119245880561	0.0799410076439258	0.0167296360517986	-0.0568286291933225	0.00830872848244729	0.117746013084109	-0.0666112823960816
0.00411890865935402	0.0772576071403505	0.0162156975218726	-0.0549570637246217	0.00803947211661009	0.113868041574104	-0.0643776019170931
0.00398776808561536	0.0746103487050577	0.0157057618481688	-0.0531084984706979	0.00777325115575889	0.110037739057376	-0.0621738667353309
0.00385782138170816	0.071999766256764	0.0152000425025993	-0.0512833899143269	0.00751014169450495	0.106256050950757	-0.0600005266066064
0.00372911919175095	0.0694263937141849	0.014698752957076	-0.0494821945382844	0.00725021982745945	0.102523922671077	-0.0578580312867304
0.00360171215986227	0.0668907649960371	0.0142021066835115	-0.0477053688253464	0.0069935616492337	0.0988422996351683	-0.0557468305315139
0.0034756509301607	0.064393414021037	0.013710317153818	-0.0459533692582885	0.00674024325443903	0.0952121272598614	-0.0536673740967685
0.00335098614676478	0.0619348747079004	0.0132235978399075	-0.0442266523198867	0.00649034073768665	0.091634350961987	-0.0516201117383049
0.00322776845379304	0.0595156809753438	0.0127421622136925	-0.0425256744929162	0.00624393019358779	0.0881099161583767	-0.0496054932119342
0.00310604849536401	0.0571363667420829	0.0122662237470848	-0.0408508922601533	0.00600108771675377	0.0846397682658602	-0.0476239682734673
0.00298587691559628	0.0547974659268345	0.0117959959119967	-0.0392027621043738	0.00576188940179584	0.0812248527012696	-0.0456759866787159
0.00286730435860832	0.0524995124483145	0.0113316921803409	-0.0375817405083535	0.00552641134332529	0.0778661148814357	-0.0437619981834905
0.00275038146851879	0.0502430402252392	0.010873526024029	-0.0359882839548679	0.00529472963595332	0.0745645002231894	-0.0418824525436023
0.00263515888944618	0.0480285831763251	0.0104217109149736	-0.0344228489266931	0.00506692037429136	0.0713209541433619	-0.0400377995148632
0.00252168726550901	0.0458566752202875	0.00997646032508664	-0.0328858919066048	0.00484305965295044	0.0681364220587837	-0.0382284888530828
0.00241001724082583	0.0437278502758435	0.00953798772628062	-0.0313778693773786	0.00462322356654202	0.0650118493862857	-0.0364549703140735
0.00230019945951521	0.0416426422617089	0.00910650659046747	-0.0298992378217903	0.00440748820967725	0.0619481815426997	-0.0347176936536457
0.00219228456569567	0.0396015850965997	0.00868223038955962	-0.0284504537226158	0.0041959296769674	0.0589463639448558	-0.0330171086276108
0.0020863232034858	0.0376052126992329	0.00826537259546917	-0.0270319735626312	0.00398862406302385	0.0560073420095861	-0.0313536649917796
0.00198236601700406	0.0356540589883236	0.00785614668010814	-0.0256442538246114	0.00378564746245769	0.0531320611537196	-0.0297278125019631
0.0018804636503691	0.0337486578825891	0.00745476611538898	-0.0242877509913336	0.00358707596988037	0.0503214667940897	-0.0281400009139733
0.00178066674769942	0.0318895433007447	0.00706144437322404	-0.0229629215455722	0.00339298567990304	0.047576504347526	-0.0265906799836203
0.00168302595311355	0.0300772491615073	0.00667639492552524	-0.0216702219701038	0.00320345268713704	0.04489811923086	-0.0250802994667155
0.00158759191073006	0.0283123093835925	0.0062998312442048	-0.0204101087477039	0.00301855308619356	0.0422872568609218	-0.0236093091190701
0.00149441526466745	0.026595257885717	0.00593196680117514	-0.0191830383611481	0.00283836297168388	0.0397448626545431	-0.0221781586964951
0.00140354665904432	0.0249266285865966	0.00557301506834834	-0.0179894672932126	0.00266295843821931	0.0372718820285551	-0.0207872979548016
0.00131503673797918	0.023306955404948	0.00522318951763667	-0.0168298520266731	0.00249241558041105	0.034869260399788	-0.0194371766498006
0.00122893614559065	0.0217367722594871	0.00488270362095228	-0.0157046490443052	0.00232681049287045	0.0325379431850741	-0.0181282445373036
0.00114529552599717	0.0202166130689299	0.00455177085020725	-0.0146143148288846	0.00216621927020871	0.0302788758012424	-0.016860951373121
0.00106416552331735	0.0187470117519931	0.00423060467731406	-0.0135593058631878	0.00201071800703717	0.0280930036651261	-0.0156357469130645
0.000985596781669706	0.0173285022273924	0.00391941857418471	-0.0125400786299895	0.00186038279796699	0.0259812721935551	-0.0144530809129449
0.000909639945172777	0.015961618413844	0.00361842601273149	-0.0115570896120661	0.00171528973760948	0.0239446268033594	-0.0133134031285734
0.000836345657945159	0.0146468942300646	0.00332784046486673	-0.0106107952921934	0.00157551492057598	0.021984012911372	-0.0122171633157609
0.000765764564105362	0.0133848635947702	0.00304787540250229	-0.00970165215314744	0.00144113444147767	0.0201003759344223	-0.0111648112303188
0.000697947307771909	0.0121760604266767	0.00277874429755059	-0.0088301166777035	0.00131222439492584	0.0182946612893422	-0.0101567966280579
0.000632944533063381	0.011021018644501	0.00252066062192424	-0.00799664534863742	0.00118886087553174	0.0165678143929622	-0.00919356926478943
0.000570806884098315	0.00992027216695801	0.0022738378475346	-0.00720169464872511	0.00107111997790665	0.0149207806621132	-0.00827557889632435
0.000511585004995235	0.00887435491276523	0.00203848944629459	-0.00644572106074259	0.000959077796661906	0.0133545055136264	-0.00740327527847418
0.000455329539872776	0.007883800800639	0.00181482889011647	-0.00572918106746545	0.000852810426408723	0.0118699343643338	-0.00657710816704959
0.000402091132849364	0.00694914374929412	0.00160306965091139	-0.00505253115166926	0.000752393961758219	0.0104680126310641	-0.00579752731786165
0.000351920428043578	0.00607091767744761	0.00140342520059278	-0.00441622779613005	0.000657904497321865	0.00914968573065034	-0.00506498248672149
0.000304868069574013	0.00524965650381626	0.0012161090110725	-0.00382072748362394	0.000569418127710913	0.00791589907992218	-0.00437992342944071
0.000260984701559178	0.00448589414711509	0.00104133455426247	-0.00326648669692564	0.00048701094753642	0.00676759809571159	-0.00374279990182957
0.000220320968117582	0.00378016452606089	0.000879315302074968	-0.00275396191881194	0.000410759051409915	0.00570572819484827	-0.00315406165969945
0.000182927513367862	0.00313300155937002	0.000730264726422569	-0.00228360963205843	0.000340738533942536	0.00473123479416548	-0.00261415845886215
0.00014885498142847	0.00254493916575882	0.000594396299216982	-0.00185588631944067	0.000277025489745564	0.0038450633104925	-0.00212354005512783
0.000118154016418029	0.00201651126394276	0.000471923492370907	-0.00147124846373492	0.000219696013430276	0.00304815916065992	-0.00168265620430774
9.0875262455048e-05	0.00154825177263862	0.00036305977779616	-0.00113015254771653	0.000168826199607897	0.00234146776149924	-0.00129195666221338
6.70693636581066e-05	0.00114069461056254	0.00026801862740522	-0.000833055054161314	0.000124492142889759	0.00172593452984282	-0.000951891184655773
4.67869641457147e-05	0.000794373696430872	0.000187013513110013	-0.000580412465845059	8.67699378870601e-05	0.0012025048825195	-0.000662909527445965
3.00787080363407e-05	0.000509822948959071	0.000120257906822907	-0.000372681265543573	5.5735679211133e-05	0.000772124236361194	-0.000425461446394326
1.69952394486195e-05	0.000287576286864155	6.79652804563835e-05	-0.000210317936032656	3.14654614731735e-05	0.000435738008198516	-0.000239996697313227
7.58720250113032e-06	0.000128167628861808	3.0349105922145e-05	-9.37789600881089e-05	1.4035379284516e-05	0.000194291614863396	-0.000106965036012374
1.90524131241099e-06	3.21308936688247e-05	7.6228551326718e-06	-2.35208204864001e-05	3.52152725641153e-06	4.87304731873195e-05	-2.68162183043597e-05
9.43689570931383e-16	4.44089209850063e-16	0	-2.22044604925031e-15	8.32667268468867e-17	-8.88178419700125e-16	1.11022302462516e-15
