0	0	0	0	0	0	0
1.35452089226223e-06	-1.96516515833237e-05	6.27706081446295e-06	1.17382995322497e-05	2.05234913845661e-06	-3.1412630093402e-05	7.34244969363096e-06
5.35287736158363e-06	-7.84244298721829e-05	2.50442147940591e-05	4.68439308357716e-05	8.17900454540271e-06	-0.000125358297640607	2.92495539484255e-05
1.18972600967663e-05	-0.00017604507017491	5.62054192430996e-05	0.000105152992970725	1.83343782082027e-05	-0.000281398668542114	6.5540945525236e-05
2.08898597866121e-05	-0.000312240307799838	9.96646314658954e-05	0.000186501584997268	3.2472882114221e-05	-0.00049909540869842	0.000116036257184915
3.22328671199234e-05	-0.000486736878055298	0.000155325808766758	0.00029072580597556	5.0548928250822e-05	-0.000778010184010025	0.000180555121688315
4.5828472785502e-05	-0.000699261516249624	0.000223092908449997	0.000417661754965759	7.251692860537e-05	-0.00111770466037743	0.000258917171796288
6.157886747215e-05	-0.000949540957691147	0.000302869887819925	0.000567145531028026	9.83312951652297e-05	-0.00151774050370113	0.000350942040269688
7.93862418686695e-05	-0.0012373019376882	0.000394560704180852	0.000739013233222519	0.000127946439917765	-0.00197767937988162	0.000456449359869365
9.91527866638625e-05	-0.00156227119154912	0.00049806931483709	0.000933100960609396	0.000161316774850341	-0.0024970829548194	0.000575258763356174
0.000120780692546531	-0.00192417545458223	0.00061329967709295	0.00114924481224882	0.000198396711950321	-0.00307551289441498	0.000707189883490965
0.000144172150205477	-0.00232274146209586	0.000740155748252741	0.00138728088720094	0.000239140663205071	-0.00371253086456884	0.000852062353034593
0.000169229350329503	-0.00275769594939836	0.000878541485620777	0.00164704528452593	0.000283503040601954	-0.00440769853118149	0.00100969580474791
0.000195854483607411	-0.00322876565179805	0.00102836084650137	0.00192837410328393	0.000331438256128335	-0.00516057756015343	0.00117990987139177
0.000223949740728002	-0.00373567730460326	0.00118951778819882	0.00223110344253512	0.000382900721771579	-0.00597072961738515	0.00136252418572701
0.00025341731238008	-0.00427815764312233	0.00136191626801746	0.00255506940133964	0.000437844849519049	-0.00683771636877716	0.00155735838051451
0.000284159389252445	-0.00485593340266359	0.00154546024326157	0.00290010807875767	0.00049622505135811	-0.00776109948022995	0.0017642320885151
0.0003160781620339	-0.00546873131853537	0.00174005367123549	0.00326605557384934	0.000557995739276127	-0.00874044061764402	0.00198296494248965
0.000349075821413247	-0.00611627812604601	0.00194560050924352	0.00365274798567484	0.000623111325260464	-0.00977530144691987	0.00221337657519899
0.000383054558079288	-0.00679830056050383	0.00216200471458997	0.00406002141329431	0.000691526221298484	-0.010865243633958	0.00245528661940399
0.000417916562720826	-0.00751452535721717	0.00238917024457915	0.00448771195576791	0.000763194839377554	-0.0120098288446589	0.0027085147078655
0.000453564026026661	-0.00826467925149436	0.00262700105651538	0.0049356557121558	0.000838071591485037	-0.0132086187449231	0.00297288047334437
0.000489899138685597	-0.00904848897864373	0.00287540110770295	0.00540368878151815	0.000916110889608298	-0.014461175000651	0.00324820354860146
0.000526824091386435	-0.00986568127397362	0.0031342743554462	0.0058916472629151	0.0009972671457347	-0.0157670592777432	0.00353430356639761
0.000564241074817977	-0.0107159828727924	0.00340352475704942	0.00639936725540683	0.00108149477185161	-0.0171258332421002	0.00383100015949367
0.000602052279669026	-0.0115991205104083	0.00368305626981692	0.00692668485805348	0.00116874817994639	-0.0185370585596225	0.00413811296065051
0.000640159896628382	-0.0125148209221297	0.00397277285105302	0.00747343616991522	0.0012589817820064	-0.0200002968962105	0.00445546160262897
0.00067846611638485	-0.013462810843265	0.00427257845806204	0.0080394572900522	0.00135214999001902	-0.0215151099177648	0.0047828657181899
0.00071687312962723	-0.0144428170091225	0.00458237704814827	0.00862458431752459	0.0014482072159716	-0.0230810592901859	0.00512014494009416
0.000755283127044324	-0.0154545661550104	0.00490207257861603	0.00922865335139255	0.0015471078718515	-0.0246977066793742	0.00546711890110261
0.000793598299324936	-0.0164977850162372	0.00523156900676964	0.00985150049071622	0.0016488063696461	-0.0263646137512302	0.00582360723397608
0.000831720837157865	-0.0175722003281112	0.0055707702899134	0.0104929618345558	0.00175325712134276	-0.0280813421716546	0.00618942957147544
0.000869552931231916	-0.0186775388259407	0.00591958038535162	0.0111528734819714	0.00186041453892884	-0.0298474536065477	0.00656440554636154
0.000906996772235889	-0.019813527245034	0.00627790325038862	0.0118310715320232	0.0019702330343917	-0.03166250972181	0.00694835479139522
0.000943954550858587	-0.0209798923206995	0.00664564284232871	0.0125273920837713	0.00208266701971871	-0.0335260721833421	0.00734109693933735
0.000980328457788812	-0.0221763607882455	0.00702270311847619	0.013241671236276	0.00219767090689724	-0.0354377026570445	0.00774245162294878
0.00101602068371537	-0.0234026593829804	0.00740898803613538	0.0139737450885974	0.00231519910791465	-0.0373969628088176	0.00815223847499035
0.00105093341932705	-0.0246585148402124	0.00780440155261059	0.0147234497397956	0.0024352060347583	-0.0394034143045619	0.00857027712822292
0.00108496885531267	-0.0259436538952499	0.00820884762520613	0.0154906212889307	0.00255764609941556	-0.0414566188101781	0.00899638721540734
0.00111802918236102	-0.0272578032834013	0.00862223021122631	0.0162750958350631	0.0026824737138738	-0.0435561379915664	0.00943038836930447
0.00115001659116091	-0.0286006897399748	0.00904445326797544	0.0170767094772527	0.00280964329012036	-0.0457015335146275	0.00987210022267516
0.00118083327240114	-0.0299720400002788	0.00947542075275784	0.0178952983145598	0.00293910924014263	-0.0478923670452618	0.0103213424082803
0.00121038141677051	-0.0313715807996217	0.00991503662287781	0.0187306984460446	0.00307082597592797	-0.0501282002493699	0.0107779345588806
0.00123856321495783	-0.0327990388733117	0.0103632048356397	0.0195827459707671	0.00320474790946374	-0.0524085947928523	0.0112416963072371
0.00126528085765189	-0.0342541409566572	0.0108198293483477	0.0204512769877876	0.0033408294527373	-0.0547331123416093	0.0117124472861105
0.00129043653554149	-0.0357366137849665	0.0112848141183063	0.0213361275961662	0.00347902501773602	-0.0571013145615416	0.0121900071282618
0.00131393243931545	-0.037246184093548	0.0117580631028197	0.0222371338949631	0.00361928901644726	-0.0595127631185497	0.0126741954664517
0.00133567075966256	-0.03878257861771	0.0122394802591922	0.0231541319832384	0.00376157586085839	-0.061967019678534	0.0131648319334412
0.00135555368727162	-0.0403455240927608	0.0127289695447281	0.0240869579600522	0.00390583996295677	-0.064463645907395	0.013661736161991
0.00137348341283143	-0.0419347472540088	0.0132264349167318	0.0250354479244648	0.00405203573472977	-0.0670022034710332	0.0141647277848621
0.00138936212703081	-0.0435499748367623	0.0137317803325076	0.0259994379755363	0.00420011758816475	-0.0695822540353492	0.0146736264348152
0.00140309202055854	-0.0451909335763296	0.0142449097493597	0.0269787642123269	0.00435003993524907	-0.0722033592662434	0.0151882517446113
0.00141457528410344	-0.046857350208019	0.0147657271245926	0.0279732627338967	0.00450175718797011	-0.0748650808296163	0.0157084233470111
0.0014237141083543	-0.048548951467139	0.0152941364155104	0.0289827696393059	0.00465522375831521	-0.0775669803913685	0.0162339608747756
0.00143041068399992	-0.0502654640889977	0.0158300415794175	0.0300071210276146	0.00481039405827176	-0.0803086196174004	0.0167646839606656
0.00143456720172912	-0.0520066148089036	0.0163733465736183	0.031046152997883	0.00496722249982711	-0.0830895601736125	0.017300412237442
0.00143608585223068	-0.053772130362165	0.0169239553554169	0.0320997016491713	0.00512566349496863	-0.0859093637259053	0.0178409653378655
0.00143486882619342	-0.0555617374840902	0.0174817718821178	0.0331676030805396	0.00528567145568367	-0.0887675919401793	0.0183861628946971
0.00143081831430612	-0.0573751629099876	0.0180467001110253	0.034249693391048	0.00544720079395962	-0.0916638064823351	0.0189358245406976
0.00142383650725761	-0.0592121333751654	0.0186186439994436	0.0353458086797568	0.00561020592178382	-0.0945975690182731	0.0194897699086278
0.00141382559573667	-0.0610723756149321	0.0191975075046771	0.0364557850457261	0.00577464125114365	-0.0975684412138937	0.0200478186312487
0.00140068777043212	-0.0629556163645959	0.0197831945840301	0.037579458588016	0.00594046119402647	-0.100575984735098	0.020609790341321
0.00138432522203275	-0.0648615823594652	0.0203756091948069	0.0387166654056867	0.00610762016241964	-0.103619761247785	0.0211755046716056
0.00136464014122736	-0.0667900003348483	0.0209746552943118	0.0398672415977984	0.00627607256831053	-0.106699332417857	0.0217447812548634
0.00134153471870475	-0.0687405970260535	0.0215802368398491	0.0410310232634113	0.00644577282368651	-0.109814259911214	0.0223174397238552
0.00131491114515374	-0.0707130991683892	0.0221922577887231	0.0422078465015854	0.00661667534053492	-0.112964105393755	0.0228932997113418
0.00128467161126311	-0.0727072334971638	0.0228106220982382	0.043397547411381	0.00678873453084316	-0.116148430531383	0.0234721808500842
0.00125071830772168	-0.0747227267476854	0.0234352337256986	0.0445999620918581	0.00696190480659856	-0.119366796989997	0.0240539027728432
0.00121295342521824	-0.0767593056552626	0.0240659966284087	0.0458149266420771	0.00713614057978851	-0.122618766435497	0.0246382851123796
0.00117127915444161	-0.0788166969552035	0.0247028147636727	0.0470422771610979	0.00731139626240036	-0.125903900533784	0.0252251475014542
0.00112559768608056	-0.0808946273828166	0.0253455920887951	0.0482818497479808	0.00748762626642148	-0.12922176095076	0.025814309572828
0.00107581121082392	-0.0829928236734101	0.02599423256108	0.049533480501786	0.00766478500383923	-0.132571909352323	0.0264055909592618
0.00102182191936048	-0.0851110125622925	0.0266486401378318	0.0507970055215736	0.00784282688664099	-0.135953907404375	0.0269988112935164
0.000963532002379051	-0.087248920784772	0.0273087187763549	0.0520722609064037	0.0080217063268141	-0.139367316772817	0.0275937902083527
0.000900843650568425	-0.089406275076157	0.0279743724339535	0.0533590827553366	0.00820137773634594	-0.142811699123548	0.0281903473365316
0.000833659054617407	-0.0915828021717557	0.0286455050679319	0.0546573071674323	0.00838179552722387	-0.146286616122469	0.0287883023108138
0.000761880405214801	-0.0937782288068766	0.0293220206355945	0.055966770241751	0.00856291411143525	-0.149791629435481	0.0293874747639603
0.000685409893049408	-0.095992281716828	0.0300038230942455	0.057287308077353	0.00874468790096746	-0.153326300728484	0.0299876843287319
0.000604149708810029	-0.0982246876369182	0.0306908164011893	0.0586187567732983	0.00892707130780785	-0.156890191667379	0.0305887506378894
0.000518002043185467	-0.100475173302455	0.0313829045137302	0.0599609524286471	0.00911001874394379	-0.160482863918066	0.0311904933241938
0.000426869086864524	-0.102743465448748	0.0320799913891725	0.0613137311424596	0.00929348462136264	-0.164103879146446	0.0317927320204057
0.000330653030536006	-0.105029290811105	0.0327819809848204	0.0626769290137959	0.00947742335205176	-0.167752799018418	0.0323952863592862
0.000229256064888708	-0.107332376124833	0.0334887772579784	0.0640503821417162	0.00966178934799853	-0.171429185199885	0.0329979759735961
0.000122580380611437	-0.109652448125243	0.0342002841659508	0.0654339266252807	0.00984653702119031	-0.175132599356746	0.0336006204960962
1.05281683929915e-05	-0.111989233547641	0.0349164056660417	0.0668273985635494	0.0100316207836145	-0.178862603154901	0.0342030395595473
-0.000106998381077824	-0.114342459127336	0.0356370457155556	0.0682306340555827	0.0102169950472583	-0.182618758260252	0.0348050527967104
-0.000230097077112208	-0.116711851599636	0.0363621082717968	0.0696434692004405	0.0104026142241093	-0.186400626338698	0.0354064798403462
-0.000358865729021357	-0.11909713769985	0.0370914972920696	0.0710657400971831	0.0105884327261548	-0.19020776905614	0.0360071403232157
-0.000493402146116472	-0.121498044163287	0.0378251167336782	0.0724972828448707	0.010774404965382	-0.19403974807848	0.0366068538780796
-0.000633804137708749	-0.123914297725254	0.038562870553927	0.0739379335425634	0.0109604853537785	-0.197896125071616	0.0372054401376988
-0.000780169513109387	-0.126345625121059	0.0393046627101203	0.0753875282893213	0.0111466283033315	-0.20177646170145	0.0378027187348343
-0.000932596081629581	-0.128791753086012	0.0400503971595624	0.0768459031842046	0.0113327882260285	-0.205680319633882	0.0383985093022467
-0.00109118165258053	-0.13125240835542	0.0407999778595577	0.0783128943262736	0.0115189195338567	-0.209607260534813	0.0389926314726971
-0.00125602403527344	-0.133727317664592	0.0415533087674104	0.0797883378145883	0.0117049766388036	-0.213556846070143	0.0395849048789462
-0.00142722103901949	-0.136216207748836	0.0423102938404248	0.0812720697482088	0.0118909139528565	-0.217528637905772	0.0401751491537549
-0.0016048704731299	-0.138718805343461	0.0430708370359054	0.0827639262261954	0.0120766858880027	-0.221522197707602	0.040763183929884
-0.00178907014691586	-0.141234837183774	0.0438348423111562	0.0842637433476083	0.0122622468562298	-0.225537087141532	0.0413488288400944
-0.00197991786968856	-0.143764030005085	0.0446022136234818	0.0857713572115075	0.0124475512695249	-0.229572867873464	0.041931903517147
-0.0021775114507592	-0.146306110542701	0.0453728549301863	0.0872866039169532	0.0126325535398755	-0.233629101569297	0.0425122275938025
-0.00238194869943899	-0.14886080553193	0.0461466701885742	0.0888093195630056	0.0128172080792689	-0.237705349894933	0.043089620702822
-0.00259332742503912	-0.151427841708082	0.0469235633559497	0.0903393402487249	0.0130014692996925	-0.241801174516271	0.0436639024769661
-0.00281174543687078	-0.154006945806465	0.0477034383896171	0.0918765020731712	0.0131852916131337	-0.245916137099212	0.0442348925489958
-0.00303730054424518	-0.156597844562386	0.0484861992468807	0.0934206411354047	0.0133686294315799	-0.250049799309657	0.0448024105516719
-0.00327009055647351	-0.159200264711154	0.0492717498850449	0.0949715935344854	0.0135514371670183	-0.254201722813506	0.0453662761177552
-0.00351021328286698	-0.161813932988077	0.0500599942614139	0.0965291953694737	0.0137336692314364	-0.258371469276659	0.0459263088800067
-0.00375776653273678	-0.164438576128465	0.0508508363332921	0.0980932827394296	0.0139152800368215	-0.262558600365018	0.0464823284711871
-0.0040128481153941	-0.167073920867624	0.0516441800579838	0.0996636917434134	0.014096223995161	-0.266762677744483	0.0470341545240574
-0.00427555584015015	-0.169719693940864	0.0524399293927933	0.101240258480485	0.0142764555184422	-0.270983263080953	0.0475816066713783
-0.00454598751631611	-0.172375622083493	0.0532379882950249	0.102822819049705	0.0144559290186526	-0.275219918040331	0.0481245045459108
-0.00482424095320321	-0.175041432030818	0.0540382607219829	0.104411209550133	0.0146345989077794	-0.279472204288515	0.0486626677804156
-0.00511041396012262	-0.17771685051815	0.0548406506309716	0.106005266080829	0.0148124195978101	-0.283739683491407	0.0491959160076536
-0.00540460434638555	-0.180401604280795	0.0556450619792953	0.107604824740855	0.014989345500732	-0.288021917314907	0.0497240688603858
-0.00570690992130319	-0.183095420054062	0.0564513987242584	0.109209721629268	0.0151653310285325	-0.292318467424916	0.0502469459713729
-0.00601742849418675	-0.185798024573259	0.0572595648231652	0.110819792845131	0.0153403305931989	-0.296628895487334	0.0507643669733757
-0.00633625787434742	-0.188509144573695	0.0580694642333199	0.112434874487503	0.0155142986067186	-0.300952763168062	0.0512761514991552
-0.00666349587109639	-0.191228506790679	0.0588810009120269	0.114054802655444	0.0156871894810789	-0.305289632132999	0.0517821191814722
-0.00699924029374488	-0.193955837959518	0.0596940788165905	0.115679413448015	0.0158589576282674	-0.309639064048048	0.0522820896530876
-0.00734358895160407	-0.19669086481552	0.060508601904315	0.117308542964275	0.0160295574602712	-0.314000620579107	0.0527758825467621
-0.00769663965398515	-0.199433314093995	0.0613244741325047	0.118942027303284	0.0161989433890777	-0.318373863392078	0.0532633174952567
-0.00805849021019935	-0.20218291253025	0.062141599458464	0.120579702564104	0.0163670698266744	-0.322758354152861	0.0537442141313322
-0.00842923842955784	-0.204939386859594	0.062959881839497	0.122221404845794	0.0165338911850486	-0.327153654527357	0.0542183920877494
-0.00880898212137183	-0.207702463817335	0.0637792252329082	0.123866970247414	0.0166993618761876	-0.331559326181466	0.0546856709972693
-0.00919781909495251	-0.210471870138781	0.0645995335960019	0.125516234868024	0.0168634363120789	-0.335974930781089	0.0551458704926526
-0.00959584715961109	-0.213247332559241	0.0654207108860824	0.127169034806684	0.0170260689047097	-0.340400029992125	0.0555988102066602
-0.0100031641246588	-0.216028577814023	0.0662426610604539	0.128825206162456	0.0171872140660675	-0.344834185480477	0.056044309772053
-0.0104198677994067	-0.218815332638436	0.0670652880764208	0.130484585034398	0.0173468262081396	-0.349276958912043	0.0564821888215918
-0.0108460559931661	-0.221607323767787	0.0678884958912874	0.132147007521571	0.0175048597429133	-0.353727911952725	0.0569122669880375
-0.0112818265152483	-0.224404277937386	0.068712188462358	0.133812309723035	0.0176612690823761	-0.358186606268424	0.0573343639041509
-0.0117272771749643	-0.22720592188254	0.069536269746937	0.135480327737851	0.0178160086385153	-0.362652603525038	0.0577482992026928
-0.0121825057816254	-0.230011982338557	0.0703606437023286	0.137150897665078	0.0179690328233183	-0.36712546538847	0.0581538925164242
-0.0126476101445427	-0.232822186040747	0.0711852142858371	0.138823855603777	0.0181202960487724	-0.37160475352462	0.0585509634781059
-0.0131226880730276	-0.235636259724417	0.0720098854547669	0.140499037653007	0.018269752726865	-0.376090029599387	0.0589393317204986
-0.0136078373763911	-0.238453930124876	0.0728345611664222	0.14217627991183	0.0184173572695835	-0.380580855278674	0.0593188168763634
-0.0141031558639445	-0.241274923977432	0.0736591453781075	0.143855418479304	0.0185630640889152	-0.385076792228379	0.0596892385784611
-0.0146087413449989	-0.244098968017393	0.0744835420471269	0.145536289454491	0.0187068275968475	-0.389577402114404	0.0600504164595524
-0.0151246916288657	-0.246925788980068	0.0753076551307848	0.14721872893645	0.0188486022053677	-0.394082246602649	0.0604021701523983
-0.0156511045248558	-0.249755113600765	0.0761313885863855	0.148902573024242	0.0189883423264633	-0.398590887359014	0.0607443192897595
-0.0161880778422807	-0.252586668614793	0.0769546463712334	0.150587657816926	0.0191260023721215	-0.403102886049401	0.061076683504397
-0.0167357093904514	-0.255420180757459	0.0777773324426327	0.152273819413564	0.0192615367543298	-0.40761780433971	0.0613990824290716
-0.0172940969786792	-0.258255376764073	0.0785993507578877	0.153960893913214	0.0193948998850755	-0.41213520389584	0.0617113356965441
-0.0178633384162752	-0.261091983369941	0.0794206052743028	0.155648717414938	0.019526046176346	-0.416654646383693	0.0620132629395755
-0.0184435315125507	-0.263929727310374	0.0802409999491823	0.157337126017795	0.0196549300401286	-0.421175693469169	0.0623046837909265
-0.0190347740768169	-0.266768335320679	0.0810604387398304	0.159025955820845	0.0197815058884107	-0.425697906818169	0.062585417883358
-0.0196371639183849	-0.269607534136164	0.0818788256035515	0.160715042923149	0.0199057281331797	-0.430220848096593	0.0628552848496308
-0.0202507988465659	-0.272447050492137	0.08269606449765	0.162404223423767	0.020027551186423	-0.434744078970341	0.0631141043225059
-0.0208757766706712	-0.275286611123908	0.08351205937943	0.164093333421759	0.0201469294601278	-0.439267161105315	0.0633616959347441
-0.0215121952000119	-0.278125942766784	0.0843267142061959	0.165782209016186	0.0202638173662816	-0.443789656167414	0.0635978793191062
-0.0221601522438993	-0.280964772156074	0.0851399329352521	0.167470686306106	0.0203781693168717	-0.448311125822539	0.063822474108353
-0.0228197456116445	-0.283802826027087	0.0859516195239029	0.169158601390581	0.0204899397238855	-0.452831131736591	0.0640352999352455
-0.0234910731125588	-0.286639831115129	0.0867616779294524	0.170845790368671	0.0205990829993104	-0.457349235575469	0.0642361764325444
-0.0241742325559533	-0.28947551415551	0.0875700121092052	0.172532089339435	0.0207055535551337	-0.461864999005076	0.0644249232330106
-0.0248693217511392	-0.292309601883538	0.0883765260204654	0.174217334401934	0.0208093058033428	-0.46637798369131	0.0646013599694051
-0.0255764385074278	-0.295141821034522	0.0891811236205374	0.175901361655229	0.020910294155925	-0.470887751300073	0.0647653062744886
-0.0262956806341302	-0.297971898343769	0.0899837088667255	0.177584007198379	0.0210084730248678	-0.475393863497265	0.0649165817810219
-0.0270271459405576	-0.300799560546589	0.090784185716334	0.179265107130444	0.0211037968221584	-0.479895881948787	0.065055006121766
-0.0277709322360213	-0.303624534378288	0.0915824581266673	0.180944497550485	0.0211962199597843	-0.484393368320539	0.0651803989294817
-0.0285271373298323	-0.306446546574177	0.0923784300550296	0.182622014557561	0.0212856968497327	-0.488885884278421	0.0652925798369299
-0.0292958590313021	-0.309265323869562	0.0931720054587252	0.184297494250734	0.0213721819039912	-0.493372991488335	0.0653913684768713
-0.0300771951497416	-0.312080592999753	0.0939630882950585	0.185970772729062	0.0214556295345469	-0.497854251616179	0.0654765844820669
-0.0308712434944621	-0.314892080700058	0.0947515825213337	0.187641686091607	0.0215359941533874	-0.502329226327856	0.0655480474852775
-0.0316781018747749	-0.317699513705785	0.0955373920948553	0.189310070437428	0.0216132301725	-0.506797477289266	0.0656055771192639
-0.032497868099991	-0.320502618752242	0.0963204209729273	0.190975761865586	0.021687292003872	-0.511258566166309	0.065648993016787
-0.0333306399794218	-0.323301122574738	0.0971005731128543	0.19263859647514	0.0217581340594907	-0.515712054624885	0.0656781148106077
-0.0341765153223784	-0.326094751908581	0.0978777524719405	0.194298410365152	0.0218257107513437	-0.520157504330895	0.0656927621334868
-0.035035591938172	-0.328883233489079	0.0986518630074903	0.19595503963468	0.0218899764914181	-0.52459447695024	0.0656927546181852
-0.0359079676361139	-0.331666294051541	0.0994228086768079	0.197608320382785	0.0219508856917014	-0.52902253414882	0.0656779118974637
-0.0367937402255151	-0.334443660331275	0.100190493437198	0.199258088708528	0.022008392764181	-0.533441237592536	0.0656480536040831
-0.0376930075156869	-0.33721505906359	0.100954821245964	0.200904180710968	0.0220624521208442	-0.537850148947287	0.0656029993708044
-0.0386058673159405	-0.339980216983793	0.101715696060411	0.202546432489166	0.0221130181736784	-0.542248829878975	0.0655425688303883
-0.0395324174355871	-0.342738860827193	0.102473021837843	0.204184680142182	0.022160045334671	-0.5466368420535	0.0654665816155958
-0.0404727556839379	-0.345490717329099	0.103226702535564	0.205818759769076	0.0222034880158092	-0.551013747136763	0.0653748573591877
-0.0414269798703041	-0.348235513224818	0.103976642110879	0.207448507468908	0.0222433006290805	-0.555379106794664	0.0652672156939248
-0.0423951878039969	-0.350972975249659	0.104722744521092	0.209073759340738	0.0222794375864723	-0.559732482693103	0.0651434762525679
-0.0433774772943275	-0.353702830138931	0.105464913723508	0.210694351483627	0.0223118532999718	-0.564073436497981	0.065003458667878
-0.0443739461506071	-0.356424804627941	0.10620305367543	0.212310119996634	0.0223405021815665	-0.568401529875199	0.0648469825726159
-0.0453846921821469	-0.359138625451999	0.106937068334163	0.21392090097882	0.0223653386432438	-0.572716324490657	0.0646738675995424
-0.046409813198258	-0.361844019346412	0.107666861657011	0.215526530529245	0.0223863170969909	-0.577017382010255	0.0644839333814184
-0.0474494070082517	-0.364540713046488	0.108392337601279	0.217126844746969	0.0224033919547953	-0.581304264099895	0.0642769995510048
-0.0485035714214392	-0.367228433287537	0.10911340012427	0.218721679731052	0.0224165176286444	-0.585576532425476	0.0640528857410624
-0.0495724042471317	-0.369906906804866	0.10982995318329	0.220310871580555	0.0224256485305254	-0.589833748652899	0.0638114115843519
-0.0506560032946404	-0.372575860333783	0.110541900735643	0.221894256394537	0.0224307390724258	-0.594075474448064	0.0635523967136344
-0.0517544663732764	-0.375235020609598	0.111249146738632	0.223471670272059	0.0224317436663329	-0.598301271476873	0.0632756607616707
-0.052867891292351	-0.377884114367618	0.111951595149562	0.225042949312181	0.022428616724234	-0.602510701405225	0.0629810233612215
-0.0539963758611754	-0.380522868343151	0.112649149925738	0.226607929613963	0.0224213126581167	-0.606703325899021	0.0626683041450479
-0.0551400178890607	-0.383151009271507	0.113341715024463	0.228166447276465	0.0224097858799681	-0.610878706624162	0.0623373227459105
-0.0562989151853183	-0.385768263887993	0.114029194403043	0.229718338398748	0.0223939908017757	-0.615036405246548	0.0619878987965703
-0.0574731655592591	-0.388374358927918	0.114711492018781	0.231263439079871	0.0223738818355268	-0.619175983432079	0.0616198519297882
-0.0586628668201946	-0.39096902112659	0.115388511828981	0.232801585418894	0.0223494133932089	-0.623297002846656	0.0612330017783249
-0.0598681167774357	-0.393551977219317	0.116060157790949	0.234332613514879	0.0223205398868092	-0.62739902515618	0.0608271679749413
-0.0610890132402938	-0.396122953941408	0.116726333861987	0.235856359466884	0.0222872157283152	-0.631481612026551	0.0604021701523983
-0.0623256540180802	-0.398681678028171	0.117386943999402	0.237372659373971	0.0222493953297141	-0.635544325123669	0.0599578279434566
-0.0635781369201058	-0.401227876214915	0.118041892160496	0.238881349335199	0.0222070331029934	-0.639586726113435	0.0594939609808774
-0.064846559755682	-0.403761275236947	0.118691082302575	0.240382265449628	0.0221600834601404	-0.64360837666175	0.0590103888974212
-0.06613102033412	-0.406281601829576	0.119334418382942	0.241875243816319	0.0221085008131426	-0.647608838434514	0.0585069313258489
-0.0674316164647309	-0.40878858272811	0.119971804358902	0.243360120534332	0.0220522395739871	-0.651587673097627	0.0579834078989216
-0.068748445956826	-0.411281944667858	0.120603144187759	0.244836731702727	0.0219912541546615	-0.655544442316991	0.0574396382493999
-0.0700816066197164	-0.413761414384128	0.121228341826818	0.246304913420564	0.0219254989671531	-0.659478707758505	0.0568754420100448
-0.0714311962627132	-0.416226718612228	0.121847301233382	0.247764501786903	0.0218549284234493	-0.663390031088069	0.0562906388136171
-0.0727973126951279	-0.418677584087468	0.122459926364757	0.249215332900805	0.0217794969355373	-0.667277973971586	0.0556850482928777
-0.0741800537262716	-0.421113737545154	0.123066121178245	0.250657242861329	0.0216991589154046	-0.671142098074954	0.0550584900805872
-0.0755795171654553	-0.423534905720595	0.123665789631153	0.252090067767536	0.0216138687750386	-0.674981965064075	0.0544107838095068
-0.0769958008219904	-0.4259408153491	0.124258835680784	0.253513643718486	0.0215235809264266	-0.678797136604849	0.0537417491123972
-0.0784290025051879	-0.428331193165978	0.124845163284442	0.254927806813239	0.0214282497815559	-0.682587174363177	0.0530512056220192
-0.0798792200243593	-0.430705765906535	0.125424676399431	0.256332393150855	0.021327829752414	-0.686351640004958	0.0523389729711337
-0.0813465511888155	-0.433064260306081	0.125997278983057	0.257727238830395	0.0212222752509881	-0.690090095196094	0.0516048707925016
-0.0828310938078679	-0.435406403099925	0.126562874992623	0.259112179950918	0.0211115406892658	-0.693802101602485	0.0508487187188837
-0.0843329456908276	-0.437731921023373	0.127121368385433	0.260487052611485	0.0209955804792342	-0.697487220890031	0.050070336383041
-0.0858522046470059	-0.440040540811735	0.127672663118793	0.261851692911155	0.0208743490328809	-0.701145014724634	0.049269543417734
-0.0873889684857138	-0.44233198920032	0.128216663150005	0.26320593694899	0.0207478007621931	-0.704775044772193	0.0484461594557239
-0.0889433350162627	-0.444605992924434	0.128753272436375	0.264549620824049	0.0206158900791582	-0.708376872698609	0.0476000041297713
-0.0905154020479637	-0.446862278719388	0.129282394935207	0.265882580635392	0.0204785713957636	-0.711950060169782	0.0467308970726373
-0.0921052673901279	-0.449100573320488	0.129803934603805	0.267204652482079	0.0203357991239967	-0.715494168851613	0.0458386579170826
-0.0937130288520667	-0.451320603463043	0.130317795399474	0.268515672463172	0.0201875276758448	-0.719008760410003	0.0449231062958681
-0.0953387842430913	-0.453522095882363	0.130823881279517	0.269815476677729	0.0200337114632952	-0.722493396510852	0.0439840618417546
-0.0969826313725127	-0.455704777313754	0.131322096201239	0.271103901224811	0.0198743048983354	-0.72594763882006	0.0430213441875029
-0.0986446680496422	-0.457868374492526	0.131812344121945	0.272380782203478	0.0197092623929527	-0.729371049003529	0.0420347729658742
-0.100324992083791	-0.460012614153986	0.132294528998938	0.273645955712791	0.0195385383591345	-0.732763188727157	0.0410241678096288
-0.10202370128427	-0.462137223033443	0.132768554789524	0.274899257851809	0.0193620872088681	-0.736123619656847	0.039989348351528
-0.103740893460391	-0.464241927866206	0.133234325451005	0.276140524719592	0.0191798633541409	-0.739451903458498	0.0389301342243324
-0.105476666421465	-0.466326455387582	0.133691744940688	0.277369592415201	0.0189918212069403	-0.742747601798011	0.0378463450608031
-0.107231117976803	-0.468390532332881	0.134140717215875	0.278586297037697	0.0187979151792537	-0.746010276341287	0.0367378004937007
-0.109004345935717	-0.470433885437409	0.134581146233872	0.279790474686138	0.0185980996830682	-0.749239488754226	0.0356043201557862
-0.110796448107516	-0.472456241436477	0.135012935951982	0.280981961459586	0.0183923291303715	-0.752434800702728	0.0344457236798204
-0.112607522301514	-0.474457327065391	0.13543599032751	0.2821605934571	0.0181805579331508	-0.755595773852694	0.033261830698564
-0.11443766632702	-0.47643686905946	0.13585021331776	0.28332620677774	0.0179627405033935	-0.758721969870025	0.0320524608447782
-0.116286977993347	-0.478394594153994	0.136255508880036	0.284478637520567	0.0177388312530869	-0.76181295042062	0.0308174337512236
-0.118155555109804	-0.480330229084299	0.136651780971644	0.285617721784641	0.0175087845942184	-0.764868277170381	0.0295565690506611
-0.120043495485704	-0.482243500585685	0.137038933549886	0.286743295669023	0.0172725549387755	-0.767887511785208	0.0282696863758516
-0.121950896930358	-0.484134135393459	0.137416870572068	0.287855195272771	0.0170300966987453	-0.770870215931001	0.0269566053595559
-0.123877857253077	-0.48600186024293	0.137785495995494	0.288953256694947	0.0167813642861154	-0.773815951273662	0.0256171456345349
-0.125824474263172	-0.487846401869407	0.138144713777468	0.29003731603461	0.016526312112873	-0.77672427947909	0.0242511268335494
-0.127790845769954	-0.489667487008197	0.138494427875294	0.291107209390821	0.0162648945910056	-0.779594762213185	0.0228583685893602
-0.129777069582735	-0.491464842394609	0.138834542246277	0.29216277286264	0.0159970661325005	-0.78242696114185	0.0214386905347284
-0.131783243510825	-0.493238194763951	0.13916496084772	0.293203842549126	0.015722781149345	-0.785220437930983	0.0199919123024145
-0.133809465363536	-0.494987270851533	0.13948558763693	0.294230254549341	0.0154419940535266	-0.787974754246485	0.0185178535251797
-0.135855832950179	-0.496711797392661	0.139796326571208	0.295241844962344	0.0151546592570326	-0.790689471754258	0.0170163338357846
-0.137922444080065	-0.498411501122645	0.140097081607861	0.296238449887196	0.0148607311718503	-0.793364152120201	0.0154871728669902
-0.140009396562506	-0.500086108776792	0.140387756704192	0.297219905422956	0.0145601642099672	-0.795998357010215	0.0139301902515572
-0.142116788206813	-0.501735347090411	0.140668255817505	0.298186047668685	0.0142529127833706	-0.798591648090201	0.0123452056222466
-0.144244716822296	-0.50335894279881	0.140938482905105	0.299136712723443	0.0139389313040478	-0.801143587026058	0.0107320386118193
-0.146393280218268	-0.504956622637298	0.141198341924297	0.300071736686291	0.0136181741839862	-0.803653735483688	0.00909050885303586
-0.148562576204038	-0.506528113341183	0.141447736832383	0.300990955656287	0.0132905958351732	-0.806121655128991	0.00742043597865744
-0.15075270258892	-0.508073141645774	0.14168657158667	0.301894205732493	0.0129561506695961	-0.808546907627867	0.00572163962144473
-0.152963757182222	-0.509591434286378	0.141914750144461	0.302781323013968	0.0126147930992424	-0.810929054646217	0.0039939394141586
-0.155195837793258	-0.511082717998304	0.14213217646306	0.303652143599773	0.0122664775360993	-0.813267657849941	0.0022371549895599
-0.157449042231338	-0.51254671951686	0.142338754499772	0.304506503588968	0.0119111583921543	-0.815562278904941	0.00045110598040965
-0.159723468305773	-0.513983165577355	0.1425343882119	0.305344239080613	0.0115487900793947	-0.817812479477116	-0.00136438798053151
-0.162019213825874	-0.515391782915097	0.142718981556751	0.306165186173769	0.0111793270098078	-0.820017821232367	-0.00320950726050268
-0.164336376600953	-0.516772298265394	0.142892438491626	0.306969180967494	0.0108027235953811	-0.822177865836594	-0.00508443222674287
-0.166675054440321	-0.518124438363555	0.143054662973832	0.30775605956085	0.0104189342481018	-0.824292174955698	-0.00698934324649153
-0.169035345153289	-0.519447929944888	0.143205558960672	0.308525658052897	0.0100279133799575	-0.82636031025558	-0.00892442068698746
-0.171417346549168	-0.520742499744701	0.143345030409451	0.309277812542695	0.00962961540293536	-0.82838183340214	-0.0108898449154701
-0.173821156437269	-0.522007874498303	0.143472981277472	0.310012359129304	0.0092239947290228	-0.830356306061278	-0.0128857962991784
-0.176246872626904	-0.523243780941001	0.143589315522041	0.310729133911784	0.00881100577020719	-0.832283289898895	-0.0149124552053514
-0.178694592927384	-0.524449945808105	0.143693937100461	0.311427972989195	0.00839060293847596	-0.834162346580891	-0.0169700020012285
-0.18116441514802	-0.525626095834923	0.143786749970037	0.312108712460598	0.00796274064581634	-0.835993037773168	-0.0190586170540489
-0.183656437098123	-0.526771957756762	0.143867658088074	0.312771188425052	0.0075273733042158	-0.837774925141624	-0.0211784807310516
-0.186170756587005	-0.527887258308933	0.143936565411874	0.313415236981618	0.00708445532566168	-0.839507570352162	-0.0233297733994756
-0.188707471423976	-0.528971724226741	0.143993375898744	0.314040694229356	0.00663394112214133	-0.841190535070681	-0.0255126754265603
-0.191266679418348	-0.530025082245496	0.144037993505986	0.314647396267327	0.0061757851056421	-0.842823380963082	-0.0277273671795448
-0.193848478379432	-0.531047059100507	0.144070322190906	0.315235179194589	0.00570994168815139	-0.844405669695265	-0.0299740290256681
-0.19645296611654	-0.532037381527082	0.144090265910808	0.315803879110204	0.00523636528165658	-0.845936962933131	-0.0322528413321694
-0.199080240438981	-0.532995776260528	0.144097728622995	0.316353332113232	0.00475501029814496	-0.847416822342582	-0.0345639844662881
-0.201730399156069	-0.533921970036155	0.144092614284773	0.316883374302732	0.00426583114960397	-0.848844809589515	-0.0369076387952629
-0.204403540077113	-0.53481568958927	0.144074826853445	0.317393841777766	0.00376878224802091	-0.850220486339833	-0.0392839846863333
-0.207099761011425	-0.535676661655183	0.144044270286317	0.317884570637392	0.00326381800538317	-0.851543414259436	-0.0416932025067385
-0.209819159768316	-0.5365046129692	0.144000848540691	0.318355396980671	0.00275089283367813	-0.852813155014224	-0.0441354726237173
-0.212561834157098	-0.537299270266631	0.143944465573874	0.318806156906664	0.00222996114489316	-0.854029270270098	-0.0466109754045092
-0.215327881987081	-0.538060360282785	0.143875025343168	0.319236686514431	0.00170097735101565	-0.855191321692959	-0.049119891216353
-0.218117401067577	-0.538787609752968	0.143792431805878	0.319646821903031	0.0011638958640329	-0.856298870948706	-0.0516624004264881
-0.220930489207897	-0.53948074541249	0.143696588919309	0.320036399171525	0.000618671095932277	-0.857351479703241	-0.0542386834021534
-0.223767244217352	-0.540139493996659	0.143587400640764	0.320405254418973	6.52574587011734e-05	-0.858348709622464	-0.0568489205105885
-0.226627763905254	-0.540763582240783	0.143464770927549	0.320753223744436	-0.000496390635673055	-0.859290122372275	-0.0594932921190322
-0.229512146080913	-0.541352736880171	0.143328603736967	0.321080143246973	-0.00106631877520302	-0.860175279618576	-0.0621719785947237
-0.232420488553641	-0.541906684650131	0.143178803026323	0.321385849025644	-0.0016445725479014	-0.861003743027265	-0.0648851603049022
-0.235352889132749	-0.542425152285971	0.143015272752921	0.32167017717951	-0.0022311975417808	-0.861775074264244	-0.0676330176168066
-0.238309445627548	-0.542907866523	0.142837916874065	0.32193296380763	-0.00282623934485385	-0.862488834995414	-0.0704157308976764
-0.24129025584735	-0.543354554096525	0.14264663934706	0.322174045009066	-0.00342974354513326	-0.863144586886675	-0.0732334805147508
-0.244295417601465	-0.543764941741856	0.14244134412921	0.322393256882877	-0.00404175573063156	-0.863741891603927	-0.0760864468352686
-0.247325028699205	-0.544138756194301	0.142221935177819	0.322590435528123	-0.00466232148936141	-0.864280310813071	-0.0789748102264689
-0.250379186949881	-0.544475724189167	0.141988316450192	0.322765417043864	-0.00529148640933549	-0.864759406180007	-0.0818987510555914
-0.253457990162804	-0.544775572461764	0.141740391903632	0.322918037529162	-0.0059292960785664	-0.865178739370636	-0.0848584496898747
-0.256561536147285	-0.545038027747399	0.141478065495445	0.323048133083075	-0.00657579608506678	-0.865537872050859	-0.0878540864965582
-0.259689922712636	-0.545262816781382	0.141201241182935	0.323155539804664	-0.00723103201684933	-0.865836365886575	-0.0908858418428811
-0.262843247668168	-0.54544966629902	0.140909822923405	0.323240093792989	-0.0078950494619266	-0.866073782543686	-0.0939538960960822
-0.266021608823192	-0.545598303035621	0.14060371467416	0.32330163114711	-0.00856789400831123	-0.866249683688092	-0.0970584296234009
-0.269225103987019	-0.545708453726494	0.140282820392505	0.323339987966088	-0.00924961124401585	-0.866363630985693	-0.100199622792077
-0.27245383096896	-0.545779845106947	0.139947044035744	0.323355000348982	-0.00994024675705318	-0.86641518610239	-0.103377655969348
-0.275707887578326	-0.545812203912289	0.139596289561181	0.323346504394853	-0.0106398461354358	-0.866403910704083	-0.106592709522454
-0.27898737162443	-0.545805256877828	0.13923046092612	0.323314336202761	-0.0113484549671763	-0.866329366456674	-0.109844963818635
-0.282292380916581	-0.545758730738872	0.138849462087866	0.323258331871766	-0.0120661188402874	-0.866191115026061	-0.113134599225129
-0.285623013264092	-0.54567235223073	0.138453197003722	0.323178327500928	-0.0127928833427818	-0.865988718078146	-0.116461796109176
-0.288979366476273	-0.54554584808871	0.138041569630995	0.323074159189307	-0.0135287940626719	-0.86572173727883	-0.119826734838014
-0.292361538362435	-0.54537894504812	0.137614483926987	0.322945663035964	-0.0142738965879705	-0.865389734294013	-0.123229595778882
-0.295769626731891	-0.545171369844268	0.137171843849002	0.322792675139959	-0.0150282365066902	-0.864992270789595	-0.126670559299021
-0.29920372939395	-0.544922849212464	0.136713553354346	0.322615031600352	-0.0157918594068437	-0.864528908431477	-0.130149805765669
-0.302663944157924	-0.544633109888015	0.136239516400323	0.322412568516202	-0.0165648108764435	-0.863999208885559	-0.133667515546065
-0.306150368833125	-0.544301878606229	0.135749636944237	0.322185121986571	-0.0173471365035023	-0.863402733817742	-0.137223869007448
-0.309663101228863	-0.543928882102416	0.135243818943391	0.321932528110518	-0.0181388818760328	-0.862739044893927	-0.140819046517058
-0.31320223915445	-0.543513847111882	0.134721966355092	0.321654622987104	-0.0189400925820476	-0.862007703780013	-0.144453228442134
-0.316767880419197	-0.543056500369937	0.134183983136642	0.321351242715388	-0.0197508142095592	-0.861208272141901	-0.148126595149914
-0.320360122832415	-0.542556568611889	0.133629773245346	0.321022223394431	-0.0205710923465804	-0.860340311645493	-0.151839327007638
-0.323979064203415	-0.542013778573047	0.133059240638509	0.320667401123293	-0.0214009725811239	-0.859403383956688	-0.155591604382546
-0.327624802341509	-0.541427856988718	0.132472289273434	0.320286612001034	-0.0222405005012021	-0.858397050741387	-0.159383607641876
-0.331297435056007	-0.54079853059421	0.131868823107426	0.319879692126714	-0.0230897216948278	-0.85732087366549	-0.163215517152867
-0.334997060156222	-0.540125526124833	0.13124874609779	0.319446477599394	-0.0239486817500137	-0.856174414394897	-0.167087513282758
-0.338723775451463	-0.539408570315895	0.13061196220183	0.318986804518133	-0.0248174262547722	-0.854957234595511	-0.17099977639879
-0.342477678751043	-0.538647389902704	0.129958375376849	0.318500508981993	-0.0256960007971161	-0.85366889593323	-0.1749524868682
-0.346258867864273	-0.537841711620568	0.129287889580153	0.317987427090032	-0.026584450965058	-0.852308960073956	-0.178945825058228
-0.350067440600463	-0.536991262204795	0.128600408769045	0.317447394941311	-0.0274828223466106	-0.850876988683587	-0.182979971336113
-0.353903494768925	-0.536095768390694	0.127895836900831	0.31688024863489	-0.0283911605297864	-0.849372543428027	-0.187055106069094
-0.35776712817897	-0.535154956913574	0.127174077932814	0.31628582426983	-0.0293095111025982	-0.847795185973175	-0.191171409624411
-0.361658438639909	-0.534168554508742	0.126435035822298	0.31566395794519	-0.0302379196530584	-0.846144477984931	-0.195329062369303
-0.365577523961054	-0.533136287911507	0.125678614526588	0.315014485760031	-0.0311764317691799	-0.844419981129195	-0.199528244671008
-0.369524481951716	-0.532057883857178	0.124904718002988	0.314337243813413	-0.0321250930389752	-0.842621257071869	-0.203769136896766
-0.373499410421205	-0.530933069081061	0.124113250208803	0.313632068204396	-0.0330839490504569	-0.840747867478853	-0.208051919413816
-0.377502407178834	-0.529761570318467	0.123304115101336	0.31289879503204	-0.0340530453916377	-0.838799374016047	-0.212376772589397
-0.381533570033913	-0.528543114304703	0.122477216637893	0.312137260395405	-0.0350324276505303	-0.836775338349352	-0.216743876790749
-0.385592996795753	-0.527277427775078	0.121632458775777	0.311347300393552	-0.0360221414151472	-0.834675322144668	-0.22115341238511
-0.389680785273666	-0.525964237464899	0.120769745472292	0.310528751125541	-0.0370222322735011	-0.832498887067896	-0.22560555973972
-0.393797033276964	-0.524603270109476	0.119888980684744	0.309681448690431	-0.0380327458136046	-0.830245594784936	-0.230100499221817
-0.397941838614956	-0.523194252444117	0.118990068370437	0.308805229187284	-0.0390537276234704	-0.82791500696169	-0.234638411198641
-0.402115299096954	-0.521736911204129	0.118072912486673	0.307899928715158	-0.0400852232911111	-0.825506685264056	-0.239219476037431
-0.40631751253227	-0.520230973124822	0.117137416990759	0.306965383373115	-0.0411272784045393	-0.823020191357936	-0.243843874105427
-0.410548576730214	-0.518676164941503	0.116183485839998	0.306001429260214	-0.0421799385517677	-0.820455086909231	-0.248511785769867
-0.414808589500099	-0.51707221338948	0.115211022991695	0.305007902475516	-0.043243249320809	-0.81781093358384	-0.25322339139799
-0.419097648651234	-0.515418845204064	0.114219932403154	0.303984639118081	-0.0443172562996756	-0.815087293047665	-0.257978871357036
-0.423415851992932	-0.51371578712056	0.113210118031678	0.302931475286968	-0.0454020050763804	-0.812283726966606	-0.262778406014244
-0.427735671763482	-0.51198532890211	0.112191018692473	0.301862017760545	-0.046488209735455	-0.809436526879303	-0.267589265718917
-0.432029514994964	-0.510249942488313	0.111172137229206	0.30078998258447	-0.0475665539694229	-0.806582276547131	-0.272378600575532
-0.436297381687379	-0.508509627879167	0.110153473641877	0.299715369758745	-0.0486370377782839	-0.803720975970088	-0.277146410584088
-0.440539271840727	-0.506764385074675	0.109135027930485	0.298638179283368	-0.0496996611620383	-0.800852625148176	-0.281892695744587
-0.444755185455008	-0.505014214074835	0.108116800095031	0.297558411158339	-0.0507544241206858	-0.797977224081394	-0.286617456057027
-0.448945122530221	-0.503259114879648	0.107098790135515	0.29647606538366	-0.0518013266542266	-0.795094772769742	-0.29132069152141
-0.453109083066368	-0.501499087489114	0.106080998051938	0.295391141959329	-0.0528403687626606	-0.79220527121322	-0.296002402137734
-0.457247067063448	-0.499734131903233	0.105063423844297	0.294303640885347	-0.0538715504459879	-0.789308719411829	-0.300662587906001
-0.46135907452146	-0.497964248122004	0.104046067512595	0.293213562161714	-0.0548948717042084	-0.786405117365567	-0.305301248826209
-0.465445105440406	-0.496189436145428	0.103028929056831	0.292120905788429	-0.0559103325373221	-0.783494465074436	-0.309918384898359
-0.469505159820284	-0.494409695973505	0.102012008477004	0.291025671765493	-0.0569179329453291	-0.780576762538435	-0.314513996122451
-0.473539237661096	-0.492625027606234	0.100995305773115	0.289927860092906	-0.0579176729282293	-0.777652009757564	-0.319088082498486
-0.47754733896284	-0.490835431043616	0.0999788209451644	0.288827470770667	-0.0589095524860227	-0.774720206731824	-0.323640644026462
-0.481529463725517	-0.489040906285651	0.0989625539931513	0.287724503798778	-0.0598935716187094	-0.771781353461213	-0.32817168070638
-0.485485611949128	-0.487241453332339	0.0979465049170761	0.286618959177237	-0.0608697303262893	-0.768835449945733	-0.33268119253824
-0.489415783633671	-0.485437072183679	0.0969306737169388	0.285510836906044	-0.0618380286087625	-0.765882496185383	-0.337169179522042
-0.493319978779147	-0.483627762839673	0.0959150603927393	0.284400136985201	-0.0627984664661288	-0.762922492180163	-0.341635641657786
-0.497198197385556	-0.481813525300319	0.0948996649444776	0.283286859414706	-0.0637510438983885	-0.759955437930074	-0.346080578945472
-0.501050439452898	-0.479994359565617	0.0938844873721538	0.28217100419456	-0.0646957609055413	-0.756981333435114	-0.3505039913851
-0.504876704981173	-0.478170265635569	0.0928695276757678	0.281052571324763	-0.0656326174875874	-0.754000178695285	-0.354905878976669
-0.50867699397038	-0.476341243510173	0.0918547858553197	0.279931560805314	-0.0665616136445267	-0.751011973710586	-0.359286241720181
-0.512451306420521	-0.47450729318943	0.0908402619108094	0.278807972636214	-0.0674827493763593	-0.748016718481017	-0.363645079615635
-0.516199642331595	-0.472668414673339	0.089825955842237	0.277681806817463	-0.0683960246830851	-0.745014413006578	-0.36798239266303
-0.519922001703602	-0.470824607961902	0.0888118676496024	0.276553063349061	-0.0693014395647041	-0.74200505728727	-0.372298180862368
-0.523618384536541	-0.468975873055117	0.0877979973329057	0.275421742231007	-0.0701989940212164	-0.738988651323092	-0.376592444213648
-0.527288790830414	-0.467122209952985	0.0867843448921468	0.274287843463302	-0.0710886880526219	-0.735965195114044	-0.380865182716869
-0.530933220585219	-0.465263618655505	0.0857709103273258	0.273151367045946	-0.0719705216589206	-0.732934688660126	-0.385116396372033
-0.534551673800957	-0.463400099162678	0.0847576936384426	0.272012312978938	-0.0728444948401126	-0.729897131961338	-0.389346085179138
-0.538144150477629	-0.461531651474505	0.0837446948254973	0.27087068126228	-0.0737106075961978	-0.72685252501768	-0.393554249138185
-0.541710650615233	-0.459658275590983	0.0827319138884898	0.26972647189597	-0.0745688599271762	-0.723800867829153	-0.397740888249175
-0.54525117421377	-0.457779971512115	0.0817193508274201	0.268579684880008	-0.0754192518330479	-0.720742160395756	-0.401906002512106
-0.54876572127324	-0.455896739237899	0.0807070056422883	0.267430320214396	-0.0762617833138128	-0.717676402717489	-0.406049591926979
-0.552254291793643	-0.454008578768336	0.0796948783330944	0.266278377899132	-0.077096454369471	-0.714603594794352	-0.410171656493794
-0.555716885774979	-0.452115490103426	0.0786829688998383	0.265123857934217	-0.0779232650000224	-0.711523736626346	-0.414272196212552
-0.559153503217248	-0.450217473243169	0.07767127734252	0.26396676031965	-0.078742215205467	-0.708436828213469	-0.418351211083251
-0.56256414412045	-0.448314528187564	0.0766598036611396	0.262807085055433	-0.0795533049858048	-0.705342869555723	-0.422408701105892
-0.565948808484585	-0.446406654936612	0.0756485478556971	0.261644832141564	-0.0803565343410359	-0.702241860653107	-0.426444666280475
-0.569307496309653	-0.444493853490313	0.0746375099261923	0.260480001578044	-0.0811519032711603	-0.699133801505621	-0.430459106607
-0.572640207595653	-0.442576123848666	0.0736266898726255	0.259312593364872	-0.0819394117761778	-0.696018692113266	-0.434452022085466
-0.575946942342587	-0.440653466011672	0.0726160876949964	0.258142607502049	-0.0827190598560886	-0.69289653247604	-0.438423412715875
-0.579227700550454	-0.438725879979331	0.0716057033933053	0.256970043989575	-0.0834908475108927	-0.689767322593945	-0.442373278498226
-0.582482482219253	-0.436793365751643	0.070595536967552	0.25579490282745	-0.0842547747405899	-0.68663106246698	-0.446301619432519
-0.585711287348985	-0.434855923328607	0.0695855884177365	0.254617184015674	-0.0850108415451804	-0.683487752095145	-0.450208435518754
-0.588914115939651	-0.432913552710224	0.0685758577438589	0.253436887554246	-0.0857590479246642	-0.680337391478441	-0.45409372675693
-0.592090967991249	-0.430966253896494	0.0675663449459191	0.252254013443167	-0.0864993938790412	-0.677179980616866	-0.457957493147049
-0.59524184350378	-0.429014026887417	0.0665570500239171	0.251068561682436	-0.0872318794083114	-0.674015519510422	-0.461799734689109
-0.598366742477245	-0.427056871682992	0.065547972977853	0.249880532272055	-0.0879565045124748	-0.670844008159108	-0.465620451383112
-0.601465664911642	-0.42509478828322	0.0645391138077268	0.248689925212022	-0.0886732691915315	-0.667665446562924	-0.469419643229056
-0.604538610806972	-0.423127776688101	0.0635304725135384	0.247496740502338	-0.0893821734454814	-0.66447983472187	-0.473197310226943
-0.607585580163235	-0.421155836897635	0.0625220490952879	0.246300978143002	-0.0900832172743246	-0.661287172635947	-0.476953452376771
-0.610606572980431	-0.419178968911821	0.0615138435529752	0.245102638134016	-0.090776400678061	-0.658087460305153	-0.480688069678541
-0.613601589258559	-0.41719717273066	0.0605058558866003	0.243901720475378	-0.0914617236566906	-0.65488069772949	-0.484401162132254
-0.616570628997621	-0.415210448354152	0.0594980860961633	0.242698225167088	-0.0921391862102135	-0.651666884908957	-0.488092729737908
-0.619513692197616	-0.413218795782297	0.0584905341816642	0.241492152209148	-0.0928087883386296	-0.648446021843554	-0.491762772495504
-0.622430778858544	-0.411222215015094	0.0574832001431028	0.240283501601556	-0.0934705300419389	-0.645218108533282	-0.495411290405042
-0.625321888980404	-0.409220706052544	0.0564760839804794	0.239072273344313	-0.0941244113201415	-0.64198314497814	-0.499038283466522
-0.628187022563198	-0.407214268894647	0.0554691856937938	0.237858467437419	-0.0947704321732373	-0.638741131178127	-0.502643751679944
-0.631026179606924	-0.405202903541402	0.054462505283046	0.236642083880873	-0.0954085926012263	-0.635492067133245	-0.506227695045308
-0.633839360111584	-0.403186609992811	0.0534560427482361	0.235423122674676	-0.0960388926041086	-0.632235952843494	-0.509790113562614
-0.636626564077176	-0.401165388248872	0.052449798089364	0.234201583818828	-0.0966613321818841	-0.628972788308872	-0.513331007231862
-0.639387791503701	-0.399139238309586	0.0514437713064298	0.232977467313329	-0.0972759113345529	-0.625702573529381	-0.516850376053052
-0.642123042391159	-0.397108160174952	0.0504379623994334	0.231750773158178	-0.0978826300621149	-0.622425308505019	-0.520348220026184
-0.644832316739551	-0.395072153844971	0.0494323713683749	0.230521501353376	-0.0984814883645701	-0.619140993235788	-0.523824539151258
-0.647515614548875	-0.393031219319643	0.0484269982132542	0.229289651898923	-0.0990724862419185	-0.615849627721688	-0.527279333428273
-0.650172935819132	-0.390985356598968	0.0474218429340714	0.228055224794819	-0.0996556236941602	-0.612551211962717	-0.530712602857231
-0.652804280550322	-0.388934565682945	0.0464169055308264	0.226818220041063	-0.100230900721295	-0.609245745958877	-0.534124347438131
-0.655409648742445	-0.386878846571576	0.0454121860035192	0.225578637637656	-0.100798317323323	-0.605933229710166	-0.537514567170972
-0.6579890403955	-0.384818199264858	0.0444076843521499	0.224336477584598	-0.101357873500245	-0.602613663216586	-0.540883262055756
-0.660542455509489	-0.382752623762794	0.0434034005767185	0.223091739881888	-0.101909569252059	-0.599287046478136	-0.544230432092481
-0.663069894084411	-0.380682120065382	0.0423993346772249	0.221844424529527	-0.102453404578767	-0.595953379494817	-0.547556077281149
-0.665571356120265	-0.378606688172624	0.0413954866536691	0.220594531527515	-0.102989379480368	-0.592612662266627	-0.550860197621758
-0.668046841617053	-0.376526328084518	0.0403918565060512	0.219342060875852	-0.103517493956863	-0.589264894793568	-0.554142793114309
-0.670496350574774	-0.374441039801064	0.0393884442343712	0.218087012574537	-0.10403774800825	-0.585910077075639	-0.557403863758803
-0.672919882993427	-0.372350823322264	0.038385249838629	0.216829386623571	-0.104550141634531	-0.58254820911284	-0.560643409555238
-0.675317438873013	-0.370255678648116	0.0373822733188246	0.215569183022954	-0.105054674835705	-0.579179290905171	-0.563861430503615
-0.677689018213533	-0.36815560577862	0.0363795146749581	0.214306401772686	-0.105551347611772	-0.575803322452633	-0.567057926603934
-0.680034621014985	-0.366050604713778	0.0353769739070294	0.213041042872766	-0.106040159962733	-0.572420303755224	-0.570232897856195
-0.68235424727737	-0.363940675453588	0.0343746510150386	0.211773106323195	-0.106521111888587	-0.569030234812946	-0.573386344260398
-0.684647897000688	-0.361825817998051	0.0333725459989856	0.210502592123973	-0.106994203389334	-0.565633115625798	-0.576518265816543
-0.686915570184939	-0.359706032347167	0.0323706588588705	0.209229500275099	-0.107459434464974	-0.56222894619378	-0.57962866252463
-0.689157266830123	-0.357581318500936	0.0313689895946932	0.207953830776574	-0.107916805115507	-0.558817726516893	-0.582717534384659
-0.69137298693624	-0.355451676459357	0.0303675382064538	0.206675583628398	-0.108366315340934	-0.555399456595136	-0.58578488139663
-0.69356273050329	-0.353317106222431	0.0293663046941522	0.205394758830571	-0.108807965141254	-0.551974136428508	-0.588830703560543
-0.695726497531273	-0.351177607790158	0.0283652890577885	0.204111356383092	-0.109241754516467	-0.548541766017011	-0.591855000876398
-0.697864288020189	-0.349033181162537	0.0273644912973626	0.202825376285963	-0.109667683466574	-0.545102345360645	-0.594857773344194
-0.699976101970037	-0.34688382633957	0.0263639114128746	0.201536818539181	-0.110085751991573	-0.541655874459408	-0.597839020963933
-0.702061939380819	-0.344729543321255	0.0253635494043244	0.200245683142749	-0.110495960091466	-0.538202353313301	-0.600798743735613
-0.704121800252534	-0.342570332107592	0.024363405271712	0.198951970096665	-0.110898307766252	-0.534741781922325	-0.603736941659236
-0.706155684585181	-0.340406192698583	0.0233634790150375	0.19765567940093	-0.111292795015932	-0.531274160286479	-0.606653614734801
-0.708163592378761	-0.338237125094226	0.0223637706343009	0.196356811055544	-0.111679421840504	-0.527799488405763	-0.609548762962307
-0.710145523633275	-0.336063129294522	0.0213642801295021	0.195055365060507	-0.11205818823997	-0.524317766280178	-0.612422386341755
-0.712101478348721	-0.333884205299471	0.0203650075006411	0.193751341415818	-0.112429094214329	-0.520828993909722	-0.615274484873146
-0.7140314565251	-0.331700353109072	0.019365952747718	0.192444740121478	-0.112792139763581	-0.517333171294397	-0.618105058556478
-0.715935458162413	-0.329511572723326	0.0183671158707327	0.191135561177487	-0.113147324887727	-0.513830298434202	-0.620914107391752
-0.717813483260658	-0.327317864142233	0.0173684968696853	0.189823804583844	-0.113494649586766	-0.510320375329137	-0.623701631378969
-0.719665531819836	-0.325119227365793	0.0163700957445757	0.18850947034055	-0.113834113860698	-0.506803401979202	-0.626467630518127
-0.721491603839947	-0.322915662394005	0.015371912495404	0.187192558447605	-0.114165717709523	-0.503279378384398	-0.629212104809227
-0.723291699320991	-0.32070716922687	0.0143739471221702	0.185873068905009	-0.114489461133241	-0.499748304544724	-0.631935054252269
-0.725065818262967	-0.318493747864388	0.0133761996248741	0.184551001712761	-0.114805344131853	-0.496210180460179	-0.634636478847253
-0.726813960665877	-0.316275398306559	0.012378670003516	0.183226356870862	-0.115113366705358	-0.492665006130765	-0.637316378594179
-0.72853612652972	-0.314052120553382	0.0113813582580956	0.181899134379312	-0.115413528853756	-0.489112781556482	-0.639974753493047
-0.730232315854496	-0.311823914604858	0.0103842643886131	0.180569334238111	-0.115705830577047	-0.485553506737328	-0.642611603543857
-0.731902528640204	-0.309590780460987	0.00938738839506851	0.179236956447258	-0.115990271875232	-0.481987181673305	-0.645226928746609
-0.733546764886846	-0.307352718121769	0.00839073027746171	0.177902001006754	-0.11626685274831	-0.478413806364412	-0.647820729101303
-0.73516502459442	-0.305109727587203	0.00739429003579277	0.176564467916599	-0.116535573196281	-0.474833380810649	-0.650393004607938
-0.736757307762928	-0.30286180885729	0.00639806767006167	0.175224357176792	-0.116796433219145	-0.471245905012016	-0.652943755266516
-0.738323614392368	-0.30060896193203	0.00540206318026844	0.173881668787334	-0.117049432816903	-0.467651378968513	-0.655472981077036
-0.739863944482741	-0.298351186811422	0.00440627656641304	0.172536402748225	-0.117294571989554	-0.464049802680141	-0.657980682039497
-0.741378298034047	-0.296088483495468	0.00341070782849548	0.171188559059465	-0.117531850737098	-0.460441176146899	-0.660466858153901
-0.742866675046287	-0.293820851984166	0.00241535696651578	0.169838137721053	-0.117761269059535	-0.456825499368787	-0.662931509420246
-0.744329075519459	-0.291548292277516	0.00142022398047392	0.16848513873299	-0.117982826956866	-0.453202772345805	-0.665374635838534
-0.745765499453564	-0.28927080437552	0.000425308870369925	0.167129562095276	-0.11819652442909	-0.449572995077953	-0.667796237408763
-0.747175946848602	-0.286988388278176	-0.00056938836379626	0.165771407807911	-0.118402361476207	-0.445936167565232	-0.670196314130935
-0.748560417704573	-0.284701043985485	-0.00156386772202456	0.164410675870894	-0.118600338098217	-0.442292289807641	-0.672574866005048
-0.749918912021476	-0.282408771497447	-0.00255812920431503	0.163047366284226	-0.11879045429512	-0.438641361805179	-0.674931893031103
-0.751251429799313	-0.280111570814061	-0.00355217281066765	0.161681479047907	-0.118972710066917	-0.434983383557849	-0.6772673952091
-0.752557971038083	-0.277809441935328	-0.00454599854108243	0.160313014161937	-0.119147105413607	-0.431318355065648	-0.679581372539039
-0.753838535737785	-0.275502384861248	-0.00553960639555935	0.158941971626315	-0.11931364033519	-0.427646276328577	-0.681873825020921
-0.755093123898421	-0.273190399591821	-0.00653299637409841	0.157568351441042	-0.119472314831667	-0.423967147346637	-0.684144752654744
-0.75632173551999	-0.270873486127046	-0.00752616847669967	0.156192153606117	-0.119623128903036	-0.420280968119827	-0.686394155440509
-0.757524370602491	-0.268551644466925	-0.00851912270336303	0.154813378121542	-0.119766082549299	-0.416587738648147	-0.688622033378216
-0.758701029145926	-0.266224874611456	-0.00951185905408858	0.153432024987315	-0.119901175770455	-0.412887458931597	-0.690828386467865
-0.759851711150293	-0.263893176560639	-0.0105043775288762	0.152048094203437	-0.120028408566505	-0.409180128970178	-0.693013214709456
-0.760976416615593	-0.261556550314475	-0.0114966781277261	0.150661585769908	-0.120147780937447	-0.405465748763889	-0.695176518102988
-0.762075145541826	-0.259214995872965	-0.0124887608506381	0.149272499686727	-0.120259292883283	-0.401744318312729	-0.697318296648463
-0.763147897928993	-0.256868513236106	-0.0134806256976123	0.147880835953895	-0.120362944404012	-0.3980158376167	-0.69943855034588
-0.764194673777092	-0.254517102403901	-0.0144722726686485	0.146486594571412	-0.120458735499634	-0.394280306675802	-0.701537279195239
-0.765215473086124	-0.252160763376348	-0.015463701763747	0.145089775539277	-0.12054666617015	-0.390537725490033	-0.703614483196539
-0.766210295856089	-0.249799496153448	-0.0164549129829076	0.143690378857492	-0.120626736415559	-0.386788094059395	-0.705670162349782
-0.767179142086986	-0.247433300735201	-0.0174459063261304	0.142288404526055	-0.120698946235861	-0.383031412383887	-0.707704316654967
-0.768122011778817	-0.245062177121607	-0.0184366817934153	0.140883852544966	-0.120763295631056	-0.379267680463509	-0.709716946112093
-0.769038904931581	-0.242686125312665	-0.0194272393847623	0.139476722914227	-0.120819784601144	-0.375496898298261	-0.711708050721162
-0.769929821545278	-0.240305145308376	-0.0204175791001715	0.138067015633836	-0.120868413146126	-0.371719065888143	-0.713677630482172
-0.770794761619907	-0.23791923710874	-0.0214077009396429	0.136654730703794	-0.120909181266001	-0.367934183233156	-0.715625685395124
-0.77163372515547	-0.235528400713756	-0.0223976049031765	0.135239868124101	-0.120942088960769	-0.364142250333298	-0.717552215460018
-0.772446712151965	-0.233132636123426	-0.0233872909907721	0.133822427894756	-0.120967136230431	-0.360343267188571	-0.719457220676855
-0.773233722609394	-0.230731943337748	-0.0243767592024299	0.13240241001576	-0.120984323074985	-0.356537233798975	-0.721340701045633
-0.773994756527755	-0.228326322356722	-0.0253660095381499	0.130979814487113	-0.120993649494433	-0.352724150164508	-0.723202656566353
-0.774729813907049	-0.22591577318035	-0.0263550419979321	0.129554641308814	-0.120995115488774	-0.348904016285171	-0.725043087239015
-0.775438894747277	-0.22350029580863	-0.0273438565817763	0.128126890480865	-0.120988721058009	-0.345076832160965	-0.726861993063619
-0.776121999048437	-0.221079890241563	-0.0283324532896828	0.126696562003264	-0.120974466202136	-0.341242597791889	-0.728659374040166
-0.77677912681053	-0.218654556479149	-0.0293208321216514	0.125263655876012	-0.120952350921157	-0.337401313177943	-0.730435230168653
-0.777410278033556	-0.216224294521387	-0.0303089930776821	0.123828172099108	-0.120922375215071	-0.333552978319128	-0.732189561449084
-0.778015452717515	-0.213789104368278	-0.031296936157775	0.122390110672553	-0.120884539083879	-0.329697593215442	-0.733922367881455
-0.778594650862407	-0.211348986019822	-0.03228466136193	0.120949471596347	-0.120838842527579	-0.325835157866887	-0.735633649465769
-0.779147872468232	-0.208903939476019	-0.0332721686901472	0.11950625487049	-0.120785285546173	-0.321965672273462	-0.737323406202025
-0.77967511753499	-0.206453964736868	-0.0342594581424266	0.118060460494981	-0.12072386813966	-0.318089136435167	-0.738991638090223
-0.78017638606268	-0.20399906180237	-0.0352465297187681	0.116612088469821	-0.12065459030804	-0.314205550352002	-0.740638345130362
-0.780651678051304	-0.201539230672525	-0.0362333834191718	0.11516113879501	-0.120577452051314	-0.310314914023967	-0.742263527322444
-0.78110099350086	-0.199074471347333	-0.0372200192436376	0.113707611470548	-0.12049245336948	-0.306417227451063	-0.743867184666468
-0.78152433241135	-0.196604783826793	-0.0382064371921655	0.112251506496434	-0.12039959426254	-0.302512490633289	-0.745449317162433
-0.781921694782773	-0.194130168110906	-0.0391926372647556	0.110792823872669	-0.120298874730493	-0.298600703570645	-0.747009924810341
-0.782293080615128	-0.191650624199672	-0.0401786194614079	0.109331563599253	-0.12019029477334	-0.294681866263131	-0.74854900761019
-0.782638489908416	-0.189166152093091	-0.0411643837821223	0.107867725676186	-0.12007385439108	-0.290755978710747	-0.750066565561982
-0.782957922662638	-0.186676751791162	-0.0421499302268989	0.106401310103467	-0.119949553583712	-0.286823040913494	-0.751562598665715
-0.783251378877792	-0.184182423293886	-0.0431352587957376	0.104932316881097	-0.119817392351239	-0.282883052871371	-0.75303710692139
-0.783518858553879	-0.181683166601263	-0.0441203694886385	0.103460746009076	-0.119677370693658	-0.278936014584378	-0.754490090329008
-0.783760361690899	-0.179178981713292	-0.0451052623056016	0.101986597487403	-0.119529488610971	-0.274981926052515	-0.755921548888567
-0.783975888288852	-0.176669868629975	-0.0460899372466267	0.100509871316079	-0.119373746103176	-0.271020787275782	-0.757331482600068
-0.784165438347738	-0.17415582735131	-0.0470743943117141	0.0990305674951041	-0.119210143170275	-0.26705259825418	-0.758719891463511
-0.784329011867557	-0.171636857877297	-0.0480586335008635	0.0975486860244778	-0.119038679812268	-0.263077358987708	-0.760086775478896
-0.784466608848309	-0.169112960207938	-0.0490426548140752	0.0960642269042002	-0.118859356029153	-0.259095069476366	-0.761432134646223
-0.784578229289994	-0.166584134343231	-0.050026458251349	0.0945771901342713	-0.118672171820932	-0.255105729720154	-0.762755968965492
-0.784663873192611	-0.164050380283177	-0.0510100438126849	0.0930875757146911	-0.118477127187604	-0.251109339719072	-0.764058278436703
-0.784723540556162	-0.161511698027776	-0.051993411498083	0.0915953836454596	-0.118274222129169	-0.247105899473121	-0.765339063059856
-0.784757231380646	-0.158968087577027	-0.0529765613075433	0.0901006139265769	-0.118063456645628	-0.243095408982299	-0.766598322834951
-0.784764945666062	-0.156419548930931	-0.0539594932410657	0.088603266558043	-0.11784483073698	-0.239077868246608	-0.767836057761988
-0.784746683412412	-0.153866082089488	-0.0549422072986503	0.0871033415398577	-0.117618344403225	-0.235053277266047	-0.769052267840966
-0.784702444619694	-0.151307687052698	-0.055924703480297	0.0856008388720212	-0.117383997644363	-0.231021636040616	-0.770246953071887
-0.784632229287909	-0.14874436382056	-0.0569069817860058	0.0840957585545334	-0.117141790460394	-0.226982944570316	-0.77142011345475
-0.784536037417057	-0.146176112393076	-0.0578890422157768	0.0825881005873943	-0.116891722851319	-0.222937202855146	-0.772571748989554
-0.784413869007139	-0.143602932770243	-0.05887088476961	0.081077864970604	-0.116633794817137	-0.218884410895105	-0.773701859676301
-0.784265724058153	-0.141024824952064	-0.0598525094475053	0.0795650517041624	-0.116368006357848	-0.214824568690195	-0.774810445514989
-0.7840916025701	-0.138441788938538	-0.0608339162494628	0.0780496607880696	-0.116094357473452	-0.210757676240416	-0.77589750650562
-0.78389150454298	-0.135853824729664	-0.0618151051754824	0.0765316922223254	-0.11581284816395	-0.206683733545766	-0.776963042648192
-0.783665429976793	-0.133260932325442	-0.0627960762255642	0.07501114600693	-0.115523478429341	-0.202602740606247	-0.778007053942707
-0.783413378871539	-0.130663111725874	-0.0637768293997081	0.0734880221418833	-0.115226248269625	-0.198514697421858	-0.779029540389163
-0.783135351227218	-0.128060362930958	-0.0647573646979142	0.0719623206271854	-0.114921157684802	-0.194419603992599	-0.780030501987561
-0.782831347043829	-0.125452685940695	-0.0657376821201825	0.0704340414628361	-0.114608206674873	-0.19031746031847	-0.781009938737902
-0.782501366321374	-0.122840080755085	-0.0667177816665128	0.0689031846488357	-0.114287395239837	-0.186208266399471	-0.781967850640184
-0.782145409059852	-0.120222547374128	-0.0676976633369054	0.0673697501851839	-0.113958723379694	-0.182092022235603	-0.782904237694408
-0.781763475259262	-0.117600085797823	-0.0686773271313601	0.0658337380718809	-0.113622191094444	-0.177968727826865	-0.783819099900574
-0.781355564919606	-0.114972696026171	-0.069656773049877	0.0642951483089266	-0.113277798384087	-0.173838383173256	-0.784712437258682
-0.780921678040882	-0.112340378059172	-0.070636001092456	0.062753980896321	-0.112925545248624	-0.169700988274779	-0.785584249768732
-0.780461814623091	-0.109703131896825	-0.0716150112590971	0.0612102358340641	-0.112565431688054	-0.165556543131431	-0.786434537430724
-0.779975974666234	-0.107060957539132	-0.0725938035498004	0.0596639131221561	-0.112197457702377	-0.161405047743213	-0.787263300244658
-0.779464158170309	-0.104413854986091	-0.0735723779645659	0.0581150127605967	-0.111821623291594	-0.157246502110126	-0.788070538210534
-0.778926365135317	-0.101761824237702	-0.0745507345033935	0.056563534749386	-0.111437928455703	-0.153080906232169	-0.788856251328351
-0.778362595561259	-0.0991048652939668	-0.0755288731662833	0.0550094790885241	-0.111046373194706	-0.148908260109342	-0.789620439598111
-0.777772849448133	-0.096442978154884	-0.0765067939532351	0.053452845778011	-0.110646957508602	-0.144728563741645	-0.790363103019813
-0.777157126795939	-0.093776162820454	-0.0774844968642492	0.0518936348178465	-0.110239681397392	-0.140541817129079	-0.791084241593457
-0.77651542760468	-0.0911044192906766	-0.0784619818993254	0.0503318462080307	-0.109824544861074	-0.136348020271643	-0.791783855319042
-0.775847751874352	-0.088427747565552	-0.0794392490584638	0.0487674799485637	-0.10940154789965	-0.132147173169336	-0.79246194419657
-0.775154099604958	-0.0857461476450802	-0.0804162983416643	0.0472005360394455	-0.108970690513119	-0.127939275822161	-0.793118508226039
-0.774434470796497	-0.0830596195292612	-0.081393129748927	0.045631014480676	-0.108531972701482	-0.123724328230115	-0.793753547407451
-0.773688865448969	-0.0803681632180948	-0.0823697432802519	0.0440589152722551	-0.108085394464737	-0.119502330393199	-0.794367061740804
-0.772917283562373	-0.0776717787115812	-0.0833461389356388	0.0424842384141831	-0.107630955802886	-0.115273282311414	-0.7949590512261
-0.772119725136711	-0.0749704660097203	-0.084322316715088	0.0409069839064598	-0.107168656715928	-0.111037183984759	-0.795529515863337
-0.771296190171981	-0.0722642251125122	-0.0852982766185993	0.0393271517490851	-0.106698497203863	-0.106794035413234	-0.796078455652516
-0.770446678668185	-0.0695530560199567	-0.0862740186461727	0.0377447419420592	-0.106220477266692	-0.102543836596839	-0.796605870593637
-0.769571190625321	-0.0668369587320542	-0.0872495427978083	0.0361597544853821	-0.105734596904414	-0.0982865875355745	-0.797111760686701
-0.76866972604339	-0.0641159332488042	-0.088224849073506	0.0345721893790537	-0.105240856117029	-0.09402228822944	-0.797596125931706
-0.767742284922392	-0.0613899795702071	-0.089199937473266	0.032982046623074	-0.104739254904537	-0.0897509386784357	-0.798058966328653
-0.766788867262328	-0.0586590976962627	-0.090174807997088	0.0313893262174431	-0.104229793266938	-0.0854725388825618	-0.798500281877542
-0.765809473063196	-0.055923287626971	-0.0911494606449722	0.0297940281621608	-0.103712471204233	-0.0811870888418179	-0.798920072578373
-0.764804102324997	-0.053182549362332	-0.0921238954169186	0.0281961524572273	-0.103187288716421	-0.0768945885562043	-0.799318338431146
-0.763772755047731	-0.0504368829023457	-0.0930981123129271	0.0265956991026425	-0.102654245803502	-0.0725950380257208	-0.799695079435861
-0.762715431231398	-0.0476862882470124	-0.0940721113329977	0.0249926680984065	-0.102113342465476	-0.0682884372503676	-0.800050295592518
-0.761632130875998	-0.0449307653963316	-0.0950458924771306	0.0233870594445192	-0.101564578702344	-0.0639747862301445	-0.800383986901116
-0.76052285398153	-0.0421703143503036	-0.0960194557453255	0.0217788731409806	-0.101007954514105	-0.0596540849650516	-0.800696153361657
-0.759387600547996	-0.0394049351089283	-0.0969928011375827	0.0201681091877907	-0.100443469900759	-0.0553263334550889	-0.80098679497414
-0.758226370575395	-0.0366346276722059	-0.0979659286539019	0.0185547675849497	-0.0998711248623064	-0.0509915317002565	-0.801255911738564
-0.757039164063726	-0.0338593920401362	-0.0989388382942833	0.0169388483324573	-0.0992909193987469	-0.0466496797005543	-0.801503503654931
-0.755825981012991	-0.0310792282127191	-0.0999115300587269	0.0153203514303136	-0.0987028535100807	-0.0423007774559821	-0.801729570723239
-0.754586821423188	-0.0282941361899548	-0.100884003947233	0.0136992768785187	-0.0981069271963078	-0.0379448249665403	-0.80193411294349
-0.753321685294319	-0.0255041159718432	-0.101856259959801	0.0120756246770725	-0.097503140457428	-0.0335818222322285	-0.802117130315682
-0.752030572626382	-0.0227091675583845	-0.102828298096431	0.0104493948259751	-0.0968914932934415	-0.029211769253047	-0.802278622839817
-0.750713483419378	-0.0199092909495784	-0.103800118357123	0.0088205873252263	-0.0962719857043483	-0.0248346660289956	-0.802418590515893
-0.749370417673307	-0.0171044861454251	-0.104771720741877	0.0071892021748263	-0.0956446176901483	-0.0204505125600744	-0.802537033343912
-0.74800137538817	-0.0142947531459244	-0.105743105250694	0.00555523937477499	-0.0950093892508415	-0.0160593088462835	-0.802633951323872
-0.746606356563965	-0.0114800919510767	-0.106714271883572	0.0039186989250725	-0.094366300386428	-0.0116610548876228	-0.802709344455774
-0.745185361200693	-0.00866050256088151	-0.107685220640513	0.00227958082571865	-0.0937153510969077	-0.00725575068409218	-0.802763212739618
-0.743738389298354	-0.00583598497533908	-0.108655951521516	0.000637885076713571	-0.0930565413822806	-0.00284339623569171	-0.802795556175404
-0.742265440856948	-0.00300653919444956	-0.109626464526581	-0.00100638832194273	-0.0923898712425467	0.00157600845757824	-0.802806374763132
-0.740766515876474	-0.000172165218212658	-0.110596759655708	-0.00265323937025039	-0.0917153406777061	0.00600246339571833	-0.802795668502802
-0.739241614356934	0.00266713695337154	-0.111566836908898	-0.00430266806820931	-0.0910329496877588	0.0104359685787282	-0.802763437394415
-0.737690736298327	0.00551136732030302	-0.112536696286149	-0.00595467441581948	-0.0903426982727046	0.0148765240066079	-0.802709681437968
-0.736113881700653	0.00836052588258157	-0.113506337787463	-0.00760925841308085	-0.0896445864325437	0.0193241296793572	-0.802634400633464
-0.734511050563911	0.0112146126402075	-0.114475761412839	-0.00926642005999359	-0.0889386141672761	0.0237787855969764	-0.802537594980902
-0.732882242888103	0.0140736275931808	-0.115444967162277	-0.0109261593565576	-0.0882247814769016	0.0282404917594655	-0.802419264480282
-0.731227458673227	0.0169375707415011	-0.116413955035777	-0.0125884763027728	-0.0875030883614205	0.0327092481668243	-0.802279409131604
-0.729546697919284	0.0198064420851689	-0.117382725033339	-0.0142533708986393	-0.0867735348208325	0.037185054819053	-0.802118028934867
-0.727839960626275	0.0226802416241839	-0.118351277154964	-0.0159208431441571	-0.0860361208551378	0.0416679117161515	-0.801935123890073
-0.726107246794198	0.0255589693585461	-0.119319611400651	-0.0175908930393262	-0.0852908464643363	0.0461578188581198	-0.801730693997221
-0.724348556423054	0.0284426252882555	-0.120287727770399	-0.0192635205841464	-0.0845377116484281	0.0506547762449578	-0.80150473925631
-0.722563889512843	0.0313312094133123	-0.12125562626421	-0.0209387257786181	-0.083776716407413	0.0551587838766657	-0.801257259667342
-0.720753246063565	0.0342247217337164	-0.122223306882083	-0.0226165086227409	-0.0830078607412913	0.0596698417532435	-0.800988255230315
-0.71891662607522	0.0371231622494676	-0.123190769624019	-0.0242968691165151	-0.0822311446500627	0.0641879498746911	-0.800697725945231
-0.717054029547808	0.0400265309605661	-0.124158014490016	-0.0259798072599405	-0.0814465681337274	0.0687131082410082	-0.800385671812088
-0.715165456481329	0.0429348278670119	-0.125125041480076	-0.0276653230530171	-0.0806541311922854	0.0732453168521954	-0.800052092830887
-0.713250906875783	0.045848052968805	-0.126091850594197	-0.0293534164957451	-0.0798538338257365	0.0777845757082524	-0.799696989001628
-0.71131038073117	0.0487662062659453	-0.127058441832381	-0.0310440875881243	-0.0790456760340809	0.0823308848091792	-0.799320360324312
-0.709343878047489	0.0516892877584328	-0.128024815194627	-0.0327373363301547	-0.0782296578173186	0.0868842441549756	-0.798922206798937
-0.707351398824742	0.0546172974462677	-0.128990970680935	-0.0344331627218365	-0.0774057791754494	0.091444653745642	-0.798502528425504
-0.705332943062927	0.0575502353294497	-0.129956908291306	-0.0361315667631695	-0.0765740401084735	0.0960121135811781	-0.798061325204013
-0.703288510762046	0.0604881014079791	-0.130922628025738	-0.0378325484541538	-0.0757344406163909	0.100586623661584	-0.797598597134464
-0.701218101922098	0.0634308956818557	-0.131888129884233	-0.0395361077947894	-0.0748869806992015	0.10516818398686	-0.797114344216857
-0.699121716543082	0.0663786181510796	-0.132853413866789	-0.0412422447850762	-0.0740316603569053	0.109756794557006	-0.796608566451192
-0.696999354624999	0.0693312688156508	-0.133818479973408	-0.0429509594250143	-0.0731684795895024	0.114352455372021	-0.796081263837469
-0.694851016167849	0.0722888476755692	-0.134783328204089	-0.0446622517146037	-0.0722974383969926	0.118955166431906	-0.795532436375688
-0.692676701171632	0.0752513547308348	-0.135747958558833	-0.0463761216538443	-0.0714185367793762	0.123564927736661	-0.794962084065849
-0.690476409636349	0.0782187899814477	-0.136712371037638	-0.0480925692427362	-0.0705317747366529	0.128181739286286	-0.794370206907951
-0.688250141561997	0.0811911534274078	-0.137676565640506	-0.0498115944812794	-0.0696371522688229	0.132805601080781	-0.793756804901996
-0.68599789694858	0.0841684450687152	-0.138640542367435	-0.0515331973694738	-0.0687346693758861	0.137436513120145	-0.793121878047983
-0.683719675796094	0.08715066490537	-0.139604301218427	-0.0532573779073196	-0.0678243260578426	0.142074475404379	-0.792465426345911
-0.681415478104542	0.0901378129373719	-0.140567842193481	-0.0549841360948166	-0.0669061223146923	0.146719487933484	-0.791787449795782
-0.679085303873923	0.0931298891647212	-0.141531165292597	-0.0567134719319648	-0.0659800581464352	0.151371550707457	-0.791087948397594
-0.676729153104237	0.0961268935874175	-0.142494270515776	-0.0584453854187643	-0.0650461335530714	0.156030663726301	-0.790366922151349
-0.674347025795483	0.0991288262054613	-0.143457157863016	-0.0601798765552151	-0.0641043485346008	0.160696826990015	-0.789624371057045
-0.671938921947663	0.102135687018852	-0.144419827334319	-0.0619169453413171	-0.0631547030910235	0.165370040498598	-0.788860295114684
-0.669504841560776	0.105147476027591	-0.145382278929683	-0.0636565917770705	-0.0621971972223394	0.170050304252051	-0.788074694324264
-0.667044784634821	0.108164193231676	-0.14634451264911	-0.0653988158624751	-0.0612318309285485	0.174737618250374	-0.787267568685786
-0.664558751169799	0.111185838631109	-0.147306528492599	-0.067143617597531	-0.0602586042096507	0.179431982493567	-0.78643891819925
-0.662046741165711	0.114212412225889	-0.14826832646015	-0.0688909969822382	-0.0592775170656464	0.184133396981629	-0.785588742864657
-0.659508754622555	0.117243914016016	-0.149229906551764	-0.0706409540165966	-0.0582885694965352	0.188841861714561	-0.784717042682005
-0.656944791540332	0.120280344001491	-0.150191268767439	-0.0723934887006062	-0.0572917615023172	0.193557376692364	-0.783823817651295
-0.654354851919043	0.123321702182312	-0.151152413107177	-0.0741486010342671	-0.0562870930829926	0.198279941915035	-0.782909067772527
-0.651738935758686	0.126367988558481	-0.152113339570977	-0.0759062910175794	-0.0552745642385611	0.203009557382577	-0.781972793045701
-0.649097043059262	0.129419203129998	-0.153074048158839	-0.0776665586505429	-0.0542541749690229	0.207746223094989	-0.781014993470817
-0.646429173820771	0.132475345896861	-0.154034538870763	-0.0794294039331577	-0.0532259252743779	0.21248993905227	-0.780035669047875
-0.643735328043213	0.135536416859072	-0.154994811706749	-0.0811948268654237	-0.0521898151546261	0.217240705254422	-0.779034819776875
-0.641015505726587	0.138602416016631	-0.155954866666798	-0.0829628274473411	-0.0511458446097676	0.221998521701443	-0.778012445657816
-0.638269706870895	0.141673343369536	-0.156914703750908	-0.0847334056789096	-0.0500940136398023	0.226763388393333	-0.7769685466907
-0.635497931476136	0.144749198917788	-0.157874322959081	-0.0865065615601294	-0.0490343222447303	0.231535305330094	-0.775903122875526
-0.63270017954231	0.147829982661388	-0.158833724291316	-0.0882822950910004	-0.0479667704245514	0.236314272511724	-0.774816174212294
-0.629876451069416	0.150915694600335	-0.159792907747613	-0.0900606062715229	-0.0468913581792658	0.241100289938224	-0.773707700701003
-0.627026746057455	0.15400633473463	-0.160751873327972	-0.0918414951016965	-0.0458080855088734	0.245893357609595	-0.772577702341655
-0.624151064506428	0.157101903064272	-0.161710621032393	-0.0936249615815215	-0.0447169524133744	0.250693475525834	-0.771426179134248
-0.621249406416333	0.160202399589261	-0.162669150860877	-0.0954110057109977	-0.0436179588927684	0.255500643686944	-0.770253131078784
-0.618321771787172	0.163307824309597	-0.163627462813423	-0.0971996274901251	-0.0425111049470558	0.260314862092924	-0.769058558175261
-0.615368160618943	0.16641817722528	-0.16458555689003	-0.0989908269189039	-0.0413963905762365	0.265136130743773	-0.76784246042368
-0.612388572911647	0.169533458336311	-0.1655434330907	-0.100784603997334	-0.0402738157803103	0.269964449639492	-0.766604837824042
-0.609383008665284	0.172653667642689	-0.166501091415432	-0.102580958725415	-0.0391433805592774	0.274799818780081	-0.765345690376345
-0.606351467879854	0.175778805144414	-0.167458531864227	-0.104379891103148	-0.0380050849131376	0.27964223816554	-0.76406501808059
-0.603293950555357	0.178908870841487	-0.168415754437083	-0.106181401130531	-0.0368589288418911	0.284491707795868	-0.762762820936777
-0.600210456691793	0.182043864733906	-0.169372759134002	-0.107985488807567	-0.0357049123455379	0.289348227671066	-0.761439098944906
-0.597100986289162	0.185183786821673	-0.170329545954982	-0.109792154134253	-0.0345430354240779	0.294211797791134	-0.760093852104978
-0.593965539347464	0.188328637104788	-0.171286114900025	-0.111601397110591	-0.0333732980775112	0.299082418156072	-0.758727080416991
-0.590804115866699	0.191478415583249	-0.17224246596913	-0.113413217736579	-0.0321957003058377	0.30396008876588	-0.757338783880946
-0.587616715846866	0.194633122257058	-0.173198599162298	-0.11522761601222	-0.0310102421090574	0.308844809620558	-0.755928962496843
-0.584403339287967	0.197792757126214	-0.174154514479527	-0.117044591937511	-0.0298169234871704	0.313736580720105	-0.754497616264681
-0.581163986190001	0.200957320190717	-0.175110211920818	-0.118864145512454	-0.0286157444401765	0.318635402064522	-0.753044745184462
-0.577898656552967	0.204126811450568	-0.176065691486172	-0.120686276737048	-0.027406704968076	0.323541273653809	-0.751570349256185
-0.574607350376866	0.207301230905766	-0.177020953175588	-0.122510985611293	-0.0261898050708686	0.328454195487966	-0.75007442847985
-0.571290067661699	0.210480578556311	-0.177975996989066	-0.124338272135189	-0.0249650447485545	0.333374167566993	-0.748556982855456
-0.567946808407464	0.213664854402203	-0.178930822926606	-0.126168136308737	-0.0237324240011337	0.338301189890889	-0.747018012383005
-0.564577572614162	0.216854058443443	-0.179885430988208	-0.128000578131936	-0.022491942828606	0.343235262459655	-0.745457517062496
-0.561182360281794	0.22004819068003	-0.180839821173872	-0.129835597604787	-0.0212436012309715	0.348176385273291	-0.743875496893928
-0.557761171410358	0.223247251111964	-0.181793993483599	-0.131673194727288	-0.0199873992082304	0.353124558331797	-0.742271951877303
-0.554314005999855	0.226451239739245	-0.182747947917388	-0.133513369499441	-0.0187233367603825	0.358079781635173	-0.740646882012619
-0.550840864050285	0.229660156561874	-0.183701684475239	-0.135356121921245	-0.0174514138874277	0.363042055183418	-0.739000287299878
-0.547341745561648	0.23287400157985	-0.184655203157152	-0.1372014519927	-0.0161716305893663	0.368011378976533	-0.737332167739078
-0.543816650533944	0.236092774793173	-0.185608503963127	-0.139049359713807	-0.0148839868661981	0.372987753014519	-0.735642523330221
-0.540265578967172	0.239316476201843	-0.186561586893164	-0.140899845084565	-0.0135884827179231	0.377971177297373	-0.733931354073305
-0.536688530861334	0.242545105805861	-0.187514451947264	-0.142752908104974	-0.0122851181445414	0.382961651825098	-0.732198659968331
-0.533085506216429	0.245778663605226	-0.188467099125425	-0.144608548775035	-0.0109738931460528	0.387959176597693	-0.730444441015299
-0.529456505032456	0.249017149599938	-0.189419528427649	-0.146466767094746	-0.00965480772245747	0.392963751615157	-0.728668697214209
-0.525801527309417	0.252260563789998	-0.190371739853935	-0.148327563064109	-0.00832786187375545	0.397975376877491	-0.726871428565061
-0.52212057304731	0.255508906175404	-0.191323733404283	-0.150190936683124	-0.00699305559994667	0.402994052384695	-0.725052635067855
-0.518413642246137	0.258762176756158	-0.192275509078693	-0.152056887951789	-0.00565038890103109	0.408019778136769	-0.723212316722591
-0.514680734905896	0.262020375532259	-0.193227066877166	-0.153925416870106	-0.00429986177700886	0.413052554133712	-0.72135047352927
-0.510921851026588	0.265283502503708	-0.1941784067997	-0.155796523438074	-0.00294147422787966	0.418092380375525	-0.719467105487889
-0.507136990608214	0.268551557670504	-0.195129528846297	-0.157670207655694	-0.00157522625364381	0.423139256862209	-0.717562212598451
-0.503326153650772	0.271824541032647	-0.196080433016956	-0.159546469522964	-0.000201117854301214	0.428193183593762	-0.715635794860955
-0.499489340154263	0.275102452590137	-0.197031119311677	-0.161425309039886	0.0011808509701482	0.433254160570184	-0.713687852275401
-0.495626550118687	0.278385292342975	-0.19798158773046	-0.163306726206459	0.00257068021970436	0.438322187791477	-0.711718384841788
-0.491737783544044	0.281673060291159	-0.198931838273305	-0.165190721022684	0.00396836989436722	0.443397265257639	-0.709727392560118
-0.487823040430334	0.284965756434691	-0.199881870940213	-0.167077293488559	0.00537391999413694	0.448479392968671	-0.707714875430389
-0.483882320777557	0.288263380773571	-0.200831685731182	-0.168966443604086	0.00678733051901337	0.453568570924573	-0.705680833452603
-0.479915624585712	0.291565933307797	-0.201781282646214	-0.170858171369265	0.00820860146899666	0.458664799125345	-0.703625266626758
-0.475922951854801	0.294873414037371	-0.202730661685308	-0.172752476784094	0.00963773284408664	0.463768077570987	-0.701548174952856
-0.471904302584823	0.298185822962292	-0.203679822848464	-0.174649359848575	0.0110747246442834	0.468878406261499	-0.699449558430896
-0.467859676775777	0.301503160082561	-0.204628766135682	-0.176548820562707	0.0125195768695869	0.47399578519688	-0.697329417060877
-0.463789074427665	0.304825425398176	-0.205577491546962	-0.17845085892649	0.0139722895199971	0.479120214377131	-0.6951877508428
-0.459692495540485	0.308152618909139	-0.206525999082305	-0.180355474939925	0.0154328625955142	0.484251693802252	-0.693024559776665
-0.455569940114239	0.311484740615449	-0.20747428874171	-0.182262668603011	0.0169012960961379	0.489390223472242	-0.690839843862473
-0.451421408148925	0.314821790517107	-0.208422360525177	-0.184172439915748	0.0183775900218685	0.494535803387103	-0.688633603100222
-0.447246899644544	0.318163768614111	-0.209370214432705	-0.186084788878136	0.0198617443727059	0.499688433546833	-0.686405837489913
-0.443046414601097	0.321510674906463	-0.210317850464297	-0.187999715490176	0.02135375914865	0.504848113951433	-0.684156547031546
-0.438819953018581	0.324862509394163	-0.21126526861995	-0.189917219751867	0.0228536343497009	0.510014844600903	-0.681885731725121
-0.434567514897	0.328219272077209	-0.212212468899665	-0.191837301663209	0.0243613699758585	0.515188625495243	-0.679593391570638
-0.430289100236351	0.331580962955603	-0.213159451303443	-0.193759961224203	0.0258769660271229	0.520369456634452	-0.677279526568097
-0.425984709036635	0.334947582029344	-0.214106215831283	-0.195685198434847	0.027400422503494	0.525557338018531	-0.674944136717498
-0.421654341297852	0.338319129298432	-0.215052762483185	-0.197613013295143	0.028931739404972	0.530752269647481	-0.672587222018841
-0.417297997020001	0.341695604762867	-0.215999091259149	-0.199543405805091	0.0304709167315566	0.5359542515213	-0.670208782472125
-0.412915676203084	0.34507700842265	-0.216945202159175	-0.201476375964689	0.0320179544832481	0.541163283639988	-0.667808818077352
-0.4085073788471	0.34846334027778	-0.217891095183263	-0.203411923773939	0.0335728526600463	0.546379366003547	-0.665387328834521
-0.404073104952048	0.351854600328257	-0.218836770331414	-0.20535004923284	0.0351356112619512	0.551602498611975	-0.662944314743632
-0.39961285451793	0.355250788574082	-0.219782227603626	-0.207290752341393	0.036706230288963	0.556832681465273	-0.660479775804684
-0.395126627544744	0.358651905015254	-0.220727466999901	-0.209234033099596	0.0382847097410815	0.562069914563441	-0.657993712017679
-0.390614424032492	0.362057949651773	-0.221672488520238	-0.211179891507451	0.0398710496183067	0.567314197906479	-0.655486123382615
-0.386076243981172	0.365468922483639	-0.222617292164637	-0.213128327564957	0.0414652499206388	0.572565531494387	-0.652957009899494
-0.381512087390786	0.368884823510853	-0.223561877933098	-0.215079341272115	0.0430673106480776	0.577823915327164	-0.650406371568314
-0.376921954261332	0.372305652733414	-0.224506245825622	-0.217032932628924	0.0446772318006232	0.583089349404811	-0.647834208389076
-0.372305844592811	0.375731410151322	-0.225450395842207	-0.218989101635383	0.0462950133782755	0.588361833727328	-0.645240520361781
-0.367663758385223	0.379162095764577	-0.226394327982855	-0.220947848291495	0.0479206553810346	0.593641368294715	-0.642625307486427
-0.362995695638568	0.38259770957318	-0.227338042247565	-0.222909172597257	0.0495541578089004	0.598927953106972	-0.639988569763015
-0.358301656352846	0.386038251577129	-0.228281538636337	-0.224873074552671	0.051195520661873	0.604221588164098	-0.637330307191545
-0.353581640528057	0.389483721776426	-0.229224817149171	-0.226839554157736	0.0528447439399524	0.609522273466095	-0.634650519772018
-0.348835648164201	0.392934120171071	-0.230167877786068	-0.228808611412452	0.0545018276431385	0.614830009012961	-0.631949207504432
-0.344063679261278	0.396389446761063	-0.231110720547026	-0.23078024631682	0.0561667717714315	0.620144794804697	-0.629226370388788
-0.339265733819287	0.399849701546402	-0.232053345432047	-0.232754458870839	0.0578395763248312	0.625466630841302	-0.626482008425086
-0.33444181183823	0.403314884527088	-0.23299575244113	-0.234731249074509	0.0595202413033376	0.630795517122778	-0.623716121613326
-0.329591913318106	0.406784995703121	-0.233937941574275	-0.236710616927831	0.0612087667069508	0.636131453649123	-0.620928709953508
-0.324716038258914	0.410260035074502	-0.234879912831482	-0.238692562430803	0.0629051525356707	0.641474440420338	-0.618119773445632
-0.319814186660656	0.41374000264123	-0.235821666212751	-0.240677085583427	0.0646093987894975	0.646824477436423	-0.615289312089697
-0.31488635852333	0.417224898403305	-0.236763201718082	-0.242664186385702	0.066321505468431	0.652181564697378	-0.612437325885705
-0.309932553846938	0.420714722360727	-0.237704519347476	-0.244653864837629	0.0680414725724713	0.657545702203202	-0.609563814833655
-0.304952772631478	0.424209474513497	-0.238645619100932	-0.246646120939207	0.0697693001016184	0.662916889953897	-0.606668778933546
-0.299947014876951	0.427709154861614	-0.239586500978449	-0.248640954690436	0.071504988055872	0.668295127949461	-0.60375221818538
-0.294915280583357	0.431213763405078	-0.240527164980029	-0.250638366091316	0.0732485364352325	0.673680416189895	-0.600814132589156
-0.289857569750696	0.43472330014389	-0.241467611105672	-0.252638355141848	0.0749999452397	0.679072754675199	-0.597854522144873
-0.284773882378969	0.438237765078049	-0.242407839355376	-0.25464092184203	0.076759214469274	0.684472143405372	-0.594873386852532
-0.279664218468174	0.441757158207555	-0.243347849729142	-0.256646066191864	0.0785263441239549	0.689878582380415	-0.591870726712134
-0.274528578018311	0.445281479532408	-0.244287642226971	-0.25865378819135	0.0803013342037425	0.695292071600329	-0.588846541723677
-0.269366961029382	0.448810729052608	-0.245227216848862	-0.260664087840487	0.0820841847086369	0.700712611065112	-0.585800831887163
-0.264179367501386	0.452344906768156	-0.246166573594815	-0.262676965139275	0.083874895638638	0.706140200774765	-0.58273359720259
-0.258965797434323	0.455884012679051	-0.24710571246483	-0.264692420087714	0.0856734669937459	0.711574840729287	-0.579644837669959
-0.253726250828193	0.459428046785294	-0.248044633458907	-0.266710452685804	0.0874798987739606	0.717016530928679	-0.576534553289271
-0.248460727682995	0.462977009086883	-0.248983336577046	-0.268731062933546	0.0892941909792819	0.722465271372942	-0.573402744060524
-0.24316922799873	0.46653089958382	-0.249921821819248	-0.270754250830939	0.0911163436097102	0.727921062062074	-0.570249409983718
-0.237851751775399	0.470089718276104	-0.250860089185512	-0.272780016377983	0.0929463566652452	0.733383902996076	-0.567074551058856
-0.232508299013	0.473653465163736	-0.251798138675838	-0.274808359574679	0.0947842301458869	0.738853794174947	-0.563878167285935
-0.227138869711535	0.477222140246714	-0.252735970290226	-0.276839280421026	0.0966299640516355	0.744330735598689	-0.560660258664955
-0.221743463871002	0.48079574352504	-0.253673584028676	-0.278872778917024	0.0984835583824907	0.7498147272673	-0.557420825195919
-0.216322081491402	0.484374274998713	-0.254610979891188	-0.280908855062673	0.100345013138453	0.755305769180781	-0.554159866878823
-0.210874722572735	0.487957734667734	-0.255548157877762	-0.282947508857974	0.102214328319522	0.760803861339132	-0.55087738371367
-0.205401387115001	0.491546122532101	-0.256485117988399	-0.284988740302926	0.104091503925697	0.766309003742353	-0.547573375700459
-0.1999020751182	0.495139438591816	-0.257421860223098	-0.287032549397529	0.105976539956979	0.771821196390443	-0.544247842839189
-0.194376786582333	0.498737682846878	-0.258358384581859	-0.289078936141783	0.107869436413368	0.777340439283404	-0.540900785129862
-0.188825521507398	0.502340855297288	-0.259294691064682	-0.291127900535689	0.109770193294864	0.782866732421234	-0.537532202572477
-0.183248279893395	0.505948955943045	-0.260230779671567	-0.293179442579246	0.111678810601467	0.788400075803934	-0.534142095167033
-0.177645061740326	0.509561984784148	-0.261166650402514	-0.295233562272454	0.113595288333176	0.793940469431503	-0.530730462913532
-0.172015867048189	0.5131799418206	-0.262102303257524	-0.297290259615313	0.115519626489992	0.799487913303943	-0.527297305811972
-0.166360695816986	0.516802827052398	-0.263037738236596	-0.299349534607824	0.117451825071915	0.805042407421252	-0.523842623862355
-0.160679548046716	0.520430640479544	-0.26397295533973	-0.301411387249986	0.119391884078945	0.810603951783432	-0.520366417064679
-0.154972423737378	0.524063382102037	-0.264907954566926	-0.3034758175418	0.121339803511081	0.816172546390481	-0.516868685418945
-0.149239322888974	0.527701051919877	-0.265842735918184	-0.305542825483264	0.123295583368325	0.8217481912424	-0.513349428925153
-0.143480245501502	0.531343649933065	-0.266777299393504	-0.30761241107438	0.125259223650675	0.827330886339188	-0.509808647583304
-0.137695191574964	0.534991176141599	-0.267711644992886	-0.309684574315147	0.127230724358131	0.832920631680846	-0.506246341393396
-0.131884161109358	0.538643630545482	-0.268645772716331	-0.311759315205566	0.129210085490695	0.838517427267374	-0.50266251035543
-0.126047154104685	0.542301013144711	-0.269579682563838	-0.313836633745635	0.131197307048365	0.844121273098772	-0.499057154469406
-0.120184170560945	0.545963323939287	-0.270513374535407	-0.315916529935356	0.133192389031142	0.84973216917504	-0.495430273735324
-0.114295210478138	0.549630562929211	-0.271446848631038	-0.317999003774728	0.135195331439026	0.855350115496178	-0.491781868153184
-0.108380273856264	0.553302730114482	-0.272380104850731	-0.320084055263752	0.137206134272016	0.860975112062186	-0.488111937722986
-0.102439360695323	0.556979825495101	-0.273313143194486	-0.322171684402427	0.139224797530114	0.866607158873063	-0.48442048244473
-0.0964724709953146	0.560661849071067	-0.274245963662304	-0.324261891190753	0.141251321213318	0.87224625592881	-0.480707502318416
-0.09047960475624	0.564348800842379	-0.275178566254183	-0.32635467562873	0.143285705321628	0.877892403229427	-0.476972997344044
-0.0844607619780975	0.568040680809039	-0.276110950970125	-0.328450037716359	0.145327949855046	0.883545600774913	-0.473216967521613
-0.0784159426608881	0.571737488971047	-0.277043117810129	-0.330547977453638	0.147378054813571	0.88920584856527	-0.469439412851125
-0.0723451468046119	0.575439225328402	-0.277975066774195	-0.332648494840569	0.149436020197202	0.894873146600496	-0.465640333332579
-0.0662483744092683	0.579145889881103	-0.278906797862324	-0.334751589877152	0.151501846005939	0.900547494880592	-0.461819728965974
-0.0601256254748579	0.582857482629152	-0.279838311074514	-0.336857262563386	0.153575532239784	0.906228893405558	-0.457977599751312
-0.0539769000013801	0.586574003572549	-0.280769606410767	-0.33896551289927	0.155657078898736	0.911917342175394	-0.454113945688591
-0.0478021979888359	0.590295452711292	-0.281700683871081	-0.341076340884806	0.157746485982794	0.917612841190099	-0.450228766777813
-0.0416015194372239	0.594021830045383	-0.282631543455458	-0.343189746519994	0.159843753491959	0.923315390449675	-0.446322063018977
-0.035374864346545	0.597753135574822	-0.283562185163897	-0.345305729804833	0.16194888142623	0.92902498995412	-0.442393834412081
-0.0291222327167997	0.601489369299607	-0.284492608996398	-0.347424290739323	0.164061869785609	0.934741639703435	-0.438444080957129
-0.0228436245479862	0.60523053121974	-0.285422814952962	-0.349545429323464	0.166182718570094	0.94046533969762	-0.434472802654118
-0.0165390398401062	0.60897662133522	-0.286352803033587	-0.351669145557256	0.168311427779686	0.946196089936675	-0.430479999503049
-0.0102084785931593	0.612727639646047	-0.287282573238275	-0.3537954394407	0.170447997414385	0.951933890420599	-0.426465671503923
-0.00385194080714468	0.616483586152222	-0.288212125567025	-0.355924310973795	0.172592427474191	0.957678741149393	-0.422429818656738
0.00253057351793595	0.620244460853743	-0.289141460019837	-0.358055760156542	0.174744717959103	0.963430642123057	-0.418372440961495
0.00893906438208392	0.624010263750612	-0.290070576596711	-0.360189786988939	0.176904868869122	0.969189593341591	-0.414293538418194
0.0153735317852992	0.627780994842829	-0.290999475297647	-0.362326391470988	0.179072880204248	0.974955594804994	-0.410193111026835
0.0218339757275814	0.631556654130392	-0.291928156122645	-0.364465573602688	0.18124875196448	0.980728646513268	-0.406071158787418
0.0283203962089313	0.635337241613303	-0.292856619071706	-0.36660733338404	0.18343248414982	0.986508748466411	-0.401927681699943
0.0348327932293477	0.639122757291561	-0.293784864144829	-0.368751670815042	0.185624076760266	0.992295900664424	-0.39776267976441
0.0413711667888315	0.642913201165167	-0.294712891342014	-0.370898585895696	0.187823529795819	0.998090103107307	-0.393576152980818
0.0479355168873812	0.646708573234119	-0.295640700663261	-0.373048078626001	0.190030843256478	1.00389135579506	-0.389368101349169
0.0545258435249991	0.650508873498419	-0.29656829210857	-0.375200149005958	0.192246017142245	1.00969965872768	-0.385138524869462
0.0611421467016839	0.654314101958066	-0.297495665677941	-0.377354797035566	0.194469051453118	1.01551501190517	-0.380887423541697
0.0677844264174357	0.65812425861306	-0.298422821371375	-0.379512022714825	0.196699946189098	1.02133741532754	-0.376614797365873
0.074383313767065	0.661874933677131	-0.299328180488239	-0.381635135639558	0.198907511875418	1.02706793619409	-0.372347578037022
0.0808699004881598	0.665502298331354	-0.300190376451379	-0.38368777786067	0.201060802776481	1.03260853748832	-0.368112615940081
0.0872448775448861	0.669007224026754	-0.301009727446011	-0.385670448060788	0.203160184501041	1.03796056288652	-0.363909789109908
0.09350893590141	0.672390582214353	-0.30178655165735	-0.387583644922538	0.205206022657852	1.04312535606495	-0.359738975581361
0.0996627665218975	0.675653244345174	-0.302521167270612	-0.389427867128545	0.207198682855667	1.0481042606999	-0.355600053389301
0.105707060370515	0.67879608187024	-0.303213892471011	-0.391203613361436	0.20913853070324	1.05289862046764	-0.351492900568584
0.111642508411428	0.681819966240573	-0.303865045443762	-0.392911382303835	0.211025931809324	1.05750977904444	-0.347417395154071
0.117469801608803	0.684725768907197	-0.304474944374083	-0.394551672638369	0.212861251782674	1.06193908010658	-0.34337341518062
0.123189630926806	0.687514361321135	-0.305043907447186	-0.396124983047664	0.214644856232043	1.06618786733033	-0.33936083868309
0.128802687329603	0.690186614933408	-0.305572252848289	-0.397631812214346	0.216377110766185	1.07025748439198	-0.33537954369634
0.13430966178136	0.692743401195041	-0.306060298762606	-0.39907265882104	0.218058380993854	1.07414927496778	-0.331429408255228
0.139711245246243	0.695185591557056	-0.306508363375353	-0.400448021550372	0.219689032523803	1.07786458273403	-0.327510310394613
0.145008128688419	0.697514057470476	-0.306916764871744	-0.401758399084968	0.221269430964786	1.08140475136699	-0.323622128149354
0.150201003072053	0.699729670386323	-0.307285821436996	-0.403004290107454	0.222799941925557	1.08477112454294	-0.31976473955431
0.155290559361311	0.701833301755622	-0.307615851256323	-0.404186193300456	0.22428093101487	1.08796504593816	-0.31593802264434
0.16027748852036	0.703825823029393	-0.307907172514942	-0.405304607346599	0.225712763841478	1.09098785922892	-0.312141855454302
0.165162481513366	0.705708105658662	-0.308160103398067	-0.40636003092851	0.227095806014135	1.09384090809149	-0.308376116019055
0.169946229304494	0.707481021094449	-0.308374962090913	-0.407352962728814	0.228430423141594	1.09652553620216	-0.304640682373458
0.174629422857911	0.709145440787779	-0.308552066778697	-0.408283901430137	0.22971698083261	1.09904308723719	-0.30093543255237
0.179212753137782	0.710702236189673	-0.308691735646633	-0.409153345715106	0.230955844695937	1.10139490487287	-0.297260244590649
0.183696911108275	0.712152278751156	-0.308794286879936	-0.409961794266344	0.232147380340327	1.10358233278546	-0.293614996523155
0.188082587733554	0.713496439923249	-0.308860038663823	-0.41070974576648	0.233291953374535	1.10560671465124	-0.289999566384746
0.192370473977787	0.714735591156976	-0.308889309183507	-0.411397698898138	0.234389929407315	1.1074693941465	-0.286413832210281
0.196561260805138	0.715870603903359	-0.308882416624206	-0.412026152343944	0.235441674047419	1.10917171494749	-0.282857672034618
0.200655639179775	0.716902349613421	-0.308839679171133	-0.412595604786524	0.236447552903603	1.1107150207305	-0.279330963892617
0.204654300065863	0.717831699738186	-0.308761415009505	-0.413106554908505	0.237407931584619	1.11210065517181	-0.275833585819137
0.208557934427569	0.718659525728676	-0.308647942324537	-0.413559501392511	0.238323175699221	1.11332996194769	-0.272365415849035
0.212367233229057	0.719386699035914	-0.308499579301444	-0.413954942921168	0.239193650856164	1.11440428473441	-0.268926332017171
0.216082887434496	0.720014091110923	-0.308316644125441	-0.414293378177103	0.2400197226642	1.11532496720825	-0.265516212358404
0.21970558800805	0.720542573404726	-0.308099454981743	-0.414575305842942	0.240801756732084	1.11609335304548	-0.262134934907592
0.223236025913885	0.720973017368345	-0.307848330055567	-0.41480122460131	0.24154011866857	1.11671078592239	-0.258782377699595
0.226674892116168	0.721306294452803	-0.307563587532127	-0.414971633134832	0.24223517408241	1.11717860951524	-0.255458418769271
0.230022877579065	0.721543276109124	-0.307245545596639	-0.415087030126135	0.242887288582359	1.11749816750031	-0.252162936151478
0.233280673266742	0.72168483378833	-0.306894522434318	-0.415147914257845	0.24349682777717	1.11767080355387	-0.248895807881076
0.236448970143365	0.721731838941445	-0.30651083623038	-0.415154784212588	0.244064157275598	1.11769786135221	-0.245656911992924
0.2395284591731	0.72168516301949	-0.306094805170039	-0.415108138672989	0.244589642686396	1.11758068457159	-0.24244612652188
0.242519831320113	0.721545677473489	-0.305646747438511	-0.415008476321674	0.245073649618317	1.1173206168883	-0.239263329502802
0.24542377754857	0.721314253754464	-0.305166981221011	-0.414856295841269	0.245516543680116	1.1169190019786	-0.236108398970551
0.248240988822637	0.720991763313439	-0.304655824702756	-0.414652095914399	0.245918690480546	1.11637718351877	-0.232981212959984
0.250972156106481	0.720579077601437	-0.304113596068959	-0.414396375223692	0.246280455628361	1.1156965051851	-0.229881649505961
0.253617970364267	0.72007706806948	-0.303540613504837	-0.414089632451772	0.246602204732314	1.11487831065384	-0.226809586643339
0.256179122560162	0.719486606168591	-0.302937195195605	-0.413732366281265	0.24688430340116	1.11392394360128	-0.223764902406979
0.258656303658331	0.718808563349793	-0.302303659326477	-0.413325075394798	0.247127117243652	1.1128347477037	-0.220747474831738
0.261050204622941	0.718043811064109	-0.30164032408267	-0.412868258474995	0.247331011868543	1.11161206663736	-0.217757181952476
0.263361516418157	0.717193220762562	-0.300947507649399	-0.412362414204483	0.247496352884588	1.11025724407855	-0.214793901804051
0.265590930008146	0.716257663896174	-0.300225528211879	-0.411808041265888	0.247623505900541	1.10877162370353	-0.211857512421323
0.267739136357074	0.715238011915969	-0.299474703955326	-0.411205638341836	0.247712836525154	1.1071565491886	-0.208947891839149
0.269806826429107	0.71413513627297	-0.298695353064954	-0.410555704114952	0.247764710367183	1.10541336421001	-0.206064918092389
0.271794691188411	0.712949908418198	-0.29788779372598	-0.409858737267862	0.247779493035379	1.10354341244404	-0.203208469215901
0.273703421599153	0.711683199802678	-0.297052344123618	-0.409115236483192	0.247757550138498	1.10154803756698	-0.200378423244545
0.275533708625497	0.710335881877432	-0.296189322443083	-0.408325700443568	0.247699247285293	1.09942858325509	-0.197574658213179
0.27728624323161	0.708908826093482	-0.295299046869592	-0.407490627831616	0.247604950084517	1.09718639318465	-0.194797052156661
0.278961716381659	0.707402903901853	-0.29438183558836	-0.406610517329962	0.247475024144925	1.09482281103194	-0.192045483109852
0.280560819039809	0.705818986753566	-0.293438006784601	-0.40568586762123	0.24730983507527	1.09233918047323	-0.189319829107608
0.282084242170227	0.704157946099644	-0.292467878643531	-0.404717177388048	0.247109748484306	1.08973684518479	-0.18661996818479
0.283532676737078	0.702420653391111	-0.291471769350366	-0.403704945313041	0.246875129980786	1.08701714884291	-0.183945778376256
0.284906813704529	0.700607980078989	-0.29044999709032	-0.402649670078835	0.246606345173465	1.08418143512385	-0.181297137716865
0.286207344036746	0.698720797614301	-0.28940288004861	-0.401551850368056	0.246303759671096	1.0812310477039	-0.178673924241476
0.287434958697894	0.69675997744807	-0.28833073641045	-0.400411984863329	0.245967739082433	1.07816733025932	-0.176076015984946
0.28859034865214	0.694726391031319	-0.287233884361057	-0.399230572247281	0.245598649016229	1.0749916264664	-0.173503290982137
0.28967420486365	0.692620909815071	-0.286112642085644	-0.398008111202537	0.245196855081238	1.0717052800014	-0.170955627267905
0.29068721829659	0.690444405250348	-0.284967327769428	-0.396745100411723	0.244762722886215	1.06830963454061	-0.168432902877109
0.291630079915126	0.688197748788174	-0.283798259597624	-0.395442038557464	0.244296618039912	1.0648060337603	-0.16593499584461
0.292503480683425	0.685881811879571	-0.282605755755447	-0.394099424322388	0.243798906151083	1.06119582133674	-0.163461784205264
0.293308111565651	0.683497465975562	-0.281390134428112	-0.392717756389119	0.243269952828483	1.05748034094621	-0.161013145993932
0.294044663525972	0.681045582527171	-0.280151713800835	-0.391297533440284	0.242710123680865	1.05366093626499	-0.158588959245472
0.294713827528553	0.678527032985419	-0.278890812058832	-0.389839254158508	0.242119784316982	1.04973895096934	-0.156189101994743
0.295316294537561	0.67594268880133	-0.277607747387317	-0.388343417226417	0.241499300345589	1.04571572873555	-0.153813452276603
0.295852755517161	0.673293421425927	-0.276302837971506	-0.386810521326637	0.240849037375439	1.04159261323989	-0.151461888125911
0.296323901431519	0.670580102310233	-0.274976401996614	-0.385241065141794	0.240169361015285	1.03737094815863	-0.149134287577527
0.296730423244803	0.667803602905269	-0.273628757647857	-0.383635547354513	0.239460636873883	1.03305207716806	-0.146830528666308
0.297073011921177	0.66496479466206	-0.27226022311045	-0.381994466647421	0.238723230559984	1.02863734394444	-0.144550489427114
0.297352358424808	0.662064549031628	-0.270871116569607	-0.380318321703143	0.237957507682344	1.02412809216406	-0.142294047894804
0.297569153719862	0.659103737464997	-0.269461756210546	-0.378607611204306	0.237163833849715	1.01952566550318	-0.140061082104235
0.297724088770505	0.656083231413188	-0.26803246021848	-0.376862833833534	0.236342574670852	1.01483140763808	-0.137851470090268
0.297817854540903	0.653003902327225	-0.266583546778626	-0.375084488273454	0.235494095754508	1.01004666224504	-0.135665089887761
0.297851141995222	0.649866621658131	-0.265115334076198	-0.373273073206692	0.234618762709438	1.00517277300033	-0.133501819531572
0.297824642097628	0.646672260856928	-0.263628140296412	-0.371429087315873	0.233716941144394	1.00021108358023	-0.131361537056561
0.297739045812288	0.643421691374639	-0.262122283624484	-0.369553029283623	0.23278899666813	0.995162937661013	-0.129244120497586
0.297595044103367	0.640115784662288	-0.260598082245628	-0.367645397792569	0.2318352948894	0.990029678918954	-0.127149447889506
0.297393327935031	0.636755412170897	-0.25905585434506	-0.365706691525336	0.230856201416959	0.984812651030329	-0.12507739726718
0.297134588271447	0.633341445351489	-0.257495918107995	-0.363737409164549	0.229852081859559	0.979513197671412	-0.123027846665467
0.296819516076781	0.629874755655087	-0.255918591719649	-0.361738049392835	0.228823301825954	0.97413266251848	-0.121000674119224
0.296448802315198	0.626356214532714	-0.254324193365237	-0.35970911089282	0.227770226924899	0.968672389247807	-0.118995757663312
0.296023137950865	0.622786693435392	-0.252713041229974	-0.357651092347129	0.226693222765146	0.963133721535668	-0.117012975332589
0.295543213947948	0.619167063814144	-0.251085453499075	-0.355564492438388	0.22559265495545	0.95751800305834	-0.115052205161914
0.295009721270612	0.615498197119994	-0.249441748357757	-0.353449809849223	0.224468889104564	0.951826577492097	-0.113113325186145
0.294423350883025	0.611780964803964	-0.247782243991234	-0.35130754326226	0.223322290821243	0.946060788513214	-0.111196213440142
0.293784793749352	0.608016238317078	-0.246107258584722	-0.349138191360125	0.222153225714239	0.940221979797967	-0.109300747958763
0.293094740833758	0.604204889110358	-0.244417110323435	-0.346942252825443	0.220962059392306	0.934311495022631	-0.107426806776867
0.292353883100411	0.600347788634826	-0.24271211739259	-0.344720226340841	0.219749157464199	0.928330677863481	-0.105574267929312
0.291562911513477	0.596445808341505	-0.240992597977402	-0.342472610588944	0.218514885538671	0.922280871996793	-0.103743009450958
0.29072251703712	0.59249981968142	-0.239258870263086	-0.340199904252378	0.217259609224475	0.916163421098842	-0.101932909376663
0.289833390635508	0.588510694105592	-0.237511252434857	-0.337902606013769	0.215983694130366	0.909979668845903	-0.100143845741287
0.288896223272807	0.584479303065044	-0.23575006267793	-0.335581214555742	0.214687505865097	0.903730958914251	-0.0983756965796869
0.287911705913182	0.5804065180108	-0.233975619177522	-0.333236228560924	0.213371410037422	0.897418634980162	-0.0966283399267228
0.2868805295208	0.576293210393881	-0.232188240118847	-0.33086814671194	0.212035772256094	0.89104404071991	-0.0949016538172531
0.285803385059826	0.572140251665312	-0.23038824368712	-0.328477467691417	0.210680958129868	0.884608519809772	-0.0931955162861368
0.284680963494428	0.567948513276114	-0.228575948067558	-0.326064690181979	0.209307333267497	0.878113415926023	-0.0915098053682324
0.28351395578877	0.563718866677311	-0.226751671445375	-0.323630312866254	0.207915263277735	0.871560072744937	-0.089844399098399
0.282303052907019	0.559452183319926	-0.224915732005787	-0.321174834426866	0.206505113769335	0.86494983394279	-0.0881991755114952
0.281048945813341	0.55514933465498	-0.223068447934008	-0.318698753546442	0.205077250351052	0.858284043195858	-0.0865740126423797
0.279752325471902	0.550811192133499	-0.221210137415256	-0.316202568907607	0.203632038631639	0.851564044180414	-0.0849687885259115
0.278413882846869	0.546438627206503	-0.219341118634743	-0.313686779192988	0.202169844219849	0.844791180572736	-0.0833833811969492
0.277034308902407	0.542032511325017	-0.217461709777687	-0.311151883085209	0.200691032724437	0.837966796049098	-0.0818176686903519
0.275614294602682	0.537593715940062	-0.215572229029303	-0.308598379266898	0.199195969754156	0.831092234285775	-0.080271529040978
0.27415453091186	0.533123112502662	-0.213672994574805	-0.306026766420679	0.19768502091776	0.824168838959043	-0.0787448402836866
0.272655708794108	0.52862157246384	-0.211764324599409	-0.303437543229179	0.196158551824003	0.817197953745177	-0.0772374804533363
0.271118519213592	0.524089967274618	-0.20984653728833	-0.300831208375023	0.194616928081638	0.810180922320452	-0.075749327584786
0.269543653134477	0.51952916838602	-0.207919950826784	-0.298208260540838	0.19306051529942	0.803119088361144	-0.0742802597128944
0.26793180152093	0.514940047249068	-0.205984883399986	-0.295569198409249	0.191489679086101	0.796013795543527	-0.0728301548725203
0.266283655337117	0.510323475314785	-0.204041653193152	-0.292914520662881	0.189904785050436	0.788866387543877	-0.0713988910985227
0.264599905547203	0.505680324034194	-0.202090578391496	-0.290244725984361	0.188306198801178	0.78167820803847	-0.0699863464257601
0.262881243115356	0.501011464858318	-0.200131977180235	-0.287560313056315	0.186694285947081	0.77445060070358	-0.0685923988890914
0.26112835900574	0.49631776923818	-0.198166167744583	-0.284861780561369	0.185069412096899	0.767184909215483	-0.0672169265233754
0.259341944182523	0.491600108624802	-0.196193468269756	-0.282149627182148	0.183431942859386	0.759882477250454	-0.065859807363471
0.25752268960987	0.486859354469208	-0.194214196940968	-0.279424351601277	0.181782243843295	0.752544648484768	-0.0645209194442369
0.255671286251947	0.48209637822242	-0.192228671943437	-0.276686452501384	0.180120680657379	0.745172766594701	-0.0632001408005318
0.25378842507292	0.477312051335462	-0.190237211462376	-0.273936428565094	0.178447618910394	0.737768175256528	-0.0618973494672146
0.251874797036956	0.472507245259355	-0.188240133683001	-0.271174778475032	0.176763424211092	0.730332218146524	-0.0606124234791441
0.249931093108221	0.467682831445124	-0.186237756790527	-0.268402000913825	0.175068462168227	0.722866238940964	-0.0593452408711789
0.247958004250879	0.46283968134379	-0.184230398970171	-0.265618594564098	0.173363098390554	0.715371581316124	-0.0580956796781781
0.245956221429099	0.457978666406377	-0.182218378407146	-0.262825058108477	0.171647698486825	0.70784958894828	-0.0568636179350003
0.243926435607045	0.453100658083908	-0.180202013286669	-0.260021890229588	0.169922628065794	0.700301605513705	-0.0556489336765042
0.241869337748884	0.448206527827405	-0.178181621793955	-0.257209589610057	0.168188252736215	0.692728974688676	-0.0544515049375489
0.239785618818782	0.443297147087891	-0.176157522114219	-0.25438865493251	0.166444938106843	0.685133040149468	-0.0532712097529929
0.237675969780904	0.43837338731639	-0.174130032432676	-0.251559584879572	0.164693049786429	0.677515145572356	-0.0521079261576953
0.235541081599418	0.433436119963924	-0.172099470934542	-0.24872287813387	0.16293295338373	0.669876634633615	-0.0509615321865143
0.233381645238489	0.428486216481515	-0.170066155805033	-0.245879033378028	0.161165014507497	0.662218851009521	-0.0498319058743095
0.231198351662283	0.423524548320188	-0.168030405229363	-0.243028549294674	0.159389598766485	0.654543138376349	-0.0487189252559391
0.228991891834966	0.418551986930964	-0.165992537392747	-0.240171924566433	0.157607071769448	0.646850840410374	-0.047622468366262
0.226762956720705	0.413569403764867	-0.163952870480402	-0.23730965787593	0.155817799125139	0.639143300787871	-0.0465424132401371
0.224512237283665	0.408577670272919	-0.161911722677542	-0.234442247905792	0.154022146442312	0.631421863185116	-0.0454786379124232
0.222240424488013	0.403577657906143	-0.159869412169384	-0.231570193338644	0.15222047932972	0.623687871278385	-0.044431020417979
0.219948209297913	0.398570238115563	-0.157826257141141	-0.228693992857112	0.150413163396118	0.615942668743951	-0.0433994387916633
0.217636282677534	0.393556282352201	-0.15578257577803	-0.225814145143822	0.148600564250259	0.608187599258091	-0.042383771068335
0.21530533559104	0.388536662067079	-0.153738686265266	-0.2229311488814	0.146783047500898	0.600424006497079	-0.0413838952828527
0.212956059002598	0.383512248711221	-0.151694906788064	-0.220045502752472	0.144960978756786	0.592653234137192	-0.0403996894700754
0.210589143876374	0.37848391373565	-0.149651555531639	-0.217157705439664	0.14313472362668	0.584876625854704	-0.0394310316648618
0.208205281176534	0.373452528591389	-0.147608950681208	-0.214268255625601	0.141304647719331	0.577095525325891	-0.0384777999020705
0.205805161867244	0.36841896472946	-0.145567410421984	-0.211377651992909	0.139471116643494	0.569311276227028	-0.0375398722165607
0.20338947691267	0.363384093600886	-0.143527252939184	-0.208486393224214	0.137634496007923	0.56152522223439	-0.036617126643191
0.200958917276978	0.35834878665669	-0.141488796418023	-0.205594978002142	0.135795151421371	0.553738707024252	-0.03570944121682
0.198514173924334	0.353313915347896	-0.139452359043716	-0.202703905009318	0.133953448492592	0.54595307427289	-0.0348166939723066
0.196055937818905	0.348280351125525	-0.137418259001479	-0.19981367292837	0.13210975283034	0.538169667656579	-0.0339387629445099
0.193584899924856	0.3432489654406	-0.135386814476527	-0.196924780441921	0.130264430043369	0.530389830851594	-0.0330755261682883
0.191101751206353	0.338220629744146	-0.133358343654075	-0.194037726232599	0.128417845740431	0.522614907534211	-0.0322268616785006
0.188607182627563	0.333196215487184	-0.131333164719338	-0.191153008983029	0.126570365530282	0.514846241380704	-0.0313926475100058
0.186101885152652	0.328176594120738	-0.129311595857533	-0.188271127375837	0.124722355021674	0.50708517606735	-0.0305727616976626
0.183586549745785	0.323162637095829	-0.127293955253873	-0.185392580093649	0.122874179823362	0.499333055270423	-0.0297670822763299
0.181061867371129	0.318155215863482	-0.125280561093576	-0.18251786581909	0.121026205544099	0.491591222666199	-0.0289754872808663
0.17852852899285	0.313155201874719	-0.123271731561855	-0.179647483234787	0.119178797792639	0.483861021930952	-0.0281978547461307
0.175987225575113	0.308163466580562	-0.121267784843926	-0.176781931023365	0.117332322177736	0.476143796740959	-0.0274340627069819
0.173438648082086	0.303180881432035	-0.119269039125005	-0.17392170786745	0.115487144308143	0.468440890772494	-0.0266839891982787
0.170883487477934	0.298208317880161	-0.117275812590307	-0.171067312449668	0.113643629792613	0.460753647701832	-0.0259475122548797
0.168322434726823	0.293246647375962	-0.115288423425048	-0.168219243452645	0.111802144239903	0.45308341120525	-0.0252245099116438
0.165756180792919	0.288296741370462	-0.113307189814441	-0.165377999559006	0.109963053258763	0.445431524959022	-0.0245148602034301
0.163185416640388	0.283359471314683	-0.111332429943704	-0.162544079451378	0.108126722457949	0.437799332639424	-0.023818441165097
0.160610833233397	0.278435708659648	-0.109364461998051	-0.159717981812386	0.106293517446214	0.43018817792273	-0.0231351308315033
0.158033121536112	0.27352632485638	-0.107403604162698	-0.156900205324656	0.104463803832311	0.422599404485216	-0.0224648072375081
0.155452972512697	0.268632191355901	-0.10545017462286	-0.154091248670814	0.102637947224995	0.415034356003158	-0.02180734841797
0.152871077127321	0.263754179609236	-0.103504491563752	-0.151291610533486	0.100816313233019	0.40749437615283	-0.0211626324077476
0.150288126344148	0.258893161067405	-0.101566873170589	-0.148501789595298	0.0989992674651377	0.399980808610508	-0.0205305372416999
0.147704811127344	0.254050007181434	-0.099637637628588	-0.145722284538875	0.0971871755301037	0.392494997052468	-0.0199109409546859
0.145121822441077	0.249225589402343	-0.0977171031229628	-0.142953594046844	0.095380403036671	0.385038285154983	-0.0193037215815639
0.142539851249511	0.244420779181157	-0.0958055878389294	-0.140196216801829	0.0935793155935936	0.37761201659433	-0.0187087571571932
0.139959588516814	0.239636447968898	-0.093903409961703	-0.137450651486458	0.0917842788096251	0.370217535046785	-0.0181259257164322
0.13738172520715	0.234873467216589	-0.0920108876764988	-0.134717396783355	0.0899956582935192	0.362856184188621	-0.0175551052941398
0.134806952284687	0.230132708375252	-0.0901283391685325	-0.131996951375147	0.0882138196540297	0.355529307696116	-0.0169961739251749
0.13223596071359	0.225415042895911	-0.088256082623019	-0.129289813944459	0.0864391284999102	0.348238249245542	-0.0164490096443963
0.129669441458025	0.220721342229589	-0.086394436225174	-0.126596483173918	0.0846719504399145	0.340984352513177	-0.0159134904866625
0.127108085482158	0.216052477827308	-0.0845437181602126	-0.123917457746149	0.0829126510827965	0.333768961175296	-0.0153894944868327
0.124552583750156	0.211409321140091	-0.0827042466133502	-0.121253236343778	0.0811615960373098	0.326593418908173	-0.0148768996797654
0.122003627226185	0.206792743618961	-0.0808763397698022	-0.118604317649431	0.0794191509122079	0.319459069388084	-0.0143755841003196
0.11946190687441	0.202203616714942	-0.0790603158147838	-0.115971200345734	0.077685681316245	0.312367256291303	-0.0138854257833539
0.116928113658997	0.197642811879055	-0.0772564929335106	-0.113354383115312	0.0759615528581745	0.305319323294108	-0.0134063027637271
0.114402938544114	0.193111200562324	-0.0754651893111976	-0.110754364640791	0.0742471311467501	0.298316614072772	-0.0129380930762982
0.111887072493925	0.188609654215772	-0.0736867231330604	-0.108171643604798	0.0725427817907258	0.291360472303571	-0.0124806747559257
0.109381206472597	0.184139044290421	-0.0719214125843143	-0.105606718689957	0.0708488703988551	0.28445224166278	-0.0120339258374687
0.106886031444296	0.179700242237295	-0.0701695758501744	-0.103060088578896	0.069165762579892	0.277593265826675	-0.0115977243557856
0.104402238373188	0.175294119507415	-0.0684315311158564	-0.100532251954239	0.0674938239425897	0.27078488847153	-0.0111719483457356
0.101930518223439	0.170921547551807	-0.0667075965665755	-0.098023707498613	0.0658334200957028	0.264028453273622	-0.0107564758421773
0.0994715619592159	0.166583397821491	-0.0649980903875469	-0.0955349538946431	0.064184916647984	0.257325303909225	-0.0103511848799694
0.0970260605446833	0.16228054176749	-0.063303330763986	-0.0930664898249552	0.0625486792081878	0.250676784054614	-0.00995595349397091
0.0945947049440085	0.158013850840829	-0.0616236358811081	-0.0906188139721756	0.0609250733850678	0.244084237386066	-0.00957065971904039
0.0921781861213566	0.153784196492528	-0.0599593239241286	-0.0881924250189299	0.0593144647873772	0.237549007579854	-0.00919518159003696
0.0897771950408943	0.149592450173613	-0.058310713078263	-0.0857878216478439	0.0577172190238704	0.231072438312254	-0.0088293971418191
0.0873924226667881	0.145439483335105	-0.0566781215287265	-0.0834055025415434	0.056133701703301	0.224655873259543	-0.00847318440924558
0.085024559963203	0.141326167428027	-0.0550618674607342	-0.0810459663826542	0.0545642784344223	0.218300656097994	-0.00812642142717546
0.0826742978943058	0.137253373903402	-0.0534622690595021	-0.0787097118538027	0.0530093148259886	0.212008130503884	-0.00778898623046728
0.0803423274242624	0.133221974212252	-0.0518796445102447	-0.0763972376376139	0.0514691764867533	0.205779640153487	-0.00746075685398015
0.0780293395172391	0.129232839805602	-0.0503143119981779	-0.0741090424167139	0.0499442290254702	0.19961652872308	-0.00714161133257246
0.0757360251374017	0.125286842134474	-0.0487665897085168	-0.071845624873729	0.0484348380508931	0.193520139888936	-0.00683142770110315
0.0734630752489159	0.12138485264989	-0.0472367958264769	-0.0696074836912844	0.0469413691717754	0.187491817327331	-0.00653008399443109
0.0712111808159488	0.117527742802873	-0.0457252485372734	-0.0673951175520063	0.0454641879968714	0.181532904714541	-0.00623745824741506
0.0689810328026655	0.113716384044447	-0.0442322660261217	-0.0652090251385204	0.0440036601349344	0.175644745726841	-0.00595342849491384
0.0667733221732325	0.109951647825634	-0.0427581664782372	-0.0630497051334528	0.0425601511947183	0.169828684040505	-0.00567787277178616
0.0645887398918158	0.106234405597457	-0.041303268078835	-0.060917656219429	0.0411340267849769	0.164086063331811	-0.00541066911289095
0.0624279769225816	0.102565528810939	-0.0398678890131309	-0.0588133770790751	0.0397256525144638	0.158418227277032	-0.00515169555308675
0.0602917242296956	0.0989458889171024	-0.0384523474663396	-0.0567373663950166	0.0383353939919326	0.152826519552443	-0.00490083012723255
0.0581806727773243	0.0953763573669704	-0.0370569616236768	-0.0546901228498794	0.0369636168261373	0.147312283834321	-0.00465795087018717
0.0560955135296338	0.0918578056115664	-0.035682049670358	-0.0526721451262898	0.0356106866258317	0.141876863798941	-0.00442293581680936
0.0540369374507901	0.0883911051019128	-0.0343279297915983	-0.0506839319068734	0.0342769689997692	0.136521603122578	-0.00419566300195762
0.052005635504959	0.0849771272890323	-0.0329949201726131	-0.0487259818742558	0.0329628295567038	0.131247845481506	-0.00397601046049126
0.0500022986563068	0.0816167436239474	-0.0316833389986175	-0.0467987937110629	0.0316686339053889	0.126056934552001	-0.00376385622726874
0.0480276178689991	0.0783108255576825	-0.0303935044548273	-0.0449028660999207	0.0303947476545786	0.12095021401034	-0.00355907833714889
0.0460822841072031	0.0750602445412583	-0.0291257347264576	-0.0430386977234549	0.0291415364130264	0.115929027532796	-0.00336155482499056
0.0441669883350837	0.0718658720256997	-0.0278803479987236	-0.0412067872642916	0.0279093657894862	0.110994718795645	-0.0031711637256526
0.0422824215168081	0.0687285794620294	-0.0266576624568411	-0.0394076334050566	0.026698601392712	0.106148631475163	-0.00298778307399353
0.0404292746165413	0.0656492383012683	-0.0254579962860249	-0.0376417348283752	0.0255096088314568	0.101392109247624	-0.00281129090487239
0.0386082385984494	0.0626287199944409	-0.0242816676714905	-0.0359095902168736	0.0243427537144747	0.0967264957893041	-0.00264156525314804
0.0368200044266997	0.0596678959925701	-0.0231289947984534	-0.0342116982531778	0.0231984016505197	0.0921531347764786	-0.00247848415367891
0.0350652630654571	0.0567676377466781	-0.0220002958521288	-0.0325485576199135	0.022076918248345	0.0876733698854233	-0.00232192564132427
0.0333447054788882	0.0539288167077878	-0.0208958890177321	-0.0309206669997067	0.0209786691167048	0.0832885447924121	-0.00217176775094249
0.0316590226311582	0.0511523043269224	-0.0198160924804783	-0.0293285250751825	0.0199040198643523	0.0790000031737201	-0.00202788851739275
0.0300089054864348	0.0484389720551051	-0.0187612244255834	-0.0277726305289678	0.018853336100042	0.0748090887056243	-0.0018901659755334
0.0283950450088826	0.0457896913433582	-0.0177316030382625	-0.0262534820436878	0.0178269834325274	0.0707171450643984	-0.00175847816022354
0.0268181321626684	0.043205333642705	-0.0167275465037305	-0.0247715783019687	0.0168253274705618	0.0667255159263198	-0.00163270310632177
0.0252788579119583	0.0406867704041676	-0.0157493730072031	-0.0233274179864358	0.015848733822899	0.0628355449676605	-0.00151271884868712
0.0237779132209184	0.03823487307877	-0.0147974007338957	-0.0219214997797151	0.014897568098293	0.0590485758646984	-0.00139840342217826
0.0223159890537141	0.035850513117534	-0.0138719478690237	-0.0205543223644328	0.0139721959054975	0.0553659522937084	-0.0012896348616539
0.0208937763745118	0.0335345619714831	-0.0129733325978018	-0.0192263844232146	0.0130729828532661	0.051789017930965	-0.00118629120197283
0.0195119661474783	0.0312878910916403	-0.0121018731054463	-0.0179381846386863	0.0122002945503528	0.0483191164527437	-0.00108825047799402
0.0181712493367785	0.0291113719290272	-0.0112578875771717	-0.0166902216934733	0.011354496605511	0.0449575915353195	-0.000995390724576189
0.0168723169065801	0.0270058759346692	-0.0104416941981939	-0.0154829942702024	0.0105359546274947	0.0417057868549691	-0.000907589976577916
0.0156158598210476	0.0249722745595868	-0.00965361115372798	-0.0143170010514988	0.00974503422505746	0.0385650460879652	-0.00082472626885835
0.0144025690443468	0.0230114392548031	-0.00889395662898906	-0.013192740719988	0.00898210100695285	0.0355367129105848	-0.000746677636275894
0.0132331355406461	0.0211242414713422	-0.00816304880919305	-0.0121107119582966	0.0082475205819349	0.0326221309991039	-0.000673322113689756
0.0121082502741094	0.0193115526602265	-0.0074612058795549	-0.0110714134490499	0.00754165855875755	0.0298226440297977	-0.000604537735958421
0.0110286042089029	0.0175742442724782	-0.00678874602529012	-0.010075343874874	0.00686488054617396	0.0271395956789391	-0.000540202537940765
0.00999488830919382	0.015913187759121	-0.00614598743161388	-0.00912300191839455	0.00621755215293829	0.0245743296228054	-0.000480194554495605
0.00900779353914749	0.0143292545711775	-0.00553324828374135	-0.00821488626223732	0.00560003898780392	0.0221281895376708	-0.000424391820481762
0.00806801086293052	0.0128233161596707	-0.00495084676688839	-0.00735149558902903	0.00501270665952502	0.019802519099811	-0.000372672370758109
0.00717623124470879	0.0113962439756232	-0.00439910106627006	-0.00653332858139466	0.00445592077685508	0.0175986619855024	-0.00032491424018305
0.00633314564864729	0.0100489094700573	-0.00387832936710175	-0.00576088392195961	0.00393004694854771	0.0155179618710188	-0.000280995463615763
0.00553944503891346	0.00878218409399723	-0.00338884985459831	-0.00503466029335042	0.00343545078335683	0.0135617624326354	-0.000240794075914819
0.00479582037967297	0.00759693929846539	-0.00293098071397602	-0.00435515637819317	0.00297249789003617	0.0117314073466299	-0.00020418811193923
0.00410296263509169	0.00649404653448338	-0.00250504013044928	-0.00372287085911305	0.00254155387733912	0.0100282402892731	-0.000171055606547621
0.00346156276933574	0.00547437725307587	-0.00211134628923404	-0.00313830241873592	0.00214298435401983	0.00845360493684399	-0.000141274594598784
0.00287231174657165	0.00453880290526509	-0.00175021737554559	-0.00260194973968852	0.00177715492883224	0.00700884496561693	-0.000114723110951731
0.00233590053096489	0.00368819494207351	-0.00142197157459889	-0.00211431150459562	0.00144443121052928	0.00569530405186658	-9.12791904649213e-05
0.00185302008668198	0.00292342481452357	-0.00112692707160966	-0.00167588639608396	0.00114517880786535	0.00451432587186851	-7.08208679970901e-05
0.00142436137788904	0.00224536397364039	-0.000865402051793196	-0.00128717309677873	0.000879763329594052	0.00346725410189874	-5.32261784076393e-05
0.00105061536875173	0.00165488387044421	-0.000637714700364667	-0.000948670289305564	0.000648550384469093	0.00255543241823197	-3.83731565546386e-05
0.000732473023436153	0.00115285595595971	-0.000444183202539472	-0.000660876656290998	0.000451905581244083	0.00178020449714245	-2.61398372971566e-05
0.000470625306108641	0.000740151681208445	-0.000285125743532677	-0.000424290880360667	0.000290194528672849	0.00114291401490707	-1.64042554943733e-05
0.000265763180935075	0.00041764249721421	-0.000160860508560234	-0.000239411644139986	0.000163782835508886	0.000644904647800981	-9.04444600446919e-06
0.000118577612081783	0.000186199854999014	-7.17056828369866e-05	-0.000106737630255038	7.30361105063526e-05	0.00028752007209798	-3.93844368667962e-06
2.97595637150927e-05	4.66952055870884e-05	-1.79794515786647e-05	-2.67675213319052e-05	1.83199624189667e-05	7.21039640745325e-05	-9.64283399296217e-07
0	0	0	3.99680288865056e-15	0	4.44089209850063e-15	-1.60982338570648e-15
