0	0	0	0	0	0	0
0.000489589133210571	-0.00713777437297625	0.00227965718417777	0.00426350586203503	0.000744927322692234	-0.0114094917279189	0.00266451603286133
0.000961394755294243	-0.0142258642565584	0.00454185206004845	0.00849721155318986	0.00148156591581436	-0.0227392863468375	0.0052962380222413
0.00141541686625102	-0.0212642696507464	0.00678658462761205	0.0127011170734645	0.00220991577936638	-0.0339893838567558	0.00789516596813989
0.00185165546608089	-0.0282529905555403	0.00901385488686857	0.016875222422859	0.00292997691334829	-0.0451597842576738	0.0104612998705571
0.00227011055478386	-0.0351920269709402	0.011223662837818	0.0210195276013732	0.00364174931776008	-0.0562504875495916	0.012994639729493
0.00267078213235993	-0.0420813788969459	0.0134160084804603	0.0251340326090073	0.00434523299260178	-0.0672614937325091	0.0154951855449474
0.00305367019880911	-0.0489210463335575	0.0155908918147956	0.0292187374457612	0.00504042793787336	-0.0781928028064263	0.0179629373169206
0.00341877475413138	-0.0557110292807749	0.0177483128408238	0.0332736421116349	0.00572733415357483	-0.0890444147713433	0.0203978950454123
0.00376609579832675	-0.0624513277385983	0.0198882715585449	0.0372987466066284	0.0064059516397062	-0.0998163296272599	0.0228000587304227
0.00409563333139523	-0.0691419417070276	0.0220107679679589	0.0412940509307417	0.00707628039626745	-0.110508547374176	0.0251694283719517
0.0044073873533368	-0.0757828711860628	0.0241158020690658	0.0452595550839748	0.0077383204232586	-0.121121068012092	0.0275060039699993
0.00470135786415148	-0.0823741161757038	0.0262033738618656	0.0491952590663278	0.00839207172067964	-0.131653891541008	0.0298097855245656
0.00497754486383925	-0.0889156766759507	0.0282734833463584	0.0531011628778005	0.00903753428853057	-0.142107017960924	0.0320807730356505
0.00523594835240013	-0.0954075526868036	0.030326130522544	0.0569772665183931	0.0096747081268114	-0.152480447271839	0.034318966503254
0.00547656832983411	-0.101849744208262	0.0323613153904226	0.0608235699881055	0.0103035932355221	-0.162774179473754	0.0365243659273761
0.00569940479614118	-0.108242251240327	0.0343790379499941	0.0646400732869376	0.0109241896146627	-0.172988214566669	0.0386969713080169
0.00590445775132136	-0.114585073782997	0.0363792982012585	0.0684267764148896	0.0115364972642332	-0.183122552550583	0.0408367826451763
0.00609172719537463	-0.120878211836274	0.0383620961442158	0.0721836793719614	0.0121405161842336	-0.193177193425498	0.0429437999388543
0.00626121312830101	-0.127121665400156	0.0403274317788661	0.075910782158153	0.0127362463746639	-0.203152137191412	0.045018023189051
0.00641291555010049	-0.133315434474644	0.0422753051052092	0.0796080847734644	0.013323687835524	-0.213047383848325	0.0470594523957663
0.00654683446077307	-0.139459519059738	0.0442057161232453	0.0832755872178957	0.0139028405668141	-0.222862933396239	0.0490680875590002
0.00666296986031874	-0.145553919155438	0.0461186648329743	0.0869132894914467	0.0144737045685341	-0.232598785835152	0.0510439286787528
0.00676132174873752	-0.151598634761744	0.0480141512343962	0.0905211915941175	0.0150362798406839	-0.242254941165065	0.052986975755024
0.0068418901260294	-0.157593665878656	0.049892175327511	0.0940992935259082	0.0155905663832636	-0.251831399385977	0.0548972287878138
0.00690467499219438	-0.163539012506173	0.0517527371123187	0.0976475952868187	0.0161365641962733	-0.261328160497889	0.0567746877771223
0.00694967634723246	-0.169434674644297	0.0535958365888193	0.101166096876849	0.0166742732797128	-0.270745224500801	0.0586193527229493
0.00697689419114364	-0.175280652293026	0.0554214737570129	0.104654798295999	0.0172036936335822	-0.280082591394713	0.060431223625295
0.00698632852392792	-0.181076945452362	0.0572296486168994	0.108113699544269	0.0177248252578815	-0.289340261179625	0.0622103004841594
0.0069779793455853	-0.186823554122303	0.0590203611684787	0.111542800621659	0.0182376681526107	-0.298518233855536	0.0639565832995423
0.00695184665611578	-0.19252047830285	0.0607936114117511	0.114942101528168	0.0187422223177698	-0.307616509422447	0.0656700720714439
0.00690793045551936	-0.198167717994003	0.0625493993467163	0.118311602263797	0.0192384877533588	-0.316635087880357	0.0673507667998641
0.00684623074379605	-0.203765273195762	0.0642877249733744	0.121651302828547	0.0197264644593776	-0.325573969229268	0.068998667484803
0.00676674752094583	-0.209313143908127	0.0660085882917254	0.124961203222416	0.0202061524358264	-0.334433153469178	0.0706137741262605
0.00666948078696871	-0.214811330131097	0.0677119893017694	0.128241303445404	0.020677551682705	-0.343212640600087	0.0721960867242366
0.00655443054186469	-0.220259831864674	0.0693979280035063	0.131491603497513	0.0211406622000136	-0.351912430621997	0.0737456052787313
0.00642159678563377	-0.225658649108856	0.0710664043969361	0.134712103378741	0.021595483987752	-0.360532523534906	0.0752623297897447
0.00627097951827595	-0.231007781863644	0.0727174184820588	0.137902803089089	0.0220420170459203	-0.369072919338815	0.0767462602572767
0.00610257873979124	-0.236307230129039	0.0743509702588744	0.141063702628557	0.0224802613745185	-0.377533618033724	0.0781973966813274
0.00591639445017962	-0.241556993905039	0.0759670597273829	0.144194801997145	0.0229102169735467	-0.385914619619632	0.0796157390618966
0.00571242664944111	-0.246757073191645	0.0775656868875844	0.147296101194853	0.0233318838430047	-0.39421592409654	0.0810012873989845
0.00549067533757569	-0.251907467988857	0.0791468517394787	0.15036760022168	0.0237452619828925	-0.402437531464448	0.082354041692591
0.00525114051458338	-0.257008178296674	0.080710554283066	0.153409299077627	0.0241503513932103	-0.410579441723356	0.0836740019427162
0.00499382218046416	-0.262059204115098	0.0822567945183462	0.156421197762695	0.024547152073958	-0.418641654873263	0.08496116814936
0.00471872033521805	-0.267060545444128	0.0837855724453193	0.159403296276881	0.0249356640251356	-0.42662417091417	0.0862155403125224
0.00442583497884503	-0.272012202283763	0.0852968880639853	0.162355594620188	0.025315887246743	-0.434526989846077	0.0874371184322034
0.00411516611134512	-0.276914174634004	0.0867907413743443	0.165278092792615	0.0256878217387804	-0.442350111668984	0.0886259025084031
0.00378671373271831	-0.281766462494852	0.0882671323763961	0.168170790794161	0.0260514675012476	-0.45009353638289	0.0897818925411214
0.00344047784296459	-0.286569065866305	0.0897260610701409	0.171033688624827	0.0264068245341447	-0.457757263987796	0.0909050885303583
0.00307645844208398	-0.291321984748364	0.0911675274555786	0.173866786284613	0.0267538928374718	-0.465341294483702	0.0919954904761139
0.00269465553007647	-0.296025219141029	0.0925915315327092	0.176670083773519	0.0270926724112287	-0.472845627870607	0.0930530983783881
0.00229506910694206	-0.300678769044299	0.0939980733015327	0.179443581091544	0.0274231632554155	-0.480270264148512	0.0940779122371809
0.00187769917268074	-0.305282634458176	0.0953871527620491	0.182187278238689	0.0277453653700322	-0.487615203317417	0.0950699320524924
0.00144254572729253	-0.309836815382659	0.0967587699142584	0.184901175214955	0.0280592787550787	-0.494880445377321	0.0960291578243224
0.000989608770777421	-0.314341311817747	0.0981129247581607	0.187585272020339	0.0283649034105552	-0.502065990328226	0.0969555895526711
0.000518888303135404	-0.318796123763441	0.0994496172937559	0.190239568654844	0.0286622393364616	-0.50917183817013	0.0978492272375385
3.03843243664934e-05	-0.323201251219742	0.100768847521044	0.192864065118469	0.0289512865327979	-0.516197988903033	0.0987100708789244
-0.000475903165529316	-0.327556694186648	0.102070615440025	0.195458761411213	0.029232044999564	-0.523144442526937	0.0995381204768291
-0.000999974166552026	-0.33186245266416	0.103354921050699	0.198023657533077	0.0295045147367601	-0.53001119904184	0.100333376031252
-0.00154182867870164	-0.336118526652278	0.104621764353066	0.200558753484061	0.029768695744386	-0.536798258447743	0.101095837542194
-0.00210146670197814	-0.340324916151002	0.105871145347125	0.203064049264165	0.0300245880224418	-0.543505620744646	0.101825505009655
-0.00267888823638155	-0.344481621160331	0.107103064032878	0.205539544873389	0.0302721915709275	-0.550133285932548	0.102522378433634
-0.00327409328191186	-0.348588641680267	0.108317520410324	0.207985240311732	0.0305115063898431	-0.55668125401145	0.103186457814131
-0.00388708183856907	-0.352645977710808	0.109514514479462	0.210401135579195	0.0307425324791886	-0.563149524981352	0.103817743151148
-0.00451785390635318	-0.356653629251956	0.110694046240294	0.212787230675779	0.030965269838964	-0.569538098842254	0.104416234444683
-0.00516640948526418	-0.360611596303709	0.111856115692818	0.215143525601481	0.0311797184691693	-0.575846975594155	0.104981931694737
-0.00583274857530209	-0.364519878866068	0.113000722837035	0.217470020356304	0.0313858783698045	-0.582076155237056	0.105514834901309
-0.0065168711764669	-0.368378476939033	0.114127867672945	0.219766714940247	0.0315837495408696	-0.588225637770957	0.1060149440644
-0.00721877728875861	-0.372187390522604	0.115237550200548	0.222033609353309	0.0317733319823645	-0.594295423195857	0.106482259184009
-0.00793846691217722	-0.375946619616781	0.116329770419844	0.224270703595491	0.0319546256942894	-0.600285511511757	0.106916780260137
-0.00867594004672272	-0.379656164221564	0.117404528330833	0.226477997666793	0.0321276306766441	-0.606195902718657	0.107318507292784
-0.00943119669239512	-0.383316024336952	0.118461823933515	0.228655491567215	0.0322923469294287	-0.612026596816557	0.10768744028195
-0.0102042368491944	-0.386926199962947	0.11950165722789	0.230803185296756	0.0324487744526433	-0.617777593805456	0.108023579227634
-0.0109950605171206	-0.390486691099547	0.120524028213957	0.232921078855417	0.0325969132462877	-0.623448893685355	0.108326924129836
-0.0118036676961737	-0.393997497746753	0.121528936891718	0.235009172243199	0.032736763310362	-0.629040496456254	0.108597474988558
-0.0126300583863537	-0.397458619904565	0.122516383261171	0.2370674654601	0.0328683246448662	-0.634552402118153	0.108835231803798
-0.0134742325876607	-0.400870057572984	0.123486367322318	0.23909595850612	0.0329915972498003	-0.639984610671051	0.109040194575556
-0.0143361903000945	-0.404231810752007	0.124438889075157	0.241094651381261	0.0331065811251642	-0.645337122114949	0.109212363303833
-0.0152159315236552	-0.407543879441637	0.125373948519689	0.243063544085521	0.0332132762709581	-0.650609936449847	0.109351737988629
-0.0161134562583428	-0.410806263641873	0.126291545655914	0.245002636618901	0.0333116826871819	-0.655803053675744	0.109458318629944
-0.0170287645041573	-0.414018963352715	0.127191680483832	0.246911928981402	0.0334018003738355	-0.660916473792641	0.109532105227777
-0.0179618562610987	-0.417181978574162	0.128074353003443	0.248791421173021	0.0334836293309191	-0.665950196800538	0.109573097782128
-0.018912731529167	-0.420295309306216	0.128939563214747	0.250641113193761	0.0335571695584325	-0.670904222699435	0.109581296292999
-0.0198813903083622	-0.423358955548875	0.129787311117744	0.25246100504362	0.0336224210563758	-0.675778551489331	0.109556700760388
-0.0208678325986843	-0.42637291730214	0.130617596712434	0.2542510967226	0.0336793838247491	-0.680573183170227	0.109499311184295
-0.0218720584001333	-0.429337194566011	0.131430419998816	0.256011388230699	0.0337280578635522	-0.685288117742123	0.109409127564721
-0.0228940677127092	-0.432251787340488	0.132225780976892	0.257741879567918	0.0337684431727852	-0.689923355205018	0.109286149901666
-0.023933860536412	-0.435116695625571	0.13300367964666	0.259442570734256	0.0338005397524481	-0.694478895558914	0.10913037819513
-0.0249914368712417	-0.43793191942126	0.133764116008122	0.261113461729715	0.0338243476025409	-0.698954738803809	0.108941812445112
-0.0260667967171983	-0.440697458727554	0.134507090061276	0.262754552554293	0.0338398667230635	-0.703350884939703	0.108720452651613
-0.0271599400742818	-0.443413313544455	0.135232601806123	0.264365843207991	0.0338470971140161	-0.707667333966598	0.108466298814632
-0.0282708669424922	-0.446079483871961	0.135940651242663	0.265947333690809	0.0338460387753986	-0.711904085884492	0.10817935093417
-0.0293995773218294	-0.448695969710073	0.136631238370896	0.267499024002747	0.0338366917072109	-0.716061140693385	0.107859609010227
-0.0305460712122937	-0.451262771058792	0.137304363190822	0.269020914143804	0.0338190559094532	-0.720138498393279	0.107507073042802
-0.0317103486138847	-0.453779887918116	0.137960025702441	0.270513004113982	0.0337931313821253	-0.724136158984172	0.107121743031896
-0.0328924095266028	-0.456247320288046	0.138598225905753	0.271975293913279	0.0337589181252273	-0.728054122466065	0.106703618977508
-0.0340922539504477	-0.458665068168582	0.139218963800757	0.273407783541696	0.0337164161387592	-0.731892388838958	0.10625270087964
-0.0353098818854195	-0.461033131559723	0.139822239387455	0.274810472999233	0.033665625422721	-0.735650958102851	0.105768988738289
-0.0365452933315181	-0.463351510461471	0.140408052665846	0.276183362285889	0.0336065459771127	-0.739329830257743	0.105252482553458
-0.0377984882887437	-0.465620204873824	0.140976403635929	0.277526451401666	0.0335391778019343	-0.742929005303635	0.104703182325145
-0.0390694667570963	-0.467839214796784	0.141527292297705	0.278839740346562	0.0334635208971858	-0.746448483240526	0.104121088053351
-0.0403582287365756	-0.470008540230349	0.142060718651175	0.280123229120578	0.0333795752628672	-0.749888264068418	0.103506199738075
-0.0416647742271819	-0.47212818117452	0.142576682696337	0.281376917723714	0.0332873408989784	-0.753248347787309	0.102858517379318
-0.0429891032289151	-0.474198137629298	0.143075184433192	0.282600806155969	0.0331868178055196	-0.7565287343972	0.102178040977079
-0.0443312157417752	-0.476218409594681	0.14355622386174	0.283794894417345	0.0330780059824906	-0.75972942389809	0.10146477053136
-0.0456911117657622	-0.478188997070669	0.144019800981981	0.28495918250784	0.0329609054298916	-0.762850416289981	0.100718706042158
-0.0470687913008761	-0.480109900057264	0.144465915793915	0.286093670427455	0.0328355161477224	-0.765891711572871	0.0999398475094758
-0.0484642543471169	-0.481981118554465	0.144894568297541	0.28719835817619	0.0327018381359831	-0.76885330974676	0.0991281949333119
-0.0498775009044846	-0.483802652562271	0.145305758492861	0.288273245754045	0.0325598713946737	-0.77173521081165	0.0982837483136667
-0.0513085309729792	-0.485574502080684	0.145699486379874	0.289318333161019	0.0324096159237942	-0.774537414767539	0.09740650765054
-0.0527573445526007	-0.487296667109702	0.146075751958579	0.290333620397113	0.0322510717233447	-0.777259921614428	0.096496472943932
-0.0542239416433491	-0.488969147649326	0.146434555228977	0.291319107462328	0.0320842387933249	-0.779902731352317	0.0955536441938426
-0.0557083222452244	-0.490591943699557	0.146775896191069	0.292274794356661	0.0319091171337351	-0.782465843981205	0.0945780214002718
-0.0572104863582266	-0.492165055260393	0.147099774844853	0.293200681080115	0.0317257067445752	-0.784949259501093	0.0935696045632197
-0.0587304339823556	-0.493688482331834	0.14740619119033	0.294096767632689	0.0315340076258451	-0.787352977911981	0.0925283936826862
-0.0602681651176117	-0.495162224913882	0.1476951452275	0.294963054014382	0.031334019777545	-0.789676999213868	0.0914543887586713
-0.0618236797639945	-0.496586283006536	0.147966636956363	0.295799540225195	0.0311257431996747	-0.791921323406756	0.0903475897911751
-0.0633969779215043	-0.497960656609795	0.148220666376919	0.296606226265128	0.0309091778922344	-0.794085950490643	0.0892079967801974
-0.064988059590141	-0.499285345723661	0.148457233489168	0.297383112134181	0.0306843238552239	-0.796170880465529	0.0880356097257385
-0.0665969247699046	-0.500560350348132	0.14867633829311	0.298130197832354	0.0304511810886433	-0.798176113331416	0.0868304286277981
-0.0682235734607951	-0.50178567048321	0.148877980788744	0.298847483359646	0.0302097495924926	-0.800101649088302	0.0855924534863763
-0.0698680056628125	-0.502961306128893	0.149062160976072	0.299534968716058	0.0299600293667718	-0.801947487736188	0.0843216843014732
-0.0715302213759568	-0.504087257285182	0.149228878855092	0.30019265390159	0.0297020204114809	-0.803713629275073	0.0830181210730888
-0.0732102206002279	-0.505163523952077	0.149378134425806	0.300820538916242	0.0294357227266199	-0.805400073704959	0.081681763801223
-0.0749080033356261	-0.506190106129577	0.149509927688212	0.301418623760014	0.0291611363121888	-0.807006821025844	0.0803126124858757
-0.076623569582151	-0.507167003817684	0.149624258642311	0.301986908432905	0.0288782611681875	-0.808533871237729	0.0789106671270472
-0.0783569193398029	-0.508094217016397	0.149721127288103	0.302525392934916	0.0285870972946162	-0.809981224340613	0.0774759277247372
-0.0801080526085817	-0.508971745725715	0.149800533625588	0.303034077266047	0.0282876446914748	-0.811348880334497	0.0760083942789459
-0.0818769693884874	-0.50979958994564	0.149862477654766	0.303512961426298	0.0279799033587632	-0.812636839219381	0.0745080667896732
-0.08366366967952	-0.51057774967617	0.149906959375637	0.303962045415669	0.0276638732964815	-0.813845100995265	0.0729749452569192
-0.0854681534816795	-0.511306224917306	0.149933978788201	0.30438132923416	0.0273395545046297	-0.814973665662148	0.0714090296806837
-0.0872904207949659	-0.511985015669048	0.149943535892458	0.30477081288177	0.0270069469832079	-0.816022533220032	0.069810320060967
-0.0891304716193791	-0.512614121931396	0.149935630688407	0.3051304963585	0.0266660507322159	-0.816991703668914	0.0681788163977688
-0.0909883059549194	-0.51319354370435	0.14991026317605	0.30546037966435	0.0263168657516538	-0.817881177008797	0.0665145186910892
-0.0928639238015864	-0.51372328098791	0.149867433355385	0.30576046279932	0.0259593920415216	-0.818690953239679	0.0648174269409283
-0.0947573251593804	-0.514203333782075	0.149807141226414	0.306030745763409	0.0255936296018192	-0.819421032361561	0.063087541147286
-0.0966685100283013	-0.514633702086847	0.149729386789135	0.306271228556619	0.0252195784325468	-0.820071414374443	0.0613248613101624
-0.0985974784083491	-0.515014385902224	0.149634170043549	0.306481911178948	0.0248372385337043	-0.820642099278325	0.0595293874295573
-0.100544230299524	-0.515345385228207	0.149521490989656	0.306662793630397	0.0244466099052916	-0.821133087073206	0.057701119505471
-0.102508765701825	-0.515626700064796	0.149391349627456	0.306813875910966	0.0240476925473089	-0.821544377759087	0.0558400575379032
-0.104491084615254	-0.515858330411991	0.149243745956949	0.306935158020654	0.023640486459756	-0.821875971335967	0.0539462015268541
-0.106491187039809	-0.516040276269792	0.149078679978135	0.307026639959463	0.023224991642633	-0.822127867803848	0.0520195514723236
-0.108509072975491	-0.516172537638199	0.148896151691014	0.307088321727391	0.02280120809594	-0.822300067162728	0.0500601073743117
-0.110544742422301	-0.516255114517212	0.148696161095585	0.307120203324439	0.0223691358196768	-0.822392569412608	0.0480678692328185
-0.112598195380237	-0.516288006906831	0.14847870819185	0.307122284750607	0.0219287748138435	-0.822405374553487	0.0460428370478438
-0.1146694318493	-0.516271214807055	0.148243792979807	0.307094566005894	0.0214801250784401	-0.822338482585367	0.0439850108193879
-0.11675845182949	-0.516204738217885	0.147991415459458	0.307037047090302	0.0210231866134666	-0.822191893508246	0.0418943905474505
-0.118865255320806	-0.516088577139322	0.147721575630801	0.306949728003829	0.0205579594189229	-0.821965607322124	0.0397709762320318
-0.12098984232325	-0.515922731571364	0.147434273493837	0.306832608746476	0.0200844434948092	-0.821659624027003	0.0376147678731317
-0.123132212836821	-0.515707201514012	0.147129509048567	0.306685689318243	0.0196026388411254	-0.821273943622881	0.0354257654707502
-0.125292366861518	-0.515441986967266	0.146807282294989	0.30650896971913	0.0191125454578714	-0.820808566109759	0.0332039690248874
-0.127470304397343	-0.515127087931126	0.146467593233104	0.306302449949136	0.0186141633450474	-0.820263491487636	0.0309493785355431
-0.129666025444294	-0.514762504405591	0.146110441862912	0.306066130008263	0.0181074925026532	-0.819638719756514	0.0286619940027176
-0.131879530002372	-0.514348236390663	0.145735828184412	0.305800009896509	0.0175925329306889	-0.818934250916391	0.0263418154264107
-0.134110818071577	-0.513884283886341	0.145343752197606	0.305504089613875	0.0170692846291545	-0.818150084967268	0.0239888428066224
-0.136359889651909	-0.513370646892624	0.144934213902493	0.30517836916036	0.01653774759805	-0.817286221909144	0.0216030761433527
-0.138626744743368	-0.512807325409513	0.144507213299072	0.304822848535966	0.0159979218373754	-0.816342661742021	0.0191845154366016
-0.140911383345954	-0.512194319437009	0.144062750387345	0.304437527740691	0.0154498073471307	-0.815319404465897	0.0167331606863692
-0.143213805459666	-0.51153162897511	0.14360082516731	0.304022406774537	0.0148934041273159	-0.814216450080772	0.0142490118926554
-0.145534011084506	-0.510819254023817	0.143121437638968	0.303577485637502	0.014328712177931	-0.813033798586648	0.0117320690554603
-0.147872000220472	-0.510057194583129	0.14262458780232	0.303102764329586	0.0137557314989759	-0.811771449983523	0.0091823321747837
-0.150227772867566	-0.509245450653048	0.142110275657364	0.302598242850791	0.0131744620904508	-0.810429404271398	0.00659980125062587
-0.152601329025786	-0.508384022233573	0.141578501204101	0.302063921201115	0.0125849039523556	-0.809007661450272	0.00398447628298654
-0.154992668695133	-0.507472909324704	0.141029264442531	0.30149979938056	0.0119870570846902	-0.807506221520147	0.00133635727186587
-0.157401791875607	-0.50651211192644	0.140462565372654	0.300905877389124	0.0113809214874547	-0.805925084481021	-0.00134455578273618
-0.159828698567208	-0.505501630038782	0.13987840399447	0.300282155226808	0.0107664971606491	-0.804264250332895	-0.00405826288081962
-0.162273388769936	-0.50444146366173	0.139276780307978	0.299628632893611	0.0101437841042734	-0.802523719075768	-0.00680476402238439
-0.164735862483791	-0.503331612795284	0.13865769431318	0.298945310389535	0.00951278231832765	-0.800703490709641	-0.0095840592074305
-0.167216119708773	-0.502172077439444	0.138021146010074	0.298232187714578	0.00887349180281176	-0.798803565234514	-0.012396148435958
-0.169714160444881	-0.50096285759421	0.137367135398662	0.297489264868741	0.00822591255772573	-0.796823942650387	-0.0152410317079668
-0.172229984692117	-0.499703953259582	0.136695662478942	0.296716541852024	0.0075700445830696	-0.79476462295726	-0.0181187090234571
-0.174763592450479	-0.49839536443556	0.136006727250916	0.295914018664427	0.0069058878788434	-0.792625606155132	-0.0210291803824287
-0.177314983719968	-0.497037091122143	0.135300329714582	0.295081695305949	0.00623344244504703	-0.790406892244003	-0.0239724457848817
-0.179884158500585	-0.495629133319333	0.134576469869941	0.294219571776591	0.00555270828168061	-0.788108481223875	-0.026948505230816
-0.182471116792328	-0.494171491027128	0.133835147716993	0.293327648076354	0.00486368538874404	-0.785730373094746	-0.0299573587202318
-0.185075858595198	-0.492664164245529	0.133076363255738	0.292405924205236	0.00416637376623738	-0.783272567856617	-0.0329990062531288
-0.187698383909195	-0.491107152974536	0.132300116486176	0.291454400163237	0.0034607734141606	-0.780735065509488	-0.0360734478295074
-0.190338692734318	-0.489500457214149	0.131506407408307	0.290473075950359	0.00274688433251372	-0.778117866053359	-0.0391806834493671
-0.192996785070569	-0.487844076964368	0.13069523602213	0.2894619515666	0.00202470652129674	-0.775420969488229	-0.0423207131127084
-0.195672660917946	-0.486138012225193	0.129866602327647	0.288421027011961	0.00129423998050962	-0.772644375814099	-0.0454935368195309
-0.198366320276451	-0.484382262996624	0.129020506324856	0.287350302286443	0.000555484710152432	-0.769788085030968	-0.0486991545698348
-0.201077763146082	-0.48257682927866	0.128156948013759	0.286249777390043	-0.000191559289774906	-0.766852097138838	-0.0519375663636202
-0.20380698952684	-0.480721711071303	0.127275927394354	0.285119452322764	-0.000946892019272255	-0.763836412137707	-0.0552087722008868
-0.206553999418726	-0.478816908374551	0.126377444466642	0.283959327084604	-0.00171051347833981	-0.760741030027576	-0.0585127720816348
-0.209318792821738	-0.476862421188405	0.125461499230624	0.282769401675565	-0.00248242366697748	-0.757565950808445	-0.0618495660058643
-0.212101369735877	-0.474858249512866	0.124528091686298	0.281549676095645	-0.00326262258518523	-0.754311174480313	-0.0652191539735751
-0.214901730161143	-0.472804393347932	0.123577221833665	0.280300150344844	-0.00405111023296312	-0.750976701043181	-0.0686215359847673
-0.217719874097536	-0.470700852693604	0.122608889672725	0.279020824423164	-0.0048478866103111	-0.747562530497048	-0.072056712039441
-0.220555801545055	-0.468547627549881	0.121623095203477	0.277711698330604	-0.00565295171722913	-0.744068662841916	-0.0755246821375958
-0.223409512503702	-0.466344717916765	0.120619838425923	0.276372772067163	-0.0064663055537173	-0.740495098077783	-0.0790254462792319
-0.226281006973475	-0.464092123794255	0.119599119340062	0.275004045632842	-0.00728794811977559	-0.73684183620465	-0.0825590044643496
-0.229170284954375	-0.46178984518235	0.118560937945893	0.273605519027641	-0.00811787941540404	-0.733108877222517	-0.0861253566929487
-0.232077346446403	-0.459437882081051	0.117505294243418	0.27217719225156	-0.00895609944060252	-0.729296221131383	-0.0897245029650291
-0.235002191449557	-0.457036234490359	0.116432188232635	0.270719065304598	-0.00980260819537115	-0.725403867931249	-0.0933564432805909
-0.237944819963838	-0.454584902410272	0.115341619913546	0.269231138186756	-0.0106574056797099	-0.721431817622115	-0.097021177639634
-0.240905231989246	-0.452083885840791	0.114233589286149	0.267713410898035	-0.0115204918936187	-0.717380070203981	-0.100718706042158
-0.243883427525781	-0.449533184781916	0.113108096350445	0.266165883438433	-0.0123918668370977	-0.713248625676846	-0.104449028488164
-0.246879406573443	-0.446932799233647	0.111965141106434	0.26458855580795	-0.0132715305101467	-0.709037484040711	-0.108212144977651
-0.249893169132231	-0.444282729195983	0.110804723554116	0.262981428006588	-0.0141594829127659	-0.704746645295575	-0.11200805551062
-0.252924715202147	-0.441582974668926	0.109626843693491	0.261344500034345	-0.0150557240449551	-0.70037610944144	-0.11583676008707
-0.255974044783189	-0.438833535652474	0.108431501524559	0.259677771891223	-0.0159602539067145	-0.695925876478304	-0.119698258707001
-0.259041157875359	-0.436034412146629	0.10721869704732	0.257981243577219	-0.016873072498044	-0.691395946406168	-0.123592551370414
-0.262126054478655	-0.433185604151389	0.105988430261773	0.256254915092336	-0.0177941798189436	-0.686786319225032	-0.127519638077308
-0.265228734593078	-0.430287111666755	0.10474070116792	0.254498786436573	-0.0187235758694133	-0.682096994934895	-0.131479518827684
-0.268349198218628	-0.427338934692727	0.103475509765759	0.252712857609929	-0.0196612606494531	-0.677327973535758	-0.13547219362154
-0.271487445355305	-0.424341073229305	0.102192856055292	0.250897128612406	-0.020607234159063	-0.672479255027621	-0.139497662458879
-0.274643476003109	-0.421293527276489	0.100892740036517	0.249051599444002	-0.0215614963982431	-0.667550839410483	-0.143555925339698
-0.27781729016204	-0.418196296834279	0.0995751617094353	0.247176270104718	-0.0225240473669932	-0.662542726684346	-0.147646982263999
-0.281008887832097	-0.415049381902674	0.0982401210740464	0.245271140594553	-0.0234948870653135	-0.657454916849208	-0.151770833231782
-0.284218269013282	-0.411852782481676	0.0968876181303504	0.243336210913509	-0.0244740154932039	-0.652287409905069	-0.155927478243045
-0.287445433705593	-0.408606498571283	0.0955176528783475	0.241371481061584	-0.0254614326506643	-0.647040205851931	-0.16011691729779
-0.290690381909032	-0.405310530171497	0.0941302253180374	0.239376951038779	-0.0264571385376949	-0.641713304689792	-0.164339150396017
-0.293953113623597	-0.401964877282316	0.0927253354494202	0.237352620845094	-0.0274611331542955	-0.636306706418653	-0.168594177537724
-0.297233628849289	-0.398569539903741	0.0913029832724959	0.235298490480529	-0.0284734165004664	-0.630820411038514	-0.172881998722914
-0.300531927586108	-0.395124518035772	0.0898631687872645	0.233214559945083	-0.0294939885762072	-0.625254418549374	-0.177202613951584
-0.303848009834054	-0.391629811678409	0.088405891993726	0.231100829238758	-0.0305228493815183	-0.619608728951233	-0.181556023223736
-0.307181875593127	-0.388085420831651	0.0869311528918805	0.228957298361552	-0.0315599989163994	-0.613883342244093	-0.18594222653937
-0.310533524863327	-0.3844913454955	0.0854389514817278	0.226783967313466	-0.0326054371808506	-0.608078258427953	-0.190361223898484
-0.313902957644654	-0.380847585669955	0.0839292877632681	0.2245808360945	-0.0336591641748719	-0.602193477502812	-0.19481301530108
-0.317290173937107	-0.377154141355015	0.0824021617365014	0.222347904704653	-0.0347211798984634	-0.596228999468671	-0.199297600747157
-0.320695173740688	-0.373411012550681	0.0808575734014275	0.220085173143927	-0.0357914843516249	-0.59018482432553	-0.203814980236716
-0.324117957055395	-0.369618199256954	0.0792955227580465	0.21779264141232	-0.0368700775343566	-0.584060952073388	-0.208365153769756
-0.327558523881229	-0.365775701473832	0.0777160098063584	0.215470309509833	-0.0379569594466584	-0.577857382712246	-0.212948121346278
-0.33101687421819	-0.361883519201316	0.0761190345463633	0.213118177436466	-0.0390521300885302	-0.571574116242104	-0.217563882966281
-0.334493008066278	-0.357941652439405	0.0745045969780611	0.210736245192218	-0.0401555894599722	-0.565211152662962	-0.222212438629765
-0.337986925425493	-0.353950101188101	0.0728726971014518	0.208324512777091	-0.0412673375609843	-0.558768491974819	-0.22689378833673
-0.341498626295835	-0.349908865447403	0.0712233349165354	0.205882980191083	-0.0423873743915665	-0.552246134177676	-0.231607932087177
-0.345028110677304	-0.345817945217311	0.0695565104233118	0.203411647434195	-0.0435156999517188	-0.545644079271533	-0.236354869881106
-0.3485753785699	-0.341677340497824	0.0678722236217813	0.200910514506427	-0.0446523142414413	-0.53896232725639	-0.241134601718516
-0.352140429973622	-0.337487051288943	0.0661704745119436	0.198379581407779	-0.0457972172607338	-0.532200878132246	-0.245947127599407
-0.355723264888472	-0.333247077590668	0.0644512630937989	0.19581884813825	-0.0469504090095964	-0.525359731899101	-0.250792447523779
-0.359323883314448	-0.328957419403	0.0627145893673471	0.193228314697842	-0.0481118894880292	-0.518438888556957	-0.255670561491633
-0.362942285251551	-0.324618076725937	0.0609604533325881	0.190607981086552	-0.049281658696032	-0.511438348105812	-0.260581469502968
-0.366578470699781	-0.32022904955948	0.0591888549895222	0.187957847304384	-0.0504597166336049	-0.504358110545668	-0.265525171557784
-0.370232439659138	-0.315790337903628	0.0573997943381491	0.185277913351334	-0.051646063300748	-0.497198175876523	-0.270501667656082
-0.373904192129622	-0.311301941758383	0.0555932713784689	0.182568179227405	-0.0528406986974612	-0.489958544098377	-0.275510957797862
-0.377593728111233	-0.306763861123743	0.0537692861104817	0.179828644932595	-0.0540436228237445	-0.482639215211231	-0.280553041983123
-0.381301047603971	-0.30217609599971	0.0519278385341873	0.177059310466905	-0.0552548356795979	-0.475240189215085	-0.285627920211865
-0.385026150607836	-0.297538646386282	0.050068928649586	0.174260175830335	-0.0564743372650214	-0.467761466109939	-0.290735592484088
-0.388769037122827	-0.292851512283461	0.0481925564566775	0.171431241022885	-0.057702127580015	-0.460203045895792	-0.295876058799793
-0.392529707148946	-0.288114693691245	0.0462987219554619	0.168572506044555	-0.0589382066245788	-0.452564928572645	-0.301049319158979
-0.396308160686191	-0.283328190609635	0.0443874251459392	0.165683970895344	-0.0601825743987126	-0.444847114140499	-0.306255373561646
-0.400104397734563	-0.278492003038631	0.0424586660281094	0.162765635575253	-0.0614352309024165	-0.437049602599351	-0.311494222007795
-0.403918418294062	-0.273606130978232	0.0405124446019726	0.159817500084282	-0.0626961761356906	-0.429172393949203	-0.316765864497426
-0.407750222364688	-0.26867057442844	0.0385487608675287	0.156839564422431	-0.0639654100985348	-0.421215488190055	-0.322070301030537
-0.411599809946441	-0.263685333389253	0.0365676148247777	0.1538318285897	-0.065242932790949	-0.413178885321907	-0.32740753160713
-0.415467181039321	-0.258650407860673	0.0345690064737195	0.150794292586088	-0.0665287442129334	-0.405062585344759	-0.332777556227205
-0.419352335643328	-0.253565797842698	0.0325529358143544	0.147726956411596	-0.0678228443644879	-0.39686658825861	-0.33818037489076
-0.423255273758462	-0.24843150333533	0.0305194028466821	0.144629820066224	-0.0691252332456124	-0.388590894063461	-0.343615987597797
-0.427175995384722	-0.243247524338567	0.0284684075707028	0.141502883549972	-0.0704359108563072	-0.380235502759312	-0.349084394348316
-0.43111450052211	-0.23801386085241	0.0263999499864163	0.13834614686284	-0.071754877196572	-0.371800414346162	-0.354585595142316
-0.435070789170624	-0.232730512876859	0.0243140300938228	0.135159610004828	-0.0730821322664069	-0.363285628824012	-0.360119589979797
-0.439044861330265	-0.227397480411913	0.0222106478929222	0.131943272975935	-0.074417676065812	-0.354691146192862	-0.36568637886076
-0.443036717001033	-0.222014763457574	0.0200898033837145	0.128697135776162	-0.0757615085947871	-0.346016966452712	-0.371285961785204
-0.447046356182928	-0.216582362013841	0.0179514965661997	0.125421198405509	-0.0771136298533323	-0.337263089603561	-0.376918338753129
-0.45107377887595	-0.211100276080713	0.0157957274403777	0.122115460863976	-0.0784740398414477	-0.32842951564541	-0.382583509764536
-0.455118985080099	-0.205568505658192	0.0136224960062489	0.118779923151562	-0.0798427385591331	-0.319516244578259	-0.388281474819424
-0.459181974795375	-0.199987050746276	0.0114318022638128	0.115414585268269	-0.0812197260063887	-0.310523276402107	-0.394012233917793
-0.463262748021778	-0.194355911344966	0.00922364621306959	0.112019447214095	-0.0826050021832144	-0.301450611116956	-0.399775787059644
-0.467361304759307	-0.188675087454262	0.00699802785401948	0.108594508989041	-0.0839985670896102	-0.292298248722804	-0.405572134244976
-0.471477645007963	-0.182944579074164	0.00475494718666236	0.105139770593107	-0.085400420725576	-0.283066189219651	-0.41140127547379
-0.475611768767747	-0.177164386204672	0.00249440421099778	0.101655232026292	-0.0868105630911121	-0.273754432607499	-0.417263210746085
-0.479763676038657	-0.171334508845786	0.000216398927026407	0.0981408932885977	-0.0882289941862182	-0.264362978886346	-0.423157940061861
-0.483933366820694	-0.165454946997505	-0.0020790686652522	0.0945967543800228	-0.0896557140108944	-0.254891828056193	-0.429085463421119
-0.488120841113858	-0.159525700659831	-0.00439199856583783	0.0910228153005679	-0.0910907225651407	-0.245340980117039	-0.435045780823858
-0.492326098918149	-0.153546769832762	-0.00672239077473047	0.0874190760502325	-0.0925340198489571	-0.235710435068885	-0.441038892270078
-0.496549140233567	-0.147518154516299	-0.00907024529193035	0.0837855366290172	-0.0939856058623437	-0.226000192911731	-0.44706479775978
-0.500789965060112	-0.141439854710443	-0.0114355621174372	0.0801221970369217	-0.0954454806053004	-0.216210253645577	-0.453123497292963
-0.505048573397783	-0.135311870415192	-0.0138183412512513	0.0764290572739459	-0.0969136440778272	-0.206340617270423	-0.459214990869628
-0.509324965246582	-0.129134201630547	-0.0162185826933723	0.07270611734009	-0.098390096279924	-0.196391283786268	-0.465339278489774
-0.513619140606507	-0.122906848356508	-0.0186362864438003	0.0689533772353541	-0.0998748372115909	-0.186362253193113	-0.471496360153401
-0.51793109947756	-0.116629810593074	-0.0210714525025356	0.0651708369597377	-0.101367866872828	-0.176253525490958	-0.477686235860509
-0.522260841859739	-0.110303088340247	-0.0235240808695779	0.0613584965132412	-0.102869185263635	-0.166065100679802	-0.483908905611099
-0.526608367753045	-0.103926681598025	-0.0259941715449273	0.0575163558958645	-0.104378792384013	-0.155796978759646	-0.490164369405171
-0.530973677157478	-0.0975005903664095	-0.0284817245285839	0.0536444151076074	-0.10589668823396	-0.145449159730489	-0.496452627242724
-0.535356770073038	-0.0910248146453998	-0.0309867398205474	0.0497426741484706	-0.107422872813478	-0.135021643592333	-0.502773679123758
-0.539757646499725	-0.0844993544349959	-0.0335092174208181	0.0458111330184532	-0.108957346122565	-0.124514430345176	-0.509127525048273
-0.544176306437539	-0.0779242097351984	-0.0360491573293958	0.041849791717556	-0.110500108161223	-0.11392751998902	-0.51551416501627
-0.548612749886479	-0.0712993805460065	-0.0386065595462806	0.0378586502457785	-0.112051158929451	-0.103260912523863	-0.521933599027748
-0.553066976846547	-0.0646248668674199	-0.0411814240714725	0.0338377086031205	-0.113610498427249	-0.0925146079497048	-0.528385827082708
-0.557538987317741	-0.0579006686994401	-0.0437737509049715	0.0297869667895827	-0.115178126654617	-0.0816886062665469	-0.534870849181149
-0.562028781300063	-0.0511267860420652	-0.0463835400467777	0.0257064248051642	-0.116754043611555	-0.0707829074743889	-0.541388665323071
-0.566536358793511	-0.0443032188952968	-0.0490107914968907	0.021596082649866	-0.118338249298063	-0.0597975115732305	-0.547939275508475
-0.571061719798086	-0.0374299672591345	-0.0516555052553109	0.0174559403236874	-0.119930743714142	-0.0487324185630724	-0.55452267973736
-0.575604864313788	-0.0305070311335776	-0.0543176813220384	0.0132859978266282	-0.12153152685979	-0.0375876284439127	-0.561138878009727
-0.580165792340617	-0.0235344105186273	-0.0569973196970727	0.00908625515868988	-0.123140598735009	-0.0263631412157541	-0.567787870325574
-0.584744503878573	-0.0165121054142818	-0.0596944203804143	0.00485671231987017	-0.124757959339797	-0.0150589568785944	-0.574469656684903
-0.589340998927656	-0.00944011582054305	-0.0624089833720628	0.00059736931017107	-0.126383608674156	-0.00367507543243439	-0.581184237087714
-0.593955277487865	-0.00231844173741003	-0.0651410086720186	-0.00369177387040853	-0.128017546738085	0.00778850312272539	-0.587931611534006
-0.598587339559202	0.00485291683511724	-0.0678904962802813	-0.00801071722186819	-0.129659773531584	0.0193317787868854	-0.594711780023779
-0.603237185141665	0.0120739598970387	-0.0706574461968511	-0.0123594607442081	-0.131310289054653	0.0309547515600466	-0.601524742557034
-0.607904814235256	0.0193446874483545	-0.0734418584217281	-0.0167380044374283	-0.132969093307293	0.0426574214422071	-0.60837049913377
-0.612590226839973	0.026665099489064	-0.0762437329549122	-0.0211463483015286	-0.134636186289502	0.0544397884333683	-0.615249049753987
-0.617293422955817	0.0340351960191674	-0.0790630697964031	-0.0255844923365089	-0.136311568001281	0.0663018525335288	-0.622160394417686
-0.622014402582788	0.041454977038665	-0.0818998689462014	-0.0300524365423696	-0.137995238442631	0.078243613742691	-0.629104533124866
-0.626753165720886	0.0489244425475568	-0.0847541304043067	-0.0345501809191104	-0.139687197613551	0.0902650720608533	-0.636081465875528
-0.631509712370111	0.0564435925458429	-0.0876258541707191	-0.0390777254667316	-0.141387445514041	0.102366227488015	-0.643091192669671
-0.636284042530462	0.0640124270335227	-0.0905150402454384	-0.0436350701852326	-0.143095982144101	0.114547080024177	-0.650133713507295
-0.641076156201941	0.0716309460105977	-0.093421688628465	-0.0482222150746141	-0.144812807503731	0.126807629669341	-0.657209028388401
-0.645886053384547	0.0792991494770661	-0.0963457993197987	-0.0528391601348759	-0.146537921592931	0.139147876423504	-0.664317137312988
-0.650713734078279	0.0870170374329282	-0.0992873723194392	-0.0574859053660175	-0.148271324411701	0.151567820286667	-0.671458040281056
-0.655559198283138	0.094784609878185	-0.102246407627387	-0.0621624507680396	-0.150013015960041	0.16406746125883	-0.678631737292606
-0.660422445999125	0.102601866812835	-0.105222905243642	-0.0668687963409418	-0.151762996237952	0.176646799339994	-0.685838228347637
-0.665303477226238	0.11046880823688	-0.108216865168204	-0.0716049420847245	-0.153521265245432	0.189305834530159	-0.69307751344615
-0.670202291964478	0.118385434150319	-0.111228287401073	-0.0763708879993867	-0.155287822982483	0.202044566829323	-0.700349592588143
-0.675118890213845	0.126351744553152	-0.114257171942249	-0.0811666340849295	-0.157062669449104	0.214862996237488	-0.707654465773618
-0.680053271974339	0.134367739445379	-0.117303518791732	-0.0859921803413526	-0.158845804645295	0.227761122754653	-0.714992133002575
-0.685005437245959	0.142433418827	-0.120367327949523	-0.0908475267686557	-0.160637228571056	0.240738946380818	-0.722362594275013
-0.689975386028707	0.150548782698016	-0.12344859941562	-0.0957326733668391	-0.162436941226387	0.253796467115983	-0.729765849590932
-0.694963118322581	0.158713831058425	-0.126547333190024	-0.100647620135903	-0.164244942611288	0.266933684960149	-0.737201898950333
-0.699968634127583	0.166928563908229	-0.129663529272736	-0.105592367075847	-0.166061232725759	0.280150599913316	-0.744670742353215
-0.704991933443711	0.175192981247426	-0.132797187663754	-0.11056691418667	-0.167885811569801	0.293447211975481	-0.752172379799578
-0.710033016270966	0.183507083076018	-0.13594830836308	-0.115571261468374	-0.169718679143412	0.306823521146648	-0.759706811289423
-0.715091882609349	0.191870869394004	-0.139116891370713	-0.120605408920959	-0.171559835446594	0.320279527426815	-0.76727403682275
-0.720168532458858	0.200284340201384	-0.142302936686653	-0.125669356544423	-0.173409280479346	0.333815230815983	-0.774874056399557
-0.725262965819493	0.208747495498157	-0.1455064443109	-0.130763104338768	-0.175267014241668	0.34743063131415	-0.782506870019846
-0.730375182691256	0.217260335284326	-0.148727414243454	-0.135886652303993	-0.17713303673356	0.361125728921317	-0.790172477683616
-0.735505183074146	0.225822859559889	-0.151965846484315	-0.141040000440098	-0.179007347955022	0.374900523637486	-0.797870879390868
-0.740652966968163	0.234435068324844	-0.155221741033483	-0.146223148747083	-0.180889947906054	0.388755015462653	-0.805602075141601
-0.745818534373306	0.243096961579195	-0.158495097890959	-0.151436097224948	-0.182780836586656	0.402689204396822	-0.813366064935815
-0.751001885289577	0.25180853932294	-0.161785917056741	-0.156678845873694	-0.184680013996829	0.416703090439991	-0.821162848773511
-0.756203019716974	0.260569801556079	-0.165094198530831	-0.16195139469332	-0.186587480136571	0.430796673592161	-0.828992426654688
-0.761421937655498	0.269380748278611	-0.168419942313227	-0.167253743683826	-0.188503235005884	0.44496995385333	-0.836854798579347
-0.766658639105149	0.278241379490538	-0.171763148403931	-0.172585892845212	-0.190427278604766	0.459222931223499	-0.844749964547487
-0.771913124065927	0.28715169519186	-0.175123816802942	-0.177947842177478	-0.192359610933219	0.47355560570267	-0.852677924559108
-0.777185392537832	0.296111695382575	-0.178501947510259	-0.183339591680625	-0.194300231991242	0.487967977290839	-0.860638678614211
-0.782475444520864	0.305121380062684	-0.181897540525884	-0.188761141354651	-0.196249141778835	0.502460045988009	-0.868632226712794
-0.787783280015023	0.314180749232187	-0.185310595849816	-0.194212491199559	-0.198206340295999	0.517031811794181	-0.87665856885486
-0.783060272911921	0.31507678474987	-0.185270982042935	-0.194681154772517	-0.196777172094769	0.51831367449778	-0.872744960117033
-0.778337265808819	0.315972820267553	-0.185231368236054	-0.195149818345475	-0.195348003893539	0.519595537201382	-0.868831351379206
-0.773614258705716	0.316868855785237	-0.185191754429172	-0.195618481918433	-0.193918835692309	0.520877399904983	-0.864917742641379
-0.768891251602614	0.317764891302921	-0.185152140622291	-0.196087145491391	-0.192489667491079	0.522159262608585	-0.861004133903553
-0.764168244499511	0.318660926820604	-0.18511252681541	-0.196555809064349	-0.191060499289849	0.523441125312187	-0.857090525165726
-0.759445237396409	0.319556962338288	-0.185072913008528	-0.197024472637307	-0.189631331088619	0.524722988015788	-0.853176916427899
-0.754722230293306	0.320452997855971	-0.185033299201647	-0.197493136210265	-0.188202162887389	0.52600485071939	-0.849263307690072
-0.749999223190204	0.321349033373655	-0.184993685394766	-0.197961799783224	-0.18677299468616	0.527286713422991	-0.845349698952245
-0.745276216087101	0.322245068891339	-0.184954071587884	-0.198430463356182	-0.18534382648493	0.528568576126593	-0.841436090214418
-0.740553208983999	0.323141104409022	-0.184914457781003	-0.19889912692914	-0.1839146582837	0.529850438830194	-0.837522481476591
-0.735830201880896	0.324037139926706	-0.184874843974122	-0.199367790502098	-0.18248549008247	0.531132301533796	-0.833608872738765
-0.731107194777794	0.32493317544439	-0.18483523016724	-0.199836454075056	-0.18105632188124	0.532414164237397	-0.829695264000938
-0.726384187674691	0.325829210962073	-0.184795616360359	-0.200305117648014	-0.17962715368001	0.533696026940999	-0.825781655263111
-0.721661180571589	0.326725246479757	-0.184756002553478	-0.200773781220972	-0.17819798547878	0.534977889644601	-0.821868046525284
-0.716938173468486	0.327621281997441	-0.184716388746596	-0.20124244479393	-0.17676881727755	0.536259752348202	-0.817954437787457
-0.712215166365384	0.328517317515124	-0.184676774939715	-0.201711108366889	-0.17533964907632	0.537541615051804	-0.81404082904963
-0.707492159262281	0.329413353032808	-0.184637161132834	-0.202179771939847	-0.173910480875091	0.538823477755405	-0.810127220311804
-0.702769152159179	0.330309388550491	-0.184597547325952	-0.202648435512805	-0.172481312673861	0.540105340459007	-0.806213611573977
-0.698046145056076	0.331205424068175	-0.184557933519071	-0.203117099085763	-0.171052144472631	0.541387203162608	-0.80230000283615
-0.693323137952974	0.332101459585859	-0.18451831971219	-0.203585762658721	-0.169622976271401	0.54266906586621	-0.798386394098323
-0.688600130849871	0.332997495103542	-0.184478705905308	-0.204054426231679	-0.168193808070171	0.543950928569811	-0.794472785360496
-0.683877123746769	0.333893530621226	-0.184439092098427	-0.204523089804637	-0.166764639868941	0.545232791273413	-0.790559176622669
-0.679154116643666	0.33478956613891	-0.184399478291546	-0.204991753377596	-0.165335471667711	0.546514653977014	-0.786645567884843
-0.674431109540564	0.335685601656593	-0.184359864484664	-0.205460416950554	-0.163906303466481	0.547796516680616	-0.782731959147016
-0.669708102437461	0.336581637174277	-0.184320250677783	-0.205929080523512	-0.162477135265252	0.549078379384218	-0.778818350409189
-0.664985095334359	0.33747767269196	-0.184280636870902	-0.20639774409647	-0.161047967064022	0.550360242087819	-0.774904741671362
-0.660262088231256	0.338373708209644	-0.18424102306402	-0.206866407669428	-0.159618798862792	0.551642104791421	-0.770991132933535
-0.655539081128154	0.339269743727328	-0.184201409257139	-0.207335071242386	-0.158189630661562	0.552923967495022	-0.767077524195708
-0.650816074025051	0.340165779245011	-0.184161795450258	-0.207803734815344	-0.156760462460332	0.554205830198624	-0.763163915457881
-0.646093066921949	0.341061814762695	-0.184122181643376	-0.208272398388302	-0.155331294259102	0.555487692902225	-0.759250306720055
-0.641370059818846	0.341957850280379	-0.184082567836495	-0.208741061961261	-0.153902126057872	0.556769555605827	-0.755336697982228
-0.636647052715744	0.342853885798062	-0.184042954029614	-0.209209725534219	-0.152472957856642	0.558051418309429	-0.751423089244401
-0.631924045612641	0.343749921315746	-0.184003340222732	-0.209678389107177	-0.151043789655413	0.55933328101303	-0.747509480506574
-0.627201038509539	0.34464595683343	-0.183963726415851	-0.210147052680135	-0.149614621454183	0.560615143716632	-0.743595871768747
-0.622478031406436	0.345541992351113	-0.18392411260897	-0.210615716253093	-0.148185453252953	0.561897006420233	-0.73968226303092
-0.617755024303334	0.346438027868797	-0.183884498802088	-0.211084379826051	-0.146756285051723	0.563178869123835	-0.735768654293094
-0.613032017200231	0.34733406338648	-0.183844884995207	-0.211553043399009	-0.145327116850493	0.564460731827436	-0.731855045555267
-0.608309010097129	0.348230098904164	-0.183805271188326	-0.212021706971968	-0.143897948649263	0.565742594531038	-0.72794143681744
-0.603586002994026	0.349126134421848	-0.183765657381444	-0.212490370544926	-0.142468780448033	0.567024457234639	-0.724027828079613
-0.598862995890924	0.350022169939531	-0.183726043574563	-0.212959034117884	-0.141039612246803	0.568306319938241	-0.720114219341786
-0.594139988787821	0.350918205457215	-0.183686429767682	-0.213427697690842	-0.139610444045573	0.569588182641842	-0.716200610603959
-0.589416981684719	0.351814240974899	-0.1836468159608	-0.2138963612638	-0.138181275844344	0.570870045345444	-0.712287001866132
-0.584693974581616	0.352710276492582	-0.183607202153919	-0.214365024836758	-0.136752107643114	0.572151908049046	-0.708373393128306
-0.579970967478514	0.353606312010266	-0.183567588347038	-0.214833688409716	-0.135322939441884	0.573433770752647	-0.704459784390479
-0.575247960375411	0.35450234752795	-0.183527974540156	-0.215302351982674	-0.133893771240654	0.574715633456249	-0.700546175652652
-0.570524953272309	0.355398383045633	-0.183488360733275	-0.215771015555633	-0.132464603039424	0.57599749615985	-0.696632566914825
-0.565801946169206	0.356294418563317	-0.183448746926394	-0.216239679128591	-0.131035434838194	0.577279358863452	-0.692718958176998
-0.561078939066104	0.357190454081	-0.183409133119512	-0.216708342701549	-0.129606266636964	0.578561221567053	-0.688805349439171
-0.556355931963001	0.358086489598684	-0.183369519312631	-0.217177006274507	-0.128177098435734	0.579843084270655	-0.684891740701345
-0.551632924859899	0.358982525116368	-0.18332990550575	-0.217645669847465	-0.126747930234505	0.581124946974256	-0.680978131963518
-0.546909917756797	0.359878560634051	-0.183290291698868	-0.218114333420423	-0.125318762033275	0.582406809677858	-0.677064523225691
-0.542186910653694	0.360774596151735	-0.183250677891987	-0.218582996993381	-0.123889593832045	0.583688672381459	-0.673150914487864
-0.537463903550591	0.361670631669419	-0.183211064085106	-0.219051660566339	-0.122460425630815	0.584970535085061	-0.669237305750037
-0.532740896447489	0.362566667187102	-0.183171450278224	-0.219520324139298	-0.121031257429585	0.586252397788663	-0.66532369701221
-0.528017889344387	0.363462702704786	-0.183131836471343	-0.219988987712256	-0.119602089228355	0.587534260492264	-0.661410088274384
-0.523294882241284	0.36435873822247	-0.183092222664461	-0.220457651285214	-0.118172921027125	0.588816123195866	-0.657496479536557
-0.518571875138182	0.365254773740153	-0.18305260885758	-0.220926314858172	-0.116743752825895	0.590097985899467	-0.65358287079873
-0.513848868035079	0.366150809257837	-0.183012995050699	-0.22139497843113	-0.115314584624665	0.591379848603069	-0.649669262060903
-0.509125860931977	0.36704684477552	-0.182973381243817	-0.221863642004088	-0.113885416423436	0.59266171130667	-0.645755653323076
-0.504402853828874	0.367942880293204	-0.182933767436936	-0.222332305577046	-0.112456248222206	0.593943574010272	-0.641842044585249
-0.499679846725772	0.368838915810888	-0.182894153630055	-0.222800969150005	-0.111027080020976	0.595225436713874	-0.637928435847423
-0.494956839622669	0.369734951328571	-0.182854539823173	-0.223269632722963	-0.109597911819746	0.596507299417475	-0.634014827109596
-0.490233832519567	0.370630986846255	-0.182814926016292	-0.223738296295921	-0.108168743618516	0.597789162121077	-0.630101218371769
-0.485510825416464	0.371527022363939	-0.182775312209411	-0.224206959868879	-0.106739575417286	0.599071024824678	-0.626187609633942
-0.480787818313362	0.372423057881622	-0.182735698402529	-0.224675623441837	-0.105310407216056	0.60035288752828	-0.622274000896115
-0.476064811210259	0.373319093399306	-0.182696084595648	-0.225144287014795	-0.103881239014826	0.601634750231881	-0.618360392158288
-0.471341804107157	0.374215128916989	-0.182656470788767	-0.225612950587753	-0.102452070813597	0.602916612935483	-0.614446783420461
-0.466618797004054	0.375111164434673	-0.182616856981885	-0.226081614160711	-0.101022902612367	0.604198475639084	-0.610533174682635
-0.461895789900952	0.376007199952357	-0.182577243175004	-0.22655027773367	-0.0995937344111368	0.605480338342686	-0.606619565944808
-0.457172782797849	0.37690323547004	-0.182537629368123	-0.227018941306628	-0.0981645662099069	0.606762201046288	-0.602705957206981
-0.452449775694747	0.377799270987724	-0.182498015561241	-0.227487604879586	-0.096735398008677	0.608044063749889	-0.598792348469154
-0.447726768591644	0.378695306505408	-0.18245840175436	-0.227956268452544	-0.0953062298074471	0.609325926453491	-0.594878739731327
-0.443003761488542	0.379591342023091	-0.182418787947479	-0.228424932025502	-0.0938770616062173	0.610607789157092	-0.5909651309935
-0.438280754385439	0.380487377540775	-0.182379174140597	-0.22889359559846	-0.0924478934049874	0.611889651860694	-0.587051522255674
-0.433557747282337	0.381383413058459	-0.182339560333716	-0.229362259171418	-0.0910187252037575	0.613171514564295	-0.583137913517847
-0.428834740179234	0.382279448576142	-0.182299946526835	-0.229830922744376	-0.0895895570025276	0.614453377267897	-0.57922430478002
-0.424111733076132	0.383175484093826	-0.182260332719953	-0.230299586317335	-0.0881603888012977	0.615735239971498	-0.575310696042193
-0.419388725973029	0.384071519611509	-0.182220718913072	-0.230768249890293	-0.0867312206000678	0.6170171026751	-0.571397087304366
-0.414665718869927	0.384967555129193	-0.182181105106191	-0.231236913463251	-0.085302052398838	0.618298965378701	-0.567483478566539
-0.409942711766824	0.385863590646877	-0.182141491299309	-0.231705577036209	-0.0838728841976081	0.619580828082303	-0.563569869828712
-0.405219704663722	0.38675962616456	-0.182101877492428	-0.232174240609167	-0.0824437159963782	0.620862690785905	-0.559656261090886
-0.400496697560619	0.387655661682244	-0.182062263685547	-0.232642904182125	-0.0810145477951483	0.622144553489506	-0.555742652353059
-0.395773690457517	0.388551697199928	-0.182022649878665	-0.233111567755083	-0.0795853795939184	0.623426416193108	-0.551829043615232
-0.391050683354414	0.389447732717611	-0.181983036071784	-0.233580231328042	-0.0781562113926886	0.624708278896709	-0.547915434877405
-0.386327676251312	0.390343768235295	-0.181943422264903	-0.234048894901	-0.0767270431914587	0.625990141600311	-0.544001826139578
-0.381604669148209	0.391239803752979	-0.181903808458021	-0.234517558473958	-0.0752978749902288	0.627272004303912	-0.540088217401751
-0.376881662045107	0.392135839270662	-0.18186419465114	-0.234986222046916	-0.0738687067889989	0.628553867007514	-0.536174608663925
-0.372158654942004	0.393031874788346	-0.181824580844259	-0.235454885619874	-0.072439538587769	0.629835729711115	-0.532260999926098
-0.367435647838902	0.393927910306029	-0.181784967037377	-0.235923549192832	-0.0710103703865392	0.631117592414717	-0.528347391188271
-0.362712640735799	0.394823945823713	-0.181745353230496	-0.23639221276579	-0.0695812021853092	0.632399455118319	-0.524433782450444
-0.357989633632697	0.395719981341397	-0.181705739423615	-0.236860876338748	-0.0681520339840794	0.63368131782192	-0.520520173712617
-0.353266626529594	0.39661601685908	-0.181666125616733	-0.237329539911707	-0.0667228657828495	0.634963180525522	-0.51660656497479
-0.348543619426492	0.397512052376764	-0.181626511809852	-0.237798203484665	-0.0652936975816196	0.636245043229123	-0.512692956236964
-0.343820612323389	0.398408087894448	-0.181586898002971	-0.238266867057623	-0.0638645293803898	0.637526905932725	-0.508779347499137
-0.339097605220287	0.399304123412131	-0.181547284196089	-0.238735530630581	-0.0624353611791598	0.638808768636326	-0.50486573876131
-0.334374598117184	0.400200158929815	-0.181507670389208	-0.239204194203539	-0.06100619297793	0.640090631339928	-0.500952130023483
-0.329651591014082	0.401096194447498	-0.181468056582327	-0.239672857776497	-0.0595770247767001	0.641372494043529	-0.497038521285656
-0.324928583910979	0.401992229965182	-0.181428442775445	-0.240141521349455	-0.0581478565754702	0.642654356747131	-0.493124912547829
-0.320205576807877	0.402888265482866	-0.181388828968564	-0.240610184922414	-0.0567186883742404	0.643936219450733	-0.489211303810002
-0.315482569704774	0.403784301000549	-0.181349215161683	-0.241078848495372	-0.0552895201730104	0.645218082154334	-0.485297695072176
-0.310759562601672	0.404680336518233	-0.181309601354801	-0.24154751206833	-0.0538603519717806	0.646499944857936	-0.481384086334349
-0.306036555498569	0.405576372035917	-0.18126998754792	-0.242016175641288	-0.0524311837705507	0.647781807561537	-0.477470477596522
-0.301313548395467	0.4064724075536	-0.181230373741039	-0.242484839214246	-0.0510020155693208	0.649063670265139	-0.473556868858695
-0.296590541292364	0.407368443071284	-0.181190759934157	-0.242953502787204	-0.0495728473680909	0.65034553296874	-0.469643260120868
-0.291867534189262	0.408264478588968	-0.181151146127276	-0.243422166360162	-0.048143679166861	0.651627395672342	-0.465729651383041
-0.287144527086159	0.409160514106651	-0.181111532320395	-0.24389082993312	-0.0467145109656312	0.652909258375943	-0.461816042645215
-0.282421519983057	0.410056549624335	-0.181071918513513	-0.244359493506079	-0.0452853427644013	0.654191121079545	-0.457902433907388
-0.277698512879955	0.410952585142018	-0.181032304706632	-0.244828157079037	-0.0438561745631714	0.655472983783146	-0.453988825169561
-0.272975505776852	0.411848620659702	-0.180992690899751	-0.245296820651995	-0.0424270063619415	0.656754846486748	-0.450075216431734
-0.268252498673749	0.412744656177386	-0.180953077092869	-0.245765484224953	-0.0409978381607116	0.65803670919035	-0.446161607693907
-0.263529491570647	0.413640691695069	-0.180913463285988	-0.246234147797911	-0.0395686699594818	0.659318571893951	-0.44224799895608
-0.258806484467545	0.414536727212753	-0.180873849479107	-0.246702811370869	-0.0381395017582519	0.660600434597553	-0.438334390218254
-0.254083477364442	0.415432762730437	-0.180834235672225	-0.247171474943827	-0.036710333557022	0.661882297301154	-0.434420781480427
-0.249360470261339	0.41632879824812	-0.180794621865344	-0.247640138516785	-0.0352811653557921	0.663164160004756	-0.4305071727426
-0.244637463158237	0.417224833765804	-0.180755008058463	-0.248108802089744	-0.0338519971545622	0.664446022708357	-0.426593564004773
-0.239914456055135	0.418120869283487	-0.180715394251581	-0.248577465662702	-0.0324228289533324	0.665727885411959	-0.422679955266946
-0.235191448952032	0.419016904801171	-0.1806757804447	-0.24904612923566	-0.0309936607521025	0.66700974811556	-0.418766346529119
-0.23046844184893	0.419912940318855	-0.180636166637819	-0.249514792808618	-0.0295644925508726	0.668291610819162	-0.414852737791292
-0.225745434745827	0.420808975836538	-0.180596552830937	-0.249983456381576	-0.0281353243496427	0.669573473522764	-0.410939129053466
-0.221022427642725	0.421705011354222	-0.180556939024056	-0.250452119954534	-0.0267061561484128	0.670855336226365	-0.407025520315639
-0.216299420539622	0.422601046871906	-0.180517325217175	-0.250920783527492	-0.025276987947183	0.672137198929967	-0.403111911577812
-0.21157641343652	0.423497082389589	-0.180477711410293	-0.251389447100451	-0.0238478197459531	0.673419061633568	-0.399198302839985
-0.206853406333417	0.424393117907273	-0.180438097603412	-0.251858110673409	-0.0224186515447232	0.67470092433717	-0.395284694102158
-0.202130399230315	0.425289153424957	-0.180398483796531	-0.252326774246367	-0.0209894833434933	0.675982787040771	-0.391371085364331
-0.197407392127212	0.42618518894264	-0.180358869989649	-0.252795437819325	-0.0195603151422634	0.677264649744373	-0.387457476626505
-0.19268438502411	0.427081224460324	-0.180319256182768	-0.253264101392283	-0.0181311469410335	0.678546512447974	-0.383543867888678
-0.187961377921007	0.427977259978007	-0.180279642375887	-0.253732764965241	-0.0167019787398037	0.679828375151576	-0.379630259150851
-0.183238370817905	0.428873295495691	-0.180240028569005	-0.254201428538199	-0.0152728105385738	0.681110237855178	-0.375716650413024
-0.178515363714802	0.429769331013375	-0.180200414762124	-0.254670092111157	-0.0138436423373439	0.682392100558779	-0.371803041675197
-0.1737923566117	0.430665366531058	-0.180160800955242	-0.255138755684116	-0.012414474136114	0.683673963262381	-0.36788943293737
-0.169069349508597	0.431561402048742	-0.180121187148361	-0.255607419257074	-0.0109853059348841	0.684955825965982	-0.363975824199543
-0.164346342405495	0.432457437566426	-0.18008157334148	-0.256076082830032	-0.00955613773365427	0.686237688669584	-0.360062215461717
-0.159623335302392	0.433353473084109	-0.180041959534598	-0.25654474640299	-0.00812696953242437	0.687519551373185	-0.35614860672389
-0.15490032819929	0.434249508601793	-0.180002345727717	-0.257013409975948	-0.00669780133119449	0.688801414076787	-0.352234997986063
-0.150177321096187	0.435145544119477	-0.179962731920836	-0.257482073548906	-0.00526863312996462	0.690083276780388	-0.348321389248236
-0.145454313993085	0.43604157963716	-0.179923118113954	-0.257950737121864	-0.00383946492873474	0.69136513948399	-0.344407780510409
-0.140731306889982	0.436937615154844	-0.179883504307073	-0.258419400694822	-0.00241029672750484	0.692647002187591	-0.340494171772582
-0.13600829978688	0.437833650672527	-0.179843890500192	-0.258888064267781	-0.000981128526274966	0.693928864891193	-0.336580563034756
-0.131285292683777	0.438729686190211	-0.17980427669331	-0.259356727840739	0.000448039674954936	0.695210727594795	-0.332666954296929
-0.126562285580675	0.439625721707895	-0.179764662886429	-0.259825391413697	0.00187720787618478	0.696492590298396	-0.328753345559102
-0.121839278477572	0.440521757225578	-0.179725049079548	-0.260294054986655	0.00330637607741466	0.697774453001998	-0.324839736821275
-0.11711627137447	0.441417792743262	-0.179685435272666	-0.260762718559613	0.00473554427864456	0.699056315705599	-0.320926128083448
-0.112393264271367	0.442313828260946	-0.179645821465785	-0.261231382132571	0.00616471247987443	0.700338178409201	-0.317012519345621
-0.107670257168265	0.443209863778629	-0.179606207658904	-0.261700045705529	0.00759388068110434	0.701620041112802	-0.313098910607794
-0.102947250065162	0.444105899296313	-0.179566593852022	-0.262168709278488	0.00902304888233418	0.702901903816404	-0.309185301869968
-0.0982242429620597	0.445001934813997	-0.179526980045141	-0.262637372851446	0.0104522170835641	0.704183766520005	-0.305271693132141
-0.0935012358589572	0.44589797033168	-0.17948736623826	-0.263106036424404	0.011881385284794	0.705465629223607	-0.301358084394314
-0.0887782287558547	0.446794005849364	-0.179447752431378	-0.263574699997362	0.0133105534860239	0.706747491927209	-0.297444475656487
-0.0840552216527523	0.447690041367047	-0.179408138624497	-0.26404336357032	0.0147397216872537	0.70802935463081	-0.29353086691866
-0.0793322145496497	0.448586076884731	-0.179368524817616	-0.264512027143278	0.0161688898884836	0.709311217334412	-0.289617258180833
-0.0746092074465472	0.449482112402415	-0.179328911010734	-0.264980690716236	0.0175980580897135	0.710593080038013	-0.285703649443007
-0.0698862003434448	0.450378147920098	-0.179289297203853	-0.265449354289194	0.0190272262909434	0.711874942741615	-0.28179004070518
-0.0651631932403423	0.451274183437782	-0.179249683396972	-0.265918017862153	0.0204563944921733	0.713156805445216	-0.277876431967353
-0.0604401861372398	0.452170218955466	-0.17921006959009	-0.266386681435111	0.0218855626934031	0.714438668148818	-0.273962823229526
-0.0557171790341373	0.453066254473149	-0.179170455783209	-0.266855345008069	0.023314730894633	0.715720530852419	-0.270049214491699
-0.0509941719310348	0.453962289990833	-0.179130841976328	-0.267324008581027	0.0247438990958629	0.717002393556021	-0.266135605753872
-0.0462711648279323	0.454858325508516	-0.179091228169446	-0.267792672153985	0.0261730672970928	0.718284256259623	-0.262221997016046
-0.0415481577248298	0.4557543610262	-0.179051614362565	-0.268261335726943	0.0276022354983227	0.719566118963224	-0.258308388278219
-0.0368251506217273	0.456650396543884	-0.179012000555684	-0.268729999299901	0.0290314036995526	0.720847981666826	-0.254394779540392
-0.0321021435186248	0.457546432061567	-0.178972386748802	-0.26919866287286	0.0304605719007824	0.722129844370427	-0.250481170802565
-0.0273791364155224	0.458442467579251	-0.178932772941921	-0.269667326445818	0.0318897401020123	0.723411707074029	-0.246567562064738
-0.0226561293124198	0.459338503096935	-0.17889315913504	-0.270135990018776	0.0333189083032422	0.72469356977763	-0.242653953326911
-0.0179331222093174	0.460234538614618	-0.178853545328158	-0.270604653591734	0.0347480765044721	0.725975432481232	-0.238740344589085
-0.0132101151062148	0.461130574132302	-0.178813931521277	-0.271073317164692	0.036177244705702	0.727257295184834	-0.234826735851258
-0.00848710800311236	0.462026609649986	-0.178774317714396	-0.27154198073765	0.0376064129069318	0.728539157888435	-0.230913127113431
-0.00376410090000978	0.462922645167669	-0.178734703907514	-0.272010644310608	0.0390355811081617	0.729821020592037	-0.226999518375604
0.00095890620309258	0.463818680685353	-0.178695090100633	-0.272479307883566	0.0404647493093916	0.731102883295638	-0.223085909637777
0.00568191330619516	0.464714716203036	-0.178655476293752	-0.272947971456525	0.0418939175106215	0.73238474599924	-0.21917230089995
0.0104049204092976	0.46561075172072	-0.17861586248687	-0.273416635029483	0.0433230857118513	0.733666608702841	-0.215258692162123
0.0151279275124001	0.466506787238404	-0.178576248679989	-0.273885298602441	0.0447522539130812	0.734948471406443	-0.211345083424297
0.0198509346155026	0.467402822756087	-0.178536634873108	-0.274353962175399	0.0461814221143111	0.736230334110044	-0.20743147468647
0.0245739417186051	0.468298858273771	-0.178497021066226	-0.274822625748357	0.047610590315541	0.737512196813646	-0.203517865948643
0.0292969488217076	0.469194893791455	-0.178457407259345	-0.275291289321315	0.0490397585167709	0.738794059517247	-0.199604257210816
0.03401995592481	0.470090929309138	-0.178417793452464	-0.275759952894273	0.0504689267180007	0.740075922220849	-0.195690648472989
0.0387429630279126	0.470986964826822	-0.178378179645582	-0.276228616467232	0.0518980949192306	0.741357784924451	-0.191777039735162
0.0434659701310151	0.471883000344505	-0.178338565838701	-0.27669728004019	0.0533272631204605	0.742639647628052	-0.187863430997336
0.0481889772341176	0.472779035862189	-0.17829895203182	-0.277165943613148	0.0547564313216904	0.743921510331654	-0.183949822259509
0.05291198433722	0.473675071379873	-0.178259338224938	-0.277634607186106	0.0561855995229203	0.745203373035255	-0.180036213521682
0.0576349914403226	0.474571106897556	-0.178219724418057	-0.278103270759064	0.0576147677241502	0.746485235738857	-0.176122604783855
0.0623579985434251	0.47546714241524	-0.178180110611176	-0.278571934332022	0.05904393592538	0.747767098442458	-0.172208996046028
0.0670810056465275	0.476363177932924	-0.178140496804294	-0.27904059790498	0.0604731041266099	0.74904896114606	-0.168295387308201
0.07180401274963	0.477259213450607	-0.178100882997413	-0.279509261477938	0.0619022723278398	0.750330823849661	-0.164381778570375
0.0765270198527326	0.478155248968291	-0.178061269190532	-0.279977925050897	0.0633314405290697	0.751612686553263	-0.160468169832548
0.0812500269558352	0.479051284485975	-0.17802165538365	-0.280446588623855	0.0647606087302996	0.752894549256864	-0.156554561094721
0.0859730340589376	0.479947320003658	-0.177982041576769	-0.280915252196813	0.0661897769315295	0.754176411960466	-0.152640952356894
0.09069604116204	0.480843355521342	-0.177942427769888	-0.281383915769771	0.0676189451327593	0.755458274664068	-0.148727343619067
0.0954190482651426	0.481739391039025	-0.177902813963006	-0.281852579342729	0.0690481133339892	0.756740137367669	-0.14481373488124
0.100142055368245	0.482635426556709	-0.177863200156125	-0.282321242915687	0.0704772815352191	0.758022000071271	-0.140900126143413
0.104865062471348	0.483531462074393	-0.177823586349244	-0.282789906488645	0.0719064497364491	0.759303862774872	-0.136986517405586
0.10958806957445	0.484427497592076	-0.177783972542362	-0.283258570061603	0.0733356179376789	0.760585725478474	-0.13307290866776
0.114311076677553	0.48532353310976	-0.177744358735481	-0.283727233634562	0.0747647861389088	0.761867588182075	-0.129159299929933
0.119034083780655	0.486219568627444	-0.1777047449286	-0.28419589720752	0.0761939543401386	0.763149450885677	-0.125245691192106
0.123757090883758	0.487115604145127	-0.177665131121718	-0.284664560780478	0.0776231225413685	0.764431313589279	-0.121332082454279
0.12848009798686	0.488011639662811	-0.177625517314837	-0.285133224353436	0.0790522907425984	0.76571317629288	-0.117418473716452
0.133203105089963	0.488907675180495	-0.177585903507956	-0.285601887926394	0.0804814589438283	0.766995038996482	-0.113504864978625
0.137926112193065	0.489803710698178	-0.177546289701074	-0.286070551499352	0.0819106271450582	0.768276901700083	-0.109591256240799
0.142649119296167	0.490699746215862	-0.177506675894193	-0.28653921507231	0.083339795346288	0.769558764403685	-0.105677647502972
0.14737212639927	0.491595781733545	-0.177467062087312	-0.287007878645268	0.084768963547518	0.770840627107286	-0.101764038765145
0.152095133502373	0.492491817251229	-0.17742744828043	-0.287476542218227	0.0861981317487479	0.772122489810888	-0.0978504300273181
0.156818140605475	0.493387852768913	-0.177387834473549	-0.287945205791185	0.0876272999499778	0.773404352514489	-0.0939368212894912
0.161541147708577	0.494283888286596	-0.177348220666667	-0.288413869364143	0.0890564681512075	0.774686215218091	-0.0900232125516645
0.16626415481168	0.49517992380428	-0.177308606859786	-0.288882532937101	0.0904856363524374	0.775968077921692	-0.0861096038138376
0.170987161914782	0.496075959321964	-0.177268993052905	-0.289351196510059	0.0919148045536674	0.777249940625294	-0.0821959950760106
0.175710169017885	0.496971994839647	-0.177229379246023	-0.289819860083017	0.0933439727548972	0.778531803328895	-0.078282386338184
0.180433176120987	0.497868030357331	-0.177189765439142	-0.290288523655975	0.0947731409561271	0.779813666032497	-0.0743687776003571
0.18515618322409	0.498764065875015	-0.177150151632261	-0.290757187228934	0.096202309157357	0.781095528736099	-0.0704551688625301
0.189879190327192	0.499660101392698	-0.177110537825379	-0.291225850801892	0.0976314773585869	0.7823773914397	-0.0665415601247032
0.194602197430295	0.500556136910382	-0.177070924018498	-0.29169451437485	0.0990606455598168	0.783659254143302	-0.0626279513868765
0.199325204533397	0.501452172428065	-0.177031310211617	-0.292163177947808	0.100489813761047	0.784941116846903	-0.0587143426490496
0.2040482116365	0.502348207945749	-0.176991696404735	-0.292631841520766	0.101918981962277	0.786222979550505	-0.0548007339112228
0.208771218739602	0.503244243463433	-0.176952082597854	-0.293100505093724	0.103348150163506	0.787504842254106	-0.0508871251733959
0.213494225842705	0.504140278981116	-0.176912468790973	-0.293569168666682	0.104777318364736	0.788786704957708	-0.0469735164355691
0.218217232945807	0.5050363144988	-0.176872854984091	-0.29403783223964	0.106206486565966	0.79006856766131	-0.0430599076977424
0.22294024004891	0.505932350016484	-0.17683324117721	-0.294506495812599	0.107635654767196	0.791350430364911	-0.0391462989599155
0.227663247152012	0.506828385534167	-0.176793627370329	-0.294975159385557	0.109064822968426	0.792632293068513	-0.0352326902220886
0.232386254255115	0.507724421051851	-0.176754013563447	-0.295443822958515	0.110493991169656	0.793914155772114	-0.0313190814842618
0.237109261358217	0.508620456569534	-0.176714399756566	-0.295912486531473	0.111923159370886	0.795196018475716	-0.027405472746435
0.24183226846132	0.509516492087218	-0.176674785949685	-0.296381150104431	0.113352327572116	0.796477881179317	-0.0234918640086081
0.246555275564422	0.510412527604902	-0.176635172142803	-0.296849813677389	0.114781495773345	0.797759743882919	-0.0195782552707813
0.251278282667525	0.511308563122585	-0.176595558335922	-0.297318477250347	0.116210663974575	0.79904160658652	-0.0156646465329544
0.256001289770627	0.512204598640269	-0.176555944529041	-0.297787140823305	0.117639832175805	0.800323469290122	-0.0117510377951277
0.26072429687373	0.513100634157953	-0.176516330722159	-0.298255804396264	0.119069000377035	0.801605331993724	-0.00783742905730078
0.265447303976832	0.513996669675636	-0.176476716915278	-0.298724467969222	0.120498168578265	0.802887194697325	-0.00392382031947391
0.270170311079935	0.51489270519332	-0.176437103108397	-0.29919313154218	0.121927336779495	0.804169057400927	-1.02115816471571e-05
0.274893318183037	0.515788740711004	-0.176397489301515	-0.299661795115138	0.123356504980725	0.805450920104528	0.00390339715617971
0.27961632528614	0.516684776228687	-0.176357875494634	-0.300130458688096	0.124785673181955	0.80673278280813	0.00781700589400658
0.284339332389242	0.517580811746371	-0.176318261687753	-0.300599122261054	0.126214841383185	0.808014645511731	0.0117306146318336
0.289062339492345	0.518476847264054	-0.176278647880871	-0.301067785834012	0.127644009584414	0.809296508215333	0.0156442233696602
0.293785346595447	0.519372882781738	-0.17623903407399	-0.301536449406971	0.129073177785644	0.810578370918934	0.0195578321074871
0.29850835369855	0.520268918299422	-0.176199420267109	-0.302005112979929	0.130502345986874	0.811860233622536	0.0234714408453141
0.303231360801652	0.521164953817105	-0.176159806460227	-0.302473776552887	0.131931514188104	0.813142096326137	0.0273850495831407
0.307954367904755	0.522060989334789	-0.176120192653346	-0.302942440125845	0.133360682389334	0.814423959029739	0.0312986583209677
0.312677375007857	0.522957024852473	-0.176080578846465	-0.303411103698803	0.134789850590564	0.815705821733341	0.0352122670587945
0.31740038211096	0.523853060370156	-0.176040965039583	-0.303879767271761	0.136219018791794	0.816987684436942	0.0391258757966214
0.322123389214062	0.52474909588784	-0.176001351232702	-0.304348430844719	0.137648186993024	0.818269547140544	0.0430394845344482
0.326846396317165	0.525645131405523	-0.175961737425821	-0.304817094417677	0.139077355194253	0.819551409844145	0.046953093272275
0.331569403420267	0.526541166923207	-0.175922123618939	-0.305285757990636	0.140506523395483	0.820833272547747	0.0508667020101019
0.33629241052337	0.527437202440891	-0.175882509812058	-0.305754421563594	0.141935691596713	0.822115135251348	0.0547803107479288
0.341015417626472	0.528333237958574	-0.175842896005177	-0.306223085136552	0.143364859797943	0.82339699795495	0.0586939194857555
0.345738424729575	0.529229273476258	-0.175803282198295	-0.30669174870951	0.144794027999173	0.824678860658551	0.0626075282235824
0.350461431832677	0.530125308993942	-0.175763668391414	-0.307160412282468	0.146223196200403	0.825960723362153	0.0665211369614093
0.35518443893578	0.531021344511625	-0.175724054584533	-0.307629075855426	0.147652364401633	0.827242586065755	0.0704347456992361
0.359907446038882	0.531917380029309	-0.175684440777651	-0.308097739428384	0.149081532602863	0.828524448769356	0.0743483544370629
0.364630453141985	0.532813415546993	-0.17564482697077	-0.308566403001343	0.150510700804092	0.829806311472958	0.0782619631748898
0.369353460245087	0.533709451064676	-0.175605213163889	-0.309035066574301	0.151939869005322	0.831088174176559	0.0821755719127165
0.374076467348189	0.53460548658236	-0.175565599357007	-0.309503730147259	0.153369037206552	0.832370036880161	0.0860891806505434
0.378799474451292	0.535501522100043	-0.175525985550126	-0.309972393720217	0.154798205407782	0.833651899583762	0.0900027893883703
0.383522481554395	0.536397557617727	-0.175486371743245	-0.310441057293175	0.156227373609012	0.834933762287364	0.0939163981261972
0.388245488657497	0.537293593135411	-0.175446757936363	-0.310909720866133	0.157656541810242	0.836215624990965	0.0978300068640241
0.3929684957606	0.538189628653094	-0.175407144129482	-0.311378384439091	0.159085710011472	0.837497487694567	0.101743615601851
0.397691502863702	0.539085664170778	-0.175367530322601	-0.311847048012049	0.160514878212702	0.838779350398169	0.105657224339678
0.402414509966805	0.539981699688462	-0.175327916515719	-0.312315711585008	0.161944046413932	0.84006121310177	0.109570833077505
0.407137517069907	0.540877735206145	-0.175288302708838	-0.312784375157966	0.163373214615161	0.841343075805372	0.113484441815331
0.411860524173009	0.541773770723829	-0.175248688901957	-0.313253038730924	0.164802382816391	0.842624938508973	0.117398050553158
0.416583531276112	0.542669806241513	-0.175209075095075	-0.313721702303882	0.166231551017621	0.843906801212575	0.121311659290985
0.421306538379215	0.543565841759196	-0.175169461288194	-0.31419036587684	0.167660719218851	0.845188663916176	0.125225268028812
0.426029545482317	0.54446187727688	-0.175129847481313	-0.314659029449798	0.169089887420081	0.846470526619778	0.129138876766639
0.430752552585419	0.545357912794563	-0.175090233674431	-0.315127693022756	0.170519055621311	0.847752389323379	0.133052485504466
0.435475559688522	0.546253948312247	-0.17505061986755	-0.315596356595715	0.171948223822541	0.849034252026981	0.136966094242292
0.440198566791624	0.547149983829931	-0.175011006060669	-0.316065020168673	0.173377392023771	0.850316114730582	0.140879702980119
0.444921573894727	0.548046019347614	-0.174971392253787	-0.316533683741631	0.174806560225	0.851597977434184	0.144793311717946
0.449644580997829	0.548942054865298	-0.174931778446906	-0.317002347314589	0.17623572842623	0.852879840137786	0.148706920455773
0.454367588100932	0.549838090382982	-0.174892164640025	-0.317471010887547	0.17766489662746	0.854161702841387	0.1526205291936
0.459090595204035	0.550734125900665	-0.174852550833143	-0.317939674460505	0.17909406482869	0.855443565544989	0.156534137931427
0.463813602307137	0.551630161418349	-0.174812937026262	-0.318408338033463	0.18052323302992	0.85672542824859	0.160447746669253
0.468536609410239	0.552526196936032	-0.174773323219381	-0.318877001606421	0.18195240123115	0.858007290952192	0.16436135540708
0.473259616513342	0.553422232453716	-0.174733709412499	-0.31934566517938	0.18338156943238	0.859289153655793	0.168274964144907
0.477982623616444	0.5543182679714	-0.174694095605618	-0.319814328752338	0.18481073763361	0.860571016359395	0.172188572882734
0.482705630719547	0.555214303489083	-0.174654481798737	-0.320282992325296	0.18623990583484	0.861852879062996	0.176102181620561
0.487428637822649	0.556110339006767	-0.174614867991855	-0.320751655898254	0.187669074036069	0.863134741766598	0.180015790358388
0.492151644925752	0.557006374524451	-0.174575254184974	-0.321220319471212	0.189098242237299	0.8644166044702	0.183929399096215
0.496874652028854	0.557902410042134	-0.174535640378092	-0.32168898304417	0.190527410438529	0.865698467173801	0.187843007834042
0.501597659131957	0.558798445559818	-0.174496026571211	-0.322157646617128	0.191956578639759	0.866980329877403	0.191756616571868
0.506320666235059	0.559694481077502	-0.17445641276433	-0.322626310190086	0.193385746840989	0.868262192581004	0.195670225309695
0.511043673338162	0.560590516595185	-0.174416798957448	-0.323094973763045	0.194814915042219	0.869544055284606	0.199583834047522
0.515766680441264	0.561486552112869	-0.174377185150567	-0.323563637336003	0.196244083243449	0.870825917988207	0.203497442785349
0.520489687544367	0.562382587630552	-0.174337571343686	-0.324032300908961	0.197673251444679	0.872107780691809	0.207411051523176
0.525212694647469	0.563278623148236	-0.174297957536804	-0.324500964481919	0.199102419645908	0.87338964339541	0.211324660261002
0.529935701750572	0.56417465866592	-0.174258343729923	-0.324969628054877	0.200531587847138	0.874671506099012	0.215238268998829
0.534658708853674	0.565070694183603	-0.174218729923042	-0.325438291627835	0.201960756048368	0.875953368802614	0.219151877736656
0.539381715956777	0.565966729701287	-0.17417911611616	-0.325906955200793	0.203389924249598	0.877235231506215	0.223065486474483
0.544104723059879	0.566862765218971	-0.174139502309279	-0.326375618773752	0.204819092450828	0.878517094209817	0.22697909521231
0.548827730162982	0.567758800736654	-0.174099888502398	-0.32684428234671	0.206248260652058	0.879798956913418	0.230892703950137
0.553550737266084	0.568654836254338	-0.174060274695516	-0.327312945919668	0.207677428853288	0.88108081961702	0.234806312687963
0.558273744369187	0.569550871772021	-0.174020660888635	-0.327781609492626	0.209106597054518	0.882362682320621	0.23871992142579
0.562996751472289	0.570446907289705	-0.173981047081754	-0.328250273065584	0.210535765255748	0.883644545024223	0.242633530163617
0.567719758575392	0.571342942807389	-0.173941433274872	-0.328718936638542	0.211964933456977	0.884926407727824	0.246547138901444
0.572442765678494	0.572238978325072	-0.173901819467991	-0.3291876002115	0.213394101658207	0.886208270431426	0.250460747639271
0.577165772781597	0.573135013842756	-0.17386220566111	-0.329656263784458	0.214823269859437	0.887490133135028	0.254374356377098
0.581888779884699	0.57403104936044	-0.173822591854228	-0.330124927357417	0.216252438060667	0.888771995838629	0.258287965114924
0.586611786987802	0.574927084878123	-0.173782978047347	-0.330593590930375	0.217681606261897	0.890053858542231	0.262201573852751
0.591334794090904	0.575823120395807	-0.173743364240466	-0.331062254503333	0.219110774463127	0.891335721245832	0.266115182590578
0.596057801194007	0.576719155913491	-0.173703750433584	-0.331530918076291	0.220539942664357	0.892617583949434	0.270028791328405
0.600780808297109	0.577615191431174	-0.173664136626703	-0.331999581649249	0.221969110865587	0.893899446653035	0.273942400066232
0.605503815400212	0.578511226948858	-0.173624522819822	-0.332468245222207	0.223398279066816	0.895181309356637	0.277856008804059
0.610226822503314	0.579407262466541	-0.17358490901294	-0.332936908795165	0.224827447268046	0.896463172060238	0.281769617541885
0.614949829606417	0.580303297984225	-0.173545295206059	-0.333405572368124	0.226256615469276	0.89774503476384	0.285683226279712
0.619672836709519	0.581199333501909	-0.173505681399178	-0.333874235941082	0.227685783670506	0.899026897467442	0.289596835017539
0.624395843812622	0.582095369019592	-0.173466067592296	-0.33434289951404	0.229114951871736	0.900308760171043	0.293510443755366
0.629118850915724	0.582991404537276	-0.173426453785415	-0.334811563086998	0.230544120072966	0.901590622874645	0.297424052493193
0.633841858018827	0.58388744005496	-0.173386839978534	-0.335280226659956	0.231973288274196	0.902872485578246	0.30133766123102
0.638564865121929	0.584783475572643	-0.173347226171652	-0.335748890232914	0.233402456475426	0.904154348281848	0.305251269968847
0.643287872225032	0.585679511090327	-0.173307612364771	-0.336217553805872	0.234831624676655	0.905436210985449	0.309164878706674
0.648010879328134	0.58657554660801	-0.17326799855789	-0.33668621737883	0.236260792877885	0.906718073689051	0.3130784874445
0.652733886431237	0.587471582125694	-0.173228384751008	-0.337154880951789	0.237689961079115	0.907999936392652	0.316992096182327
0.657456893534339	0.588367617643378	-0.173188770944127	-0.337623544524747	0.239119129280345	0.909281799096254	0.320905704920154
0.662179900637442	0.589263653161061	-0.173149157137246	-0.338092208097705	0.240548297481575	0.910563661799855	0.324819313657981
0.666902907740544	0.590159688678745	-0.173109543330364	-0.338560871670663	0.241977465682805	0.911845524503457	0.328732922395808
0.671625914843647	0.591055724196429	-0.173069929523483	-0.339029535243621	0.243406633884035	0.913127387207059	0.332646531133635
0.676348921946749	0.591951759714112	-0.173030315716602	-0.339498198816579	0.244835802085265	0.91440924991066	0.336560139871461
0.681071929049851	0.592847795231796	-0.17299070190972	-0.339966862389537	0.246264970286494	0.915691112614262	0.340473748609288
0.685794936152954	0.59374383074948	-0.172951088102839	-0.340435525962495	0.247694138487724	0.916972975317863	0.344387357347115
0.690517943256057	0.594639866267163	-0.172911474295958	-0.340904189535454	0.249123306688954	0.918254838021465	0.348300966084942
0.695240950359159	0.595535901784847	-0.172871860489076	-0.341372853108412	0.250552474890184	0.919536700725066	0.352214574822769
0.699963957462262	0.596431937302531	-0.172832246682195	-0.34184151668137	0.251981643091414	0.920818563428668	0.356128183560596
0.704686964565364	0.597327972820214	-0.172792632875314	-0.342310180254328	0.253410811292644	0.92210042613227	0.360041792298423
0.709409971668467	0.598224008337898	-0.172753019068432	-0.342778843827286	0.254839979493874	0.923382288835871	0.363955401036249
0.714132978771569	0.599120043855581	-0.172713405261551	-0.343247507400244	0.256269147695104	0.924664151539472	0.367869009774076
0.718855985874671	0.600016079373265	-0.17267379145467	-0.343716170973202	0.257698315896334	0.925946014243074	0.371782618511903
0.723578992977774	0.600912114890949	-0.172634177647788	-0.344184834546161	0.259127484097563	0.927227876946676	0.37569622724973
0.728302000080877	0.601808150408632	-0.172594563840907	-0.344653498119119	0.260556652298793	0.928509739650277	0.379609835987557
0.733025007183979	0.602704185926316	-0.172554950034026	-0.345122161692077	0.261985820500023	0.929791602353879	0.383523444725384
0.737748014287082	0.603600221444	-0.172515336227144	-0.345590825265035	0.263414988701253	0.93107346505748	0.38743705346321
0.742471021390184	0.604496256961683	-0.172475722420263	-0.346059488837993	0.264844156902483	0.932355327761082	0.391350662201037
0.747194028493286	0.605392292479367	-0.172436108613382	-0.346528152410951	0.266273325103713	0.933637190464683	0.395264270938864
0.751917035596389	0.60628832799705	-0.1723964948065	-0.346996815983909	0.267702493304943	0.934919053168285	0.399177879676691
0.756640042699491	0.607184363514734	-0.172356880999619	-0.347465479556867	0.269131661506173	0.936200915871886	0.403091488414518
0.761363049802594	0.608080399032418	-0.172317267192738	-0.347934143129826	0.270560829707403	0.937482778575488	0.407005097152345
0.766086056905697	0.608976434550101	-0.172277653385856	-0.348402806702784	0.271989997908632	0.93876464127909	0.410918705890171
0.770809064008799	0.609872470067785	-0.172238039578975	-0.348871470275742	0.273419166109862	0.940046503982691	0.414832314627998
0.775532071111901	0.610768505585469	-0.172198425772094	-0.3493401338487	0.274848334311092	0.941328366686293	0.418745923365825
0.780255078215004	0.611664541103152	-0.172158811965212	-0.349808797421658	0.276277502512322	0.942610229389894	0.422659532103652
0.784978085318106	0.612560576620836	-0.172119198158331	-0.350277460994616	0.277706670713552	0.943892092093496	0.426573140841479
0.789701092421209	0.61345661213852	-0.17207958435145	-0.350746124567574	0.279135838914782	0.945173954797097	0.430486749579306
0.794424099524311	0.614352647656203	-0.172039970544568	-0.351214788140532	0.280565007116012	0.946455817500699	0.434400358317132
0.799147106627414	0.615248683173887	-0.172000356737687	-0.351683451713491	0.281994175317242	0.9477376802043	0.43831396705496
0.803870113730517	0.616144718691571	-0.171960742930806	-0.352152115286449	0.283423343518471	0.949019542907902	0.442227575792786
0.808593120833619	0.617040754209254	-0.171921129123924	-0.352620778859407	0.284852511719701	0.950301405611504	0.446141184530613
0.813316127936721	0.617936789726938	-0.171881515317043	-0.353089442432365	0.286281679920931	0.951583268315105	0.45005479326844
0.818039135039824	0.618832825244621	-0.171841901510162	-0.353558106005323	0.287710848122161	0.952865131018707	0.453968402006267
0.822762142142926	0.619728860762305	-0.17180228770328	-0.354026769578281	0.289140016323391	0.954146993722308	0.457882010744094
0.827485149246029	0.620624896279989	-0.171762673896399	-0.354495433151239	0.290569184524621	0.95542885642591	0.46179561948192
0.832208156349131	0.621520931797672	-0.171723060089518	-0.354964096724198	0.291998352725851	0.956710719129511	0.465709228219747
0.836931163452234	0.622416967315356	-0.171683446282636	-0.355432760297156	0.293427520927081	0.957992581833113	0.469622836957574
0.841654170555336	0.62331300283304	-0.171643832475755	-0.355901423870114	0.29485668912831	0.959274444536715	0.473536445695401
0.846377177658439	0.624209038350723	-0.171604218668874	-0.356370087443072	0.29628585732954	0.960556307240316	0.477450054433228
0.851100184761541	0.625105073868407	-0.171564604861992	-0.35683875101603	0.29771502553077	0.961838169943918	0.481363663171055
0.855823191864644	0.62600110938609	-0.171524991055111	-0.357307414588988	0.299144193732	0.963120032647519	0.485277271908881
0.860546198967746	0.626897144903774	-0.171485377248229	-0.357776078161946	0.30057336193323	0.964401895351121	0.489190880646708
0.865269206070849	0.627793180421458	-0.171445763441348	-0.358244741734904	0.30200253013446	0.965683758054722	0.493104489384535
0.869992213173951	0.628689215939141	-0.171406149634467	-0.358713405307863	0.30343169833569	0.966965620758324	0.497018098122362
0.874715220277054	0.629585251456825	-0.171366535827585	-0.359182068880821	0.30486086653692	0.968247483461925	0.500931706860189
0.879438227380156	0.630481286974509	-0.171326922020704	-0.359650732453779	0.30629003473815	0.969529346165527	0.504845315598016
0.884161234483259	0.631377322492192	-0.171287308213823	-0.360119396026737	0.307719202939379	0.970811208869129	0.508758924335842
0.888884241586361	0.632273358009876	-0.171247694406941	-0.360588059599695	0.309148371140609	0.97209307157273	0.512672533073669
0.893607248689464	0.63316939352756	-0.17120808060006	-0.361056723172653	0.310577539341839	0.973374934276332	0.516586141811496
0.898330255792566	0.634065429045243	-0.171168466793179	-0.361525386745611	0.312006707543069	0.974656796979933	0.520499750549323
0.903053262895669	0.634961464562927	-0.171128852986297	-0.361994050318569	0.313435875744299	0.975938659683535	0.52441335928715
0.907776269998771	0.63585750008061	-0.171089239179416	-0.362462713891528	0.314865043945529	0.977220522387136	0.528326968024977
0.912499277101874	0.636753535598294	-0.171049625372535	-0.362931377464486	0.316294212146759	0.978502385090738	0.532240576762804
0.917222284204976	0.637649571115978	-0.171010011565653	-0.363400041037444	0.317723380347989	0.979784247794339	0.536154185500631
0.921945291308079	0.638545606633661	-0.170970397758772	-0.363868704610402	0.319152548549218	0.981066110497941	0.540067794238457
0.926668298411181	0.639441642151345	-0.170930783951891	-0.36433736818336	0.320581716750448	0.982347973201542	0.543981402976284
0.931391305514284	0.640337677669029	-0.170891170145009	-0.364806031756318	0.322010884951678	0.983629835905144	0.547895011714111
0.936114312617386	0.641233713186712	-0.170851556338128	-0.365274695329276	0.323440053152908	0.984911698608746	0.551808620451938
0.940837319720489	0.642129748704396	-0.170811942531247	-0.365743358902235	0.324869221354138	0.986193561312347	0.555722229189765
0.945560326823591	0.643025784222079	-0.170772328724365	-0.366212022475193	0.326298389555368	0.987475424015949	0.559635837927592
0.950283333926694	0.643921819739763	-0.170732714917484	-0.366680686048151	0.327727557756598	0.98875728671955	0.563549446665418
0.955006341029796	0.644817855257447	-0.170693101110603	-0.367149349621109	0.329156725957828	0.990039149423152	0.567463055403245
0.959729348132899	0.64571389077513	-0.170653487303721	-0.367618013194067	0.330585894159057	0.991321012126753	0.571376664141072
0.964452355236001	0.646609926292814	-0.17061387349684	-0.368086676767025	0.332015062360287	0.992602874830355	0.575290272878899
0.969175362339104	0.647505961810498	-0.170574259689959	-0.368555340339983	0.333444230561517	0.993884737533956	0.579203881616726
0.973898369442206	0.648401997328181	-0.170534645883077	-0.369024003912941	0.334873398762747	0.995166600237558	0.583117490354553
0.978621376545309	0.649298032845865	-0.170495032076196	-0.3694926674859	0.336302566963977	0.99644846294116	0.58703109909238
0.983344383648411	0.650194068363549	-0.170455418269315	-0.369961331058858	0.337731735165207	0.997730325644761	0.590944707830206
0.988067390751514	0.651090103881232	-0.170415804462433	-0.370429994631816	0.339160903366437	0.999012188348363	0.594858316568033
0.992790397854616	0.651986139398916	-0.170376190655552	-0.370898658204774	0.340590071567667	1.00029405105196	0.59877192530586
0.997513404957718	0.652882174916599	-0.170336576848671	-0.371367321777732	0.342019239768897	1.00157591375557	0.602685534043687
1.00223641206082	0.653778210434283	-0.170296963041789	-0.37183598535069	0.343448407970126	1.00285777645917	0.606599142781514
1.00695941916392	0.654674245951967	-0.170257349234908	-0.372304648923648	0.344877576171356	1.00413963916277	0.610512751519341
1.01168242626703	0.65557028146965	-0.170217735428027	-0.372773312496607	0.346306744372586	1.00542150186637	0.614426360257167
1.01640543337013	0.656466316987334	-0.170178121621145	-0.373241976069565	0.347735912573816	1.00670336456997	0.618339968994994
1.02112844047323	0.657362352505018	-0.170138507814264	-0.373710639642523	0.349165080775046	1.00798522727357	0.622253577732821
1.02585144757633	0.658258388022701	-0.170098894007383	-0.374179303215481	0.350594248976276	1.00926708997717	0.626167186470648
1.03057445467944	0.659154423540385	-0.170059280200501	-0.374647966788439	0.352023417177506	1.01054895268078	0.630080795208475
1.03529746178254	0.660050459058068	-0.17001966639362	-0.375116630361397	0.353452585378736	1.01183081538438	0.633994403946302
1.04002046888564	0.660946494575752	-0.169980052586739	-0.375585293934355	0.354881753579966	1.01311267808798	0.637908012684128
1.04474347598874	0.661842530093436	-0.169940438779857	-0.376053957507313	0.356310921781195	1.01439454079158	0.641821621421955
1.04946648309185	0.662738565611119	-0.169900824972976	-0.376522621080272	0.357740089982425	1.01567640349518	0.645735230159782
1.05418949019495	0.663634601128803	-0.169861211166095	-0.37699128465323	0.359169258183655	1.01695826619878	0.649648838897609
1.05891249729805	0.664530636646487	-0.169821597359213	-0.377459948226188	0.360598426384885	1.01824012890239	0.653562447635436
1.06363550440115	0.66542667216417	-0.169781983552332	-0.377928611799146	0.362027594586115	1.01952199160599	0.657476056373263
1.06835851150426	0.666322707681854	-0.169742369745451	-0.378397275372104	0.363456762787345	1.02080385430959	0.661389665111089
1.07308151860736	0.667218743199538	-0.169702755938569	-0.378865938945062	0.364885930988575	1.02208571701319	0.665303273848916
1.07780452571046	0.668114778717221	-0.169663142131688	-0.37933460251802	0.366315099189805	1.02336757971679	0.669216882586743
1.08252753281356	0.669010814234905	-0.169623528324807	-0.379803266090978	0.367744267391034	1.02464944242039	0.67313049132457
1.08725053991667	0.669906849752588	-0.169583914517925	-0.380271929663937	0.369173435592264	1.025931305124	0.677044100062397
1.09197354701977	0.670802885270272	-0.169544300711044	-0.380740593236895	0.370602603793494	1.0272131678276	0.680957708800224
1.09669655412287	0.671698920787956	-0.169504686904163	-0.381209256809853	0.372031771994724	1.0284950305312	0.68487131753805
1.10141956122597	0.672594956305639	-0.169465073097281	-0.381677920382811	0.373460940195954	1.0297768932348	0.688784926275877
1.10614256832908	0.673490991823323	-0.1694254592904	-0.382146583955769	0.374890108397184	1.0310587559384	0.692698535013704
1.11086557543218	0.674387027341007	-0.169385845483519	-0.382615247528727	0.376319276598414	1.032340618642	0.696612143751531
1.11558858253528	0.67528306285869	-0.169346231676637	-0.383083911101685	0.377748444799644	1.0336224813456	0.700525752489358
1.12031158963838	0.676179098376374	-0.169306617869756	-0.383552574674644	0.379177613000873	1.03490434404921	0.704439361227185
1.12503459674149	0.677075133894057	-0.169267004062875	-0.384021238247602	0.380606781202103	1.03618620675281	0.708352969965011
1.12975760384459	0.677971169411741	-0.169227390255993	-0.38448990182056	0.382035949403333	1.03746806945641	0.712266578702838
1.13448061094769	0.678867204929425	-0.169187776449112	-0.384958565393518	0.383465117604563	1.03874993216001	0.716180187440665
1.13920361805079	0.679763240447108	-0.169148162642231	-0.385427228966476	0.384894285805793	1.04003179486361	0.720093796178492
1.1439266251539	0.680659275964792	-0.169108548835349	-0.385895892539434	0.386323454007023	1.04131365756721	0.724007404916319
1.148649632257	0.681555311482476	-0.169068935028468	-0.386364556112392	0.387752622208253	1.04259552027082	0.727921013654146
1.1533726393601	0.682451347000159	-0.169029321221587	-0.38683321968535	0.389181790409483	1.04387738297442	0.731834622391973
1.1580956464632	0.683347382517843	-0.168989707414705	-0.387301883258309	0.390610958610713	1.04515924567802	0.7357482311298
1.16281865356631	0.684243418035527	-0.168950093607824	-0.387770546831267	0.392040126811942	1.04644110838162	0.739661839867626
1.16754166066941	0.68513945355321	-0.168910479800943	-0.388239210404225	0.393469295013172	1.04772297108522	0.743575448605453
1.17226466777251	0.686035489070894	-0.168870865994061	-0.388707873977183	0.394898463214402	1.04900483378882	0.74748905734328
1.17698767487561	0.686931524588577	-0.16883125218718	-0.389176537550141	0.396327631415632	1.05028669649242	0.751402666081107
1.18171068197872	0.687827560106261	-0.168791638380299	-0.389645201123099	0.397756799616862	1.05156855919603	0.755316274818934
1.18643368908182	0.688723595623945	-0.168752024573417	-0.390113864696057	0.399185967818092	1.05285042189963	0.759229883556761
1.19115669618492	0.689619631141628	-0.168712410766536	-0.390582528269016	0.400615136019322	1.05413228460323	0.763143492294588
1.19587970328802	0.690515666659312	-0.168672796959655	-0.391051191841974	0.402044304220552	1.05541414730683	0.767057101032414
1.20060271039113	0.691411702176996	-0.168633183152773	-0.391519855414932	0.403473472421781	1.05669601001043	0.770970709770241
1.20532571749423	0.692307737694679	-0.168593569345892	-0.39198851898789	0.404902640623011	1.05797787271403	0.774884318508068
1.21004872459733	0.693203773212363	-0.16855395553901	-0.392457182560848	0.406331808824241	1.05925973541764	0.778797927245895
1.18956761357595	0.670704475874525	-0.160677183478754	-0.379598992573019	0.396430428890819	1.02460675169935	0.772921888249547
1.16921213240294	0.648363624177209	-0.15285826327583	-0.366831472153524	0.386595523276258	0.990198072758392	0.76706802473342
1.14898228107832	0.626181218120416	-0.145097194930241	-0.354154621302363	0.376827091980557	0.956033698594753	0.761236336697512
1.12887805960207	0.604157257704144	-0.137393978441986	-0.341568440019536	0.367125135003716	0.922113629208436	0.755426824141824
1.1088994679742	0.582291742928395	-0.129748613811065	-0.329072928305043	0.357489652345736	0.888437864599441	0.749639487066356
1.0890465061947	0.560584673793167	-0.122161101037478	-0.316668086158884	0.347920644006616	0.855006404767769	0.743874325471107
1.06931917426358	0.539036050298462	-0.114631440121226	-0.30435391358106	0.338418109986357	0.821819249713418	0.738131339356078
1.04971747218084	0.517645872444278	-0.107159631062307	-0.292130410571569	0.328982050284958	0.78887639943639	0.73241052872127
1.03024139994648	0.496414140230616	-0.0997456738607232	-0.279997577130412	0.31961246490242	0.756177853936684	0.726711893566681
1.0108909575605	0.475340853657477	-0.0923895685164731	-0.267955413257589	0.310309353838742	0.723723613214301	0.721035433892311
0.991666145022889	0.454426012724859	-0.0850913150295571	-0.2560039189531	0.301072717093925	0.691513677269239	0.715381149698162
0.972566962333659	0.433669617432764	-0.0778509133999753	-0.244143094216946	0.291902554667968	0.6595480461015	0.709749040984232
0.953593409492806	0.41307166778119	-0.0706683636277276	-0.232372939049125	0.282798866560871	0.627826719711082	0.704139107750522
0.934745486500331	0.392632163770139	-0.0635436657128141	-0.220693453449638	0.273761652772635	0.596349698097987	0.698551349997032
0.916023193356233	0.372351105399609	-0.0564768196552347	-0.209104637418485	0.264790913303259	0.565116981262215	0.692985767723762
0.897426530060513	0.352228492669601	-0.0494678254549894	-0.197606490955667	0.255886648152744	0.534128569203764	0.687442360930711
0.87895549661317	0.332264325580116	-0.0425166831120783	-0.186199014061182	0.247048857321089	0.503384461922636	0.681921129617881
0.860610093014205	0.312458604131152	-0.0356233926265014	-0.174882206735031	0.238277540808295	0.472884659418829	0.67642207378527
0.842390319263617	0.292811328322711	-0.0287879539982586	-0.163656068977215	0.229572698614361	0.442629161692345	0.670945193432879
0.824296175361407	0.273322498154791	-0.02201036722735	-0.152520600787732	0.220934330739287	0.412617968743184	0.665490488560707
0.806327661307574	0.253992113627393	-0.0152906323137755	-0.141475802166584	0.212362437183074	0.382851080571344	0.660057959168756
0.788484777102118	0.234820174740518	-0.00862874925753513	-0.130521673113769	0.203857017945722	0.353328497176827	0.654647605257024
0.77076752274504	0.215806681494164	-0.00202471805862892	-0.119658213629289	0.195418073027229	0.324050218559631	0.649259426825512
0.753175898236339	0.196951633888332	0.00452146128294315	-0.108885423713142	0.187045602427598	0.295016244719758	0.643893423874219
0.735709903576016	0.178255031923023	0.0110097887671811	-0.0982033033653296	0.178739606146826	0.266226575657207	0.638549596403147
0.718369538764071	0.159716875598235	0.0174402643940848	-0.0876118525858512	0.170500084184915	0.237681211371979	0.633227944412294
0.701154803800502	0.141337164913969	0.0238128881636544	-0.0771110713747067	0.162327036541865	0.209380151864072	0.627928467901662
0.684065698685312	0.123115899870226	0.0301276600758899	-0.0667009597318963	0.154220463217675	0.181323397133488	0.622651166871249
0.667102223418498	0.105053080467004	0.0363845801307912	-0.0563815176574199	0.146180364212345	0.153510947180226	0.617396041321055
0.650264378000062	0.0871487067043042	0.0425836483283584	-0.0461527451512775	0.138206739525876	0.125942802004286	0.612163091251082
0.633552162430004	0.0694027785821265	0.0487248646685914	-0.0360146422134692	0.130299589158268	0.098618961605668	0.606952316661328
0.616965576708323	0.0518152961004708	0.0548082291514902	-0.0259672088439948	0.12245891310952	0.0715394259843724	0.601763717551794
0.600504620835019	0.0343862592593371	0.060833741777055	-0.0160104450428545	0.114684711379632	0.0447041951403991	0.59659729392248
0.584169294810093	0.0171156680587253	0.0668014025452855	-0.00614435081004817	0.106976983968604	0.0181132690737479	0.591453045773386
0.567959598633544	3.52249863552756e-06	0.072711211456182	0.00363107385442414	0.0993357308764375	-0.00823335221558102	0.586330973104511
0.551875532305373	-0.0169501774209321	0.0785631685097442	0.0133158289505623	0.0917609521031311	-0.0343356687275876	0.581231075915857
0.53591709582558	-0.0337454316999779	0.0843572737059724	0.0229099144783666	0.0842526476486851	-0.0601936804622721	0.576153354207422
0.520084289194163	-0.0503822403385017	0.0900935270448664	0.0324133304378368	0.0768108175130995	-0.0858073874196348	0.571097807979206
0.504377112411124	-0.0668606033365035	0.0957719285264262	0.0418260768289731	0.0694354616963744	-0.111176789599675	0.566064437231211
0.488795565476463	-0.0831805206939833	0.101392478150652	0.0511481536517752	0.0621265801985097	-0.136301887002393	0.561053241963435
0.473339648390179	-0.099341992410941	0.106955175917543	0.0603795609062434	0.0548841730195055	-0.161182679627789	0.55606422217588
0.458009361152273	-0.115345018487377	0.112460021827101	0.0695202985923775	0.0477082401593617	-0.185819167475862	0.551097377868544
0.442804703762743	-0.131189598923291	0.117907015879324	0.0785703667101775	0.0405987816180783	-0.210211350546614	0.546152709041427
0.427725676221592	-0.146875733718682	0.123296158074213	0.0875297652596437	0.0335557973956554	-0.234359228840043	0.541230215694531
0.412772278528818	-0.162403422873552	0.128627448411768	0.0963984942407758	0.0265792874920929	-0.25826280235615	0.536329897827854
0.397944510684421	-0.1777726663879	0.133900886891989	0.105176553653574	0.0196692519073908	-0.281922071094935	0.531451755441397
0.383242372688402	-0.192983464261726	0.139116473514876	0.113863943498038	0.0128256906415493	-0.305337035056398	0.52659578853516
0.36866586454076	-0.20803581649503	0.144274208280428	0.122460663774168	0.00604860369456807	-0.328507694240538	0.521761997109143
0.354214986241496	-0.222929723087812	0.149374091188646	0.130966714481964	-0.00066200893355263	-0.351434048647356	0.516950381163346
0.339889737790609	-0.237665184040072	0.154416122239531	0.139382095621426	-0.00730614724281285	-0.374116098276852	0.512160940697768
0.325690119188099	-0.252242199351809	0.159400301433081	0.147706807192554	-0.0138838112332127	-0.396553843129026	0.50739367571241
0.311616130433968	-0.266660769023025	0.164326628769297	0.155940849195348	-0.0203950009047521	-0.418747283203878	0.502648586207272
0.297667771528213	-0.280920893053719	0.169195104248178	0.164084221629808	-0.0268397162574311	-0.440696418501407	0.497925672182354
0.283845042470836	-0.295022571443891	0.174005727869726	0.172136924495934	-0.0332179572912495	-0.462401249021614	0.493224933637655
0.270147943261836	-0.308965804193541	0.178758499633939	0.180098957793725	-0.0395297240062076	-0.4838617747645	0.488546370573176
0.256576473901214	-0.322750591302669	0.183453419540819	0.187970321523183	-0.0457750164023053	-0.505077995730062	0.483889982988917
0.243130634388969	-0.336376932771275	0.188090487590364	0.195751015684307	-0.0519538344795424	-0.526049911918303	0.479255770884878
0.229810424725102	-0.349844828599359	0.192669703782575	0.203441040277097	-0.0580661782379192	-0.546777523329222	0.474643734261059
0.216615844909612	-0.363154278786921	0.197191068117452	0.211040395301553	-0.0641120476774355	-0.567260829962818	0.470053873117459
0.2035468949425	-0.376305283333961	0.201654580594995	0.218549080757674	-0.0700914427980913	-0.587499831819092	0.46548618745408
0.190603574823765	-0.389297842240479	0.206060241215203	0.225967096645462	-0.0760043635998867	-0.607494528898044	0.46094067727092
0.177785884553407	-0.402131955506475	0.210408049978078	0.233294442964916	-0.0818508100828217	-0.627244921199674	0.456417342567979
0.165093824131427	-0.414807623131948	0.214698006883618	0.240531119716036	-0.0876307822468963	-0.646751008723982	0.451916183345259
0.152527393557825	-0.4273248451169	0.218930111931824	0.247677126898821	-0.0933442800921104	-0.666012791470967	0.447437199602758
0.1400865928326	-0.439683621461331	0.223104365122696	0.254732464513273	-0.098991303618464	-0.68503026944063	0.442980391340477
0.127771421955752	-0.451883952165238	0.227220766456234	0.261697132559391	-0.104571852825957	-0.703803442632971	0.438545758558416
0.115581880927282	-0.463925837228624	0.231279315932438	0.268571131037174	-0.11008592771459	-0.72233231104799	0.434133301256575
0.103517969747189	-0.475809276651489	0.235280013551307	0.275354459946624	-0.115533528284362	-0.740616874685686	0.429743019434954
0.0915796884154737	-0.48753427043383	0.239222859312842	0.282047119287739	-0.120914654535274	-0.758657133546061	0.425374913093552
0.0797670369321357	-0.499100818575651	0.243107853217044	0.288649109060521	-0.126229306467326	-0.776453087629113	0.42102898223237
0.0680800152971755	-0.510508921076948	0.246934995263911	0.295160429264968	-0.131477484080517	-0.794004736934843	0.416705226851408
0.0565186235105924	-0.521758577937725	0.250704285453444	0.301581079901082	-0.136659187374847	-0.811312081463251	0.412403646950666
0.0450828615723869	-0.532849789157979	0.254415723785643	0.307911060968861	-0.141774416350317	-0.828375121214336	0.408124242530143
0.033772729482559	-0.54378255473771	0.258069310260507	0.314150372468307	-0.146823171006927	-0.8451938561881	0.40386701358984
0.0225882272411083	-0.554556874676921	0.261665044878038	0.320299014399418	-0.151805451344676	-0.861768286384541	0.399631960129757
0.0115293548480352	-0.565172748975609	0.265202927638234	0.326356986762196	-0.156721257363565	-0.87809841180366	0.395419082149894
0.000596112303339336	-0.575630177633775	0.268682958541096	0.332324289556639	-0.161570589063593	-0.894184232445457	0.391228379650251
-0.0102115003929789	-0.585929160651419	0.272105137586624	0.338200922782749	-0.166353446444761	-0.910025748309932	0.387059852630827
-0.0208934832409198	-0.596069698028541	0.275469464774818	0.343986886440524	-0.171069829507069	-0.925622959397084	0.382913501091623
-0.031449836240483	-0.606051789765141	0.278775940105678	0.349682180529965	-0.175719738250516	-0.940975865706915	0.378789325032639
-0.0418805593916689	-0.615875435861219	0.282024563579204	0.355286805051073	-0.180303172675102	-0.956084467239423	0.374687324453875
-0.0521856526944773	-0.625540636316775	0.285215335195395	0.360800760003846	-0.184820132780829	-0.970948763994608	0.370607499355331
-0.0623651161489082	-0.635047391131809	0.288348254954253	0.366224045388285	-0.189270618567694	-0.985568755972472	0.366549849737006
-0.0724189497549619	-0.644395700306322	0.291423322855776	0.371556661204391	-0.1936546300357	-0.999944443173014	0.362514375598901
-0.0823471535126379	-0.653585563840312	0.294440538899965	0.376798607452162	-0.197972167184844	-1.01407582559623	0.358501076941016
-0.0921497274219367	-0.66261698173378	0.29739990308682	0.381949884131599	-0.202223230015129	-1.02796290324213	0.354509953763351
-0.101826671482858	-0.671489953986726	0.30030141541634	0.387010491242702	-0.206407818526553	-1.0416056761107	0.350541006065905
-0.111377985695402	-0.68020448059915	0.303145075888527	0.391980428785472	-0.210525932719116	-1.05500414420196	0.34659423384868
-0.120803670059568	-0.688760561571052	0.305930884503379	0.396859696759907	-0.214577572592819	-1.06815830751589	0.342669637111674
-0.130103724575357	-0.697158196902433	0.308658841260898	0.401648295166008	-0.218562738147662	-1.0810681660525	0.338767215854888
-0.139278149242768	-0.705397386593291	0.311328946161082	0.406346224003775	-0.222481429383644	-1.09373371981178	0.334886970078321
-0.148326944061802	-0.713478130643627	0.313941199203932	0.410953483273208	-0.226333646300766	-1.10615496879375	0.331028899781975
-0.157250109032459	-0.721400429053441	0.316495600389448	0.415470072974307	-0.230119388899027	-1.11833191299839	0.327193004965848
-0.166047644154737	-0.729164281822733	0.318992149717629	0.419895993107072	-0.233838657178428	-1.13026455242571	0.323379285629941
-0.174719549428639	-0.736769688951503	0.321430847188477	0.424231243671503	-0.237491451138969	-1.14195288707571	0.319587741774254
-0.183265824854163	-0.744216650439752	0.32381169280199	0.4284758246676	-0.241077770780648	-1.15339691694838	0.315818373398787
-0.19168647043131	-0.751505166287478	0.32613468655817	0.432629736095363	-0.244597616103468	-1.16459664204373	0.312071180503539
-0.199981486160079	-0.758635236494682	0.328399828457015	0.436692977954792	-0.248050987107427	-1.17555206236176	0.308346163088511
-0.208150872040471	-0.765606861061365	0.330607118498526	0.440665550245887	-0.251437883792526	-1.18626317790247	0.304643321153703
-0.216194628072485	-0.772420039987525	0.332756556682702	0.444547452968648	-0.254758306158764	-1.19672998866586	0.300962654699115
-0.224112754256122	-0.779074773273163	0.334848143009545	0.448338686123075	-0.258012254206142	-1.20695249465192	0.297304163724747
-0.231905250591382	-0.785571060918279	0.336881877479054	0.452039249709168	-0.261199727934659	-1.21693069586067	0.293667848230598
-0.239572117078263	-0.791908902922873	0.338857760091228	0.455649143726927	-0.264320727344316	-1.22666459229209	0.290053708216669
-0.247113353716768	-0.798088299286946	0.340775790846068	0.459168368176352	-0.267375252435113	-1.23615418394618	0.28646174368296
-0.254528960506895	-0.804109250010496	0.342635969743574	0.462596923057442	-0.270363303207048	-1.24539947082296	0.282891954629471
-0.261818937448645	-0.809971755093524	0.344438296783746	0.465934808370199	-0.273284879660124	-1.25440045292241	0.279344341056201
-0.268983284542017	-0.81567581453603	0.346182771966584	0.469182024114622	-0.276139981794339	-1.26315713024454	0.275818902963152
-0.276022001787011	-0.821221428338015	0.347869395292088	0.472338570290711	-0.278928609609694	-1.27166950278935	0.272315640350322
-0.282935089183629	-0.826608596499477	0.349498166760257	0.475404446898466	-0.281650763106188	-1.27993757055684	0.268834553217712
-0.289722546731869	-0.831837319020417	0.351069086371093	0.478379653937886	-0.284306442283822	-1.287961333547	0.265375641565321
-0.296384374431731	-0.836907595900836	0.352582154124594	0.481264191408973	-0.286895647142595	-1.29574079175985	0.261938905393151
-0.302920572283216	-0.841819427140732	0.354037370020761	0.484058059311726	-0.289418377682508	-1.30327594519537	0.2585243447012
-0.309331140286324	-0.846572812740107	0.355434734059594	0.486761257646144	-0.291874633903561	-1.31056679385356	0.255131959489469
-0.315616078441054	-0.851167752698959	0.356774246241092	0.489373786412229	-0.294264415805753	-1.31761333773444	0.251761749757958
-0.321775386747406	-0.85560424701729	0.358055906565257	0.49189564560998	-0.296587723389084	-1.32441557683799	0.248413715506667
-0.327809065205381	-0.859882295695098	0.359279715032087	0.494326835239396	-0.298844556653555	-1.33097351116422	0.245087856735595
-0.333717113814979	-0.864001898732384	0.360445671641584	0.496667355300479	-0.301034915599166	-1.33728714071313	0.241784173444743
-0.339499532576199	-0.867963056129149	0.361553776393746	0.498917205793228	-0.303158800225916	-1.34335646548472	0.238502665634111
-0.345156321489042	-0.871765767885391	0.362604029288574	0.501076386717642	-0.305216210533806	-1.34918148547899	0.235243333303699
-0.350687480553507	-0.875410034001111	0.363596430326068	0.503144898073723	-0.307207146522836	-1.35476220069593	0.232006176453507
-0.356093009769595	-0.87889585447631	0.364530979506228	0.505122739861469	-0.309131608193005	-1.36009861113555	0.228791195083534
-0.361372909137305	-0.882223229310986	0.365407676829053	0.507009912080882	-0.310989595544313	-1.36519071679785	0.225598389193781
-0.366527178656638	-0.885392158505141	0.366226522294544	0.50880641473196	-0.312781108576761	-1.37003851768282	0.222427758784248
-0.371555818327594	-0.888402642058773	0.366987515902702	0.510512247814705	-0.314506147290349	-1.37464201379048	0.219279303854935
-0.376458828150172	-0.891254679971883	0.367690657653525	0.512127411329115	-0.316164711685076	-1.37900120512081	0.216153024405841
-0.381236208124372	-0.893948272244472	0.368335947547014	0.513651905275191	-0.317756801760943	-1.38311609167382	0.213048920436968
-0.385887958250196	-0.896483418876538	0.368923385583169	0.515085729652934	-0.319282417517949	-1.38698667344951	0.209966991948314
-0.390414078527641	-0.898860119868083	0.369452971761989	0.516428884462342	-0.320741558956095	-1.39061295044787	0.206907238939879
-0.39481456895671	-0.901078375219105	0.369924706083476	0.517681369703416	-0.32213422607538	-1.39399492266891	0.203869661411665
-0.3990894295374	-0.903138184929606	0.370338588547628	0.518843185376157	-0.323460418875805	-1.39713259011263	0.200854259363671
-0.403238660269714	-0.905039548999584	0.370694619154446	0.519914331480563	-0.32472013735737	-1.40002595277903	0.197861032795896
-0.40726226115365	-0.906782467429041	0.370992797903931	0.520894808016635	-0.325913381520074	-1.40267501066811	0.194889981708341
-0.411160232189208	-0.908366940217975	0.371233124796081	0.521784614984374	-0.327040151363918	-1.40507976377986	0.191941106101006
-0.414932573376389	-0.909792967366388	0.371415599830896	0.522583752383778	-0.328100446888901	-1.40724021211429	0.18901440597389
-0.418579284715192	-0.911060548874278	0.371540223008378	0.523292220214848	-0.329094268095024	-1.4091563556714	0.186109881326995
-0.422100366205619	-0.912169684741647	0.371606994328525	0.523910018477584	-0.330021614982286	-1.41082819445119	0.183227532160319
-0.425495817847667	-0.913120374968494	0.371615913791339	0.524437147171986	-0.330882487550688	-1.41225572845366	0.180367358473863
-0.428765639641338	-0.913912619554818	0.371566981396818	0.524873606298054	-0.331676885800229	-1.4134389576788	0.177529360267627
-0.431909831586632	-0.91454641850062	0.371460197144963	0.525219395855789	-0.33240480973091	-1.41437788212662	0.17471353754161
-0.434928393683549	-0.915021771805901	0.371295561035774	0.525474515845189	-0.333066259342731	-1.41507250179712	0.171919890295814
-0.437821325932088	-0.91533867947066	0.371073073069251	0.525638966266255	-0.333661234635691	-1.4155228166903	0.169148418530237
-0.440588628332248	-0.915497141494896	0.370792733245393	0.525712747118987	-0.334189735609791	-1.41572882680615	0.16639912224488
-0.443230300884033	-0.915497157878611	0.370454541564202	0.525695858403385	-0.33465176226503	-1.41569053214468	0.163672001439742
-0.445746343587439	-0.915338728621804	0.370058498025676	0.525588300119449	-0.335047314601409	-1.41540793270589	0.160967056114825
-0.448136756442468	-0.915021853724474	0.369604602629816	0.525390072267179	-0.335376392618927	-1.41488102848978	0.158284286270127
-0.45040153944912	-0.914546533186623	0.369092855376622	0.525101174846575	-0.335638996317585	-1.41410981949635	0.155623691905649
-0.452540692607394	-0.913912767008249	0.368523256266094	0.524721607857637	-0.335835125697383	-1.41309430572559	0.152985273021391
-0.45455421591729	-0.913120555189354	0.367895805298232	0.524251371300365	-0.33596478075832	-1.41183448717751	0.150369029617353
-0.45644210937881	-0.912169897729937	0.367210502473035	0.523690465174759	-0.336027961500396	-1.41033036385211	0.147774961693534
-0.458204372991951	-0.911060794629997	0.366467347790505	0.523038889480819	-0.336024667923612	-1.40858193574939	0.145203069249936
-0.459841006756716	-0.909793245889536	0.36566634125064	0.522296644218545	-0.335954900027968	-1.40658920286934	0.142653352286557
-0.461352010673103	-0.908367251508553	0.364807482853441	0.521463729387937	-0.335818657813463	-1.40435216521197	0.140125810803398
-0.462737384741112	-0.906782811487047	0.363890772598908	0.520540144988994	-0.335615941280098	-1.40187082277728	0.137620444800458
-0.463997128960744	-0.90503992582502	0.362916210487041	0.519525891021718	-0.335346750427873	-1.39914517556527	0.135137254277739
-0.465131243331998	-0.903138594522471	0.36188379651784	0.518420967486108	-0.335011085256786	-1.39617522357594	0.132676239235239
-0.466139727854876	-0.901078817579399	0.360793530691304	0.517225374382164	-0.33460894576684	-1.39296096680928	0.130237399672959
-0.467022582529375	-0.898860594995806	0.359645413007434	0.515939111709885	-0.334140331958033	-1.3895024052653	0.127820735590899
-0.467779807355497	-0.896483926771691	0.358439443466231	0.514562179469274	-0.333605243830366	-1.385799538944	0.125426246989058
-0.468411402333242	-0.893948812907053	0.357175622067693	0.513094577660327	-0.333003681383838	-1.38185236784538	0.123053933867437
-0.468917367462609	-0.891255253401894	0.355853948811821	0.511536306283047	-0.33233564461845	-1.37766089196943	0.120703796226037
-0.469297702743599	-0.888403248256213	0.354474423698615	0.509887365337433	-0.331601133534201	-1.37322511131617	0.118375834064856
-0.469552408176212	-0.88539279747001	0.353037046728074	0.508147754823484	-0.330800148131092	-1.36854502588558	0.116070047383894
-0.469681483760447	-0.882223901043284	0.3515418179002	0.506317474741202	-0.329932688409122	-1.36362063567767	0.113786436183153
-0.469684929496304	-0.878896558976037	0.349988737214991	0.504396525090585	-0.328998754368292	-1.35845194069243	0.111525000462631
-0.469562745383784	-0.875410771268267	0.348377804672448	0.502384905871635	-0.327998346008602	-1.35303894092988	0.109285740222329
-0.469314931422886	-0.871766537919976	0.346709020272571	0.50028261708435	-0.326931463330051	-1.34738163639	0.107068655462247
-0.468941487613611	-0.867963858931163	0.34498238401536	0.498089658728732	-0.32579810633264	-1.3414800270728	0.104873746182385
-0.468442413955959	-0.864002734301828	0.343197895900815	0.49580603080478	-0.324598275016368	-1.33533411297827	0.102701012382742
-0.467817710449929	-0.859883164031971	0.341355555928936	0.493431733312493	-0.323331969381236	-1.32894389410643	0.10055045406332
-0.467067377095522	-0.855605148121591	0.339455364099722	0.490966766251873	-0.321999189427243	-1.32230937045726	0.0984220712241166
-0.466191413892737	-0.85116868657069	0.337497320413174	0.488411129622918	-0.32059993515439	-1.31543054203077	0.0963158638651335
-0.465189820841575	-0.846573779379267	0.335481424869293	0.485764823425629	-0.319134206562676	-1.30830740882696	0.09423183198637
-0.464062597942036	-0.841820426547322	0.333407677468077	0.483027847660007	-0.317602003652102	-1.30093997084583	0.0921699755878264
-0.462809745194118	-0.836908628074855	0.331276078209527	0.48020020232605	-0.316003326422668	-1.29332822808737	0.0901302946695027
-0.461431262597823	-0.831838383961866	0.329086627093642	0.47728188742376	-0.314338174874373	-1.28547218055159	0.0881127892313986
-0.459927150153152	-0.826609694208354	0.326839324120424	0.474272902953135	-0.312606549007218	-1.27737182823849	0.0861174592735145
-0.458297407860102	-0.821222558814322	0.324534169289871	0.471173248914177	-0.310808448821202	-1.26902717114807	0.0841443047958501
-0.456542035718675	-0.815676977779765	0.322171162601985	0.467982925306884	-0.308943874316326	-1.26043820928033	0.0821933257984052
-0.454661033728871	-0.809972951104689	0.319750304056764	0.464701932131257	-0.307012825492589	-1.25160494263526	0.0802645222811805
-0.45265440189069	-0.80411047878909	0.317271593654209	0.461330269387296	-0.305015302349992	-1.24252737121287	0.0783578942441753
-0.45052214020413	-0.798089560832968	0.314735031394319	0.457867937075002	-0.302951304888534	-1.23320549501316	0.0764734416873901
-0.448264248669194	-0.791910197236326	0.312140617277096	0.454314935194373	-0.300820833108217	-1.22363931403613	0.0746111646108246
-0.44588072728588	-0.785572387999161	0.309488351302539	0.450671263745411	-0.298623887009038	-1.21382882828177	0.0727710630144789
-0.443371576054188	-0.779076133121473	0.306778233470647	0.446936922728113	-0.296360466590999	-1.20377403775009	0.070953136898353
-0.440736794974119	-0.772421432603264	0.304010263781421	0.443111912142482	-0.2940305718541	-1.19347494244109	0.0691573862624469
-0.437976384045672	-0.765608286444533	0.301184442234861	0.439196231988518	-0.29163420279834	-1.18293154235477	0.0673838111067606
-0.435090343268848	-0.75863669464528	0.298300768830968	0.435189882266219	-0.28917135942372	-1.17214383749113	0.0656324114312942
-0.432078672643647	-0.751506657205505	0.295359243569739	0.431092862975586	-0.286642041730239	-1.16111182785016	0.0639031872360474
-0.428941372170069	-0.744218174125208	0.292359866451177	0.426905174116619	-0.284046249717898	-1.14983551343187	0.0621961385210202
-0.425678441848112	-0.736771245404389	0.289302637475281	0.422626815689318	-0.281383983386697	-1.13831489423626	0.0605112652862131
-0.422289881677778	-0.729165871043048	0.28618755664205	0.418257787693683	-0.278655242736635	-1.12654997026333	0.0588485675316258
-0.418775691659067	-0.721402051041185	0.283014623951485	0.413798090129714	-0.275860027767713	-1.11454074151307	0.0572080452572582
-0.415135871791978	-0.7134797853988	0.279783839403586	0.409247722997411	-0.27299833847993	-1.1022872079855	0.0555896984631103
-0.411370422076512	-0.705399074115893	0.276495202998353	0.404606686296775	-0.270070174873287	-1.0897893696806	0.0539935271491824
-0.407479342512669	-0.697159917192464	0.273148714735786	0.399874980027804	-0.267075536947783	-1.07704722659837	0.0524195313154742
-0.403462633100448	-0.688762314628513	0.269744374615884	0.395052604190498	-0.264014424703419	-1.06406077873883	0.0508677109619858
-0.399320293839849	-0.68020626642404	0.266282182638649	0.390139558784859	-0.260886838140194	-1.05083002610196	0.0493380660887172
-0.395052324730873	-0.671491772579045	0.262762138804079	0.385135843810886	-0.257692777258109	-1.03735496868777	0.0478305966956684
-0.39065872577352	-0.662618833093528	0.259184243112175	0.380041459268579	-0.254432242057164	-1.02363560649626	0.046345302782839
-0.38613949696779	-0.653587447967489	0.255548495562937	0.374856405157938	-0.251105232537358	-1.00967193952743	0.0448821843502298
-0.381494638313681	-0.644397617200928	0.251854896156365	0.369580681478963	-0.247711748698691	-0.995463967781276	0.0434412413978403
-0.376724149811195	-0.635049340793845	0.248103444892459	0.364214288231653	-0.244251790541165	-0.981011691257798	0.0420224739256707
-0.371828031460332	-0.62554261874624	0.244294141771219	0.35875722541601	-0.240725358064777	-0.966315109956999	0.0406258819337207
-0.366806283261092	-0.615877451058114	0.240426986792644	0.353209493032034	-0.23713245126953	-0.951374223878878	0.0392514654219907
-0.361658905213473	-0.606053837729464	0.236501979956735	0.347571091079722	-0.233473070155422	-0.936189033023433	0.0378992243904804
-0.356385897317478	-0.596071778760293	0.232519121263492	0.341842019559077	-0.229747214722453	-0.920759537390667	0.0365691588391899
-0.350987259573105	-0.5859312741506	0.228478410712915	0.336022278470097	-0.225954884970624	-0.905085736980579	0.0352612687681191
-0.345462991980354	-0.575632323900385	0.224379848305004	0.330111867812784	-0.222096080899935	-0.889167631793168	0.0339755541772682
-0.339813094539227	-0.565174928009649	0.220223434039759	0.324110787587137	-0.218170802510385	-0.873005221828437	0.032712015066637
-0.334037567249722	-0.55455908647839	0.216009167917179	0.318019037793156	-0.214179049801975	-0.856598507086383	0.0314706514362255
-0.328136410111839	-0.543784799306609	0.211737049937266	0.31183661843084	-0.210120822774704	-0.839947487567004	0.0302514632860339
-0.322109623125579	-0.532852066494306	0.207407080100018	0.305563529500191	-0.205996121428573	-0.823052163270307	0.0290544506160621
-0.315957206290941	-0.521760888041481	0.203019258405436	0.299199771001208	-0.201804945763581	-0.805912534196285	0.0278796134263102
-0.309679159607926	-0.510511263948134	0.19857358485352	0.29274534293389	-0.197547295779729	-0.788528600344942	0.0267269517167779
-0.303275483076533	-0.499103194214265	0.19407005944427	0.286200245298238	-0.193223171477016	-0.770900361716276	0.0255964654874655
-0.296746176696763	-0.487536678839875	0.189508682177686	0.279564478094253	-0.188832572855443	-0.753027818310287	0.024488154738373
-0.290091240468615	-0.475811717824961	0.184889453053767	0.272838041321934	-0.18437549991501	-0.734910970126978	0.0234020194695
-0.283310674392091	-0.463928311169527	0.180212372072514	0.26602093498128	-0.179851952655716	-0.716549817166346	0.022338059680847
-0.276404478467189	-0.451886458873571	0.175477439233928	0.259113159072293	-0.175261931077562	-0.697944359428391	0.0212962753724137
-0.269372652693909	-0.439686160937091	0.170684654538007	0.252114713594971	-0.170605435180547	-0.679094596913114	0.0202766665442002
-0.262215197072251	-0.42732741736009	0.165834017984752	0.245025598549315	-0.165882464964672	-0.660000529620515	0.0192792331962064
-0.254932111602217	-0.414810228142568	0.160925529574162	0.237845813935325	-0.161093020429936	-0.640662157550594	0.0183039753284325
-0.247523396283804	-0.402134593284523	0.155959189306239	0.230575359753002	-0.15623710157634	-0.621079480703351	0.0173508929408784
-0.239989051117015	-0.389300512785956	0.150934997180981	0.223214236002345	-0.151314708403884	-0.601252499078785	0.0164199860335441
-0.232329076101847	-0.376307986646868	0.14585295319839	0.215762442683353	-0.146325840912567	-0.581181212676897	0.0155112546064295
-0.224543471238304	-0.363157014867257	0.140713057358464	0.208219979796028	-0.14127049910239	-0.560865621497689	0.0146246986595349
-0.216632236526381	-0.349847597447123	0.135515309661204	0.200586847340368	-0.136148682973352	-0.540305725541155	0.0137603181928599
-0.208595371966082	-0.336379734386468	0.13025971010661	0.192863045316374	-0.130960392525453	-0.519501524807302	0.0129181132064048
-0.200432877557405	-0.322753425685292	0.124946258694682	0.185048573724046	-0.125705627758695	-0.498453019296125	0.0120980837001694
-0.192144753300351	-0.308968671343593	0.119574955425419	0.177143432563385	-0.120384388673075	-0.477160209007627	0.0113002296741538
-0.183730999194919	-0.295025471361372	0.114145800298823	0.169147621834389	-0.114996675268596	-0.455623093941806	0.010524551128358
-0.175191615241109	-0.28092382573863	0.108658793314892	0.161061141537059	-0.109542487545256	-0.433841674098662	0.00977104806278184
-0.166526601438922	-0.266663734475365	0.103113934473627	0.152883991671395	-0.104021825503055	-0.411815949478198	0.00903972047742563
-0.157735957788359	-0.252245197571578	0.0975112237750284	0.144616172237398	-0.0984346891419947	-0.38954592008041	0.00833056837228918
-0.148819684289418	-0.23766821502727	0.0918506612190952	0.136257683235065	-0.0927810784620733	-0.367031585905301	0.00764359174737261
-0.139777780942098	-0.222932786842439	0.0861322468058277	0.1278085246644	-0.0870609934632913	-0.344272946952868	0.0069787906026757
-0.130610247746402	-0.208038913017086	0.0803559805352263	0.1192686965254	-0.0812744341456493	-0.321270003223115	0.00633616493819866
-0.121317084702328	-0.192986593551212	0.0745218624072908	0.110638198818066	-0.0754214005091469	-0.298022754716039	0.00571571475394139
-0.111898291809876	-0.177775828444815	0.068629892422021	0.101917031542398	-0.0695018925537836	-0.274531201431641	0.005117440049904
-0.102353869069047	-0.162406617697896	0.062680070579417	0.0931051946983961	-0.0635159102795602	-0.250795343369919	0.00454134082608626
-0.0926838164798411	-0.146878961310456	0.0566723968794791	0.08420268828606	-0.0574634536864762	-0.226815180530878	0.0039874170824884
-0.0828881340422574	-0.131192859282494	0.050606871322207	0.0752095123053902	-0.0513445227745317	-0.202590712914512	0.0034556688191103
-0.072966821756296	-0.115348311614008	0.0444834939076006	0.0661256667563861	-0.0451591175437265	-0.178121940520826	0.00294609603595175
-0.062919879621957	-0.0993453183050015	0.0383022646356599	0.0569511516390482	-0.0389072379940612	-0.153408863349815	0.00245869873301319
-0.0527473076392422	-0.0831838793554738	0.0320631835063856	0.047685966953376	-0.0325888841255355	-0.128451481401485	0.0019934769102945
-0.0424491058081484	-0.0668639947654226	0.0257662505197767	0.03833011269937	-0.0262040559381496	-0.10324979467583	0.00155043056779558
-0.0320252741286771	-0.0503856645348497	0.0194114656758335	0.0288835888770298	-0.0197527534319026	-0.0778038031728547	0.00112955970551643
-0.0214758126008281	-0.0337488886637551	0.0129988289745564	0.0193463954863553	-0.0132349766067956	-0.0521135068925558	0.000730864323457037
-0.0108007212246028	-0.0169536671521389	0.00652834041594552	0.00971853252734789	-0.00665072546282852	-0.0261789058349375	0.000354344421617414
8.88178419700125e-16	0	2.22044604925031e-16	5.32907051820075e-15	-4.44089209850063e-16	4.44089209850063e-15	-2.33146835171283e-15
