-0.908493854702211	-0.642234668650725	1.84495888853534	-2.55782402460537	1.08274806876833	2.43027518609433	1.61134130945665
-0.908493826686562	-0.64223468723463	1.84495883142611	-2.5578240054679	1.0827480458876	2.43027513192265	1.61134132778953
-0.90849363096726	-0.642234817032696	1.84495843243901	-2.55782387177591	1.08274788600345	2.43027475349839	1.61134145577477
-0.908493100913825	-0.64223516846359	1.84495735183414	-2.55782350971839	1.08274745288504	2.43027372870705	1.61134180211603
-0.908492071066508	-0.642235851078171	1.84495525220401	-2.55782280629535	1.08274661114441	2.43027173776659	1.6113424744821
-0.908490377136292	-0.642236973559489	1.84495179847349	-2.55782164931788	1.08274522623641	2.43026846322744	1.61134357950683
-0.908487856004893	-0.642238643722783	1.84494665789982	-2.55781992740814	1.08274316445876	2.43026358997248	1.61134522278921
-0.908484345724759	-0.642240968515483	1.84493950007261	-2.55781752999932	1.08274029295201	2.43025680521706	1.61134750889328
-0.908479685519071	-0.642244054017211	1.84492999691385	-2.5578143473357	1.08273647969955	2.43024779850899	1.61135054134818
-0.90847371578174	-0.642248005439777	1.84491782267789	-2.5578102704726	1.08273159352764	2.43023626172853	1.61135442264817
-0.908466278077412	-0.642252927127183	1.84490265395148	-2.55780519127642	1.08272550410534	2.4302218890884	1.61135925425258
-0.908457215141463	-0.64225892255562	1.84488416965371	-2.5577990024246	1.08271808194458	2.43020437713379	1.61136513658583
-0.908446370880003	-0.642266094333473	1.84486205103607	-2.55779159740565	1.08270919840014	2.43018342474235	1.61137216903745
-0.908433590369873	-0.642274544201313	1.84483598168239	-2.55778287051915	1.08269872566963	2.43015873312418	1.61138044996205
-0.908418719858647	-0.642284373031905	1.84480564750891	-2.55777271687573	1.08268653679351	2.43013000582185	1.61139007667934
-0.908401606764631	-0.642295680830202	1.84477073676421	-2.55776103239708	1.08267250565508	2.43009694871039	1.61140114547413
-0.908382099676863	-0.642308566733349	1.84473094002926	-2.55774771381594	1.08265650698047	2.43005926999728	1.61141375159631
-0.908360048355114	-0.642323129010681	1.8446859502174	-2.55773265867614	1.08263841633869	2.43001668022247	1.61142798926086
-0.908335303729886	-0.642339465063724	1.84463546257434	-2.55771576533255	1.08261811014156	2.42996889225837	1.61144395164788
-0.908307717902415	-0.642357671426193	1.84457917467816	-2.5576969329511	1.08259546564376	2.42991562130985	1.61146173090253
-0.908277144144668	-0.642377843763996	1.84451678643933	-2.55767606150879	1.0825703609428	2.42985658491422	1.61148141813508
-0.908243436899344	-0.642400076875228	1.84444800010067	-2.55765305179366	1.08254267497904	2.42979150294129	1.6115031034209
-0.908206451779876	-0.642424464690178	1.84437252023737	-2.55762780540484	1.0825122875357	2.4297200975933	1.61152687580043
-0.908166045570427	-0.642451100271323	1.84429005375703	-2.55760022475251	1.08247907923883	2.42964209340495	1.61155282327924
-0.908122076225893	-0.642480075813332	1.84420030989957	-2.55757021305789	1.0824429315573	2.42955721724342	1.61158103282795
-0.908074402871903	-0.642511482643064	1.84410300023731	-2.55753767435329	1.08240372680287	2.42946519830833	1.61161159038231
-0.908022885804819	-0.642545411219568	1.84399783867496	-2.55750251348207	1.08236134813011	2.42936576813178	1.61164458084314
-0.907967386491732	-0.642581951134083	1.84388454144957	-2.55746463609863	1.08231567953644	2.4292586605783	1.61168008807637
-0.907907767570469	-0.642621191110042	1.84376282713058	-2.55742394866847	1.08226660586214	2.42914361184492	1.61171819491301
-0.907843892849586	-0.642663219003063	1.84363241661979	-2.55738035846811	1.0822140127903	2.4290203604611	1.61175898314916
-0.907775627308375	-0.642708121800959	1.84349303315139	-2.55733377358517	1.08215778684689	2.42888864728877	1.61180253354603
-0.907702837096856	-0.642755985623732	1.84334440229193	-2.55728410291829	1.0820978154007	2.42874821552232	1.61184892582992
-0.907625389535785	-0.642806895723573	1.84318625194033	-2.5572312561772	1.08203398666337	2.4285988106886	1.61189823869221
-0.907543153116647	-0.642860936484866	1.84301831232789	-2.55717514388268	1.08196618968939	2.42844018064692	1.61195054978938
-0.907455997501662	-0.642918191424183	1.84284031601829	-2.55711567736658	1.08189431437609	2.42827207558906	1.61200593574301
-0.907363793523781	-0.642978743190289	1.84265199790757	-2.55705276877179	1.08181825146363	2.42809424803923	1.61206447213977
-0.907266413186687	-0.643042673564137	1.84245309522413	-2.55698633105228	1.08173789253504	2.42790645285414	1.61212623353141
-0.907163729664795	-0.643110063458873	1.84224334752878	-2.55691627797307	1.08165313001616	2.42770844722294	1.6121912934348
-0.907055617303255	-0.643180992919831	1.84202249671466	-2.55684252411024	1.08156385717571	2.42749999066722	1.61225972433187
-0.906941951617945	-0.643255541124538	1.84179028700732	-2.55676498485094	1.08146996812523	2.42728084504108	1.61233159766968
-0.906822609295479	-0.64333378638271	1.84154646496465	-2.55668357639337	1.0813713578191	2.42705077453104	1.61240698386035
-0.9066974681932	-0.643415806136252	1.84129077947694	-2.55659821574681	1.08126792205457	2.42680954565608	1.61248595228112
-0.906566407339186	-0.643501676959263	1.84102298176683	-2.55650882073157	1.0811595574717	2.42655692726767	1.6125685712743
-0.906429306932246	-0.64359147455803	1.84074282538935	-2.55641530997903	1.08104616155342	2.42629269054972	1.61265490814731
-0.906286048341921	-0.64368527377103	1.84045006623189	-2.55631760293166	1.08092763262549	2.42601660901859	1.61274502917266
-0.906136514108486	-0.643783148568934	1.84014446251423	-2.55621561984295	1.08080386985651	2.42572845852312	1.61283899958794
-0.905980587942945	-0.643885172054599	1.83982577478848	-2.55610928177747	1.08067477325794	2.42542801724461	1.61293688359586
-0.905818154727037	-0.643991416463075	1.83949376593919	-2.55599851061086	1.08054024368408	2.4251150656968	1.6130387443642
-0.905649100513233	-0.644101953161603	1.83914820118321	-2.55588322902979	1.08040018283205	2.42478938672592	1.61314464402584
-0.905473312524735	-0.644216852649612	1.83878884806982	-2.55576336053202	1.08025449324184	2.42445076551063	1.61325464367875
-0.905290679155478	-0.644336184558725	1.83841547648064	-2.55563882942637	1.08010307829627	2.42409898956206	1.61336880338601
-0.90510108997013	-0.644460017652751	1.83802785862968	-2.55550956083269	1.07994584222102	2.42373384872382	1.61348718217577
-0.90490443570409	-0.644588419827694	1.83762576906331	-2.55537548068192	1.07978269008459	2.42335513517195	1.61360983804128
-0.904700608263488	-0.644721458111746	1.83720898466027	-2.55523651571605	1.07961352779833	2.42296264341498	1.61373682794091
-0.904489500725191	-0.64485919866529	1.83677728463168	-2.55509259348814	1.07943826211646	2.42255617029387	1.61386820779808
-0.904271007336793	-0.645001706780898	1.83633045052105	-2.55494364236229	1.079256800636	2.42213551498206	1.61400403250132
-0.904045023516623	-0.645149046883336	1.83586826620423	-2.55478959151368	1.07906905179685	2.42170047898544	1.61414435590428
-0.903811445853743	-0.645301282529557	1.83539051788945	-2.55463037092855	1.07887492488174	2.42125086614237	1.61428923082567
-0.903570172107944	-0.645458476408707	1.83489699411733	-2.55446591140418	1.07867433001623	2.42078648262367	1.6144387090493
-0.903321101209752	-0.645620690342121	1.83438748576086	-2.55429614454893	1.07846717816874	2.42030713693261	1.61459284132407
-0.903064133260425	-0.645787985283324	1.83386178602537	-2.55412100278222	1.07825338115054	2.41981263990493	1.614751677364
-0.902799169531952	-0.645960421318033	1.8333196904486	-2.55394041933452	1.07803285161572	2.41930280470882	1.61491526584817
-0.902526112467056	-0.646138057664155	1.83276099690066	-2.55375432824736	1.07780550306124	2.41877744684494	1.61508365442078
-0.90224486567919	-0.646320952671786	1.832185505584	-2.55356266437336	1.07757124982688	2.4182363841464	1.61525688969109
-0.901955333952542	-0.646509163823216	1.83159301903348	-2.55336536337615	1.07733000709528	2.41767943677879	1.6154350172335
-0.901657423242029	-0.646702747732922	1.83098334211631	-2.55316236173046	1.07708169089191	2.41710642724013	1.61561808158745
-0.901351040673304	-0.646901760147573	1.83035628203208	-2.55295359672207	1.0768262180851	2.41651718036094	1.61580612625752
-0.901036094542749	-0.647106255946028	1.82971164831275	-2.55273900644781	1.07656350638601	2.41591152330415	1.61599919371336
-0.900712494317479	-0.647316289139337	1.82904925282265	-2.55251852981558	1.07629347434865	2.4152892855652	1.61619732538971
-0.900380150635343	-0.64753191287074	1.82836890975849	-2.55229210654436	1.07601604136988	2.41465029897195	1.61640056168641
-0.900038975304921	-0.647753179415668	1.82767043564935	-2.55205967716414	1.07573112768937	2.41399439768475	1.6166089419684
-0.899688881305525	-0.647980140181742	1.82695364935669	-2.55182118301602	1.07543865438968	2.4133214181964	1.61682250456571
-0.899329782787199	-0.648212845708774	1.82621837207431	-2.55157656625214	1.07513854339619	2.41263119933215	1.61704128677346
-0.89896159507072	-0.648451345668765	1.82546442732843	-2.55132576983569	1.07483071747712	2.41192358224972	1.61726532485185
-0.898584234647598	-0.648695688865909	1.8246916409776	-2.55106873754095	1.07451510024355	2.41119841043929	1.6174946540262
-0.898197619180074	-0.648945923236588	1.82389984121278	-2.55080541395322	1.07419161614937	2.4104555297235	1.61772930848691
-0.897801667501121	-0.649202095849377	1.82308885855726	-2.5505357444689	1.07386019049136	2.40969478825744	1.61796932138946
-0.897396299614445	-0.649464252905039	1.82225852586674	-2.55025967529544	1.07352074940911	2.40891603652869	1.61821472485445
-0.896981436694484	-0.649732439736528	1.82140867832928	-2.54997715345132	1.07317321988506	2.40811912735725	1.61846554996756
-0.896557001086409	-0.650006700808991	1.82053915346531	-2.54968812676613	1.07281752974451	2.40730391589561	1.61872182677956
-0.896122916306122	-0.650287079719762	1.81964979112762	-2.54939254388047	1.07245360765558	2.4064702596287	1.61898358430632
-0.895679107040257	-0.650573619198367	1.8187404335014	-2.54909035424605	1.07208138312924	2.40561801837393	1.61925085052879
-0.895225499146183	-0.650866361106523	1.8178109251042	-2.5487815081256	1.07170078651931	2.40474705428116	1.61952365239303
-0.894762019651999	-0.651165346438138	1.81686111278593	-2.54846595659294	1.07131174902246	2.4038572318327	1.61980201581019
-0.894288596756535	-0.651470615319307	1.81589084572888	-2.54814365153293	1.07091420267819	2.40294841784335	1.62008596565651
-0.893805159829357	-0.65178220700832	1.81489997544773	-2.54781454564149	1.07050808036885	2.40202048146033	1.62037552577332
-0.89331163941076	-0.652100159895655	1.81388835578951	-2.54747859242562	1.07009331581962	2.40107329416335	1.62067071896704
-0.892807967211772	-0.652424511503981	1.81285584293362	-2.54713574620336	1.06966984359855	2.40010672976457	1.6209715670092
-0.892294076114154	-0.652755298488156	1.81180229539186	-2.54678596210383	1.06923759911651	2.39912066440862	1.62127809063641
-0.891769900170399	-0.653092556635232	1.81072757400838	-2.5464291960672	1.06879651862723	2.39811497657257	1.62159030955038
-0.891235374603733	-0.653436320864448	1.80963154195971	-2.54606540484468	1.06834653922727	2.39708954706597	1.6219082424179
-0.890690435808112	-0.653786625227236	1.80851406475474	-2.54569454599859	1.06788759885604	2.39604425903081	1.62223190687087
-0.890135021348226	-0.654143502907216	1.80737501023474	-2.54531657790226	1.06741963629579	2.39497899794157	1.62256131950627
-0.889569069959498	-0.654506986220201	1.80621424857338	-2.54493145974011	1.06694259117162	2.39389365160516	1.6228964958862
-0.888992521548081	-0.654877106614193	1.80503165227665	-2.54453915150761	1.06645640395147	2.39278811016097	1.6232374505378
-0.888405317190861	-0.655253894669384	1.80382709618295	-2.54413961401129	1.06596101594612	2.39166226608084	1.62358419695337
-0.887807399135459	-0.655637380098158	1.80260045746304	-2.54373280886875	1.06545636930921	2.39051601416907	1.62393674759024
-0.887198710800223	-0.656027591745089	1.80135161562007	-2.54331869850865	1.06494240703719	2.38934925156243	1.62429511387089
-0.886579196774238	-0.65642455758694	1.80008045248953	-2.54289724617069	1.06441907296939	2.38816187773013	1.62465930618284
-0.885948802817319	-0.656828304732667	1.7987868522393	-2.54246841590565	1.06388631178796	2.38695379447387	1.62502933387875
-0.885307475860014	-0.657238859423416	1.79747070136964	-2.54203217257537	1.0633440690179	2.38572490592779	1.62540520527635
-0.884655164003603	-0.65765624703252	1.79613188871317	-2.54158848185274	1.06279229102706	2.38447511855849	1.62578692765845
-0.883991816520097	-0.658080492065508	1.79477030543489	-2.54113731022172	1.06223092502613	2.38320434116503	1.62617450727299
-0.883317383852242	-0.658511618160095	1.79338584503216	-2.54067862497733	1.06165991906864	2.38191248487895	1.62656794933297
-0.882631817613514	-0.658949648086189	1.79197840333474	-2.54021239422564	1.06107922205096	2.38059946316422	1.6269672580165
-0.881935070588122	-0.659394603745887	1.79054787850473	-2.5397385868838	1.06048878371231	2.37926519181729	1.62737243646678
-0.881227096731008	-0.659846506173477	1.78909417103662	-2.53925717267999	1.05988855463475	2.37790958896707	1.6277834867921
-0.880507851167844	-0.660305375535438	1.78761718375727	-2.53876812215348	1.0592784862432	2.37653257507492	1.62820041006585
-0.879777290195036	-0.660771231130439	1.78611682182591	-2.5382714066546	1.05865853080539	2.37513407293466	1.6286232063265
-0.879035371279724	-0.66124409138934	1.78459299273415	-2.53776699834471	1.05802864143193	2.37371400767259	1.62905187457764
-0.878282053059776	-0.661723973875191	1.78304560630596	-2.53725487019627	1.05738877207625	2.37227230674745	1.62948641278791
-0.877517295343795	-0.662210895283232	1.78147457469769	-2.53673499599276	1.05673887753462	2.37080889995044	1.6299268178911
-0.876741059111117	-0.662704871440895	1.77987981239806	-2.53620735032876	1.05607891344618	2.36932371940523	1.63037308578604
-0.875953306511808	-0.6632059173078	1.77826123622818	-2.53567190860988	1.05540883629289	2.36781669956795	1.63082521133668
-0.875154000866667	-0.66371404697576	1.77661876534149	-2.53512864705281	1.05472860339955	2.36628777722719	1.63128318837207
-0.874343106667226	-0.664229273668777	1.77495232122385	-2.53457754268529	1.05403817293384	2.36473689150399	1.63174700968632
-0.873520589575748	-0.664751609743045	1.77326182769346	-2.53401857334613	1.05333750390623	2.36316398385185	1.63221666703868
-0.872686416425231	-0.665281066686947	1.77154721090091	-2.53345171768519	1.05262655617008	2.36156899805676	1.63269215115346
-0.871840555219401	-0.665817655121056	1.76980839932915	-2.53287695516339	1.05190529042156	2.35995188023712	1.63317345172007
-0.87098297513272	-0.666361384798137	1.76804532379352	-2.53229426605272	1.05117366819971	2.35831257884384	1.63366055739301
-0.870113646510381	-0.666912264603146	1.76625791744171	-2.53170363143622	1.0504316518864	2.35665104466026	1.6341534557919
-0.869232540868308	-0.667470302553226	1.7644461157538	-2.53110503320801	1.04967920470634	2.35496723080219	1.6346521335014
-0.868339630893158	-0.668035505797715	1.76260985654223	-2.53049845407324	1.0489162907271	2.3532610927179	1.63515657607133
-0.867434890442323	-0.668607880618139	1.76074907995182	-2.52988387754815	1.04814287485906	2.35153258818811	1.63566676801654
-0.866518294543922	-0.669187432428214	1.75886372845976	-2.52926128796003	1.04735892285549	2.34978167732601	1.63618269281702
-0.865589819396811	-0.669774165773848	1.75695374687562	-2.52863067044721	1.04656440131247	2.34800832257726	1.63670433291783
-0.864649442370575	-0.670368084333139	1.75501908234133	-2.52799201095911	1.04575927766893	2.34621248871996	1.63723166972912
-0.863697142005533	-0.670969190916374	1.7530596843312	-2.52734529625621	1.04494352020665	2.34439414286468	1.63776468362616
-0.862732898012737	-0.671577487466033	1.75107550465191	-2.52669051391002	1.04411709805025	2.34255325445446	1.63830335394928
-0.861756691273968	-0.672192975056786	1.74906649744252	-2.52602765230315	1.04327998116719	2.34068979526478	1.63884765900393
-0.860768503841743	-0.67281565389549	1.74703261917445	-2.52535670062923	1.04243214036779	2.33880373940359	1.63939757606063
-0.85976831893931	-0.673445523321198	1.74497382865149	-2.52467764889299	1.04157354730518	2.3368950633113	1.63995308135502
-0.858756120960647	-0.67408258180515	1.74289008700982	-2.52399048791019	1.04070417447537	2.33496374576079	1.64051415008781
-0.857731895470468	-0.674726826950776	1.74078135771798	-2.52329520930767	1.03982399521719	2.33300976785738	1.6410807564248
-0.856695629204216	-0.675378255493699	1.73864760657689	-2.52259180552332	1.03893298371232	2.33103311303886	1.64165287349692
-0.855647310068068	-0.676036863301731	1.73648880171984	-2.5218802698061	1.0380311149853	2.32903376707549	1.64223047340015
-0.854586927138933	-0.676702645374874	1.73430491361248	-2.52116059621601	1.03711836490348	2.32701171806997	1.64281352719559
-0.853514470664452	-0.677375595845321	1.73209591505284	-2.52043277962413	1.03619471017707	2.32496695645749	1.64340200490942
-0.852429932062999	-0.678055707977457	1.72986178117134	-2.51969681571259	1.03526012835915	2.32289947500567	1.64399587553292
-0.851333303923679	-0.678742974167855	1.72760248943075	-2.51895270097461	1.03431459784559	2.32080926881459	1.64459510702247
-0.850224580006331	-0.679437385945279	1.72531801962622	-2.51820043271441	1.03335809787515	2.31869633531683	1.64519966629952
-0.849103755241523	-0.680138933970686	1.72300835388527	-2.51744000904734	1.03239060852942	2.31656067427737	1.64580951925064
-0.84797082573056	-0.68084760803722	1.72067347666781	-2.51667142889975	1.03141211073281	2.31440228779371	1.64642463072748
-0.846825788745475	-0.681563397070218	1.71831337476608	-2.5158946920091	1.03042258625261	2.31222118029577	1.64704496454678
-0.845668642729035	-0.682286289127205	1.71592803730475	-2.51510979892387	1.02942201769893	2.31001735854595	1.64767048349038
-0.84449938729474	-0.6830162713979	1.71351745574081	-2.51431675100363	1.02841038852472	2.30779083163909	1.64830114930521
-0.84331802322682	-0.683753330204209	1.71108162386365	-2.513515550419	1.02738768302581	2.30554161100252	1.6489369227033
-0.842124552480241	-0.684497451000231	1.70862053779504	-2.51270620015165	1.02635388634082	2.303269710396	1.64957776336177
-0.840918978180697	-0.685248618372253	1.70613419598909	-2.51188870399432	1.02530898445126	2.30097514591177	1.65022362992282
-0.839701304624617	-0.686006816038756	1.70362259923232	-2.51106306655083	1.02425296418145	2.29865793597452	1.65087447999376
-0.838471537279161	-0.686772026850408	1.70108575064359	-2.51022929323601	1.02318581319858	2.29631810134141	1.651530270147
-0.837229682782223	-0.687544232790069	1.69852365567416	-2.50938739027581	1.02210752001266	2.29395566510205	1.65219095592001
-0.835975748942426	-0.68832341497279	1.69593632210764	-2.5085373647072	1.02101807397656	2.29157065267852	1.65285649181539
-0.834709744739128	-0.689109553645811	1.69332376006003	-2.50767922437822	1.01991746528599	2.28916309182535	1.65352683130081
-0.83343168032242	-0.689902628188565	1.69068598197968	-2.50681297794798	1.0188056849795	2.28673301262953	1.65420192680905
-0.832141567013121	-0.690702617112672	1.68802300264735	-2.50593863488664	1.01768272493849	2.28428044751052	1.65488172973797
-0.830839417302787	-0.691509498061945	1.68533483917612	-2.50505620547542	1.01654857788719	2.28180543122025	1.65556619045052
-0.829525244853704	-0.692323247812387	1.6826215110115	-2.50416570080662	1.01540323739269	2.27930800084307	1.65625525827477
-0.82819906449889	-0.693143842272192	1.67988303993133	-2.50326713278357	1.01424669786491	2.27678819579583	1.65694888150384
-0.826860892242096	-0.693971256481742	1.67711945004584	-2.50236051412067	1.01307895455663	2.27424605782783	1.65764700739599
-0.825510745257805	-0.694805464613613	1.67433076779762	-2.50144585834341	1.01190000356345	2.27168163102082	1.65834958217454
-0.824148641891233	-0.695646439972569	1.67151702196166	-2.5005231797883	1.01070984182384	2.26909496178901	1.65905655102792
-0.822774601658326	-0.696494154995565	1.66867824364529	-2.49959249360293	1.00950846711908	2.26648609887909	1.65976785810964
-0.821388645245764	-0.697348581251747	1.66581446628823	-2.49865381574595	1.00829587807334	2.26385509337018	1.66048344653831
-0.819990794510961	-0.698209689442451	1.66292572566257	-2.49770716298707	1.00707207415358	2.2612019986739	1.66120325839765
-0.818581072482059	-0.699077449401205	1.66001205987277	-2.49675255290705	1.00583705566966	2.25852687053429	1.66192723473644
-0.817159503357935	-0.699951830093724	1.65707350935566	-2.49579000389773	1.00459082377423	2.25582976702787	1.66265531556858
-0.815726112508199	-0.700832799617917	1.65411011688045	-2.494819535162	1.00333338046281	2.25311074856362	1.66338743987305
-0.814280926473191	-0.701720325203882	1.65112192754873	-2.4938411667138	1.00206472857378	2.25036987788297	1.66412354559393
-0.812823972963985	-0.702614373213908	1.64810898879443	-2.49285491937814	1.00078487178833	2.24760722005984	1.66486356964039
-0.811355280862386	-0.703514909142473	1.64507135038389	-2.49186081479111	0.999493814630504	2.24482284250057	1.66560744788669
-0.809874880220932	-0.704421897616248	1.6420090644158	-2.49085887539983	0.998191562467206	2.24201681494397	1.6663551151722
-0.808382802262893	-0.705335302394092	1.63892218532122	-2.48984912446248	0.996878121508166	2.23918920946135	1.66710650530136
-0.806879079382272	-0.706255086367056	1.63581076986361	-2.48883158604834	0.995553498805964	2.23634010045642	1.66786155104372
-0.805363745143802	-0.70718121155838	1.63267487713877	-2.4878062850377	0.994217702256022	2.23346956466538	1.66862018413391
-0.803836834282951	-0.708113639123498	1.62951456857489	-2.48677324712195	0.992870740596606	2.23057768115691	1.66938233527167
-0.802298382705918	-0.70905232935003	1.62632990793253	-2.48573249880351	0.991512623408827	2.22766453133212	1.67014793412181
-0.800748427489635	-0.709997241657789	1.62312096130461	-2.48468406739589	0.990143361116636	2.22473019892458	1.67091690931426
-0.799187006881765	-0.710948334598777	1.61988779711645	-2.48362798102363	0.98876296498683	2.22177477000034	1.67168918844403
-0.797614160300703	-0.71190556585719	1.61663048612572	-2.48256426862236	0.987371447129051	2.2187983329579	1.67246469807122
-0.796029928335578	-0.71286889224941	1.61334910142246	-2.48149295993875	0.985968820495781	2.21580097852821	1.67324336372103
-0.79443435274625	-0.713838269724011	1.61004371842909	-2.48041408553054	0.984555098882348	2.2127827997747	1.67402510988374
-0.792827476463313	-0.71481365336176	1.60671441490042	-2.47932767676652	0.983130296926923	2.20974389209326	1.67480986001475
-0.79120934358809	-0.715794997375611	1.6033612709236	-2.47823376582656	0.981694430110519	2.20668435321221	1.67559753653453
-0.789579999392639	-0.71678225511071	1.59998436891817	-2.47713238570157	0.980247514756995	2.20360428319236	1.67638806082865
-0.787939490319749	-0.717775379044393	1.59658379363605	-2.47602357019353	0.978789568033053	2.20050378442698	1.67718135324777
-0.786287863982942	-0.718774320786188	1.59315963216151	-2.47490735391548	0.977320607948237	2.19738296164178	1.67797733310765
-0.784625169166473	-0.719779031077811	1.58971197391121	-2.47378377229152	0.975840653354935	2.19424192189494	1.67877591868914
-0.782951455825326	-0.720789459793171	1.58624091063418	-2.47265286155681	0.974349723948381	2.19108077457711	1.67957702723818
-0.781266775085221	-0.721805555938366	1.58274653641183	-2.47151465875758	0.972847840266648	2.1878996314114	1.68038057496582
-0.779571179242607	-0.722827267651684	1.57922894765791	-2.4703692017511	0.971335023690656	2.18469860645335	1.68118647704818
-0.777864721764669	-0.723854542203606	1.57568824311858	-2.46921652920572	0.969811296444169	2.181477816091	1.68199464762648
-0.776147457289321	-0.7248873259968	1.57212452387235	-2.46805668060083	0.968276681593791	2.17823737904483	1.68280499980705
-0.774419441625211	-0.725925564566127	1.56853789333012	-2.46688969622691	0.966731203048973	2.17497741636777	1.68361744566128
-0.772680731751718	-0.726969202578638	1.56492845723515	-2.46571561718548	0.965174885562008	2.17169805144524	1.6844318962257
-0.770931385818955	-0.728018183833574	1.56129632366307	-2.46453448538912	0.963607754728032	2.1683994099951	1.68524826150188
-0.769171463147765	-0.729072451262366	1.55764160302188	-2.46334634356147	0.962029836985026	2.16508162006767	1.68606645045653
-0.767401024229725	-0.730131946928637	1.55396440805198	-2.46215123523725	0.960441159613814	2.16174481204573	1.68688637102142
-0.765620130727143	-0.731196612028199	1.55026485382611	-2.46094920476221	0.958841750738063	2.15838911864453	1.68770793009344
-0.763828845473062	-0.732266386889056	1.54654305774939	-2.45974029729318	0.957231639324283	2.15501467491177	1.68853103353455
-0.762027232471253	-0.733341210971402	1.54279913955933	-2.45852455879805	0.955610855181829	2.15162161822762	1.68935558617181
-0.760215356896222	-0.73442102286762	1.53903322132579	-2.45730203605577	0.9539794289629	2.1482100883047	1.69018149179739
-0.758393285093208	-0.735505760302284	1.53524542745101	-2.45607277665635	0.952337392162536	2.1447802271881	1.69100865316853
-0.75656108457818	-0.736595360132161	1.53143588466962	-2.45483682900085	0.950684777118623	2.14133217925535	1.69183697200757
-0.75471882403784	-0.737689758346206	1.52760472204859	-2.4535942423014	0.949021617011888	2.13786609121648	1.69266634900196
-0.752866573329623	-0.738788890065564	1.52375207098729	-2.45234506658119	0.947347945865905	2.13438211211393	1.69349668380422
-0.751004403481695	-0.739892689543573	1.51987806521744	-2.45108935267447	0.945663798547088	2.13088039332265	1.69432787503197
-0.749132386692956	-0.741001090165758	1.51598284080316	-2.44982715222656	0.943969210764698	2.12736108855	1.69515982026793
-0.747250596333038	-0.742114024449839	1.51206653614091	-2.44855851769382	0.942264219070835	2.12382435383585	1.69599241605992
-0.745359106942302	-0.743231424045723	1.50812929195955	-2.44728350234368	0.940548860860447	2.12027034755249	1.69682555792083
-0.743457994231845	-0.744353219735507	1.50417125132031	-2.44600216025464	0.938823174371324	2.11669923040469	1.69765914032866
-0.741547335083496	-0.745479341433482	1.50019255961676	-2.44471454631624	0.937087198684098	2.11311116542968	1.6984930567265
-0.739627207549814	-0.746609718186127	1.49619336457489	-2.44342071622911	0.935340973722246	2.10950631799715	1.69932719952253
-0.737697690854092	-0.747744278172112	1.49217381625302	-2.44212072650492	0.933584540252089	2.10588485580924	1.70016146009003
-0.735758865390355	-0.748882948702296	1.48813406704188	-2.44081463446639	0.931817939882791	2.10224694890056	1.70099572876737
-0.73381081272336	-0.750025656219731	1.48407427166454	-2.43950249824733	0.930041215066358	2.09859276963817	1.70182989485801
-0.731853615588596	-0.751172326299659	1.47999458717647	-2.43818437679258	0.928254409097642	2.09492249272161	1.70266384663051
-0.729887357892285	-0.752322883649511	1.47589517296548	-2.43686032985807	0.926457566114338	2.09123629518287	1.70349747131852
-0.72791212471138	-0.75347725210891	1.47177619075178	-2.43553041801077	0.924650731096982	2.08753435638638	1.70433065512078
-0.725928002293568	-0.754635354649668	1.46763780458795	-2.43419470262872	0.922833949868958	2.08381685802906	1.70516328320112
-0.723935078057267	-0.755797113375789	1.46348018085893	-2.43285324590101	0.921007269096488	2.08008398414028	1.70599523968848
-0.721933440591628	-0.756962449523466	1.45930348828204	-2.4315061108278	0.919170736288644	2.07633592108187	1.70682640767688
-0.719923179656532	-0.758131283461084	1.45510789790697	-2.43015336122031	0.917324399797335	2.07257285754811	1.70765666922543
-0.717904386182597	-0.759303534689218	1.45089358311579	-2.42879506170082	0.915468308817319	2.06879498456576	1.70848590535834
-0.715877152271168	-0.760479121840633	1.44666071962292	-2.42743127770267	0.913602513386194	2.06500249549402	1.70931399606492
-0.713841571194325	-0.761657962680284	1.44240948547519	-2.42606207547026	0.911727064384403	2.06119558602456	1.71014082029957
-0.711797737394881	-0.762839974105318	1.43814006105176	-2.42468752205904	0.909842013535232	2.05737445418151	1.71096625598176
-0.709745746486379	-0.764025072145072	1.4338526290642	-2.42330768533554	0.907947413404811	2.05353930032147	1.71179017999609
-0.707685695253096	-0.765213171961073	1.42954737455642	-2.42192263397734	0.906043317402113	2.04969032713347	1.71261246819222
-0.70561768165004	-0.766404187847038	1.42522448490474	-2.42053243747308	0.904129779778955	2.04582773963905	1.71343299538494
-0.703541804802953	-0.767598033228875	1.42088414981781	-2.41913716612246	0.902206855629997	2.04195174519215	1.7142516353541
-0.701458165008307	-0.768794620664684	1.41652656133668	-2.41773689103625	0.900274600892744	2.03806255347922	1.71506826084465
-0.699366863733307	-0.769993861844753	1.41215191383477	-2.41633168413626	0.898333072347543	2.03416037651914	1.71588274356665
-0.697268003615893	-0.771195667591563	1.40776040401786	-2.41492161815539	0.896382327617584	2.03024542866327	1.71669495419524
-0.695161688464732	-0.772399947859782	1.40335223092411	-2.41350676663758	0.894422425168902	2.02631792659542	1.71750476237065
-0.693048023259228	-0.773606611736272	1.39892759592407	-2.41208720393783	0.892453424310376	2.02237808933186	1.71831203669821
-0.690927114149515	-0.774815567440084	1.39448670272063	-2.4106630052222	0.890475385193726	2.01842613822131	1.71911664474835
-0.688799068456459	-0.77602672232246	1.39002975734907	-2.40923424646783	0.888488368813518	2.01446229694498	1.71991845305658
-0.686663994671661	-0.77723998286683	1.38555696817704	-2.4078010044629	0.886492437007161	2.01048679151651	1.72071732712351
-0.684522002457449	-0.778455254688819	1.38106854590456	-2.40636335680665	0.884487652454906	2.00649985028203	1.72151313141484
-0.682373202646889	-0.779672442536238	1.37656470356403	-2.4049213819094	0.88247407867985	2.00250170392009	1.72230572936137
-0.680217707243775	-0.780891450289092	1.37204565652022	-2.4034751589925	0.880451780047931	1.99849258544173	1.72309498335898
-0.678055629422637	-0.782112180959574	1.36751162247027	-2.4020247680884	0.878420821767932	1.99447273019045	1.72388075476867
-0.675887083528733	-0.783334536692069	1.36296282144369	-2.40057029004058	0.87638126989148	1.99044237584219	1.72466290391649
-0.673712185078056	-0.784558418763152	1.35839947580236	-2.39911180650358	0.874333191313044	1.98640176240538	1.72544129009363
-0.671531050757332	-0.785783727581588	1.35382181024054	-2.39764939994302	0.872276653769938	1.98235113222088	1.72621577155634
-0.669343798424016	-0.787010362688333	1.34923005178487	-2.39618315363557	0.870211725842319	1.97829072996204	1.72698620552598
-0.667150547106299	-0.788238222756534	1.34462442979434	-2.39471315166896	0.868138476953187	1.97422080263463	1.727752448189
-0.664951417003102	-0.789467205591527	1.34000517596033	-2.39323947894197	0.866056977368385	1.97014159957693	1.72851435469694
-0.662746529484078	-0.790697208130839	1.33537252430658	-2.39176222116447	0.863967298196603	1.96605337245963	1.72927177916643
-0.660536007089614	-0.79192812644419	1.33072671118922	-2.39028146485737	0.861869511389369	1.96195637528592	1.73002457467921
-0.658319973530827	-0.793159855733486	1.32606797529674	-2.38879729735263	0.85976368974106	1.95785086439144	1.7307725932821
-0.656098553689568	-0.794392290332827	1.32139655765	-2.3873098067933	0.857649906888893	1.95373709844426	1.731515685987
-0.653871873618421	-0.795625323708502	1.31671270160224	-2.38581908213346	0.855528237312929	1.94961533844496	1.73225370277093
-0.651640060540699	-0.796858848458992	1.31201665283907	-2.38432521313827	0.853398756336075	1.94548584772655	1.732986492576
-0.649403242850451	-0.798092756314965	1.30730865937847	-2.38282829038394	0.851261540124078	1.9413488919545	1.73371390330939
-0.647161550112455	-0.799326938139283	1.3025889715708	-2.38132840525776	0.84911666568553	1.93720473912675	1.73443578184339
-0.644915113062223	-0.800561283926997	1.29785784209878	-2.37982564995805	0.846964210871868	1.93305365957369	1.73515197401539
-0.642664063606001	-0.801795682805349	1.29311552597751	-2.37832011749422	0.844804254377371	1.92889592595818	1.73586232462786
-0.640408534820763	-0.803030023033771	1.28836228055446	-2.37681190168671	0.842636875739162	1.92473181327554	1.73656667744837
-0.638148660954218	-0.804264192003885	1.28359836550948	-2.37530109716706	0.840462155337206	1.92056159885354	1.73726487520958
-0.635884577424807	-0.805498076239506	1.27882404285479	-2.37378779937783	0.838280174394314	1.91638556235242	1.73795675960925
-0.633616420821704	-0.806731561396636	1.27403957693496	-2.37227210457266	0.836091014976139	1.91220398576488	1.73864217131022
-0.631344328904813	-0.80796453226347	1.26924523442698	-2.37075410981626	0.833894759991179	1.90801715341607	1.73932094994043
-0.629068440604772	-0.809196872760392	1.26444128434016	-2.36923391298438	0.831691493190773	1.90382535196362	1.73999293409293
-0.626788896022951	-0.810428465939978	1.25962799801622	-2.36771161276384	0.829481299169105	1.89962887039759	1.74065796132583
-0.624505836431452	-0.811659193986993	1.25480564912923	-2.36618730865253	0.827264263363204	1.89542800004053	1.74131586816236
-0.622219404273109	-0.812888938218393	1.24997451368565	-2.36466110095939	0.82504047205294	1.89122303454744	1.74196649009084
-0.619929743161489	-0.814117579083324	1.24513487002429	-2.36313309080441	0.822810012361027	1.88701426990577	1.74260966156467
-0.61763699788089	-0.815344996163124	1.24028699881636	-2.36160338011866	0.820572972253025	1.88280200443545	1.74324521600235
-0.615341314386344	-0.816571068171321	1.23543118306543	-2.36007207164426	0.818329440537334	1.87858653878884	1.74387298578748
-0.613042839803615	-0.817795672953632	1.23056770810743	-2.3585392689344	0.8160795068652	1.8743681759508	1.74449280226875
-0.610741722429196	-0.819018687487965	1.22569686161068	-2.35700507635332	0.813823261730711	1.87014722123861	1.74510449575993
-0.608438111730318	-0.820239987884421	1.22081893357587	-2.35546959907632	0.8115607964708	1.86592398230204	1.74570789553991
-0.606132158344938	-0.821459449385287	1.21593421633605	-2.35393294308977	0.809292203265243	1.86169876912331	1.74630282985265
-0.603824014081751	-0.822676946365045	1.21104300455665	-2.35239521519109	0.807017575136658	1.8574718940171	1.7468891259072
-0.601513831920181	-0.823892352330364	1.20614559523549	-2.35085652298877	0.804737005950509	1.85324367163054	1.74746660987774
-0.599201766010384	-0.825105539920106	1.20124228770272	-2.34931697490235	0.802450590415103	1.84901441894324	1.74803510690349
-0.59688797167325	-0.826316380905322	1.19633338362091	-2.34777668016245	0.800158424081588	1.84478445526726	1.74859444108881
-0.594572605400399	-0.827524746189254	1.19141918698497	-2.34623574881073	0.797860603343959	1.84055410224711	1.74914443550313
-0.592255824854187	-0.828730505807334	1.1865000041222	-2.34469429169992	0.795557225439052	1.83632368385979	1.74968491218097
-0.589937788867697	-0.829933528927185	1.18157614369225	-2.3431524204938	0.793248388446549	1.83209352641472	1.75021569212196
-0.58761865744475	-0.831133683848621	1.17664791668718	-2.34161024766723	0.790934191288972	1.82786395855382	1.75073659529081
-0.585298591759894	-0.832330838003645	1.17171563643139	-2.34006788650611	0.78861473373169	1.82363531125144	1.75124744061733
-0.582977754158414	-0.833524857956451	1.16677961858166	-2.33852545110741	0.786290116382914	1.8194079178144	1.75174804599643
-0.580656308156323	-0.834715609403425	1.16184018112715	-2.33698305637917	0.783960440693698	1.81518211388198	1.75223822828808
-0.578334418440368	-0.835902957173141	1.15689764438939	-2.33544081804048	0.781625808957941	1.81095823742594	1.75271780331739
-0.57601225086803	-0.837086765226366	1.15195233102228	-2.33389885262148	0.779286324312384	1.80673662875046	1.75318658587453
-0.57368997246752	-0.838266896656055	1.14700456601208	-2.33235727746339	0.776942090736613	1.80251763049222	1.75364438971477
-0.571367751437782	-0.839443213687356	1.14205467667745	-2.33081621071849	0.774593213053056	1.79830158762033	1.75409102755849
-0.569045757148492	-0.840615577677605	1.1371029926694	-2.32927577135009	0.772239796926986	1.79408884743637	1.75452631109114
-0.566724160140058	-0.841783849116331	1.13214984597133	-2.32773607913261	0.769881948866518	1.7898797595744	1.75495005096328
-0.564403132123622	-0.842947887625251	1.12719557089899	-2.32619725465149	0.767519776222612	1.78567467600091	1.75536205679056
-0.562082845981056	-0.844107551958275	1.12224050410052	-2.32465941930324	0.765153387189071	1.78147395101486	1.75576213715372
-0.559763475764965	-0.8452627000015	1.11728498455643	-2.32312269529544	0.762782890802542	1.77727794124769	1.75615009959858
-0.557445196698687	-0.846413188773218	1.1123293535796	-2.32158720564674	0.760408396942513	1.77308700566327	1.75652575063608
-0.555128185176291	-0.847558874423908	1.10737395481528	-2.32005307418681	0.758030016331319	1.76890150555795	1.75688889574224
-0.55281261876258	-0.84869961223624	1.10241913424109	-2.31852042555643	0.755647860534137	1.76472180456053	1.75723933935818
-0.550498676193088	-0.849835256625076	1.09746524016704	-2.3169893852074	0.753262041958987	1.76054826863227	1.75757688489009
-0.548186537374081	-0.850965661137467	1.09251262323549	-2.3154600794026	0.750872673856734	1.75638126606691	1.75790133470928
-0.545876383382558	-0.852090678452656	1.08756163642118	-2.31393263521598	0.748479870321084	1.75222116749062	1.75821249015215
-0.543568396466251	-0.853210160382075	1.08261263503124	-2.31240718053253	0.74608374628859	1.74806834586206	1.75851015152017
-0.541262760043621	-0.854323957869346	1.07766597670514	-2.31088384404831	0.743684417538646	1.74392317647232	1.75879411807994
-0.538959658703865	-0.855431920990285	1.07272202141474	-2.30936275527044	0.74128200069349	1.73978603694497	1.75906418806312
-0.536659278206911	-0.856533898952893	1.06778113146429	-2.3078440445171	0.738876613218205	1.73565730723604	1.75932015866648
-0.534361805483418	-0.857629740097367	1.06284367149038	-2.30632784291753	0.736468373420714	1.73153736963401	1.75956182605189
-0.532067428634779	-0.85871929189609	1.05791000846198	-2.30481428241204	0.734057400451787	1.72742660875983	1.75978898534629
-0.529776336933119	-0.859802400953639	1.05298051168046	-2.30330349575197	0.731643814305037	1.7233254115669	1.76000143064173
-0.527488720821293	-0.860878913006779	1.04805555277952	-2.30179561649976	0.72922773581692	1.7192341673411	1.76019895499535
-0.525204771912892	-0.861948672924467	1.04313550572527	-2.3002907790289	0.726809286666734	1.71515326770074	1.7603813504294
-0.522924682992236	-0.863011524707849	1.03822074681618	-2.29878911852391	0.724388589376622	1.71108310659662	1.76054840793118
-0.52064864801438	-0.864067311490264	1.03331165468307	-2.29729077098041	0.721965767311572	1.70702408031198	1.76069991745313
-0.518376862105108	-0.865115875537238	1.02840861028917	-2.29579587320506	0.719540944679414	1.70297658746253	1.76083566791275
-0.516109521560939	-0.86615705824649	1.02351199693005	-2.29430456281558	0.71711424653082	1.69894102899643	1.76095544719265
-0.513846823849123	-0.86719070014793	1.01862220023367	-2.29281697824076	0.714685798759308	1.69491780819432	1.76105904214054
-0.511588967607643	-0.868216640903656	1.01373960816037	-2.29133325872045	0.712255728101239	1.69090733066928	1.76114623856921
-0.509336152645214	-0.869234719307957	1.00886461100284	-2.28985354430555	0.709824162135816	1.68691000436687	1.76121682125654
-0.507088579941282	-0.870244773287316	1.00399760138616	-2.28837797585804	0.707391229285088	1.68292623956508	1.76127057394551
-0.504846451646028	-0.871246639900402	0.999138974267773	-2.28690669505092	0.704957058813945	1.67895644887438	1.7613072793442
-0.502609971080362	-0.872240155338076	0.994289126937497	-2.2854398443683	0.702521780830123	1.67500104723772	1.76132671912577
-0.500379342735928	-0.87322515492339	0.989448459017525	-2.28397756710533	0.700085526284199	1.67106045193046	1.76132867392848
-0.498154772275104	-0.874201473111587	0.98461737246242	-2.2825200073682	0.697648426969596	1.66713508256047	1.76131292335569
-0.495936466530996	-0.875168943490099	0.979796271559119	-2.2810673100742	0.695210615522579	1.66322536106805	1.76127924597584
-0.493724633507445	-0.876127398778549	0.974985562926929	-2.27961962095165	0.692772225422257	1.65933171172598	1.76122741932247
-0.491519482379025	-0.877076670828752	0.970185655517532	-2.27817708653994	0.690333390990582	1.65545456113948	1.76115721989422
-0.489321223491041	-0.87801659062471	0.965396960614982	-2.27673985418952	0.687894247392349	1.65159433824623	1.76106842315481
-0.487130068359529	-0.87894698828262	0.960619891835705	-2.2753080720619	0.6854549306352	1.6477514743164	1.76096080353306
-0.48494622967126	-0.879867693050865	0.955854865128498	-2.27388188912966	0.683015577569616	1.6439264029526	1.76083413442289
-0.482769877331431	-0.880778567257275	0.951102215972972	-2.27246143142205	0.680576299442514	1.64011948780613	1.76068824378124
-0.48060100621651	-0.881679608440154	0.946361950197411	-2.27104673049148	0.678137102277067	1.63633080494827	1.76052318126694
-0.478439567348223	-0.882570848012741	0.941633991022903	-2.2696377942036	0.675697965720273	1.6325603583609	1.7603390520505
-0.476285511748292	-0.883452317388275	0.936918261670534	-2.26823463042403	0.673258869419131	1.62880815202593	1.76013596130245
-0.474138790438445	-0.884324047979996	0.932214685361393	-2.2668372470184	0.670819793020642	1.62507418992522	1.7599140141933
-0.471999354440405	-0.885186071201142	0.927523185316566	-2.26544565185234	0.668380716171804	1.62135847604069	1.75967331589358
-0.469867154775896	-0.886038418464954	0.922843684757142	-2.26405985279149	0.665941618519615	1.6176610143542	1.75941397157381
-0.467742142466645	-0.886881121184671	0.918176106904207	-2.26267985770147	0.663502479711076	1.61398180884765	1.7591360864045
-0.465624268534375	-0.887714210773532	0.913520374978851	-2.26130567444791	0.661063279393185	1.61032086350294	1.75883976555619
-0.463513484000811	-0.888537718644777	0.908876412202158	-2.25993731089645	0.658623997212942	1.60667818230194	1.75852511419938
-0.461409739887679	-0.889351676211644	0.904244141795218	-2.25857477491272	0.656184612817346	1.60305376922654	1.7581922375046
-0.459312987216702	-0.890156114887374	0.899623486979118	-2.25721807436234	0.653745105853395	1.59944762825864	1.75784124064238
-0.457223177009606	-0.890951066085206	0.895014370974946	-2.25586721711095	0.651305455968089	1.59585976338012	1.75747222878323
-0.455140260288116	-0.891736561218379	0.890416717003788	-2.25452221102417	0.648865642808428	1.59229017857288	1.75708530709766
-0.453064188073955	-0.892512631700133	0.885830448286732	-2.25318306396765	0.64642564602141	1.58873887781879	1.75668058075622
-0.45099491138885	-0.893279308943706	0.881255488044867	-2.251849783807	0.643985445254035	1.58520586509975	1.7562581549294
-0.448932381254524	-0.894036624362339	0.876691759499279	-2.25052237840786	0.641545020153301	1.58169114439765	1.75581813478774
-0.446876548692703	-0.894784609369271	0.872139185871056	-2.24920085563586	0.639104350366208	1.57819471969437	1.75536062550176
-0.444827364725111	-0.895523295377741	0.867597690381285	-2.24788522335663	0.636663415539755	1.57471659497181	1.75488573224197
-0.442784780373473	-0.896252713800988	0.863067196251054	-2.24657548943581	0.634222195320941	1.57125677421185	1.7543935601789
-0.440748746659513	-0.896972896052252	0.858547626701451	-2.24527166173901	0.631780669356765	1.56781526139637	1.75388421448307
-0.438719214604958	-0.897683873544773	0.854038904953563	-2.24397374813188	0.629338817294227	1.56439206050728	1.753357800325
-0.43669613523153	-0.89838567769179	0.849540954228477	-2.24268175648004	0.626896618780325	1.56098717552646	1.75281442287521
-0.434679459560956	-0.899078339906541	0.845053697747281	-2.24139569464912	0.624454053462059	1.55760061043579	1.75225418730421
-0.432669138614959	-0.899761891602267	0.840577058731062	-2.24011557050476	0.622011100986428	1.55423236921717	1.75167719878254
-0.430665123415265	-0.900436364192207	0.836110960400909	-2.23884139191258	0.619567741000431	1.55088245585247	1.75108356248071
-0.428667364983599	-0.9011017890896	0.831655325977908	-2.23757316673821	0.617123953151066	1.5475508743236	1.75047338356924
-0.426675814341684	-0.901758197707687	0.827210078683147	-2.23631090284729	0.614679717085335	1.54423762861244	1.74984676721866
-0.424690422511247	-0.902405621459704	0.822775141737713	-2.23505460810545	0.612235012450235	1.54094272270088	1.74920381859947
-0.422711140514011	-0.903044091758894	0.818350438362695	-2.23380429037832	0.609789818892765	1.53766616057081	1.74854464288222
-0.420737919371702	-0.903673640018495	0.813935891779179	-2.23255995753152	0.607344116059926	1.53440794620411	1.74786934523741
-0.418770710106044	-0.904294297651746	0.809531425208254	-2.23132161743069	0.604897883598715	1.53116808358267	1.74717803083556
-0.416809463738762	-0.904906096071886	0.805136961871005	-2.23008927794146	0.602451101156132	1.52794657668839	1.7464708048472
-0.41485413129158	-0.905509066692156	0.800752424988522	-2.22886294692945	0.600003748379177	1.52474342950315	1.74574777244285
-0.412904663786224	-0.906103240925794	0.796377737781892	-2.22764263226031	0.597555804914848	1.52155864600883	1.74500903879303
-0.410961012244419	-0.90668865018604	0.792012823472201	-2.22642834179966	0.595107250410144	1.51839223018734	1.74425470906826
-0.409023127687888	-0.907265325886133	0.787657605280538	-2.22522008341313	0.592658064512066	1.51524418602055	1.74348488843906
-0.407090961138357	-0.907833299439313	0.783312006427991	-2.22401786496635	0.590208226867611	1.51211451749035	1.74269968207595
-0.405164463617551	-0.908392602258819	0.778975950135645	-2.22282169432495	0.587757717123779	1.50900322857864	1.74189919514945
-0.403243586147195	-0.90894326575789	0.77464935962459	-2.22163157935456	0.585306514927569	1.5059103232673	1.74108353283008
-0.401328279749012	-0.909485321349766	0.770332158115913	-2.22044752792082	0.582854599925981	1.50283580553822	1.74025280028837
-0.399418495444728	-0.910018800447687	0.766024268830701	-2.21926954788935	0.580401951766013	1.49977967937329	1.73940710269483
-0.397514184256068	-0.910543734464891	0.761725614990041	-2.21809764712579	0.577948550094665	1.4967419487544	1.73854654521998
-0.395615297204756	-0.911060154814618	0.757436119815022	-2.21693183349576	0.575494374558935	1.49372261766343	1.73767123303435
-0.393721785312518	-0.911568092910108	0.75315570652673	-2.2157721148649	0.573039404805824	1.49072169008228	1.73678127130846
-0.391833599601077	-0.912067580164599	0.748884298346253	-2.21461849909883	0.570583620482329	1.48773916999283	1.73587676521282
-0.38995069109216	-0.912558647991332	0.744621818494679	-2.21347099406319	0.568127001235451	1.48477506137697	1.73495781991796
-0.388073010807489	-0.913041327803545	0.740368190193096	-2.21232960762361	0.565669526712188	1.48182936821659	1.7340245405944
-0.386200509768791	-0.913515651014478	0.73612333666259	-2.21119434764571	0.56321117655954	1.47890209449357	1.73307703241266
-0.38433313899779	-0.913981649037371	0.731887181124249	-2.21006522199514	0.560751930424506	1.47599324418982	1.73211540054325
-0.382470849516211	-0.914439353285462	0.727659646799161	-2.20894223853751	0.558291767954084	1.47310282128721	1.73113975015671
-0.380613592345778	-0.914888795171992	0.723440656908413	-2.20782540513846	0.555830668795274	1.47023082976763	1.73015018642355
-0.378761318508217	-0.915330006110199	0.719230134673093	-2.20671472966363	0.553368612595076	1.46737727361297	1.72914681451429
-0.376913979025252	-0.915763017513323	0.715028003314289	-2.20561021997863	0.550905579000488	1.46454215680513	1.72812973959946
-0.375071524918608	-0.916187860794604	0.710834186053086	-2.2045118839491	0.548441547658509	1.46172548332598	1.72709906684957
-0.373233907210009	-0.91660456736728	0.706648606110575	-2.20341972944068	0.545976498216139	1.45892725715742	1.72605490143514
-0.371401076921181	-0.917013168644592	0.702471186707841	-2.20233376431899	0.543510410320376	1.45614748228134	1.7249973485267
-0.369572985073848	-0.917413696039778	0.698301851065972	-2.20125399644967	0.541043263618221	1.45338616267962	1.72392651329476
-0.367749582689734	-0.917806180966078	0.694140522406056	-2.20018043369833	0.538575037756672	1.45064330233415	1.72284250090986
-0.365930820790566	-0.918190654836732	0.689987123949181	-2.19911308393063	0.536105712382728	1.44791890522683	1.7217454165425
-0.364116650398067	-0.918567149064978	0.685841578916433	-2.19805195501217	0.533635267143388	1.44521297533953	1.7206353653632
-0.362307022533962	-0.918935695064056	0.681703810528901	-2.1969970548086	0.531163681685652	1.44252551665416	1.7195124525425
-0.360501888219976	-0.919296324247206	0.677573742007671	-2.19594839118555	0.528690935656519	1.43985653315259	1.71837678325091
-0.358701198477834	-0.919649068027667	0.673451296573832	-2.19490597200865	0.526217008702987	1.43720602881671	1.71722846265894
-0.356904904329261	-0.919993957818678	0.669336397448471	-2.19386980514352	0.523741880472056	1.43457400762842	1.71606759593713
-0.355112956795981	-0.920331025033479	0.665228967852675	-2.1928398984558	0.521265530610726	1.4319604735696	1.71489428825599
-0.353325306899719	-0.920660301085309	0.661128931007531	-2.19181625981112	0.518787938765995	1.42936543062215	1.71370864478604
-0.3515419056622	-0.920981817387407	0.657036210134129	-2.19079889707511	0.516309084584862	1.42678888276794	1.71251077069781
-0.349762704105148	-0.921295605353014	0.652950728453554	-2.1897878181134	0.513828947714327	1.42423083398887	1.71130077116181
-0.347987653250289	-0.921601696395368	0.648872409186894	-2.18878303079161	0.511347507801389	1.42169128826682	1.71007875134857
-0.346216704119347	-0.921900121927708	0.644801175555238	-2.18778454297539	0.508864744493047	1.41917024958369	1.7088448164286
-0.344449807734047	-0.922190913363275	0.640736950779672	-2.18679236253036	0.506380637436299	1.41666772192136	1.70759907157243
-0.342686915116113	-0.922474102115307	0.636679658081284	-2.18580649732216	0.503895166278146	1.41418370926173	1.70634162195057
-0.340927977287271	-0.922749719597043	0.632629220681161	-2.1848269552164	0.501408310665587	1.41171821558667	1.70507257273356
-0.339172945269246	-0.923017797221725	0.628585561800391	-2.18385374407873	0.49892005024562	1.40927124487809	1.7037920290919
-0.337421770083761	-0.923278366402589	0.624548604660062	-2.18288687177477	0.496430364665244	1.40684280111786	1.70250009619612
-0.335674402752542	-0.923531458552877	0.620518272481261	-2.18192634617016	0.49393923357146	1.40443288828787	1.70119687921675
-0.333930794297313	-0.923777105085828	0.616494488485075	-2.18097217513052	0.491446636611265	1.40204151037002	1.69988248332429
-0.3321908957398	-0.92401533741468	0.612477175892592	-2.18002436652149	0.488952553431659	1.39966867134619	1.69855701368928
-0.330454658101727	-0.924246186952673	0.6084662579249	-2.17908292820869	0.486456963679642	1.39731437519828	1.69722057548223
-0.328722032404819	-0.924469685113048	0.604461657803086	-2.17814786805776	0.483959847002213	1.39497862590816	1.69587327387366
-0.3269929696708	-0.924685863309042	0.600463298748237	-2.17721919393433	0.48146118304637	1.39266142745773	1.6945152140341
-0.325267420921396	-0.924894752953896	0.596471103981441	-2.17629691370403	0.478960951459112	1.39036278382888	1.69314650113406
-0.32354533717833	-0.925096385460848	0.592484996723786	-2.17538103523248	0.47645913188744	1.38808269900349	1.69176724034407
-0.321826669463329	-0.925290792243139	0.588504900196359	-2.17447156638532	0.473955703978351	1.38582117696346	1.69037753683464
-0.320111368798116	-0.925478004714007	0.584530737620247	-2.17356851502819	0.471450647378846	1.38357822169066	1.6889774957763
-0.318399386204417	-0.925658054286693	0.580562432216538	-2.1726718890267	0.468943941735924	1.381353837167	1.68756722233957
-0.316690672703956	-0.925830972374434	0.57659990720632	-2.17178169624649	0.466435566696582	1.37914802737436	1.68614682169497
-0.314985179318458	-0.925996790390472	0.572643085810681	-2.1708979445532	0.463925501907822	1.37696079629462	1.68471639901302
-0.313282857069648	-0.926155539748045	0.568691891250706	-2.17002064181245	0.461413727016641	1.37479214790968	1.68327605946424
-0.31158365697925	-0.926307251860392	0.564746246747485	-2.16914979588987	0.458900221670039	1.37264208620142	1.68182590821915
-0.309887530068989	-0.926451958140754	0.560806075522104	-2.16828541465109	0.456384965515016	1.37051061515174	1.68036605044827
-0.308194427360591	-0.926589690002368	0.556871300795652	-2.16742750596175	0.45386793819857	1.36839773874252	1.67889659132212
-0.306504299875779	-0.926720478858476	0.552941845789215	-2.16657607768747	0.4513491193677	1.36630346095565	1.67741763601123
-0.304817098636279	-0.926844356122316	0.549017633723881	-2.16573113769389	0.448828488669406	1.36422778577301	1.67592928968611
-0.303132774663815	-0.926961353207127	0.545098587820738	-2.16489269384663	0.446306025750686	1.3621707171765	1.67443165751729
-0.301451278980112	-0.927071501526149	0.541184631300873	-2.16406075401133	0.443781710258541	1.36013225914801	1.67292484467528
-0.299772562606895	-0.927174832492622	0.537275687385374	-2.16323532605361	0.441255521839968	1.35811241566942	1.67140895633061
-0.298096576565889	-0.927271377519785	0.533371679295328	-2.16241641783912	0.438727440141968	1.35611119072263	1.66988409765379
-0.296423271878818	-0.927361168020876	0.529472530251823	-2.16160403723347	0.436197444811539	1.35412858828951	1.66835037381536
-0.294752599567408	-0.927444235409136	0.525578163475946	-2.1607981921023	0.43366551549568	1.35216461235196	1.66680788998582
-0.293084510653382	-0.927520611097804	0.521688502188784	-2.15999889031123	0.431131631841392	1.35021926689187	1.6652567513357
-0.291418956158466	-0.92759032650012	0.517803469611426	-2.15920613972591	0.428595773495672	1.34829255589113	1.66369706303552
-0.289755887104385	-0.927653413029322	0.513922988964958	-2.15841994821196	0.42605792010552	1.34638448333162	1.66212893025581
-0.288095254512862	-0.927709902098651	0.510046983470469	-2.15764032363501	0.423518051317935	1.34449505319524	1.66055245816707
-0.286437009405624	-0.927759825121344	0.506175376349046	-2.15686727386069	0.420976146779917	1.34262426946386	1.65896775193984
-0.284781102804395	-0.927803213510643	0.502308090821775	-2.15610080675463	0.418432186138463	1.34077213611939	1.65737491674463
-0.283127485730899	-0.927840098679786	0.498445050109746	-2.15534093018247	0.415886149040575	1.3389386571437	1.65577405775196
-0.281476109206861	-0.927870512042013	0.494586177434044	-2.15458765200982	0.41333801513325	1.33712383651869	1.65416528013236
-0.279826924254007	-0.927894485010563	0.490731396015759	-2.15384098010234	0.410787764063488	1.33532767822625	1.65254868905635
-0.27817988189406	-0.927912048998676	0.486880629075977	-2.15310092232563	0.408235375478289	1.33355018624826	1.65092438969444
-0.276534933148746	-0.92792323541959	0.483033799835785	-2.15236748654534	0.40568082902465	1.33179136456662	1.64929248721716
-0.274892029039789	-0.927928075686546	0.479190831516272	-2.1516406806271	0.403124104349572	1.3300512171632	1.64765308679502
-0.273251120588915	-0.927926601212782	0.475351647338525	-2.15092051243653	0.400565181100053	1.3283297480199	1.64600629359856
-0.271612158817847	-0.927918843411538	0.471516170523631	-2.15020698983927	0.398004038923093	1.32662696111861	1.64435221279828
-0.269975094748311	-0.927904833696054	0.467684324292678	-2.14950012070095	0.395440657465691	1.32494286044122	1.64269094956472
-0.268339879402032	-0.927884603479569	0.463856031866753	-2.1487999128872	0.392875016374846	1.32327744996961	1.64102260906838
-0.266706463800734	-0.927858184175322	0.460031216466944	-2.14810637426364	0.390307095297556	1.32163073368568	1.6393472964798
-0.265074798966142	-0.927825607196552	0.456209801314339	-2.14741951269591	0.387736873880823	1.32000271557131	1.63766511696949
-0.26344483591998	-0.9277869039565	0.452391709630024	-2.14673933604964	0.385164331771643	1.31839339960839	1.63597617570797
-0.261816525683974	-0.927742105868405	0.448576864635088	-2.14606585219047	0.382589448617017	1.3168027897788	1.63428057786576
-0.260189819279849	-0.927691244345505	0.444765189550617	-2.14539906898401	0.380012204063944	1.31523089006445	1.63257842861339
-0.258564667729328	-0.92763435080104	0.4409566075977	-2.1447389942959	0.377432577759423	1.31367770444721	1.63086983312138
-0.256941022054137	-0.92757145664825	0.437151041997424	-2.14408563599178	0.374850549350453	1.31214323690897	1.62915489656024
-0.255318833276001	-0.927502593300374	0.433348415970877	-2.14343900193727	0.372266098484033	1.31062749143163	1.6274337241005
-0.253698052416644	-0.927427792170651	0.429548652739145	-2.142799099998	0.369679204807162	1.30913047199706	1.62570642091268
-0.252078630497792	-0.927347084672322	0.425751675523317	-2.14216593803961	0.36708984796684	1.30765218258717	1.62397309216729
-0.250460518541168	-0.927260502218624	0.421957407544479	-2.14153952392772	0.364498007610066	1.30619262718384	1.62223384303487
-0.248843667568498	-0.927168076222798	0.41816577202372	-2.14091986552797	0.361903663383838	1.30475180976895	1.62048877868592
-0.247228028601506	-0.927069838098083	0.414376692182127	-2.14030697070598	0.359306794935156	1.3033297343244	1.61873800429098
-0.245613552661918	-0.926965819257719	0.410590091240788	-2.13970084732739	0.35670738191102	1.30192640483207	1.61698162502055
-0.244000190771457	-0.926856051114944	0.406805892420789	-2.13910150325782	0.354105403958428	1.30054182527385	1.61521974604517
-0.24238789395185	-0.926740565082998	0.403024018943219	-2.13850894636291	0.351500840724379	1.29917599963163	1.61345247253535
-0.240776613224819	-0.926619392575121	0.399244394029165	-2.13792318450829	0.348893671855872	1.2978289318873	1.61167990966162
-0.239166299612091	-0.926492565004553	0.395466940899715	-2.13734422555959	0.346283876999908	1.29650062602275	1.60990216259449
-0.23755690413539	-0.926360113784531	0.391691582775955	-2.13677207738244	0.343671435803484	1.29519108601987	1.60811933650449
-0.235948377816441	-0.926222070328296	0.387918242878975	-2.13620674784246	0.341056327913601	1.29390031586054	1.60633153656213
-0.234340671676969	-0.926078466049088	0.38414684442986	-2.1356482448053	0.338438532977256	1.29262831952665	1.60453886793793
-0.232733736738698	-0.925929332360144	0.380377310649698	-2.13509657613658	0.33581803064145	1.2913751010001	1.60274143580243
-0.231127524023353	-0.925774700674706	0.376609564759578	-2.13455174970193	0.333194800553181	1.29014066426276	1.60093934532614
-0.229521984552658	-0.925614602406013	0.372843529980586	-2.13401377336698	0.33056882235945	1.28892501329653	1.59913270167957
-0.22791706934834	-0.925449068967303	0.369079129533811	-2.13348265499736	0.327940075707253	1.2877281520833	1.59732161003325
-0.226312729432122	-0.925278131771816	0.365316286640339	-2.13295840245871	0.325308540243592	1.28655008460496	1.59550617555771
-0.224708915825729	-0.925101822232792	0.361554924521258	-2.13244102361665	0.322674195615465	1.28539081484339	1.59368650342345
-0.223105579550886	-0.92492017176347	0.357794966397656	-2.13193052633681	0.320037021469871	1.28425034678048	1.59186269880101
-0.221502671629317	-0.924733211777088	0.354036335490619	-2.13142691848483	0.31739699745381	1.28312868439812	1.5900348668609
-0.219900143082748	-0.924540973686888	0.350278955021237	-2.13093020792634	0.31475410321428	1.2820258316782	1.58820311277364
-0.218297944932904	-0.924343488906108	0.346522748210595	-2.13044040252696	0.312108318398281	1.28094179260261	1.58636754170976
-0.216696028201508	-0.924140788847987	0.342767638279783	-2.12995751015233	0.309459622652812	1.27987657115324	1.58452825883977
-0.215094343910287	-0.923932904925766	0.339013548449886	-2.12948153866807	0.306807995624871	1.27883017131197	1.5826853693342
-0.213492843080963	-0.923719868552682	0.335260401941993	-2.12901249593983	0.304153416961459	1.27780259706069	1.58083897836357
-0.211891476735264	-0.923501711141976	0.331508121977191	-2.12855038983322	0.301495866309575	1.2767938523813	1.57898919109839
-0.210290195894912	-0.923278464106888	0.327756631776568	-2.12809522821388	0.298835323316216	1.27580394125567	1.57713611270919
-0.208688951581633	-0.923050158860656	0.324005854561211	-2.12764701894744	0.296171767628384	1.27483286766571	1.5752798483665
-0.207087694817151	-0.922816826816519	0.320255713552208	-2.12720576989953	0.293505178893076	1.27388063559329	1.57342050324082
-0.205486376623193	-0.922578499387718	0.316506131970646	-2.12677148893578	0.290835536757292	1.2729472490203	1.57155818250268
-0.203884948021481	-0.922335207987492	0.312757033037612	-2.12634418392182	0.288162820868031	1.27203271192864	1.5696929913226
-0.202283360033741	-0.92208698402908	0.309008339974195	-2.12592386272329	0.285487010872293	1.2711370283002	1.5678250348711
-0.200681563681698	-0.921833858925721	0.305259976001482	-2.12551053320581	0.282808086417076	1.27026020211685	1.56595441831871
-0.199079509987076	-0.921575864090655	0.30151186434056	-2.12510420323501	0.280126027149379	1.2694022373605	1.56408124683594
-0.197477149971601	-0.921313030937122	0.297763928212517	-2.12470488067652	0.277440812716203	1.26856313801302	1.56220562559332
-0.195874434656996	-0.92104539087836	0.294016090838439	-2.12431257339598	0.274752422764545	1.26774290805631	1.56032765976136
-0.194271315064987	-0.920772975327609	0.290268275439416	-2.12392728925902	0.272060836941405	1.26694155147225	1.55844745451058
-0.192667742217299	-0.920495815698108	0.286520405236534	-2.12354903613125	0.269366034893782	1.26615907224274	1.55656511501151
-0.191063667135656	-0.920213943403098	0.282772403450881	-2.12317782187833	0.266667996268676	1.26539547434966	1.55468074643467
-0.189459040841784	-0.919927389855816	0.279024193303544	-2.12281365436587	0.263966700713085	1.2646507617749	1.55279445395058
-0.187853814357406	-0.919636186469504	0.275275698015611	-2.12245654145951	0.261262127874009	1.26392493850035	1.55090634272976
-0.186247938704247	-0.919340364657399	0.271526840808169	-2.12210649102488	0.258554257398446	1.26321800850789	1.54901651794272
-0.184641364904033	-0.919039955832742	0.267777544902306	-2.1217635109276	0.255843068933397	1.26252997577942	1.54712508476
-0.183034043978488	-0.918734991408771	0.264027733519109	-2.12142760903332	0.253128542125859	1.26186084429683	1.54523214835211
-0.181425926949337	-0.918425502798727	0.260277329879667	-2.12109879320765	0.250410656622833	1.261210618042	1.54333781388957
-0.179816964838305	-0.918111521415848	0.256526257205065	-2.12077707131624	0.247689392071317	1.26057930099682	1.5414421865429
-0.178207108667116	-0.917793078673374	0.252774438716393	-2.1204624512247	0.244964728118311	1.25996689714318	1.53954537148263
-0.176596309457496	-0.917470205984545	0.249021797634737	-2.12015494079868	0.242236644410813	1.25937341046297	1.53764747387927
-0.174984518231168	-0.917142934762599	0.245268257181184	-2.1198545479038	0.239505120595823	1.25879884493807	1.53574859890334
-0.173371686009858	-0.916811296420777	0.241513740576823	-2.11956128040569	0.236770136320341	1.25824320455039	1.53384885172537
-0.171757763815291	-0.916475322372317	0.237758171042741	-2.11927514616998	0.234031671231364	1.25770649328179	1.53194833751588
-0.17014270266919	-0.91613504403046	0.234001471800026	-2.11899615306231	0.231289704975893	1.25718871511418	1.53004716144538
-0.168526453593282	-0.915790492808443	0.230243566069764	-2.1187243089483	0.228544217200926	1.25668987402943	1.52814542868441
-0.166908967609291	-0.915441700119508	0.226484377073044	-2.11845962169359	0.225795187553463	1.25620997400945	1.52624324440347
-0.165290195738941	-0.915088697376892	0.222723828030953	-2.11820209916381	0.223042595680503	1.25574901903612	1.52434071377309
-0.163670089003958	-0.914731515993836	0.218961842164578	-2.11795174922457	0.220286421229045	1.25530701309132	1.52243794196379
-0.162048598426066	-0.914370187383579	0.215198342695007	-2.11770857974153	0.217526643846087	1.25488396015694	1.52053503414609
-0.160425675026989	-0.914004742959361	0.211433252843328	-2.1174725985803	0.21476324317863	1.25447986421488	1.51863209549051
-0.158801269828453	-0.91363521413442	0.207666495830627	-2.11724381360652	0.211996198873673	1.25409472924702	1.51672923116758
-0.157175333852183	-0.913261632321996	0.203897994877993	-2.11702223268582	0.209225490578213	1.25372855923525	1.51482654634781
-0.155547818119903	-0.912884028935329	0.200127673206513	-2.11680786368383	0.206451097939252	1.25338135816146	1.51292414620172
-0.153918673653338	-0.912502435387657	0.196355454037275	-2.11660071446618	0.203673000603787	1.25305313000753	1.51102213589984
-0.152287851474212	-0.912116883092221	0.192581260591365	-2.1164007928985	0.200891178218819	1.25274387875537	1.50912062061268
-0.150655302604252	-0.91172740346226	0.188805016089873	-2.11620810684642	0.198105610431345	1.25245360838684	1.50721970551077
-0.14902097806518	-0.911334027911013	0.185026643753884	-2.11602266417557	0.195316276888366	1.25218232288385	1.50531949576463
-0.147384828878722	-0.910936787851719	0.181246066804487	-2.11584447275158	0.192523157236881	1.25193002622828	1.50342009654478
-0.145746806066603	-0.910535714697619	0.177463208462768	-2.11567354044008	0.189726231123888	1.25169672240202	1.50152161302173
-0.144106860650548	-0.91013083986195	0.173677991949817	-2.11550987510671	0.186925478196386	1.25148241538695	1.49962415036601
-0.142464943652281	-0.909722194757953	0.169890340486719	-2.11535348461709	0.184120878101376	1.25128710916497	1.49772781374815
-0.140821006093527	-0.909309810798868	0.166100177294563	-2.11520437683686	0.181312410485856	1.25111080771797	1.49583270833865
-0.139174998996011	-0.908893719397933	0.162307425594436	-2.11506255963164	0.178500054996825	1.25095351502783	1.49393893930805
-0.137526873381457	-0.908473951968387	0.158512008607426	-2.11492804086707	0.175683791281282	1.25081523507645	1.49204661182685
-0.135876580271591	-0.908050539923471	0.15471384955462	-2.11480082840877	0.172863598986227	1.2506959718457	1.49015583106559
-0.134224070688138	-0.907623514676424	0.150912871657105	-2.11468093012238	0.170039457758659	1.25059572931748	1.48826670219479
-0.132569295652821	-0.907192907640484	0.14710899813597	-2.11456835387352	0.167211347245576	1.25051451147368	1.48637933038496
-0.130912206187365	-0.906758750228893	0.143302152212301	-2.11446310752784	0.164379247093979	1.25045232229619	1.48449382080663
-0.129252753313497	-0.906321073854887	0.139492257107186	-2.11436519895095	0.161543136950865	1.25040916576689	1.48261027863031
-0.127590888052939	-0.905879909931709	0.135679236041713	-2.11427463600849	0.158702996463235	1.25038504586767	1.48072880902653
-0.125926561427418	-0.905435289872596	0.131863012236969	-2.11419142656609	0.155858805278088	1.25037996658042	1.4788495171658
-0.124259724458657	-0.904987245090788	0.128043508914042	-2.11411557848938	0.153010543042422	1.25039393188704	1.47697250821866
-0.122590328168382	-0.904535806999524	0.124220649294019	-2.114047099644	0.150158189403236	1.2504269457694	1.47509788735561
-0.120918323578317	-0.904081007012044	0.120394356597988	-2.11398599789556	0.147301724007531	1.2504790122094	1.47322575974719
-0.119243661710187	-0.903622876541587	0.116564554047036	-2.11393228110971	0.144441126502305	1.25055013518892	1.4713562305639
-0.117566293585717	-0.903161447001393	0.11273116486225	-2.11388595715206	0.141576376534557	1.25064031868986	1.46948940497628
-0.115886170226631	-0.902696749804701	0.108894112264719	-2.11384703388826	0.138707453751286	1.2507495666941	1.46762538815484
-0.114203242654655	-0.902228816364751	0.10505331947553	-2.11381551918394	0.135834337799492	1.25087788318353	1.4657642852701
-0.112517461891513	-0.901757678094781	0.10120870971577	-2.11379142090472	0.132957008326173	1.25102527214004	1.46390620149258
-0.11082877895893	-0.901283366408032	0.0973602062065262	-2.11377474691623	0.13007544497833	1.25119173754551	1.46205124199281
-0.109137144878631	-0.900805912717742	0.0935077321688871	-2.11376550508411	0.12718962740296	1.25137728338184	1.46019951194131
-0.10744251067234	-0.90032534843715	0.0896512108239397	-2.11376370327399	0.124299535247064	1.25158191363092	1.45835111650859
-0.105744827361782	-0.899841704979498	0.0857905653927717	-2.11376934935149	0.121405148157639	1.25180563227463	1.45650616086518
-0.104044045968683	-0.899355013758023	0.0819257190964703	-2.11378245118225	0.118506445781687	1.25204844329486	1.45466475018159
-0.102340117514766	-0.898865306185965	0.0780565951561233	-2.1138030166319	0.115603407766205	1.25231035067351	1.45282698962836
-0.100632993021756	-0.898372613676564	0.0741831167928181	-2.11383105356606	0.112696013758192	1.25259135839245	1.45099298437599
-0.0989226235113791	-0.897876967643059	0.0703052072276423	-2.11386656985038	0.109784243404649	1.25289147043357	1.44916283959502
-0.0972089600053591	-0.89737839949869	0.066422789681683	-2.11390957335047	0.106868076352573	1.25321069077878	1.44733666045595
-0.0954919535254207	-0.896876940656695	0.0625357873760282	-2.11396007193197	0.103947492248965	1.25354902340994	1.44551455212932
-0.093771555093289	-0.896372622530314	0.0586441235317655	-2.11401807346052	0.101022470740823	1.25390647230896	1.44369661978563
-0.0920477157306887	-0.895865476532786	0.0547477213699819	-2.11408358580174	0.0980929914751469	1.25428304145772	1.44188296859542
-0.0903203864593444	-0.895355534077352	0.0508465041117651	-2.11415661682125	0.0951590340989352	1.25467873483811	1.44007370372921
-0.0885895183009811	-0.89484282657725	0.0469403949782029	-2.11423717438471	0.0922205782591874	1.25509355643202	1.43826893035751
-0.0868550622773234	-0.89432738544572	0.0430293171903825	-2.11432526635772	0.0892776036029026	1.25552751022134	1.43646875365084
-0.0851169694100961	-0.893809242096	0.0391131939693915	-2.11442090060593	0.08633008977708	1.25598060018794	1.43467327877973
-0.083375190721024	-0.893288427941332	0.0351919485363173	-2.11452408499496	0.0833780164287185	1.25645283031374	1.4328826109147
-0.0816296772318319	-0.892764974394953	0.0312655041122475	-2.11463482739045	0.0804213632048176	1.2569442045806	1.43109685522626
-0.0798803799642445	-0.892238912870103	0.0273337839182697	-2.11475313565802	0.0774601097523762	1.25745472697042	1.42931611688495
-0.0781272499399866	-0.891710274780023	0.0233967111754712	-2.11487901766331	0.0744942357183935	1.2579844014651	1.42754050106127
-0.0763702381807828	-0.89117909153795	0.0194542091049398	-2.11501248127194	0.0715237207498687	1.25853323204651	1.42577011292575
-0.0746092957083583	-0.890645394557125	0.0155062009277629	-2.11515353434955	0.0685485444938013	1.25910122269654	1.42400505764891
-0.0728443735444374	-0.890109215250787	0.0115526098650279	-2.11530218476177	0.0655686865971898	1.25968837739709	1.42224544040127
-0.0710754227107452	-0.889570585032174	0.0075933591378223	-2.11545844037423	0.0625841267070336	1.26029470013005	1.42049136635336
-0.0693023942290061	-0.889029535314528	0.00362837196723362	-2.11562230905256	0.059594844470332	1.26092019487729	1.41874294067569
-0.0675252391209453	-0.888486097511087	-0.000342428425650521	-2.11579379866239	0.0566008195340842	1.26156486562071	1.41700026853878
-0.0657439084082873	-0.88794030303509	-0.0043191188197427	-2.11597291706934	0.053602031545289	1.26222871634221	1.41526345511315
-0.0639583531127569	-0.887392183299777	-0.00830177599395529	-2.11615967213906	0.0505984601509459	1.26291175102366	1.41353260556934
-0.0621685242560789	-0.886841769718388	-0.012290476727201	-2.11635407173717	0.0475900849980539	1.26361397364695	1.41180782507784
-0.0603743728599783	-0.886289093704161	-0.0162852977983919	-2.1165561237293	0.0445768857336123	1.26433538819398	1.4100892188092
-0.0585758499461794	-0.885734186670336	-0.020286315986441	-2.11676583598109	0.0415588420046199	1.26507599864663	1.40837689193392
-0.0567729065364072	-0.885177080030152	-0.0242936080702603	-2.11698321635815	0.0385359334580763	1.26583580898679	1.40667094962253
-0.0549654936523865	-0.88461780519685	-0.0283072508287631	-2.11720827272613	0.0355081397409803	1.26661482319634	1.40497149704554
-0.0531535623158421	-0.884056393583667	-0.032327321040861	-2.11744101295066	0.0324754405003313	1.26741304525719	1.40327863937349
-0.0513370635484985	-0.883492876603844	-0.0363538954854669	-2.11768144489736	0.0294378153831283	1.26823047915121	1.40159248177689
-0.0495159483720809	-0.882927285670621	-0.0403870509414932	-2.11792957643186	0.0263952440363704	1.2690671288603	1.39991312942626
-0.0476901678083138	-0.882359652197235	-0.0444268641878524	-2.1181854154198	0.0233477061070569	1.26992299836634	1.39824068749212
-0.045859672878922	-0.881790007596928	-0.0484734120034568	-2.11844896972681	0.020295181242187	1.27079809165122	1.39657526114499
-0.0440244146056302	-0.881218383282937	-0.0525267711672193	-2.11872024721852	0.0172376490887598	1.27169241269683	1.3949169555554
-0.0421843440101634	-0.880644810668504	-0.056587018458052	-2.11899925576055	0.0141750892937744	1.27260596548506	1.39326587589386
-0.0403394121142461	-0.880069321166866	-0.0606542306548677	-2.11928600321854	0.0111074815042298	1.2735387539978	1.3916221273309
-0.038489569939603	-0.879491946191264	-0.0647284845365791	-2.11958049745812	0.00803480536712536	1.27449078221693	1.38998581503703
-0.0366347685079593	-0.878912717154936	-0.0688098568820981	-2.11988274634492	0.00495704052946019	1.27546205412435	1.38835704418278
-0.0347749588410394	-0.878331665471123	-0.0728984244703375	-2.12019275774457	0.00187416663823355	1.27645257370194	1.38673591993867
-0.0329100919605683	-0.877748822553063	-0.0769942640802095	-2.1205105395227	-0.00121383665955549	1.27746234493158	1.38512254747521
-0.0310401188882705	-0.877164219813996	-0.081097452490627	-2.12083609954494	-0.00430698971690792	1.27849137179518	1.38351703196293
-0.0291649906458711	-0.876577888667162	-0.0852080664805021	-2.12116944567692	-0.00740531288682433	1.27953965827462	1.38191947857236
-0.0272846582550945	-0.875989860525799	-0.0893261828287477	-2.12151058578428	-0.0105088265223058	1.28060720835178	1.380329992474
-0.0253990727376656	-0.875400166803148	-0.0934518783142762	-2.12185952773264	-0.0136175509763532	1.28169402600856	1.37874867883838
-0.0235081851153094	-0.874808838912447	-0.0975852297160001	-2.12221627938763	-0.016731506601967	1.28280011522684	1.37717564283603
-0.0216119464097504	-0.874215908266936	-0.101726313812832	-2.12258084861489	-0.0198507137521485	1.28392547998851	1.37561098963746
-0.0197103076427136	-0.873621406279854	-0.105875207383683	-2.12295324328004	-0.0229751927798982	1.28507012427546	1.37405482441319
-0.0178032198359233	-0.873025364364441	-0.110031987207468	-2.12333347124872	-0.0261049640382172	1.28623405206958	1.37250725233374
-0.0158906340111049	-0.872427813933937	-0.114196730063097	-2.12372154038655	-0.0292400478801061	1.28741726735276	1.37096837856964
-0.0139725011899827	-0.871828786401579	-0.118369512729485	-2.12411745855917	-0.0323804646585661	1.28861977410689	1.36943830829141
-0.0120487723942816	-0.871228313180609	-0.122550411985543	-2.12452123363221	-0.0355262347265977	1.28984157631385	1.36791714666956
-0.0101193986457264	-0.870626425684265	-0.126739504610183	-2.12493287347129	-0.0386773784372019	1.29108267795553	1.36640499887462
-0.0081843309660419	-0.870023155325787	-0.130936867382319	-2.12535238594206	-0.0418339161433796	1.29234308301382	1.36490197007711
-0.0062435203769528	-0.869418533518414	-0.135142577080863	-2.12577977891013	-0.0449958681981316	1.29362279547061	1.36340816544754
-0.00429691790018391	-0.868812591675385	-0.139356710484726	-2.12621506024114	-0.0481632549544585	1.29492181930779	1.36192369015645
-0.00234447455746015	-0.868205361209941	-0.143579344372822	-2.12665823780072	-0.0513360967653615	1.29624015850724	1.36044864937435
-0.00038614137050591	-0.867596873535319	-0.147810555524064	-2.12710931945451	-0.0545144139838412	1.29757781705086	1.35898314827175
0.00157813063895387	-0.86698716006476	-0.152050420717363	-2.12756831306812	-0.0576982269628988	1.29893479892054	1.35752729201919
0.00354839044919431	-0.866376252211503	-0.156299016731632	-2.1280352265072	-0.0608875560555348	1.30031110809816	1.35608118578718
0.00552468703849074	-0.865764181388788	-0.160556420345784	-2.12851006763737	-0.0640824216147502	1.3017067485656	1.35464493474625
0.0075070693851183	-0.865150979009854	-0.164822708338731	-2.12899284432426	-0.0672828439935458	1.30312172430477	1.3532186440669
0.00949558646735235	-0.86453667648794	-0.169097957489386	-2.1294835644335	-0.0704888435449222	1.30455603929754	1.35180241891968
0.0114902872634681	-0.863921305236286	-0.173382244576661	-2.12998223583073	-0.0737004406218808	1.30600969752581	1.35039636447508
0.0134912207517406	-0.86330489666813	-0.177675646379468	-2.13048886638158	-0.0769176555774219	1.30748270297147	1.34900058590365
0.0154984359104454	-0.862687482196714	-0.181978239676721	-2.13100346395166	-0.0801405087645468	1.30897505961639	1.34761518837589
0.0175119817178575	-0.862069093235274	-0.186290101247331	-2.13152603640663	-0.0833690205362561	1.31048677144248	1.34624027706233
0.0195319071522523	-0.861449761197053	-0.190611307870211	-2.1320565916121	-0.0866032112455507	1.31201784243162	1.34487595713349
0.0215582611919047	-0.860829517495288	-0.194941936324274	-2.13259513743371	-0.0898431012454314	1.31356827656569	1.34352233375988
0.0235910928150904	-0.860208393543219	-0.199282063388432	-2.13314168173709	-0.0930887108888989	1.3151380778266	1.34217951211204
0.0256304510000842	-0.859586420754085	-0.203631765841598	-2.13369623238786	-0.0963400605289545	1.31672725019622	1.34084759736048
0.0276763847251615	-0.858963630541126	-0.207991120462683	-2.13425879725167	-0.0995971705185985	1.31833579765644	1.33952669467572
0.0297289429685978	-0.858340054317582	-0.212360204030601	-2.13482938419413	-0.102860061210832	1.31996372418915	1.33821690922828
0.031788174708668	-0.857715723496691	-0.216739093324264	-2.13540800108089	-0.106128752958656	1.32161103377625	1.33691834618869
0.0338541289236474	-0.857090669491693	-0.221127865122585	-2.13599465577756	-0.109403266115072	1.32327773039961	1.33563111072746
0.0359268545918112	-0.856464923715827	-0.225526596204476	-2.13658935614979	-0.112683621033079	1.32496381804113	1.33435530801511
0.0380064006914348	-0.855838517582334	-0.229935363348849	-2.13719211006319	-0.115969838065679	1.3266693006827	1.33309104322217
0.0400928162007932	-0.855211482504451	-0.234354243334617	-2.13780292538341	-0.119261937565873	1.3283941823062	1.33183842151915
0.0421861500981617	-0.854583849895419	-0.238783312940692	-2.13842180997608	-0.122559939886661	1.33013846689353	1.33059754807658
0.0442864513618158	-0.853955651168477	-0.243222648945988	-2.13904877170682	-0.125863865381045	1.33190215842657	1.32936852806498
0.0463937689700303	-0.853326917736865	-0.247672328129416	-2.13968381844126	-0.129173734402026	1.33368526088721	1.32815146665487
0.0485081519010808	-0.852697681013821	-0.252132427269889	-2.14032695804503	-0.132489567302603	1.33548777825733	1.32694646901677
0.0506296491332424	-0.852067972412585	-0.256603023146319	-2.14097819838377	-0.135811384435779	1.33730971451884	1.3257536403212
0.0527583096447903	-0.851437823346397	-0.26108419253762	-2.14163754732311	-0.139139206154553	1.3391510736536	1.32457308573867
0.0548941824139996	-0.850807265228496	-0.265576012222702	-2.14230501272868	-0.142473052811927	1.34101185964353	1.32340491043972
0.0570373164191458	-0.850176329472121	-0.27007855898048	-2.1429806024661	-0.145812944760901	1.34289207647049	1.32224921959487
0.059187760638504	-0.849545047490512	-0.274591909589865	-2.14366432440101	-0.149158902354477	1.34479172811639	1.32110611837462
0.0613455640503495	-0.848913450696908	-0.27911614082977	-2.14435618639903	-0.152510945945655	1.34671081856311	1.31997571194951
0.0635107756329574	-0.848281570504549	-0.283651329479108	-2.14505619632581	-0.155869095887436	1.34864935179253	1.31885810549005
0.065683444364603	-0.847649438326674	-0.28819755231679	-2.14576436204697	-0.159233372532821	1.35060733178655	1.31775340416677
0.0678636192235617	-0.847017085576522	-0.29275488612173	-2.14648069142813	-0.162603796234811	1.35258476252706	1.31666171315018
0.0700513491881083	-0.846384543667333	-0.297323407672839	-2.14720519233494	-0.165980387346406	1.35458164799594	1.31558313761081
0.0722466832365186	-0.845751844012345	-0.301903193749031	-2.14793787263301	-0.169363166220608	1.35659799217508	1.31451778271918
0.0744496703470673	-0.8451190180248	-0.306494321129218	-2.14867874018799	-0.172752153210417	1.35863379904637	1.31346575364581
0.07666035949803	-0.844486097117935	-0.311096866592312	-2.14942780286551	-0.176147368668834	1.3606890725917	1.31242715556121
0.0788787996676818	-0.843853112704991	-0.315710906917226	-2.15018506853118	-0.179548832948861	1.36276381679296	1.31140209363592
0.0811050398342979	-0.843220096199206	-0.320336518882872	-2.15095054505065	-0.182956566403497	1.36485803563203	1.31039067304045
0.0833391289761538	-0.842587079013821	-0.324973779268163	-2.15172424028954	-0.186370589385744	1.36697173309081	1.30939299894531
0.0855811160715242	-0.841954092562073	-0.329622764852012	-2.15250616211349	-0.189790922248602	1.36910491315118	1.30840917652104
0.0878310500986846	-0.841321168257204	-0.33428355241333	-2.15329631838812	-0.193217585345073	1.37125757979503	1.30743931093815
0.0900889800359104	-0.840688337512452	-0.33895621873103	-2.15409471697907	-0.196650599028156	1.37342973700425	1.30648350736717
0.0923549548614767	-0.840055631741057	-0.343640840584025	-2.15490136575197	-0.200089983650855	1.37562138876073	1.30554187097861
0.0946290235536587	-0.839423082356258	-0.348337494751228	-2.15571627257244	-0.203535759566167	1.37783253904636	1.304614506943
0.0969112350907318	-0.838790720771294	-0.35304625801155	-2.15653944530612	-0.206987947127096	1.38006319184302	1.30370152043085
0.099201638450971	-0.838158578399405	-0.357767207143904	-2.15737089181864	-0.210446566686641	1.3823133511326	1.30280301661269
0.101500282612652	-0.837526686653831	-0.362500418927203	-2.15821061997563	-0.213911638597804	1.384583020897	1.30191910065903
0.103807216554049	-0.83689507694781	-0.36724597014036	-2.15905863764272	-0.217383183213585	1.3868722051181	1.3010498777404
0.106122489253438	-0.836263780694582	-0.372003937562286	-2.15991495268553	-0.220861220886985	1.38918090777779	1.30019545302733
0.108446149689094	-0.835632829307387	-0.376774397971894	-2.16077957296971	-0.224345771971006	1.39150913285795	1.29935593169032
0.110778246839293	-0.835002254199463	-0.381557428148097	-2.16165250636088	-0.227836856818647	1.39385688434048	1.2985314188999
0.113118829682309	-0.834372086784051	-0.386353104869807	-2.16253376072467	-0.231334495782909	1.39622416620727	1.2977220198266
0.115467947196418	-0.833742358474389	-0.391161504915937	-2.16342334392672	-0.234838709216795	1.3986109824402	1.29692783964092
0.117825648359896	-0.833113100683717	-0.395982705065399	-2.16432126383264	-0.238349517473304	1.40101733702116	1.2961489835134
0.120191982151016	-0.832484344825275	-0.400816782097105	-2.16522752830808	-0.241866940905436	1.40344323393204	1.29538555661455
0.122566997548055	-0.831856122312302	-0.405663812789969	-2.16614214521867	-0.245390999866194	1.40588867715473	1.2946376641149
0.124950743529288	-0.831228464558037	-0.410523873922903	-2.16706512243003	-0.248921714708578	1.40835367067112	1.29390541118496
0.127343269072989	-0.830601402975719	-0.415397042274818	-2.16799646780779	-0.252459105785589	1.41083821846309	1.29318890299526
0.129744623157435	-0.829974968978588	-0.420283394624628	-2.16893618921759	-0.256003193450227	1.41334232451253	1.29248824471631
0.132154854760901	-0.829349193979884	-0.425183007751246	-2.16988429452506	-0.259553998055494	1.41586599280134	1.29180354151864
0.134574012861661	-0.828724109392846	-0.430095958433583	-2.17084079159582	-0.26311153995439	1.4184092273114	1.29113489857277
0.137002146437991	-0.828099746630712	-0.435022323450552	-2.17180568829551	-0.266675839499916	1.4209720320246	1.29048242104922
0.139439304468166	-0.827476137106724	-0.439962179581065	-2.17277899248976	-0.270246917045074	1.42355441092282	1.28984621411851
0.141885535930461	-0.826853312234119	-0.444915603604036	-2.1737607120442	-0.273824792942863	1.42615636798797	1.28922638295116
0.144340889803152	-0.826231303426138	-0.449882672298376	-2.17475085482446	-0.277409487546285	1.42877790720191	1.28862303271768
0.146805415064514	-0.825610142096019	-0.454863462442998	-2.17574942869617	-0.28100102120834	1.43141903254655	1.28803626858862
0.149279160692822	-0.824989859657003	-0.459858050816815	-2.17675644152496	-0.28459941428203	1.43407974800378	1.28746619573447
0.151762175666352	-0.824370487522328	-0.464866514198739	-2.17777190117646	-0.288204687120355	1.43676005755547	1.28691291932577
0.154254508963378	-0.823752057105234	-0.469888929367682	-2.1787958155163	-0.291816860076316	1.43945996518352	1.28637654453303
0.156756209562175	-0.823134599818961	-0.474925373102558	-2.17982819241012	-0.295435953502914	1.44217947486982	1.28585717652677
0.15926732644102	-0.822518147076747	-0.479975922182278	-2.18086903972354	-0.29906198775315	1.44491859059625	1.28535492047752
0.161787908578187	-0.821902730291832	-0.485040653385754	-2.18191836532219	-0.302694983180024	1.44767731634471	1.2848698815558
0.164318004951951	-0.821288380877456	-0.490119643491901	-2.1829761770717	-0.306334960136538	1.45045565609709	1.28440216493213
0.166857664540588	-0.820675130246858	-0.495212969279629	-2.18404248283771	-0.309981938975692	1.45325361383526	1.28395187577702
0.169406936322373	-0.820063009813277	-0.500320707527852	-2.18511729048585	-0.313635940050488	1.45607119354112	1.283519119261
0.171965869275582	-0.819452050989953	-0.505442935015482	-2.18620060788174	-0.317296983713925	1.45890839919656	1.28310400055459
0.174534512378488	-0.818842285190125	-0.510579728521431	-2.18729244289102	-0.320965090319006	1.46176523478347	1.28270662482831
0.177112914609369	-0.818233743827032	-0.515731164824612	-2.18839280337931	-0.324640280218729	1.46464170428373	1.28232709725269
0.179701124946498	-0.817626458313915	-0.520897320703938	-2.18950169721226	-0.328322573766098	1.46753781167924	1.28196552299823
0.182299192368151	-0.817020460064011	-0.52607827293832	-2.19061913225548	-0.332011991314112	1.47045356095188	1.28162200723547
0.184907165852603	-0.816415780490562	-0.531274098306672	-2.19174511637461	-0.335708553215772	1.47338895608354	1.28129665513492
0.187525094378131	-0.815812451006805	-0.536484873587906	-2.19287965743528	-0.33941227982408	1.4763440010561	1.2809895718671
0.190153026923008	-0.815210503025981	-0.541710675560935	-2.19402276330312	-0.343123191492035	1.47931869985147	1.28070086260254
0.192791012465509	-0.814609967961329	-0.54695158100467	-2.19517444184376	-0.346841308572639	1.48231305645152	1.28043063251175
0.195439099983912	-0.814010877226088	-0.552207666698024	-2.19633470092283	-0.350566651418892	1.48532707483815	1.28017898676527
0.198097338456489	-0.813413262233498	-0.557479009419911	-2.19750354840596	-0.354299240383797	1.48836075899324	1.27994603053359
0.200765776861518	-0.812817154396798	-0.562765685949241	-2.19868099215879	-0.358039095820352	1.49141411289868	1.27973186898726
0.203444464177272	-0.812222585129227	-0.568067773064929	-2.19986704004694	-0.36178623808156	1.49448714053636	1.27953660729678
0.206133449382028	-0.811629585844025	-0.573385347545886	-2.20106169993604	-0.36554068752042	1.49757984588817	1.27936035063269
0.20883278145406	-0.811038187954432	-0.578718486171025	-2.20226497969173	-0.369302464489935	1.50069223293599	1.27920320416549
0.211542509371644	-0.810448422873685	-0.584067265719258	-2.20347688717963	-0.373071589343104	1.50382430566172	1.27906527306571
0.214262682113054	-0.809860322015027	-0.589431762969498	-2.20469743026537	-0.376848082432929	1.50697606804725	1.27894666250388
0.216993348656567	-0.809273916791694	-0.594812054700657	-2.2059266168146	-0.38063196411241	1.51014752407445	1.27884747765051
0.219734557980457	-0.808689238616927	-0.600208217691648	-2.20716445469293	-0.384423254734549	1.51333867772523	1.27876782367612
0.222486359062999	-0.808106318903966	-0.605620328721383	-2.20841095176599	-0.388221974652345	1.51654953298147	1.27870780575123
0.22524880088247	-0.807525189066049	-0.611048464568775	-2.20966611589943	-0.392028144218801	1.51978009382506	1.27866752904637
0.228021932417144	-0.806945880516416	-0.616492702012737	-2.21092995495886	-0.395841783786916	1.52303036423788	1.27864709873206
0.230805802645295	-0.806368424668307	-0.62195311783218	-2.21220247680992	-0.399662913709693	1.52630034820182	1.27864661997881
0.233600460545201	-0.80579285293496	-0.627429788806017	-2.21348368931824	-0.40349155434013	1.52959004969878	1.27866619795715
0.236405955095135	-0.805219196729616	-0.632922791713161	-2.21477360034945	-0.40732772603123	1.53289947271065	1.2787059378376
0.239222335273373	-0.804647487465513	-0.638432203332524	-2.21607221776918	-0.411171449135993	1.5362286212193	1.27876594479067
0.24204965005819	-0.804077756555892	-0.643958100443019	-2.21737954944306	-0.41502274400742	1.53957749920663	1.2788463239869
0.244887948427862	-0.80351003541399	-0.649500559823558	-2.21869560323673	-0.418881630998512	1.54294611065453	1.27894718059679
0.247737279360663	-0.802944355453049	-0.655059658253054	-2.2200203870158	-0.422748130462269	1.54633445954488	1.27906861979087
0.250597691834869	-0.802380748086306	-0.66063547251042	-2.22135390864592	-0.426622262751694	1.54974254985958	1.27921074673967
0.253469234828756	-0.801819244727002	-0.666228079374566	-2.22269617599272	-0.430504048219785	1.55317038558051	1.2793736666137
0.256351957320598	-0.801259876788376	-0.671837555624407	-2.22404719692181	-0.434393507219545	1.55661797068956	1.27955748458348
0.25924590828867	-0.800702675683668	-0.677463978038855	-2.22540697929885	-0.438290660103974	1.56008530916862	1.27976230581954
0.262151136711248	-0.800147672826116	-0.683107423396821	-2.22677553098944	-0.442195527226073	1.56357240499958	1.27998823549238
0.265067691566608	-0.79959489962896	-0.68876796847722	-2.22815285985924	-0.446108128938843	1.56707926216432	1.28023537877255
0.267995621833023	-0.79904438750544	-0.694445690058962	-2.22953897377386	-0.450028485595284	1.57060588464474	1.28050384083055
0.270934976488771	-0.798496167868795	-0.700140664920962	-2.23093388059893	-0.453956617548398	1.57415227642273	1.28079372683691
0.273885804512125	-0.797950272132264	-0.70585296984213	-2.2323375882001	-0.457892545151186	1.57771844148016	1.28110514196214
0.27684815488136	-0.797406731709087	-0.711582681601379	-2.23375010444298	-0.461836288756647	1.58130438379894	1.28143819137678
0.279822076574754	-0.796865578012503	-0.717329876977624	-2.23517143719321	-0.465787868717783	1.58491010736095	1.28179298025133
0.282807618570579	-0.796326842455752	-0.723094632749774	-2.23660159431642	-0.469747305387596	1.58853561614807	1.28216961375632
0.285804829847113	-0.795790556452072	-0.728877025696744	-2.23804058367824	-0.473714619119085	1.5921809141422	1.28256819706228
0.288813759382629	-0.795256751414704	-0.734677132597445	-2.2394884131443	-0.477689830265252	1.59584600532522	1.28298883533971
0.291834456155404	-0.794725458756886	-0.740495030230791	-2.24094509058024	-0.481672959179097	1.59953089367903	1.28343163375915
0.294866969143712	-0.794196709891859	-0.746330795375692	-2.24241062385167	-0.485664026213621	1.60323558318551	1.28389669749111
0.297911347325828	-0.793670536232861	-0.752184504811063	-2.24388502082424	-0.489663051721826	1.60696007782654	1.28438413170611
0.300967639680028	-0.793146969193132	-0.758056235315815	-2.24536828936357	-0.493670056056711	1.61070438158403	1.28489404157468
0.304035895184588	-0.792626040185911	-0.763946063668862	-2.24686043733529	-0.497685059571278	1.61446849843985	1.28542653226733
0.307116162817782	-0.792107780624438	-0.769854066649115	-2.24836147260504	-0.501708082618529	1.6182524323759	1.28598170895459
0.310208491557885	-0.791592221921952	-0.775780321035487	-2.24987140303844	-0.505739145551462	1.62205618737406	1.28655967680698
0.313312930383173	-0.791079395491693	-0.78172490360689	-2.25139023650113	-0.50977826872308	1.62587976741623	1.28716054099501
0.316429528271922	-0.790569332746899	-0.787687891142238	-2.25291798085873	-0.513825472486383	1.62972317648428	1.28778440668921
0.319558334202405	-0.790062065100811	-0.793669360420442	-2.25445464397688	-0.517880777194372	1.63358641856012	1.2884313790601
0.322699397152899	-0.789557623966667	-0.799669388220414	-2.25600023372121	-0.521944203200048	1.63746949762562	1.2891015632782
0.325852766101679	-0.789056040757707	-0.805688051321069	-2.25755475795735	-0.526015770856411	1.64137241766268	1.28979506451404
0.329018490027019	-0.788557346887171	-0.811725426501317	-2.25911822455092	-0.530095500516464	1.64529518265318	1.29051198793812
0.332196617907196	-0.788061573768298	-0.817781590540072	-2.26069064136756	-0.534183412533206	1.64923779657901	1.29125243872097
0.335387198720484	-0.787568752814326	-0.823856620216246	-2.2622720162729	-0.538279527259638	1.65320026342207	1.29201652203312
0.338590281445159	-0.787078915438497	-0.82995059230875	-2.26386235713257	-0.542383865048761	1.65718258716424	1.29280434304508
0.341805915059496	-0.786592093054048	-0.8360635835965	-2.26546167181221	-0.546496446253576	1.66118477178741	1.29361600692737
0.34503414854177	-0.78610831707422	-0.842195670858405	-2.26706996817743	-0.550617291227084	1.66520682127346	1.29445161885052
0.348275030870256	-0.785627618912252	-0.848346930873379	-2.26868725409387	-0.554746420322285	1.66924873960429	1.29531128398505
0.35152861102323	-0.785150029981383	-0.854517440420334	-2.27031353742717	-0.558883853892181	1.67331053076178	1.29619510750147
0.354794937978967	-0.784675581694853	-0.860707276278184	-2.27194882604295	-0.563029612289773	1.67739219872783	1.29710319457031
0.358074060715741	-0.7842043054659	-0.86691651522584	-2.27359312780685	-0.567183715868061	1.68149374748432	1.29803565036209
0.361366028211829	-0.783736232707765	-0.873145234042215	-2.27524645058448	-0.571346184980046	1.68561518101313	1.29899258004732
0.364670889445506	-0.783271394833687	-0.879393509506221	-2.2769088022415	-0.575517039978728	1.68975650329617	1.29997408879654
0.367988693395046	-0.782809823256905	-0.885661418396771	-2.27858019064351	-0.57969630121711	1.69391771831531	1.30098028178026
0.371319489038725	-0.782351549390659	-0.891949037492777	-2.28026062365617	-0.58388398904819	1.69809883005244	1.30201126416899
0.374663325354819	-0.781896604648187	-0.898256443573152	-2.28195010914509	-0.588080123824972	1.70229984248946	1.30306714113327
0.378020251321602	-0.78144502044273	-0.904583713416808	-2.28364865497591	-0.592284725900455	1.70652075960825	1.30414801784361
0.381390315917349	-0.780996828187527	-0.910930923802659	-2.28535626901425	-0.596497815627639	1.7107615853907	1.30525399947054
0.384773470924738	-0.780552052074486	-0.917297983901806	-2.28707290630863	-0.60071931997089	1.71502220225784	1.30638508866878
0.388169280630473	-0.780110687405443	-0.923684134722121	-2.28879831136784	-0.604948793691912	1.71930200811264	1.30754087912297
0.391577215663332	-0.779672722247832	-0.930088455900661	-2.29053217788756	-0.609185701881487	1.72360028404207	1.30872086500794
0.394996750511373	-0.77923814465483	-0.936510033878482	-2.29227420174976	-0.613429513686082	1.72791631630932	1.30992454377772
0.398427363521926	-0.778806942665354	-0.942947961900636	-2.29402408102261	-0.617679702307851	1.7322493963538	1.31115141616558
0.401868536901605	-0.778379104304064	-0.949401340016172	-2.29578151596051	-0.621935745004631	1.73659882079112	1.31240098618402
0.405319756716297	-0.777954617581362	-0.955869275078139	-2.29754620900413	-0.626197123089946	1.74096389141311	1.31367276112479
0.408780512891169	-0.777533470493392	-0.96235088074358	-2.29931786478033	-0.630463321933008	1.74534391518781	1.31496625155882
0.412250299210664	-0.777115651022038	-0.968845277473536	-2.30109619010224	-0.634733830958713	1.74973820425949	1.31628097133633
0.415728613318505	-0.776701147134928	-0.975351592533047	-2.30288089396921	-0.639008143647641	1.75414607594862	1.31761643758671
0.419214956717691	-0.77628994678543	-0.981868959991149	-2.30467168756683	-0.643285757536062	1.75856685275188	1.31897217071864
0.422708834770499	-0.775882037912655	-0.988396520720874	-2.30646828426691	-0.647566174215928	1.76299986234218	1.32034769441997
0.426209756698484	-0.775477408441456	-0.994933422399253	-2.30827039962752	-0.651848899334879	1.76744443756862	1.32174253565782
0.429717235582478	-0.775076046282426	-1.00147881950731	-2.31007775139294	-0.65613344259624	1.77189991645655	1.32315622467853
0.433230788362592	-0.774677939331902	-1.00803187333008	-2.31189005949371	-0.660419317759022	1.7763656422075	1.32458829500766
0.436749935838212	-0.774283075471961	-1.01459175195658	-2.31370704604658	-0.664706042637923	1.78084096319923	1.32603828345001
0.440274202668005	-0.773891442570423	-1.02115763027982	-2.31552843535454	-0.668993139103325	1.78532523298572	1.3275057300896
0.443803117369914	-0.77350302848085	-1.02772868999683	-2.31735395390684	-0.673280133081296	1.78981781029714	1.32899017828969
0.44733621232116	-0.773117821042544	-1.03430411960862	-2.31918333037893	-0.677566554553591	1.7943180590399	1.33049117469277
0.45087302375824	-0.77273580808055	-1.04088311442019	-2.32101629563251	-0.681851937557651	1.79882534829661	1.33200826922054
0.454413091776931	-0.772356977405656	-1.04746487654056	-2.32285258271552	-0.6861358201866	1.80333905232611	1.33354101507395
0.457955960332288	-0.77198131681439	-1.05404861488274	-2.32469192686213	-0.690417744589252	1.80785855056342	1.33508896873317
0.461501177238641	-0.771608814089022	-1.06063354516372	-2.32653406549275	-0.694697256970103	1.81238322761982	1.33665168995761
0.4650482941696	-0.771239456997564	-1.06721888990451	-2.328378738214	-0.698973907589338	1.81691247328276	1.33822874178589
0.468596866658051	-0.77087323329377	-1.0738038784301	-2.33022568681878	-0.703247250762825	1.82144568251594	1.33981969053589
0.47214645409616	-0.770510130717136	-1.08038774686948	-2.33207465528618	-0.707516844862121	1.82598225545926	1.34142410580468
0.475696619735368	-0.7701501369929	-1.08696973815566	-2.33392538978154	-0.711782252314466	1.83052159742882	1.34304156046858
0.479246930686395	-0.76979323983204	-1.09354910202561	-2.33577763865646	-0.716043039602786	1.83506311891695	1.34467163068316
0.482796957919239	-0.769439426931279	-1.10012509502033	-2.33763115244874	-0.720298777265695	1.8396062355922	1.34631389588318
0.486346276263176	-0.769088685973078	-1.10669698048479	-2.33948568388243	-0.724549039897492	1.84415036829931	1.34796793878265
0.489894464406757	-0.768741004625642	-1.11326402856798	-2.34134098786781	-0.728793406148159	1.84869494305927	1.34963334537482
0.493441104897814	-0.768396370542919	-1.11982551622287	-2.3431968215014	-0.733031458723369	1.85323939106924	1.35130970493215
0.496985784143455	-0.768054771364596	-1.12638072720645	-2.34505294406595	-0.737262784384476	1.85778314870264	1.35299661000633
0.500528092410066	-0.767716194716103	-1.13292895207967	-2.34690911703046	-0.741486973948523	1.86232565750907	1.3546936564283
0.50406762382331	-0.767380628208613	-1.13946948820752	-2.34876510405013	-0.745703622288237	1.86686636421435	1.35640044330821
0.507603976368129	-0.767048059439038	-1.14600163975895	-2.35062067096644	-0.749912328332032	1.87140472072054	1.35811657303544
0.511136751888742	-0.766718475990035	-1.15252471770694	-2.35247558580707	-0.754112695064007	1.87594018410587	1.35984165127861
0.514665556088646	-0.76639186543	-1.15903803982844	-2.35432961878595	-0.758304329523947	1.88047221662483	1.36157528698556
0.518189998530615	-0.766068215313073	-1.16554093070441	-2.35618254230324	-0.762486842807324	1.88500028570808	1.36331709238337
0.5217096926367	-0.765747513179134	-1.1720327217198	-2.35803413094533	-0.766659850065294	1.88952386396254	1.36506668297833
0.525224255688232	-0.765429746553807	-1.17851275106358	-2.35988416148486	-0.7708229705047	1.8940424291713	1.36682367755599
0.528733308825818	-0.765114902948455	-1.18498036372868	-2.3617324128807	-0.77497582738807	1.8985554642937	1.3685876981811
0.532236477049343	-0.764802969860185	-1.19143491151207	-2.36357866627794	-0.779118048033619	1.90306245746527	1.37035837019766
0.535733389217969	-0.764493934771844	-1.19787575301467	-2.36542270500791	-0.783249263815247	1.90756290199776	1.37213532222888
0.539223678050138	-0.764187785152024	-1.20430225364143	-2.3672643145882	-0.787369110162539	1.91205629637915	1.37391818617722
0.542706980123567	-0.763884508455054	-1.2107137856013	-2.36910328272261	-0.791477226560768	1.91654214427361	1.37570659722435
0.546182935875252	-0.763584092121009	-1.2171097279072	-2.37093939930117	-0.795573256550892	1.92101995452154	1.37750019383119
0.549651189601467	-0.763286523575704	-1.22348946637608	-2.37277245640016	-0.799656847729553	1.92548924113955	1.37929861773788
0.553111389457762	-0.762991790230696	-1.22985239362885	-2.37460224828208	-0.803727651749082	1.92994952332046	1.38110151396377
0.556563187458966	-0.762699879483284	-1.23619790909046	-2.3764285713957	-0.807785324317493	1.93440032543331	1.38290853080748
0.560006239479186	-0.762410778716507	-1.24252541898981	-2.37825122437597	-0.811829525198487	1.93884117702335	1.38471931984682
0.563440205251806	-0.762124475299149	-1.24883433635985	-2.38007000804412	-0.815859918211451	1.94327161281205	1.38653353593886
0.566864748369488	-0.761840956585734	-1.25512408103748	-2.3818847254076	-0.819876171231458	1.94769117269708	1.38835083721987
0.57027953628417	-0.761560209916528	-1.26139407966362	-2.38369518166009	-0.823877956189266	1.95209940175235	1.39017088510538
0.573684240307072	-0.761282222617537	-1.26764376568319	-2.38550118418151	-0.82786494907132	1.95649585022795	1.39199334429014
0.577078535608686	-0.761006982000513	-1.2738725793451	-2.38730254253801	-0.831836829919749	1.96088007355022	1.3938178827481
0.580462101218786	-0.760734475362947	-1.28007996770225	-2.38909906848198	-0.83579328283237	1.96525163232169	1.39564417173248
0.583834620026423	-0.76046468998807	-1.28626538461156	-2.39089057595203	-0.839733995962684	1.9696100923211	1.39747188577572
0.587195778779923	-0.760197613144859	-1.29242829073392	-2.39267688107304	-0.84365866151988	1.97395502450343	1.39930070268947
0.590545268086892	-0.759933232088031	-1.29856815353423	-2.3944578021561	-0.847566975768829	1.97828600499985	1.40113030356463
0.593882782414214	-0.759671534058042	-1.30468444728139	-2.39623315969852	-0.851458639030093	1.98260261511775	1.40296037277131
0.59720802008805	-0.759412506281095	-1.3107766530483	-2.39800277638387	-0.855333355679915	1.98690444134075	1.40479059795888
0.600520683293837	-0.759156135969131	-1.31684425871185	-2.39976647708196	-0.859190834150227	1.99119107532866	1.4066206700559
0.603820478076293	-0.758902410319833	-1.32288675895293	-2.4015240888488	-0.863030786928646	1.99546211391752	1.4084502832702
0.607107114339411	-0.758651316516629	-1.32890365525641	-2.40327544092667	-0.866852930558474	1.99971715911958	1.41027913508881
0.610380305846464	-0.758402841728684	-1.3348944559112	-2.40502036474407	-0.870656985638699	2.0039558181233	1.412106926278
0.613639770219999	-0.758156973110909	-1.34085867601016	-2.40675869391574	-0.874442676823997	2.00817770329336	1.41393336088326
0.616885228941844	-0.757913697803955	-1.34679583745018	-2.40849026424264	-0.878209732824726	2.01238243217065	1.41575814622933
0.620116407353104	-0.757673002934213	-1.35270546893212	-2.41021491371198	-0.881957886406933	2.01656962747228	1.41758099292016
0.623333034654162	-0.75743487561382	-1.35858710596087	-2.41193248249721	-0.88568687439235	2.02073891709157	1.41940161483895
0.626534843904676	-0.757199302940651	-1.36444029084529	-2.41364281295799	-0.889396437658395	2.02488993409805	1.4212197291481
0.629721572023585	-0.756966271998325	-1.37026457269824	-2.41534574964024	-0.89308632113817	2.02902231673746	1.42303505628926
0.632892959789105	-0.756735769856202	-1.3760595074366	-2.4170411392761	-0.896756273820465	2.03313570843178	1.42484731998331
0.636048751838727	-0.756507783569383	-1.38182465778123	-2.41872883078395	-0.900406048749755	2.03722975777918	1.42665624723035
0.639188696669223	-0.756282300178713	-1.38755959325697	-2.42040867526842	-0.904035403026201	2.04130411855405	1.42846156830972
0.642312546636642	-0.756059306710776	-1.3932638901927	-2.42208052602034	-0.907644097805649	2.04535844970699	1.43026301677998
0.645420057956308	-0.7558387901779	-1.39893713172125	-2.4237442385168	-0.911231898299633	2.04939241536482	1.43206032947892
0.648510990702827	-0.755620737578155	-1.40457890777948	-2.42539967042112	-0.91479857377537	2.05340568483059	1.43385324652357
0.651585108810079	-0.755405135895349	-1.41018881510825	-2.42704668158285	-0.918343897555766	2.05739793258352	1.43564151131018
0.654642180071224	-0.755191972099038	-1.41576645725238	-2.42868513403779	-0.921867647019409	2.06136883827909	1.43742487051423
0.657681976138697	-0.754981233144513	-1.42131144456073	-2.43031489200795	-0.925369603600576	2.06531808674896	1.43920307409043
0.660704272524215	-0.754772905972813	-1.42682339418613	-2.4319358219016	-0.928849552789229	2.06924536800104	1.44097587527272
0.663708848598768	-0.754566977510715	-1.43230193008542	-2.43354779231323	-0.932307284131015	2.07315037721942	1.44274303057427
0.666695487592627	-0.754363434670738	-1.43774668301944	-2.43515067402356	-0.935742591227268	2.07703281476442	1.44450429978748
0.669663976595339	-0.754162264351145	-1.44315729055301	-2.43674433999956	-0.939155271735006	2.08089238617257	1.44625944598399
0.672614106555729	-0.753963453435939	-1.44853339705496	-2.43832866539443	-0.942545127366935	2.08472880215662	1.44800823551463
0.6755456722819	-0.753766988794863	-1.45387465369811	-2.43990352754759	-0.945911963891446	2.08854177860553	1.44975043800952
0.678458472441232	-0.753572857283408	-1.4591807184593	-2.44146880598472	-0.949255591132615	2.09233103658447	1.45148582637796
0.681352309560384	-0.753381045742799	-1.46445125611933	-2.44302438241772	-0.952575822970205	2.09609630233483	1.4532141768085
0.684226990025292	-0.753191541000009	-1.46968593826303	-2.44457014074472	-0.955872477339665	2.09983730727421	1.45493526876891
0.687082324081169	-0.753004329867748	-1.47488444327921	-2.4461059670501	-0.959145376232127	2.10355378799644	1.4566488850062
0.689918125832506	-0.752819399144473	-1.48004645636068	-2.44763174960446	-0.962394345694414	2.10724548627153	1.45835481154662
0.692734213243072	-0.752636735614378	-1.48517166950425	-2.44914737886465	-0.96561921582903	2.11091214904574	1.46005283769561
0.695530408135913	-0.752456326047401	-1.49025978151073	-2.45065274747373	-0.968819820794167	2.11455352844152	1.46174275603788
0.698306536193355	-0.752278157199221	-1.49531049798491	-2.45214775026103	-0.971995998803702	2.11816938175756	1.46342436243734
0.701062426956998	-0.752102215811261	-1.5003235313356	-2.45363228424208	-0.9751475921272	2.12175947146872	1.46509745603716
0.703797913827723	-0.751928488610683	-1.5052986007756	-2.45510624861866	-0.978274447089908	2.12532356522612	1.46676183925972
0.706512834065686	-0.751756962310392	-1.51023543232169	-2.4565695447788	-0.981376414072763	2.12886143585707	1.46841731780661
0.709207028790323	-0.751587623609034	-1.51513375879468	-2.45802207629675	-0.984453347512385	2.1323728613651	1.4700637006587
0.711880342980346	-0.751420459190999	-1.51999331981935	-2.45946374893298	-0.987505105901081	2.13585762492996	1.47170080007604
0.714532625473746	-0.751255455726416	-1.52481386182449	-2.46089447063421	-0.990531551786843	2.1393155149076	1.47332843159794
0.71716372896779	-0.751092599871158	-1.52959513804288	-2.46231415153341	-0.993532551773349	2.14274632483019	1.47494641404293
0.719773510019024	-0.750931878266838	-1.5343369085113	-2.46372270394975	-0.996507976519964	2.14614985340612	1.47655456950877
0.722361829043271	-0.750773277540812	-1.53903894007053	-2.46512004238868	-0.999457700741738	2.14952590451999	1.47815272337245
0.724928550315633	-0.750616784306178	-1.54370100636535	-2.46650608354183	-1.00238160320941	2.15287428723262	1.47974070429017
0.727473541970488	-0.750462385161774	-1.54832288784452	-2.46788074628711	-1.00527956674939	2.15619481578103	1.4813183441974
0.729996676001492	-0.750310066692182	-1.55290437176082	-2.46924395168865	-1.0081514782438	2.15948730957846	1.48288547830881
0.73249782826158	-0.750159815467725	-1.55744525217101	-2.47059562299681	-1.01099722863042	2.16275159321437	1.4844419451183
0.734976878462963	-0.750011618044467	-1.56194532993586	-2.47193568564819	-1.01381671290275	2.16598749645444	1.48598758639902
0.73743371017713	-0.749865460964215	-1.56640441272014	-2.47326406726561	-1.01660983010993	2.16919485424054	1.48752224720332
0.739868210834849	-0.749721330754517	-1.57082231499259	-2.47458069765816	-1.01937648335682	2.17237350669078	1.4890457758628
0.742280271726165	-0.749579213928663	-1.57519885802597	-2.47588550882112	-1.02211657980397	2.17552329909947	1.49055802398829
0.744669788000399	-0.749439096985684	-1.57953386989704	-2.47717843493605	-1.02483003066758	2.17864408193713	1.49205884646984
0.747036658666151	-0.749300966410355	-1.58382718548655	-2.4784594123707	-1.02751675121957	2.18173571085051	1.49354810147673
0.749380786591301	-0.749164808673191	-1.58807864647924	-2.47972837967909	-1.03017666078754	2.18479804666256	1.49502565045748
0.751702078503002	-0.749030610230448	-1.59228810136386	-2.48098527760147	-1.03280968275476	2.18783095537246	1.49649135813982
0.754000444987688	-0.748898357524126	-1.59645540543315	-2.4822300490643	-1.0354157445602	2.19083430815558	1.49794509253074
0.756275800491071	-0.748768036981967	-1.60058042078385	-2.48346263918029	-1.03799477769851	2.19380798136353	1.49938672491643
0.758528063318137	-0.748639635017451	-1.6046630163167	-2.4846829952484	-1.04054671772003	2.19675185652411	1.50081612986231
0.760757155633155	-0.748513138029804	-1.60870306773643	-2.48589106675381	-1.04307150423078	2.19966582034136	1.50223318521306
0.762963003459666	-0.748388532403992	-1.61270045755177	-2.48708680536792	-1.04556908089248	2.2025497646955	1.50363777209256
0.765145536680494	-0.748265804510722	-1.61665507507545	-2.4882701649484	-1.0480393954225	2.205403586643	1.50502977490393
0.767304689037736	-0.748144940706445	-1.6205668164242	-2.48944110153913	-1.05048239959395	2.20822718841653	1.50640908132952
0.76944039813277	-0.748025927333352	-1.62443558451873	-2.49059957337022	-1.05289804923558	2.21102047742497	1.50777558233091
0.77155260542625	-0.747908750719377	-1.62826128908376	-2.49174554085804	-1.05528630423184	2.2137833662534	1.5091291721489
0.77364125623811	-0.747793397178194	-1.63204384664803	-2.49287896660516	-1.05764712852287	2.21651577266316	1.51046974830353
0.775706299747557	-0.74767985300922	-1.63578318054423	-2.49399981540043	-1.05998049010451	2.21921761959175	1.51179721159406
0.777747688993081	-0.747568104497615	-1.63947922090907	-2.49510805421889	-1.06228636102825	2.22188883515292	1.513111466099
0.779765380872446	-0.747458137914278	-1.64313190468328	-2.49620365222185	-1.0645647174013	2.22452935263662	1.51441241917607
0.781759336142694	-0.747349939515852	-1.64674117561155	-2.49728658075682	-1.06681553938653	2.22713911050902	1.51569998146222
0.783729519420148	-0.747243495544721	-1.65030698424259	-2.49835681335758	-1.06903881120251	2.2297180524125	1.51697406687364
0.785675899180405	-0.747138792229011	-1.65382928792909	-2.49941432574413	-1.0712345211235	2.23226612716565	1.51823459260574
0.78759844775834	-0.74703581578259	-1.65730805082776	-2.50045909582269	-1.07340266147944	2.2347832887633	1.51948147913316
0.789497141348108	-0.746934552405067	-1.66074324389929	-2.50149110368574	-1.07554322865594	2.23726949637644	1.52071465020978
0.79137196000314	-0.746834988281794	-1.66413484490837	-2.50251033161197	-1.07765622309433	2.23972471435234	1.52193403286869
0.793222887636145	-0.746737109583863	-1.66748283842369	-2.50351676406633	-1.07974164929159	2.24214891221443	1.52313955742224
0.795049912019109	-0.746640902468109	-1.67078721581794	-2.5045103877	-1.08179951580042	2.24454206466239	1.52433115746198
0.796853024783297	-0.746546353077109	-1.6740479752678	-2.50549119135037	-1.08382983522917	2.2469041515721	1.52550876985869
0.79863222141925	-0.746453447539182	-1.67726512175395	-2.50645916604108	-1.0858326242419	2.24923515799564	1.52667233476241
0.80038750127679	-0.746362171968387	-1.68043866706107	-2.50741430498203	-1.08780790355835	2.25153507416133	1.52782179560238
0.802118867565011	-0.746272512464527	-1.68356862977784	-2.50835660356932	-1.08975569795396	2.25380389547369	1.52895709908708
0.803826327352291	-0.746184455113146	-1.68665503529692	-2.50928605938529	-1.09167603625982	2.25604162251346	1.53007819520422
0.805509891566281	-0.746097985985529	-1.68969791581499	-2.51020267219853	-1.09356895136274	2.25824826103758	1.53118503722073
0.807169574993912	-0.746013091138703	-1.69269731033272	-2.51110644396386	-1.09543448020519	2.26042382197923	1.53227758168278
0.808805396281392	-0.745929756615439	-1.69565326465477	-2.51199737882232	-1.09727266378536	2.26256832144778	1.53335578841577
0.810417377934207	-0.745847968444246	-1.69856583138979	-2.5128754831012	-1.09908354715709	2.26468178072882	1.53441962052433
0.81200554631712	-0.745767712639378	-1.70143506995046	-2.51374076531403	-1.10086717942992	2.26676422628416	1.5354690443923
0.813569931654172	-0.745688975200829	-1.70426104655342	-2.51459323616055	-1.10262361376909	2.26881568975183	1.53650402968279
0.815110568028682	-0.745611742114336	-1.70704383421932	-2.51543290852677	-1.1043529073955	2.27083620794606	1.53752454933809
0.816627493383246	-0.745535999351376	-1.70978351277283	-2.5162597974849	-1.10605512158575	2.27282582285729	1.53853057957976
0.818120749519739	-0.745461732869171	-1.71248016884258	-2.5170739202934	-1.10773032167213	2.2747845816522	1.53952209990856
0.819590382099312	-0.745388928610681	-1.71513389586123	-2.51787529639697	-1.1093785770426	2.27671253667366	1.54049909310451
0.821036440642394	-0.74531757250461	-1.7177447940654	-2.51866394742655	-1.11099996114082	2.27860974544076	1.54146154522683
0.822458978528694	-0.745247650465404	-1.72031297049575	-2.51943989719929	-1.11259455146614	2.2804762706488	1.54240944561398
0.823858052997196	-0.74517914839325	-1.72283853899691	-2.52020317171859	-1.11416242957357	2.28231218016932	1.54334278688366
0.825233725146161	-0.745112052174076	-1.72532162021751	-2.52095379917409	-1.11570368107384	2.28411754705003	1.54426156493278
0.826586059933131	-0.745046347679553	-1.72776234161019	-2.52169180994166	-1.11721839563334	2.2858924495149	1.5451657789375
0.827915126174924	-0.744982020767095	-1.73016083743156	-2.5224172365834	-1.11870666697416	2.28763697096409	1.5460554313532
0.829220996547633	-0.744919057279854	-1.73251724874227	-2.52313011384765	-1.12016859287407	2.28935119997396	1.54693052791449
0.830503747586634	-0.744857443046729	-1.73483172340692	-2.52383047866898	-1.12160427516652	2.29103523029711	1.54779107763519
0.831763459686577	-0.744797163882355	-1.73710441609415	-2.52451837016821	-1.12301381974066	2.29268916086235	1.54863709280839
0.833000217101391	-0.744738205587113	-1.73933548827656	-2.52519382965237	-1.12439733654131	2.29431309577469	1.54946858900638
0.83421410794428	-0.744680553947125	-1.74152510823077	-2.52585690061474	-1.12575493956899	2.29590714431538	1.55028558508069
0.835405224187731	-0.744624194734254	-1.74367345103739	-2.52650762873484	-1.1270867468799	2.29747142094184	1.55108810316207
0.836573661663503	-0.744569113706105	-1.74578069858104	-2.52714606187841	-1.12839288058592	2.29900604528776	1.55187616866051
0.837719520062638	-0.744515296606024	-1.74784703955031	-2.52777225009743	-1.12967346685463	2.300511142163	1.55264981026523
0.83884290293545	-0.744462729163101	-1.74987266943782	-2.52838624563013	-1.13092863590928	2.30198684155365	1.55340905994466
0.839943917691535	-0.744411397092166	-1.75185779054015	-2.52898810290095	-1.13215852202882	2.30343327862201	1.55415395294649
0.841022675599766	-0.744361286093792	-1.75380261195792	-2.52957787852059	-1.13336326354788	2.30485059370661	1.55488452779761
0.842079291788291	-0.744312381854291	-1.75570734959571	-2.53015563128596	-1.13454300285676	2.30623893232218	1.55560082630417
0.84311388524454	-0.744264670045721	-1.75757222616211	-2.53072142218021	-1.13569788640148	2.30759844515966	1.55630289355152
0.844126578815217	-0.744218136325879	-1.75939747116972	-2.53127531437275	-1.13682806468371	2.30892928808621	1.55699077790425
0.845117499206305	-0.744172766338304	-1.76118332093513	-2.53181737321919	-1.13793369226083	2.3102316221452	1.55766453100619
0.846086776983065	-0.744128545712277	-1.7629300185789	-2.5323476662614	-1.1390149277459	2.31150561355623	1.55832420778039
0.847034546570035	-0.744085460062823	-1.76463781402564	-2.53286626322748	-1.14007193380767	2.3127514337151	1.55896986642913
0.847960946251031	-0.744043494990704	-1.76630696400391	-2.53337323603175	-1.14110487717055	2.31396925919383	1.55960156843392
0.848866118169147	-0.744002636082429	-1.76793773204629	-2.53386865877477	-1.14211392861467	2.31515927174064	1.56021937855549
0.849750208326755	-0.743962868910245	-1.76953038848935	-2.53435260774336	-1.14309926297583	2.31632165827998	1.56082336483382
0.850613366585503	-0.743924179032142	-1.77108521047367	-2.53482516141054	-1.14406105914551	2.31745661091251	1.56141359858811
0.851455746666318	-0.743886551991854	-1.77260248194381	-2.53528640043558	-1.1449995000709	2.3185643269151	1.56199015441678
0.852277506149404	-0.743849973318853	-1.77408249364833	-2.53573640766399	-1.14591477275484	2.31964500874084	1.5625531101975
0.853078806474245	-0.743814428528355	-1.7755255431398	-2.53617526812751	-1.14680706825588	2.32069886401903	1.56310254708714
0.853859812939598	-0.743779903121317	-1.77693193477477	-2.53660306904411	-1.14767658168826	2.32172610555519	1.56363854952182
0.854620694703503	-0.743746382584439	-1.77830197971381	-2.537019899818	-1.14852351222189	2.32272695133105	1.56416120521689
0.855361624783273	-0.743713852390162	-1.77963599592146	-2.53742585203962	-1.14934806308237	2.32370162450455	1.56467060516693
0.856082780055502	-0.743682297996668	-1.78093430816628	-2.53782101948566	-1.15015044155099	2.32465035340984	1.56516684364574
0.856784341256061	-0.743651704847882	-1.7821972480208	-2.53820549811902	-1.15093085896472	2.32557337155731	1.56565001820635
0.857466492980096	-0.743622058373471	-1.78342515386159	-2.53857938608886	-1.15168953071623	2.32647091763353	1.56612022968103
0.858129423682035	-0.743593343988842	-1.78461837086918	-2.53894278373055	-1.15242667625386	2.32734323550131	1.56657758218126
0.858773325675581	-0.743565547095145	-1.7857772510281	-2.53929579356572	-1.15314251908164	2.32819057419966	1.56702218309778
0.859398395133714	-0.743538653079273	-1.78690215312691	-2.53963852030222	-1.15383728675929	2.32901318794381	1.56745414310054
0.860004832088694	-0.743512647313858	-1.78799344275812	-2.53997107083413	-1.1545112109022	2.3298113361252	1.56787357613871
0.860592840432057	-0.743487515157276	-1.78905149231827	-2.54029355424178	-1.15516452718148	2.3305852833115	1.5682805994407
0.861162627914618	-0.743463241953645	-1.7900766810079	-2.54060608179172	-1.15579747532389	2.33133529924656	1.56867533351417
0.861714406146468	-0.743439813032822	-1.79106939483152	-2.54090876693675	-1.1564102991119	2.33206165885048	1.56905790214597
0.862248390596977	-0.74341721371041	-1.79203002659765	-2.54120172531589	-1.15700324638365	2.33276464221955	1.56942843240221
0.862764800594792	-0.743395429287749	-1.79295897591883	-2.54148507475441	-1.15757656903298	2.33344453462629	1.56978705462821
0.863263859327838	-0.743374445051926	-1.79385664921156	-2.5417589352638	-1.1581305230094	2.33410162651943	1.57013390244853
0.863745793843318	-0.743354246275765	-1.79472345969636	-2.54202342904178	-1.15866536831811	2.3347362135239	1.57046911276697
0.864210835047712	-0.743334818217834	-1.79555982739774	-2.54227868047234	-1.15918136902001	2.33534859644086	1.57079282576653
0.864659217706777	-0.743316146122444	-1.79636617914421	-2.54252481612567	-1.15967879323167	2.33593908124769	1.57110518490947
0.86509118044555	-0.743298215219646	-1.79714294856828	-2.54276196475819	-1.16015791312535	2.33650797909796	1.57140633693726
0.865506965748344	-0.743281010725232	-1.79789057610645	-2.5429902573126	-1.16061900492901	2.33705560632147	1.57169643187061
0.865906819958749	-0.743264517840739	-1.79860950899921	-2.54320982691778	-1.16106234892626	2.33758228442425	1.57197562300944
0.866290993279635	-0.743248721753443	-1.79930020129108	-2.54342080888888	-1.16148822945644	2.3380883400885	1.57224406693293
0.866659739773147	-0.743233607636362	-1.79996311383054	-2.54362334072727	-1.16189693491455	2.33857410517267	1.57250192349947
0.86701331736071	-0.743219160648258	-1.80059871427009	-2.54381756212057	-1.16228875775127	2.33903991671142	1.57274935584669
0.867351987823025	-0.743205365933631	-1.80120747706621	-2.54400361494261	-1.16266399447299	2.33948611691562	1.57298653039142
0.867676016800072	-0.743192208622727	-1.80178988347939	-2.54418164325349	-1.16302294564176	2.33991305317235	1.57321361682977
0.867985673791108	-0.743179673831531	-1.80234642157412	-2.5443517932995	-1.16336591587534	2.3403210780449	1.57343078813704
0.868281232154667	-0.743167746661771	-1.80287758621887	-2.5445142135132	-1.16369321384715	2.34071054927278	1.57363822056776
0.868562969108563	-0.743156412200916	-1.80338387908613	-2.54466905451338	-1.16400515228633	2.34108182977173	1.57383609365572
0.868831165729884	-0.743145655522178	-1.80386580865237	-2.54481646910505	-1.16430204797766	2.34143528763367	1.57402459021391
0.869086106954998	-0.743135461684509	-1.80432389019807	-2.54495661227946	-1.16458422176165	2.34177129612677	1.57420389633456
0.869328081579552	-0.743125815732604	-1.80475864580769	-2.54508964121411	-1.16485199853447	2.34209023369539	1.57437420138913
0.869557382258468	-0.7431167026969	-1.8051706043697	-2.54521571527271	-1.16510570724799	2.34239248396012	1.57453569802831
0.869774305505946	-0.743108107593575	-1.80556030157657	-2.54533499600523	-1.16534568090975	2.34267843571774	1.57468858218202
0.869979151695466	-0.74310001542455	-1.80592827992475	-2.54544764714785	-1.16557225658298	2.34294848294126	1.5748330530594
0.870172225059784	-0.743092411177485	-1.80627508871471	-2.54555383462301	-1.16578577538662	2.34320302477992	1.57496931314883
0.870353833690933	-0.743085279825787	-1.80660128405091	-2.54565372653936	-1.16598658249526	2.34344246555915	1.57509756821792
0.870524289540224	-0.743078606328598	-1.80690742884179	-2.54574749319181	-1.1661750271392	2.3436672147806	1.57521802731351
0.870683908418248	-0.743072375630808	-1.8071940927998	-2.54583530706148	-1.16635146260441	2.34387768712214	1.57533090276165
0.870833009994869	-0.743066572663045	-1.8074618524414	-2.54591734281573	-1.16651624623257	2.34407430243785	1.57543641016764
0.870971917799235	-0.74306118234168	-1.80771129108704	-2.54599377730819	-1.16666973942101	2.34425748575802	1.57553476841602
0.871100959219766	-0.743056189568825	-1.80794299886114	-2.54606478957867	-1.16681230762277	2.34442766728916	1.57562619967052
0.871220465504161	-0.743051579232337	-1.80815757269216	-2.54613056085324	-1.16694432034659	2.34458528241399	1.57571092937414
0.8713307717594	-0.74304733620581	-1.80835561631252	-2.54619127454423	-1.16706615115685	2.34473077169146	1.57578918624909
0.871432216951737	-0.743043445348583	-1.80853774025867	-2.54624711625016	-1.16717817767366	2.3448645808567	1.5758612022968
0.871525143906704	-0.743039891505736	-1.80870456187103	-2.54629827375581	-1.1672807815728	2.3449871608211	1.57592721279796
0.871609899309113	-0.74303665950809	-1.80885670529403	-2.54634493703219	-1.16737434858572	2.34509896767222	1.57598745631246
0.871686833703051	-0.743033734172209	-1.8089948014761	-2.54638729823654	-1.16745926849958	2.34520046267386	1.57604217467943
0.871756301491886	-0.743031100300398	-1.80911948816967	-2.54642555171236	-1.16753593515722	2.34529211226603	1.57609161301723
0.871818660938259	-0.743028742680705	-1.80923140993114	-2.54645989398934	-1.16760474645716	2.34537438806494	1.57613601972345
0.871874274164092	-0.743026646086918	-1.80933121812094	-2.54649052378344	-1.1676661043536	2.34544776686304	1.57617564647492
0.871923507150586	-0.743024795278568	-1.80941957090349	-2.54651764199685	-1.16772041485645	2.34551273062897	1.57621074822767
0.871966729738215	-0.743023175000928	-1.80949713324719	-2.54654145171798	-1.16776808803127	2.3455697665076	1.57624158321699
0.872004315626734	-0.743021769985011	-1.80956457692446	-2.54656215822149	-1.16780953799934	2.34561936682001	1.57626841295739
0.872036642375176	-0.743020564947574	-1.80962258051169	-2.54657996896826	-1.1678451829376	2.34566202906349	1.57629150224259
0.872064091401849	-0.743019544591115	-1.8096718293893	-2.54659509360542	-1.1678754450787	2.34569825591154	1.57631111914557
0.872087047984342	-0.743018693603872	-1.80971301574169	-2.54660774396633	-1.16790075071096	2.34572855521388	1.57632753501853
0.872105901259519	-0.743017996659829	-1.80974683855724	-2.54661813407059	-1.16792153017838	2.34575343999646	1.57634102449288
0.872121044223523	-0.743017438418707	-1.80977400362837	-2.54662648012401	-1.16793821788066	2.34577342846141	1.57635186547928
0.872132873731774	-0.743017003525973	-1.80979522355145	-2.54663300051866	-1.16795125227318	2.3457890439871	1.57636033916762
0.87214179049897	-0.743016676612832	-1.80981121772689	-2.54663791583284	-1.167961075867	2.34580081512811	1.57636673002701
0.872148199099088	-0.743016442296233	-1.80982271235906	-2.54664144883108	-1.16796813522889	2.34580927561523	1.5763713258058
0.87215250796538	-0.743016285178868	-1.80983044045635	-2.54664382446415	-1.16797288098127	2.34581496435546	1.57637441753154
0.872155129390377	-0.743016189849167	-1.80983514183115	-2.54664526986904	-1.16797576780227	2.34581842543203	1.57637629951106
0.872156479525888	-0.743016140881306	-1.80983756309982	-2.54664601436901	-1.16797725442571	2.34582020810436	1.57637726933037
0.872156978383001	-0.743016122835199	-1.80983845768275	-2.54664628947352	-1.16797780364107	2.34582086680811	1.57637762785474
0.872157049832078	-0.743016120256505	-1.80983858580431	-2.54664632887827	-1.16797788229353	2.34582096115513	1.57637767922866
