0.184432688800618	0.153150361395395	0.558620017888825	-2.64431020692214	-0.222317604501017	2.7660790072832	0.575596906466635
0.184432703676515	0.153150321961523	0.558620009481965	-2.64431018574192	-0.222317568973802	2.76607895112966	0.575596887253502
0.18443280754762	0.153150046463225	0.558619950721741	-2.64431003777377	-0.222317320874357	2.76607855881745	0.575596752943111
0.184433088693669	0.153149300317786	0.558619791496221	-2.64430963703651	-0.222316649255873	2.76607749628486	0.575596388937433
0.184433634613877	0.153147850558906	0.558619481956863	-2.64430885842905	-0.222315344944725	2.76607543175782	0.575595681183058
0.184434532026945	0.153145465836697	0.558618972518506	-2.6443075777304	-0.222313200540473	2.76607203574985	0.575594516171193
0.184435866871057	0.153141916417684	0.558618213859372	-2.64430567159969	-0.222310010415865	2.7660669810621	0.575592780937657
0.184437724303878	0.153136974184807	0.558617156921071	-2.64430301757611	-0.22230557071683	2.76605994278334	0.57559036306289
0.184440188702557	0.153130412637417	0.558615752908596	-2.64429949407897	-0.222299679362487	2.76605059828993	0.575587150671946
0.184443343663726	0.15312200689128	0.558613953290322	-2.64429498040767	-0.222292136045135	2.76603862724588	0.575583032434494
0.184447272003498	0.153111533678574	0.558611709798013	-2.6442893567417	-0.222282742230263	2.76602371160277	0.575577897564823
0.184452055757471	0.153098771347892	0.558608974426813	-2.64428250414067	-0.222271301156544	2.76600553559984	0.575571635821836
0.184457776180725	0.153083499864238	0.558605699435252	-2.64427430454425	-0.222257617835833	2.76598378576391	0.575564137509051
0.184464513747823	0.153065500809032	0.558601837345246	-2.64426464077223	-0.222241499053175	2.76595815090943	0.575555293474605
0.184472348152812	0.153044557380104	0.558597340942093	-2.64425339652451	-0.222222753366797	2.76592832213847	0.575544995111249
0.184481358309219	0.153020454391701	0.558592163274477	-2.64424045638105	-0.222201191108113	2.76589399284071	0.575533134356353
0.184491622350056	0.152992978274479	0.558586257654465	-2.64422570580193	-0.222176624381722	2.76585485869343	0.575519603691901
0.184503217627818	0.152961917075511	0.558579577657509	-2.64420903112732	-0.222148867065407	2.76581061766153	0.575504296144494
0.184516220714482	0.152927060458281	0.558572077122446	-2.6441903195775	-0.222117734810138	2.76576096999755	0.575487105285348
0.184530707401507	0.152888199702687	0.558563710151497	-2.64416945925283	-0.222083045040069	2.76570561824162	0.575467925230299
0.184546752699838	0.152845127705041	0.558554431110267	-2.64414633913377	-0.22204461695254	2.76564426722148	0.575446650639795
0.184564430839899	0.152797638978068	0.558544194627746	-2.64412084908088	-0.222002271518075	2.76557662405251	0.575423176718903
0.1845838152716	0.152745529650904	0.558532955596307	-2.64409287983481	-0.221955831480386	2.76550239813767	0.575397399217304
0.184604978664332	0.152688597469101	0.558520669171709	-2.64406232301632	-0.221905121356368	2.76542130116756	0.575369214429299
0.184627992906969	0.152626641794624	0.558507290773095	-2.64402907112625	-0.2218499674361	2.76533304712039	0.575338519193802
0.184652929107869	0.15255946360585	0.558492776082992	-2.64399301754556	-0.221790197782851	2.76523735226198	0.575305210894344
0.184679857594871	0.15248686549757	0.558477081047311	-2.64395405653527	-0.22172564223307	2.76513393514578	0.575269187459074
0.1847088479153	0.152408651680989	0.558460161875349	-2.64391208323653	-0.221656132396394	2.76502251661282	0.575230347360754
0.184739968835959	0.152324627983722	0.558441975039786	-2.64386699367056	-0.221581501655646	2.76490281979178	0.575188589616766
0.184773288343139	0.152234601849802	0.558422477276686	-2.64381868473872	-0.221501585166832	2.76477457009893	0.575143813789105
0.18480887364261	0.152138382339673	0.558401625585499	-2.64376705422241	-0.221416219859144	2.76463749523817	0.575095919984385
0.184846791159628	0.15203578013019	0.558379377229058	-2.64371200078316	-0.221325244434962	2.76449132520102	0.575044808853835
0.184887106538928	0.151926607514626	0.55835568973358	-2.6436534239626	-0.221228499369846	2.76433579226659	0.5749903815933
0.184929884644732	0.151810678402663	0.558330520888669	-2.64359122418244	-0.221125826912546	2.76417063100162	0.574932539943242
0.184975189560743	0.151687808320398	0.55830382874731	-2.64352530274449	-0.221017071084995	2.76399557826046	0.574871186188739
0.185023084590145	0.151557814410343	0.558275571625875	-2.64345556183067	-0.220902077682312	2.76381037318508	0.574806223159485
0.185073632255608	0.15142051543142	0.558245708104119	-2.64338190450298	-0.2207806942728	2.76361475720508	0.574737554229791
0.185126894299283	0.151275731758966	0.558214197025182	-2.64330423470352	-0.220652770197949	2.76340847403762	0.574665083318584
0.185182931682805	0.151123285384731	0.558180997495588	-2.64322245725449	-0.220518156572433	2.76319126968755	0.574588714889406
0.185241804587291	0.150962999916879	0.558146068885246	-2.64313647785819	-0.220376706284113	2.76296289244726	0.574508353950419
0.185303572413341	0.150794700579986	0.558109370827447	-2.64304620309702	-0.220228273994033	2.76272309289682	0.574423906054396
0.185368293781037	0.150618214215042	0.558070863218871	-2.64295154043345	-0.220072716136423	2.76247162390386	0.574335277298731
0.185436026529947	0.15043336927945	0.558030506219578	-2.64285239821008	-0.219909890918699	2.76220824062366	0.574242374325432
0.185506827719117	0.150239995847026	0.557988260253014	-2.64274868564959	-0.219739658321463	2.76193270049911	0.574145104321124
0.18558075362708	0.150037925608001	0.55794408600601	-2.64264031285476	-0.219561880098499	2.7616447632607	0.574043375017047
0.185657859751851	0.149826991869016	0.557897944428781	-2.64252719080846	-0.21937641977678	2.76134419092654	0.573937094689059
0.185738200810926	0.149607029553129	0.557849796734926	-2.64240923137366	-0.219183142656461	2.76103074780236	0.573826172157633
0.185821830741285	0.149377875199809	0.557799604401428	-2.64228634729344	-0.218981915810886	2.76070420048151	0.573710516787859
0.185908802699391	0.149139366964937	0.557747329168656	-2.64215845219096	-0.218772608086581	2.76036431784493	0.573590038489444
0.185999169061191	0.148891344620811	0.557692933040361	-2.64202546056947	-0.218555090103258	2.7600108710612	0.57346464771671
0.186092981422112	0.14863364955614	0.557636378283681	-2.64188728781234	-0.218329234253816	2.7596436335865	0.573334255468595
0.186190290597067	0.148366124776045	0.557577627429137	-2.64174385018303	-0.218094914704336	2.75926238116464	0.573198773288655
0.186291146620449	0.148088614902064	0.557516643270634	-2.64159506482507	-0.217852007394088	2.75886689182702	0.573058113265062
0.186395598746136	0.147800966172144	0.557453388865462	-2.64144084976213	-0.217600390035525	2.75845694589268	0.572912188030602
0.186503695447488	0.147503026440648	0.557387827534295	-2.64128112389794	-0.217339942114286	2.75803232596826	0.57276091076268
0.186615484417347	0.147194645178351	0.557319922861192	-2.64111580701634	-0.217070544889194	2.75759281694801	0.572604195183316
0.18673101256804	0.146875673472443	0.557249638693596	-2.64094481978128	-0.21679208139226	2.75713820601381	0.572441955559146
0.186850326031375	0.146545964026526	0.557176939142335	-2.64076808373678	-0.216504436428677	2.75666828263515	0.572274106701424
0.186973470158644	0.146205371160614	0.55710178858162	-2.64058552130698	-0.216207496576825	2.75618283856912	0.572100563966018
0.187100489520621	0.145853750811137	0.557024151649047	-2.6403970557961	-0.21590115018827	2.75568166786045	0.571921243253415
0.187231427907563	0.145490960530936	0.556943993245598	-2.64020261138847	-0.215585287387761	2.75516456684145	0.571736061008715
0.18736632832921	0.145116859489266	0.556861278535636	-2.6400021131485	-0.215259800073235	2.75463133413209	0.571544934221637
0.187505233014785	0.144731308471796	0.556775972946912	-2.63979548702072	-0.214924581915813	2.75408177063991	0.571347780426515
0.187648183412994	0.144334169880608	0.556688042170558	-2.63958265982973	-0.214579528359799	2.75351567956008	0.571144517702299
0.187795220192025	0.143925307734196	0.556597452161094	-2.63936355928024	-0.214224536622687	2.75293286637541	0.570935064672558
0.18794638323955	0.143504587667469	0.556504169136421	-2.63913811395707	-0.213859505695152	2.75233313885628	0.570719340505473
0.188101711662724	0.143071876931747	0.556408159577827	-2.63890625332511	-0.213484336341057	2.75171630706073	0.570497264913844
0.188261243788183	0.142627044394767	0.556309390229982	-2.63866790772936	-0.213098931097448	2.75108218333437	0.570268758155088
0.188425017162047	0.142169960540675	0.556207828100942	-2.63842300839492	-0.212703194274559	2.75043058231046	0.570033741031236
0.18859306854992	0.141700497470033	0.556103440462148	-2.63817148742697	-0.212297031955807	2.74976132090985	0.569792134888936
0.188765433936887	0.141218528899816	0.555996194848424	-2.63791327781082	-0.211880351997794	2.74907421834102	0.569543861619455
0.188942148527516	0.14072393016341	0.555886059057978	-2.63764831341184	-0.21145306403031	2.74836909610007	0.569288843658671
0.189123246745859	0.140216578210619	0.555773001152404	-2.63737652897551	-0.211015079456328	2.74764577797069	0.569027003987083
0.189308762235451	0.139696351607654	0.555656989456679	-2.63709786012742	-0.210566311452006	2.74690409002421	0.568758266129805
0.189498727859309	0.139163130537145	0.555537992559165	-2.63681224337324	-0.210106674966689	2.74614386061955	0.568482554156565
0.189693175699932	0.138616796798132	0.555415979311608	-2.63651961609873	-0.209636086722906	2.74536492040327	0.568199792681711
0.189892137059304	0.138057233806069	0.55529091882914	-2.63621991656978	-0.209154465216371	2.74456710230953	0.567909906864205
0.19009564245889	0.137484326592823	0.555162780490275	-2.63591308393233	-0.208661730715985	2.7437502415601	0.567612822407626
0.190303721639639	0.136897961806675	0.555031533936913	-2.63559905821246	-0.208157805263833	2.74291417566438	0.567308465560168
0.190516403561982	0.13629802771232	0.554897149074337	-2.63527778031632	-0.207642612675185	2.74205874441937	0.566996763114643
0.190733716405834	0.135684414190863	0.554759596071215	-2.63494919203016	-0.207116078538496	2.74118378990969	0.566677642408479
0.190955687570591	0.135057012739826	0.554618845359601	-2.63461323602033	-0.206578130215408	2.74028915650758	0.56635103132372
0.191182343675134	0.134415716473142	0.554474867634932	-2.63426985583329	-0.206028696840747	2.73937469087289	0.566016858287025
0.191413710557826	0.133760420121158	0.554327633856028	-2.63391899589557	-0.205467709322524	2.73844024195307	0.565675052269673
0.191649813276512	0.133091020030634	0.554177115245096	-2.63356060151382	-0.204895100341936	2.73748566098322	0.565325542787554
0.191890676108521	0.132407414164745	0.554023283287725	-2.63319461887477	-0.204310804353365	2.73651080148602	0.564968259901179
0.192136322550664	0.131709502103075	0.553866109732891	-2.63282099504526	-0.203714757584378	2.73551551927177	0.564603134215673
0.192386775319236	0.130997185041627	0.553705566592951	-2.6324396779722	-0.203106898035728	2.73449967243841	0.564230096880778
0.192642056350014	0.130270365792812	0.55354162614365	-2.63205061648265	-0.202487165481353	2.73346312137147	0.563849079590852
0.192902186798258	0.129528948785457	0.553374260924114	-2.6316537602837	-0.201855501468375	2.7324057287441	0.563460014584869
0.19316718703871	0.128772840064803	0.553203443736857	-2.63124905996259	-0.201211849317103	2.73132735951706	0.563062834646419
0.193437076665596	0.128001947292502	0.553029147647774	-2.63083646698662	-0.200556154121031	2.73022788093873	0.56265747310371
0.193711874492626	0.12721617974662	0.552851345986147	-2.63041593370322	-0.199888362746837	2.72910716254512	0.562243863829565
0.19399159855299	0.126415448321637	0.55267001234464	-2.62998741333989	-0.199208423834386	2.72796507615982	0.561821941241424
0.194276266099362	0.125599665528446	0.552485120579303	-2.62955086000423	-0.198516287796727	2.72680149589407	0.561391640301341
0.1945658936039	0.124768745494353	0.55229664480957	-2.62910622868395	-0.197811906820094	2.72561629814669	0.560952896515991
0.194860496758244	0.123922603963078	0.55210455941826	-2.62865347524685	-0.197095234863908	2.72440936160415	0.560505645936659
0.195160090473517	0.123061158294753	0.551908839051575	-2.62819255644082	-0.196366227660773	2.7231805672405	0.560049825159253
0.195464688880323	0.122184327465923	0.551709458619101	-2.62772342989385	-0.195624842716481	2.72192979831744	0.559585371324292
0.195774305328753	0.121292032069549	0.551506393293812	-2.62724605411403	-0.194871039310006	2.72065694038426	0.559112222116913
0.196088952388377	0.120384194315002	0.551299618512063	-2.62676038848955	-0.19410477849351	2.71936188127786	0.558630315766871
0.196408641848249	0.119460738028069	0.551089109973593	-2.62626639328868	-0.19332602309234	2.71804451112278	0.558139591048536
0.196733384716908	0.118521588650947	0.550874843641528	-2.62576402965981	-0.192534737705026	2.71670472233115	0.557639987280893
0.197063191222371	0.117566673242251	0.550656795742376	-2.62525325963141	-0.191730888703285	2.71534240960273	0.557131444327544
0.197398070812143	0.116595920477004	0.550434942766032	-2.62473404611205	-0.190914444232019	2.71395746992488	0.55661390259671
0.19773803215321	0.115609260646645	0.550209261465772	-2.62420635289039	-0.190085374209317	2.71254980257259	0.556087303041224
0.198083083132039	0.114606625659028	0.549979728858259	-2.62367014463521	-0.189243650326449	2.71111930910846	0.555551587158539
0.198433230854582	0.113587949038416	0.54974632222354	-2.62312538689535	-0.188389246047875	2.70966589338269	0.555006696990722
0.198788481646273	0.112553165925489	0.549509019105045	-2.62257204609979	-0.187522136611237	2.70818946153313	0.554452575124456
0.19914884105203	0.111502213077338	0.54926779730959	-2.62201008955756	-0.186642299027363	2.7066899219852	0.553889164691043
0.199514313836253	0.110435028867469	0.549022634907375	-2.62143948545783	-0.185749712080268	2.70516718545196	0.553316409366398
0.199884903982823	0.109351553285799	0.548773510231983	-2.62086020286983	-0.18484435632715	2.70362116493409	0.552734253371055
0.200260614695108	0.108251727938661	0.548520401880384	-2.62027221174292	-0.183926214098393	2.70205177571986	0.552142641470163
0.200641448395955	0.107135496048799	0.548263288712929	-2.61967548290653	-0.182995269497567	2.70045893538518	0.551541518973487
0.201027406727696	0.106002802455371	0.548002149853357	-2.61906998807019	-0.182051508401426	2.69884256379357	0.550930831735409
0.201418490552145	0.10485359361395	0.547736964688788	-2.61845569982354	-0.181094918459911	2.69720258309614	0.550310526154926
0.2018146999506	0.103687817596518	0.54746771286973	-2.61783259163631	-0.180125489096146	2.69553891773164	0.549680549175655
0.202216034223839	0.102505424091475	0.547194374310071	-2.61720063785833	-0.179143211506443	2.69385149442643	0.549040848285824
0.202622491892126	0.101306364403631	0.546916929187088	-2.61655981371951	-0.178148078660296	2.69214024219449	0.548391371518281
0.203034070695208	0.100090591454211	0.546635357941438	-2.61591009532988	-0.177140085300388	2.69040509233739	0.547732067450489
0.203450767592311	0.0988580597808532	0.546349641277167	-2.61525145967955	-0.176119227942583	2.68864597844435	0.547062885204528
0.203872578762148	0.0976087255376078	0.546059760161701	-2.61458388463873	-0.175085504875934	2.68686283639216	0.546383774447094
0.204299499602912	0.0963425464949393	0.545765695825853	-2.61390734895773	-0.174038916162678	2.68505560434527	0.545694685389498
0.204731524732282	0.0950594820397252	0.54546742976382	-2.61322183226696	-0.172979463638237	2.68322422275572	0.544995568787669
0.205168647987416	0.0937594931752562	0.545164943733182	-2.61252731507691	-0.171907150911218	2.68136863436317	0.544286375942152
0.205610862424958	0.0924425425212365	0.544858219754906	-2.61182377877819	-0.170821983363413	2.67948878419489	0.543567058698108
0.206058160321033	0.0911085943137833	0.54454724011334	-2.61111120564149	-0.169723968149801	2.67758461956576	0.542837569445314
0.20651053317125	0.0897576144054272	0.54423198735622	-2.6103895788176	-0.168613114198544	2.6756560900783	0.542097861118164
0.206967971690701	0.0883895702651119	0.543912444294663	-2.60965888233742	-0.167489432210992	2.67370314762262	0.541347887195667
0.207430465813958	0.0870044309781947	0.543588594003174	-2.60891910111191	-0.166352934661677	2.67172574637645	0.54058760170145
0.20789800469508	0.0856021672464459	0.543260419819639	-2.60817022093216	-0.165203635798319	2.66972384280513	0.539816959203755
0.208370576707607	0.084182751388049	0.542927905345329	-2.60741222846936	-0.164041551641823	2.66769739566163	0.539035914815442
0.208848169444561	0.082746157337601	0.542591034444902	-2.60664511127477	-0.162866699986276	2.66564636598652	0.538244424193985
0.209330769718447	0.0812923606461121	0.542249791246397	-2.60586885777977	-0.161679100398955	2.663570717108	0.537442443541475
0.209818363561255	0.0798213384810055	0.54190416014124	-2.60508345729582	-0.160478774220319	2.66147041464186	0.536629929604621
0.210310936224456	0.0783330696261181	0.541554125784239	-2.60428890001448	-0.159265744564014	2.65934542649152	0.535806839674746
0.210808472179003	0.0768275344816997	0.541199673093589	-2.60348517700741	-0.158040036316869	2.65719572284802	0.534973131587791
0.211310955115335	0.0753047150644136	0.540840787250868	-2.60267228022638	-0.156801676138901	2.65502127619	0.534128763724311
0.21181836794337	0.0737645950073362	0.540477453701037	-2.60185020250323	-0.155550692463312	2.65282206128373	0.533273695009481
0.212330692792512	0.0722071595599572	0.540109658152444	-2.60101893754992	-0.154287115496486	2.65059805518309	0.532407884913089
0.212847911011647	0.0706323955881798	0.539737386576821	-2.60017847995848	-0.153010977217997	2.64834923722956	0.53153129344954
0.213370003169142	0.0690402915743201	0.539360625209281	-2.59932882520107	-0.1517223113806	2.64607558905225	0.530643881177857
0.213896949052849	0.0674308376171075	0.538979360548327	-2.59846996962992	-0.150421153510238	2.64377709456788	0.529745609201677
0.214428727670103	0.0658040254316851	0.538593579355841	-2.59760191047736	-0.149107540906038	2.64145373998079	0.528836439169255
0.21496531724772	0.0641598483496087	0.538203268657092	-2.59672464585584	-0.147781512640314	2.63910551378292	0.527916333273462
0.215506695232001	0.0624983013188478	0.537808415740735	-2.59583817475787	-0.146443109558562	2.63673240675384	0.526985254251784
0.216052838288728	0.0608193809037849	0.537409008158805	-2.59494249705608	-0.145092374279466	2.63433441196072	0.526043165386324
0.216603722303166	0.0591230852852158	0.537005033726726	-2.5940376135032	-0.143729351194895	2.63191152475837	0.525090030503803
0.217159322380065	0.0574094142603497	0.536596480523303	-2.59312352573204	-0.142354086469902	2.62946374278918	0.524125813975556
0.217719612843655	0.0556783692428089	0.536183336890727	-2.59220023625552	-0.140966628042726	2.62699106598318	0.523150480717535
0.218284567237651	0.0539299532626291	0.535765591434573	-2.59126774846665	-0.139567025624792	2.624493496558	0.522163996190308
0.21885415832525	0.0521641709662592	0.5353432330238	-2.59032606663853	-0.138155330700709	2.6219710390189	0.521166326399061
0.219428358089131	0.0503810286165613	0.534916250790753	-2.58937519592438	-0.136731596528272	2.61942370015874	0.520157437893594
0.220007137731458	0.0485805340928109	0.534484634131159	-2.58841514235749	-0.13529587813846	2.61685148905801	0.519137297768325
0.220590467673876	0.0467626968906967	0.534048372704131	-2.58744591285126	-0.13384823233544	2.61425441708478	0.518105873662287
0.221178317557513	0.0449275281223206	0.533607456432165	-2.58646751519918	-0.132388717696562	2.61163249789478	0.51706313375913
0.221770656242982	0.043075040516198	0.533161875501144	-2.58547995807484	-0.130917394572361	2.60898574743133	0.516009046787121
0.222367451810375	0.0412052484172571	0.532711620360333	-2.58448325103194	-0.12943432508656	2.60631418392536	0.514943582019141
0.222968671559271	0.0393181677868399	0.532256681722382	-2.58347740450425	-0.127939573136063	2.60361782789543	0.51386670927269
0.223574282008728	0.0374138162027013	0.531797050563326	-2.58246242980566	-0.126433204390964	2.6008967021477	0.512778398909883
0.22418424889729	0.0354922128590096	0.531332718122583	-2.58143833913014	-0.124915286294538	2.59815083177596	0.511678621837451
0.224798537182983	0.0335533785663464	0.530863675902956	-2.58040514555176	-0.123385888063248	2.5953802441616	0.510567349506742
0.225417111043314	0.0315973357517064	0.530389915670634	-2.5793628630247	-0.121845080686741	2.59258496897364	0.50944455391372
0.226039933875275	0.0296241084584978	0.529911429455188	-2.57831150638322	-0.120292936927851	2.58976503816869	0.508310207598965
0.226666968295341	0.0276337223465418	0.529428209549574	-2.57725109134169	-0.118729531322595	2.58692048599099	0.507164283647674
0.227298176139468	0.025626204692073	0.528940248510134	-2.57618163449455	-0.117154940180176	2.58405134897241	0.506006755689659
0.227933518463096	0.0236015843877395	0.528447539156592	-2.57510315331638	-0.115569241582983	2.58115766593241	0.504837597899351
0.228572955541148	0.0215598919426022	0.527950074572059	-2.57401566616182	-0.113972515386589	2.57823947797807	0.503656784995793
0.229216446868029	0.0195011594821357	0.527447848103027	-2.57291919226562	-0.112364843219755	2.57529682850408	0.502464292242649
0.229863951157629	0.0174254207482274	0.526940853359376	-2.57181375174262	-0.110746308484423	2.57232976319277	0.501260095448195
0.230515426343317	0.0153327110991784	0.526429084214368	-2.57069936558777	-0.109116996355724	2.56933833001406	0.500044170965327
0.231170829577949	0.0132230675097029	0.52591253480465	-2.56957605567611	-0.107476993781972	2.56632257922549	0.498816495691556
0.231830117233862	0.0110965285709283	0.525391199530253	-2.56844384476277	-0.105826389484668	2.56328256337221	0.497577047069007
0.232493244902875	0.0089531344903952	0.524865073054594	-2.56730275648299	-0.104165273958497	2.560218337287	0.496325803084424
0.23316016739629	0.00679292709205773	0.524334150304472	-2.56615281535209	-0.102493739471329	2.55712995809023	0.495062742269168
0.233830838744895	0.00461594981628313	0.523798426470073	-2.56499404676549	-0.100811880064221	2.55401748518992	0.493787843699213
0.234505212198956	0.00242224771985179	0.523257897004965	-2.56382647699872	-0.0991197915514136	2.55088098028167	0.492501086995152
0.235183240228226	0.000211867475957667	0.522712557626101	-2.56265013320739	-0.097417571520333	2.5477205073487	0.491202452322193
0.235864874521938	-0.00201514262579233	0.522162404313819	-2.56146504342723	-0.0957053193315913	2.54453613266187	0.489891920390162
0.23655006598881	-0.00425873267937794	0.521607433311842	-2.56027123657403	-0.0939831361189851	2.54132792477963	0.488569472453498
0.237238764757041	-0.00651885116236547	0.521047641127276	-2.55906874244372	-0.092251124789497	2.53809595454806	0.48723509031126
0.237930920174314	-0.0087954449359082	0.520483024530611	-2.55785759171228	-0.0905093900232943	2.53484029510083	0.485888756307121
0.238626480807795	-0.0110884592447459	0.519913580555724	-2.55663781593583	-0.0887580382737299	2.53156102185925	0.48453045332937
0.239325394444132	-0.0133978377172054	0.519339306499873	-2.55540944755055	-0.0869971777673417	2.52825821253223	0.483160164810915
0.240027608089456	-0.0157235223652	0.518760199923704	-2.55417251987275	-0.085226918503853	2.5249319471163	0.481777874729278
0.240733067969381	-0.0180654535842298	0.518176258651243	-2.55292706709881	-0.0834473722561724	2.52158230789562	0.480383567606597
0.241441719529005	-0.0204235701533816	0.517587480769905	-2.55167312430522	-0.0816586525703937	2.51820937944193	0.478977228509627
0.242153507432908	-0.022797809235329	0.516993864630486	-2.55041072744857	-0.0798608747657961	2.51481324861461	0.477558843049741
0.242868375565151	-0.0251881063763323	0.516395408847167	-2.54913991336552	-0.0780541559348438	2.51139400456065	0.476128397382925
0.243586267029281	-0.0275943955062387	0.515792112297516	-2.54786071977286	-0.0762386149431866	2.50795173871465	0.474685878209784
0.244307124148326	-0.030016608938482	0.515183974122481	-2.54657318526747	-0.0744143724296592	2.50448654479883	0.473231272775538
0.245030888464797	-0.0324546773700825	0.514570993726399	-2.5452773493263	-0.0725815508062818	2.50099851882301	0.471764568870024
0.245757500740689	-0.0349085298816477	0.513953170776987	-2.54397325230643	-0.07074027425826	2.49748775908465	0.470285754827694
0.246486900957478	-0.0373780939373715	0.51333050520535	-2.54266093544502	-0.0688906687439842	2.4939543661688	0.468794819527617
0.247219028316124	-0.0398632953850346	0.512702997205975	-2.54134044085932	-0.0670328619950306	2.49039844294814	0.46729175239348
0.24795382123707	-0.0423640584560045	0.512070647236735	-2.5400118115467	-0.0651669835161603	2.48682009458296	0.465776543393584
0.248691217360241	-0.0448803057652354	0.511433456018886	-2.5386750913846	-0.0632931645853198	2.48321942852116	0.464249183040846
0.249431153545047	-0.0474119583112683	0.510791424537069	-2.53733032513057	-0.0614115382536409	2.47959655449826	0.462709662392802
0.250173565870377	-0.0499589354762308	0.51014455403931	-2.53597755842226	-0.0595222393454404	2.4759515845374	0.461157973051602
0.250918389634607	-0.0525211550258375	0.509492846037019	-2.53461683777741	-0.0576254044582209	2.47228463294932	0.459594107164013
0.251665559355593	-0.0550985331093894	0.508836302304989	-2.53324821059386	-0.0557211719626697	2.46859581633238	0.458018057421418
0.252415008770674	-0.0576909842597743	0.508174924881399	-2.53187172514954	-0.0538096820026597	2.46488525357256	0.456429817059817
0.253166670836675	-0.0602984213934669	0.507508716067813	-2.53048743060248	-0.0518910764952491	2.46115306584345	0.454829379859825
0.2539204777299	-0.0629207558105287	0.506837678429177	-2.52909537699082	-0.049965499130681	2.45739937660626	0.453216740146675
0.254676360846137	-0.0655578971946075	0.506161814793823	-2.52769561523277	-0.0480330953723842	2.4536243116098	0.451591892790216
0.255434250800659	-0.0682097536129385	0.505481128253467	-2.52628819712665	-0.0460940124569724	2.44982799889051	0.449954833204911
0.256194077428218	-0.0708762315163431	0.50479562216321	-2.52487317535089	-0.0441483993942449	2.44601056877244	0.448305557349843
0.256955769783052	-0.0735572357392295	0.504105300141537	-2.52345060346399	-0.042196406967186	2.44217215386726	0.446644061728708
0.257719256138881	-0.0762526694995929	0.503410166070316	-2.52202053590457	-0.0402381877319655	2.43831288907424	0.444970343389819
0.258484463988908	-0.078962434399015	0.502710224094802	-2.52058302799133	-0.0382738960179381	2.43443291158026	0.443284399926108
0.259251320045817	-0.0816864304226642	0.502005478623633	-2.51913813592309	-0.0363036879276443	2.43053236085985	0.44158622947512
0.260019750241778	-0.0844245559392958	0.50129593432883	-2.51768591677872	-0.0343277213368095	2.42661137867513	0.439875830719017
0.260789679728441	-0.087176707701252	0.500581596145801	-2.51622642851724	-0.0323461558943442	2.42267010907582	0.438153202884579
0.261561032876941	-0.0899427808444613	0.499862469273336	-2.51475972997774	-0.0303591530223445	2.41870869839928	0.436418345743201
0.262333733277895	-0.0927226688884393	0.499138559173612	-2.51328588087941	-0.0283668759160918	2.41472729527047	0.434671259610893
0.263107703741402	-0.095516263736288	0.498409871572188	-2.51180494182152	-0.0263694895440525	2.41072605060198	0.432911945348284
0.263882866297045	-0.0983234556746965	0.497676412458009	-2.51031697428347	-0.0243671606478785	2.40670511759399	0.431140404360618
0.26465914219389	-0.10114413337394	0.496938188083403	-2.50882204062474	-0.0223600577424068	2.40266465173432	0.429356638597755
0.265436451900485	-0.103978183887882	0.496195204964083	-2.50732020408489	-0.0203483511156597	2.39860481079839	0.427560650554172
0.266214715104861	-0.10682549265397	0.495447469879147	-2.50581152878361	-0.0183322128288449	2.39452575484924	0.425752443268961
0.266993850714532	-0.109685943493242	0.494694989871076	-2.50429607972066	-0.0163118167163552	2.39042764623752	0.423932020325831
0.267773776856496	-0.112559418610319	0.493937772245737	-2.5027739227759	-0.0142873383857686	2.38631064960149	0.422099385853109
0.268554410877231	-0.11544579859341	0.49317582457238	-2.5012451247093	-0.0122589552178486	2.38217493186704	0.420254544523736
0.269335669342701	-0.118344962414312	0.492409154683641	-2.49970975316091	-0.0102268463665439	2.37802066224766	0.41839750155527
0.270117468038352	-0.121256787428408	0.491637770675538	-2.4981678766509	-0.00819119275898841	2.37384801224447	0.416528262709885
0.270899721969111	-0.124181149374667	0.490861680907476	-2.49661956457951	-0.00615217709550117	2.36965715564618	0.414646834294372
0.271682345359389	-0.127117922375646	0.490080894002243	-2.49506488722708	-0.00410998384958686	2.36544826852914	0.412753223160139
0.272465251653082	-0.130066978937487	0.48929541884601	-2.49350391575408	-0.00206479926793507	2.36122152925731	0.410847436703208
0.273248353513565	-0.13302818994992	0.488505264588335	-2.49193672220102	-1.68113704206718e-05	2.35697711848224	0.408929482864218
0.274031562823699	-0.136001424686262	0.48771044064216	-2.49036337948856	0.00203379004989584	2.35271521914312	0.406999370128427
0.274814790685826	-0.138986550803416	0.48691095668381	-2.48878396141743	0.00408681342676911	2.34843601646675	0.405057107525705
0.275597947421771	-0.141983434341872	0.486106822652994	-2.48719854266846	0.00614206542076831	2.34413969796755	0.403102704630542
0.276380942572844	-0.144991939725706	0.485298048752808	-2.48560719880257	0.00819935091927748	2.33982645344753	0.401136171562041
0.277163684899835	-0.148011929762583	0.484484645449731	-2.48401000626079	0.0102584730364951	2.33549647499634	0.399157518983925
0.277946082383018	-0.151043265643751	0.483666623473624	-2.48240704236423	0.0123192331134349	2.33114995699124	0.397166758104531
0.27872804222215	-0.154085806944049	0.482843993817737	-2.48079838531413	0.0143814307179247	2.32678709609708	0.395163900676811
0.279509470836471	-0.1571394116219	0.4820167677387	-2.47918411419178	0.0164448636446076	2.32240809126637	0.393148958998337
0.280290273864704	-0.160203936019314	0.481184956756531	-2.4775643089586	0.0185093279149413	2.31801314373919	0.391121945911294
0.281070356165054	-0.163279234861887	0.48034857265463	-2.47593905045609	0.0205746177771978	2.31360245704326	0.389082874802485
0.281849621815209	-0.166365161258806	0.479507627479781	-2.47430842040586	0.0226405257064646	2.30917623699392	0.387031759603328
0.282627974112341	-0.169461566702839	0.478662133542156	-2.47267250140961	0.0247068424046433	2.30473469169409	0.38496861478986
0.283405315573104	-0.172568301070343	0.477812103415307	-2.47103137694914	0.0267733568004505	2.30027803153434	0.38289345538273
0.284181547933634	-0.175685212621264	0.476957549936172	-2.46938513138632	0.0288398560494175	2.29580646919284	0.380806296947208
0.284956572149552	-0.178812147999132	0.476098486205075	-2.46773384996317	0.0309061255338905	2.29132021963537	0.378707155593176
0.285730288395959	-0.181948952231065	0.475234925585723	-2.46607761880175	0.0329719488630301	2.28681950011534	0.376596047975136
0.286502596067442	-0.185095468727765	0.474366881705206	-2.46441652490425	0.0350371078728117	2.28230453017376	0.374472991292203
0.287273393778069	-0.188251539283526	0.473494368454	-2.46275065615296	0.0371013826260257	2.27777553163926	0.372338003288111
0.28804257936139	-0.191417004076224	0.472617399985967	-2.46108010131024	0.0391645514122771	2.27323272862809	0.370191102251209
0.288810049870441	-0.194591701667324	0.471735990718349	-2.45940495001857	0.0412263907479853	2.2686763475441	0.368032307014463
0.289575701577737	-0.197775469001877	0.470850155331777	-2.45772529280051	0.0432866753763852	2.26410661707876	0.365861636955454
0.290339429975279	-0.200968141408521	0.469959908770264	-2.45604122105874	0.0453451782675256	2.25952376821117	0.36367911199638
0.291101129774549	-0.20416955259948	0.469065266241207	-2.45435282707601	0.0474016706182707	2.25492803420802	0.361484752604056
0.291860694906514	-0.207379534670567	0.468166243215388	-2.45266020401517	0.0494559218522989	2.25031965062363	0.359278579789912
0.292618018521619	-0.210597918101179	0.467262855426974	-2.45096344591919	0.0515076996201037	2.24569885529994	0.357060615109996
0.293372992989799	-0.213824531754302	0.466355118873515	-2.44926264771112	0.0535567697989929	2.24106588836649	0.354830880664971
0.294125509900465	-0.217059202876506	0.465443049815948	-2.4475579051941	0.0556028964930899	2.23642099224043	0.352589399100115
0.294875460062515	-0.22030175709795	0.464526664778591	-2.44584931505137	0.0576458420333318	2.23176441162655	0.350336193605326
0.295622733504329	-0.223552018432379	0.463605980549148	-2.44413697484628	0.0596853669774712	2.22709639351723	0.348071287915115
0.29636721947377	-0.226809809277126	0.462681014178708	-2.44242098302227	0.061721230110075	2.22241718719248	0.34579470630861
0.297108806438183	-0.230074950413108	0.461751782981744	-2.44070143890286	0.0637531884425252	2.21772704421991	0.343506473609557
0.297847382084395	-0.233347261004831	0.460818304536113	-2.43897844269169	0.0657809972130179	2.21302621845476	0.341206615186317
0.298582833318719	-0.236626558600388	0.459880596683057	-2.43725209547248	0.0678044098865648	2.20831496603988	0.338895156951867
0.299315046266949	-0.239912659131456	0.4589386775272	-2.43552249920906	0.0698231781549916	2.20359354540572	0.3365721253638
0.30004390627436	-0.243205376913301	0.457992565436554	-2.43378975674535	0.071837051936939	2.19886221727036	0.334237547424326
0.300769297905714	-0.246504524644775	0.457042279042513	-2.43205397180536	0.0738457793778626	2.19412124463949	0.331891450680272
0.301491104945252	-0.249809913408319	0.456087837239857	-2.4303152489932	0.0758491068500326	2.18937089280643	0.329533863223081
0.3022092103967	-0.253121352669956	0.455129259186748	-2.4285736937931	0.0778467789525339	2.18461142935208	0.32716481368881
0.302923496483266	-0.2564386502793	0.454166564304734	-2.42682941256934	0.0798385385112661	2.17984312414499	0.324784331258136
0.303633844647642	-0.25976161246955	0.453199772278749	-2.42508251256633	0.0818241265789434	2.17506624934129	0.32239244565635
0.304340135552001	-0.263090043857492	0.452228903057108	-2.42333310190858	0.0838032824350954	2.17028107938476	0.319989187153358
0.305042249078001	-0.266423747443498	0.451253976851512	-2.42158128960068	0.0857757435860655	2.16548789100678	0.317574586563687
0.30574006432678	-0.269762524611528	0.450275014137047	-2.41982718552731	0.0877412457650125	2.16068696322632	0.315148675246474
0.306433459618962	-0.273106175129129	0.449292035652183	-2.41807090045327	0.0896995229319099	2.15587857735001	0.312711485105479
0.307122312494652	-0.276454497147432	0.448305062398773	-2.41631254602345	0.0916503072735453	2.15106301697207	0.310263048589072
0.307806499713439	-0.279807287201157	0.447314115642056	-2.41455223476282	0.093593329203522	2.14624056797432	0.307803398690244
0.308485897254393	-0.283164340208611	0.446319216910655	-2.41279008007646	0.0955283173622571	2.14141151852622	0.3053325689466
0.309160380316068	-0.286525449471687	0.445320387996577	-2.41102619624955	0.0974549986169831	2.13657615908483	0.302850593440361
0.309829823316502	-0.289890406675865	0.444317650955215	-2.40926069844736	0.099373098061747	2.13173478239484	0.300357506798366
0.310494099893213	-0.293259001890211	0.443311028105343	-2.40749370271526	0.10128233901741	2.12688768348854	0.29785334419207
0.311153082903205	-0.296631023567379	0.442300542029122	-2.40572532597871	0.10318244303165	2.12203515968583	0.295338141337542
0.311806644422963	-0.300006258543608	0.441286215572098	-2.40395568604326	0.105073129878957	2.11717751059424	0.292811934495471
0.312454655748456	-0.303384492038725	0.440268071843199	-2.40218490159459	0.106954117560637	2.11231503810891	0.290274760471158
0.313096987395133	-0.306765507656144	0.439246134214739	-2.40041309219844	0.108825122304811	2.10744804641258	0.287726656614525
0.31373350909793	-0.310149087382866	0.438220426322416	-2.39864037830066	0.110685858566414	2.10257684197563	0.285167660820106
0.314364089811264	-0.313535011589476	0.437190972065313	-2.3968668812272	0.112536039027197	2.09770173355604	0.282597811527053
0.314988597709033	-0.316923059030149	0.436157795605895	-2.3950927231841	0.114375374595724	2.09282303219939	0.280017147719137
0.31560690018462	-0.320313006842644	0.435120921370014	-2.39331802725751	0.116203574407374	2.08794105123891	0.27742570892474
0.316218863850892	-0.323704630548311	0.434080374046906	-2.39154291741366	0.118020345824344	2.08305610629542	0.274823535216864
0.316824354540195	-0.327097704052081	0.43303617858919	-2.38976751849888	0.11982539443564	2.07816851527735	0.272210667213127
0.317423237304362	-0.330491999642476	0.431988360212871	-2.3879919562396	0.121618424057087	2.07327859838075	0.269587146075761
0.318015376414706	-0.333887287991604	0.430936944397337	-2.38621635724235	0.123399136731325	2.06838667808931	0.266953013511618
0.318600635362024	-0.337283338155158	0.429881956885362	-2.38444084899375	0.125167232727805	2.06349307917429	0.264308311772163
0.319178876856596	-0.340679917572419	0.428823423683102	-2.38266555986052	0.126922410542796	2.0585981286946	0.26165308365348
0.319749962828184	-0.344076792066255	0.4277613710601	-2.38089061908948	0.128664366899381	2.05370215599675	0.258987372496265
0.320313754426034	-0.34747372584312	0.426695825549281	-2.37911615680753	0.130392796747457	2.04880549271486	0.256311222185836
0.320870112018873	-0.350870481493055	0.425626813946957	-2.37734230402169	0.132107393263736	2.04390847277068	0.253624677152123
0.321418895194914	-0.354266819989688	0.424554363312822	-2.37556919261906	0.133807847851746	2.03901143237355	0.250927782369674
0.32195996276185	-0.357662500690233	0.423478500969955	-2.37379695536685	0.135493850141828	2.03411471002046	0.248220583357653
0.322493172746857	-0.361057281335492	0.422399254504821	-2.37202572591235	0.137165087991138	2.02921864649598	0.24550312617984
0.323018382396596	-0.364450918049854	0.421316651767267	-2.37025563878296	0.138821247483649	2.02432358487231	0.242775457444632
0.323535448177209	-0.367843165341291	0.420230720870525	-2.36848682938617	0.140462012930144	2.01942987050927	0.240037624305043
0.324044225774321	-0.371233776101366	0.419141490191213	-2.36671943400956	0.142087066868226	2.01453785105428	0.2372896744587
0.324544570093041	-0.374622501605228	0.418048988369332	-2.36495358982082	0.143696090062309	2.00964787644239	0.23453165614785
0.325036335257959	-0.37800909151161	0.416953244308268	-2.36318943486774	0.145288761503624	2.00476029889624	0.231763618159354
0.325519374613151	-0.381393293862835	0.415854287174789	-2.36142710807818	0.146864758410216	1.99987547292613	0.228985609824691
0.325993540722171	-0.384774855084812	0.414752146399052	-2.35966674926013	0.148423756226943	1.99499375532992	0.226197681019955
0.326458685368061	-0.388153519987035	0.413646851674594	-2.35790849910166	0.14996542862548	1.99011550519312	0.223399882165857
0.326914659553343	-0.391529031762586	0.412538432958339	-2.35615249917092	0.151489447504317	1.98524108388884	0.220592264227723
0.327361313500022	-0.394901131988134	0.411426920470594	-2.3543988919162	0.152995482988757	1.98037085507782	0.217774878715497
0.327798496649586	-0.398269560623935	0.410312344695051	-2.35264782066583	0.154483203430919	1.9755051847084	0.214947777683739
0.328226057663006	-0.40163405601383	0.409194736378787	-2.35089942962829	0.155952275409735	1.97064444101653	0.212111013731624
0.328643844420736	-0.404994354885247	0.408074126532261	-2.34915386389213	0.157402363730954	1.96578899452579	0.209264640002945
0.329051704022714	-0.408350192349203	0.40695054642932	-2.34741126942599	0.158833131427139	1.96093921804737	0.206408710186109
0.329449482788358	-0.411701301900301	0.405824027607193	-2.34567179307863	0.160244239757666	1.95609548668007	0.203543278514143
0.329837026256572	-0.415047415416729	0.404694601866493	-2.34393558257887	0.161635348208729	1.95125817781029	0.200668399764686
0.33021417918574	-0.418388263160262	0.403562301271218	-2.34220278653568	0.163006114493334	1.94642767111209	0.197784129259997
0.330580785553731	-0.421723573776263	0.402427158148752	-2.34047355443807	0.164356194551302	1.94160434854709	0.194890522866948
0.330936688557896	-0.425053074293683	0.401289205089861	-2.33874803665519	0.16568524254927	1.93678859436457	0.191987636997031
0.331281730615069	-0.428376490125056	0.400148474948697	-2.33702638443626	0.166992910880689	1.93198079510139	0.189075528606351
0.331615753361567	-0.431693545066505	0.399005000842795	-2.3353087499106	0.168278850165826	1.92718133958205	0.18615425519563
0.331938597653188	-0.43500396129774	0.397858816153075	-2.33359528608765	0.16954270925176	1.92239061891864	0.183223874810208
0.332250103565217	-0.438307459382057	0.396709954523842	-2.33188614685692	0.170784135212386	1.91760902651088	0.180284446040039
0.332550110392417	-0.441603758266338	0.395558449862785	-2.33018148698801	0.172002773348416	1.91283695804612	0.177336028019696
0.332838456649039	-0.444892575281055	0.394404336340978	-2.32848146213066	0.173198267187373	1.90807481149929	0.174378680428365
0.333114980068811	-0.448173626140262	0.393247648392877	-2.32678622881466	0.174370258483598	1.90332298713296	0.171412463489852
0.333379517604948	-0.451446624941603	0.392088420716324	-2.32509594444991	0.175518387218244	1.8985818874973	0.168437437972576
0.333631905430148	-0.454711284166308	0.390926688272547	-2.32341076732643	0.17664229159928	1.8938519174301	0.165453665189574
0.33387197893659	-0.457967314679194	0.389762486286156	-2.3217308566143	0.17774160806149	1.88913348405677	0.162461206998498
0.334099615391295	-0.461214471866524	0.38859583607673	-2.32005634794795	0.178816044816459	1.88442693756322	0.15946014237126
0.33431486216238	-0.464452694588396	0.387426702465769	-2.31838727988538	0.179865603093587	1.87973239275204	0.156450616921419
0.334517809208277	-0.467681967708068	0.386255036128307	-2.3167236666422	0.180890357524497	1.87504990538935	0.153432792877559
0.334708546487419	-0.470902276088797	0.385080787739376	-2.31506552243397	0.18189038274081	1.87037953124124	0.150406832468264
0.334887163958238	-0.474113604593839	0.383903907974011	-2.31341286147629	0.182865753374148	1.86572132607385	0.147372897922119
0.335053751579166	-0.477315938086453	0.382724347507243	-2.31176569798473	0.183816544056134	1.86107534565327	0.144331151467709
0.335208399308637	-0.480509261429895	0.381542057014107	-2.31012404617489	0.184742829418388	1.85644164574564	0.141281755333619
0.335351197105082	-0.483693559487423	0.380356987169635	-2.30848792026233	0.185644684092533	1.85182028211705	0.138224871748434
0.335482234926933	-0.486868817122293	0.379169088648861	-2.30685733446265	0.186522182710191	1.84721131053363	0.135160662940738
0.335601602732624	-0.490035019197764	0.377978312126817	-2.30523230299143	0.187375399902982	1.84261478676148	0.132089291139115
0.335709390480587	-0.493192150577092	0.376784608278536	-2.30361284006424	0.18820441030253	1.83803076656673	0.129010918572151
0.335805688129254	-0.496340196123535	0.375587927779053	-2.30199895989669	0.189009288540455	1.83345930571548	0.125925707468431
0.335890585637057	-0.499479140700349	0.374388221303399	-2.30039067670433	0.189790109248381	1.82890045997385	0.122833820056539
0.33596417296243	-0.502608969170793	0.373185439526608	-2.29878800470277	0.190546947057927	1.82435428510796	0.119735418565059
0.336026540063804	-0.505729666398123	0.371979533123713	-2.29719095810758	0.191279876600717	1.81982083688391	0.116630665222578
0.336077776899612	-0.508841217245596	0.370770452769748	-2.29559955113435	0.191988972508372	1.81530017106782	0.113519722257678
0.336117973428287	-0.51194360657647	0.369558149139744	-2.29401379799866	0.192674309412514	1.81079234342581	0.110402751898946
0.33614721960826	-0.515036819254003	0.368342572908737	-2.29243371291609	0.193335961944764	1.80629740972398	0.107279916374965
0.336165605397965	-0.51812084014145	0.367123674751757	-2.29085931010222	0.193974004736745	1.80181542572846	0.104151377914321
0.336173220755833	-0.52119565410207	0.365901405343839	-2.28929060377265	0.194588512420078	1.79734644720535	0.101017298745598
0.336170155640298	-0.52426124599912	0.364675715360016	-2.28772760814294	0.195179559626386	1.79289052992078	0.097877841097381
0.336156500009791	-0.527317600695857	0.363446555475321	-2.28617033742869	0.195747220987289	1.78844772964084	0.0947331671982548
0.336132343822745	-0.530364703055538	0.362213876364787	-2.28461880584548	0.19629157113441	1.78401810213167	0.091583439276804
0.336097777037593	-0.533402537941421	0.360977628703447	-2.28307302760888	0.19681268469937	1.77960170315936	0.0884288195616133
0.336052889612767	-0.536431090216762	0.359737763166334	-2.28153301693449	0.197310636313792	1.77519858849005	0.0852694702812676
0.335997771506699	-0.539450344744819	0.358494230428481	-2.27999878803789	0.197785500609296	1.77080881388983	0.0821055536643516
0.335932512677822	-0.542460286388849	0.357246981164922	-2.27847035513465	0.198237352217506	1.76643243512482	0.0789372319394499
0.335857203084569	-0.54546090001211	0.355995966050689	-2.27694773244037	0.198666265770042	1.76206950796114	0.0757646673351473
0.335771932685371	-0.548452170477859	0.354741135760816	-2.27543093417062	0.199072315898527	1.75772008816491	0.0725880220800285
0.335676791438661	-0.551434082649352	0.353482440970335	-2.273919974541	0.199455577234582	1.75338423150222	0.0694074584026783
0.335571869302872	-0.554406621389848	0.352219832354281	-2.27241486776707	0.199816124409829	1.74906199373921	0.0662231385316814
0.335457256236436	-0.557369771562602	0.350953260587685	-2.27091562806443	0.20015403205589	1.74475343064198	0.0630352246956225
0.335333042197786	-0.560323518030874	0.349682676345582	-2.26942226964865	0.200469374804386	1.74045859797664	0.0598438791230864
0.335199317145354	-0.563267845657919	0.348408030303003	-2.26793480673533	0.200762227286941	1.73617755150931	0.0566492640426578
0.335056171037571	-0.566202739306996	0.347129273134983	-2.26645325354004	0.201032664135174	1.73191034700611	0.0534515416829214
0.334903693832872	-0.569128183841361	0.345846355516555	-2.26497762427837	0.201280759980709	1.72765704023315	0.050250874272462
0.334741975489688	-0.572044164124271	0.344559228122751	-2.26350793316589	0.201506589455166	1.72341768695654	0.0470474240398642
0.334571105966452	-0.574950665018984	0.343267841628604	-2.2620441944182	0.201710227190169	1.71919234294239	0.0438413532137129
0.334391175221597	-0.577847671388757	0.341972146709148	-2.26058642225088	0.201891747817337	1.71498106395682	0.0406328240225927
0.334202273213553	-0.580735168096848	0.340672094039417	-2.2591346308795	0.202051225968294	1.71078390576595	0.0374219986950885
0.334004489900755	-0.583613140006513	0.339367634294442	-2.25768883451966	0.202188736274662	1.70660092413588	0.0342090394597848
0.333797915241634	-0.58648157198101	0.338058718149257	-2.25624904738693	0.202304353368061	1.70243217483273	0.0309941085452665
0.333582639194624	-0.589340448883596	0.336745296278895	-2.2548152836969	0.202398151880114	1.69827771362262	0.0277773681801183
0.333358751718156	-0.592189755577528	0.33542731935839	-2.25338755766515	0.202470206442442	1.69413759627166	0.0245589805929249
0.333126342770662	-0.595029476926063	0.334104738062774	-2.25196588350727	0.202520591686668	1.69001187854596	0.021339108012271
0.332885502310576	-0.59785959779246	0.33277750306708	-2.25055027543883	0.202549382244412	1.68590061621163	0.0181179126667414
0.33263632029633	-0.600680103039974	0.331445565046343	-2.24914074767542	0.202556652747298	1.6818038650348	0.0148955567849209
0.332378886686356	-0.603490977531863	0.330108874675594	-2.24773731443263	0.202542477826947	1.67772168078157	0.0116722025953941
0.332113291439086	-0.606292206131385	0.328767382629867	-2.24633998992603	0.20250693211498	1.67365411921806	0.00844801232674576
0.331839624512954	-0.609083773701797	0.327421039584194	-2.24494878837121	0.202450090243019	1.66960123611038	0.00522314820756065
0.331557975866391	-0.611865665106355	0.32606979621361	-2.24356372398375	0.202372026842687	1.66556308722464	0.00199777246642348
0.33126843545783	-0.614637865208318	0.324713603193147	-2.24218481097924	0.202272816545604	1.66153972832697	-0.00122795266808104
0.330971093245704	-0.617400358870942	0.323352411197839	-2.24081206357325	0.202152533983393	1.65753121518346	-0.00445386496736812
0.330666039188444	-0.620153130957485	0.321986170902718	-2.23944549598138	0.202011253787676	1.65353760356025	-0.0076798022028531
0.330353363244484	-0.622896166331203	0.320614832982817	-2.2380851224192	0.201849050590074	1.64955894922343	-0.0109056021459512
0.330033155372255	-0.625629449855355	0.31923834811317	-2.2367309571023	0.20166599902221	1.64559530793913	-0.0141311025680777
0.329705505530191	-0.628352966393197	0.31785666696881	-2.23538301424626	0.201462173715704	1.64164673547346	-0.0173561412406478
0.329370503676723	-0.631066700807987	0.316469740224769	-2.23404130806667	0.201237649302179	1.63771328759254	-0.0205805559350769
0.329028239770285	-0.633770637962981	0.315077518556082	-2.2327058527791	0.200992500413257	1.63379502006246	-0.0238041844227802
0.328678803769308	-0.636464762721438	0.313679952637781	-2.23137666259914	0.200726801680559	1.62989198864936	-0.0270268644751729
0.328322285632225	-0.639149059946614	0.312276993144898	-2.23005375174237	0.200440627735707	1.62600424911934	-0.0302484338636704
0.327958775317468	-0.641823514501766	0.310868590752469	-2.22873713442438	0.200134053210323	1.62213185723853	-0.0334687303596878
0.327588362783471	-0.644488111250152	0.309454696135524	-2.22742682486074	0.199807152736029	1.61827486877302	-0.0366875917346406
0.327211137988664	-0.647142835055029	0.308035259969098	-2.22612283726705	0.199460000944446	1.61443333948893	-0.0399048557599439
0.326827190891481	-0.649787670779655	0.306610232928224	-2.22482518585888	0.199092672467197	1.61060732515239	-0.043120360207013
0.326436611450355	-0.652422603287286	0.305179565687935	-2.22353388485182	0.198705241935903	1.6067968815295	-0.0463339428472632
0.326039489623717	-0.65504761744118	0.303743208923263	-2.22224894846145	0.198297783982186	1.60300206438638	-0.0495454414521097
0.32563591537	-0.657662698104593	0.302301113309243	-2.22097039090336	0.197870373237668	1.59922292948914	-0.0527546937929678
0.325225978647637	-0.660267830140784	0.300853229520906	-2.21969822639312	0.197423084333971	1.59545953260389	-0.0559615376412528
0.32480976941506	-0.66286299841301	0.299399508233287	-2.21843246914632	0.196955991902715	1.59171192949675	-0.05916581076838
0.324387377630701	-0.665448187784527	0.297939900121418	-2.21717313337855	0.196469170575524	1.58798017593384	-0.0623673509457645
0.323958893252993	-0.668023383118593	0.296474355860332	-2.21592023330538	0.195962694984019	1.58426432768126	-0.0655659959448218
0.323524406240369	-0.670588569278465	0.295002826125063	-2.2146737831424	0.195436639759822	1.58056444050513	-0.068761583536967
0.32308400655126	-0.6731437311274	0.293525261590644	-2.21343379710519	0.194891079534555	1.57688057017157	-0.0719539514936154
0.322637784144099	-0.675688853528657	0.292041612932107	-2.21220028940934	0.194326088939839	1.57321277244668	-0.0751429375861823
0.32218582897732	-0.678223921345491	0.290551830824486	-2.21097327427042	0.193741742607296	1.56956110309659	-0.0783283795860829
0.321728231009353	-0.68074891944116	0.289055865942815	-2.20975276590403	0.193138115168548	1.5659256178874	-0.0815101152647326
0.321265080198631	-0.683263832678922	0.287553668962125	-2.20853877852574	0.192515281255217	1.56230637258523	-0.0846879823935465
0.320796466503588	-0.685768645922033	0.286045190557451	-2.20733132635113	0.191873315498924	1.55870342295619	-0.08786181874394
0.320322479882655	-0.688263344033751	0.284530381403824	-2.2061304235958	0.191212292531292	1.5551168247664	-0.0910314620873283
0.319843210294265	-0.690747911877333	0.28300919217628	-2.20493608447532	0.190532286983942	1.55154663378198	-0.0941967501951268
0.319358747696851	-0.693222334316037	0.28148157354985	-2.20374832320528	0.189833373488496	1.54799290576902	-0.0973575208387505
0.318869182048844	-0.695686596213119	0.279947476199567	-2.20256715400125	0.189115626676576	1.54445569649366	-0.100513611789615
0.318374603308677	-0.698140682431837	0.278406850800465	-2.20139259107883	0.188379121179804	1.540935061722	-0.103664860819135
0.317875101434783	-0.700584577835448	0.276859648027578	-2.2002246486536	0.187623931629801	1.53743105722016	-0.106811105698727
0.317370766385594	-0.703018267287209	0.275305818555937	-2.19906334094113	0.186850132658189	1.53394373875424	-0.109952184199805
0.316861688119543	-0.705441735650378	0.273745313060576	-2.19790868215701	0.186057798896591	1.53047316209037	-0.113087934093784
0.316347956595061	-0.707854967788211	0.272178082216528	-2.19676068651683	0.185247004976627	1.52701938299466	-0.116218193152081
0.315829661770582	-0.710257948563967	0.270604076698827	-2.19561936823617	0.18441782552992	1.52358245723322	-0.11934279914611
0.315306893604538	-0.712650662840901	0.269023247182505	-2.1944847415306	0.183570335188091	1.52016244057216	-0.122461589847286
0.314779742055361	-0.715033095482273	0.267435544342596	-2.19335682061572	0.182704608582763	1.51675938877761	-0.125574403027025
0.314248297081484	-0.717405231351337	0.265840918854133	-2.19223561970711	0.181820720345556	1.51337335761567	-0.128681076456742
0.31371264864134	-0.719767055311353	0.264239321392148	-2.19112115302034	0.180918745108094	1.51000440285245	-0.131781447907852
0.313172886693359	-0.722118552225578	0.262630702631675	-2.19001343477101	0.179998757501997	1.50665258025408	-0.134875355151771
0.312629101195976	-0.724459706957267	0.261015013247747	-2.1889124791747	0.179060832158887	1.50331794558666	-0.137962635959914
0.312081382107623	-0.726790504369679	0.259392203915397	-2.18781830044698	0.178105043710387	1.50000055461631	-0.141043128103696
0.311529819386731	-0.729110929326071	0.257762225309659	-2.18673091280344	0.177131466788118	1.49670046310915	-0.144116669354532
0.310974502991734	-0.7314209666897	0.256125028105564	-2.18565033045967	0.176140176023702	1.49341772683128	-0.147183097483838
0.310415522881064	-0.733720601323824	0.254480562978147	-2.18457656763125	0.17513124604876	1.49015240154882	-0.150242250263029
0.309852969013153	-0.736009818091699	0.252828780602441	-2.18350963853376	0.174104751494915	1.48690454302788	-0.15329396546352
0.309286931346434	-0.738288601856583	0.251169631653479	-2.18244955738278	0.173060766993788	1.48367420703459	-0.156338080856727
0.308717499839339	-0.740556937481734	0.249503066806293	-2.1813963383939	0.171999367177001	1.48046144933504	-0.159374434214064
0.308144764450301	-0.742814809830407	0.247829036735917	-2.1803499957827	0.170920626676177	1.47726632569536	-0.162402863306947
0.307568815137752	-0.745062203765861	0.246147492117384	-2.17931054376476	0.169824620122935	1.47408889188166	-0.165423205906791
0.306989741860125	-0.747299104151353	0.244458383625727	-2.17827799655567	0.1687114221489	1.47092920366006	-0.168435299785012
0.306407634575851	-0.74952549585014	0.242761661935979	-2.17725236837101	0.167581107385691	1.46778731679666	-0.171438982713025
0.305822583243364	-0.75174136372548	0.241057277723174	-2.17623367342635	0.166433750464932	1.46466328705758	-0.174434092462245
0.305234677821096	-0.753946692640628	0.239345181662344	-2.1752219259373	0.165269426018244	1.46155717020894	-0.177420466804087
0.304644008267479	-0.756141467458844	0.237625324428523	-2.17421714011942	0.164088208677248	1.45846902201685	-0.180397943509967
0.304050664540946	-0.758325673043384	0.235897656696743	-2.17321933018831	0.162890173073567	1.45539889824741	-0.183366360351299
0.303454736599929	-0.760499294257505	0.234162129142039	-2.17222851035953	0.161675393838822	1.45234685466676	-0.1863255550995
0.302856314402861	-0.762662315964464	0.232418692439442	-2.17124469484869	0.160443945604635	1.449312947041	-0.189275365525984
0.302255487908174	-0.764814723027519	0.230667297263986	-2.17026789787135	0.159195903002628	1.44629723113624	-0.192215629402167
0.3016523470743	-0.766956500309927	0.228907894290704	-2.16929813364311	0.157931340664423	1.4432997627186	-0.195146184499463
0.301046981859673	-0.769087632674945	0.227140434194629	-2.16833541637955	0.156650333221641	1.44032059755419	-0.198066868589289
0.300439482222723	-0.771208104985831	0.225364867650795	-2.16737976029624	0.155352955305905	1.43735979140912	-0.200977519443059
0.299829938121885	-0.773317902105842	0.223581145334234	-2.16643117960878	0.154039281548835	1.43441740004952	-0.203877974832189
0.29921843951559	-0.775417008898234	0.22178921791998	-2.16548968853274	0.152709386582055	1.43149347924149	-0.206768072528094
0.298605076362271	-0.777505410226266	0.219989036083065	-2.16455530128371	0.151363345037185	1.42858808475115	-0.20964765030219
0.29798993862036	-0.779583090953193	0.218180550498524	-2.16362803207727	0.150001231545848	1.42570127234461	-0.21251654592589
0.29737311624829	-0.781650035942275	0.216363711841388	-2.16270789512901	0.148623120739666	1.42283309778798	-0.215374597170612
0.296754699204493	-0.783706230056767	0.214538470786691	-2.1617949046545	0.147229087250259	1.41998361684738	-0.21822164180777
0.296134777447401	-0.785751658159928	0.212704778009466	-2.16088907486934	0.14581920570925	1.41715288528893	-0.221057517608779
0.295513440935448	-0.787786305115014	0.210862584184747	-2.1599904199891	0.144393550748261	1.41434095887873	-0.223882062345055
0.294890779627065	-0.789810155785282	0.209011839987565	-2.15909895422936	0.142952196998914	1.41154789338291	-0.226695113788012
0.294266883480685	-0.791823195033991	0.207152496092956	-2.15821469180572	0.14149521909283	1.40877374456756	-0.229496509709067
0.29364184245474	-0.793825407724396	0.205284503175951	-2.15733764693374	0.140022691661631	1.40601856819882	-0.232286087879634
0.293015746507663	-0.795816778719756	0.203407811911583	-2.15646783382903	0.138534689336939	1.40328242004279	-0.235063686071129
0.292388685597886	-0.797797292883327	0.201522372974886	-2.15560526670715	0.137031286750375	1.40056535586558	-0.237829142054966
0.291760749683842	-0.799766935078367	0.199628137040894	-2.15474995978369	0.135512558533563	1.39786743143331	-0.240582293602562
0.291132028723962	-0.801725690168134	0.197725054784638	-2.15390192727424	0.133978579318122	1.3951887025121	-0.243322978485332
0.290502612676681	-0.803673543015883	0.195813076881152	-2.15306118339438	0.132429423735676	1.39252922486806	-0.24605103447469
0.289872591500429	-0.805610478484873	0.19389215400547	-2.15222774235969	0.130865166417846	1.38988905426729	-0.248766299342052
0.28924205515364	-0.807536481438361	0.191962236832624	-2.15140161838575	0.129285881996253	1.38726824647592	-0.251468610858833
0.288611093594746	-0.809451536739603	0.190023276037647	-2.15058282568815	0.12769164510252	1.38466685726006	-0.254157806796449
0.287979796782179	-0.811355629251858	0.188075222295573	-2.14977137848246	0.126082530368269	1.38208494238583	-0.256833724926315
0.287348254674372	-0.813248743838382	0.186118026281435	-2.14896729098429	0.124458612425121	1.37952255761933	-0.259496203019846
0.286716557229758	-0.815130865362433	0.184151638670265	-2.14817057740919	0.122819965904697	1.37697975872668	-0.262145078848457
0.286084794406767	-0.817001978687268	0.182176010137098	-2.14738125197277	0.12116666543862	1.37445660147399	-0.264780190183564
0.285453056163834	-0.818862068676145	0.180191091356965	-2.1465993288906	0.119498785658512	1.37195314162738	-0.267401374796582
0.284821432459391	-0.820711120192319	0.1781968330049	-2.14582482237826	0.117816401195995	1.36946943495297	-0.270008470458926
0.284190013251869	-0.822549118099049	0.176193185755937	-2.14505774665135	0.116119586682689	1.36700553721686	-0.272601314942011
0.283558888499702	-0.824376047259592	0.174180100285108	-2.14429811592543	0.114408416750218	1.36456150418517	-0.275179746017253
0.282928148161322	-0.826191892537206	0.172157527267447	-2.1435459444161	0.112682966030202	1.36213739162402	-0.277743601456067
0.282297882195161	-0.827996638795147	0.170125417377986	-2.14280124633893	0.110943309154264	1.35973325529951	-0.280292719029868
0.281668180559652	-0.829790270896672	0.168083721291759	-2.14206403590952	0.109189520754025	1.35734915097776	-0.282826936510072
0.281039133213228	-0.831572773705039	0.166032389683798	-2.14133432734344	0.107421675461108	1.35498513442489	-0.285346091668093
0.28041083011432	-0.833344132083505	0.163971373229138	-2.14061213485627	0.105639847907133	1.35264126140701	-0.287850022275348
0.279783361221361	-0.835104330895328	0.16190062260281	-2.13989747266361	0.103844112723723	1.35031758769023	-0.290338566103251
0.279156816492783	-0.836853355003764	0.159820088479849	-2.13919035498103	0.1020345445425	1.34801416904067	-0.292811560923217
0.27853128588702	-0.838591189272071	0.157729721535287	-2.13849079602411	0.100211217995085	1.34573106122444	-0.295268844506662
0.277906859362503	-0.840317818563506	0.155629472444157	-2.13779881000844	0.0983742077131007	1.34346832000765	-0.297710254625002
0.277283626877665	-0.842033227741326	0.153519291881493	-2.1371144111496	0.0965235883281682	1.34122600115642	-0.30013562904965
0.276661678390938	-0.843737401668789	0.151399130522327	-2.13643761366318	0.0946594344719096	1.33900416043687	-0.302544805552024
0.276041103860755	-0.845430325209152	0.149268939041693	-2.13576843176476	0.0927818207759464	1.3368028536151	-0.304937621903537
0.275421993245549	-0.847111983225671	0.147128668114624	-2.13510687966991	0.0908908218719007	1.33462213645723	-0.307313915875605
0.274804436503751	-0.848782360581605	0.144978268416153	-2.13445297159423	0.0889865123913942	1.33246206472937	-0.309673525239644
0.274188523593794	-0.85044144214021	0.142817690621313	-2.1338067217533	0.0870689669660488	1.33032269419764	-0.312016287767069
0.273574344474111	-0.852089212764744	0.140646885405137	-2.1331681443627	0.0851382602274861	1.32820408062815	-0.314342041229294
0.272961989103133	-0.853725657318464	0.138465803442658	-2.132537253638	0.0831944668073281	1.32610627978702	-0.316650623397736
0.272351547439295	-0.855350760664627	0.136274395408909	-2.13191406379481	0.0812376613371967	1.32402934744036	-0.318941872043809
0.271743109441027	-0.856964507666491	0.134072611978924	-2.13129858904869	0.0792679184487133	1.32197333935428	-0.321215624938929
0.271136765066762	-0.858566883187312	0.131860403827736	-2.13069084361524	0.0772853127735	1.3199383112949	-0.323471719854512
0.270532604274933	-0.860157872090348	0.129637721630377	-2.13009084171003	0.0752899189431785	1.31792431902832	-0.325709994561971
0.269930717023973	-0.861737459238857	0.127404516061881	-2.12949859754865	0.0732818115893707	1.31593141832068	-0.327930286832723
0.269331193272313	-0.863305629496094	0.125160737797281	-2.12891412534668	0.0712610653436983	1.31395966493807	-0.330132434438183
0.268734122978386	-0.864862367725319	0.12290633751161	-2.1283374393197	0.0692277548377832	1.31200911464661	-0.332316275149766
0.268139596100625	-0.866407658789787	0.120641265879901	-2.1277685536833	0.0671819547032471	1.31007982321242	-0.334481646738887
0.267547702597462	-0.867941487552757	0.118365473577188	-2.12720748265306	0.0651237395717119	1.30817184640161	-0.336628386976962
0.266958532427329	-0.869463838877484	0.116078911278503	-2.12665424044457	0.0630531840747992	1.30628523998029	-0.338756333635406
0.266372175548659	-0.870974697627228	0.113781529658879	-2.1261088412734	0.0609703628441312	1.30442005971458	-0.340865324485634
0.265788721919885	-0.872474048665244	0.11147327939335	-2.12557129935513	0.0588753505113294	1.3025763613706	-0.342955197299062
0.265208261499438	-0.87396187685479	0.109154111156948	-2.12504162890537	0.0567682217080155	1.30075420071444	-0.345025789847105
0.264630884245752	-0.875438167059123	0.106823975624708	-2.12451984413967	0.0546490510658116	1.29895363351224	-0.347076939901177
0.264056680117258	-0.876902904141502	0.104482823471661	-2.12400595927364	0.0525179132163393	1.2971747155301	-0.349108485232694
0.26348573907239	-0.878356072965181	0.102130605372841	-2.12349998852284	0.0503748827912205	1.29541750253414	-0.351120263613072
0.262918151069579	-0.87979765839342	0.0997672720032819	-2.12300194610287	0.0482200344220769	1.29368205029047	-0.353112112813726
0.262354006067258	-0.881227645289475	0.0973927740380157	-2.12251184622931	0.0460534427405305	1.2919684145652	-0.355083870606071
0.261793394023859	-0.882646018516604	0.0950070621520758	-2.12202970311774	0.0438751823782029	1.29027665112445	-0.357035374761523
0.261236404897816	-0.884052762938063	0.0926100870204954	-2.12155553098374	0.041685327966716	1.28860681573433	-0.358966463051496
0.260683128647559	-0.885447863417111	0.0902017993183076	-2.1210893440429	0.0394839541376915	1.28695896416096	-0.360876973247406
0.260133655231523	-0.886831304817003	0.0877821497205455	-2.1206311565108	0.0372711355227515	1.28533315217045	-0.362766743120667
0.259588074608139	-0.888203072000998	0.0853510889022422	-2.12018098260302	0.0350469467535175	1.28372943552891	-0.364635610442697
0.259046476735839	-0.889563149832353	0.0829085675384308	-2.11973883653515	0.0328114624616112	1.28214787000246	-0.366483412984909
0.258508951573057	-0.890911523174325	0.0804545363041445	-2.11930473252276	0.0305647572786547	1.28058851135722	-0.368309988518719
0.257975589078224	-0.89224817689017	0.0779889458744164	-2.11887868478145	0.0283069058362699	1.27905141535929	-0.370115174815542
0.257446479209773	-0.893573095843147	0.0755117469242795	-2.11846070752679	0.0260379827660781	1.27753663777478	-0.371898809646794
0.256921711926137	-0.894886264896513	0.0730228901287669	-2.11805081497437	0.0237580626997016	1.27604423436982	-0.373660730783889
0.256401377185747	-0.896187668913525	0.0705223261629119	-2.11764902133977	0.0214672202687618	1.27457426091052	-0.375400775998243
0.255885564947037	-0.89747729275744	0.0680100057017475	-2.11725534083857	0.019165530104881	1.27312677316299	-0.377118783061272
0.255374365168439	-0.898755121291515	0.0654858794203067	-2.11686978768636	0.0168530668396804	1.27170182689334	-0.37881458974439
0.254867867808385	-0.900021139379008	0.0629498979936228	-2.11649237609872	0.0145299051047822	1.27029947786769	-0.380488033819013
0.254366162825307	-0.901275331883176	0.0604020120967288	-2.11612312029123	0.0121961195318082	1.26891978185216	-0.382138953056556
0.253869340177639	-0.902517683667276	0.057842172404658	-2.11576203447948	0.00985178475238015	1.26756279461285	-0.383767185228435
0.253377489823813	-0.903748179594565	0.0552703295924432	-2.11540913287905	0.00749697539811978	1.26622857191588	-0.385372568106064
0.25289070172226	-0.9049668045283	0.0526864343351176	-2.11506442970552	0.00513176610064883	1.26491716952736	-0.386954939460859
0.252409065831414	-0.90617354333174	0.0500904373077146	-2.11472793917447	0.00275623149158934	1.26362864321342	-0.388514137064235
0.251932672109707	-0.90736838086814	0.0474822891852669	-2.1143996755015	0.000370446202562852	1.26236304874015	-0.390049998687607
0.251461610515571	-0.908551302000759	0.0448619406428079	-2.11407965290217	-0.00202551513480867	1.26112044187368	-0.391562362102392
0.250995971007439	-0.909722291592853	0.0422293423553705	-2.11376788559208	-0.00443157788890344	1.25990087838012	-0.393051065080003
0.250535843543743	-0.91088133450768	0.0395844449979881	-2.1134643877868	-0.00684766742809956	1.25870441402558	-0.394515945391856
0.250081318082916	-0.912028415608497	0.0369271992456935	-2.11316917370193	-0.00927370912077549	1.25753110457618	-0.395956840809367
0.24963248458339	-0.913163519758561	0.03425755577352	-2.11288225755304	-0.0117096283353093	1.25638100579803	-0.397373589103951
0.249189433003598	-0.91428663182113	0.0315754652565008	-2.11260365355571	-0.014155350440079	1.25525417345724	-0.398766028047022
0.248752253301971	-0.915397736659461	0.0288808783696687	-2.11233337592554	-0.0166108008034632	1.25415066331994	-0.400133995409998
0.248321035436943	-0.91649681913681	0.026173745788057	-2.11207143887809	-0.0190759047938398	1.25307053115222	-0.401477328964291
0.247895869366946	-0.917583864116436	0.0234540181866987	-2.11181785662896	-0.021550587779587	1.25201383272022	-0.402795866481318
0.247476845050413	-0.918658856461595	0.0207216462406273	-2.11157264339373	-0.0240347751290829	1.25098062379003	-0.404089445732495
0.247064052445775	-0.919721781035544	0.0179765806248754	-2.11133581338799	-0.026528392210706	1.24997096012778	-0.405357904489236
0.246657581511466	-0.920772622701542	0.0152187720144763	-2.1111073808273	-0.0290313643928343	1.24898489749957	-0.406601080522956
0.246257522205917	-0.921811366322845	0.0124481710844632	-2.11088735992727	-0.0315436170438461	1.24802249167153	-0.407818811605072
0.245863964487561	-0.92283799676271	0.00966472850986924	-2.11067576490346	-0.0340650755321194	1.24708379840976	-0.409010935506997
0.245476998314831	-0.923852498884394	0.00686839496572746	-2.11047260997147	-0.0365956652260327	1.24616887348038	-0.410177290000148
0.245096713646159	-0.924854857551156	0.00405912112707082	-2.11027790934687	-0.0391353114939639	1.2452777726495	-0.41131771285594
0.244723200439977	-0.925845057626252	0.00123685766893263	-2.11009167724525	-0.0416839397042914	1.24441055168324	-0.412432041845788
0.244356548654718	-0.926823083972939	-0.00159844473365409	-2.1099139278822	-0.0442414752253935	1.24356726634772	-0.413520114741107
0.243996848248815	-0.927788921454474	-0.00444683540565612	-2.10974467547329	-0.0468078434256479	1.24274797240903	-0.414581769313312
0.2436441891807	-0.928742554934116	-0.00730836367204049	-2.10958393423411	-0.0493829696734333	1.24195272563331	-0.415616843333819
0.243298661408804	-0.92968396927512	-0.010183078857774	-2.10943171838024	-0.0519667793371277	1.24118158178666	-0.416625174574043
0.242960354891562	-0.930613149340745	-0.0130710302878237	-2.10928804212727	-0.0545591977851095	1.24043459663519	-0.4176066008054
0.242629359587404	-0.931530079994247	-0.0159722672871561	-2.10915291969078	-0.0571601503857562	1.23971182594503	-0.418560959799304
0.242305765454764	-0.932434746098885	-0.0188868391807385	-2.10902636528634	-0.059769562507447	1.23901332548228	-0.419488089327171
0.241989662452075	-0.933327132517913	-0.0218147952935376	-2.10890839312955	-0.0623873595185595	1.23833915101306	-0.420387827160416
0.241681140537767	-0.934207224114592	-0.0247561849505202	-2.10879901743599	-0.0650134667874717	1.23768935830347	-0.421260011070455
0.241380289670275	-0.935075005752177	-0.0277110574766533	-2.10869825242123	-0.0676478096825626	1.23706400311965	-0.422104478828702
0.24108719980803	-0.935930462293925	-0.0306794621969039	-2.10860611230087	-0.0702903135722097	1.23646314122769	-0.422921068206573
0.240801960909465	-0.936773578603095	-0.0336614484362388	-2.10852261129049	-0.0729409038247914	1.23588682839372	-0.423709616975483
0.240524662933012	-0.937604339542942	-0.0366570655196247	-2.10844776360566	-0.0755995058086856	1.23533512038384	-0.424469962906848
0.240255395837103	-0.938422729976726	-0.0396663627720287	-2.10838158346198	-0.0782660448922712	1.23480807296418	-0.425201943772082
0.239994249580172	-0.939228734767702	-0.0426893895184177	-2.10832408507502	-0.0809404464439259	1.23430574190084	-0.425905397342602
0.239741314120651	-0.940022338779127	-0.0457261950837584	-2.10827528266037	-0.0836226358320277	1.23382818295994	-0.426580161389821
0.239496679416971	-0.94080352687426	-0.048776828793018	-2.10823519043361	-0.0863125384249554	1.23337545190759	-0.427226073685156
0.239260435427566	-0.941572283916358	-0.0518413399711631	-2.10820382261033	-0.0890100795910868	1.23294760450991	-0.427842972000022
0.239032672110868	-0.942328594768677	-0.0549197779431607	-2.1081811934061	-0.0917151846988002	1.23254469653301	-0.428430694105834
0.238813479425309	-0.943072444294474	-0.0580121920339776	-2.10816731703651	-0.0944277791164738	1.232166783743	-0.428989077774008
0.238602947329322	-0.943803817357008	-0.0611186315685809	-2.10816220771715	-0.0971477882124857	1.231813921906	-0.429517960775958
0.23840116578134	-0.944522698819536	-0.0642391458719373	-2.10816587966359	-0.0998751373552144	1.23148616678813	-0.4300171808831
0.238208224739794	-0.945229073545314	-0.0673737842690137	-2.10817834709142	-0.102609751913038	1.23118357415548	-0.430486575866848
0.238024214163117	-0.945922926397599	-0.0705225960847771	-2.10819962421622	-0.105351557254334	1.23090619977419	-0.43092598349862
0.237849224009742	-0.94660424223965	-0.0736856306441943	-2.10822972525358	-0.108100478747481	1.23065409941036	-0.431335241549829
0.237683344238101	-0.947273005934723	-0.0768629372722322	-2.10826866441908	-0.110856441760858	1.23042732883011	-0.431714187791891
0.237526664806626	-0.947929202346076	-0.0800545652938577	-2.1083164559283	-0.113619371662842	1.23022594379955	-0.432062659996221
0.23737927567375	-0.948572816336966	-0.0832605640340376	-2.10837311399682	-0.116389193821812	1.2300500000848	-0.432380495934235
0.237241266797906	-0.949203832770649	-0.086480982817739	-2.10843865284023	-0.119165833606147	1.22989955345196	-0.432667533377347
0.237112728137525	-0.949822236510384	-0.0897158709699286	-2.10851308667411	-0.121949216384223	1.22977465966716	-0.432923610096973
0.236993749651041	-0.950428012419427	-0.0929652778155733	-2.10859642971405	-0.124739267524419	1.2296753744965	-0.433148563864529
0.236884421296886	-0.951021145361036	-0.0962292526796402	-2.10868869617562	-0.127535912395114	1.2296017537061	-0.433342232451429
0.236784833033491	-0.951601620198468	-0.099507844887096	-2.10878990027441	-0.130339076364686	1.22955385306208	-0.433504453629089
0.23669507481929	-0.95216942179498	-0.102801103762908	-2.10890005622601	-0.133148684801513	1.22953172833055	-0.433635065168924
0.236615236612716	-0.95272453501383	-0.106109078632042	-2.10901917824599	-0.135964663073973	1.22953543527761	-0.43373390484235
0.236545408372199	-0.953266944718274	-0.109431818819466	-2.10914728054994	-0.138786936550444	1.2295650296694	-0.433800810420781
0.236485680056174	-0.953796635771571	-0.112769373650146	-2.10928437735344	-0.141615430599305	1.22962056727201	-0.433835619675633
0.236436141623072	-0.954313593036976	-0.11612179244905	-2.10943048287207	-0.144450070588934	1.22970210385156	-0.433838170378321
0.236396883031326	-0.954817801377748	-0.119489124541144	-2.10958561132143	-0.147290781887708	1.22980969517418	-0.433808300300261
0.236367994239368	-0.955309245657144	-0.122871419251395	-2.10974977691708	-0.150137489864007	1.22994339700596	-0.433745847212867
0.23634956520563	-0.95578791073842	-0.12626872590477	-2.10992299387462	-0.152990119886208	1.23010326511303	-0.433650648887555
0.236341685888547	-0.956253781484835	-0.129681093826236	-2.11010527640962	-0.155848597322689	1.2302893552615	-0.43352254309574
0.236344446246548	-0.956706842759645	-0.13310857234076	-2.11029663873768	-0.158712847541829	1.23050172321748	-0.433361367608838
0.236357936238068	-0.957147079426107	-0.136551210773308	-2.11049709507437	-0.161582795912006	1.23074042474709	-0.433166960198264
0.236382245821538	-0.95757447634748	-0.140009058448848	-2.11070665963527	-0.164458367801599	1.23100551561644	-0.432939158635432
0.236417464955391	-0.957989018387019	-0.143482164692347	-2.11092534663597	-0.167339488578984	1.23129705159164	-0.432677800691759
0.236463683598059	-0.958390690407983	-0.146970578828771	-2.11115317029206	-0.170226083612541	1.23161508843881	-0.43238272413866
0.236520991707975	-0.958779477273628	-0.150474350183087	-2.11139014481911	-0.173118078270648	1.23195968192406	-0.432053766747549
0.236589479243572	-0.959155363847213	-0.153993528080263	-2.11163628443271	-0.176015397921682	1.23233088781351	-0.431690766289842
0.236669236163281	-0.959518334991993	-0.157528161845264	-2.11189160334844	-0.178917967934023	1.23272876187327	-0.431293560536955
0.236760352425535	-0.959868375571227	-0.161078300803059	-2.11215611578188	-0.181825713676048	1.23315335986945	-0.430861987260303
0.236862917988767	-0.960205470448171	-0.164643994278613	-2.11242983594862	-0.184738560516136	1.23360473756817	-0.4303958842313
0.236977022811409	-0.960529604486082	-0.168225291596893	-2.11271277806425	-0.187656433822664	1.23408295073554	-0.429895089221362
0.237102756851894	-0.960840762548219	-0.171822242082868	-2.11300495634433	-0.190579258964011	1.23458805513768	-0.429359440001905
0.237240210068653	-0.961138929497838	-0.175434895061503	-2.11330638500446	-0.193506961308555	1.23512010654069	-0.428788774344344
0.23738947242012	-0.961424090198197	-0.179063299857765	-2.11361707826022	-0.196439466224675	1.2356791607107	-0.428182930020093
0.237550633864727	-0.961696229512552	-0.182707505796622	-2.1139370503272	-0.199376699080748	1.23626527341381	-0.427541744800569
0.237723784360906	-0.961955332304161	-0.186367562203039	-2.11426631542097	-0.202318585245152	1.23687850041615	-0.426865056457186
0.237909013867089	-0.962201383436282	-0.190043518401985	-2.11460488775711	-0.205265050086267	1.23751889748382	-0.42615270276136
0.23810641234171	-0.962434367772171	-0.193735423718425	-2.11495278155122	-0.208216018972469	1.23818652038293	-0.425404521484507
0.238316069743201	-0.962654270175085	-0.197443327477328	-2.11531001101888	-0.211171417272138	1.23888142487961	-0.42462035039804
0.238538076029993	-0.962861075508283	-0.201167279003659	-2.11567659037566	-0.214131170353652	1.23960366673997	-0.423800027273376
0.23877252116052	-0.96305476863502	-0.204907327622386	-2.11605253383715	-0.217095203585388	1.24035330173011	-0.42294338988193
0.239019495093214	-0.963235334418555	-0.208663522658475	-2.11643785561893	-0.220063442335725	1.24113038561616	-0.422050275995117
0.239279087786507	-0.963402757722145	-0.212435913436893	-2.1168325699366	-0.223035811973041	1.24193497416422	-0.421120523384352
0.239551389198832	-0.963557023409046	-0.216224549282608	-2.11723669100572	-0.226012237865714	1.24276712314042	-0.420153969821051
0.239836489288622	-0.963698116342517	-0.220029479520586	-2.11765023304188	-0.228992645382122	1.24362688831086	-0.419150453076629
0.240134478014308	-0.963826021385814	-0.223850753475794	-2.11807321026067	-0.231976959890645	1.24451432544167	-0.418109810922501
0.240445445334323	-0.963940723402194	-0.227688420473198	-2.11850563687767	-0.234965106759659	1.24542949029894	-0.417031881130083
0.2407694812071	-0.964042207254916	-0.231542529837767	-2.11894752710846	-0.237957011357543	1.2463724386488	-0.415916501470789
0.241106675591071	-0.964130457807235	-0.235413130894466	-2.11939889516863	-0.240952599052676	1.24734322625736	-0.414763509716035
0.241457118444668	-0.96420545992241	-0.239300272968263	-2.11985975527376	-0.243951795213434	1.24834190889074	-0.413572743637237
0.241820899726325	-0.964267198463697	-0.243204005384124	-2.12033012163942	-0.246954525208198	1.24936854231504	-0.412344041005808
0.242198109394472	-0.964315658294354	-0.247124377467017	-2.12081000848121	-0.249960714405344	1.25042318229639	-0.411077239593166
0.242588837407544	-0.964350824277638	-0.251061438541908	-2.12129943001471	-0.252970288173252	1.25150588460089	-0.409772177170725
0.242993173723972	-0.964372681276806	-0.255015237933764	-2.12179840045549	-0.255983171880298	1.25261670499466	-0.4084286915099
0.243411208302188	-0.964381214155116	-0.258985824967552	-2.12230693401915	-0.258999290894863	1.25375569924382	-0.407046620382107
0.243843031100626	-0.964376407775825	-0.262973248968239	-2.12282504492127	-0.262018570585322	1.25492292311447	-0.405625801558761
0.244288732077717	-0.964358247002189	-0.266977559260792	-2.12335274737742	-0.265040936320056	1.25611843237273	-0.404166072811276
0.244748401191895	-0.964326716697467	-0.270998805170177	-2.1238900556032	-0.268066313467442	1.25734228278472	-0.40266727191107
0.245222128401591	-0.964281801724915	-0.275037036021362	-2.12443698381418	-0.271094627395857	1.25859453011655	-0.401129236629555
0.245710003665238	-0.964223486947791	-0.279092301139313	-2.12499354622595	-0.274125803473681	1.25987523013433	-0.399551804738149
0.246212116941268	-0.964151757229351	-0.283164649848998	-2.12555975705409	-0.277159767069292	1.26118443860418	-0.397934814008266
0.246728558188114	-0.964066597432855	-0.287254131475383	-2.12613563051419	-0.280196443551068	1.26252221129221	-0.396278102211322
0.247259417364208	-0.963967992421557	-0.291360795343436	-2.12672118082182	-0.283235758287387	1.26388860396453	-0.394581507118731
0.247804784427983	-0.963855927058716	-0.295484690778122	-2.12731642219258	-0.286277636646627	1.26528367238726	-0.392844866501909
0.248364749337872	-0.963730386207589	-0.299625867104409	-2.12792136884203	-0.289322003997166	1.26670747232652	-0.391068018132271
0.248939402052305	-0.963591354731433	-0.303784373647264	-2.12853603498578	-0.292368785707383	1.26816005954841	-0.389250799781233
0.249528832529718	-0.963438817493505	-0.307960259731653	-2.12916043483939	-0.295417907145655	1.26964148981905	-0.38739304922021
0.25013313072854	-0.963272759357063	-0.312153574682544	-2.12979458261846	-0.298469293680362	1.27115181890455	-0.385494604220617
0.250752386607205	-0.963093165185364	-0.316364367824904	-2.13043849253856	-0.301522870679881	1.27269110257103	-0.383555302553869
0.251386690124146	-0.962900019841664	-0.320592688483699	-2.13109217881528	-0.30457856351259	1.27425939658461	-0.381574981991382
0.252036131237795	-0.962693308189223	-0.324838585983896	-2.1317556556642	-0.307636297546868	1.27585675671138	-0.37955348030457
0.252700799906584	-0.962473015091295	-0.329102109650462	-2.1324289373009	-0.310695998151093	1.27748323871748	-0.37749063526485
0.253380786088945	-0.96223912541114	-0.333383308808364	-2.13311203794098	-0.313757590693642	1.27913889836901	-0.375386284643637
0.254076179743312	-0.961991624012014	-0.337682232782569	-2.1338049718	-0.316821000542895	1.28082379143209	-0.373240266212345
0.254787070828116	-0.961730495757173	-0.341998930898044	-2.13450775309356	-0.319886153067229	1.28253797367282	-0.371052417742389
0.255513549301791	-0.961455725509877	-0.346333452479756	-2.13522039603724	-0.322952973635023	1.28428150085734	-0.368822577005186
0.256255705122768	-0.961167298133381	-0.350685846852671	-2.13594291484661	-0.326021387614655	1.28605442875174	-0.366550581772151
0.25701362824948	-0.960865198490943	-0.355056163341757	-2.13667532373727	-0.329091320374502	1.28785681312214	-0.364236269814698
0.257787408640359	-0.96054941144582	-0.35944445127198	-2.13741763692479	-0.332162697282944	1.28968870973466	-0.361879478904244
0.258577136253838	-0.96021992186127	-0.363850759968307	-2.13816986862476	-0.335235443708358	1.29155017435541	-0.359480046812202
0.25938290104835	-0.95987671460055	-0.368275138755705	-2.13893203305277	-0.338309485019123	1.2934412627505	-0.357037811309989
0.260204792982326	-0.959519774526916	-0.372717636959141	-2.13970414442439	-0.341384746583616	1.29536203068605	-0.35455261016902
0.261042902014199	-0.959149086503627	-0.377178303903582	-2.14048621695521	-0.344461153770217	1.29731253392817	-0.35202428116071
0.261897318102402	-0.958764635393939	-0.381657188913995	-2.1412782648608	-0.347538631947302	1.29929282824298	-0.349452662056475
0.262768131205367	-0.958366406061109	-0.386154341315347	-2.14208030235677	-0.350617106483251	1.30130296939658	-0.346837590627729
0.263655431281527	-0.957954383368396	-0.390669810432604	-2.14289234365868	-0.353696502746441	1.3033430131551	-0.344178904645888
0.264559308289313	-0.957528552179056	-0.395203645590734	-2.14371440298212	-0.356776746105251	1.30541301528465	-0.341476441882367
0.265479852187159	-0.957088897356346	-0.399755896114703	-2.14454649454267	-0.35985776192806	1.30751303155134	-0.338730040108582
0.266417152933497	-0.956635403763524	-0.404326611329478	-2.14538863255592	-0.362939475583244	1.30964311772128	-0.335939537095947
0.267371300486759	-0.956168056263846	-0.408915840560026	-2.14624083123745	-0.366021812439182	1.31180332956059	-0.333104770615878
0.268342384805378	-0.955686839720571	-0.413523633131315	-2.14710310480284	-0.369104697864253	1.31399372283538	-0.33022557843979
0.269330495847786	-0.955191738996955	-0.41815003836831	-2.14797546746767	-0.372188057226835	1.31621435331177	-0.327301798339099
0.270335723572415	-0.954682738956256	-0.422795105595979	-2.14885793344754	-0.375271815895306	1.31846527675587	-0.32433326808522
0.271358157937699	-0.95415982446173	-0.427458884139288	-2.14975051695802	-0.378355899238044	1.32074654893379	-0.321319825449568
0.272397888902069	-0.953622980376636	-0.432141423323205	-2.15065323221468	-0.381440232623427	1.32305822561165	-0.318261308203558
0.273455006423958	-0.953072191564229	-0.436842772472697	-2.15156609343313	-0.384524741419834	1.32540036255556	-0.315157554118605
0.274529600461799	-0.952507442887769	-0.44156298091273	-2.15248911482894	-0.387609350995642	1.32777301553164	-0.312008400966126
0.275621760974023	-0.951928719210511	-0.446302097968271	-2.15342231061769	-0.390693986719231	1.33017624030599	-0.308813686517534
0.276731577919064	-0.951336005395713	-0.451060172964287	-2.15436569501497	-0.393778573958978	1.33261009264474	-0.305573248544247
0.277859141255353	-0.950729286306632	-0.455837255225746	-2.15531928223636	-0.39686303808326	1.335074628314	-0.302286924817677
0.279004540941324	-0.950108546806526	-0.460633394077613	-2.15628308649744	-0.399947304460458	1.33756990307987	-0.298954553109241
0.280167866935408	-0.949473771758651	-0.465448638844856	-2.1572571220138	-0.403031298458948	1.34009597270849	-0.295575971190355
0.281349209196038	-0.948824946026266	-0.470283038852441	-2.15824140300101	-0.406114945447109	1.34265289296595	-0.292151016832433
0.282548657681647	-0.948162054472626	-0.475136643425336	-2.15923594367467	-0.409198170793319	1.34524071961837	-0.288679527806891
0.283766302350667	-0.947485081960991	-0.480009501888508	-2.16024075825035	-0.412280899865956	1.34785950843187	-0.285161341885144
0.28500223316153	-0.946794013354616	-0.484901663566923	-2.16125586094364	-0.415363058033399	1.35050931517256	-0.281596296838607
0.286256540072669	-0.946088833516758	-0.489813177785548	-2.16228126597012	-0.418444570664026	1.35319019560655	-0.277984230438695
0.287529313042516	-0.945369527310676	-0.49474409386935	-2.16331698754537	-0.421525363126214	1.35590220549996	-0.274324980456825
0.288820642029504	-0.944636079599626	-0.499694461143296	-2.16436303988498	-0.424605360788343	1.3586454006189	-0.270618384664411
0.290130616992065	-0.943888475246866	-0.504664328932353	-2.16541943720453	-0.42768448901879	1.36141983672949	-0.266864280832867
0.291459327888632	-0.943126699115653	-0.509653746561488	-2.1664861937196	-0.430762673185933	1.36422556959784	-0.263062506733611
0.292806864677637	-0.942350736069244	-0.514662763355667	-2.16756332364578	-0.433839838658151	1.36706265499006	-0.259212900138056
0.294173317317513	-0.941560570970896	-0.519691428639858	-2.16865084119865	-0.436915910803822	1.36993114867226	-0.255315298817618
0.295558775766691	-0.940756188683867	-0.524739791739028	-2.16974876059379	-0.439990814991324	1.37283110641057	-0.251369540543713
0.296963329983605	-0.939937574071414	-0.529807901978143	-2.17085709604679	-0.443064476589035	1.37576258397109	-0.247375463087755
0.298387069926686	-0.939104711996793	-0.534895808682169	-2.17197586177322	-0.446136820965334	1.37872563711995	-0.24333290422116
0.299830085554368	-0.938257587323263	-0.540003561176075	-2.17310507198867	-0.449207773488599	1.38172032162324	-0.239241701715344
0.301292466825083	-0.937396184914081	-0.545131208784827	-2.17424474090873	-0.452277259527207	1.38474669324709	-0.23510169334172
0.302774303697263	-0.936520489632503	-0.550278800833392	-2.17539488274898	-0.455345204449537	1.38780480775761	-0.230912716871706
0.30427568612934	-0.935630486341788	-0.555446386646737	-2.17655551172499	-0.458411533623968	1.39089472092091	-0.226674610076716
0.305796704079748	-0.934726159905191	-0.560634015549828	-2.17772664205236	-0.461476172418877	1.39401648850312	-0.222387210728165
0.307337447506918	-0.933807495185972	-0.565841736867633	-2.17890828794667	-0.464539046202643	1.39717016627033	-0.218050356597468
0.308898006369283	-0.932874477047385	-0.571069599925118	-2.18010046362349	-0.467600080343643	1.40035580998867	-0.213663885456042
0.310478470625276	-0.931927090352691	-0.576317654047251	-2.18130318329842	-0.470659200210257	1.40357347542425	-0.2092276350753
0.312078930233328	-0.930965319965143	-0.581585948558998	-2.18251646118703	-0.473716331170862	1.40682321834318	-0.204741443226659
0.313699475151872	-0.929989150748002	-0.586874532785326	-2.18374031150491	-0.476771398593836	1.41010509451158	-0.200205147681533
0.315340195339342	-0.928998567564523	-0.592183456051202	-2.18497474846765	-0.479824327847558	1.41341915969556	-0.195618586211338
0.317001180754168	-0.927993555277965	-0.597512767681592	-2.18621978629081	-0.482875044300406	1.41676546966123	-0.190981596587489
0.318682521354785	-0.926974098751583	-0.602862517001465	-2.18747543919	-0.485923473320758	1.42014408017472	-0.186294016581402
0.320384307099623	-0.925940182848636	-0.608232753335786	-2.18874172138078	-0.488969540276993	1.42355504700212	-0.181555683964492
0.322106627947116	-0.92489179243238	-0.613623526009523	-2.19001864707875	-0.492013170537487	1.42699842590956	-0.176766436508173
0.323849573855696	-0.923828912366073	-0.619034884347642	-2.19130623049949	-0.49505428947062	1.43047427266316	-0.171926111983862
0.325613234783795	-0.922751527512973	-0.62446687767511	-2.19260448585857	-0.49809282244477	1.43398264302901	-0.167034548162973
0.327397700689846	-0.921659622736335	-0.629919555316895	-2.19391342737159	-0.501128694828315	1.43752359277325	-0.162091582816921
0.329203061532281	-0.920553182899419	-0.635392966597962	-2.19523306925412	-0.504161831989633	1.44109717766197	-0.157097053717123
0.331029407269533	-0.91943219286548	-0.64088716084328	-2.19656342572176	-0.507192159297103	1.4447034534613	-0.152050798634993
0.332876827860034	-0.918296637497776	-0.646402187377815	-2.19790451099007	-0.510219602119103	1.44834247593736	-0.146952655341947
0.334745413262217	-0.917146501659565	-0.651938095526533	-2.19925633927465	-0.51324408582401	1.45201430085624	-0.141802461609399
0.336635253434514	-0.915981770214103	-0.657494934614401	-2.20061892479107	-0.516265535780203	1.45571898398407	-0.136600055208766
0.338546438335358	-0.914802428024648	-0.663072753966388	-2.20199228175493	-0.51928387735606	1.45945658108696	-0.131345273911462
0.34047905792318	-0.913608459954458	-0.668671602907459	-2.2033764243818	-0.52229903591996	1.46322714793103	-0.126037955488902
0.342433202156414	-0.912399850866788	-0.674291530762581	-2.20477136688727	-0.525310936840281	1.46703074028239	-0.120677937712502
0.344408960993492	-0.911176585624897	-0.679932586856722	-2.20617712348692	-0.5283195054854	1.47086741390715	-0.115265058353678
0.346406424392846	-0.909938649092042	-0.685594820514847	-2.20759370839633	-0.531324667223696	1.47473722457142	-0.109799155183844
0.348425682312909	-0.908686026131479	-0.691278281061925	-2.20902113583109	-0.534326347423547	1.47864022804133	-0.104280065974415
0.350466824712113	-0.907418701606467	-0.69698301782292	-2.21045942000677	-0.537324471453332	1.48257648008298	-0.0987076284968085
0.352529941548891	-0.906136660380262	-0.702709080122803	-2.21190857513897	-0.540318964681428	1.48654603646248	-0.093081680522437
0.354615122781674	-0.904839887316122	-0.708456517286537	-2.21336861544326	-0.543309752476215	1.49054895294596	-0.0874020598227176
0.356722458368897	-0.903528367277304	-0.714225378639091	-2.21483955513524	-0.546296760206069	1.49458528529953	-0.0816686041690646
0.35885203826899	-0.902202085127066	-0.720015713505432	-2.21632140843047	-0.549279913239369	1.49865508928929	-0.0758811513328936
0.361003952440387	-0.900861025728663	-0.725827571210526	-2.21781418954455	-0.552259136944494	1.50275842068137	-0.0700395390856199
0.363178290841519	-0.899505173945354	-0.73166100107934	-2.21931791269305	-0.555234356689822	1.50689533524187	-0.0641436051986588
0.36537514343082	-0.898134514640397	-0.737516052436841	-2.22083259209156	-0.55820549784373	1.51106588873692	-0.0581931874434263
0.367594600166722	-0.896749032677047	-0.743392774607996	-2.22235824195567	-0.561172485774597	1.51527013693262	-0.052188123591336
0.369836751007656	-0.895348712918563	-0.749291216917772	-2.22389487650096	-0.564135245850801	1.51950813559509	-0.0461282514138039
0.372101685912057	-0.893933540228201	-0.755211428691136	-2.225442509943	-0.56709370344072	1.52377994049044	-0.0400134086822461
0.374389494838355	-0.892503499469219	-0.761153459253054	-2.22700115649739	-0.570047783912734	1.52808560738479	-0.0338434331680768
0.376700267744984	-0.891058575504874	-0.767117357928494	-2.2285708303797	-0.572997412635219	1.53242519204425	-0.0276181626427119
0.379034094590377	-0.889598753198424	-0.773103174042423	-2.23015154580552	-0.575942514976554	1.53679875023493	-0.0213374348775661
0.381391065332964	-0.888124017413125	-0.779110956919806	-2.23174331699043	-0.578883016305117	1.54120633772296	-0.0150010876440554
0.383771269931179	-0.886634353012236	-0.785140755885611	-2.23334615815002	-0.581818841989286	1.54564801027443	-0.00860895871359491
0.386174798343455	-0.885129744859012	-0.791192620264806	-2.23496008349986	-0.58474991739744	1.55012382365547	-0.00216088585759922
0.388601740528223	-0.883610177816711	-0.797266599382357	-2.23658510725554	-0.587676167897957	1.55463383363219	0.0043432931525158
0.391052186443917	-0.882075636748591	-0.803362742563231	-2.23822124363265	-0.590597518859215	1.5591780959707	0.0109037405453354
0.393526226048968	-0.880526106517909	-0.809481099132394	-2.23986850684677	-0.593513895649591	1.56375666643712	0.0175206185494436
0.39602394930181	-0.878961571987921	-0.815621718414815	-2.24152691111347	-0.596425223637466	1.56836960079756	0.0241940893934256
0.398545446160873	-0.877382018021886	-0.821784649735458	-2.24319647064835	-0.599331428191215	1.57301695481813	0.030924315305866
0.401090806584592	-0.875787429483061	-0.827969942419292	-2.24487719966698	-0.602232434679219	1.57769878426496	0.0377114585153491
0.403660120531399	-0.874177791234702	-0.834177645791283	-2.24656911238495	-0.605128168469855	1.58241514490414	0.0445556812504606
0.406253477959724	-0.872553088140067	-0.840407809176398	-2.24827222301785	-0.6080185549315	1.58716609250181	0.0514571457397845
0.408870968828003	-0.870913305062414	-0.846660481899605	-2.24998654578125	-0.610903519432534	1.59195168282406	0.0584160142119061
0.411512683094666	-0.869258426864998	-0.852935713285869	-2.25171209489073	-0.613782987341335	1.59677197163702	0.0654324488954094
0.414178710718147	-0.867588438411079	-0.859233552660159	-2.25344888456189	-0.61665688402628	1.6016270147068	0.0725066120188798
0.416869141656877	-0.865903324563912	-0.86555404934744	-2.2551969290103	-0.619525134855748	1.6065168677995	0.0796386658109016
0.419584065869289	-0.864203070186756	-0.871897252672679	-2.25695624245155	-0.622387665198117	1.61144158668126	0.0868287725000598
0.422323573313816	-0.862487660142867	-0.878263211960844	-2.25872683910122	-0.625244400421765	1.61640122711817	0.0940770943149385
0.425087753948889	-0.860757079295503	-0.884651976536902	-2.26050873317489	-0.628095265895071	1.62139584487636	0.101383793484123
0.427876697732942	-0.85901131250792	-0.891063595725819	-2.26230193888815	-0.630940186986413	1.62642549572193	0.108749032236199
0.430690494624407	-0.857250344643377	-0.897498118852561	-2.26410647045657	-0.633779089064169	1.63149023542101	0.116172972799749
0.433529234581717	-0.85547416056513	-0.903955595242098	-2.26592234209575	-0.636611897496717	1.6365901197397	0.12365577740336
0.436393007563303	-0.853682745136436	-0.910436074219394	-2.26774956802127	-0.639438537652435	1.64172520444412	0.131197608275615
0.439281903527598	-0.851876083220554	-0.916939605109417	-2.2695881624487	-0.642258934899701	1.64689554530038	0.138798627645099
0.442196012433035	-0.850054159680739	-0.923466237237133	-2.27143813959363	-0.645073014606895	1.6521011980746	0.146458997740397
0.445135424238046	-0.84821695938025	-0.93001601992751	-2.27329951367165	-0.647880702142393	1.65734221853289	0.154178880790095
0.448100228901063	-0.846364467182343	-0.936589002505515	-2.27517229889834	-0.650681922874574	1.66261866244136	0.161958439022776
0.45109051638052	-0.844496667950277	-0.943185234296114	-2.27705650948927	-0.653476602171817	1.66793058556613	0.169797834667026
0.454106245597157	-0.842613619815241	-0.949804588852694	-2.27895209665262	-0.656264650884668	1.6732778546568	0.177696917496213
0.457146852908061	-0.840715673009739	-0.956446239079487	-2.28085876041674	-0.659045922295228	1.67865958289841	0.1856542913974
0.460211647997186	-0.838803248365532	-0.963109188811358	-2.28277614013975	-0.661820256550687	1.68407470133867	0.193668258622434
0.46329994530982	-0.836876763803104	-0.969792449194678	-2.28470387772947	-0.664587495306875	1.68952214852983	0.201737133226806
0.46641106405259	-0.834936634331657	-0.976495038687326	-2.28664161764334	-0.667347481728263	1.69500087052871	0.209859241069646
0.469544328193456	-0.832983272049115	-0.983215983058685	-2.28858900688849	-0.670100060487962	1.70050982089668	0.218032919813724
0.472699066461712	-0.831017086142119	-0.989954315389642	-2.2905456950217	-0.672845077767724	1.70604796069965	0.22625651892545
0.475874612347991	-0.829038482886034	-0.996709076072595	-2.29251133414943	-0.675582381257938	1.71161425850809	0.234528399674877
0.479070304104261	-0.82704786564494	-1.00347931281144	-2.2944855789278	-0.678311820157637	1.71720769039704	0.242846935135695
0.482285484743823	-0.825045634871643	-1.01026408062159	-2.29646808656257	-0.681033245174494	1.72282723994606	0.251210510185237
0.485519502041316	-0.823032188107663	-1.01706244182996	-2.29845851680921	-0.68374650852482	1.7284718982393	0.259617521504476
0.488771708532715	-0.821007919983244	-1.02387346607496	-2.30045653197282	-0.686451463933568	1.73414066386545	0.268066377578024
0.492041461515329	-0.818973222217349	-1.03069623030653	-2.30246179690817	-0.689147966634331	1.73983254291774	0.276555498694135
0.495328123047802	-0.81692848361766	-1.03752981878608	-2.30447397901971	-0.691835873369342	1.74554654899396	0.285083316944701
0.498631059950117	-0.814874090080581	-1.04437332308656	-2.30649274826152	-0.694515042389475	1.75128170319647	0.293648276225259
0.501949643803588	-0.812810424591234	-1.05122584209241	-2.30851777713739	-0.697185333454243	1.75703703413216	0.302248832234981
0.505283250950869	-0.810737867223463	-1.05808648199958	-2.31054874070074	-0.699846607831801	1.7628115779125	0.310883452476683
0.508631262495947	-0.808656795139829	-1.06495435631552	-2.31258531655467	-0.702498728298942	1.76860437815348	0.31955061625682
0.511993064304145	-0.806567582591616	-1.0718285858592	-2.31462718485194	-0.705141559141102	1.77441448597567	0.328248814685489
0.515368047002122	-0.804470600918827	-1.07870829876107	-2.31667402829497	-0.707774966152356	1.7802409600042	0.336976550676424
0.518755605977872	-0.802366218550184	-1.08559263046312	-2.31872553213585	-0.710398816635418	1.78608286636871	0.345732338947003
0.522155141380726	-0.800254801003131	-1.09248072371882	-2.32078138417634	-0.713012979401644	1.79193927870345	0.354514706018242
0.525566058121348	-0.79813671088383	-1.09937172859316	-2.32284127476785	-0.715617324771031	1.79780927814717	0.3633221902148
0.528987765871741	-0.796012307887165	-1.10626480246262	-2.32490489681147	-0.718211724572213	1.80369195334323	0.372153341664973
0.532419679065241	-0.793881948796737	-1.11315911001521	-2.32697194575793	-0.720796052142469	1.80958640043949	0.3810067223007
0.535861216896521	-0.791745987484871	-1.12005382325042	-2.32904211960766	-0.723370182327713	1.81549172308839	0.38988090585756
0.539311803321588	-0.789604774912609	-1.12694812147926	-2.33111511891073	-0.725933991482504	1.82140703244693	0.398774477874771
0.542770867057786	-0.787458659129713	-1.13384119132425	-2.33319064676687	-0.728487357470039	1.82733144717665	0.407686035695193
0.546237841583795	-0.785307985274668	-1.14073222671941	-2.33526840882549	-0.731030159662155	1.83326409344364	0.416614188465325
0.549712165139629	-0.783153095574675	-1.14762042891026	-2.33734811328567	-0.73356227893933	1.83920410491856	0.425557557135309
0.553193280726638	-0.780994329345658	-1.15450500645383	-2.33942947089612	-0.736083597690683	1.84515062277662	0.434514774458923
0.55668063610751	-0.77883202299226	-1.16138517521867	-2.34151219495525	-0.738593999813971	1.85110279569756	0.443484484993591
0.560173683806265	-0.776666510007843	-1.16826015838481	-2.34359600131112	-0.741093370715594	1.85705977986571	0.452465345100372
0.56367188110826	-0.774498120974492	-1.17512918644381	-2.34568060836146	-0.743581597310591	1.86302073896992	0.461456022943969
0.56717469006019	-0.772327183563007	-1.18199149719872	-2.34776573705366	-0.74605856802264	1.86898484420363	0.470455198492724
0.570681577470081	-0.770154022532913	-1.1888463357641	-2.34985111088476	-0.748524172784063	1.87495127426479	0.47946156351862
0.574192014907298	-0.767978959732453	-1.19569295456602	-2.3519364559015	-0.750978303035818	1.88091921535594	0.488473821597279
0.577705478702542	-0.765802314098589	-1.20253061334206	-2.35402150070025	-0.753420851727506	1.88688786118415	0.497490688107965
0.581221449947846	-0.763624401657005	-1.2093585791413	-2.35610597642705	-0.755851713317367	1.89285641296106	0.506510890233583
0.584739414496582	-0.761445535522104	-1.21617612632431	-2.35818961677763	-0.758270783772283	1.89882407940286	0.515533166960675
0.588258862963457	-0.759266025897008	-1.22298253656319	-2.36027215799737	-0.760677960567774	1.90479007673028	0.524556269079428
0.591779290724512	-0.75708618007356	-1.22977709884154	-2.36235333888128	-0.763073142688002	1.91075362866863	0.533578959183665
0.595300197917125	-0.754906302432324	-1.23655910945447	-2.3644329007741	-0.765456230625768	1.91671396644774	0.542600011670853
0.59882108944001	-0.752726694442584	-1.24332787200857	-2.36651058757018	-0.767827126382515	1.92267032880202	0.551618212742098
0.602341474953215	-0.75054765466234	-1.25008269742197	-2.36858614571356	-0.770185733468325	1.92862196197042	0.560632360402145
0.605860868878125	-0.748369478738317	-1.25682290392429	-2.37065932419793	-0.772531956901921	1.93456811969646	0.569641264459381
0.60937879039746	-0.746192459405959	-1.26354781705665	-2.37272987456667	-0.774865703210664	1.94050806322818	0.578643746525834
0.612894763455276	-0.744016886489427	-1.27025676967169	-2.37479755091279	-0.777186880430559	1.94644106131822	0.587638640017171
0.616408316756963	-0.741843046901605	-1.27694910193354	-2.37686210987899	-0.779495398106249	1.95236639022373	0.5966247901527
0.619918983769249	-0.739671224644097	-1.28362416131786	-2.37892331065762	-0.781791167291018	1.95828333370645	0.605601053955369
0.623426302720197	-0.737501700807224	-1.29028130261178	-2.38098091499071	-0.78407410054679	1.96419118303264	0.614566300251766
0.626929816599204	-0.73533475357003	-1.29691988791398	-2.38303468716994	-0.786344111944129	1.97008923697314	0.623519409672122
0.630429073157005	-0.733170658200279	-1.30353928663461	-2.38508439403665	-0.788601117062239	1.97597680180332	0.632459274650306
0.633923624905668	-0.731009687054454	-1.31013887549533	-2.38712980498187	-0.790845032988967	1.98185319130313	0.641384799423827
0.637413029118598	-0.728852109577757	-1.31671803852933	-2.38917069194626	-0.793075778320796	1.98771772675706	0.650294900033837
0.640896847830536	-0.726698192304111	-1.32327616708129	-2.39120682942018	-0.795293273162853	1.99356973695415	0.659188504325125
0.644374647837558	-0.724548198856161	-1.32981265980739	-2.39323799444362	-0.797497439128903	1.999408558188	0.668064551946122
0.647846000697076	-0.722402389945268	-1.33632692267532	-2.39526396660626	-0.799688199341353	2.00523353425675	0.676921994348902
0.651310482727837	-0.720261023371516	-1.34281836896428	-2.39728452804744	-0.801865478431248	2.01104401646312	0.685759794789174
0.654767675009924	-0.718124354023709	-1.34928641926498	-2.39929946345614	-0.804029202538276	2.01683936361436	0.694576928326293
0.658217163384756	-0.715992633879369	-1.35573050147963	-2.40130856007105	-0.806179299310764	2.02261894202228	0.70337238182325
0.661658538455087	-0.71386611200474	-1.36215005082194	-2.40331160768048	-0.808315697905679	2.02838212550325	0.712145153946679
0.665091395585006	-0.711745034554784	-1.36854450981714	-2.40530839862243	-0.810438328988628	2.03412829537819	0.720894255166853
0.668515334899938	-0.709629644773185	-1.37491332830195	-2.40729872778455	-0.81254712473386	2.03985684047257	0.729618707757687
0.671929961286646	-0.707520182992347	-1.38125596342461	-2.40928239260417	-0.814642018824261	2.04556715711641	0.738317545796735
0.675334884393224	-0.705416886633391	-1.38757187964486	-2.41125919306827	-0.816722946451363	2.0512586491443	0.746989815165191
0.678729718629106	-0.703319990206162	-1.39386054873394	-2.41322893171351	-0.818789844315332	2.05693072789537	0.755634573547891
0.68211408316506	-0.701229725309223	-1.40012144977461	-2.41519141362619	-0.820842650624977	2.0625828122133	0.764250890433311
0.685487601933188	-0.699146320629856	-1.40635406916112	-2.4171464464423	-0.822881305097749	2.06821432844634	0.772837847113566
0.688849903626929	-0.697070001944066	-1.41255790059923	-2.41909384034748	-0.824905748959737	2.07382471044728	0.781394536684414
0.692200621701058	-0.695000992116575	-1.41873244510623	-2.42103340807704	-0.82691592494567	2.07941339957346	0.78992006404525
0.695539394371686	-0.692939511100826	-1.42487721101087	-2.42296496491595	-0.82891177729892	2.08497984468679	0.798413545899112
0.698865864616258	-0.690885775938984	-1.43099171395346	-2.42488832869884	-0.830893251771495	2.09052350215373	0.806874110752678
0.702179680173555	-0.68884000076193	-1.43707547688576	-2.42680331981002	-0.832860295624049	2.09604383584527	0.815300898916266
0.705480493543694	-0.686802396789269	-1.44312803007108	-2.42870976118345	-0.83481285762587	2.10154031713699	0.823693062503835
0.708767961988129	-0.684773172329323	-1.44914891108421	-2.43060747830276	-0.836750888054892	2.107012424909	0.832049765432982
0.712041747529646	-0.682752532779136	-1.45513766481147	-2.43249629920125	-0.838674338697685	2.11245964554596	0.840370183424948
0.71530151695237	-0.680740680624471	-1.46109384345066	-2.43437605446188	-0.840583162849462	2.11788147293709	0.848653504004612
0.71854694180176	-0.678737815439811	-1.46701700651109	-2.43624657721726	-0.842477315314074	2.12327740847619	0.856898926500495
0.721777698384612	-0.676744133888361	-1.4729067208136	-2.43810770314969	-0.844356752404015	2.12864696106157	0.865105662044756
0.724993467769056	-0.674759829722041	-1.47876256049051	-2.43995927049111	-0.846221431940417	2.13398964709611	0.873272933573198
0.728193935784557	-0.672785093781498	-1.48458410698566	-2.44180112002314	-0.848071313253054	2.13930499048726	0.88139997582526
0.731378793021919	-0.670820113996093	-1.49037094905439	-2.44363309507707	-0.849906357180339	2.144592522647	0.889486035344024
0.734547734833277	-0.66886507538391	-1.49612268276354	-2.44545504153383	-0.851726526069325	2.14985178249188	0.897530370476214
0.737700461332106	-0.666920160051752	-1.50183891149147	-2.44726680782404	-0.853531783775707	2.15508231644299	0.905532251372192
0.740836677393214	-0.664985547195142	-1.50751924592803	-2.44906824492796	-0.855322095663819	2.160283678426	0.913490959985959
0.743956092652745	-0.663061413098325	-1.5131633040746	-2.45085920637555	-0.857097428606636	2.16545542987109	0.921405790075161
0.747058421508178	-0.661147931134262	-1.51877071124404	-2.45263954824639	-0.858857750985773	2.17059713971303	0.92927604720108
0.75014338311833	-0.659245271764639	-1.52434110006073	-2.45440912916976	-0.860603032691484	2.17570838439112	0.93710104872864
0.753210701403351	-0.657353602539857	-1.52987411046056	-2.45616781032458	-0.862333245122666	2.18078874784925	0.944880123826407
0.756260105044728	-0.65547308809904	-1.5353693896909	-2.45791545543946	-0.864048361186854	2.18583782153582	0.952612613466585
0.759291327485283	-0.653603890170033	-1.54082659231066	-2.45965193079264	-0.865748355300224	2.1908552044038	0.960297870425019
0.762304106929173	-0.651746167569397	-1.54624538019024	-2.46137710521207	-0.867433203387593	2.19584050291073	0.967935259281196
0.765298186341894	-0.649900076202416	-1.55162542251153	-2.46309085007531	-0.869102882882418	2.20079333101868	0.975524156418242
0.768273313450272	-0.648065769063095	-1.55696639576797	-2.46479303930964	-0.870757372726795	2.20571331019428	0.983063950022922
0.771229240742474	-0.646243396234155	-1.56226798376445	-2.46648354939195	-0.872396653371461	2.21060006940872	0.990554040085645
0.774165725467999	-0.644433104887042	-1.56752987761742	-2.46816225934884	-0.874020706775795	2.21545324513775	0.997993838400457
0.777082529637683	-0.642635039281917	-1.57275177575479	-2.46982905075656	-0.875629516407814	2.22027248136165	1.00538276856505
0.779979420023697	-0.640849340767665	-1.57793338391601	-2.471483807741	-0.877223067244176	2.22505742956527	1.01272026598074
0.782856168159549	-0.639076147781888	-1.58307441515201	-2.47312641697775	-0.87880134577018	2.22980774873802	1.02000577785251
0.785712550340081	-0.637315595850911	-1.58817458982525	-2.47475676769205	-0.880364339979765	2.23452310537384	1.02723876318896
0.788548347621472	-0.635567817589777	-1.59323363560968	-2.4763747516588	-0.881912039375509	2.23920317347125	1.03441869280235
0.791363345821234	-0.633832942702249	-1.59825128749076	-2.47798026320256	-0.883444434968632	2.2438476345333	1.04154504930856
0.794157335518219	-0.632111097980811	-1.60322728776545	-2.47957319919757	-0.884961519278993	2.24845617756762	1.04861732712712
0.796930112052611	-0.630402407306665	-1.60816138604222	-2.48115345906772	-0.886463286335093	2.25302849908637	1.0556350324812
0.799681475525929	-0.628706991649737	-1.61305333924107	-2.48272094478658	-0.887949731674072	2.25756430310627	1.06259768339762
0.802411230801032	-0.627024969068668	-1.61790291159346	-2.48427556087738	-0.889420852341709	2.2620633011486	1.06950480970683
0.80511918750211	-0.625356454710823	-1.62270987464239	-2.48581721441299	-0.890876646892427	2.26652521223918	1.07635595304291
0.807805160014691	-0.623701560812285	-1.62747400724235	-2.48734581501598	-0.892317115389286	2.27094976290841	1.0831506668436
0.810468967485639	-0.622060396697858	-1.63219509555935	-2.48886127485857	-0.893742259403987	2.27533668719122	1.08988851635028
0.813110433823151	-0.620433068781064	-1.63687293307089	-2.49036350866263	-0.895152082016873	2.27968572662709	1.09656907860795
0.815729387696762	-0.618819680564149	-1.64150732056599	-2.49185243369971	-0.896546587816925	2.28399663026008	1.10319194246527
0.818325662537342	-0.617220332638074	-1.64609806614516	-2.49332796979103	-0.897925782901765	2.28826915463877	1.10975670857453
0.820899096537096	-0.615635122682524	-1.65064498522044	-2.49479003930746	-0.899289674877656	2.29250306381633	1.11626298939168
0.823449532649566	-0.614064145465902	-1.65514790051535	-2.49623856716954	-0.900638272859501	2.29669812935044	1.12271040917627
0.825976818589628	-0.612507492845331	-1.65960664206493	-2.49767348084748	-0.901971587470843	2.30085413030338	1.12909860399153
0.828480806833495	-0.610965253766656	-1.66402104721572	-2.49909471036114	-0.903289630843865	2.30497085324195	1.13542722170432
0.830961354618714	-0.60943751426444	-1.66839096062578	-2.50050218828007	-0.904592416619392	2.30904809223752	1.14169592198512
0.833418323944169	-0.607924357461966	-1.67271623426465	-2.50189584972345	-0.905879959946887	2.31308564886601	1.14790437630808
0.835851581570079	-0.606425863571238	-1.6769967274134	-2.50327563236014	-0.907152277484454	2.31708333220788	1.15405226795097
0.838260999017998	-0.604942109892979	-1.6812323066646	-2.50464147640869	-0.908409387398839	2.32104095884817	1.16013929199521
0.840646452570818	-0.603473170816634	-1.68542284592232	-2.50599332463727	-0.909651309365426	2.32495835287646	1.16616515532586
0.843007823272763	-0.602019117820365	-1.68956822640213	-2.50733112236374	-0.91087806456824	2.32883534588687	1.17212957663161
0.845344996929396	-0.600580019471056	-1.69366833663113	-2.50865481745562	-0.912089675699947	2.33267177697809	1.1780322864048
0.847657864107613	-0.599155941424311	-1.69772307244791	-2.5099643603301	-0.913286166961853	2.33646749275337	1.18387302694142
0.849946320135647	-0.597746946424454	-1.70173233700255	-2.51125970395403	-0.914467564063904	2.34022234732049	1.18965155234108
0.852210265103067	-0.596353094304527	-1.70569604075666	-2.51254080384391	-0.915633894224685	2.34393620229181	1.19536762850704
0.854449603860776	-0.594974441986296	-1.70961410148336	-2.51380761806592	-0.916785186171425	2.34760892678422	1.2010210331462
0.856664246021014	-0.593611043480242	-1.71348644426726	-2.51506010723591	-0.917921470139989	2.35124039741918	1.2066115557691
0.858854105957356	-0.592262949885571	-1.71731300150447	-2.51629823451939	-0.919042777874885	2.35483049832269	1.21213899768992
0.861019102804713	-0.590930209390205	-1.72109371290262	-2.51752196563151	-0.920149142629262	2.35837912112533	1.21760317202648
0.863159160459332	-0.589612867270789	-1.72482852548086	-2.51873126883712	-0.921240599164905	2.3618861649622	1.22300390370025
0.865274207578793	-0.588310965892685	-1.7285173935698	-2.51992611495072	-0.922317183752244	2.36535153647297	1.22834102943633
0.867364177582015	-0.587024544709978	-1.73216027881161	-2.52110647733647	-0.923378934170347	2.36877514980186	1.23361439776346
0.86942900864925	-0.585753640265471	-1.73575715015992	-2.52227233190819	-0.924425889706923	2.37215692659765	1.23882386901401
0.871468643722088	-0.584498286190688	-1.7393079838799	-2.52342365712939	-0.925458091158321	2.37549679601367	1.24396931532403
0.873483030503453	-0.583258513205872	-1.74281276354821	-2.52456043401321	-0.92647558082953	2.3787946947078	1.24905062063316
0.875472121457604	-0.582034349119988	-1.74627148005301	-2.52568264612247	-0.92747840253418	2.38205056684248	1.25406768068471
0.877435873810138	-0.580825818830719	-1.74968413159398	-2.52679027956967	-0.928466601594541	2.3852643640847	1.25902040302564
0.879374249547986	-0.579632944324469	-1.7530507236823	-2.52788332301696	-0.929440224841523	2.388436045606	1.26390870700651
0.881287215419413	-0.578455744676361	-1.75637126914066	-2.52896176767614	-0.930399320614676	2.39156557808248	1.26873252378156
0.883174742934024	-0.577294236050239	-1.75964578810325	-2.53002560730869	-0.931343938762191	2.39465293569478	1.27349179630866
0.885036808362754	-0.576148431698667	-1.76287430801576	-2.53107483822576	-0.932274130640899	2.39769810012812	1.2781864793493
0.886873392737879	-0.575018341962928	-1.7660568636354	-2.53210945928816	-0.933189949116273	2.40070106057225	1.28281653946864
0.888684481853007	-0.573903974273027	-1.76919349703088	-2.53312947190636	-0.934091448562422	2.40366181372148	1.28738195503546
0.890470066263083	-0.572805333147687	-1.77228425758241	-2.53413488004048	-0.934978684862101	2.40658036377468	1.2918827162222
0.892230141284387	-0.571722420194352	-1.77532920198172	-2.53512569020034	-0.935851715406699	2.40945672243527	1.29631882500491
0.893964706994536	-0.570655234109185	-1.77832839423204	-2.5361019114454	-0.936710599096251	2.41229090891121	1.30069029516331
0.895673768232481	-0.569603770677071	-1.78128190564809	-2.53706355538479	-0.937555396339429	2.41508294991504	1.30499715228074
0.897357334598509	-0.568568022771613	-1.78418981485612	-2.5380106361773	-0.938386169053546	2.41783287966382	1.30923943374419
0.899015420454242	-0.567547980355134	-1.78705220779387	-2.53894317053138	-0.939202980664555	2.42054073987921	1.3134171887443
0.90064804492264	-0.56654363047868	-1.7898691777106	-2.53986117770517	-0.940005896107051	2.42320657978737	1.31753047827533
0.902255231887997	-0.565554957282013	-1.79264082516706	-2.54076467950644	-0.940794981824268	2.42583045611906	1.32157937513519
0.903837009995941	-0.564581941993617	-1.79536725803551	-2.54165370029265	-0.941570305768079	2.42841243310956	1.32556396392544
0.905393412653438	-0.563624562930697	-1.79804859149972	-2.54252826697092	-0.942331937398999	2.43095258249872	1.32948434105125
0.906924478028789	-0.562682795499175	-1.80068494805498	-2.54338840899802	-0.943079947686183	2.43345098353094	1.33334061472148
0.90843024905163	-0.561756612193696	-1.80327645750805	-2.5442341583804	-0.943814409107427	2.43590772295518	1.33713290494858
0.909910773412934	-0.560845982597624	-1.80582325697723	-2.54506554967416	-0.944535395649166	2.43832289502495	1.34086134354867
0.911366103565008	-0.559950873383042	-1.80832549089231	-2.54588261998508	-0.945242982806476	2.44069660149829	1.3445260741415
0.912796296721494	-0.559071248310754	-1.81078331099459	-2.5466854089686	-0.945937247583072	2.44302895163784	1.34812725215047
0.914201414857373	-0.558207068230285	-1.81319687633688	-2.54747395882982	-0.946618268491311	2.44532006221076	1.35166504480261
0.915581524708957	-0.557358291079877	-1.81556635328347	-2.5482483143235	-0.947286125552191	2.44757005748877	1.35513963112859
0.916936697773898	-0.556524871886495	-1.8178919155102	-2.54900852275408	-0.947940900295347	2.44977906924815	1.35855120196272
0.918267010311181	-0.555706762765824	-1.82017374400439	-2.54975463397565	-0.948582675759057	2.45194723676972	1.36189995994297
0.919572543341127	-0.554903912922265	-1.82241202706485	-2.55048670039197	-0.949211536490238	2.45407470683887	1.36518611951092
0.920853382645393	-0.554116268648944	-1.82460696030194	-2.55120477695645	-0.949827568544449	2.45616163374553	1.36840990691181
0.922109618766971	-0.553343773327705	-1.82675874663748	-2.5519089211722	-0.950430859485888	2.45820817928419	1.37157156019452
0.92334134701019	-0.552586367429111	-1.82886759630483	-2.55259919309196	-0.951021498387393	2.4602145127539	1.37467132921157
0.924548667440713	-0.551843988512446	-1.83093372684883	-2.55327565531816	-0.951599575830443	2.46218081095826	1.3777094756191
0.925731684885539	-0.551116571225714	-1.83295736312585	-2.55393837300286	-0.952165183905156	2.46410725820541	1.38068627287692
0.926890508933003	-0.550404047305639	-1.83493873730375	-2.55458741384781	-0.952718416210292	2.46599404630806	1.38360200624847
0.928025253932776	-0.549706345577665	-1.8368780888619	-2.55522284810443	-0.953259367853251	2.46784137458347	1.38645697280082
0.929136038995864	-0.549023391955956	-1.83877566459117	-2.5558447485738	-0.953788135450073	2.46964944985344	1.38925148140469
0.930222987994607	-0.548355109443396	-1.84063171859396	-2.55645319060664	-0.954304817125437	2.47141848644435	1.39198585273443
0.931286229562684	-0.547701418131589	-1.84244651228414	-2.55704825210336	-0.954809512512665	2.47314870618711	1.39466041926806
0.932325897095108	-0.547062235200858	-1.84422031438711	-2.55763001351403	-0.955302322753717	2.47484033841719	1.39727552528721
0.933342128748226	-0.546437474920248	-1.84595340093977	-2.55819855783838	-0.955783350499194	2.47649361997461	1.39983152687715
0.934335067439723	-0.545827048647523	-1.84764605529052	-2.5587539706258	-0.956252699908337	2.47810879520397	1.40232879192681
0.935304860848619	-0.545230864829166	-1.84929856809929	-2.55929633997537	-0.956710476649029	2.47968611595438	1.40476770012875
0.936251661415268	-0.544648829000382	-1.85091123733748	-2.55982575653579	-0.95715678789779	2.48122584157954	1.40714864297917
0.937175626341362	-0.544080843785095	-1.85248436828803	-2.56034231350547	-0.957591742339785	2.48272823893769	1.40947202377791
0.938076917589927	-0.543526808895948	-1.85401827354535	-2.56084610663245	-0.958015450168814	2.48419358239161	1.41173825762846
0.938955701885325	-0.542986621134306	-1.85551327301539	-2.56133723421445	-0.958428023087321	2.48562215380866	1.41394777143793
0.939812150713255	-0.542460174390253	-1.85696969391558	-2.56181579709886	-0.958829574306388	2.48701424256074	1.41610100391709
0.940646440320748	-0.541947359642592	-1.85838787077489	-2.56228189868272	-0.95922021854574	2.48837014552429	1.41819840558034
0.941458751716174	-0.541448064958848	-1.85976814543374	-2.56273564491274	-0.95960007203374	2.48969016708034	1.42024043874572
0.942249270669238	-0.540962175495264	-1.86111086704412	-2.5631771442853	-0.959969252507392	2.49097461911443	1.42222757753493
0.943018187710979	-0.540489573496806	-1.86241639206948	-2.56360650784644	-0.960327879212341	2.49222382101669	1.42416030787328
0.943765698133774	-0.540030138297156	-1.8636850842848	-2.56402384919186	-0.96067607290287	2.49343809968177	1.42603912748973
0.944492001991333	-0.539583746318719	-1.86491731477654	-2.56442928446693	-0.961013955841906	2.49461778950891	1.42786454591691
0.945197304098703	-0.539150271072619	-1.86611346194271	-2.56482293236668	-0.961341651801012	2.49576323240188	1.42963708449103
0.945881814032268	-0.5387295831587	-1.86727391149277	-2.56520491413582	-0.961659286060395	2.49687477776901	1.43135727635201
0.946545746129744	-0.538321550265527	-1.86839905644774	-2.5655753535687	-0.9619669854089	2.49795278252318	1.43302566644335
0.947189319490186	-0.537926037170382	-1.86948929714011	-2.56593437700934	-0.962264878144014	2.49899761108183	1.43464281151224
0.947812757973984	-0.53754290573927	-1.87054504121388	-2.56628211335145	-0.962553094071863	2.50000963536694	1.43620928010947
0.948416290202861	-0.537172014926916	-1.87156670362458	-2.56661869403837	-0.962831764507212	2.50098923480506	1.43772565258949
0.949000149559878	-0.536813220776763	-1.87255470663921	-2.56694425306313	-0.963101022273471	2.50193679632728	1.43919252111039
0.949564574189432	-0.536466376420976	-1.87350947983632	-2.5672589269684	-0.963361001702684	2.50285271436927	1.44061048963391
0.950109806997255	-0.536131332080439	-1.87443146010591	-2.56756285484653	-0.963611838635541	2.50373739087121	1.4419801739254
0.950636095650413	-0.535807935064755	-1.87532109164954	-2.56785617833955	-0.963853670421369	2.50459123527787	1.44330220155388
0.951143692577309	-0.535496029772249	-1.87617882598024	-2.56813904163911	-0.964086635918136	2.50541466453856	1.44457721189199
0.951632854967683	-0.535195457689965	-1.87700512192257	-2.56841159148658	-0.964310875492451	2.50620810310715	1.44580585611604
0.952103844772607	-0.534906057393668	-1.87780044561257	-2.56867397717294	-0.964526531019562	2.50697198294205	1.44698879720594
0.952556928704493	-0.53462766454784	-1.87856527049782	-2.56892635053887	-0.964733745883358	2.50770674350623	1.44812670994527
0.952992378237085	-0.534360111905688	-1.87930007733737	-2.56916886597471	-0.964932664976368	2.50841283176721	1.44922028092123
0.953410469605463	-0.534103229309134	-1.88000535420179	-2.56940168042046	-0.965123434699763	2.50909070219709	1.45027020852469
0.953811483806046	-0.533856843688823	-1.88068159647318	-2.56962495336577	-0.965306202963352	2.50974081677249	1.45127720295014
0.954195706596584	-0.533620779064119	-1.8813293068451	-2.56983884684997	-0.965481119185585	2.51036364497459	1.4522419861957
0.954563428496165	-0.533394856543106	-1.88194899532266	-2.57004352546206	-0.965648334293553	2.51095966378914	1.45316529206315
0.954914944785215	-0.533178894322588	-1.88254117922244	-2.57023915634069	-0.965808000722987	2.51152935770643	1.4540478661579
0.955250555505489	-0.53297270768809	-1.88310638317255	-2.57042590917418	-0.965960272418256	2.51207321872131	1.454890465889
0.955570565460084	-0.532776109013856	-1.8836451391126	-2.57060395620052	-0.966105304832374	2.51259174633317	1.45569386046916
0.955875284213429	-0.53258890776285	-1.88415798629369	-2.57077347220736	-0.966243254926991	2.51308544754597	1.4564588309147
0.956165026091292	-0.532410910486756	-1.88464547127847	-2.57093463453201	-0.9663742811724	2.51355483686821	1.4571861700456
0.956440110180771	-0.532241920825979	-1.88510814794103	-2.57108762306144	-0.966498543547533	2.51400043631297	1.45787668248548
0.956700860330305	-0.532081739509643	-1.88554657746703	-2.57123262023231	-0.966616203539961	2.51442277539785	1.45853118466158
0.956947605149666	-0.531930164355591	-1.8859613283536	-2.57136981103091	-0.966727424145899	2.51482239114502	1.45915050480481
0.957180678009963	-0.531786990270388	-1.88635297640937	-2.57149938299323	-0.9668323698702	2.5151998280812	1.45973548294971
0.957400417043638	-0.53165200924932	-1.88672210475451	-2.57162152620488	-0.966931206726355	2.51555563823768	1.46028697093444
0.957607165144473	-0.531525010376388	-1.88706930382066	-2.57173643330118	-0.9670241022365	2.51589038115026	1.46080583240084
0.95780126996758	-0.531405779824319	-1.88739517135099	-2.57184429946709	-0.967111225431409	2.51620462385935	1.46129294279434
0.957983083929412	-0.531294100854556	-1.88770031240017	-2.57194532243724	-0.967192746850495	2.51649894090987	1.46174918936406
0.958152964207754	-0.531189753817264	-1.88798533933436	-2.57203970249591	-0.967268838541813	2.51677391435132	1.46217547116274
0.958311272741728	-0.531092516151326	-1.88825087183126	-2.57212764247707	-0.967339674062059	2.51703013373774	1.46257269904674
0.958458376231791	-0.531002162384348	-1.88849753688004	-2.57220934776435	-0.967405428476566	2.51726819612772	1.46294179567609
0.958594646139737	-0.530918464132653	-1.88872596878139	-2.57228502629101	-0.967466278359312	2.51748870608441	1.46328369551446
0.958720458688693	-0.530841190101285	-1.88893680914752	-2.57235488854002	-0.967522401792911	2.51769227567552	1.46359934482913
0.958836194863125	-0.530770106084011	-1.88913070690212	-2.572419147544	-0.96757397836862	2.51787952447331	1.46388970169106
0.958942240408832	-0.530704974963312	-1.88930831828041	-2.57247801888521	-0.967621189186334	2.51805107955459	1.46415573597481
0.959038985832949	-0.530645556710394	-1.8894703068291	-2.57253172069561	-0.967664216854592	2.51820757550071	1.46439842935862
0.959126826403948	-0.530591608385181	-1.88961734340641	-2.5725804736568	-0.967703245490568	2.51834965439761	1.46461877532435
0.959206162151634	-0.530542884136317	-1.88975010618207	-2.57262450100005	-0.967738460720082	2.51847796583575	1.46481777915749
0.959277397867151	-0.530499135201168	-1.88986928063731	-2.57266402850631	-0.96777004967759	2.51859316691015	1.46499645794719
0.959340943102975	-0.530460109905816	-1.88997555956487	-2.57269928450616	-0.96779820100619	2.5186959222204	1.46515584058624
0.959397212172921	-0.530425553665067	-1.89006964306899	-2.57273049987989	-0.96782310485762	2.51878690387062	1.46529696777105
0.959446624152137	-0.530395208982445	-1.89015223856544	-2.57275790805741	-0.967844952892258	2.51886679146951	1.46542089200169
0.959489602877108	-0.530368815450194	-1.89022406078145	-2.57278174501833	-0.967863938279124	2.5189362721303	1.46552867758187
0.959526576945655	-0.530346109749279	-1.8902858317558	-2.57280224929189	-0.967880255695877	2.51899604047079	1.46562140061892
0.959557979716933	-0.530326825649384	-1.89033828083876	-2.57281966195703	-0.967894101328815	2.51904679861332	1.46570014902384
0.959584249311433	-0.530310694008913	-1.89038214469209	-2.57283422664233	-0.967905672872878	2.51908925618479	1.46576602251125
0.959605828610983	-0.530297442774991	-1.89041816728909	-2.57284618952604	-0.967915169531647	2.51912413031666	1.46582013259942
0.959623165258745	-0.530286796983462	-1.89044709991453	-2.57285579933609	-0.96792279201734	2.51915214564493	1.46586360261024
0.959636711659217	-0.530278478758892	-1.89046970116471	-2.57286330735004	-0.96792874255082	2.51917403431016	1.46589756766928
0.959646924978233	-0.530272207314563	-1.89048673694742	-2.57286896739515	-0.967933224861586	2.51919053595748	1.46592317470571
0.959654267142963	-0.530267698952481	-1.89049898048198	-2.57287303584832	-0.967936444187779	2.51920239773654	1.46594158245236
0.959659204841912	-0.53026466706337	-1.89050721229919	-2.57287577163613	-0.967938607276181	2.51921037430156	1.46595396144571
0.95966220952492	-0.530262822126674	-1.89051222024136	-2.57287743623481	-0.967939922382214	2.51921522781134	1.46596149402585
0.959663757403164	-0.530261871710558	-1.89051479946233	-2.57287829367028	-0.967940599269939	2.51921772792918	1.46596537433655
0.959664329449155	-0.530261520471907	-1.89051575242741	-2.57287861051809	-0.967940849212059	2.51921865182298	1.46596680832518
0.959664411396742	-0.530261470156324	-1.89051588891345	-2.57287865590347	-0.967940884989916	2.51921878416517	1.46596701374277
