0	0	0	0	0	0	0
8.10821252321847e-06	-2.14971390604312e-05	-4.58356463990673e-06	1.1546178039412e-05	1.93650478119185e-05	-3.06118709709101e-05	-1.04757648043386e-05
3.23382419541572e-05	-8.57926273612216e-05	-1.83023331798805e-05	4.60780337898936e-05	7.72452597003225e-05	-0.000122170197276034	-4.18370451207984e-05
7.25481760847411e-05	-0.000192592571581617	-4.11084175503016e-05	0.000103435549699813	0.000173318238344184	-0.000274259049003961	-9.39848198045454e-05
0.000128596102706895	-0.000341603078400861	-7.29539296815505e-05	0.00018345870821754	0.000307261586422477	-0.00048646249624328	-0.000166820067710746
0.000200340109612544	-0.000532530254498201	-0.000113790981504008	0.000285987491791442	0.000478752906614172	-0.000758364609082583	-0.000260243767694565
0.000287638284593613	-0.000765080206552882	-0.000163571684948053	0.000410861882869887	0.000687469801598243	-0.00108954945761046	-0.00037415689861117
0.000390348715442027	-0.00103895904124415	-0.000222248151944068	0.000557921863901246	0.000933089874053662	-0.0014796011119155	-0.000508460439315727
0.000508329489949711	-0.00135387286525125	-0.000289772494422431	0.000727007417333884	0.0012152907266594	-0.00192810364208628	-0.0006630553686634
0.000641438695908589	-0.00170952778525342	-0.000366096824313524	0.000917958525616173	0.00153374996209443	-0.00243464111821142	-0.000837842665509357
0.000789534421110587	-0.00210562990792991	-0.000451173253547727	0.00113061517119648	0.00188814518303773	-0.00299879761037948	-0.00103272330870876
0.00095247475334763	-0.00254188533995998	-0.000544953894055421	0.00136481733652317	0.00227815399216827	-0.00362015718867906	-0.00124759827711679
0.00113011778041164	-0.00301800018802285	-0.000647390857766985	0.00162040500404462	0.00270345399216501	-0.00429830392319876	-0.00148236854958859
0.00132232159009455	-0.00353368055879779	-0.000758436256612801	0.00189721815620919	0.00316372278570694	-0.00503282188402715	-0.00173693510497934
0.00152894427018828	-0.00408863255896402	-0.000878042202523247	0.00219509677546526	0.00365863797547303	-0.00582329514125284	-0.00201119892214421
0.00174984390848475	-0.00468256229520081	-0.00100616080742871	0.00251388084426118	0.00418787716414224	-0.00666930776496441	-0.00230506097993835
0.00198487859277589	-0.00531517587418738	-0.00114274418325956	0.00285341034504534	0.00475111795439355	-0.00757044382525044	-0.00261842225721694
0.00223390641085362	-0.005986179402603	-0.00128774444194618	0.00321352526026609	0.00534803794890594	-0.00852628739219954	-0.00295118373283514
0.00249678545050987	-0.0066952789871269	-0.00144111369541896	0.00359406557237181	0.00597831475035837	-0.00953642253590029	-0.00330324638564812
0.00277337379953657	-0.00744218073443833	-0.00160280405560826	0.00399487126381086	0.00664162596142982	-0.0106004333264413	-0.00367451119451105
0.00306352954572564	-0.00822659075121654	-0.00177276763444449	0.00441578231703162	0.00733764918479926	-0.0117179038339111	-0.00406487913827908
0.003367110776869	-0.00904821514414076	-0.001950956543858	0.00485663871448245	0.00806606202314566	-0.0128884181283983	-0.00447425119580739
0.00368397558075858	-0.00990676001989025	-0.0021373228957792	0.00531728043861172	0.008826542079148	-0.0141115602799916	-0.00490252834595114
0.0040139820451863	-0.0108019314851443	-0.00233181880213844	0.0057975474718678	0.00961876695548525	-0.0153869143587794	-0.0053496115675655
0.00435698825794409	-0.011733435646582	-0.00253439637486612	0.00629727979669905	0.0104424142548364	-0.0167140644348504	-0.00581540183950563
0.00471285230682388	-0.0127009786108828	-0.00274500772589262	0.00681631739555386	0.0112971615798804	-0.0180925945782932	-0.00629980014062671
0.00508143227961758	-0.0137042664847258	-0.00296360496714831	0.00735450025088057	0.0121826865332962	-0.0195220888591964	-0.00680270744978388
0.00546258626411713	-0.0147430053747903	-0.00319014021056358	0.00791166834512758	0.0130986667177628	-0.0210021313476485	-0.00732402474583233
0.00585617234811445	-0.0158169013877555	-0.00342456556806881	0.00848766166074323	0.0140447797359591	-0.0225323061137382	-0.00786365300762723
0.00626204861940146	-0.0169256606303007	-0.00366683315159437	0.0090823201801759	0.0150207031905643	-0.024112197227554	-0.00842149321402372
0.00668007316577009	-0.0180689892091052	-0.00391689507307065	0.00969548388587397	0.0160261146842571	-0.0257413887591846	-0.00899744634387698
0.00711010407501226	-0.0192465932308481	-0.00417470344442802	0.0103269927602858	0.0170606918197166	-0.0274194647787184	-0.00959141337604218
0.0075519994349199	-0.0204581788022087	-0.00444021037759688	0.0109766867858597	0.0181241121996218	-0.0291460093562442	-0.0102032952893745
0.00800561733328493	-0.0217034520298663	-0.00471336798450759	0.0116444059450442	0.0192160534266516	-0.0309206065618505	-0.0108329930627291
0.00847081585789928	-0.0229821190205002	-0.00499412837709055	0.0123299902202875	0.020336193103485	-0.0327428404656258	-0.0114804076749611
0.00894745309655487	-0.0242938858807894	-0.00528244366727612	0.013033279594038	0.021484208832801	-0.0346122951376589	-0.0121454401049257
0.00943538713704364	-0.0256384587174134	-0.00557826596699469	0.0137541140487442	0.0226597782172786	-0.0365285546480381	-0.012827991331478
0.00993447606715749	-0.0270155436370513	-0.00588154738817664	0.0144923335668543	0.0238625788595967	-0.0384912030668523	-0.0135279623334733
0.0104445779746884	-0.0284248467463824	-0.00619224004275235	0.0152477781308167	0.0250922883624342	-0.0404998244641899	-0.0142452540897667
0.0109655509474282	-0.0298660741520859	-0.0065102960426522	0.0160202877230798	0.0263485843284703	-0.0425540029101395	-0.0149797675792134
0.0114972530731689	-0.0313389319608412	-0.00683566749980657	0.0168097023260921	0.0276311443603837	-0.0446533224747897	-0.0157314037806685
0.0120395424397023	-0.0328431262793273	-0.00716830652614584	0.0176158619223017	0.0289396460608536	-0.0467973672282292	-0.0165000636729872
0.0125922771348205	-0.0343783632142236	-0.0075081652336004	0.0184386064941572	0.0302737670325589	-0.0489857212405465	-0.0172856482350247
0.0131553152463154	-0.0359443488722094	-0.00785519573410062	0.0192777760241069	0.0316331848781786	-0.0512179685818301	-0.018088058445636
0.0137285148619788	-0.0375407893599638	-0.00820935013957688	0.0201332104945991	0.0330175772003915	-0.0534936933221688	-0.0189071952836765
0.0143117340696027	-0.0391673907841661	-0.00857058056195956	0.0210047498880822	0.0344266216018768	-0.055812479531651	-0.0197429597280013
0.014904830956979	-0.0408238592514955	-0.00893883911317905	0.0218922341870046	0.0358599956853133	-0.0581739112803654	-0.0205952527574654
0.0155076636118996	-0.0425099008686314	-0.00931407790516572	0.0227955033738147	0.0373173770533801	-0.0605775726384005	-0.0214639753509242
0.0161200901221566	-0.0442252217422529	-0.00969624904984995	0.0237143974309608	0.0387984433087561	-0.063023047675845	-0.0223490284872327
0.0167419685755417	-0.0459695279790393	-0.0100853046591621	0.0246487563408913	0.0403028720541204	-0.0655099204627874	-0.0232503131452462
0.0173731570598469	-0.0477425256856698	-0.0104811968450326	0.0255984200860545	0.0418303408921517	-0.0680377750693163	-0.0241677303038197
0.0180135136628642	-0.0495439209688237	-0.0108838777193918	0.0265632286488988	0.0433805274255292	-0.0706061955655203	-0.0251011809418085
0.0186628964723854	-0.0513734199351802	-0.0112932993941701	0.0275430220118727	0.0449531092569318	-0.0732147660214881	-0.0260505660380677
0.0193211635762025	-0.0532307286914186	-0.0117094139812979	0.0285376401574244	0.0465477639890386	-0.0758630705073081	-0.0270157865714525
0.0199881730621075	-0.0551155533442181	-0.0121321735927055	0.0295469230680024	0.0481641692245283	-0.078550693093069	-0.027996743520818
0.0206637830178922	-0.057027600000258	-0.0125615303403233	0.030570710726055	0.0498020025660801	-0.0812772178488594	-0.0289933378650195
0.0213478515313485	-0.0589665747662175	-0.0129974363360818	0.0316088431140305	0.0514609416163729	-0.0840422288447679	-0.0300054705829121
0.0220402366902685	-0.0609321837487758	-0.0134398436919112	0.0326611602143774	0.0531406639780857	-0.086845310150883	-0.0310330426533509
0.022740796582444	-0.0629241330546123	-0.013888704519742	0.033727502009544	0.0548408472538974	-0.0896860458372933	-0.0320759550551912
0.0234493892956669	-0.064942128790406	-0.0143439709315045	0.0348077084819787	0.056561169046487	-0.0925640199740875	-0.033134108767288
0.0241658729177291	-0.0669858770628364	-0.0148055950391292	0.0359016196141298	0.0583013069585335	-0.095478816631354	-0.0342074047684965
0.0248901055364227	-0.0690550839785826	-0.0152735289545464	0.0370090753884457	0.0600609385927159	-0.0984300198791816	-0.035295744037672
0.0256219452395395	-0.0711494556443239	-0.0157477247896864	0.0381299157873748	0.0618397415517131	-0.101417213787659	-0.0363990275536696
0.0263612501148714	-0.0732686981667394	-0.0162281346564798	0.0392639807933654	0.0636373934382041	-0.104439982426874	-0.0375171562953444
0.0271078782502104	-0.0754125176525086	-0.0167147106668568	0.040411110388866	0.0654535718548679	-0.107497909866916	-0.0386500312415517
0.0278616877333484	-0.0775806202083106	-0.0172074049327478	0.0415711445563249	0.0672879544043835	-0.110590580177874	-0.0397975533711465
0.0286225366520773	-0.0797727119408246	-0.0177061695660832	0.0427439232781904	0.0691402186894298	-0.113717577429835	-0.0409596236629841
0.029390283094189	-0.08198849895673	-0.0182109566787934	0.043929286536911	0.0710100423126858	-0.116878485692889	-0.0421361430959196
0.0301647851474755	-0.0842276873627059	-0.0187217183828088	0.0451270743149349	0.0728971028768304	-0.120072889037125	-0.0433270126488081
0.0309459008997287	-0.0864899832654316	-0.0192384067900597	0.0463371265947106	0.0748010779845427	-0.12330037153263	-0.0445321333005049
0.0317334884387405	-0.0887750927715863	-0.0197609740124766	0.0475592833586864	0.0767216452385017	-0.126560517249493	-0.0457514060298652
0.0325274058523028	-0.0910827219878493	-0.0202893721619898	0.0487933845893108	0.0786584822413861	-0.129852910257803	-0.0469847318157439
0.0333275112282077	-0.0934125770208998	-0.0208235533505297	0.050039270269032	0.0806112665958752	-0.133177134627648	-0.0482320116369965
0.0341336626542468	-0.0957643639774172	-0.0213634696900266	0.0512967803802984	0.0825796759046478	-0.136532774429118	-0.0494931464724779
0.0349457182182124	-0.0981377889640805	-0.021909073292411	0.0525657549055585	0.0845633877703829	-0.139919413732301	-0.0507680373010435
0.0357635360078961	-0.100532558087569	-0.0224603162696133	0.0538460338272605	0.0865620797957595	-0.143336636607284	-0.0520565851015482
0.0365869741110901	-0.102948377454562	-0.0230171507335637	0.0551374571278528	0.0885754295834565	-0.146784027124158	-0.0533586908528474
0.0374158906155861	-0.105384953171739	-0.0235795287961928	0.0564398647897839	0.090603114736153	-0.15026116935301	-0.0546742555337962
0.0382501436091761	-0.107841991345779	-0.0241474025694308	0.0577530967955021	0.0926448128565279	-0.153767647363929	-0.0560031801232496
0.0390895911796521	-0.110319198083361	-0.0247207241652081	0.0590769931274557	0.0947002015472601	-0.157303045227003	-0.057345365600063
0.0399340914148059	-0.112816279491165	-0.0252994456954553	0.0604113937680931	0.0967689584110286	-0.160866947012322	-0.0587007129430915
0.0407835024024295	-0.115332941675869	-0.0258835192721025	0.0617561386998627	0.0988507610505125	-0.164458936789974	-0.0600691231311902
0.0416376822303149	-0.117868890744153	-0.0264728970070802	0.0631110679052128	0.100945287068391	-0.168078598630047	-0.0614504971432143
0.0424964889862539	-0.120423832802697	-0.0270675310123188	0.0644760213665919	0.103052214067342	-0.17172551660263	-0.062844735958019
0.0433597807580384	-0.122997473958179	-0.0276673733997487	0.0658508390664483	0.105171219650046	-0.175399274777811	-0.0642517405544594
0.0442274156334604	-0.125589520317279	-0.0282723762813002	0.0672353609872303	0.107301981419181	-0.17909945722568	-0.0656714119113907
0.0450992517003119	-0.128199677986676	-0.0288824917689037	0.0686294271113864	0.109444176977426	-0.182825648016325	-0.0671036510076681
0.0459751470463847	-0.130827653073049	-0.0294976719744896	0.0700328774213648	0.11159748392746	-0.186577431219833	-0.0685483588221467
0.0468549597594707	-0.133473151683077	-0.0301178690099883	0.071445551899614	0.113761579871962	-0.190354390906295	-0.0700054363336818
0.047738547927362	-0.13613587992344	-0.0307430349873301	0.0728672905285824	0.115936142413612	-0.194156111145798	-0.0714747845211283
0.0486257696378503	-0.138815543900817	-0.0313731220184455	0.0742979332907182	0.118120849155087	-0.197982176008432	-0.0729563043633417
0.0495164829787277	-0.141511849721887	-0.0320080822152648	0.0757373201684699	0.120315377699067	-0.201832169564284	-0.0744498968391769
0.0504105460377861	-0.14422450349333	-0.0326478676897184	0.0771852911442859	0.122519405648232	-0.205705675883443	-0.0759554629274891
0.0513078169028173	-0.146953211321824	-0.0332924305537367	0.0786416862006145	0.124732610605259	-0.209602279035999	-0.0774729036071337
0.0522081536616134	-0.14969767931405	-0.03394172291925	0.080106345319904	0.126954670172829	-0.213521563092038	-0.0790021198569655
0.0531114144019662	-0.152457613576685	-0.0345956968981888	0.0815791084846029	0.129185261953619	-0.217463112121651	-0.08054301265584
0.0540174572116676	-0.15523272021641	-0.0352543046024835	0.0830598156771595	0.13142406355031	-0.221426510194926	-0.0820954829826122
0.0549261401785097	-0.158022705339904	-0.0359174981440643	0.0845483068800222	0.133670752565579	-0.22541134138195	-0.0836594318161373
0.0558373213902843	-0.160827275053845	-0.0365852296348617	0.0860444220756393	0.135925006602106	-0.229417189752814	-0.0852347601352705
0.0567508589347833	-0.163646135464914	-0.037257451186806	0.0875480012464593	0.13818650326257	-0.233443639377605	-0.0868213689188668
0.0576666108997987	-0.166478992679789	-0.0379341149118277	0.0890588843749304	0.140454920149649	-0.237490274326412	-0.0884191591457816
0.0585844353731223	-0.169325552805149	-0.0386151729218571	0.0905769114435011	0.142729934866024	-0.241556678669323	-0.0900280317948699
0.0595041904425462	-0.172185521947675	-0.0393005773288247	0.0921019224346197	0.145011225014372	-0.245642436476428	-0.091647887844987
0.0604257341958622	-0.175058606214045	-0.0399902802446607	0.0936337573307346	0.147298468197372	-0.249747131817815	-0.0932786282749879
0.0613489247208623	-0.177944511710938	-0.0406842337812956	0.0951722561142942	0.149591342017705	-0.253870348763572	-0.0949201540637279
0.0622736201053383	-0.180842944545033	-0.0413823900506597	0.0967172587677468	0.151889524078048	-0.258011671383787	-0.0965723661900622
0.0631996784370823	-0.183753610823011	-0.0420847011646834	0.0982686052735409	0.154192691981081	-0.262170683748551	-0.0982351656328458
0.0641269578038861	-0.18667621665155	-0.0427911192352972	0.0998261356141246	0.156500523329482	-0.26634696992795	-0.099908453370934
0.0650553162935417	-0.189610468137329	-0.0435015963744313	0.101389689771947	0.158812695725931	-0.270540113992075	-0.101592130383182
0.065984611993841	-0.192556071387027	-0.0442160846940162	0.102959107729455	0.161128886773107	-0.274749700011012	-0.103286097648445
0.0669147029925758	-0.195512732507325	-0.0449345363059823	0.104534229469098	0.163448774073688	-0.278975312054852	-0.104990256145577
0.0678454473775383	-0.198480157604901	-0.0456569033222598	0.106114894973325	0.165772035230353	-0.283216534193682	-0.106704506853436
0.0687767032365201	-0.201458052786433	-0.0463831378547793	0.107700944224583	0.168098347845782	-0.287472950497591	-0.108428750750874
0.0697083286573134	-0.204446124158603	-0.0471131920154711	0.109292217205321	0.170427389522654	-0.291744145036668	-0.110162888816748
0.07064018172771	-0.207444077828088	-0.0478470179162655	0.110888553897987	0.172758837863646	-0.296029701881001	-0.111906822029913
0.0715721205355018	-0.210451619901569	-0.048584567669093	0.112489794285031	0.17509237047144	-0.300329205100679	-0.113660451369223
0.0725040031684808	-0.213468456485724	-0.0493257933858839	0.114095778348899	0.177427664948712	-0.30464223876579	-0.115423677813535
0.0734356877144389	-0.216494293687232	-0.0500706471785687	0.115706346072041	0.179764398898143	-0.308968386946423	-0.117196402341703
0.0743670322611679	-0.219528837612773	-0.0508190811590776	0.117321337436904	0.182102249922411	-0.313307233712667	-0.118978525932582
0.07529789489646	-0.222571794369026	-0.0515710474393411	0.118940592425938	0.184440895624195	-0.317658363134611	-0.120769949565028
0.0762281337081068	-0.225622870062671	-0.0523264981312895	0.12056395102159	0.186780013606175	-0.322021359282342	-0.122570574217895
0.0771576067839005	-0.228681770800386	-0.0530853853468533	0.122191253206309	0.189119281471029	-0.326395806225949	-0.12438030087004
0.0780861722116329	-0.231748202688851	-0.0538476611979627	0.123822338962544	0.191458376821436	-0.330781288035521	-0.126199030500316
0.0790136880790959	-0.234821871834745	-0.0546132777965483	0.125457048272742	0.193796977260075	-0.335177388781147	-0.12802666408758
0.0799400124740815	-0.237902484344747	-0.0553821872545404	0.127095221119352	0.196134760389626	-0.339583692532916	-0.129863102610686
0.0808650034843816	-0.240989746325537	-0.0561543416838692	0.128736697484823	0.198471403812766	-0.343999783360914	-0.131708247048489
0.081788519197788	-0.244083363883793	-0.0569296931964654	0.130381317351602	0.200806585132176	-0.348425245335233	-0.133561998379845
0.0827104177020928	-0.247183043126196	-0.0577081939042591	0.132028920702139	0.203139981950533	-0.352859662525959	-0.13542425758361
0.0836305570850879	-0.250288490159424	-0.0584897959191809	0.133679347518881	0.205471271870518	-0.357302619003182	-0.137294925638637
0.0845487954345652	-0.253399411090156	-0.0592744513531609	0.135332437784277	0.207800132494808	-0.361753698836989	-0.139173903523782
0.0854649908383165	-0.256515512025072	-0.0600621123181298	0.136988031480775	0.210126241426084	-0.366212486097471	-0.141061092217901
0.086379001384134	-0.259636499070851	-0.0608527309260178	0.138645968590824	0.212449276267023	-0.370678564854715	-0.142956392699848
0.0872906851598093	-0.262762078334173	-0.0616462592887553	0.140306089096871	0.214768914620306	-0.375151519178809	-0.144859705948479
0.0881999002531346	-0.265891955921715	-0.0624426495182727	0.141968232981367	0.21708483408861	-0.379630933139844	-0.146770932942649
0.0891065047519017	-0.269025837940159	-0.0632418537265004	0.143632240226757	0.219396712274615	-0.384116390807906	-0.148689974661213
0.0900103567439025	-0.272163430496183	-0.0640438240253687	0.145297950815492	0.221704226781	-0.388607476253085	-0.150616732083026
0.0909113143169289	-0.275304439696465	-0.0648485125268081	0.14696520473002	0.224007055210444	-0.393103773545469	-0.152551106186944
0.091809235558773	-0.278448571647687	-0.0656558713427489	0.148633841952788	0.226304875165626	-0.397604866755147	-0.154492997951821
0.0927039785572266	-0.281595532456526	-0.0664658525851215	0.150303702466245	0.228597364249224	-0.402110339952207	-0.156442308356512
0.0935954014000816	-0.284745028229662	-0.0672784083658562	0.15197462625284	0.230884200063918	-0.406619777206738	-0.158398938379874
0.0944833621751299	-0.287896765073774	-0.0680934907968835	0.153646453295021	0.233165060212387	-0.411132762588829	-0.160362789000761
0.0953677189701636	-0.291050449095541	-0.0689110519901338	0.155319023575236	0.235439622297309	-0.415648880168568	-0.162333761198027
0.0962483298729744	-0.294205786401644	-0.0697310440575374	0.156992177075934	0.237707563921364	-0.420167714016045	-0.16431175595053
0.0971250529713544	-0.29736248309876	-0.0705534191110246	0.158665753779563	0.239968562687231	-0.424688848201346	-0.166296674237122
0.0979977463530955	-0.30052024529357	-0.071378129262526	0.160339593668571	0.242222296197588	-0.429211866794561	-0.168288417036661
0.0988662681059895	-0.303678779092751	-0.0722051266239718	0.162013536725407	0.244468442055115	-0.433736353865779	-0.170286885328
0.0997304763178285	-0.306837790602985	-0.0730343633072925	0.163687422932519	0.24670667786249	-0.438261893485088	-0.172291980089995
0.100590229076404	-0.30999698593095	-0.0738657914244183	0.165361092272356	0.248936681222393	-0.442788069722577	-0.174303602301502
0.101445384469509	-0.313156071183324	-0.0746993630872798	0.167034384727365	0.251158129737502	-0.447314466648334	-0.176321652941375
0.102295800584934	-0.316314752466789	-0.0755350304078073	0.168707140279996	0.253370701010497	-0.451840668332448	-0.178346032988469
0.103141335510472	-0.319472735888021	-0.0763727454979311	0.170379198912697	0.255574072644056	-0.456366258845007	-0.18037664342164
0.103981847333914	-0.322629727553702	-0.0772124604695816	0.172050400607915	0.257767922240858	-0.460890822256101	-0.182413385219743
0.104817194143053	-0.32578543357051	-0.0780541274346893	0.1737205853481	0.259951927403583	-0.465413942635816	-0.184456159361633
0.10564723402568	-0.328939560045124	-0.0788976985051845	0.175389593115699	0.262125765734909	-0.469935204054244	-0.186504866826165
0.106471825069588	-0.332091813084224	-0.0797431257929976	0.177057263893162	0.264289114837516	-0.474454190581471	-0.188559408592195
0.107290825362568	-0.335241898794489	-0.0805903614100589	0.178723437662936	0.266441652314082	-0.478970486287587	-0.190619685638577
0.108104092992412	-0.338389523282598	-0.0814393574682988	0.18038795440747	0.268583055767286	-0.48348367524268	-0.192685598944167
0.108911486046912	-0.34153439265523	-0.0822900660796479	0.182050654109212	0.270713002799807	-0.487993341516838	-0.194757049487819
0.10971286261386	-0.344676213019065	-0.0831424393560362	0.18371137675061	0.272831171014324	-0.492499069180151	-0.19683393824839
0.110508080781048	-0.347814690480782	-0.0839964294093944	0.185369962314114	0.274937238013517	-0.497000442302706	-0.198916166204734
0.111296998636267	-0.35094953114706	-0.0848519883516528	0.187026250782171	0.277030881400064	-0.501497044954593	-0.201003634335706
0.112079474267311	-0.354080441124578	-0.0857090682947416	0.188680082137229	0.279111778776644	-0.5059884612059	-0.203096243620162
0.11285536576197	-0.357207126520016	-0.0865676213505915	0.190331296361738	0.281179607745936	-0.510474275126716	-0.205193895036956
0.113624531208037	-0.360329293440053	-0.0874275996311326	0.191979733438145	0.283234045910619	-0.514954070787128	-0.207296489564944
0.114386828693304	-0.363446647991368	-0.0882889552482954	0.193625233348898	0.285274770873372	-0.519427432257226	-0.209403928182981
0.115142116305562	-0.36655889628064	-0.0891516403140103	0.195267636076447	0.287301460236874	-0.523893943607099	-0.211516111869923
0.115890252132603	-0.369665744414549	-0.0900156069402077	0.19690678160324	0.289313791603804	-0.528353188906835	-0.213632941604624
0.11663109426222	-0.372766898499774	-0.0908808072388178	0.198542509911724	0.291311442576841	-0.532804752226522	-0.215754318365939
0.117364500782204	-0.375862064642993	-0.0917471933217711	0.200174660984349	0.293294090758664	-0.537248217636249	-0.217880143132724
0.118090329780347	-0.378950948950887	-0.0926147173009981	0.201803074803562	0.295261413751951	-0.541683169206105	-0.220010316883834
0.118808439344441	-0.382033257530135	-0.093483331288429	0.203427591351812	0.297213089159383	-0.546109191006178	-0.222144740598124
0.119518687562279	-0.385108696487416	-0.0943529873959943	0.205048050611547	0.299148794583638	-0.550525867106557	-0.224283315254449
0.120220932521651	-0.388176971929408	-0.0952236377356243	0.206664292565216	0.301068207627394	-0.554932781577331	-0.226425941831664
0.12091503231035	-0.391237789962792	-0.0960952344192494	0.208276157195268	0.302971005893331	-0.559329518488587	-0.228572521308625
0.121600845016168	-0.394290856694246	-0.0969677295588	0.209883484484149	0.304856866984128	-0.563715661910416	-0.230722954664187
0.122278228726897	-0.39733587823045	-0.0978410752662064	0.21148611441431	0.306725468502464	-0.568090795912904	-0.232877142877204
0.122947041530328	-0.400372560678084	-0.0987152236533992	0.213083886968198	0.308576488051017	-0.572454504566142	-0.235034986926532
0.123607141514254	-0.403400610143825	-0.0995901268323085	0.214676642128261	0.310409603232467	-0.576806371940217	-0.237196387791027
0.124258386766467	-0.406419732734354	-0.100465736914865	0.216264219876948	0.312224491649492	-0.581145982105217	-0.239361246449543
0.124900635374757	-0.40942963455635	-0.101342006012999	0.217846460196708	0.314020830904773	-0.585472919131233	-0.241529463880935
0.125533745426919	-0.412430021716492	-0.10221888623864	0.219423203069988	0.315798298600986	-0.589786767088351	-0.24370094106406
0.126157575010742	-0.415420600321459	-0.10309632970372	0.220994288479238	0.317556572340813	-0.594087110046662	-0.245875578977771
0.12677198221402	-0.418401076477931	-0.103974288520168	0.222559556406904	0.319295329726931	-0.598373532076252	-0.248053278600923
0.127376825124544	-0.421371156292586	-0.104852714799915	0.224118846835437	0.321014248362019	-0.602645617247212	-0.250233940912374
0.127971961830106	-0.424330545872104	-0.105731560654892	0.225671999747283	0.322713005848757	-0.606902949629629	-0.252417466890976
0.128557250418498	-0.427278951323165	-0.106610778197028	0.227218855124892	0.324391279789823	-0.611145113293593	-0.254603757515586
0.129132548977511	-0.430216078752447	-0.107490319538254	0.228759252950712	0.326048747787897	-0.615371692309191	-0.256792713765059
0.129697715594939	-0.43314163426663	-0.1083701367905	0.230293033207192	0.327685087445658	-0.619582270746513	-0.258984236618249
0.130252608358572	-0.436055323972393	-0.109250182065698	0.231820035876779	0.329299976365783	-0.623776432675646	-0.261178227054013
0.130797085356204	-0.438956853976415	-0.110130407475776	0.233340100941921	0.330893092150953	-0.62795376216668	-0.263374586051205
0.131331004675624	-0.441845930385376	-0.111010765132667	0.234853068385069	0.332464112403846	-0.632113843289702	-0.26557321458868
0.131854224404627	-0.444722259305954	-0.111891207148299	0.236358778188669	0.334012714727142	-0.636256260114803	-0.267774013645293
0.132366602631002	-0.447585546844829	-0.112771685634603	0.23785707033517	0.335538576723519	-0.64038059671207	-0.2699768841999
0.132867997442543	-0.450435499108681	-0.11365215270351	0.23934778480702	0.337041375995656	-0.644486437151592	-0.272181727231356
0.133358266927042	-0.453271822204188	-0.114532560466951	0.240830761586669	0.338520790146232	-0.648573365503457	-0.274388443718516
0.133837269172289	-0.456094222238029	-0.115412861036854	0.242305840656563	0.339976496777926	-0.652640965837754	-0.276596934640235
0.134304862266078	-0.458902405316885	-0.116293006525152	0.243772861999152	0.341408173493418	-0.656688822224572	-0.278807100975369
0.1347609042962	-0.461696077547434	-0.117172949043774	0.245231665596884	0.342815497895385	-0.660716518733999	-0.281018843702772
0.135205253350447	-0.464474945036355	-0.11805264070465	0.246682091432208	0.344198147586508	-0.664723639436124	-0.2832320638013
0.135637767516611	-0.467238713890328	-0.118932033619712	0.248123979487571	0.345555800169465	-0.668709768401035	-0.285446662249807
0.136058304882483	-0.469987090216032	-0.119811079900889	0.249557169745422	0.346888133246935	-0.672674489698822	-0.28766254002715
0.136466723535857	-0.472719780120146	-0.120689731660111	0.250981502188209	0.348194824421597	-0.676617387399572	-0.289879598112183
0.136862881564523	-0.47543648970935	-0.12156794100931	0.252396816798381	0.34947555129613	-0.680538045573373	-0.29209773748376
0.137246637056274	-0.478136925090322	-0.122445660060415	0.253802953558387	0.350729991473213	-0.684436048290316	-0.294316859120739
0.137617848098901	-0.480820792369742	-0.123322840925357	0.255199752450674	0.351957822555524	-0.688310979620488	-0.296536864001973
0.137976372780197	-0.483487797654289	-0.124199435716067	0.256587053457691	0.353158722145744	-0.692162423633978	-0.298757653106318
0.138322069187953	-0.486137647050643	-0.125075396544474	0.257964696561886	0.354332367846551	-0.695989964400875	-0.300979127412629
0.138654795409961	-0.488770046665482	-0.125950675522509	0.259332521745707	0.355478437260623	-0.699793185991267	-0.303201187899761
0.138974409534014	-0.491384702605486	-0.126825224762103	0.260690368991604	0.35659660799064	-0.703571672475242	-0.30542373554657
0.139280769647903	-0.493981320977334	-0.127698996375185	0.262038078282024	0.357686557639281	-0.70732500792289	-0.30764667133191
0.13957373383942	-0.496559607887706	-0.128571942473687	0.263375489599416	0.358747963809225	-0.711052776404298	-0.309869896234636
0.139853160196357	-0.49911926944328	-0.129444015169538	0.264702442926228	0.359780504103151	-0.714754561989556	-0.312093311233605
0.140118906806506	-0.501660011750736	-0.130315166574669	0.266018778244908	0.360783856123737	-0.718429948748752	-0.31431681730767
0.140370831757659	-0.504181540916754	-0.13118534880101	0.267324335537905	0.361757697473663	-0.722078520751975	-0.316540315435688
0.140608793137608	-0.506683563048011	-0.132054513960492	0.268618954787668	0.362701705755607	-0.725699862069313	-0.318763706596512
0.140832649034145	-0.509165784251189	-0.132922614165045	0.269902475976644	0.36361555857225	-0.729293556770855	-0.320986891769
0.141042257535061	-0.511627910632965	-0.1337896015266	0.271174739087282	0.364498933526268	-0.732859188926689	-0.323209771932005
0.141237476728149	-0.514069648300019	-0.134655428157087	0.27243558410203	0.365351508220343	-0.736396342606905	-0.325432248064383
0.1414181647012	-0.516490703359031	-0.135520046168435	0.273684851003337	0.366172960257152	-0.739904601881589	-0.327654221144989
0.141584179542006	-0.518890781916679	-0.136383407672577	0.27492237977365	0.366962967239374	-0.743383550820832	-0.329875592152677
0.141735379338361	-0.521269590079643	-0.137245464781441	0.27614801039542	0.367721206769689	-0.746832773494722	-0.332096262066305
0.141871622178054	-0.523626833954602	-0.138106169606959	0.277361582851093	0.368447356450776	-0.750251853973347	-0.334316131864726
0.141992766148878	-0.525962219648235	-0.13896547426106	0.278562937123118	0.369141093885312	-0.753640376326797	-0.336535102526795
0.142098669338626	-0.528275453267222	-0.139823330855676	0.279751913193944	0.369802096675979	-0.756997924625158	-0.338753075031368
0.142189189835089	-0.530566240918242	-0.140679691502736	0.280928351046019	0.370430042425453	-0.760324082938521	-0.340969950357301
0.142264185726058	-0.532834288707974	-0.141534508314171	0.28209209066179	0.371024608736415	-0.763618435336974	-0.343185629483447
0.142323515099327	-0.535079302743097	-0.142387733401911	0.283242972023708	0.371585473211543	-0.766880565890605	-0.345400013388663
0.142367036042686	-0.537300989130291	-0.143239318877887	0.284380835114219	0.372112313453517	-0.770110058669503	-0.347613003051803
0.142394606643929	-0.539499053976235	-0.144089216854029	0.285505519915773	0.372604807065015	-0.773306497743756	-0.349824499451723
0.142406084990845	-0.541673203387607	-0.144937379442267	0.286616866410818	0.373062631648716	-0.776469467183453	-0.352034403567277
0.142401329171229	-0.543823143471088	-0.145783758754532	0.287714714581802	0.3734854648073	-0.779598551058683	-0.354242616377322
0.142380197272871	-0.545948580333356	-0.146628306902754	0.288798904411173	0.373872984143444	-0.782693333439535	-0.356449038860712
0.142342547383563	-0.548049220081092	-0.147470975998864	0.28986927588138	0.374224867259829	-0.785753398396096	-0.358653571996302
0.142288237591098	-0.550124768820973	-0.148311718154792	0.290925668974871	0.374540791759132	-0.788778329998455	-0.360856116762947
0.142217125983267	-0.552174932659679	-0.149150485482468	0.291967923674095	0.374820435244035	-0.791767712316702	-0.363056574139503
0.142129070647862	-0.55419941770389	-0.149987230093823	0.2929958799615	0.375063475317214	-0.794721129420925	-0.365254845104825
0.142023929672676	-0.556197930060285	-0.150821904100787	0.294009377819534	0.375269589581349	-0.797638165381211	-0.367450830637768
0.1419015611455	-0.558170175835543	-0.15165445961529	0.295008257230645	0.375438455639119	-0.80051840426765	-0.369644431717187
0.141761823154125	-0.560115861136343	-0.152484848749263	0.295992358177283	0.375569751093203	-0.803361430150331	-0.371835549321938
0.141604573786345	-0.562034692069365	-0.153313023614636	0.296961520641896	0.37566315354628	-0.806166827099342	-0.374024084430875
0.14142967112995	-0.563926374741287	-0.15413893632334	0.297915584606931	0.375718340601029	-0.808934179184771	-0.376209938022853
0.141236973272733	-0.565790615258789	-0.154962538987305	0.298854390054837	0.375734989860129	-0.811663070476708	-0.378393011076728
0.141026338302486	-0.567627119728551	-0.155783783718461	0.299777776968062	0.375712778926259	-0.81435308504524	-0.380573204571356
0.140797624307	-0.569435594257251	-0.156602622628739	0.300685585329056	0.375651385402098	-0.817003806960457	-0.38275041948559
0.140550689374069	-0.571215744951568	-0.15741900783007	0.301577655120266	0.375550486890324	-0.819614820292446	-0.384924556798287
0.140285391591482	-0.572967277918183	-0.158232891434382	0.30245382632414	0.375409760993617	-0.822185709111297	-0.387095517488301
0.140001589047033	-0.574689899263774	-0.159044225553608	0.303313938923127	0.375228885314656	-0.824716057487098	-0.389263202534488
0.139699139828513	-0.57638331509502	-0.159852962299676	0.304157832899676	0.37500753745612	-0.827205449489938	-0.391427512915702
0.139377902023715	-0.578047231518602	-0.160659053784519	0.304985348236235	0.374745395020688	-0.829653469189905	-0.3935883496108
0.139037733720429	-0.579681354641196	-0.161462452120065	0.305796324915251	0.374442135611038	-0.832059700657088	-0.395745613598636
0.138678493006449	-0.581285390569485	-0.162263109418246	0.306590602919175	0.37409743682985	-0.834423727961576	-0.397899205858065
0.138300037969566	-0.582859045410145	-0.163060977790991	0.307368022230453	0.373710976279803	-0.836745135173456	-0.400049027367942
0.137902226697572	-0.584402025269858	-0.163856009350232	0.308128422831534	0.373282431563575	-0.839023506362819	-0.402194979107123
0.137484917278258	-0.585914036255301	-0.164648156207898	0.308871644704866	0.372811480283845	-0.841258425599751	-0.404336962054463
0.137047967799418	-0.587394784473155	-0.165437370475921	0.309597527832899	0.372297800043294	-0.843449476954343	-0.406474877188817
0.136591236348842	-0.588843976030098	-0.166223604266229	0.31030591219808	0.371741068444599	-0.845596244496681	-0.40860862548904
0.136114581014323	-0.590261317032809	-0.167006809690754	0.310996637782858	0.371140963090439	-0.847698312296856	-0.410738107933987
0.135617859883652	-0.591646513587969	-0.167786938861427	0.31166954456968	0.370497161583494	-0.849755264424955	-0.412863225502514
0.135100931044622	-0.592999271802255	-0.168563943890176	0.312324472540997	0.369809341526442	-0.851766684951068	-0.414983879173476
0.134563652585024	-0.594319297782348	-0.169337776888934	0.312961261679254	0.369077180521963	-0.853732157945282	-0.417099969925727
0.134005882592651	-0.595606297634927	-0.170108389969629	0.313579751966902	0.368300356172735	-0.855651267477687	-0.419211398738123
0.133427479155294	-0.596859977466671	-0.170875735244194	0.314179783386389	0.367478546081437	-0.857523597618371	-0.421318066589519
0.132828300360745	-0.598080043384259	-0.171639764824557	0.314761195920163	0.366611427850749	-0.859348732437422	-0.423419874458771
0.132208204296797	-0.599266201494369	-0.172400430822649	0.315323829550671	0.365698679083349	-0.861126256004929	-0.425516723324732
0.13156704905124	-0.600418157903683	-0.173157685350402	0.315867524260364	0.364739977381917	-0.862855752390981	-0.42760851416626
0.130904692711867	-0.601535618718879	-0.173911480519744	0.316392120031688	0.36373500034913	-0.864536805665666	-0.429695147962209
0.130220993366471	-0.602618290046635	-0.174661768442607	0.316897456847093	0.362683425587669	-0.866168999899074	-0.431776525691433
0.129515809102842	-0.603665877993633	-0.175408501230921	0.317383374689026	0.361584930700212	-0.867751919161292	-0.433852548332788
0.128788998008772	-0.60467808866655	-0.176151630996616	0.317849713539937	0.360439193289438	-0.869285147522408	-0.43592311686513
0.128040418172055	-0.605654628172065	-0.176891109851622	0.318296313382273	0.359245890958027	-0.870768269052513	-0.437988132267313
0.127269927680481	-0.606595202616859	-0.177626889907871	0.318723014198483	0.358004701308656	-0.872200867821694	-0.440047495518193
0.126477384621843	-0.60749951810761	-0.178358923277292	0.319129655971015	0.356715301944006	-0.87358252790004	-0.442101107596625
0.125662647083932	-0.608367280750997	-0.179087162071816	0.319516078682318	0.355377370466754	-0.874912833357638	-0.444148869481463
0.12482557315454	-0.609198196653701	-0.179811558403373	0.319882122314839	0.353990584479581	-0.87619136826458	-0.446190682151564
0.12396602092146	-0.6099919719224	-0.180532064383893	0.320227626851028	0.352554621585165	-0.877417716690952	-0.448226446585782
0.123083848472483	-0.610748312663772	-0.181248632125308	0.320552432273333	0.351069159386185	-0.878591462706843	-0.450256063762972
0.122178913895401	-0.611466924984499	-0.181961213739546	0.320856378564202	0.349533875485319	-0.879712190382342	-0.45227943466199
0.121251075278006	-0.612147514991258	-0.18266976133854	0.321139305706083	0.347948447485248	-0.880779483787537	-0.454296460261691
0.12030019070809	-0.612789788790729	-0.183374227034218	0.321401053681424	0.346312552988649	-0.881792926992517	-0.45630704154093
0.119326118273446	-0.613393452489592	-0.184074562938512	0.321641462472676	0.344625869598203	-0.882752104067371	-0.458311079478562
0.118328716061863	-0.613958212194525	-0.184770721163351	0.321860372062284	0.342888074916587	-0.883656599082187	-0.460308475053442
0.117307842161136	-0.614483774012208	-0.185462653820667	0.322057622432699	0.341098846546481	-0.884505996107054	-0.462299129244426
0.116263354659056	-0.614969844049321	-0.186150313022389	0.322233053566367	0.339257862090564	-0.88529987921206	-0.464282943030368
0.115195111643414	-0.615416128412541	-0.186833650880449	0.322386505445739	0.337364799151514	-0.886037832467294	-0.466259817390124
0.114102971202003	-0.615822333208549	-0.187512619506775	0.322517818053261	0.335419335332011	-0.886719439942844	-0.468229653302549
0.112986791422614	-0.616188164544023	-0.1881871710133	0.322626831371383	0.333421148234734	-0.8873442857088	-0.470192351746498
0.111846430393039	-0.616513328525644	-0.188857257511952	0.322713385382552	0.331369915462362	-0.887911953835249	-0.472147813700826
0.110681746201071	-0.61679753126009	-0.189522831114663	0.322777320069218	0.329265314617573	-0.888422028392281	-0.474095940144389
0.109492596934501	-0.617040478854041	-0.190183843933363	0.322818475413828	0.327107023303047	-0.888874093449984	-0.476036632056041
0.108278840681121	-0.617241877414175	-0.190840248079982	0.322836691398831	0.324894719121463	-0.889267733078446	-0.477969790414638
0.107040335528724	-0.617401433047172	-0.19149199566645	0.322831808006675	0.322628079675498	-0.889602531347756	-0.479895316199035
0.1057769395651	-0.617518851859712	-0.192139038804699	0.322803665219809	0.320306782567834	-0.889878072328002	-0.481813110388087
0.104488510878042	-0.617593839958473	-0.192781329606658	0.32275210302068	0.317930505401148	-0.890093940089274	-0.48372307396065
0.103174907555343	-0.617626103450135	-0.193418820184258	0.322676961391738	0.31549892577812	-0.89024971870166	-0.485625107895578
0.101835987684793	-0.617615348441376	-0.194051462649429	0.322578080315431	0.313011721301428	-0.890344992235248	-0.487519113171726
0.100471609354184	-0.617561281038877	-0.194679209114101	0.322455299774207	0.310468569573751	-0.890379344760127	-0.489404990767951
0.0990816306513098	-0.617463607349317	-0.195302011690205	0.322308459750514	0.307869148197769	-0.890352360346387	-0.491282641663106
0.0976659096639608	-0.617322033479374	-0.195919822489672	0.3221374002268	0.30521313477616	-0.890263623064113	-0.493151966836047
0.0962243044799294	-0.617136265535728	-0.196532593624431	0.321941961185516	0.302500206911604	-0.890112716983397	-0.49501286726563
0.0947566731870071	-0.616906009625059	-0.197140277206413	0.321721982609107	0.299730042206779	-0.889899226174326	-0.496865243930709
0.0932628738729864	-0.616630971854044	-0.197742825347549	0.321477304480024	0.296902318264364	-0.88962273470699	-0.498708997810139
0.091742764625659	-0.616310858329365	-0.198340190159768	0.321207766780714	0.294016712687039	-0.889282826651475	-0.500544029882777
0.0901962035328168	-0.6159453751577	-0.198932323755002	0.320913209493625	0.291072903077482	-0.888879086077872	-0.502370241127476
0.0886230486822517	-0.615534228445728	-0.19951917824518	0.320593472601207	0.288070567038372	-0.888411097056269	-0.504187532523092
0.0870231581617555	-0.615077124300128	-0.200100705742233	0.320248396085906	0.285009382172388	-0.887878443656754	-0.505995805048481
0.0853963900591203	-0.614573768827579	-0.200676858358092	0.319877819930173	0.281889026082209	-0.887280709949415	-0.507794959682497
0.083742602462138	-0.614023868134763	-0.201247588204686	0.319481584116454	0.278709176370514	-0.886617480004343	-0.509584897403996
0.0820616534586008	-0.613427128328355	-0.201812847393946	0.319059528627199	0.275469510639983	-0.885888337891624	-0.511365519191832
0.0803534011363002	-0.612783255515038	-0.202372588037803	0.318611493444856	0.272169706493294	-0.885092867681349	-0.513136726024862
0.0786177035830281	-0.612091955801489	-0.202926762248186	0.318137318551874	0.268809441533125	-0.884230653443604	-0.514898418881939
0.0768544188865767	-0.611352935294388	-0.203475322137027	0.317636843930699	0.265388393362157	-0.883301279248479	-0.51665049874192
0.0750634051347379	-0.610565900100414	-0.204018219816255	0.317109909563782	0.261906239583067	-0.882304329166063	-0.518392866583659
0.0732445204153035	-0.609730556326247	-0.204555407397802	0.31655635543357	0.258362657798536	-0.881239387266443	-0.520125423386012
0.0713976228160654	-0.608846610078565	-0.205086836993596	0.315976021522512	0.254757325611242	-0.88010603761971	-0.521848070127833
0.0695225704248158	-0.607913767464048	-0.20561246071557	0.315368747813055	0.251089920623863	-0.87890386429595	-0.523560707787979
0.0676192213293462	-0.606931734589375	-0.206132230675652	0.31473437428765	0.247360120439079	-0.877632451365253	-0.525263237345303
0.065687433617449	-0.605900217561226	-0.206646098985774	0.314072740928743	0.24356760265957	-0.876291382897708	-0.526955559778662
0.0637270653769156	-0.604818922486279	-0.207154017757866	0.313383687718783	0.239712044888013	-0.874880242963403	-0.52863757606691
0.0617379746955383	-0.603687555471214	-0.207655939103858	0.312667054640219	0.235793124727087	-0.873398615632427	-0.530309187188903
0.0597200196611088	-0.60250582262271	-0.208151815135681	0.311922681675498	0.231810519779473	-0.871846084974867	-0.531970294123495
0.0576730583614193	-0.601273430047447	-0.208641597965265	0.31115040880707	0.227763907647848	-0.870222235060813	-0.533620797849543
0.0555969488842617	-0.599990083852104	-0.20912523970454	0.310350076017382	0.223652965934892	-0.868526649960354	-0.535260599345901
0.0534915493174277	-0.598655490143359	-0.209602692465438	0.309521523288884	0.219477372243284	-0.866758913743578	-0.536889599591423
0.0513567177487093	-0.597269355027892	-0.210073908359887	0.308664590604023	0.215236804175702	-0.864918610480573	-0.538507699564966
0.0491923122658985	-0.595831384612383	-0.210538839499818	0.307779117945247	0.210930939334826	-0.863005324241428	-0.540114800245385
0.0469981909567869	-0.594341285003509	-0.210997437997163	0.306864945295006	0.206559455323335	-0.861018639096232	-0.541710802611535
0.0447742119091671	-0.592798762307953	-0.211449655963851	0.305921912635748	0.202122029743907	-0.858958139115073	-0.54329560764227
0.0425202332108303	-0.591203522632391	-0.211895445511813	0.304949859949919	0.197618340199222	-0.85682340836804	-0.544869116316447
0.0402593854223792	-0.589580450434862	-0.212342488975621	0.30396195158589	0.193088195899026	-0.854646353948053	-0.546422195752138
0.0380148937125543	-0.587954626102287	-0.212798500615226	0.302971458570402	0.188571620984611	-0.852459160234638	-0.547945779081514
0.0357867580813557	-0.586326049634663	-0.21326348043063	0.301978380903455	0.184068615455979	-0.850261827227796	-0.549439866304576
0.0335749785287835	-0.584694721031993	-0.213737428421831	0.300982718585047	0.17957917931313	-0.848054354927526	-0.550904457421322
0.0313795550548376	-0.583060640294274	-0.21422034458883	0.299984471615178	0.175103312556062	-0.845836743333828	-0.552339552431754
0.0292004876595179	-0.581423807421509	-0.214712228931627	0.298983639993849	0.170641015184777	-0.843608992446704	-0.553745151335871
0.0270377763428247	-0.579784222413696	-0.215213081450222	0.29798022372106	0.166192287199275	-0.841371102266151	-0.555121254133672
0.0248914211047577	-0.578141885270835	-0.215722902144615	0.29697422279681	0.161757128599554	-0.839123072792171	-0.556467860825159
0.0227614219453171	-0.576496795992927	-0.216241691014805	0.2959656372211	0.157335539385616	-0.836864904024764	-0.557784971410331
0.0206477788645027	-0.574848954579971	-0.216769448060794	0.294954466993929	0.15292751955746	-0.834596595963929	-0.559072585889187
0.0185504918623147	-0.573198361031968	-0.21730617328258	0.293940712115297	0.148533069115086	-0.832318148609667	-0.560330704261729
0.0164695609387531	-0.571545015348918	-0.217851866680165	0.292924372585206	0.144152188058495	-0.830029561961978	-0.561559326527956
0.0144049860938177	-0.569888917530819	-0.218406528253547	0.291905448403653	0.139784876387686	-0.827730836020861	-0.562758452687868
0.0123567673275087	-0.568230067577674	-0.218970158002727	0.290883939570641	0.135431134102659	-0.825421970786316	-0.563928082741465
0.0103249046398259	-0.566568465489481	-0.219542755927705	0.289859846086167	0.131090961203415	-0.823102966258344	-0.565068216688747
0.00830939803076955	-0.564904111266241	-0.220124322028481	0.288833167950234	0.126764357689952	-0.820773822436944	-0.566178854529714
0.00631024750033947	-0.563237004907953	-0.220714856305055	0.28780390516284	0.122451323562272	-0.818434539322117	-0.567259996264366
0.00432745304853571	-0.561567146414617	-0.221314358757427	0.286772057723985	0.118151858820375	-0.816085116913863	-0.568311641892704
0.00236101467535828	-0.559894535786235	-0.221922829385596	0.28573762563367	0.113865963464259	-0.813725555212181	-0.569333791414726
0.000410932380807157	-0.558219173022804	-0.222540268189564	0.284700608891895	0.109593637493926	-0.811355854217072	-0.570326444830433
-0.00152279383511764	-0.556541058124327	-0.223166675169329	0.283661007498659	0.105334880909376	-0.808976013928535	-0.571289602139825
-0.00344016397241612	-0.554860191090801	-0.223802050324892	0.282618821453962	0.101089693710607	-0.806586034346571	-0.572223263342903
-0.00534117803108828	-0.553176571922229	-0.224446393656253	0.281574050757805	0.0968580758976209	-0.804185915471179	-0.573127428439665
-0.00722583601113411	-0.551490200618608	-0.225099705163412	0.280526695410188	0.092640027470417	-0.80177565730236	-0.574002097430113
-0.00909413791255363	-0.549801077179941	-0.225761984846369	0.27947675541111	0.0884355484289953	-0.799355259840113	-0.574847270314245
-0.0109460837353468	-0.548109201606226	-0.226433232705124	0.278424230760572	0.084244638773356	-0.796924723084439	-0.575662947092063
-0.0127816734795137	-0.546414573897463	-0.227113448739677	0.277369121458573	0.080067298503499	-0.794484047035337	-0.576449127763566
-0.0146009071450542	-0.544717194053653	-0.227802632950027	0.276311427505114	0.0759035276194242	-0.792033231692808	-0.577205812328753
-0.0164037847319685	-0.543017062074795	-0.228500785336175	0.275251148900194	0.0717533261211317	-0.789572277056852	-0.577933000787626
-0.0181903062402564	-0.54131417796089	-0.229207905898122	0.274188285643814	0.0676166940086215	-0.787101183127468	-0.578630693140184
-0.019960471669918	-0.539608541711938	-0.229923994635866	0.273122837735973	0.0634936312818936	-0.784619949904656	-0.579298889386427
-0.0217142810209533	-0.537900153327938	-0.230649051549408	0.272054805176672	0.059384137940948	-0.782128577388417	-0.579937589526355
-0.0234517342933622	-0.53618901280889	-0.231383076638748	0.270984187965911	0.0552882139857847	-0.779627065578751	-0.580546793559968
-0.0251728314871449	-0.534475120154795	-0.232126069903886	0.269910986103689	0.0512058594164036	-0.777115414475657	-0.581126501487266
-0.0268775726023012	-0.532758475365653	-0.232878031344822	0.268835199590006	0.0471370742328049	-0.774593624079135	-0.581676713308249
-0.0285659576388311	-0.531039078441463	-0.233638960961555	0.267756828424863	0.0430818584349884	-0.772061694389187	-0.582197429022917
-0.0302379865967348	-0.529316929382226	-0.234408858754087	0.26667587260826	0.0390402120229542	-0.76951962540581	-0.58268864863127
-0.0318936594760122	-0.527592028187941	-0.235187724722416	0.265592332140196	0.0350121349967023	-0.766967417129007	-0.583150372133308
-0.0335329762766632	-0.525864374858609	-0.235975558866544	0.264506207020672	0.0309976273562327	-0.764405069558775	-0.583582599529032
-0.0351559369986879	-0.524133969394229	-0.236772361186469	0.263417497249687	0.0269966891015454	-0.761832582695117	-0.58398533081844
-0.0367625416420863	-0.522400811794802	-0.237578131682192	0.262326202827242	0.0230093202326404	-0.759249956538031	-0.584358566001533
-0.0383527902068584	-0.520664902060327	-0.238392870353713	0.261232323753336	0.0190355207495176	-0.756657191087517	-0.584702305078312
-0.0399266826930041	-0.518926240190805	-0.239216577201032	0.26013586002797	0.0150752906521772	-0.754054286343576	-0.585016548048775
-0.0414842191005236	-0.517184826186235	-0.240049252224148	0.259036811651143	0.011128629940619	-0.751441242306207	-0.585301294912924
-0.0430253994294167	-0.515440660046618	-0.240890895423063	0.257935178622856	0.0071955386148431	-0.748818058975411	-0.585556545670757
-0.0445502236796834	-0.513693741771953	-0.241741506797776	0.256830960943108	0.00327601667484949	-0.746184736351188	-0.585782300322276
-0.0460586918513239	-0.511944071362241	-0.242601086348286	0.2557241586119	-0.00062993587936183	-0.743541274433537	-0.58597855886748
-0.0475508039443381	-0.510191648817482	-0.243469634074594	0.254614771629232	-0.00452231904779086	-0.740887673222459	-0.586145321306368
-0.0490265599587259	-0.508436474137675	-0.244347149976701	0.253502799995103	-0.00840113283043761	-0.738223932717953	-0.586282587638942
-0.0504859598944874	-0.50667854732282	-0.245233634054605	0.252388243709513	-0.012266377227302	-0.735550052920019	-0.586390357865201
-0.0519290037516226	-0.504917868372918	-0.246129086308307	0.251271102772463	-0.0161180522383842	-0.732866033828659	-0.586468631985145
-0.0533556915301314	-0.503154437287969	-0.247033506737806	0.250151377183953	-0.0199561578636841	-0.73017187544387	-0.586517409998774
-0.054766023230014	-0.501388254067972	-0.247946895343104	0.249029066943982	-0.0237806941032017	-0.727467577765655	-0.586536691906088
-0.0561599988512702	-0.499619318712928	-0.2488692521242	0.247904172052551	-0.027591660956937	-0.724753140794011	-0.586526477707087
-0.0575376183939001	-0.497847631222836	-0.249800577081093	0.246776692509659	-0.03138905842489	-0.722028564528941	-0.586486767401771
-0.0588988818579037	-0.496073191597697	-0.250740870213785	0.245646628315307	-0.0351728865070607	-0.719293848970443	-0.58641756099014
-0.060243789243281	-0.49429599983751	-0.251690131522274	0.244513979469494	-0.0389431452034492	-0.716548994118517	-0.586318858472194
-0.0615723405500319	-0.492516055942275	-0.252648361006561	0.243378745972221	-0.0426998345140553	-0.713793999973164	-0.586190659847933
-0.0628845357781565	-0.490733359911994	-0.253615558666646	0.242240927823487	-0.0464429544388792	-0.711028866534384	-0.586032965117358
-0.0641803749276548	-0.488947911746665	-0.254591724502529	0.241100525023293	-0.0501725049779208	-0.708253593802176	-0.585845774280467
-0.0654598579985268	-0.487159711446288	-0.25557685851421	0.239957537571638	-0.0538884861311801	-0.70546818177654	-0.585629087337261
-0.0667229849907725	-0.485368759010864	-0.256570960701689	0.238811965468523	-0.0575908978986571	-0.702672630457477	-0.585382904287741
-0.0679697559043918	-0.483575054440392	-0.257574031064965	0.237663808713948	-0.0612797402803518	-0.699866939844987	-0.585107225131905
-0.0692001707393848	-0.481778597734873	-0.25858606960404	0.236513067307912	-0.0649550132762643	-0.697051109939069	-0.584802049869755
-0.0704142294957515	-0.479979388894306	-0.259607076318912	0.235359741250415	-0.0686167168863944	-0.694225140739724	-0.584467378501289
-0.0716119321734919	-0.478177427918692	-0.260637051209582	0.234203830541459	-0.0722648511107423	-0.691389032246951	-0.584103211026509
-0.072793278772606	-0.476372714808031	-0.26167599427605	0.233045335181041	-0.0758994159493079	-0.688542784460751	-0.583709547445414
-0.0739582692930937	-0.474565249562322	-0.262723905518316	0.231884255169163	-0.0795204114020911	-0.685686397381123	-0.583286387758004
-0.0751069037349552	-0.472755032181565	-0.26378078493638	0.230720590505825	-0.0831278374690921	-0.682819871008068	-0.582833731964278
-0.0762391820981903	-0.470942062665761	-0.264846632530242	0.229554341191026	-0.0867216941503108	-0.679943205341585	-0.582351580064238
-0.077355104382799	-0.46912634101491	-0.265921448299902	0.228385507224767	-0.0903019814457472	-0.677056400381675	-0.581839932057883
-0.0784546705887815	-0.467307867229011	-0.267005232245359	0.227214088607047	-0.0938686993554014	-0.674159456128337	-0.581298787945213
-0.0795378807161376	-0.465486641308065	-0.268097984366615	0.226040085337867	-0.0974218478792732	-0.671252372581573	-0.580728147726228
-0.0806047347648674	-0.463662663252071	-0.269199704663668	0.224863497417227	-0.100961427017363	-0.66833514974138	-0.580128011400928
-0.0816552327349709	-0.46183593306103	-0.27031039313652	0.223684324845125	-0.10448743676967	-0.66540778760776	-0.579498378969313
-0.0826893746264481	-0.460006450734941	-0.271430049785169	0.222502567621564	-0.107999877136195	-0.662470286180712	-0.578839250431383
-0.083707160439299	-0.458174216273805	-0.272558674609616	0.221318225746542	-0.111498748116938	-0.659522645460238	-0.578150625787139
-0.0847085901735235	-0.456339229677621	-0.273696267609861	0.220131299220059	-0.114984049711898	-0.656564865446335	-0.577432505036579
-0.0856936638291217	-0.45450149094639	-0.274842828785903	0.218941788042116	-0.118455781921076	-0.653596946139005	-0.576684888179704
-0.0866623814060936	-0.452661000080111	-0.275998358137744	0.217749692212713	-0.121913944744472	-0.650618887538248	-0.575907775216514
-0.0876147429044392	-0.450817757078785	-0.277162855665383	0.216555011731849	-0.125358538182086	-0.647630689644063	-0.57510116614701
-0.0885507483241584	-0.448971761942411	-0.278336321368819	0.215357746599525	-0.128789562233917	-0.644632352456451	-0.57426506097119
-0.0894703976652514	-0.44712301467099	-0.279518755248054	0.21415789681574	-0.132207016899966	-0.641623875975412	-0.573399459689056
-0.090373690927718	-0.445271515264522	-0.280710157303086	0.212955462380495	-0.135610902180233	-0.638605260200944	-0.572504362300607
-0.0912606281115583	-0.443417263723006	-0.281910527533916	0.211750443293789	-0.139001218074717	-0.63557650513305	-0.571579768805842
-0.0921312092167723	-0.441560260046442	-0.283119865940544	0.210542839555623	-0.142377964583419	-0.632537610771728	-0.570625679204763
-0.0929854342433599	-0.439700504234831	-0.28433817252297	0.209332651165996	-0.145741141706339	-0.629488577116978	-0.569642093497368
-0.0938233031913213	-0.437837996288173	-0.285565447281194	0.208119878124909	-0.149090749443477	-0.626429404168801	-0.568629011683659
-0.0946448160606563	-0.435972736206467	-0.286801690215215	0.206904520432361	-0.152426787794832	-0.623360091927197	-0.567586433763635
-0.095449972851365	-0.434104723989714	-0.288046901325035	0.205686578088353	-0.155749256760405	-0.620280640392165	-0.566514359737296
-0.0962387735634473	-0.432233959637913	-0.289301080610652	0.204466051092885	-0.159058156340196	-0.617191049563705	-0.565412789604642
-0.0970112181969034	-0.430360443151064	-0.290564228072068	0.203242939445956	-0.162353486534204	-0.614091319441818	-0.564281723365673
-0.0977673067517331	-0.428484174529169	-0.291836343709281	0.202017243147566	-0.16563524734243	-0.610981450026504	-0.563121161020389
-0.0985070392279365	-0.426605153772225	-0.293117427522292	0.200788962197716	-0.168903438764874	-0.607861441317762	-0.56193110256879
-0.0992304156255136	-0.424723380880235	-0.294407479511101	0.199558096596406	-0.172158060801535	-0.604731293315593	-0.560711548010876
-0.0999374359444644	-0.422838855853196	-0.295706499675708	0.198324646343635	-0.175399113452415	-0.601591006019996	-0.559462497346647
-0.100628100184789	-0.420951578691111	-0.297014488016113	0.197088611439404	-0.178626596717512	-0.598440579430972	-0.558183950576103
-0.101302408346487	-0.419061549393978	-0.298331444532315	0.195849991883712	-0.181840510596826	-0.59528001354852	-0.556875907699245
-0.101960360429559	-0.417168767961797	-0.299657369224316	0.19460878767656	-0.185040855090359	-0.592109308372641	-0.555538368716071
-0.102601956434004	-0.415273234394569	-0.300992262092114	0.193364998817947	-0.188227630198109	-0.588928463903335	-0.554171333626582
-0.103227196359823	-0.413374948692293	-0.30233612313571	0.192118625307874	-0.191400835920077	-0.5857374801406	-0.552774802430779
-0.103836080207016	-0.41147391085497	-0.303688952355105	0.19086966714634	-0.194560472256262	-0.582536357084439	-0.55134877512866
-0.104428607975583	-0.4095701208826	-0.305050749750297	0.189618124333346	-0.197706539206665	-0.57932509473485	-0.549893251720227
-0.105004779665523	-0.407663578775182	-0.306421515321287	0.188363996868891	-0.200839036771286	-0.576103693091834	-0.548408232205478
-0.105564595276837	-0.405754284532716	-0.307801249068075	0.187107284752976	-0.203957964950125	-0.57287215215539	-0.546893716584415
-0.106108054809524	-0.403842238155203	-0.30918995099066	0.185847987985601	-0.207063323743182	-0.569630471925518	-0.545349704857037
-0.106635158263586	-0.401927439642643	-0.310587621089044	0.184586106566765	-0.210155113150456	-0.566378652402219	-0.543776197023343
-0.107145905639021	-0.400009888995035	-0.311994259363226	0.183321640496468	-0.213233333171947	-0.563116693585493	-0.542173193083335
-0.107640296935829	-0.39808958621238	-0.313409865813205	0.182054589774712	-0.216297983807657	-0.559844595475339	-0.540540693037012
-0.108118332154012	-0.396166531294677	-0.314834440438982	0.180784954401494	-0.219349065057584	-0.556562358071758	-0.538878696884374
-0.108580011293568	-0.394240724241926	-0.316267983240557	0.179512734376816	-0.222386576921729	-0.553269981374749	-0.537187204625421
-0.109025334354497	-0.392312165054129	-0.317710494217931	0.178237929700678	-0.225410519400092	-0.549967465384313	-0.535466216260153
-0.1094543013368	-0.390380853731283	-0.319161973371101	0.176960540373079	-0.228420892492672	-0.546654810100449	-0.53371573178857
-0.109866912240477	-0.388446790273391	-0.32062242070007	0.17568056639402	-0.23141769619947	-0.543332015523158	-0.531935751210672
-0.110263167065528	-0.38650997468045	-0.322091836204837	0.1743980077635	-0.234400930520486	-0.53999908165244	-0.530126274526459
-0.110643065811953	-0.384570406952463	-0.323570219885402	0.17311286448152	-0.23737059545572	-0.536656008488294	-0.528287301735931
-0.111006608479751	-0.382628087089428	-0.325057571741764	0.171825136548079	-0.240326691005171	-0.53330279603072	-0.526418832839089
-0.111353795068922	-0.380683015091345	-0.326553891773925	0.170534823963178	-0.24326921716884	-0.529939444279719	-0.524520867835931
-0.111684625579468	-0.378735190958215	-0.328059179981883	0.169241926726817	-0.246198173946726	-0.526565953235291	-0.522593406726458
-0.111999100011387	-0.376784614690037	-0.329573436365639	0.167946444838995	-0.249113561338831	-0.523182322897435	-0.520636449510671
-0.11229721836468	-0.374831286286812	-0.331096660925193	0.166648378299712	-0.252015379345153	-0.519788553266151	-0.518649996188568
-0.112578980639346	-0.37287520574854	-0.332628853660545	0.165347727108969	-0.254903627965693	-0.516384644341441	-0.516634046760151
-0.112844386835386	-0.37091637307522	-0.334170014571695	0.164044491266766	-0.25777830720045	-0.512970596123302	-0.514588601225418
-0.1130934369528	-0.368954788266852	-0.335720143658643	0.162738670773102	-0.260639417049425	-0.509546408611737	-0.512513659584371
-0.113326130991587	-0.366990451323437	-0.337279240921388	0.161430265627978	-0.263486957512618	-0.506112081806743	-0.510409221837008
-0.113542468951749	-0.365023362244975	-0.338847306359932	0.160119275831393	-0.266320928590029	-0.502667615708323	-0.508275287983331
-0.113742450833283	-0.363053521031465	-0.340424339974273	0.158805701383348	-0.269141330281657	-0.499213010316474	-0.506111858023339
-0.113926076636192	-0.361080927682908	-0.342010341764412	0.157489542283842	-0.271948162587503	-0.495748265631199	-0.503918931957032
-0.114093346360474	-0.359105582199303	-0.34360531173035	0.156170798532876	-0.274741425507567	-0.492273381652496	-0.501696509784409
-0.11424426000613	-0.357127484580651	-0.345209249872085	0.154849470130449	-0.277521119041849	-0.488788358380365	-0.499444591505472
-0.11437881757316	-0.355146634826951	-0.346822156189618	0.153525557076562	-0.280287243190348	-0.485293195814807	-0.49716317712022
-0.114497019061563	-0.353163032938204	-0.348444030682948	0.152199059371214	-0.283039797953065	-0.481787893955822	-0.494852266628654
-0.11459886447134	-0.351176678914409	-0.350074873352077	0.150869977014406	-0.285778783329999	-0.478272452803409	-0.492511860030771
-0.11468435380249	-0.349187572755567	-0.351714684197004	0.149538310006137	-0.288504199321152	-0.474746872357568	-0.490141957326575
-0.114753487055015	-0.347195714461677	-0.353363463217728	0.148204058346408	-0.291216045926522	-0.4712111526183	-0.487742558516063
-0.114806264228913	-0.34520110403274	-0.355021210414251	0.146867222035219	-0.29391432314611	-0.467665293585605	-0.485313663599236
-0.114842685324184	-0.343203741468755	-0.356687925786571	0.145527801072569	-0.296599030979915	-0.464109295259482	-0.482855272576094
-0.114862750340829	-0.341203626769723	-0.358363609334689	0.144185795458459	-0.299270169427938	-0.460543157639932	-0.480367385446638
-0.114866459278849	-0.339200759935644	-0.360048261058605	0.142841205192888	-0.301927738490179	-0.456966880726954	-0.477850002210866
-0.114853812138241	-0.337195140966517	-0.361741880958319	0.141494030275856	-0.304571738166638	-0.453380464520549	-0.475303122868779
-0.114824808919008	-0.335186769862342	-0.363444469033831	0.140144270707365	-0.307202168457314	-0.449783909020716	-0.472726747420378
-0.114779449621148	-0.33317564662312	-0.36515602528514	0.138791926487412	-0.309819029362208	-0.446177214227456	-0.470120875865661
-0.114717734244661	-0.331161771248851	-0.366876549712248	0.137436997616	-0.31242232088132	-0.442560380140768	-0.46748550820463
-0.114639662789549	-0.329145143739534	-0.368606042315153	0.136079484093126	-0.315012043014649	-0.438933406760653	-0.464820644437283
-0.11454523525581	-0.32712576409517	-0.370344503093857	0.134719385918793	-0.317588195762197	-0.435296294087111	-0.462126284563622
-0.114434451643445	-0.325103632315758	-0.372091932048358	0.133356703092999	-0.320150779123962	-0.431649042120141	-0.459402428583646
-0.114307311952453	-0.323078748401299	-0.373848329178657	0.131991435615744	-0.322699793099944	-0.427991650859743	-0.456649076497355
-0.114163816182835	-0.321051112351792	-0.375613694484754	0.130623583487029	-0.325235237690145	-0.424324120305918	-0.453866228304748
-0.114003964334591	-0.319020724167238	-0.377388027966649	0.129253146706853	-0.327757112894563	-0.420646450458666	-0.451053884005827
-0.11382775640772	-0.316987583847636	-0.379171329624342	0.127880125275217	-0.330265418713198	-0.416958641317986	-0.448212043600591
-0.113635192402223	-0.314951691392987	-0.380963599457833	0.126504519192121	-0.332760155146052	-0.413260692883879	-0.44534070708904
-0.1134262723181	-0.31291304680329	-0.382764837467121	0.125126328457564	-0.335241322193123	-0.409552605156344	-0.442439874471174
-0.113200996155351	-0.310871650078546	-0.384575043652208	0.123745553071547	-0.337708919854412	-0.405834378135382	-0.439509545746993
-0.112959363913975	-0.308827501218754	-0.386394218013092	0.122362193034069	-0.340162948129919	-0.402106011820992	-0.436549720916498
-0.112701375593973	-0.306780600223915	-0.388222360549774	0.120976248345131	-0.342603407019643	-0.398367506213175	-0.433560399979687
-0.112427031195344	-0.304730947094028	-0.390059471262254	0.119587719004732	-0.345030296523585	-0.39461886131193	-0.430541582936561
-0.11213633071809	-0.302678541829094	-0.391905550150532	0.118196605012873	-0.347443616641745	-0.390860077117258	-0.42749326978712
-0.111829274162209	-0.300623384429113	-0.393760597214608	0.116802906369553	-0.349843367374122	-0.387091153629158	-0.424415460531365
-0.111505861527701	-0.298565474894084	-0.395624612454482	0.115406623074773	-0.352229548720717	-0.383312090847631	-0.421308155169294
-0.111166092814567	-0.296504813224007	-0.397497595870154	0.114007755128532	-0.35460216068153	-0.379522888772677	-0.418171353700908
-0.110809968022807	-0.294441399418884	-0.399379547461623	0.112606302530831	-0.356961203256561	-0.375723547404295	-0.415005056126208
-0.110437487152421	-0.292375233478712	-0.401270467228891	0.111202265281669	-0.359306676445809	-0.371914066742485	-0.411809262445192
-0.110048650203408	-0.290306315403493	-0.403170355171956	0.109795643381047	-0.361638580249275	-0.368094446787248	-0.408583972657862
-0.109643457175769	-0.288234645193227	-0.405079211290819	0.108386436828965	-0.363956914666959	-0.364264687538584	-0.405329186764217
-0.109221908069504	-0.286160222847913	-0.40699703558548	0.106974645625422	-0.36626167969886	-0.360424788996492	-0.402044904764256
-0.108784002884612	-0.284083048367552	-0.408923828055939	0.105560269770418	-0.36855287534498	-0.356574751160973	-0.398731126657981
-0.108329741621094	-0.282003121752143	-0.410859588702196	0.104143309263954	-0.370830501605316	-0.352714574032026	-0.395387852445391
-0.10785912427895	-0.279920443001687	-0.412804317524251	0.10272376410603	-0.373094558479871	-0.348844257609652	-0.392015082126486
-0.107372150858179	-0.277835012116183	-0.414758014522104	0.101301634296645	-0.375345045968643	-0.34496380189385	-0.388612815701266
-0.106868821358782	-0.275746829095632	-0.416720679695754	0.0998769198358	-0.377581964071633	-0.341073206884621	-0.385181053169731
-0.106349135780759	-0.273655893940033	-0.418692313045203	0.0984496207234942	-0.379805312788841	-0.337172472581964	-0.381719794531881
-0.10581309412411	-0.271562206649387	-0.420672914570449	0.097019736959728	-0.382015092120267	-0.33326159898588	-0.378229039787716
-0.105260696388834	-0.269465767223693	-0.422662484271493	0.0955872685445013	-0.38421130206591	-0.329340586096368	-0.374708788937236
-0.104691942574932	-0.267366575662952	-0.424661022148335	0.0941522154778142	-0.386393942625771	-0.325409433913429	-0.371159041980441
-0.104106832682403	-0.265264631967164	-0.426668528200975	0.0927145777596665	-0.388563013799849	-0.321468142437063	-0.367579798917331
-0.103505366711248	-0.263159936136328	-0.428685002429413	0.0912743553900584	-0.390718515588146	-0.317516711667269	-0.363971059747906
-0.102887544661467	-0.261052488170444	-0.430710444833649	0.0898315483689899	-0.39286044799066	-0.313555141604047	-0.360332824472167
-0.102253366533059	-0.258942288069513	-0.432744855413682	0.0883861566964609	-0.394988811007391	-0.309583432247398	-0.356665093090112
-0.101602832326026	-0.256829335833535	-0.434788234169514	0.0869381803724714	-0.397103604638341	-0.305601583597322	-0.352967865601742
-0.100935942040365	-0.254713631462509	-0.436840581101143	0.0854876193970214	-0.399204828883508	-0.301609595653818	-0.349241142007058
-0.100252695676079	-0.252595174956436	-0.438901896208571	0.084034473770111	-0.401292483742893	-0.297607468416887	-0.345484922306058
-0.0995530932331663	-0.250473966315315	-0.440972179491796	0.0825787434917401	-0.403366569216495	-0.293595201886528	-0.341699206498744
-0.0988371347116272	-0.248350005539146	-0.443051430950819	0.0811204285619088	-0.405427085304316	-0.289572796062742	-0.337883994585114
-0.0981048201114618	-0.246223292627931	-0.44513965058564	0.079659528980617	-0.407474032006354	-0.285540250945528	-0.33403928656517
-0.09735614943267	-0.244093827581667	-0.447236838396259	0.0781960447478647	-0.409507409322609	-0.281497566534887	-0.330165082438911
-0.0965911226752519	-0.241961610400357	-0.449342994382676	0.076729975863652	-0.411527217253083	-0.277444742830818	-0.326261382206337
-0.0958097398392075	-0.239826641083998	-0.45145811854489	0.0752613223279787	-0.413533455797774	-0.273381779833322	-0.322328185867447
-0.0950120009245369	-0.237688919632593	-0.453582210882903	0.0737900841408451	-0.415526124956683	-0.269308677542399	-0.318365493422243
-0.0941979059312398	-0.23554844604614	-0.455715271396713	0.0723162613022509	-0.417505224729809	-0.265225435958047	-0.314373304870724
-0.0933674548593165	-0.233405220324639	-0.457857300086321	0.0708398538121963	-0.419470755117154	-0.261132055080269	-0.31035162021289
-0.0925206477087668	-0.231259242468091	-0.460008296951728	0.0693608616706813	-0.421422716118716	-0.257028534909063	-0.306300439448741
-0.0916574844795908	-0.229110512476495	-0.462168261992932	0.0678792848777057	-0.423361107734495	-0.25291487544443	-0.302219762578277
-0.0907779651717885	-0.226959030349852	-0.464337195209934	0.0663951234332697	-0.425285929964493	-0.248791076686369	-0.298109589601498
-0.0898820897853599	-0.224804796088162	-0.466515096602733	0.0649083773373733	-0.427197182808708	-0.24465713863488	-0.293969920518405
-0.088969858320305	-0.222647809691424	-0.468701966171331	0.0634190465900163	-0.429094866267141	-0.240513061289965	-0.289800755328996
-0.0880412707766237	-0.220488071159638	-0.470897803915727	0.0619271311911989	-0.430978980339791	-0.236358844651621	-0.285602094033272
-0.0870963271543161	-0.218325580492805	-0.47310260983592	0.0604326311409211	-0.43284952502666	-0.232194488719851	-0.281373936631233
-0.0861350274533822	-0.216160337690925	-0.475316383931912	0.0589355464391828	-0.434706500327746	-0.228019993494652	-0.27711628312288
-0.085157371673822	-0.213992342753997	-0.477539126203701	0.057435877085984	-0.436549906243049	-0.223835358976027	-0.272829133508211
-0.0841633598156354	-0.211821595682022	-0.479770836651288	0.0559336230813247	-0.438379742772571	-0.219640585163973	-0.268512487787228
-0.0831529918788226	-0.209648096474999	-0.482011515274673	0.054428784425205	-0.44019600991631	-0.215435672058493	-0.264166345959929
-0.0821262678633833	-0.207471845132928	-0.484261162073856	0.0529213611176248	-0.441998707674267	-0.211220619659585	-0.259790708026316
-0.0810831877693179	-0.205292841655811	-0.486519777048837	0.0514113531585842	-0.443787836046441	-0.206995427967249	-0.255385573986387
-0.0800237515966261	-0.203111086043645	-0.488787360199615	0.0498987605480831	-0.445563395032833	-0.202760096981486	-0.250950943840144
-0.0789479593453079	-0.200926578296433	-0.491063911526192	0.0483835832861215	-0.447325384633443	-0.198514626702296	-0.246486817587586
-0.0778558110153634	-0.198739318414172	-0.493349431028567	0.0468658213726994	-0.449073804848271	-0.194259017129678	-0.241993195228712
-0.0767473066067926	-0.196549306396865	-0.495643918706739	0.0453454748078169	-0.450808655677317	-0.189993268263632	-0.237470076763524
-0.0756224461195956	-0.19435654224451	-0.497947374560709	0.043822543591474	-0.45252993712058	-0.18571738010416	-0.232917462192021
-0.0744812295537722	-0.192161025957107	-0.500259798590477	0.0422970277236705	-0.454237649178061	-0.181431352651259	-0.228335351514203
-0.0733236569093224	-0.189962757534657	-0.502581190796043	0.0407689272044066	-0.455931791849759	-0.177135185904931	-0.22372374473007
-0.0721497281862463	-0.187761736977159	-0.504911551177407	0.0392382420336822	-0.457612365135675	-0.172828879865176	-0.219082641839622
-0.070959443384544	-0.185557964284614	-0.507250879734569	0.0377049722114974	-0.459279369035809	-0.168512434531993	-0.214412042842859
-0.0697528025042152	-0.183351439457022	-0.509599176467529	0.0361691177378521	-0.460932803550161	-0.164185849905383	-0.209711947739782
-0.0685298055452602	-0.181142162494382	-0.511956441376286	0.0346306786127464	-0.46257266867873	-0.159849125985346	-0.204982356530389
-0.0672904525076788	-0.178930133396694	-0.514322674460842	0.0330896548361801	-0.464198964421517	-0.15550226277188	-0.200223269214681
-0.0660347433914711	-0.17671535216396	-0.516697875721195	0.0315460464081534	-0.465811690778522	-0.151145260264988	-0.195434685792658
-0.0647626781966372	-0.174497818796177	-0.519082045157346	0.0299998533286663	-0.467410847749745	-0.146778118464668	-0.190616606264321
-0.0634742569231769	-0.172277533293347	-0.521475182769295	0.0284510755977186	-0.468996435335185	-0.14240083737092	-0.185769030629668
-0.0621694795710902	-0.17005449565547	-0.523877288557043	0.0268997132153105	-0.470568453534843	-0.138013416983745	-0.1808919588887
-0.0608483461403773	-0.167828705882545	-0.526288362520588	0.0253457661814419	-0.472126902348719	-0.133615857303143	-0.175985391041418
-0.0595108566310381	-0.165600163974573	-0.52870840465993	0.023789234496113	-0.473671781776812	-0.129208158329113	-0.171049327087821
-0.0581570110430724	-0.163368869931553	-0.531137414975071	0.0222301181593235	-0.475203091819123	-0.124790320061655	-0.166083767027908
-0.0567868093764806	-0.161134823753486	-0.533575393466009	0.0206684171710735	-0.476720832475652	-0.12036234250077	-0.161088710861681
-0.0554002516312623	-0.158898025440371	-0.536022340132746	0.0191041315313631	-0.478225003746398	-0.115924225646458	-0.156064158589138
-0.0539973378074178	-0.156658474992209	-0.53847825497528	0.0175372612401922	-0.479715605631363	-0.111475969498718	-0.151010110210281
-0.0525780679049468	-0.154416172408999	-0.540943137993612	0.0159678062975608	-0.481192638130545	-0.107017574057551	-0.145926565725109
-0.0511424419238496	-0.152171117690742	-0.543416989187743	0.014395766703469	-0.482656101243944	-0.102549039322956	-0.140813525133622
-0.0496904598641262	-0.149923310837438	-0.545899808557671	0.0128211424579168	-0.484105994971562	-0.0980703652949343	-0.13567098843582
-0.0482221217257763	-0.147672751849086	-0.548391596103396	0.011243933560904	-0.485542319313397	-0.0935815519734846	-0.130498955631703
-0.0467374275088001	-0.145419440725686	-0.55089235182492	0.00966414001243074	-0.48696507426945	-0.0890825993586075	-0.125297426721271
-0.0452363772131977	-0.143163377467239	-0.553402075722242	0.00808176181249713	-0.48837425983972	-0.084573507450303	-0.120066401704524
-0.0437189708389689	-0.140904562073745	-0.555920767795361	0.00649679896110296	-0.489769876024208	-0.080054276248571	-0.114805880581462
-0.0421852083861138	-0.138642994545203	-0.558448428044279	0.00490925145824836	-0.491151922822914	-0.0755249057534114	-0.109515863352085
-0.0406350898546323	-0.136378674881613	-0.560985056468994	0.00331911930393325	-0.492520400235838	-0.0709853959648244	-0.104196350016393
-0.0390686152445247	-0.134111603082976	-0.563530653069507	0.00172640249815775	-0.493875308262979	-0.0664357468828101	-0.0988473405743866
-0.0374857845557905	-0.131841779149292	-0.566085217845819	0.000131101040921747	-0.495216646904339	-0.061875958507368	-0.0934688350260648
-0.0358865977884301	-0.12956920308056	-0.568648750797928	-0.00146678506777476	-0.496544416159915	-0.0573060308384987	-0.0880608333714281
-0.0342710549424433	-0.127293874876781	-0.571221251925835	-0.00306725582793171	-0.49785861602971	-0.0527259638762018	-0.0826233356104764
-0.0326391560178304	-0.125015794537954	-0.573802721229539	-0.00467031123954906	-0.499159246513722	-0.0481357576204776	-0.0771563417432102
-0.030990901014591	-0.12273496206408	-0.576393158709042	-0.00627595130262694	-0.500446307611952	-0.0435354120713257	-0.0716598517696286
-0.0293262899327253	-0.120451377455158	-0.578992564364342	-0.0078841760171653	-0.5017197993244	-0.0389249272287465	-0.0661338656897319
-0.0276453227722333	-0.118165040711189	-0.581600938195441	-0.00949498538316412	-0.502979721651065	-0.0343043030927396	-0.0605783835035205
-0.0259479995331151	-0.115875951832172	-0.584218280202337	-0.0111083794006233	-0.504226074591948	-0.0296735396633056	-0.0549934052109946
-0.0242343202153704	-0.113584110818108	-0.586844590385031	-0.0127243580695431	-0.505458858147049	-0.025032636940444	-0.0493789308121532
-0.0225042848189995	-0.111289517668996	-0.589479868743523	-0.0143429213899232	-0.506678072316367	-0.020381594924155	-0.043734960306997
-0.0207578933440021	-0.108992172384837	-0.592124115277813	-0.0159640693617639	-0.507883717099904	-0.0157204136144384	-0.0380614936955259
-0.0189951457903786	-0.106692074965631	-0.594777329987901	-0.017587801985065	-0.509075792497658	-0.0110490930112943	-0.0323585309777397
-0.0172160421581286	-0.104389225411377	-0.597439512873787	-0.0192141192598266	-0.510254298509629	-0.00636763311472271	-0.0266260721536384
-0.0154205824472524	-0.102083623722075	-0.600110663935471	-0.0208430211860487	-0.511419235135819	-0.00167603392472371	-0.0208641172232225
-0.0136087666577497	-0.099775269897726	-0.602790783172952	-0.0224745077637312	-0.512570602376226	0.00302570455870277	-0.0150726661864914
-0.0117805947896209	-0.0974641639383296	-0.605479870586232	-0.0241085789928742	-0.513708400230851	0.00773758233555655	-0.00925171904344557
-0.00993606684286563	-0.0951503058438857	-0.608177926175309	-0.0257452348734776	-0.514832628699693	0.012459599405838	-0.00340127579408467
-0.00807518281748421	-0.0928336956143943	-0.610884949940184	-0.0273844754055415	-0.515943287782753	0.0171917557695466	0.00247866356159099
-0.0061979427134764	-0.0905143332498554	-0.613600941880857	-0.0290263005890659	-0.517040377480031	0.021934051426683	0.00838809902358184
-0.00430434653084222	-0.0881922187502691	-0.616325901997328	-0.0306707104240508	-0.518123897791527	0.0266864863772468	0.0143270305918877
-0.00239439426958166	-0.0858673521156352	-0.619059830289597	-0.0323177049104961	-0.51919384871724	0.031449060621238	0.0202954582665084
-0.000468085929694828	-0.0835397333459539	-0.621802726757664	-0.0339672840484019	-0.520250230257171	0.0362217741586568	0.026293382047444
0.00147457848881805	-0.0812093624412252	-0.624554591401528	-0.0356194478377681	-0.52129304241132	0.0410046269895028	0.0323208019346944
0.00343359898595774	-0.0788762394014489	-0.627315424221191	-0.0372741962785948	-0.522322285179686	0.0457976191137764	0.0383777179282601
0.00540897556172337	-0.0765403642266252	-0.630085225216651	-0.0389315293708819	-0.523337958562271	0.0506007505314774	0.0444641300281403
0.00740070821611549	-0.074201736916754	-0.632863994387909	-0.0405914471146296	-0.524340062559073	0.055414021242606	0.0505800382343357
0.00940879694913377	-0.0718603574718354	-0.635651731734966	-0.0422539495098377	-0.525328597170092	0.060237431247162	0.0567254425468462
0.0114332417607788	-0.0695162258918692	-0.63844843725782	-0.0439190365565063	-0.526303562395329	0.0650709805451457	0.0629003429656716
0.0134740426510497	-0.0671693421768556	-0.641254110956472	-0.0455867082546354	-0.527264958234784	0.0699146691365567	0.069104739490812
0.0155311996199471	-0.0648197063267945	-0.644068752830921	-0.0472569646042248	-0.528212784688457	0.0747684970213949	0.0753386321222671
0.0176047126674708	-0.062467318341686	-0.646892362881169	-0.0489298056052748	-0.529147041756348	0.0796324641996609	0.0816020208600372
0.0196945817936207	-0.06011217822153	-0.649724941107215	-0.0506052312577851	-0.530067729438456	0.084506570671354	0.0878949057041222
0.021800806998397	-0.0577542859663265	-0.652566487509058	-0.0522832415617561	-0.530974847734782	0.0893908164364749	0.0942172866545223
0.0239233882817997	-0.0553936415760756	-0.6554170020867	-0.0539638365171874	-0.531868396645326	0.0942852014950232	0.100569163711237
0.0260623256438287	-0.0530302450507771	-0.658276484840139	-0.0556470161240793	-0.532748376170087	0.099189725846999	0.106950536874267
0.0282176190844841	-0.0506640963904311	-0.661144935769376	-0.0573327803824316	-0.533614786309066	0.104104389492402	0.113361406143612
0.0303892686037657	-0.0482951955950377	-0.664022354874411	-0.0590211292922444	-0.534467627062263	0.109029192431233	0.119801771519272
0.0325772742016736	-0.045923542664597	-0.666908742155244	-0.0607120628535175	-0.535306898429677	0.113964134663491	0.126271633001247
0.0347816358782077	-0.0435491375991087	-0.669804097611875	-0.0624055810662512	-0.536132600411309	0.118909216189176	0.132770990589537
0.0370023536333683	-0.0411719803985729	-0.672708421244304	-0.0641016839304454	-0.536944733007159	0.123864437008289	0.139299844284141
0.0392394274671553	-0.0387920710629895	-0.67562171305253	-0.0658003714461	-0.537743296217227	0.12882979712083	0.145858194085061
0.0414928573795685	-0.0364094095923588	-0.678543973036555	-0.0675016436132151	-0.538528290041512	0.133805296526798	0.152446039992296
0.043762643370608	-0.0340239959866806	-0.681475201196377	-0.0692055004317906	-0.539299714480015	0.138790935226194	0.159063382005845
0.0460487854402739	-0.0316358302459548	-0.684415397531997	-0.0709119419018267	-0.540057569532736	0.143786713219017	0.16571022012571
0.048351283588566	-0.0292449123701817	-0.687364562043415	-0.0726209680233231	-0.540801855199675	0.148792630505267	0.172386554351889
0.0506701378154846	-0.0268512423593611	-0.690322694730631	-0.0743325787962801	-0.541532571480831	0.153808687084945	0.179092384684383
0.0530053481210292	-0.024454820213493	-0.693289795593645	-0.0760467742206974	-0.542249718376204	0.15883488295805	0.185827711123193
0.0553569145052005	-0.0220556459325774	-0.696265864632457	-0.0777635542965754	-0.542953295885796	0.163871218124583	0.192592533668317
0.0577248369679979	-0.0196537195166144	-0.699250901847067	-0.0794829190239137	-0.543643304009605	0.168917692584543	0.199386852319756
0.0601091155094217	-0.0172490409656038	-0.702244907237474	-0.0812048684027125	-0.544319742747633	0.173974306337931	0.20621066707751
0.0625097501294719	-0.0148416102795458	-0.70524788080368	-0.0829294024329718	-0.544982612099877	0.179041059384746	0.21306397794158
0.0649267408281482	-0.0124314274584404	-0.708259822545683	-0.0846565211146915	-0.545631912066339	0.184117951724989	0.219946784911964
0.067360087605451	-0.0100184925022874	-0.711280732463484	-0.0863862244478717	-0.54626764264702	0.189204983358659	0.226859087988663
0.0698097904613798	-0.00760280541108706	-0.714310610557084	-0.0881185124325123	-0.546889803841918	0.194302154285756	0.233800887171677
0.0722758493959353	-0.00518436618483914	-0.717349456826481	-0.0898533850686135	-0.547498395651033	0.199409464506281	0.240772182461006
0.0747582644091169	-0.00276317482354374	-0.720397271271676	-0.0915908423561751	-0.548093418074366	0.204526914020234	0.247772973856649
0.077257035500925	-0.000339231327200915	-0.723454053892668	-0.0933308842951972	-0.548674871111917	0.209654502827614	0.254803261358609
0.0797721626713594	0.00208746430418942	-0.726519804689459	-0.0950735108856797	-0.549242754763686	0.214792230928421	0.261863044966882
0.0823036459204201	0.00451691207062724	-0.729594523662048	-0.0968187221276227	-0.549797069029673	0.219940098322656	0.268952324681471
0.084851485248107	0.00694911197211245	-0.732678210810434	-0.0985665180210261	-0.550337813909877	0.225098105010319	0.276071100502375
0.0874156806544203	0.00938406400864507	-0.735770866134618	-0.10031689856589	-0.550864989404299	0.230266250991409	0.283219372429593
0.0899962321393599	0.0118217681802253	-0.738872489634601	-0.102069863762214	-0.551378595512938	0.235444536265926	0.290397140463127
0.0925931397029259	0.014262224486853	-0.741983081310381	-0.103825413609999	-0.551878632235795	0.240632960833871	0.297604404602975
0.0952064033451181	0.0167054329285281	-0.745102641161959	-0.105583548109245	-0.552365099572871	0.245831524695243	0.304841164849139
0.0978360230659368	0.0191513935052508	-0.748231169189335	-0.10734426725995	-0.552837997524163	0.251040227850043	0.312107421201617
0.100481998865382	0.0216001062170209	-0.751368665392508	-0.109107571062117	-0.553297326089674	0.25625907029827	0.319403173660411
0.103144330743453	0.0240515710638384	-0.75451512977148	-0.110873459515743	-0.553743085269402	0.261488052039924	0.326728422225519
0.10582301870015	0.0265057880457034	-0.75767056232625	-0.112641932620831	-0.554175275063348	0.266727173075007	0.334083166896942
0.108518062735474	0.0289627571626159	-0.760834963056817	-0.114412990377378	-0.554593895471511	0.271976433403516	0.34146740767468
0.111229462849424	0.0314224784145759	-0.764008331963182	-0.116186632785386	-0.554998946493893	0.277235833025453	0.348881144558734
0.113957219042001	0.0338849518015834	-0.767190669045345	-0.117962859844855	-0.555390428130492	0.282505371940818	0.356324377549102
0.116701331313204	0.0363501773236383	-0.770381974303307	-0.119741671555784	-0.555768340381308	0.28778505014961	0.363797106645785
0.119461799663033	0.0388181549807407	-0.773582247737066	-0.121523067918173	-0.556132683246343	0.293074867651829	0.371299331848783
0.122238624091488	0.0412888847728906	-0.776791489346623	-0.123307048932023	-0.556483456725595	0.298374824447476	0.378831053158096
0.12503180459857	0.0437623667000879	-0.780009699131977	-0.125093614597334	-0.556820660819065	0.30368492053655	0.386392270573724
0.127841341184278	0.0462386007623326	-0.78323687709313	-0.126882764914105	-0.557144295526753	0.309005155919052	0.393982984095666
0.130667233848613	0.048717586959625	-0.78647302323008	-0.128674499882336	-0.557454360848658	0.314335530594981	0.401603193723924
0.133509482591573	0.0511993252919647	-0.789718137542829	-0.130468819502028	-0.557750856784781	0.319676044564338	0.409252899458497
0.136368087413161	0.053683815759352	-0.792972220031375	-0.13226572377318	-0.558033783335121	0.325026697827122	0.416932101299385
0.139243048313374	0.0561710583617868	-0.796235270695719	-0.134065212695793	-0.55830314049968	0.330387490383334	0.424640799246588
0.142134365292214	0.0586610530992689	-0.799507289535861	-0.135867286269866	-0.558558928278456	0.335758422232973	0.432378993300105
0.14504203834968	0.0611537999717985	-0.802788276551801	-0.1376719444954	-0.55880114667145	0.34113949337604	0.440146683459938
0.147966067485772	0.0636492989793755	-0.806078231743539	-0.139479187372394	-0.559029795678662	0.346530703812534	0.447943869726085
0.150906452700491	0.0661475501220002	-0.809377155111075	-0.141289014900849	-0.559244875300091	0.351932053542455	0.455770552098548
0.153863193993836	0.0686485533996723	-0.812685046654409	-0.143101427080764	-0.559446385535738	0.357343542565804	0.463626730577325
0.156836291365807	0.0711523088123918	-0.81600190637354	-0.144916423912139	-0.559634326385602	0.362765170882581	0.471512405162418
0.159825744816405	0.0736588163601589	-0.81932773426847	-0.146734005394975	-0.559808697849685	0.368196938492785	0.479427575853825
0.162831554345629	0.0761680760429734	-0.822662530339197	-0.148554171529272	-0.559969499927985	0.373638845396417	0.487372242651547
0.165853719953479	0.0786800878608352	-0.826006294585722	-0.150376922315029	-0.560116732620503	0.379090891593475	0.495346405555584
0.168892241639955	0.0811948518137447	-0.829359027008045	-0.152202257752246	-0.560250395927238	0.384553077083962	0.503350064565937
0.171947119405058	0.0837123679017015	-0.832720727606166	-0.154030177840924	-0.560370489848191	0.390025401867875	0.511383219682603
0.175018353248787	0.0862326361247059	-0.836091396380085	-0.155860682581062	-0.560477014383363	0.395507865945216	0.519445870905585
0.178105943171143	0.0887556564827578	-0.839471033329802	-0.157693771972661	-0.560569969532751	0.401000469315985	0.527538018234883
0.181209889172125	0.0912814289758572	-0.842859638455316	-0.159529446015721	-0.560649355296358	0.406503211980182	0.535659661670495
0.184330191251733	0.093809953604004	-0.846257211756629	-0.16136770471024	-0.560715171674182	0.412016093937805	0.543810801212422
0.187466849409968	0.0963412303671981	-0.849663753233739	-0.16320854805622	-0.560767418666224	0.417539115188856	0.551991436860663
0.190619863646828	0.0988752592654399	-0.853079262886647	-0.165051976053661	-0.560806096272483	0.423072275733335	0.56020156861522
0.193789233962316	0.101412040298729	-0.856503740715354	-0.166897988702562	-0.56083120449296	0.428615575571241	0.568441196476091
0.196974960356429	0.103951573467066	-0.859937186719858	-0.168746586002924	-0.560842743327655	0.434169014702575	0.576710320443279
0.200177042829169	0.10649385877045	-0.86337960090016	-0.170597767954746	-0.560840712776568	0.439732593127336	0.58500894051678
0.203395481380535	0.109038896208882	-0.86683098325626	-0.172451534558028	-0.560825112839699	0.445306310845524	0.593337056696597
0.206630276010527	0.111586685782361	-0.870291333788157	-0.174307885812772	-0.560795943517047	0.45089016785714	0.601694668982728
0.209881426719146	0.114137227490887	-0.873760652495853	-0.176166821718975	-0.560753204808612	0.456484164162183	0.610081777375175
0.213148933506391	0.116690521334461	-0.877238939379346	-0.178028342276639	-0.560696896714396	0.462088299760654	0.618498381873936
0.216432796372263	0.119246567313083	-0.880726194438638	-0.179892447485763	-0.560627019234397	0.467702574652553	0.626944482479013
0.21973301531676	0.121805365426752	-0.884222417673727	-0.181759137346348	-0.560543572368616	0.473326988837878	0.635420079190404
0.223049590339884	0.124366915675468	-0.887727609084614	-0.183628411858393	-0.560446556117053	0.478961542316632	0.64392517200811
0.226382521441635	0.126931218059232	-0.891241768671299	-0.185500271021899	-0.560335970479707	0.484606235088812	0.652459760932131
0.229731808622011	0.129498272578044	-0.894764896433782	-0.187374714836866	-0.560211815456579	0.490261067154421	0.661023845962468
0.233097451881014	0.132068079231902	-0.898296992372063	-0.189251743303292	-0.560074091047669	0.495926038513456	0.669617427099119
0.236479451218644	0.134640638020809	-0.901838056486142	-0.191131356421179	-0.559922797252976	0.501601149165919	0.678240504342085
0.239877806634899	0.137215948944763	-0.905388088776018	-0.193013554190527	-0.559757934072502	0.50728639911181	0.686893077691366
0.243292518129781	0.139794012003764	-0.908947089241693	-0.194898336611335	-0.559579501506245	0.512981788351128	0.695575147146962
0.24672358570329	0.142374827197813	-0.912515057883165	-0.196785703683604	-0.559387499554205	0.518687316883873	0.704286712708873
0.250171009355424	0.144958394526909	-0.916091994700435	-0.198675655407333	-0.559181928216384	0.524402984710046	0.713027774377099
0.253634789086185	0.147544713991053	-0.919677899693503	-0.200568191782522	-0.55896278749278	0.530128791829647	0.72179833215164
0.257114924895572	0.150133785590244	-0.92327277286237	-0.202463312809172	-0.558730077383393	0.535864738242675	0.730598386032495
0.260611416783586	0.152725609324482	-0.926876614207033	-0.204361018487283	-0.558483797888225	0.54161082394913	0.739427936019666
0.264124264750226	0.155320185193769	-0.930489423727495	-0.206261308816854	-0.558223949007274	0.547367048949013	0.748286982113152
0.267653468795492	0.157917513198102	-0.934111201423755	-0.208164183797885	-0.557950530740541	0.553133413242323	0.757175524312952
0.271199028919385	0.160517593337483	-0.937741947295812	-0.210069643430377	-0.557663543088026	0.558909916829061	0.766093562619068
0.274760945121903	0.163120425611912	-0.941381661343668	-0.211977687714329	-0.557362986049728	0.564696559709226	0.775041097031498
0.278339217403049	0.165726010021388	-0.945030343567321	-0.213888316649742	-0.557048859625648	0.570493341882819	0.784018127550244
0.28193384576282	0.168334346565911	-0.948687993966773	-0.215801530236615	-0.556721163815786	0.576300263349839	0.793024654175305
0.285544830201218	0.170945435245482	-0.952354612542021	-0.217717328474949	-0.556379898620142	0.582117324110287	0.80206067690668
0.289172170718242	0.173559276060101	-0.956030199293069	-0.219635711364743	-0.556025064038715	0.587944524164162	0.81112619574437
0.292815867313892	0.176175869009767	-0.959714754219913	-0.221556678905998	-0.555656660071506	0.593781863511465	0.820221210688376
0.296475919988169	0.17879521409448	-0.963408277322556	-0.223480231098713	-0.555274686718515	0.599629342152194	0.829345721738695
0.300152328741072	0.181417311314241	-0.967110768600997	-0.225406367942888	-0.554879143979741	0.605486960086352	0.83849972889533
0.303845093572602	0.184042160669049	-0.970822228055236	-0.227335089438524	-0.554470031855185	0.611354717313937	0.847683232158281
0.307554214482757	0.186669762158905	-0.974542655685272	-0.229266395585621	-0.554047350344847	0.617232613834949	0.856896231527546
0.31127969147154	0.189300115783808	-0.978272051491106	-0.231200286384178	-0.553611099448726	0.623120649649389	0.866138727003126
0.315021524538948	0.191933221543759	-0.982010415472739	-0.233136761834195	-0.553161279166823	0.629018824757257	0.875410718585021
0.318779713684982	0.194569079438757	-0.985757747630168	-0.235075821935673	-0.552697889499139	0.634927139158551	0.884712206273231
0.322554258909643	0.197207689468803	-0.989514047963396	-0.237017466688611	-0.552220930445671	0.640845592853274	0.894043190067755
0.326345160212931	0.199849051633896	-0.993279316472423	-0.23896169609301	-0.551730402006421	0.646774185841424	0.903403669968596
0.330152417594844	0.202493165934037	-0.997053553157246	-0.24090851014887	-0.55122630418139	0.652712918123001	0.91279364597575
0.333976031055384	0.205140032369225	-1.00083675801787	-0.242857908856189	-0.550708636970575	0.658661789698005	0.92221311808922
0.337816000594551	0.207789650939461	-1.00462893105429	-0.24480989221497	-0.550177400373979	0.664620800566438	0.931662086309005
0.341672326212343	0.210442021644744	-1.0084300722665	-0.24676446022521	-0.5496325943916	0.670589950728297	0.941140550635104
0.345545007908762	0.213097144485074	-1.01224018165452	-0.248721612886911	-0.549074219023439	0.676569240183584	0.950648511067518
0.349434045683807	0.215755019460452	-1.01605925921833	-0.250681350200073	-0.548502274269496	0.682558668932299	0.960185967606248
0.353339439537479	0.218415646570877	-1.01988730495794	-0.252643672164695	-0.54791676012977	0.688558236974441	0.969752920251293
0.357261189469777	0.22107902581635	-1.02372431887335	-0.254608578780778	-0.547317676604262	0.69456794431001	0.979349369002652
0.361199295480701	0.223745157196871	-1.02757030096456	-0.256576070048321	-0.546705023692972	0.700587790939007	0.988975313860326
0.365153757570252	0.226414040712439	-1.03142525123157	-0.258546145967324	-0.546078801395899	0.706617776861432	0.998630754824315
0.369124575738429	0.229085676363054	-1.03528916967437	-0.260518806537788	-0.545439009713044	0.712657902077284	1.00831569189462
0.373111749985231	0.231760064148717	-1.03916205629297	-0.262494051759712	-0.544785648644407	0.718708166586563	1.01803012507124
0.377115280310661	0.234437204069427	-1.04304391108737	-0.264471881633097	-0.544118718189988	0.72476857038927	1.02777405435417
0.381135166714717	0.237117096125185	-1.04693473405756	-0.266452296157943	-0.543438218349786	0.730839113485404	1.03754747974342
0.385171409197399	0.23979974031599	-1.05083452520356	-0.268435295334248	-0.542744149123803	0.736919795874966	1.04735040123899
0.389224007758707	0.242485136641843	-1.05474328452535	-0.270420879162015	-0.542036510512036	0.743010617557955	1.05718281884087
0.393292962398642	0.245173285102743	-1.05866101202294	-0.272409047641242	-0.541315302514488	0.749111578534372	1.06704473254906
0.397378273117203	0.247864185698691	-1.06258770769633	-0.274399800771929	-0.540580525131157	0.755222678804216	1.07693614236357
0.401479939914391	0.250557838429686	-1.06652337154551	-0.276393138554076	-0.539832178362044	0.761343918367487	1.08685704828439
0.405597962790204	0.253254243295728	-1.0704680035705	-0.278389060987684	-0.539070262207148	0.767475297224186	1.09680745031153
0.409732341744644	0.255953400296819	-1.07442160377128	-0.280387568072753	-0.538294776666471	0.773616815374313	1.10678734844498
0.413883076777711	0.258655309432956	-1.07838417214786	-0.282388659809282	-0.537505721740011	0.779768472817867	1.11679674268475
0.418050167889404	0.261359970704141	-1.08235570870023	-0.284392336197272	-0.536703097427769	0.785930269554848	1.12683563303084
0.422233615079723	0.264067384110374	-1.08633621342841	-0.286398597236722	-0.535886903729744	0.792102205585257	1.13690401948324
0.426433418348668	0.266777549651654	-1.09032568633238	-0.288407442927632	-0.535057140645937	0.798284280909094	1.14700190204195
0.43064957769624	0.269490467327981	-1.09432412741215	-0.290418873270003	-0.534213808176348	0.804476495526358	1.15712928070698
0.434882093122437	0.272206137139356	-1.09833153666772	-0.292432888263834	-0.533356906320977	0.810678849437049	1.16728615547832
0.439130964627262	0.274924559085778	-1.10234791409909	-0.294449487909126	-0.532486435079823	0.816891342641168	1.17747252635598
0.443396192210712	0.277645733167248	-1.10637325970625	-0.296468672205878	-0.531602394452887	0.823113975138714	1.18768839333995
0.44767777587279	0.280369659383766	-1.11040757348922	-0.298490441154091	-0.530704784440168	0.829346746929688	1.19793375643024
0.451975715613493	0.28309633773533	-1.11445085544798	-0.300514794753765	-0.529793605041668	0.835589658014089	1.20820861562684
0.456290011432822	0.285825768221943	-1.11850310558254	-0.302541733004898	-0.528868856257386	0.841842708391918	1.21851297092976
0.460620663330778	0.288557950843603	-1.12256432389289	-0.304571255907492	-0.52793053808732	0.848105898063174	1.228846822339
0.46496767130736	0.29129288560031	-1.12663451037905	-0.306603363461547	-0.526978650531473	0.854379227027857	1.23921016985454
0.469331035362569	0.294030572492064	-1.130713665041	-0.308638055667062	-0.526013193589843	0.860662695285968	1.24960301347641
0.473710755496404	0.296771011518867	-1.13480178787875	-0.310675332524038	-0.525034167262431	0.866956302837507	1.26002535320458
0.478106831708865	0.299514202680716	-1.13889887889229	-0.312715194032474	-0.524041571549237	0.873260049682473	1.27047718903908
0.482519263999952	0.302260145977613	-1.14300493808164	-0.31475764019237	-0.52303540645026	0.879573935820866	1.28095852097989
0.486948052369666	0.305008841409558	-1.14711996544678	-0.316802671003727	-0.522015671965501	0.885897961252687	1.29146934902701
0.491393196818007	0.30776028897655	-1.15124396098773	-0.318850286466545	-0.52098236809496	0.892232125977936	1.30200967318045
0.495854697344973	0.31051448867859	-1.15537692470446	-0.320900486580823	-0.519935494838637	0.898576429996612	1.3125794934402
0.500332553950566	0.313271440515676	-1.159518856597	-0.322953271346561	-0.518875052196531	0.904930873308714	1.32317880980627
0.504826766634785	0.316031144487811	-1.16366975666534	-0.32500864076376	-0.517801040168643	0.911295455914245	1.33380762227865
0.50933733539763	0.318793600594993	-1.16782962490947	-0.327066594832419	-0.516713458754973	0.917670177813204	1.34446593085735
0.513864260239102	0.321558808837222	-1.1719984613294	-0.329127133552539	-0.51561230795552	0.924055039005589	1.35515373554236
0.5184075411592	0.324326769214499	-1.17617626592513	-0.331190256924119	-0.514497587770286	0.930450039491403	1.36587103633369
0.522967178157924	0.327097481726824	-1.18036303869666	-0.33325596494716	-0.513369298199268	0.936855179270643	1.37661783323133
0.527543171235275	0.329870946374196	-1.18455877964398	-0.335324257621661	-0.512227439242469	0.943270458343311	1.38739412623529
0.532135520391252	0.332647163156615	-1.1887634887671	-0.337395134947622	-0.511072010899887	0.949695876709407	1.39819991534556
0.536744225625855	0.335426132074082	-1.19297716606602	-0.339468596925044	-0.509903013171524	0.95613143436893	1.40903520056215
0.541369286939085	0.338207853126596	-1.19719981154074	-0.341544643553927	-0.508720446057377	0.96257713132188	1.41989998188505
0.546010704330941	0.340992326314158	-1.20143142519126	-0.34362327483427	-0.507524309557448	0.969032967568258	1.43079425931427
0.55059703876775	0.343739609364145	-1.20557618700014	-0.345670142396859	-0.506306696283686	0.975395900042476	1.44154769215441
0.555057428347427	0.34641011288636	-1.20953916319311	-0.347651206922709	-0.505059881713525	0.981563795321803	1.45199137045437
0.559392738767354	0.349004366204438	-1.21332168313488	-0.349566931987159	-0.503784140145203	0.987538017870523	1.4621274403306
0.563603835724913	0.351522898642014	-1.21692507619017	-0.351417781165553	-0.502479745876953	0.993319932152922	1.47195804789953
0.567691584917488	0.353966239522722	-1.2203506717237	-0.35320421803323	-0.501146973207013	0.998910902633284	1.4814853392776
0.571656852042459	0.356334918170199	-1.22359979910018	-0.354926706165532	-0.499786096433616	1.00431229377589	1.49071146058124
0.57550050279721	0.358629463908078	-1.22667378768433	-0.3565857091378	-0.498397389854998	1.00952547004504	1.4996385579269
0.579223402879122	0.360850406059996	-1.22957396684088	-0.358181690525376	-0.496981127769394	1.014551795905	1.508268777431
0.582826417985579	0.362998273949587	-1.23230166593452	-0.3597151139036	-0.49553758447504	1.01939263582006	1.51660426520999
0.586310413813962	0.365073596900486	-1.23485821433	-0.361186442847815	-0.49406703427017	1.02404935425451	1.52464716738031
0.589676256061654	0.367076904236328	-1.23724494139201	-0.362596140933361	-0.49256975145302	1.02852331567264	1.53239963005839
0.592924810426036	0.369008725280749	-1.23946317648528	-0.363944671735579	-0.491046010321826	1.03281588453872	1.53986379936067
0.596056942604492	0.370869589357384	-1.24151424897453	-0.365232498829812	-0.489496085174821	1.03692842531704	1.54704182140359
0.599073518294404	0.372660025789868	-1.24339948822447	-0.366460085791399	-0.487920250310243	1.04086230247189	1.55393584230358
0.601975403193154	0.374380563901835	-1.24512022359983	-0.367627896195683	-0.486318780026325	1.04461888046755	1.56054800817709
0.604763462998124	0.376031733016922	-1.24667778446531	-0.368736393618004	-0.484691948621303	1.04819952376831	1.56688046514054
0.607438563406697	0.377614062458762	-1.24807350018564	-0.369786041633704	-0.483040030393412	1.05160559683844	1.57293535931038
0.610001570116254	0.379128081550992	-1.24930870012553	-0.370777303818124	-0.481363299640888	1.05483846414225	1.57871483680305
0.612453348824179	0.380574319617245	-1.2503847136497	-0.371710643746606	-0.479662030661966	1.057899490144	1.58422104373498
0.614794765227853	0.381953305981158	-1.25130287012287	-0.37258652499449	-0.477936497754881	1.06079003930799	1.58945612622261
0.61702668502466	0.383265569966366	-1.25206449890976	-0.373405411137118	-0.476186975217868	1.06351147609851	1.59442223038237
0.61914997391198	0.384511640896503	-1.25267092937507	-0.374167765749831	-0.474413737349162	1.06606516497982	1.59912150233071
0.621165497587197	0.385692048095205	-1.25312349088354	-0.37487405240797	-0.472617058446999	1.06845247041623	1.60355608818406
0.623074121747693	0.386807320886106	-1.25342351279988	-0.375524734686877	-0.470797212809613	1.07067475687201	1.60772813405886
0.62487671209085	0.387857988592842	-1.25357232448881	-0.376120276161893	-0.468954474735241	1.07273338881145	1.61163978607155
0.626574134314051	0.388844580539048	-1.25357125531503	-0.376661140408359	-0.467089118522118	1.07462973069884	1.61529319033856
0.628167254114677	0.389767626048359	-1.25342163464328	-0.377147791001617	-0.465201418468477	1.07636514699846	1.61869049297634
0.629656937190111	0.39062765444441	-1.25312479183826	-0.377580691517007	-0.463291648872556	1.07794100217459	1.62183384010131
0.631044049237736	0.391425195050837	-1.2526820562647	-0.377960305529871	-0.461360084032588	1.07935866069152	1.62472537782992
0.632329455954934	0.392160777191273	-1.25209475728731	-0.37828709661555	-0.45940699824681	1.08061948701353	1.62736725227861
0.633514023039087	0.392834930189356	-1.25136422427081	-0.378561528349386	-0.457432665813457	1.08172484560491	1.6297616095638
0.634598616187577	0.393448183368718	-1.25049178657992	-0.378784064306719	-0.455437361030763	1.08267610092995	1.63191059580195
0.635584101097787	0.394001066052996	-1.24947877357936	-0.378955168062891	-0.453421358196964	1.08347461745293	1.63381635710948
0.636471343467098	0.394494107565825	-1.24832651463383	-0.379075303193243	-0.451384931610295	1.08412175963812	1.63548103960283
0.637261208992895	0.39492783723084	-1.24703633910807	-0.379144933273117	-0.449328355568991	1.08461889194983	1.63690678939845
0.637954563372558	0.395302784371675	-1.24560957636678	-0.379164521877854	-0.447251904371289	1.08496737885233	1.63809575261277
0.638552272303469	0.395619478311967	-1.24404755577469	-0.379134532582794	-0.445155852315422	1.08516858480991	1.63905007536222
0.639055201483012	0.395878448375349	-1.24235160669651	-0.37905542896328	-0.443040473699626	1.08522387428685	1.63977190376325
0.639464216608569	0.396080223885458	-1.24052305849696	-0.378927674594652	-0.440906042822136	1.08513461174744	1.64026338393229
0.639780183377522	0.396225334165928	-1.23856324054076	-0.378751733052251	-0.438752833981188	1.08490216165596	1.64052666198577
0.640003967487253	0.396314308540395	-1.23647348219262	-0.37852806791142	-0.436581121475017	1.08452788847669	1.64056388404015
0.640136434635145	0.396347676332493	-1.23425511281726	-0.378257142747499	-0.434391179601858	1.08401315667393	1.64037719621184
0.640178450518579	0.396325966865857	-1.23190946177941	-0.37793942113583	-0.432183282659946	1.08335933071196	1.6399687446173
0.640130880834939	0.396249709464123	-1.22943785844376	-0.377575366651753	-0.429957704947516	1.08256777505505	1.63934067537296
0.639994591281606	0.396119433450926	-1.22684163217506	-0.37716544287061	-0.427714720762804	1.08163985416751	1.63849513459525
0.639770447555963	0.395935668149901	-1.224122112338	-0.376710113367742	-0.425454604404046	1.0805769325136	1.63743426840062
0.639459315355392	0.395698942884682	-1.22128062829732	-0.376209841718491	-0.423177630169475	1.07938037455762	1.6361602229055
0.639062060377276	0.395409786978906	-1.21831850941772	-0.375665091498198	-0.420884072357327	1.07805154476386	1.63467514422632
0.638579548318996	0.395068729756207	-1.21523708506392	-0.375076326282204	-0.418574205265839	1.07659180759659	1.63298117847953
0.638012644877936	0.39467630054022	-1.21203768460065	-0.37444400964585	-0.416248303193244	1.07500252752009	1.63108047178157
0.637362215751477	0.394233028654581	-1.20872163739261	-0.373768605164477	-0.413906640437778	1.07328506899867	1.62897517024887
0.636629126637002	0.393739443422924	-1.20529027280453	-0.373050576413427	-0.411549491297676	1.07144079649659	1.62666741999786
0.635814243231893	0.393196074168884	-1.20174492020112	-0.372290386968042	-0.409177130071174	1.06947107447815	1.62415936714499
0.634918431233532	0.392603450216097	-1.19808690894711	-0.371488500403661	-0.406789831056507	1.06737726740763	1.6214531578067
0.633942556339302	0.391962100888198	-1.1943175684072	-0.370645380295627	-0.40438786855191	1.06516073974932	1.61855093809941
0.632887484246585	0.391272555508822	-1.19043822794612	-0.369761490219281	-0.401971516855618	1.06282285596749	1.61545485413957
0.631754080652764	0.390535343401604	-1.18645021692858	-0.368837293749964	-0.399541050265866	1.06036498052644	1.61216705204362
0.63054321125522	0.389750993890178	-1.18235486471931	-0.367873254463018	-0.39709674308089	1.05778847789044	1.60868967792799
0.629255741751336	0.388920036298181	-1.17815350068301	-0.366869835933783	-0.394638869598925	1.0550947125238	1.60502487790913
0.627892537838494	0.388042999949247	-1.1738474541844	-0.3658275017376	-0.392167704118207	1.05228504889078	1.60117479810346
0.626454465214077	0.387120414167011	-1.16943805458821	-0.364746715449812	-0.389683520936969	1.04936085145567	1.59714158462742
0.624942389575467	0.386152808275109	-1.16492663125916	-0.363627940645759	-0.387186594353448	1.04632348468276	1.59292738359746
0.623357176620047	0.385140711597176	-1.16031451356194	-0.362471640900783	-0.384677198665879	1.04317431303634	1.58853434113001
0.621699692045197	0.384084653456845	-1.1556030308613	-0.361278279790225	-0.382155608172497	1.03991470098068	1.58396460334151
0.619970801548302	0.382985163177754	-1.15079351252194	-0.360048320889425	-0.379622097171537	1.03654601298008	1.57922031634839
0.618171370826743	0.381842770083537	-1.14588728790857	-0.358782227773726	-0.377076939961235	1.03306961349882	1.5743036262671
0.616302265577903	0.380658003497828	-1.14088568638593	-0.357480464018469	-0.374520410839826	1.02948686700117	1.56921667921406
0.614364351499163	0.379431392744263	-1.13579003731872	-0.356143493198995	-0.371952784105544	1.02579913795144	1.56396162130572
0.612358494287906	0.378163467146477	-1.13060167007166	-0.354771778890644	-0.369374334056626	1.0220077908139	1.55854059865852
0.610285559641516	0.376854756028106	-1.12532191400947	-0.353365784668759	-0.366785334991306	1.01811419005283	1.55295575738889
0.608146413257373	0.375505788712784	-1.11995209849687	-0.351925974108681	-0.36418606120782	1.01411970013253	1.54720924361328
0.605941920832859	0.374117094524146	-1.11449355289858	-0.350452810785751	-0.361576787004402	1.01002568551727	1.5413032034481
0.603672948065359	0.372689202785828	-1.1089476065793	-0.348946758275309	-0.358957786679289	1.00583351067135	1.53523978300982
0.601340360652253	0.371222642821465	-1.10331558890377	-0.347408280152699	-0.356329334530715	1.00154454005904	1.52902112841485
0.598945024290924	0.369717943954691	-1.09759882923669	-0.345837839993259	-0.353691704856916	0.997160138144634	1.52264938577965
0.596487804678755	0.368175635509142	-1.09179865694279	-0.344235901372333	-0.351045171956127	0.992681669392414	1.51612670122065
0.593969567513127	0.366596246808452	-1.08591640138678	-0.342602927865261	-0.348390010126582	0.988110498266665	1.50945522085427
0.591391178491423	0.364980307176258	-1.07995339193338	-0.340939383047384	-0.345726493666518	0.983447989231671	1.50263709079698
0.588753503311026	0.363328345936194	-1.07391095794731	-0.339245730494044	-0.343054896874169	0.978695506751718	1.49567445716519
0.586057407669318	0.361640892411895	-1.06779042879328	-0.337522433780582	-0.340375494047771	0.973854415291091	1.48856946607534
0.58330375726368	0.359918475926996	-1.06159313383602	-0.33576995648234	-0.337688559485559	0.968926079314074	1.48132426364389
0.580493417791496	0.358161625805133	-1.05532040244023	-0.333988762174657	-0.334994367485768	0.963911863284952	1.47394099598725
0.577627254950147	0.35637087136994	-1.04897356397064	-0.332179314432877	-0.332293192346634	0.95881313166801	1.46642180922188
0.574706134437017	0.354546741945052	-1.04255394779196	-0.330342076832339	-0.329585308366391	0.953631248927533	1.4587688494642
0.571730921949486	0.352689766854106	-1.03606288326892	-0.328477512948385	-0.326870989843275	0.948367579527805	1.45098426283066
0.568702483184939	0.350800475420735	-1.02950169976622	-0.326586086356357	-0.324150511075522	0.943023487933112	1.44307019543769
0.565621683840756	0.348879396968575	-1.02287172664859	-0.324668260631596	-0.321424146361365	0.937600338607738	1.43502879340172
0.56248938961432	0.346927060821261	-1.01617429328074	-0.322724499349443	-0.318692169999041	0.932099496015969	1.42686220283921
0.559306466203014	0.344943996302428	-1.0094107290274	-0.320755266085239	-0.315954856286785	0.926522324622088	1.41857256986658
0.55607377930422	0.342930732735711	-1.00258236325327	-0.318761024414325	-0.313212479522832	0.920870188890381	1.41016204060027
0.552792194615319	0.340887799444745	-0.995690525323082	-0.316742237912044	-0.310465314005417	0.915144453285133	1.40163276115672
0.549462577833696	0.338815725753166	-0.988736544601545	-0.314699370153735	-0.307713634032776	0.909346482270628	1.39298687765237
0.546085794656731	0.336715040984608	-0.98172175045338	-0.31263288471474	-0.304957713903143	0.903477640311151	1.38422653620365
0.542662710781808	0.334586274462707	-0.974647472243302	-0.310543245170401	-0.302197827914755	0.897539291870988	1.375353882927
0.539194191906307	0.332429955511097	-0.967515039336031	-0.308430915096059	-0.299434250365845	0.891532801414422	1.36637106393887
0.535681103727613	0.330246613453414	-0.960325781096283	-0.306296358067055	-0.29666725555465	0.885459533405739	1.35728022535568
0.532124311943106	0.328036777613293	-0.953081026888776	-0.30414003765873	-0.293897117779404	0.879320852309224	1.34808351329387
0.528524682250171	0.325800977314368	-0.945782106078227	-0.301962417446426	-0.291124111338344	0.873118122589162	1.33878307386989
0.524883080346187	0.323539741880276	-0.938430348029353	-0.299763961005483	-0.288348510529703	0.866852708709836	1.32938105320016
0.521200371928539	0.321253600634651	-0.931027082106873	-0.297545131911244	-0.285570589651718	0.860525975135532	1.31987959740113
0.517477422694608	0.318943082901128	-0.923573637675503	-0.295306393739049	-0.282790623002623	0.854139286330536	1.31028085258924
0.513715098341778	0.316608718003343	-0.916071344099961	-0.293048210064239	-0.280008884880654	0.847694006759131	1.30058696488091
0.509914264567428	0.31425103526493	-0.908521530744964	-0.290771044462156	-0.277225649584046	0.841191500885603	1.2908000803926
0.506075787068943	0.311870564009524	-0.90092552697523	-0.288475360508142	-0.274441191411035	0.834633133174236	1.28092234524073
0.502200531543705	0.309467833560761	-0.893284662155476	-0.286161621777536	-0.271655784659854	0.828020268089315	1.27095590554174
0.498289363689096	0.307043373242276	-0.88560026565042	-0.283830291845681	-0.268869703628741	0.821354270095125	1.26090290741208
0.494343149202498	0.304597712377703	-0.877873666824779	-0.281481834287919	-0.266083222615929	0.814636503655952	1.25076549696818
0.490362753781294	0.302131380290679	-0.870106195043271	-0.279116712679589	-0.263296615919655	0.807868333236079	1.24054582032647
0.486349043122865	0.299644906304837	-0.862299179670612	-0.276735390596033	-0.260510157838152	0.801051123299791	1.23024602360339
0.482302882924595	0.297138819743814	-0.854453950071521	-0.274338331612594	-0.257724122669658	0.794186238311374	1.21986825291539
0.478225138883866	0.294613649931244	-0.846571835610714	-0.271925999304611	-0.254938784712406	0.787275042735112	1.20941465437889
0.474116676698059	0.292069926190762	-0.838654165652911	-0.269498857247426	-0.252154418264633	0.78031890103529	1.19888737411034
0.469978362064557	0.289508177846003	-0.830702269562826	-0.26705736901638	-0.249371297624572	0.773319177676193	1.18828855822618
0.465811060680743	0.286928934220603	-0.822717476705179	-0.264601998186816	-0.246589697090461	0.766277237122106	1.17762035284283
0.461615638243999	0.284332724638196	-0.814701116444686	-0.262133208334073	-0.243809890960532	0.759194443837313	1.16688490407675
0.457392960451707	0.281720078422419	-0.806654518146066	-0.259651463033493	-0.241032153533023	0.752072162286099	1.15608435804436
0.453143893001249	0.279091524896905	-0.798579011174034	-0.257157225860417	-0.238256759106169	0.74491175693275	1.1452208608621
0.448869301590008	0.276447593385289	-0.79047592489331	-0.254650960390188	-0.235483981978203	0.73771459224155	1.13429655864641
0.444570051915366	0.273788813211208	-0.78234658866861	-0.252133130198145	-0.232714096447363	0.730482032676783	1.12331359751374
0.440247009674706	0.271115713698296	-0.774192331864651	-0.24960419885963	-0.229947376811882	0.723215442702735	1.1122741235805
0.43590104056541	0.268428824170188	-0.766014483846152	-0.247064629949985	-0.227184097369996	0.715916186783691	1.10118028296315
0.431533010284859	0.265728673950519	-0.757814373977829	-0.244514887044551	-0.224424532419941	0.708585629383935	1.09003422177813
0.427143784530436	0.263015792362925	-0.749593331624401	-0.241955433718668	-0.221668956259951	0.701225134967752	1.07883808614186
0.422734228999525	0.26029070873104	-0.741352686150583	-0.239386733547679	-0.218917643188262	0.693836067999427	1.06759402217078
0.418305209389506	0.2575539523785	-0.733093766921095	-0.236809250106924	-0.216170867503109	0.686419792943245	1.05630417598134
0.413857591397763	0.254806052628939	-0.724817903300653	-0.234223446971745	-0.213428903502728	0.67897767426349	1.04497069368997
0.409392240721678	0.252047538805993	-0.716526424653975	-0.231629787717482	-0.210692025485352	0.671511076424448	1.03359572141311
0.404910023058632	0.249278940233297	-0.708220660345778	-0.229028735919478	-0.207960507749219	0.664021363890403	1.02218140526719
0.400411804106009	0.246500786234486	-0.69990193974078	-0.226420755153074	-0.205234624592563	0.65650990112564	1.01072989136865
0.39589844956119	0.243713606133195	-0.691571592203697	-0.22380630899361	-0.202514650313619	0.648978052594445	0.999243325833938
0.391370825121558	0.240917929253059	-0.683230947099249	-0.221185861016428	-0.199800859210622	0.641427182761101	0.987723854779482
0.386829796484496	0.238114284917714	-0.674881333792151	-0.21855987479687	-0.197093525581808	0.633858656089893	0.976173624321721
0.382276229347384	0.235303202450793	-0.666524081647122	-0.215928813910275	-0.194392923725412	0.626273837045108	0.964594780577092
0.377710989407608	0.232485211175934	-0.658160520028878	-0.213293141931987	-0.191699327939669	0.618674090091028	0.952989469662033
0.373134942362546	0.229660840416769	-0.649791978302138	-0.210653322437346	-0.189013012522814	0.61106077969194	0.941359837692982
0.368548953909584	0.226830619496936	-0.641419785831619	-0.208009819001693	-0.186334251773083	0.603435270312127	0.929708030786377
0.363953889746102	0.223995077740068	-0.633045271982037	-0.205363095200369	-0.18366331998871	0.595798926415875	0.918036195058653
0.359350615569484	0.2211547444698	-0.624669766118111	-0.202713614608716	-0.181000491467932	0.588153112467468	0.90634647662625
0.35473999707711	0.218310149009769	-0.616294597604558	-0.200061840802076	-0.178346040508983	0.580499192931193	0.894641021605605
0.350122899966366	0.215461820683609	-0.607921095806096	-0.197408237355788	-0.175700241410098	0.572838532271333	0.882921976113154
0.34550018993463	0.212610288814955	-0.599550590087441	-0.194753267845195	-0.173063368469513	0.565172494952172	0.871191486265336
0.340872732679287	0.209756082727442	-0.591184409813312	-0.192097395845638	-0.170435695985463	0.557502445437996	0.859451698178588
0.336241393897719	0.206899731744706	-0.582823884348425	-0.189441084932458	-0.167817498256184	0.54982974819309	0.847704757969347
0.331607039287309	0.204041765190381	-0.574470343057499	-0.186784798680997	-0.165209049579909	0.542155767681739	0.835952811754051
0.326970534545437	0.201182712388102	-0.56612511530525	-0.184129000666594	-0.162610624254876	0.534481868368227	0.824198005649137
0.322332745369487	0.198323102661505	-0.557789530456396	-0.181474154464593	-0.160022496579318	0.526809414716839	0.812442485771043
0.317694537456842	0.195463465334225	-0.549464917875655	-0.178820723650334	-0.157444940851471	0.519139771191861	0.800688398236206
0.313056776504882	0.192604329729896	-0.541152606927744	-0.176169171799158	-0.154878231369571	0.511474302257576	0.788937889161064
0.308420328210991	0.189746225172154	-0.532853926977379	-0.173519962486406	-0.152322642431852	0.50381437237827	0.777193104662053
0.303786058272551	0.186889680984635	-0.52457020738928	-0.170873559287421	-0.14977844833655	0.496161346018227	0.765456190855612
0.299154832386944	0.184035226490972	-0.516302777528163	-0.168230425777542	-0.1472459233819	0.488516587641733	0.753729293858179
0.294527516251553	0.181183391014802	-0.508052966758745	-0.165591025532112	-0.144725341866137	0.480881461713072	0.74201455978619
0.28990497556376	0.178334703879759	-0.499822104445745	-0.162955822126472	-0.142216978087497	0.473257332696529	0.730314134756083
0.285288076020947	0.175489694409478	-0.491611519953879	-0.160325279135962	-0.139721106344214	0.465645565056389	0.718630164884295
0.280677683320497	0.172648891927595	-0.483422542647865	-0.157699860135925	-0.137238000934524	0.458047523256936	0.706964796287264
0.276074663159791	0.169812825757745	-0.475256501892421	-0.155080028701701	-0.134767936156663	0.450464571762457	0.695320175081428
0.271479881236213	0.166982025223562	-0.467114727052263	-0.152466248408631	-0.132311186308865	0.442898075037234	0.683698447383223
0.266894203247144	0.164157019648682	-0.45899854749211	-0.149858982832058	-0.129868025689365	0.435349397545553	0.672101759309087
0.262318494889967	0.16133833835674	-0.450909292576678	-0.147258695547321	-0.127438728596399	0.4278199037517	0.660532256975458
0.257753621862065	0.15852651067137	-0.442848291670685	-0.144665850129763	-0.125023569328203	0.420310958119959	0.648992086498774
0.253200449860818	0.155722065916209	-0.434816874138849	-0.142080910154725	-0.122622822183011	0.412823925114613	0.637483393995472
0.248659844583611	0.152925533414891	-0.426816369345887	-0.139504339197548	-0.120236761459058	0.40536016919995	0.626008325581987
0.244132671727824	0.150137442491051	-0.418848106656516	-0.136936600833572	-0.11786566145458	0.397921054840253	0.61456902737476
0.239619796990841	0.147358322468325	-0.410913415435454	-0.134378158638141	-0.115509796467812	0.390507946499807	0.603167645490227
0.235122086070044	0.144588702670347	-0.403013625047419	-0.131829476186593	-0.113169440796989	0.383122208642897	0.591806326044825
0.230640404662815	0.141829112420752	-0.395150064857127	-0.129291017054272	-0.110844868740347	0.375765205733808	0.580487215154992
0.226175618466536	0.139080081043177	-0.387324064229296	-0.126763244816518	-0.10853635459612	0.368438302236824	0.569212458937167
0.22172859317859	0.136342137861255	-0.379536952528644	-0.124246623048673	-0.106244172662545	0.361142862616231	0.557984203507784
0.217300194496359	0.133615812198622	-0.371790059119889	-0.121741615326077	-0.103968597237855	0.353880251336313	0.546804594983282
0.212891288117225	0.130901633378913	-0.364084713367746	-0.119248685224072	-0.101709902620287	0.346651832861355	0.5356757794801
0.208502739738571	0.128200130725763	-0.356422244636934	-0.116768296317999	-0.0994683631080752	0.339458971655642	0.524599903114674
0.204135415057779	0.125511833562807	-0.348803982292171	-0.1143009121832	-0.0972442529994556	0.332303032183459	0.513579112003443
0.199790179772231	0.12283727121368	-0.341231255698173	-0.111846996395016	-0.0950378465926629	0.325185378909091	0.502615552262841
0.195467899579309	0.120176973002017	-0.333705394219659	-0.109407012528787	-0.0928494181859325	0.318107376296822	0.491711370009308
0.191169440176397	0.117531468251454	-0.326227727221345	-0.106981424159856	-0.0906792420774996	0.311070388810937	0.480868711359282
0.186895667260876	0.114901286285626	-0.31879958406795	-0.104570694863563	-0.0885275925655994	0.304075780915722	0.470089722429199
0.182647446530129	0.112286956428167	-0.311422294124189	-0.10217528821525	-0.0863947439484674	0.29712491707546	0.459376549335498
0.178425643681537	0.109689008002713	-0.304097186754782	-0.0997956677902579	-0.0842809705243384	0.290219161754437	0.448731338194614
0.174231124412483	0.107107970332899	-0.296825591324445	-0.097432297163928	-0.0821865465914479	0.283359879416937	0.438156235122987
0.170064754420351	0.10454437274236	-0.289608837197897	-0.0950856399116019	-0.0801117464480312	0.276548434527247	0.427653386237053
0.16592739940252	0.10199874455473	-0.282448253739852	-0.0927561596086202	-0.0780568443923231	0.269786191549649	0.417224937653249
0.161819925056376	0.0994716150936461	-0.275345170315032	-0.090444319830325	-0.0760221147225595	0.26307451494843	0.406873035488016
0.157743197079298	0.096963513682742	-0.268300916288152	-0.088150584152057	-0.0740078317369751	0.256414769187873	0.396599825857787
0.15369808116867	0.0944749696456535	-0.261316821023927	-0.0858754161491571	-0.0720142697338051	0.249808318732264	0.386407454879001
0.149685443021875	0.0920065123060152	-0.254394213887079	-0.0836192793969675	-0.0700417030112851	0.243256528045888	0.376298068668095
0.145706148336294	0.0895586709874621	-0.247534424242323	-0.0813826374708286	-0.06809040586765	0.236760761593028	0.366273813341508
0.141761062809309	0.0871319750136299	-0.240738781454377	-0.0791659539460819	-0.0661606526011354	0.230322383837971	0.356336835015678
0.137851052138304	0.0847269537081538	-0.234008614887958	-0.0769696923980693	-0.0642527175099762	0.223942759245002	0.346489279807039
0.133976982020659	0.0823441363946678	-0.227345253907784	-0.0747943164021311	-0.0623668748924077	0.217623252278403	0.336733293832032
0.13013971815376	0.0799840523968083	-0.220750027878573	-0.0726402895336091	-0.0605033990466652	0.211365227402463	0.327071023207094
0.126340126234985	0.0776472310382094	-0.21422426616504	-0.0705080753678442	-0.0586625642709838	0.205170049081463	0.317504614048658
0.12257907196172	0.0753342016425067	-0.207769298131904	-0.0683981374801783	-0.0568446448635989	0.199039081779689	0.308036212473168
0.118857421031344	0.0730454935333351	-0.201386453143884	-0.0663109394459521	-0.0550499151227457	0.192973689961428	0.298667964597057
0.115176039141242	0.0707816360343302	-0.195077060565695	-0.064246944840507	-0.0532786493466593	0.186975238090961	0.289402016536765
0.111535791988795	0.0685431584691264	-0.188842449762056	-0.0622066172391843	-0.051531121833575	0.181045090632576	0.280240514408727
0.107937545271386	0.0663305901613589	-0.182683950097683	-0.0601904202173249	-0.0498076068817281	0.175184612050556	0.271185604329382
0.104382164686396	0.0641444604346633	-0.176602890937294	-0.0581988173502705	-0.0481083787893538	0.169395166809187	0.262239432415168
0.100870515931209	0.0619852986126743	-0.170600601645607	-0.0562322722133624	-0.0464337118546872	0.163678119372753	0.253404144782521
0.0974034647032069	0.0598536340190269	-0.164678411587339	-0.0542912483819417	-0.0447838803759636	0.15803483420554	0.24468188754788
0.0939818766997709	0.0577499959773563	-0.158837650127208	-0.0523762094313496	-0.0431591586514184	0.152466675771831	0.236074806827681
0.090606617618284	0.0556749138112977	-0.15307964662993	-0.050487618936927	-0.0415598209792865	0.146975008535912	0.227585048738363
0.0872785531561291	0.0536289168444866	-0.147405730460225	-0.048625940474016	-0.0399861416578035	0.141561196962069	0.219214759396362
0.0839985490106883	0.0516125344005574	-0.141817230982807	-0.0467916376179572	-0.0384383949852043	0.136226605514584	0.210966084918115
0.0807674708793433	0.0496262958031455	-0.136315477562396	-0.0449851739440924	-0.0369168552597244	0.130972598657744	0.202841171420062
0.0775861844594767	0.0476707303758858	-0.130901799563709	-0.0432070130277619	-0.0354217967795988	0.125800540855832	0.194842165018637
0.0744555554484707	0.0457463674424134	-0.125577526351462	-0.041457618444308	-0.033953493843063	0.120711796573135	0.186971211830281
0.0713764495437084	0.0438537363263638	-0.120343987290374	-0.0397374537690713	-0.0325122207483519	0.115707730273937	0.17923045797143
0.0683497324425706	0.0419933663513719	-0.115202511745163	-0.0380469825773933	-0.0310982517937008	0.110789706422522	0.17162204955852
0.0653762698424418	0.0401657868410731	-0.110154429080545	-0.0363866684446156	-0.0297118612773454	0.105959089483176	0.164148132707992
0.0624569274407025	0.0383715271191014	-0.105201068661237	-0.0347569749460787	-0.0283533234975202	0.101217243920183	0.15681085353628
0.0595925709347354	0.0366111165090931	-0.100343759851959	-0.0331583656571243	-0.0270229127524609	0.0965655341978278	0.149612358159823
0.0567840660219234	0.0348850843346828	-0.0955838320174256	-0.0315913041530937	-0.0257209033404026	0.0920053247803962	0.142554792695058
0.0540322783996474	0.0331939599195055	-0.0909226145223552	-0.0300562540093279	-0.0244475695595805	0.0875379801321716	0.135640303258422
0.051338073765292	0.0315382725871964	-0.0863614367314658	-0.0285536788011685	-0.02320318570823	0.0831648647174408	0.128871035966354
0.0487023178162376	0.0299185516613906	-0.0819016280094735	-0.0270840421039564	-0.0219880260845859	0.0788873430004857	0.122249136935289
0.0461258762498671	0.0283353264657237	-0.077544517721098	-0.0256478074930332	-0.020802364986884	0.0747067794455938	0.115776752281668
0.0436096147635634	0.0267891263238299	-0.073291435231055	-0.0242454385437399	-0.0196464767133592	0.0706245385170496	0.109456028121925
0.0411543990547081	0.0252804805593448	-0.0691437099040617	-0.0228773988314177	-0.0185206355622468	0.0666419846791366	0.1032891105725
0.0387610948206834	0.0238099184959035	-0.0651026711048366	-0.0215441519314081	-0.017425115831782	0.0627604823961403	0.0972781457498288
0.0364305677588721	0.0223779694571409	-0.0611696481980961	-0.0202461614190522	-0.0163601918201999	0.0589813961323462	0.0914252797703492
0.0341636835666566	0.0209851627666924	-0.0573459705485586	-0.0189838908696917	-0.0153261378257362	0.0553060903520377	0.0857326587504996
0.0319613079414187	0.0196320277481927	-0.0536329675209424	-0.0177578038586668	-0.0143232281466255	0.0517359295195012	0.0802024288067167
0.0298243065805417	0.0183190937252773	-0.0500319684799622	-0.0165683639613199	-0.0133517370811035	0.0482722780990206	0.0748367360554383
0.0277535451814066	0.0170468900215809	-0.0465443027903376	-0.0154160347529916	-0.0124119389274051	0.0449165005548799	0.0696377266131005
0.0257498894413963	0.015815945960739	-0.0431712998167852	-0.0143012798090235	-0.011504107983766	0.0416699613513662	0.0646075465961422
0.0238142050578936	0.0146267908663866	-0.0399142889240229	-0.0132245627047564	-0.0106285185484208	0.0385340249527624	0.0597483421210017
0.0219473577282796	0.0134799540621582	-0.0367745994767676	-0.0121863470155317	-0.00978544491960509	0.0355100558233534	0.0550622593041146
0.0201502131499383	0.0123759648716901	-0.0337535608397372	-0.0111870963166912	-0.00897516139555421	0.0325994184274259	0.0505514442619193
0.0184236370202511	0.011315352618616	-0.0308525023776482	-0.0102272741835758	-0.00819794227450332	0.0298034772292635	0.0462180431108532
0.0167684950365998	0.010298646626572	-0.0280727534552194	-0.00930734419152635	-0.00745406185468722	0.02712359669315	0.0420642019673529
0.0151856528963676	0.00932637621919308	-0.0254156434371677	-0.0084277699158849	-0.00674379443434192	0.0245611412833719	0.0380920669478568
0.0136759762969356	0.00839907072011425	-0.0228825016882097	-0.0075890149319916	-0.00606741431170177	0.0221174754642131	0.0343037841688014
0.012240330935688	0.00751725945296977	-0.0204746575730641	-0.00679154281518879	-0.00542519578500278	0.0197939636999585	0.0307014997466251
0.0108795825100063	0.00668147174139633	-0.0181934404564488	-0.00603581714081747	-0.00481741315247985	0.0175919704548932	0.0272873597977661
0.0095945967172717	0.00589223690902796	-0.0160401797030785	-0.00532230148421853	-0.00424434071236801	0.0155128601933021	0.0240635104386611
0.00838623925486792	0.00515008427949937	-0.0140162046776728	-0.00465145942073342	-0.00370625276290271	0.0135579973794693	0.0210320977857457
0.00725537582017699	0.00445554317644725	-0.0121228447449493	-0.0040237545257038	-0.00320342360231929	0.0117287464776807	0.01819526795546
0.00620287211058068	0.00380914292350498	-0.0103614292696235	-0.0034396503744698	-0.00273612752885266	0.0100264719522203	0.0155551670642398
0.00522959382346144	0.00321141284430837	-0.00873328761641501	-0.00289961054237375	-0.0023046388407385	0.00845253826737213	0.0131139412285233
0.00433640665620239	0.00266288226249256	-0.00723974915004133	-0.00240409860475665	-0.00190923183621161	0.00700830988742451	0.0108737365647498
0.00352417630618485	0.00216408050169292	-0.00588214323521763	-0.00195357813695951	-0.00155018081350733	0.00569515127665854	0.00883669918935226
0.00279376847079238	0.00171553688554438	-0.0046617992366631	-0.00154851271432377	-0.00122776007086089	0.00451442689936021	0.00700497521877352
0.00214604884740588	0.00131778073768141	-0.00358004651909516	-0.00118936591219065	-0.000942243906507878	0.00346750121981465	0.00538071076944568
0.00158188313340846	0.000971341381739821	-0.00263821444723078	-0.000876601305901392	-0.00069390661868296	0.00255573870230696	0.00396605195780886
0.00110213702618234	0.000676748141354766	-0.00183763238578738	-0.000610682470797652	-0.000483022505621822	0.00178050381112271	0.00276314490030405
0.000707676223108855	0.000434530340160943	-0.00117962969948238	-0.000392072982219993	-0.000309865865559367	0.0011431610105439	0.00177413571336071
0.000399366421572012	0.000245217301793277	-0.000665535753033186	-0.000221236415509862	-0.000174710996730942	0.000645074764857423	0.00100117051342075
0.000178073318953142	0.000109338349887356	-0.000296679911156783	-9.8636346008707e-05	-7.78321973716745e-05	0.000287609538347944	0.000446395416924261
4.466261263536e-05	2.74228080783256e-05	-7.43915385732485e-05	-2.47363490581964e-05	-1.95037657171326e-05	7.21297953005795e-05	0.000111956540305158
-8.88178419700125e-16	4.44089209850063e-16	4.44089209850063e-15	1.33226762955019e-15	-2.22044604925031e-15	-2.22044604925031e-15	8.88178419700125e-16
