0.0186426231265857	0.00189209560587633	-0.0160193549701559	-9.12055042263416e-05	-0.00405871430686812	0.000387682627094355	0.0033662522325337
0.0186391023553951	0.00187948446425592	-0.0160258864262793	-0.000103494068759198	-0.00405482898578815	0.000387923234252196	0.00335487979191963
0.0186307726271916	0.0018423366716872	-0.0160471699176541	-0.000140313115025011	-0.00404392481736721	0.000388780290529541	0.00332143688315492
0.0186176542601021	0.001780771025712	-0.0160831302128024	-0.000201544708196254	-0.00402603778534832	0.000390251307716197	0.00326603191914942
0.0185997675631053	0.00169490615848299	-0.0161336922239153	-0.000287071070211093	-0.00400120384261545	0.00039233378410838	0.00318877313879167
0.0185771328432307	0.00158486055330963	-0.0161987810098875	-0.000396774561455369	-0.00396945893264328	0.000395025195820644	0.00308976861290239
0.0185497704113791	0.00145075256078578	-0.0162783217782279	-0.000530537662752381	-0.00393083901029494	0.000398322988220144	0.00296912624985198
0.018517700590697	0.00129270041490065	-0.016372239889226	-0.000688242957675698	-0.00388538006282706	0.000402224567563102	0.0028269538015523
0.0184809437219334	0.00111082224856899	-0.0164804608575844	-0.000869773115157736	-0.00383311812989105	0.000406727292717559	0.00266335886881758
0.0184395201704917	0.000905236109061965	-0.0166029103555695	-0.00107501087241271	-0.00377408932356018	0.000411828467068876	0.00247844890694671
0.0183934503329423	0.000676059973112981	-0.0167395142157567	-0.00130383901816263	-0.00370832984789785	0.000417525330561117	0.00227233123112364
0.0183427546429598	0.000423411761697062	-0.0168901984333413	-0.0015561403761636	-0.00363587601806217	0.000423815051872939	0.00204511302163048
0.0182874535777736	0.000147409354596113	-0.0170548891689495	-0.00183179778903592	-0.00355676427918608	0.000430694720749539	0.00179690132907033
0.0182275676639492	-0.000151829395367388	-0.0172335127509331	-0.00213069410238979	-0.00347103122477837	0.00043816134046575	0.00152780307938811
0.0181631174837933	-0.000474186648296148	-0.0174259956782593	-0.00245271214925178	-0.00337871361492947	0.000446211820446594	0.00123792507892254
0.018094123680406	-0.000819544563581157	-0.0176322646222953	-0.00279773473477962	-0.00327984839389412	0.000454842969003311	0.000927374019133883
0.018020606964408	-0.00118778528635367	-0.0178522464300926	-0.00316564462127958	-0.00317447270771215	0.00046405148624775	0.00059625648155464
0.0179425881177187	-0.00157879093449257	-0.0180858681251933	-0.00355632451350047	-0.00306262392086428	0.00047383395708814	0.000244678942129503
0.0178600880014969	-0.001992443585465	-0.0183330569120738	-0.00396965704423866	-0.00294433963351163	0.000484186844453881	-0.00012725222377086
0.0177731275591128	-0.0024286252639238	-0.0185937401763749	-0.00440552476020698	-0.00281965769733536	0.000495106482559041	-0.000519430737310086
0.0176817278226894	-0.00288721792919407	-0.0188678454882591	-0.00486381010820771	-0.00268861623183628	0.000506589070381715	-0.000931750411577419
0.0175859099179276	-0.00336810346318393	-0.0191553006043504	-0.00534439542158212	-0.00255125363994627	0.000518630665248684	-0.00136410514736443
0.0174856950685088	-0.00387116365858536	-0.0194560334693693	-0.00584716290694145	-0.002407608623236	0.000531227176552978	-0.00181638892909202
0.0173811046015752	-0.00439628020721279	-0.0197699722187527	-0.00637199463118515	-0.00225772019704687	0.000544374359633941	-0.00228849582061639
0.0172721599522458	-0.00494333468868309	-0.0200970451805027	-0.0069187725087937	-0.00210162770510589	0.000558067809777759	-0.00278031996128136
0.0171588826679847	-0.00551220855935407	-0.0204371808769678	-0.00748737828940057	-0.00193937083380252	0.000572302956355507	-0.00329175556206919
0.0170412944132769	-0.00610278314147262	-0.0207903080269456	-0.00807769354564163	-0.00177098962622956	0.000587075057107263	-0.00382269690176681
0.0169194169736612	-0.00671493961262748	-0.0211563555472937	-0.00868959966127749	-0.00159652449578319	0.000602379192552902	-0.00437303832331767
0.0167932722603998	-0.00734855899537604	-0.021535252555144	-0.00932297781959337	-0.00141601623960211	0.000618210260555758	-0.00494267423012839
0.0166628823141236	-0.00800352214721051	-0.0219269283692976	-0.00997770899206576	-0.00122950605148772	0.000634562971004428	-0.00553149908262771
0.0165282693088103	-0.00867970975072538	-0.0223313125119641	-0.0106536739273021	-0.00103703553460174	0.000651431840641022	-0.00613940739483348
0.016389455556064	-0.009377002303988	-0.0227483347108189	-0.0113507531402525	-0.000838646713937208	0.000668811188035072	-0.00676629373093152
0.0162464635081898	-0.0100952801112617	-0.0231779249000848	-0.0120688269016822	-0.000634382048236621	0.000686695128671342	-0.00741205270213723
0.0160993157620531	-0.0108344232738807	-0.0236200132223472	-0.0128077752279161	-0.000424284441792686	0.00070507757019338	-0.00807657896348138
0.0159480350624272	-0.0115943116814046	-0.0240745300299897	-0.0135674778708458	-0.000208397255851529	0.000723952207775179	-0.00875976721075115
0.0157926443058557	-0.0123748250029479	-0.0245414058871317	-0.0143478143082031	1.32356801561791e-05	0.000743312519642881	-0.00946151217740211
0.0156331665423256	-0.0131758426789567	-0.0250205715697447	-0.0151486637340861	0.000240570058143216	0.000763151762689808	-0.0101817086319277
0.0154696249803109	-0.0139972439128678	-0.0255119580687259	-0.0159699050497617	0.000473561080439352	0.000783462968300159	-0.0109202513746811
0.015302042988005	-0.0148389076633767	-0.026015496589757	-0.0168114168547115	0.000712163449973456	0.000804238938232879	-0.0116770352354465
0.0151304440971604	-0.0157007126366627	-0.0265311185554639	-0.017673077437948	0.000956331360163974	0.000825472240698339	-0.0124519550705995
0.014954852004952	-0.0165825372790317	-0.02705875560594	-0.018554764769578	0.00120601848551312	0.000847155206532615	-0.0132449057606823
0.0147752905769436	-0.0174842597696681	-0.0275983396002781	-0.0194563564926284	0.00146117797223389	0.000869279925533724	-0.0140557822078396
0.0145917838497757	-0.0184057580136298	-0.0281498026179243	-0.0203777299151254	0.00172176242920757	0.000891838242930829	-0.0148844793333604
0.014404356032195	-0.019346909635226	-0.0287130769586686	-0.0213187620024182	0.00198772391957037	0.00091482175595767	-0.0157308920755773
0.0142130315085363	-0.0203075919713614	-0.0292880951448058	-0.0222793293697669	0.00225901395203273	0.00093822181061569	-0.016594915387378
0.014017834839908	-0.0212876820653241	-0.0298747899213837	-0.0232593082751709	0.00253558347296275	0.000962029498528251	-0.0174764442341865
0.013818790766149	-0.0222870566607071	-0.0304730942571773	-0.0242585746124496	0.0028173828585645	0.000986235653949647	-0.0183753735918599
0.0136159242073962	-0.0233055921955773	-0.0310829413453919	-0.0252770039045693	0.0031043619074011	0.00101083085090436	-0.0192915984447081
0.0134092602662171	-0.0243431647967964	-0.0317042646049131	-0.0263144712972208	0.00339646983305402	0.00103580540047715	-0.0202250137834649
0.0131988242279181	-0.0253996502747326	-0.0323369976800534	-0.0273708515526333	0.00369365525743638	0.00106114934820373	-0.02117551460364
0.0129846415627695	-0.0264749241179828	-0.0329810744420084	-0.0284460190436401	0.00399586620394338	0.00108685247163919	-0.0221429959035771
0.0127667379270166	-0.0275688614884219	-0.0336364289893343	-0.0295398477479848	0.0043030500911206	0.00111290427804087	-0.0231273526827799
0.0125451391632549	-0.0286813372165186	-0.0343029956479421	-0.0306522112428632	0.00461515372672194	0.00113929400217543	-0.0241284799404051
0.0123198713016489	-0.0298122257967666	-0.0349807089718805	-0.0317829826997106	0.00493212330183337	0.00116601060428224	-0.0251462726736506
0.0120909605607485	-0.0309614013833559	-0.0356695037438377	-0.0329320348792271	0.00525390438533161	0.00119304276816672	-0.0261806258762647
0.0118584333479554	-0.0321287377860777	-0.0363693149754066	-0.0340992401266371	0.00558044191866486	0.00122037889942438	-0.0272314345371677
0.0116223162599334	-0.0333141084664315	-0.0370800779073661	-0.0352844703671866	0.00591168021089018	0.00124800712380203	-0.0282985936391289
0.0113826360821916	-0.0345173865340114	-0.037801728009317	-0.0364875971018706	0.00624756293413315	0.00127591528567929	-0.0293819981576415
0.0111394197905139	-0.0357384447428989	-0.0385342009809683	-0.0377084914034037	0.00658803311888486	0.00130409094672707	-0.0304815430595075
0.0108926945497942	-0.0369771554885116	-0.0392774327512609	-0.03894702391241	0.00693303315010384	0.00133252138464864	-0.0315971233019384
0.0106424877142979	-0.0382333908044975	-0.04003135947878	-0.040203064833851	0.00728250476324373	0.00136119359208901	-0.0327286338314418
0.0103888268276554	-0.0395070223598472	-0.0407959175520044	-0.0414764839336829	0.0076363890405737	0.00139009427567516	-0.0338759695828007
0.0101317396212167	-0.0407979214563598	-0.0415710435882127	-0.0427671505357325	0.00799462640809135	0.00141920985515988	-0.0350390254783926
0.00987125401510555	-0.0421059590260221	-0.0423566744347735	-0.0440749335188138	0.00835715663207598	0.0014485264627577	-0.0362176964270624
0.00960739811609433	-0.043431005628896	-0.0431527471677713	-0.045399701314056	0.00872391881656756	0.00147802994255281	-0.0374118773236141
0.00934020021739767	-0.0447729314509954	-0.0439591990923453	-0.0467413219024623	0.00909485140065377	0.00150770585008159	-0.0386214630479962
0.00906968879687752	-0.0461316063025063	-0.0447759677417312	-0.0480996628126854	0.00946989215633105	0.00153753945201917	-0.0398463484648155
0.00879589251715995	-0.0475068996159955	-0.0456029908780087	-0.0494745911190337	0.00984897818617192	0.00156751572604137	-0.0410864284225467
0.00851884022297277	-0.04889868044508	-0.0464402064905304	-0.050865973439682	0.0102320459218234	0.00159761936076394	-0.0423415977532838
0.00823856093969494	-0.0503068174631532	-0.0472875527954559	-0.0522736759351084	0.0106190311224617	0.00162783475584222	-0.0436117512723145
0.0079550838732841	-0.0517311789621472	-0.0481449682365361	-0.0536975643067534	0.0110098688731647	0.00165814602223443	-0.0448967837774803
0.00766843840580198	-0.0531716328519187	-0.049012391482184	-0.0551375037958724	0.0114044935844657	0.00168853698250686	-0.0461965900493778
0.00737865409644656	-0.0546280466592498	-0.0498897614273384	-0.0565933591826315	0.0118028389909186	0.00171899117138869	-0.0475110648505961
0.00708576067682928	-0.0561002875276061	-0.0507770171904547	-0.0580649947853833	0.0122048381511371	0.00174949183633912	-0.0488401029260388
0.00678978805062141	-0.0575882222166233	-0.0516740981143112	-0.0595522744601792	0.0126104234470903	0.00178002193833986	-0.0501835990024903
0.00649076628999209	-0.0590917171020881	-0.0525809437641282	-0.0610550616004703	0.0130195265843121	0.00181056415275121	-0.0515414477888002
0.0061887256337964	-0.0606106381759132	-0.0534974939272549	-0.0625732191370297	0.0134320785919379	0.00184110087033887	-0.0529135439757899
0.00588369648421455	-0.0621448510464338	-0.0544236886115928	-0.0641066095380686	0.0138480098232874	0.00187161419839781	-0.0542997822364747
0.00557570940488247	-0.0636942209387208	-0.0553594680453653	-0.0656550948095667	0.0142672499563277	0.00190208596203888	-0.0557000572260524
0.00526479511629844	-0.0652586126953336	-0.0563047726746153	-0.0672185364957904	0.0146897279949389	0.00193249770554876	-0.0571142635824233
0.00495098449510346	-0.0668378907768447	-0.0572595431640923	-0.0687967956800323	0.0151153722695321	0.00196283069396004	-0.0585422959260415
0.00463430856857828	-0.0684319192630093	-0.0582237203941008	-0.0703897329855252	0.01554411043892	0.00199306591465003	-0.059984048860671
0.00431479851226656	-0.0700405618537799	-0.0591972454600965	-0.07199720857657	0.0159758694917	0.00202318407913321	-0.0614394169736106
0.00399248564645671	-0.0716636818705948	-0.0601800596713685	-0.0736190821598543	0.0164105757480883	0.00205316562495762	-0.0629082948361595
0.00366740143187525	-0.0733011422579035	-0.0611721045491098	-0.0752552129859584	0.0168481548621218	0.00208299071770957	-0.0643905770042634
0.00333957746703515	-0.0749528055846814	-0.0621733218259721	-0.0769054598510665	0.0172885318236934	0.00211263925318216	-0.0658861580188917
0.00300904548262821	-0.0766185340463986	-0.063183653443151	-0.0785696810988496	0.0177316309614304	0.00214209085960278	-0.0673949324069917
0.00267583733898478	-0.0782981894668295	-0.0642030415501651	-0.0802477346225545	0.0181773759450903	0.00217132490005228	-0.0689167946819139
0.00233998502100113	-0.079991633300273	-0.065231428502527	-0.081939477867267	0.0186256897887048	0.00220032047495281	-0.0704516393443377
0.00200152063391906	-0.0816987266338352	-0.0662687568602114	-0.0836447678323642	0.0190764948537252	0.00222905642469591	-0.0719993608830737
0.00166047639859412	-0.0834193301899125	-0.0673149693857452	-0.0853634610741461	0.0195297128524679	0.00225751133238121	-0.0735598537759946
0.0013168846470212	-0.0851533043287975	-0.0683700090425838	-0.0870954137086532	0.0199852648516904	0.00228566352668189	-0.0751330124909537
0.000970777818159775	-0.086900509051398	-0.0694338189938063	-0.0888404814146612	0.0204430712762835	0.00231349108483432	-0.0767187314866821
0.000622188451905842	-0.0886608040022908	-0.0705063425992839	-0.0905985194368468	0.0209030519135576	0.00234097183570811	-0.0783169052140607
0.000271149184271298	-0.0904340484727946	-0.0715875234139473	-0.0923693825891324	0.0213651259174436	0.00236808336301827	-0.079927428117205
-8.23072563992597e-05	-0.0922201014040782	-0.0726773051870028	-0.094152925258212	0.0218292118126429	0.00239480300867572	-0.0815501946343926
-0.000438148056838842	-0.0940188213907786	-0.0737756318581035	-0.0959490014072291	0.0222952274997603	0.00242110787617634	-0.083185099199694
-0.000796340322952924	-0.0958300666844202	-0.0748824475564205	-0.0977574645796403	0.0227630902598789	0.00244697483417315	-0.0848320362440261
-0.00115685108576441	-0.0976536951971578	-0.0759976965981914	-0.0995781679032379	0.0232327167597203	0.00247238052012271	-0.0864909001965823
-0.00151964730668699	-0.099489564505587	-0.0771213234849023	-0.101410964094341	0.02370402305683	0.00249730134405732	-0.0881615854861725
-0.00188469588415128	-0.101337531854828	-0.0782532729003724	-0.103255705462142	0.0241769246052362	0.00252171349243733	-0.0898439865428486
-0.00225196365835095	-0.103197454162548	-0.0793934897095063	-0.105112243913227	0.0246513362608608	0.0025455929321542	-0.0915379977992175
-0.00262141741873905	-0.105069188023394	-0.0805419189547503	-0.106980430956235	0.0251271722877126	0.0025689154145798	-0.0932435136922972
-0.0029930239086959	-0.106952589713268	-0.0816985058550287	-0.108860117706694	0.0256043463636184	0.00259165647978565	-0.0949604286648864
-0.00336674983293065	-0.108847515194011	-0.082863195802397	-0.110751154891998	0.0260827715867299	0.00261379146080484	-0.0966886371674741
-0.00374256186311492	-0.110753820118026	-0.084035934360265	-0.112653392856537	0.0265623604818017	0.00263529548803755	-0.0984280336598596
-0.00412042664479011	-0.112671359833161	-0.0852166672605858	-0.114566681566984	0.0270430250069167	0.00265614349372997	-0.100178512613043
-0.00450031080368708	-0.114599989387653	-0.0864053404016042	-0.116490870617721	0.0275246765602433	0.00267631021656633	-0.101939968511045
-0.00488218095249516	-0.11653956353524	-0.0876018998452743	-0.118425809236413	0.0280072259870524	0.0026957702063511	-0.103712295852843
-0.00526600369803297	-0.118489936740432	-0.0888062918143881	-0.120371346289727	0.0284905835869852	0.00271449782877785	-0.105495389154426
-0.00565174564716467	-0.120450963183772	-0.0900184626908317	-0.122327330289191	0.0289746591211969	0.00273246727032186	-0.107289142950646
-0.0060393734148665	-0.122422496767437	-0.091238359012053	-0.124293609397186	0.0294593618201386	0.00274965254318133	-0.109093451797509
-0.00642885363084734	-0.124404391120802	-0.0924659274688206	-0.126270031433079	0.0299446003911705	0.0027660274903398	-0.110908210274242
-0.00682015294651584	-0.126396499606152	-0.0937011149027352	-0.12825644387949	0.0304302830264056	0.00278156579071469	-0.112733312985452
-0.00721323804264427	-0.128398675324582	-0.0949438683031984	-0.130252693888688	0.0309163174108627	0.00279624096437764	-0.11456865456346
-0.00760807563599747	-0.130410771121892	-0.0961941348053137	-0.132258628289114	0.0314026107305363	0.00281002637788459	-0.116414129670482
-0.00800463248826011	-0.132432639594838	-0.0974518616858733	-0.134274093592032	0.0318890696811332	0.0028228952496438	-0.118269633001275
-0.00840287541179083	-0.134464133097154	-0.0987169963621047	-0.136298935998308	0.0323756004762436	0.00283482065543363	-0.120135059285232
-0.00880277127809448	-0.136505103745959	-0.0999894863881408	-0.138333001405301	0.0328621088562676	0.00284577553394478	-0.122010303289024
-0.00920428702588345	-0.138555403428233	-0.101269279451889	-0.140376135413882	0.0333485000973974	0.00285573269241093	-0.123895259819211
-0.00960738966776246	-0.14061488380724	-0.102556323373121	-0.142428183335564	0.0338346790204299	0.00286466481234838	-0.125789823724631
-0.0100120462991311	-0.142683396329295	-0.103850566099713	-0.144488990199747	0.0343205500002224	0.00287254445532293	-0.127693889899248
-0.0104182241047724	-0.144760792230372	-0.105151955705903	-0.14655840076108	0.0348060169747661	0.00287934406884153	-0.129607353284607
-0.0108258903684966	-0.14684692254314	-0.106460440387987	-0.148636259506916	0.0352909834550892	0.0028850359922499	-0.13153010887291
-0.011235012479736	-0.14894163810377	-0.107775968462659	-0.150722410664895	0.0357753525346076	0.00288959246276803	-0.13346205170956
-0.0116455579419074	-0.151044789559018	-0.109098488363875	-0.152816698210616	0.0362590268990109	0.00289298562155411	-0.135403076896073
-0.0120574943808991	-0.153156227373415	-0.110427948639661	-0.154918965875412	0.0367419088363128	0.00289518751983231	-0.137353079593072
-0.0124707895533588	-0.155275801836523	-0.111764297949123	-0.157029057154223	0.0372239002469876	0.00289617012509098	-0.139311955023278
-0.0128854113538027	-0.157403363070159	-0.113107485060503	-0.159146815313578	0.0377049026539714	0.00289590532736716	-0.141279598474326
-0.0133013278243612	-0.159538761035972	-0.11445745884702	-0.161272083399649	0.0381848172133924	0.00289436494553538	-0.143255905302127
-0.0137185071618925	-0.16168184554284	-0.115814168284993	-0.16340470424641	0.0386635447248305	0.00289152073370952	-0.145240770933772
-0.0141369177271065	-0.16383246625455	-0.117177562450282	-0.165544520483884	0.0391409856421628	0.00288734438766028	-0.147234090870874
-0.0145565280524522	-0.165990472697434	-0.11854759051582	-0.167691374546466	0.03961704008425	0.0028818075513104	-0.149235760692712
-0.0149773068505894	-0.168155714268142	-0.119924201748674	-0.16984510868134	0.0400916078458838	0.00287488182327071	-0.151245676059538
-0.0153992230226846	-0.170328040241473	-0.121307345507288	-0.17200556495697	0.0405645884088119	0.00286653876343087	-0.153263732715899
-0.0158222456678379	-0.172507299778402	-0.122696971237796	-0.174172585271664	0.0410358809531473	0.00285674989956702	-0.155289826494226
-0.0162463440898592	-0.174693341933898	-0.124093028472615	-0.176346011362228	0.0415053843682863	0.00284548673406003	-0.157323853317955
-0.0166714878074024	-0.176886015665169	-0.125495466826207	-0.178525684812672	0.0419729972647154	0.0028327207505794	-0.159365709205356
-0.0170976465612642	-0.179085169839678	-0.126904235993285	-0.180711447063004	0.0424386179852834	0.00281842342086851	-0.161415290272856
-0.017524790323382	-0.181290653243397	-0.12831928574559	-0.18290313941808	0.0429021446169773	0.00280256621153454	-0.163472492738741
-0.0179528893057905	-0.183502314589137	-0.129740565928733	-0.185100603056515	0.0433634750028043	0.00278512059087291	-0.16553721292691
-0.0183819139679916	-0.185720002524758	-0.131168026460404	-0.187303679039672	0.0438225067534159	0.00276605803576212	-0.167609347270357
-0.0188118350268069	-0.187943565641715	-0.132601617326492	-0.189512208320688	0.0442791372594184	0.00274535003853509	-0.169688792315208
-0.0192426234636189	-0.190172852483379	-0.134041288579447	-0.191726031753572	0.0447332637031836	0.00272296811393607	-0.171775444724283
-0.0196742505337023	-0.19240771155364	-0.135486990334875	-0.19394499010235	0.0451847830712528	0.00269888380606051	-0.173869201281126
-0.0201066877746984	-0.194647991325478	-0.136938672768885	-0.19616892405026	0.0456335921666461	0.00267306869533811	-0.175969958893927
-0.0205399070145102	-0.196893540249521	-0.138396286115944	-0.198397674208998	0.0460795876211403	0.00264549440554883	-0.178077614599374
-0.0209738803802924	-0.199144206762771	-0.139859780665808	-0.200631081128006	0.0465226659079013	0.00261613261083934	-0.180192065566779
-0.0214085803065863	-0.201399839297295	-0.141329106761199	-0.202868985303803	0.0469627233540199	0.00258495504277005	-0.182313209102094
-0.0218439795439538	-0.203660286289007	-0.14280421479506	-0.205111227189358	0.0473996561532581	0.00255193349737341	-0.184440942652069
-0.0222800511669396	-0.205925396186434	-0.144285055208404	-0.207357647203498	0.0478333603787384	0.00251703984223331	-0.186575163808347
-0.0227167685826161	-0.208195017459583	-0.145771578487658	-0.209608085740353	0.0482637319958618	0.00248024602356737	-0.18871577031172
-0.0231541055390001	-0.210468998608832	-0.147263735162138	-0.211862383178826	0.0486906668752875	0.00244152407331905	-0.19086266005642
-0.0235920361334852	-0.212747188173871	-0.148761475801501	-0.214120379892101	0.0491140608060109	0.00240084611625296	-0.193015731094465
-0.0240305348201867	-0.215029434742559	-0.150264751014137	-0.216381916257171	0.0495338095082714	0.0023581843770821	-0.195174881639853
-0.024469576418933	-0.217315586959988	-0.151773511444156	-0.218646832664391	0.0499498086469351	0.00231351118755578	-0.197340010073135
-0.0249091361227145	-0.219605493537432	-0.153287707769684	-0.22091496952706	0.0503619538446045	0.00226679899358642	-0.199511014945739
-0.0253491895064901	-0.221899003261448	-0.154807290700011	-0.223186167291002	0.0507701406951236	0.00221802036233474	-0.201687794984622
-0.0257897125344914	-0.22419596500287	-0.156332210974006	-0.225460266444184	0.0511742647768187	0.00216714798933047	-0.203870249096682
-0.0262306815680191	-0.226496227725866	-0.15786241935811	-0.22773710752634	0.0515742216659297	0.00211415470557012	-0.206058276373327
-0.0266720733740362	-0.228799640497111	-0.159397866643648	-0.230016531138596	0.0519699069503092	0.00205901348458695	-0.208251776095253
-0.0271138651323068	-0.23110605249483	-0.160938503645367	-0.232298377953116	0.0523612162428553	0.00200169744954115	-0.210450647737002
-0.0275560344432167	-0.233415313017931	-0.162484281199381	-0.23458248872275	0.0527480451951783	0.00194217988028135	-0.212654790971704
-0.0279985593348905	-0.235727271495083	-0.164035150161709	-0.236868704290682	0.0531302895111711	0.00188043422040259	-0.214864105675743
-0.0284414182719569	-0.238041777493987	-0.165591061405395	-0.239156865600077	0.0535078449610452	0.00181643408424729	-0.21707849193381
-0.0288845901614448	-0.240358680730354	-0.167151965820051	-0.241446813703734	0.0538806073947488	0.00175015326395183	-0.219297850043437
-0.0293280543616079	-0.242677831077209	-0.168717814308898	-0.243738389773722	0.0542484727561517	0.00168156573640008	-0.221522080520181
-0.0297717906874279	-0.24499907857385	-0.170288557788603	-0.246031435111025	0.0546113370964997	0.00161064567022924	-0.223751084102195
-0.0302157794194536	-0.247322273435169	-0.171864147186275	-0.248325791155158	0.0549690965887273	0.0015373674327253	-0.225984761755535
-0.030660001309995	-0.249647266060708	-0.173444533438672	-0.250621299493791	0.0553216475412036	0.0014617055967556	-0.228223014678983
-0.0311044375894125	-0.251973907043707	-0.175029667491308	-0.252917801872345	0.0556688864115505	0.00138363494766075	-0.230465744308957
-0.031549069974356	-0.254302047180381	-0.17661950029589	-0.25521514020357	0.0560107098209887	0.0013031304900686	-0.232712852324866
-0.0319938806733251	-0.256631537478909	-0.17821398280998	-0.257513156577114	0.0563470145680972	0.00122016745473109	-0.234964240653986
-0.0324388523940447	-0.258962229168597	-0.17981306599511	-0.259811693269065	0.0566776976430546	0.00113472130528264	-0.237219811476758
-0.0328839683486264	-0.261293973708824	-0.181416700816727	-0.262110592751473	0.0570026562414018	0.00104676774500726	-0.239479467231699
-0.0333292122615769	-0.263626622798261	-0.183024838241704	-0.264409697701827	0.0573217877785349	0.000956282723490224	-0.241743110620938
-0.0337745683748723	-0.265960028383789	-0.184637429238297	-0.266708851012536	0.057634989903537	0.000863242443301159	-0.244010644615227
-0.034220021454296	-0.268294042669521	-0.186254424774996	-0.26900789580035	0.0579421605133575	0.000767623366593597	-0.246281972459254
-0.0346655567952142	-0.270628518125767	-0.187875775819816	-0.271306675415765	0.0582431977668961	0.000669402221671208	-0.248556997676904
-0.0351111602289964	-0.272963307498042	-0.189501433339004	-0.273605033452385	0.0585380000992814	0.000568556009481353	-0.250835624076704
-0.0355568181277821	-0.275298263815879	-0.191131348297101	-0.275902813756252	0.0588264662357848	0.000465062010101935	-0.253117755756986
-0.0360025174103823	-0.277633240401749	-0.192765471656002	-0.278199860435127	0.0591084952060408	0.000358897789136961	-0.255403297111338
-0.0364482455482109	-0.279968090879958	-0.194403754373948	-0.280496017867741	0.0593839863583131	0.000250041204059941	-0.257692152834118
-0.0368939905692836	-0.282302669185314	-0.196046147406102	-0.282791130712999	0.0596528393733109	0.000138470410540965	-0.259984227925616
-0.0373397410643161	-0.284636829571988	-0.197692601703302	-0.285085043919131	0.0599149542785498	2.41638686583375e-05	-0.262279427697713
-0.0377854861910639	-0.286970426622167	-0.199343068212257	-0.2873776027328	0.0601702314623048	-9.28996509025015e-05	-0.26457765777922
-0.0382312156797743	-0.289303315254784	-0.20099749787474	-0.289668652708166	0.0604185716878599	-0.000212741060752121	-0.266878824121505
-0.0386769198361053	-0.291635350733952	-0.202655841628875	-0.291958039715896	0.0606598761071558	-0.000335380950697127	-0.269182833003643
-0.0391225895477582	-0.293966388677757	-0.20431805040723	-0.294245609952102	0.0608940462753626	-0.00046083958180882	-0.271489591038391
-0.0395682162870934	-0.296296285066581	-0.205984075138242	-0.296531209947255	0.0611209841644877	-0.000589136880455904	-0.273799005177369
-0.0400137921158797	-0.298624896251619	-0.207653866745787	-0.298814686575017	0.0613405921775149	-0.000720292432467277	-0.276110982716749
-0.0404593096888998	-0.300952078963231	-0.209327376149645	-0.301095887061028	0.0615527731622761	-0.000854325477337604	-0.278425431302737
-0.0409047622580766	-0.303277690319299	-0.211004554265476	-0.303374658991621	0.0617574304254563	-0.000991254902525074	-0.280742258937226
-0.041350143675512	-0.305601587833429	-0.212685352005635	-0.305650850322481	0.0619544677463348	-0.00113109923779667	-0.283061373983253
-0.0417954483973265	-0.307923629423191	-0.214369720279257	-0.307924309387241	0.0621437893907315	-0.00127387664967191	-0.285382685170681
-0.0422406714865644	-0.310243673418203	-0.216057609993053	-0.310194884906009	0.0623253001247174	-0.00141960493592551	-0.287706101601725
-0.0426858086161951	-0.312561578568175	-0.21774897205196	-0.312462425993824	0.0624989052283481	-0.00156830152017418	-0.290031532756536
-0.0431308560722634	-0.314877204050923	-0.219443757359593	-0.31472678216905	0.0626645105094319	-0.00171998344655118	-0.292358888498872
-0.0435758107560738	-0.317190409480206	-0.221141916819438	-0.316987803361693	0.062822022317047	-0.0018746673744361	-0.294688079081589
-0.0440206701868498	-0.319501054913572	-0.222843401335565	-0.319245339921652	0.0629713475551679	-0.00203236957329131	-0.297019015152286
-0.044465432503947	-0.321809000860086	-0.224548161813649	-0.321499242626889	0.0631123936961715	-0.0021931059175651	-0.299351607758886
-0.0449100964691599	-0.324114108288016	-0.226256149161827	-0.323749362691527	0.0632450687943486	-0.00235689188169736	-0.30168576835528
-0.0453546614679858	-0.326416238632323	-0.227967314292352	-0.325995551773874	0.0633692814991368	-0.00252374253517472	-0.304021408806782
-0.0457991275121595	-0.328715253802247	-0.229681608122102	-0.328237661984364	0.0634849410686552	-0.00269367253772186	-0.306358441395888
-0.0462434952398959	-0.331011016188556	-0.231398981574924	-0.330475545893429	0.0635919573826396	-0.00286669613451885	-0.308696778827586
-0.0466877659188859	-0.333303388671036	-0.233119385581593	-0.332709056539268	0.0636902409560444	-0.00304282715158576	-0.311036334235281
-0.0471319414452322	-0.335592234625459	-0.234842771083075	-0.334938047435566	0.0637797029515935	-0.00322207899115686	-0.313377021185879
-0.0475760243462566	-0.337877417930908	-0.236569089030472	-0.3371623725791	0.0638602551932832	-0.00340446462724754	-0.31571875368574
-0.0480200177800821	-0.340158802976673	-0.23829829038757	-0.339381886457283	0.0639318101790346	-0.00358999660124179	-0.31806144618596
-0.0484639255363103	-0.342436254669178	-0.240030326132378	-0.341596444055609	0.0639942810935836	-0.00377868701759271	-0.320405013587913
-0.0489077520363965	-0.34470963843881	-0.241765147258839	-0.343805900865016	0.0640475818212657	-0.00397054753962935	-0.322749371248757
-0.0493515023334456	-0.346978820246598	-0.243502704778915	-0.34601011288917	0.0640916269586082	-0.00416558938543203	-0.32509443498684
-0.0497951821124175	-0.349243666590854	-0.245242949724248	-0.348208936651644	0.0641263318269839	-0.00436382332383323	-0.327440121087203
-0.050238797689436	-0.351504044513632	-0.246985833148464	-0.350402229203024	0.0641516124849946	-0.00456525967048203	-0.329786346306934
-0.0506823560113204	-0.353759821607122	-0.248731306129197	-0.352589848127912	0.0641673857408597	-0.00476990828402484	-0.332133027880557
-0.0511258646547719	-0.356010866019926	-0.250479319770303	-0.354771651551851	0.0641735691646724	-0.00497777856237913	-0.334480083525391
-0.0515693318252389	-0.358257046463204	-0.252229825204231	-0.356947498148153	0.0641700811005149	-0.0051888794390915	-0.336827431446838
-0.0520127663563738	-0.360498232216792	-0.253982773593814	-0.359117247144618	0.0641568406786745	-0.00540321937983146	-0.339174990343818
-0.0524561777076173	-0.362734293135027	-0.255738116135499	-0.361280758330196	0.0641337678273203	-0.00562080637892481	-0.341522679413804
-0.0528995759631001	-0.36496509965262	-0.25749580406139	-0.363437892061521	0.0641007832844589	-0.00584164795603171	-0.343870418358159
-0.053342971829822	-0.367190522790356	-0.25925578864177	-0.36558850926937	0.0640578086096404	-0.00606575115291229	-0.346218127387319
-0.053786376635698	-0.369410434160677	-0.261018021187643	-0.367732471465014	0.0640047661955681	-0.00629312253029293	-0.348565727225957
-0.0542298023266758	-0.371624705973069	-0.262782453053926	-0.369869640746492	0.0639415792793985	-0.00652376816480957	-0.350913139117941
-0.0546732614652683	-0.373833211039507	-0.264549035641358	-0.371999879804768	0.063868171954342	-0.0067576936460984	-0.353260284831608
-0.0551167672268782	-0.376035822779547	-0.266317720400136	-0.374123051929803	0.0637844691806098	-0.00699490407393782	-0.355607086664558
-0.0555603333973532	-0.378232415225461	-0.268088458832406	-0.376239021016533	0.0636903967966208	-0.00723540405551701	-0.357953467448705
-0.0560039743701873	-0.38042286302722	-0.269861202494948	-0.378347651570738	0.063585881530027	-0.00747919770281611	-0.360299350555263
-0.0564477051423498	-0.382607041457227	-0.271635903002874	-0.380448808714829	0.0634708510083076	-0.0077262886300444	-0.362644659899404
-0.0568915413117933	-0.384784826415126	-0.273412512031815	-0.382542358193518	0.0633452337697218	-0.00797667995123973	-0.364989319945297
-0.0573354990729433	-0.386956094432283	-0.275190981321676	-0.384628166379411	0.0632089592736478	-0.00823037427791446	-0.367333255710682
-0.0577795952127307	-0.389120722676213	-0.276971262679814	-0.386706100278488	0.0630619579109771	-0.0084873737168213	-0.369676392771547
-0.0582238471076318	-0.391278588955012	-0.278753307983258	-0.388776027535481	0.0629041610146914	-0.00874767986786455	-0.372018657267034
-0.0586682727173086	-0.393429571721306	-0.280537069183637	-0.390837816439182	0.0627355008694472	-0.00901129382200538	-0.374359975903549
-0.0591128905821791	-0.395573550076516	-0.282322498308721	-0.392891335927606	0.0625559107221129	-0.00927821615940519	-0.376700275959753
-0.0595577198168521	-0.397710403774553	-0.284109547467268	-0.394936455593104	0.0623653247911085	-0.00954844694754089	-0.379039485290588
-0.0600027801065334	-0.399840013225741	-0.285898168851286	-0.396973045687338	0.0621636782764489	-0.00982198573952253	-0.381377532331967
-0.0604480917010072	-0.401962259500331	-0.287688314740184	-0.399000977126183	0.0619509073690318	-0.0100988315724405	-0.38371434610488
-0.0608936754097266	-0.404077024332051	-0.289479937503867	-0.401020121494515	0.061726949260131	-0.0103789829658553	-0.386049856219733
-0.0613395525959499	-0.406184190121417	-0.291272989606512	-0.403030351050917	0.0614917421505275	-0.0106624379203625	-0.388383992880441
-0.0617857451713801	-0.408283639938986	-0.293067423609782	-0.405031538732267	0.0612452252596723	-0.0109491939162786	-0.390716686888601
-0.062232275589369	-0.410375257528332	-0.294863192177115	-0.407023558158242	0.0609873388343558	-0.0112392479123883	-0.393047869647317
-0.0626791668402154	-0.412458927309141	-0.296660248076148	-0.409006283635715	0.0607180241578375	-0.0115325963448631	-0.395377473165459
-0.0631264424434441	-0.414534534379849	-0.298458544183506	-0.410979590163074	0.0604372235580486	-0.0118292351261833	-0.397705430061201
-0.0635741264418731	-0.41660196452035	-0.30025803348798	-0.41294335343441	0.0601448804161637	-0.0121291596442286	-0.400031673565926
-0.064022243395179	-0.418661104194546	-0.302058669094005	-0.414897449843638	0.0598409391749305	-0.0124323647614525	-0.402356137527989
-0.0644708183720601	-0.42071184055261	-0.303860404226146	-0.416841756488519	0.0595253453464954	-0.0127388448141081	-0.40467875641609
-0.064919876944495	-0.422754061433363	-0.305663192231736	-0.418776151174557	0.0591980455206902	-0.0130485936116559	-0.406999465323118
-0.0653694451793411	-0.424787655366229	-0.307466986585574	-0.420700512418841	0.0588589873724674	-0.013361604436177	-0.409318199969306
-0.0658195496314002	-0.42681251157325	-0.309271740893279	-0.422614719453768	0.0585081196696252	-0.0136778700419337	-0.411634896705697
-0.0662702173358567	-0.428828519970884	-0.31107740889503	-0.424518652230667	0.05814539228023	-0.0139973826550203	-0.413949492517403
-0.0667214757999406	-0.430835571171612	-0.312883944469813	-0.426412191423348	0.0577707561797084	-0.0143201339730766	-0.416261925026635
-0.0671733529958943	-0.432833556485573	-0.314691301638464	-0.428295218431546	0.0573841634581741	-0.0146461151651455	-0.418572132495987
-0.0676258773519232	-0.434822367921834	-0.316499434568228	-0.430167615384272	0.0569855673270691	-0.0149753168715671	-0.420880053831184
-0.0680790777444011	-0.436801898189693	-0.318308297576164	-0.432029265143075	0.0565749221260257	-0.0153077292040007	-0.423185628584073
-0.0685329834894191	-0.438772040699783	-0.320117845132954	-0.43388005130521	0.0561521833294207	-0.0156433417455314	-0.425488796955403
-0.0689876243339371	-0.440732689565012	-0.321928031866897	-0.435719858206721	0.0557173075526859	-0.0159821435508508	-0.427789499797433
-0.0694430304469181	-0.442683739601369	-0.323738812567792	-0.437548570925426	0.0552702525584814	-0.0163241231465348	-0.430087678616489
-0.0698992324105195	-0.44462508632863	-0.325550142190634	-0.43936607528382	0.0548109772627563	-0.0166692685314128	-0.432383275575462
-0.0703562612116924	-0.446556625970984	-0.327361975858851	-0.441172257851881	0.0543394417407886	-0.017017567177046	-0.43467623349634
-0.0708141482311592	-0.448478255457239	-0.329174268869544	-0.44296700594981	0.0538556072323553	-0.0173690060282086	-0.436966495862031
-0.0712729252360811	-0.450389872421325	-0.33098697669558	-0.444750207650643	0.0533594361477985	-0.0177235715035772	-0.439254006819021
-0.0717326243691778	-0.452291375202284	-0.332800054990451	-0.446521751782826	0.0528508920729666	-0.0180812494963985	-0.441538711179085
-0.0721932781390867	-0.454182662844269	-0.334613459591987	-0.448281527932671	0.052329939774356	-0.0184420253752767	-0.44382055442123
-0.0726549194116795	-0.456063635096548	-0.336427146525155	-0.450029426446743	0.0517965452043926	-0.0188058839850862	-0.446099482693803
-0.0731175813984415	-0.457934192413041	-0.338241072007123	-0.45176533843416	0.0512506755057371	-0.0191728096478684	-0.448375442815789
-0.0735812976476991	-0.459794235952076	-0.340055192449861	-0.453489155768806	0.0506922990162611	-0.0195427861639122	-0.450648382278736
-0.0740461020340326	-0.461643667575811	-0.341869464464106	-0.455200771091477	0.0501213852733643	-0.0199157968128457	-0.452918249248154
-0.0745120287472297	-0.463482389849498	-0.343683844863546	-0.456900077811936	0.0495379050180189	-0.0202918243548093	-0.455184992564708
-0.0749791122830761	-0.465310306040842	-0.345498290667399	-0.458586970110889	0.0489418301991968	-0.0206708510317588	-0.457448561745793
-0.0754473874316919	-0.467127320118947	-0.347312759104844	-0.460261342941888	0.0483331339774509	-0.021052858568771	-0.459708906986402
-0.0759168892674714	-0.468933336753366	-0.349127207618021	-0.461923092033161	0.047711790728814	-0.0214378281754802	-0.461965979160315
-0.0763876531377093	-0.470728261312846	-0.350941593865974	-0.46357211388935	0.047077776048169	-0.0218257405475498	-0.464219729820862
-0.0768597146522415	-0.472511999864122	-0.352755875727631	-0.465208305793196	0.0464310667527781	-0.0222165758682468	-0.466470111201856
-0.0773331096719563	-0.474284459170439	-0.354570011305578	-0.466831565807141	0.0457716408853309	-0.0226103138100577	-0.468717076218143
-0.0778078742978728	-0.476045546690045	-0.356383958929244	-0.468441792774847	0.0450994777170137	-0.0230069335364034	-0.470960578466207
-0.0782840448599885	-0.477795170574545	-0.358197677158149	-0.470038886322667	0.0444145577503692	-0.0234064137033985	-0.47320057222462
-0.0787616579056377	-0.479533239667097	-0.36001112478541	-0.471622746861028	0.0437168627218624	-0.0238087324616852	-0.475437012454262
-0.0792407501883531	-0.481259663500558	-0.361824260840726	-0.473193275585751	0.0430063756044534	-0.0242138674583448	-0.477669854798591
-0.0797213586559218	-0.482974352295431	-0.363637044593887	-0.474750374479312	0.0422830806097795	-0.0246217958388432	-0.47989905558358
-0.0802035204395594	-0.484677216957844	-0.365449435557242	-0.476293946312022	0.0415469631905277	-0.0250324942490948	-0.482124571817867
-0.0806872728411445	-0.486368169077199	-0.367261393489632	-0.477823894643156	0.0407980100420832	-0.0254459388375133	-0.484346361192286
-0.0811726533227342	-0.488047120923994	-0.369072878398342	-0.479340123822007	0.0400362091047074	-0.0258621052572143	-0.486564382079891
-0.0816596994933907	-0.489713985447222	-0.370883850543106	-0.480842538988891	0.0392615495647734	-0.0262809686681789	-0.488778593535174
-0.0821484490979716	-0.491368676271913	-0.372694270438407	-0.482331046076079	0.0384740218564354	-0.0267025037395551	-0.490988955293695
-0.0826389400057565	-0.493011107696563	-0.37450409885579	-0.483805551808671	0.0376736176631042	-0.027126684652006	-0.493195427771559
-0.0831312101967931	-0.494641194690195	-0.376313296827898	-0.485265963705431	0.0368603299181001	-0.0275534851000446	-0.495397972064182
-0.0836252977510869	-0.496258852889672	-0.378121825650088	-0.486712190079534	0.0360341528060023	-0.0279828782945192	-0.497596549945707
-0.0841212408361807	-0.497863998596723	-0.379929646883239	-0.488144140039278	0.0351950817633741	-0.0284148369651035	-0.499791123867877
-0.0846190776945161	-0.499456548774863	-0.381736722356614	-0.489561723488737	0.0343431134792778	-0.0288493333628304	-0.50198165695874
-0.0851188466316842	-0.501036421046325	-0.383543014169891	-0.490964851128361	0.0334782458959098	-0.0292863392627142	-0.504168113021484
-0.0856205860038097	-0.502603533688828	-0.385348484695788	-0.49235343445554	0.0326004782088336	-0.0297258259663842	-0.506350456532927
-0.0861243342049515	-0.504157805632221	-0.387153096582545	-0.493727385765071	0.0317098108670653	-0.0301677643047949	-0.508528652641886
-0.0866301296552388	-0.505699156455184	-0.388956812755721	-0.495086618149637	0.0308062455732454	-0.0306121246409797	-0.510702667167649
-0.0871380107881438	-0.507227506381714	-0.39075959642057	-0.496431045500192	0.0298897852833995	-0.031058876872847	-0.512872466598085
-0.0876480160379898	-0.508742776277584	-0.392561411064113	-0.497760582506327	0.0289604342066348	-0.0315079904360233	-0.515038018087706
-0.0881601838273399	-0.510244887646708	-0.39436222045721	-0.499075144656583	0.0280181978046507	-0.0319594343067331	-0.517199289455582
-0.0886745525546934	-0.511733762627461	-0.396161988656276	-0.500374648238712	0.0270630827912023	-0.0324131770047461	-0.519356249183222
-0.0891911605820229	-0.513209323988934	-0.397960680005017	-0.501659010339914	0.02609509713138	-0.0328691865963534	-0.521508866412288
-0.0897100462217635	-0.514671495127033	-0.399758259136507	-0.502928148847014	0.0251142500405729	-0.03332743069737	-0.523657110942053
-0.0902312477245584	-0.51612020006062	-0.401554690974562	-0.504181982446617	0.0241205519835301	-0.0337878764762075	-0.525800953226937
-0.0907548032662884	-0.517555363427501	-0.403349940735579	-0.505420430625218	0.0231140146730621	-0.0342504906569552	-0.527940364373729
-0.0912807509363634	-0.5189769104805	-0.405143973929274	-0.506643413669264	0.0220946510689856	-0.0347152395225553	-0.530075316139039
-0.0918091287240128	-0.52038476708325	-0.406936756360927	-0.507850852665209	0.0210624753763284	-0.0351820889179353	-0.53220578092608
-0.092339974506015	-0.521778859706086	-0.408728254132371	-0.509042669499508	0.0200175030438285	-0.0356510042532332	-0.534331731781723
-0.0928733260343565	-0.523159115421883	-0.410518433642958	-0.510218786858592	0.0189597507622796	-0.0361219505070542	-0.53645314239341
-0.093409220923588	-0.524525461901815	-0.41230726159067	-0.511379128228811	0.0178892364626523	-0.0365948922297543	-0.538569987085869
-0.0939476966377491	-0.525877827411	-0.41409470497348	-0.512523617896343	0.0168059793139419	-0.0370697935467413	-0.540682240817585
-0.0944887904783832	-0.527216140804244	-0.415880731089767	-0.513652180947086	0.0157099997212288	-0.0375466181618415	-0.542789879177445
-0.0950325395713097	-0.528540331521587	-0.417665307539624	-0.514764743266505	0.0146013193232136	-0.0380253293606641	-0.544892878380934
-0.0955789808546751	-0.52985032958396	-0.419448402225073	-0.515861231539468	0.0134799609900217	-0.0385058900140335	-0.546991215266538
-0.0961281510657628	-0.531146065588663	-0.421229983351182	-0.516941573250057	0.0123459488204966	-0.0389882625814113	-0.549084867291712
-0.0966800867292748	-0.532427470704978	-0.423010019425925	-0.518005696681343	0.0111993081398137	-0.0394724091143982	-0.551173812529106
-0.0972348241437574	-0.533694476669532	-0.424788479261456	-0.519053530915162	0.010040065496398	-0.0399582912601982	-0.553258029662175
-0.0977923993704555	-0.534947015781916	-0.426565331973352	-0.520085005831841	0.00886824865946515	-0.0404458702651989	-0.555337497981331
-0.0983528482193436	-0.536185020899949	-0.428340546982048	-0.521100052109941	0.0076838866155636	-0.0409351069784703	-0.55741219737919
-0.0989162062379184	-0.537408425435239	-0.430114094011987	-0.522098601225952	0.00648700956584666	-0.0414259618553946	-0.559482108346468
-0.0994825086986407	-0.538617163348555	-0.431885943091789	-0.523080585453972	0.00527764892280366	-0.0419183949612728	-0.561547211967387
-0.100051790585656	-0.539811169145125	-0.433656064554908	-0.524045937865414	0.0040558373066499	-0.0424123659749193	-0.563607489914738
-0.100624086583877	-0.540990377870152	-0.435424429038356	-0.524994592328626	0.00282160854232268	-0.0429078341923814	-0.565662924445506
-0.101199431065813	-0.542154725104091	-0.437191007483151	-0.52592648350857	0.00157499765566241	-0.0434047585305816	-0.567713498395733
-0.101777858079695	-0.543304146958054	-0.43895577113367	-0.526841546866443	0.000316040869882392	-0.0439030975310445	-0.569759195175627
-0.102359401337209	-0.544438580069147	-0.440718691537256	-0.527739718659308	-0.000955224398211922	-0.0444028093636165	-0.571799998764437
-0.102944094201416	-0.545557961595848	-0.442479740543613	-0.528620935939709	-0.00223875954204589	-0.0449038518302264	-0.573835893705269
-0.103531969674947	-0.546662229213405	-0.444238890303935	-0.529485136555289	-0.00353452476913736	-0.0454061823686597	-0.575866865099856
-0.104123060387559	-0.54775132110915	-0.445996113270479	-0.530332259148376	-0.00484247910526729	-0.0459097580563492	-0.577892898603028
-0.104717398584873	-0.548825175977971	-0.447751382195155	-0.531162243155589	-0.00616258039838941	-0.0464145356142103	-0.579913980417407
-0.105315016116001	-0.549883733017662	-0.44950467012894	-0.531975028807441	-0.0074947853230006	-0.0469204714104598	-0.581930097287661
-0.105915944421628	-0.550926931924304	-0.451255950420893	-0.53277055712791	-0.00883904938448552	-0.0474275214644666	-0.583941236494766
-0.106520214523144	-0.551954712887833	-0.453005196716283	-0.533548769934039	-0.010195326923214	-0.0479356414506692	-0.585947385850481
-0.10712785701	-0.55296701658736	-0.454752382956089	-0.534309609835513	-0.011563571119339	-0.0484447867024297	-0.587948533691157
-0.107738902028777	-0.553963784186756	-0.45649748337509	-0.535053020234252	-0.0129437339971256	-0.0489549122159734	-0.589944668871953
-0.108353379271451	-0.554944957330133	-0.458240472500572	-0.535778945324003	-0.0143357664296598	-0.0494659726543177	-0.591935780760706
-0.108971317963739	-0.555910478137369	-0.459981325150916	-0.536487330089915	-0.0157396181436308	-0.0499779223512163	-0.593921859231687
-0.109592746854682	-0.556860289199799	-0.461720016433179	-0.537178120308138	-0.0171552377238072	-0.0504907153151663	-0.595902894659637
-0.110217694204249	-0.55779433357572	-0.463456521742217	-0.537851262545425	-0.0185825726182618	-0.0510043052333563	-0.597878877913093
-0.110846187772874	-0.558712554786126	-0.465190816758233	-0.538506704158729	-0.0200215691430671	-0.0515186454756948	-0.599849800348165
-0.111478254809815	-0.559614896810363	-0.466922877445244	-0.539144393294809	-0.0214721724874721	-0.0520336890988273	-0.601815653801877
-0.112113922043189	-0.560501304082007	-0.468652680048194	-0.539764278889845	-0.0229343267186269	-0.0525493888502079	-0.603776430585881
-0.112753215667824	-0.561371721484531	-0.470380201091761	-0.540366310669069	-0.0244079747871174	-0.0530656971721181	-0.605732123479412
-0.113396161335274	-0.562226094347261	-0.472105417377449	-0.540950439146382	-0.0258930585318882	-0.0535825662057799	-0.607682725722788
-0.114042784142641	-0.563064368441248	-0.473828305981592	-0.54151661562401	-0.0273895186856459	-0.0540999477954266	-0.609628231010443
-0.114693108622592	-0.563886489975316	-0.475548844252409	-0.542064792192142	-0.0288972948799671	-0.0546177934924512	-0.611568633484213
-0.115347158731798	-0.564692405591989	-0.477267009808277	-0.542594921728602	-0.0304163256510097	-0.0551360545594941	-0.613503927726043
-0.11600495784159	-0.565482062363726	-0.478982780534267	-0.54310695789853	-0.0319465484445908	-0.0556546819746276	-0.615434108751261
-0.116666528727285	-0.56625540778905	-0.480696134579699	-0.54360085515405	-0.0334878996217866	-0.0561736264355226	-0.617359172001343
-0.117331893557403	-0.567012389788734	-0.48240705035578	-0.544076568733995	-0.0350403144646547	-0.0566928383635989	-0.61927911333655
-0.118001073884275	-0.567752956702203	-0.484115506532158	-0.544534054663611	-0.036603727181591	-0.0572122679082632	-0.621193929028881
-0.118674090633872	-0.568477057283914	-0.485821482034076	-0.544973269754291	-0.0381780709130196	-0.0577318649511208	-0.623103615754694
-0.119350964095387	-0.569184640699779	-0.487524956039711	-0.545394171603331	-0.0397632777372552	-0.0582515791101952	-0.625008170587148
-0.120031713912627	-0.569875656523846	-0.489225907976127	-0.545796718593675	-0.0413592786758476	-0.0587713597442352	-0.626907590989114
-0.120716359072825	-0.570550054734789	-0.490924317517218	-0.546180869893729	-0.0429660036998587	-0.0592911559569221	-0.628801874805181
-0.121404917898507	-0.571207785712787	-0.492620164579305	-0.546546585457125	-0.0445833817352186	-0.059810916601236	-0.630691020254529
-0.12209740803695	-0.571848800236235	-0.494313429318593	-0.546893826022575	-0.0462113406689454	-0.0603305902837139	-0.63257502592294
-0.122793846451443	-0.572473049478718	-0.496004092127261	-0.547222553113679	-0.0478498073548645	-0.0608501253688161	-0.634453890755299
-0.12349424941197	-0.573080485006013	-0.497692133629999	-0.547532729038801	-0.0494987076195781	-0.0613694699832734	-0.636327614047811
-0.124198632486076	-0.573671058773207	-0.499377534680435	-0.547824316890951	-0.0511579662684659	-0.0618885720204604	-0.638196195440188
-0.124907010529935	-0.574244723121885	-0.501060276357409	-0.548097280547662	-0.0528275070916912	-0.0624073791447903	-0.640059634907813
-0.12561939767933	-0.574801430777453	-0.502740339961357	-0.548351584670936	-0.0545072528703063	-0.0629258387961323	-0.641917932753784
-0.126335807341073	-0.575341134846557	-0.504417707010362	-0.548587194707172	-0.0561971253822967	-0.0634438981942456	-0.643771089601021
-0.127056252184836	-0.575863788814667	-0.506092359235924	-0.548804076887134	-0.0578970454085494	-0.0639615043432653	-0.645619106384409
-0.127780744133463	-0.576369346543566	-0.507764278579937	-0.549002198225935	-0.0596069327394183	-0.0644786040361297	-0.647461984342372
-0.128509294356114	-0.576857762269296	-0.509433447189493	-0.549181526523063	-0.0613267061803937	-0.0649951438591506	-0.649299725009288
-0.12924191325879	-0.577328990599846	-0.51109984741377	-0.54934203036239	-0.0630562835587456	-0.0655110701964894	-0.651132330206954
-0.129978610476999	-0.57778298651326	-0.51276346179928	-0.549483679112259	-0.0647955817294973	-0.0660263292347411	-0.652959802036693
-0.130719394867765	-0.578219705355702	-0.514424273085682	-0.54960644292554	-0.0665445165817072	-0.0665408669675089	-0.654782142871144
-0.131464274501219	-0.57863910283964	-0.51608226420194	-0.549710292739755	-0.0683030030449533	-0.0670546291999875	-0.656599355345852
-0.132213256653383	-0.579041135042231	-0.517737418261638	-0.549795200277203	-0.0700709550954888	-0.0675675615536041	-0.658411442351176
-0.132966347798658	-0.579425758403817	-0.519389718558531	-0.549861138045118	-0.0718482857625671	-0.0680796094706779	-0.660218407024005
-0.133723553602045	-0.579792929726475	-0.521039148562387	-0.549908079335848	-0.073634907134922	-0.0685907182190899	-0.662020252739346
-0.134484878911992	-0.580142606172772	-0.522685691914375	-0.549935998227069	-0.0754307303671101	-0.0691008328969912	-0.663816983102012
-0.135250327753587	-0.580474745264668	-0.524329332422255	-0.549944869582011	-0.0772356656858011	-0.0696098984375561	-0.665608601938381
-0.136019903320807	-0.580789304882429	-0.525970054056353	-0.549934669049725	-0.0790496223964576	-0.0701178596137207	-0.667395113287759
-0.136793607970289	-0.581086243263842	-0.527607840944409	-0.54990537306537	-0.0808725088895624	-0.070624661042995	-0.669176521394191
-0.137571443214389	-0.581365519003446	-0.529242677367063	-0.549856958850505	-0.0827042326471632	-0.0711302471922902	-0.670952830697951
-0.13835340971426	-0.581627091051925	-0.530874547753365	-0.549789404413449	-0.0845447002494711	-0.0716345623827524	-0.672724045827006
-0.139139507273927	-0.581870918715714	-0.532503436675603	-0.549702688549638	-0.0863938173811835	-0.0721375507946767	-0.674490171588716
-0.139929734833719	-0.582096961656655	-0.534129328844688	-0.54959679084201	-0.0882514888381045	-0.0726391564724079	-0.676251212961284
-0.140724090463653	-0.582305179891797	-0.535752209105654	-0.549471691661426	-0.0901176185338406	-0.0731393233292837	-0.678007175085111
-0.141522571358367	-0.582495533793477	-0.537372062432048	-0.549327372167109	-0.0919921095060327	-0.0736379951526494	-0.679758063254625
-0.14232517383021	-0.582667984089345	-0.538988873921792	-0.549163814307121	-0.0938748639232915	-0.0741351156088409	-0.681503882909434
-0.143131893304489	-0.582822491862749	-0.540602628791501	-0.548981000818843	-0.0957657830914536	-0.0746306282482834	-0.683244639626136
-0.143942724312419	-0.582959018552995	-0.542213312372627	-0.548778915229517	-0.0976647674607048	-0.0751244765105049	-0.684980339109327
-0.144757660487794	-0.583077525956178	-0.543820910104835	-0.548557541856771	-0.09957171663147	-0.0756166037293707	-0.686710987183779
-0.145576694559671	-0.58317797622567	-0.545425407532537	-0.548316865809207	-0.10148652936177	-0.0761069531381449	-0.688436589785256
-0.14639981834821	-0.583260331873134	-0.547026790299087	-0.548056872986994	-0.103409103573535	-0.0765954678747471	-0.690157152952319
-0.147227022759498	-0.583324555769532	-0.548625044141852	-0.547777550082495	-0.105339336359354	-0.0770820909869723	-0.691872682817758
-0.148058297780699	-0.583370611146328	-0.550220154887131	-0.547478884580908	-0.10727712398916	-0.077566765437781	-0.693583185600084
-0.148893632475326	-0.58339846159684	-0.551812108445077	-0.547160864760954	-0.109222361916964	-0.0780494341106087	-0.695288667595014
-0.149733014978849	-0.583408071077761	-0.553400890804463	-0.54682347969556	-0.111174944787522	-0.0785300398147393	-0.696989135167034
-0.150576432493974	-0.583399403910794	-0.554986488027819	-0.546466719252595	-0.113134766443199	-0.0790085252906866	-0.698684594740805
-0.151423871286635	-0.583372424784517	-0.556568886246093	-0.546090574095614	-0.115101719930647	-0.0794848332156537	-0.700375052792779
-0.152275316681648	-0.583327098756329	-0.558148071653725	-0.545695035684627	-0.117075697507673	-0.0799589062090055	-0.702060515842645
-0.153130753059428	-0.583263391254687	-0.559724030502988	-0.545280096276893	-0.119056590649805	-0.0804306868378287	-0.703740990445127
-0.153990163851145	-0.583181268081289	-0.561296749099652	-0.544845748927749	-0.121044290057484	-0.0809001176224589	-0.705416483181198
-0.154853531536174	-0.583080695413674	-0.562866213797004	-0.544391987491432	-0.12303868566251	-0.0813671410421542	-0.707087000650038
-0.155720837638059	-0.58296163980779	-0.564432410991131	-0.543918806621957	-0.125039666635091	-0.0818316995407278	-0.708752549460477
-0.156592062720982	-0.582824068200781	-0.565995327115926	-0.543426201774002	-0.127047121390792	-0.0822937355322557	-0.710413136222559
-0.15746718638752	-0.582667947914035	-0.567554948637259	-0.542914169203797	-0.129060937597093	-0.0827531914068779	-0.712068767539534
-0.158346187274444	-0.582493246656195	-0.569111262048736	-0.542382705970077	-0.13108100218072	-0.0832100095365488	-0.713719449999133
-0.159229043050937	-0.582299932526556	-0.570664253865779	-0.541831809935004	-0.1331072013342	-0.0836641322809455	-0.715365190165671
-0.160115730415439	-0.582087974018472	-0.572213910620854	-0.541261479765153	-0.135139420522968	-0.084115501993347	-0.717005994571647
-0.161006225092968	-0.581857340022956	-0.573760218858491	-0.540671714932485	-0.137177544492391	-0.0845640610265878	-0.718641869709475
-0.161900501833127	-0.581607999832517	-0.575303165129911	-0.540062515715367	-0.139221457274628	-0.0850097517390757	-0.720272822023447
-0.162798534408275	-0.581339923145128	-0.576842735987667	-0.539433883199576	-0.1412710421955	-0.0854525165008648	-0.721898857901727
-0.163700295610149	-0.581053080068209	-0.578378917981613	-0.538785819279354	-0.143326181882008	-0.0858922976997093	-0.723519983667791
-0.164605757249295	-0.580747441123051	-0.579911697652868	-0.538118326658469	-0.145386758268917	-0.0863290377472764	-0.725136205572822
-0.165514890153725	-0.580422977249271	-0.581441061528536	-0.537431408851259	-0.147452652605702	-0.086762679085378	-0.726747529787845
-0.166427664165128	-0.580079659809212	-0.582966996118408	-0.536725070183768	-0.149523745464462	-0.0871931641921384	-0.728353962394955
-0.167344048140762	-0.579717460593036	-0.584489487907533	-0.535999315794806	-0.151599916745861	-0.0876204355884592	-0.729955509380567
-0.168264009949022	-0.579336351823318	-0.586008523353709	-0.53525415163709	-0.153681045687454	-0.0880444358442511	-0.731552176626397
-0.169187516471069	-0.578936306160439	-0.587524088880568	-0.534489584478371	-0.155767010869893	-0.0884651075849829	-0.733143969902604
-0.170114533598061	-0.57851729670762	-0.589036170874126	-0.533705621902575	-0.157857690224823	-0.0888823934980798	-0.734730894859339
-0.171045026231966	-0.578079297016519	-0.5905447556768	-0.532902272310954	-0.159952961041567	-0.0892962363395332	-0.736312957019584
-0.171978958284058	-0.577622281092703	-0.592049829583335	-0.53207954492326	-0.162052699974738	-0.0897065789404548	-0.737890161771155
-0.172916292674537	-0.577146223401382	-0.593551378836048	-0.531237449778922	-0.164156783051542	-0.0901133642137241	-0.739462514359094
-0.173856991333553	-0.576651098873437	-0.595049389619182	-0.530375997738215	-0.166265085678657	-0.0905165351607579	-0.741030019878578
-0.174801015199501	-0.57613688291131	-0.596543848055492	-0.529495200483482	-0.168377482650204	-0.0909160348781996	-0.74259268326684
-0.175748324220879	-0.575603551395372	-0.598034740200314	-0.5285950705203	-0.170493848154515	-0.0913118065648129	-0.744150509296372
-0.176698877355263	-0.575051080690177	-0.599522052037985	-0.527675621178717	-0.172614055782047	-0.0917037935283127	-0.745703502567104
-0.177652632570476	-0.57447944765105	-0.601005769476793	-0.526736866614456	-0.174737978532596	-0.0920919391923276	-0.747251667499366
-0.178609546845545	-0.573888629630781	-0.602485878344254	-0.525778821810126	-0.176865488822684	-0.0924761871034094	-0.748795008326786
-0.179569576171324	-0.573278604486456	-0.60396236438284	-0.524801502576453	-0.178996458493175	-0.0928564809380783	-0.750333529089081
-0.180532675551107	-0.572649350586372	-0.60543521324589	-0.523804925553501	-0.181130758816996	-0.093232764509919	-0.751867233624844
-0.181498799002693	-0.572000846817277	-0.606904410492615	-0.522789108211898	-0.183268260506422	-0.0936049817767863	-0.753396125564875
-0.182467899559311	-0.57133307259159	-0.608369941584155	-0.521754068854066	-0.185408833720895	-0.0939730768480187	-0.754920208325109
-0.183439929271197	-0.57064600785484	-0.609831791879339	-0.520699826615447	-0.187552348074702	-0.0943369939917209	-0.756439485099799
-0.184414839207712	-0.569939633093267	-0.611289946630225	-0.519626401465731	-0.189698672644567	-0.094696677642131	-0.7579539588549
-0.185392579458855	-0.569213929341498	-0.6127443909783	-0.518533814210079	-0.191847675977577	-0.095052072407004	-0.759463632321269
-0.186373099137671	-0.568468878190438	-0.6141951099502	-0.517422086490342	-0.193999226098879	-0.0954031230750861	-0.760968507988189
-0.187356346382834	-0.567704461795291	-0.615642088453503	-0.516291240786283	-0.196153190519434	-0.095749774623651	-0.762468588096998
-0.188342268360517	-0.566920662883639	-0.617085311273257	-0.515141300416784	-0.198309436244146	-0.0960919722260477	-0.763963874634462
-0.189330811267956	-0.56611746476379	-0.618524763067451	-0.513972289541049	-0.200467829779481	-0.0964296612593721	-0.765454369326801
-0.190321920335211	-0.565294851333086	-0.619960428364031	-0.512784233159812	-0.202628237141865	-0.0967627873121206	-0.766940073633073
-0.191315539829291	-0.564452807086545	-0.621392291556365	-0.511577157116514	-0.204790523865332	-0.0970912961919788	-0.768420988739465
-0.1923116130568	-0.563591317125461	-0.62282033690002	-0.510351088098489	-0.206954555009828	-0.0974151339336059	-0.769897115553047
-0.193310082367641	-0.562710367166227	-0.62424454850897	-0.509106053638127	-0.209120195169261	-0.0977342468065059	-0.771368454695962
-0.194310889158819	-0.561809943549273	-0.625664910351934	-0.507842082114033	-0.211287308479622	-0.0980485813229596	-0.772835006499684
-0.195313973877385	-0.560890033248019	-0.627081406249575	-0.506559202752178	-0.213455758627553	-0.0983580842459532	-0.774296770998971
-0.196319276025501	-0.55995062387814	-0.628494019870345	-0.505257445627014	-0.215625408858254	-0.0986627025972564	-0.77575374792666
-0.197326734164263	-0.558991703706794	-0.62990273472746	-0.503936841662588	-0.217796121983979	-0.0989623836654876	-0.777205936708022
-0.198336285918085	-0.558013261662033	-0.631307534175696	-0.502597422633656	-0.219967760392443	-0.0992570750142468	-0.778653336455372
-0.199347867978694	-0.557015287342233	-0.632708401408689	-0.501239221166743	-0.222140186055524	-0.0995467244902803	-0.780095945962558
-0.200361416111082	-0.55599777102581	-0.634105319455004	-0.499862270741204	-0.224313260537337	-0.0998312802317713	-0.781533763700231
-0.201376865157359	-0.554960703680862	-0.635498271175997	-0.498466605690284	-0.226486845003246	-0.100110690676578	-0.782966787810369
-0.202394149043244	-0.553904076975066	-0.63688723926195	-0.497052261202101	-0.228660800228015	-0.100384904570633	-0.784395016101826
-0.203413200781254	-0.552827883285433	-0.638272206230876	-0.49561927332068	-0.230834986605336	-0.100653870976246	-0.785818446044692
-0.204433952478807	-0.551732115708538	-0.639653154423923	-0.494167678946888	-0.233009264155641	-0.100917539280643	-0.78723707476654
-0.205456335341973	-0.550616768070443	-0.641030066004235	-0.492697515839409	-0.235183492535695	-0.101175859204365	-0.788650899047073
-0.206480279682581	-0.549481834937017	-0.642402922953549	-0.491208822615651	-0.237357531047058	-0.101428780809857	-0.790059915314108
-0.207505714923856	-0.548327311624151	-0.643771707070147	-0.489701638752635	-0.239531238645253	-0.101676254510017	-0.791464119639024
-0.208532569606648	-0.547153194208132	-0.645136399966576	-0.488176004587871	-0.241704473948838	-0.101918231076809	-0.792863507732501
-0.209560771396759	-0.545959479536154	-0.64649698306682	-0.48663196132018	-0.243877095248216	-0.102154661649967	-0.794258074940735
-0.210590247090221	-0.544746165236703	-0.647853437605213	-0.485069551010503	-0.246048960515364	-0.102385497745628	-0.795647816240896
-0.211620922622	-0.543513249730322	-0.649205744623072	-0.483488816582663	-0.248219927412403	-0.102610691265158	-0.797032726237979
-0.212652723071497	-0.542260732240125	-0.650553884967929	-0.481889801824119	-0.25038985330153	-0.102830194503859	-0.798412799160465
-0.213685572671118	-0.540988612802626	-0.651897839290762	-0.480272551386645	-0.252558595253949	-0.103043960159845	-0.799788028857227
-0.214719394812797	-0.539696892278449	-0.653237588044954	-0.478637110787008	-0.254726010059698	-0.103251941342854	-0.801158408793688
-0.215754112056728	-0.538385572363267	-0.654573111483899	-0.476983526407596	-0.25689195423681	-0.103454091583177	-0.802523932048921
-0.216789646138475	-0.537054655598618	-0.655904389660031	-0.475311845497004	-0.25905628404124	-0.103650364840543	-0.803884591312149
-0.217825917977129	-0.535704145382858	-0.657231402423342	-0.473622116170582	-0.261218855476531	-0.10384071551308	-0.805240378879726
-0.218862847684417	-0.534334045982234	-0.658554129419447	-0.471914387410944	-0.26337952430328	-0.104025098446317	-0.806591286652556
-0.219900354572512	-0.532944362541841	-0.659872550088849	-0.470188709068431	-0.265538146049252	-0.104203468942173	-0.807937306133058
-0.220938357162612	-0.531535101096696	-0.661186643665904	-0.468445131861541	-0.267694576019352	-0.104375782767973	-0.809278428422501
-0.221976773194818	-0.530106268582914	-0.66249638917707	-0.4666837073773	-0.269848669305257	-0.104541996165555	-0.810614644218918
-0.223015519636172	-0.528657872848751	-0.66380176544077	-0.464904488071592	-0.272000280795907	-0.104702065860294	-0.81194594381435
-0.22405451269059	-0.527189922665809	-0.665102751066112	-0.463107527269447	-0.274149265187426	-0.104855949070226	-0.813272317092921
-0.225093667808435	-0.525702427740214	-0.666399324452133	-0.461292879165269	-0.276295476993338	-0.10500360351517	-0.814593753528825
-0.226132899695852	-0.524195398723785	-0.66769146378747	-0.459460598823035	-0.278438770555036	-0.105144987425833	-0.815910242184303
-0.227172122325225	-0.522668847225257	-0.668979147049458	-0.457610742176413	-0.28057900005197	-0.105280059552979	-0.817221771708123
-0.228211248944506	-0.521122785821447	-0.670262352004322	-0.455743366028862	-0.282716019512438	-0.105408779176556	-0.818528330333687
-0.22925019208869	-0.519557228068534	-0.671541056206043	-0.453858528053646	-0.284849682823693	-0.105531106114889	-0.819829905878075
-0.230288863589339	-0.517972188513197	-0.672815236996916	-0.451956286793825	-0.286979843742985	-0.105647000733821	-0.821126485740372
-0.231327174585915	-0.516367682703848	-0.674084871507035	-0.450036701662157	-0.289106355908043	-0.105756423955906	-0.822418056900805
-0.232365035535966	-0.514743727201763	-0.675349936654876	-0.448099832940977	-0.291229072848174	-0.10585933726955	-0.823704605919481
-0.233402356227576	-0.513100339592346	-0.676610409146482	-0.44614574178199	-0.293347847994637	-0.105955702738236	-0.824986118936131
-0.234439045789395	-0.511437538496177	-0.677866265476673	-0.444174490206027	-0.295462534692125	-0.106045483009645	-0.826262581668949
-0.235475012702738	-0.509755343580162	-0.679117481928997	-0.442186141102722	-0.297572986209593	-0.106128641324839	-0.827533979414334
-0.236510164813447	-0.508053775568628	-0.680364034576117	-0.440180758230144	-0.299679055751347	-0.106205141527408	-0.82880029704664
-0.237544409343369	-0.506332856254346	-0.681605899280727	-0.438158406214358	-0.301780596468443	-0.106274948072619	-0.83006151901783
-0.238577652902752	-0.504592608509529	-0.682843051696063	-0.436119150548918	-0.303877461469885	-0.106338026036529	-0.831317629357594
-0.239609801503059	-0.502833056296844	-0.68407546726635	-0.43406305759431	-0.305969503833819	-0.106394341125123	-0.832568611673722
-0.24064076056803	-0.501054224680198	-0.685303121228795	-0.431990194577319	-0.308056576619578	-0.106443859683354	-0.833814449151841
-0.241670434948083	-0.4992561398357	-0.686525988613394	-0.429900629590326	-0.310138532878575	-0.10648654870426	-0.835055124556607
-0.24269872893217	-0.497438829062379	-0.687744044244847	-0.42779443159055	-0.31221522566635	-0.106522375837981	-0.836290620231932
-0.243725546261121	-0.495602320792897	-0.688957262743639	-0.425671670399208	-0.314286508054205	-0.106551309400768	-0.837520918101916
-0.244750790140989	-0.4937466446042	-0.690165618527377	-0.423532416700622	-0.31635223314098	-0.106573318383963	-0.838745999671858
-0.245774363256373	-0.491871831228069	-0.691369085812391	-0.421376742041236	-0.318412254065004	-0.10658837246295	-0.839965846029361
-0.246796167784227	-0.489977912561596	-0.692567638615226	-0.419204718828572	-0.320466424016015	-0.106596442006056	-0.841180437845705
-0.24781610540786	-0.48806492167758	-0.693761250754262	-0.417016420330109	-0.322514596247154	-0.106597498083418	-0.842389755377401
-0.248834077330374	-0.486132892834793	-0.69494989585196	-0.414811920672112	-0.32455662408734	-0.106591512475795	-0.843593778467615
-0.249849984289465	-0.484181861488179	-0.696133547336389	-0.412591294838332	-0.326592360953264	-0.106578457683345	-0.844792486548209
-0.250863726571809	-0.48221186429897	-0.697312178443287	-0.410354618668701	-0.328621660361683	-0.106558306934353	-0.845985858641747
-0.2518752040272	-0.480222939144602	-0.698485762218552	-0.408101968857891	-0.330644375941999	-0.106531034193878	-0.847173873363458
-0.252884316083643	-0.478215125128613	-0.699654271520265	-0.405833422953828	-0.332660361448572	-0.10649661417238	-0.848356508923705
-0.253890961762029	-0.476188462590352	-0.700817679021283	-0.403549059356126	-0.334669470773374	-0.106455022334244	-0.849533743130368
-0.25489503969197	-0.474142993114635	-0.701975957211202	-0.401248957314427	-0.336671557958325	-0.106406234906298	-0.8507055533918
-0.25589644812606	-0.472078759541155	-0.703129078399716	-0.398933196926681	-0.338666477208401	-0.106350228886185	-0.85187191671924
-0.256895084956146	-0.469995805973876	-0.704277014718736	-0.396601859137331	-0.340654082904078	-0.106286982050739	-0.853032809730131
-0.257890847728201	-0.467894177790177	-0.705419738125771	-0.394255025735428	-0.342634229614494	-0.106216472964221	-0.854188208650979
-0.258883633659178	-0.46577392164996	-0.706557220406098	-0.391892779352653	-0.344606772109957	-0.106138680986542	-0.855338089321116
-0.259873339652047	-0.463635085504488	-0.707689433176467	-0.389515203461267	-0.346571565375311	-0.106053586281341	-0.856482427195813
-0.260859862312377	-0.461477718605156	-0.70881634788792	-0.387122382371975	-0.34852846462283	-0.105961169824022	-0.857621197350131
-0.261843097964406	-0.459301871512025	-0.709937935829209	-0.384714401231702	-0.350477325305458	-0.105861413409673	-0.858754374482655
-0.262822942667611	-0.457107596102252	-0.711054168130057	-0.382291346021297	-0.352418003129971	-0.105754299660909	-0.859881932919538
-0.263799292233408	-0.454894945578301	-0.712165015764558	-0.379853303553131	-0.354350354070233	-0.105639812035618	-0.861003846618701
-0.264772042241716	-0.452663974475977	-0.713270449554878	-0.377400361468628	-0.356274234380625	-0.105517934834595	-0.862120089174064
-0.265741088058251	-0.45041473867232	-0.714370440174648	-0.374932608235711	-0.358189500609319	-0.105388653209088	-0.863230633820204
-0.266706324850875	-0.448147295393208	-0.715464958153249	-0.372450133146144	-0.360096009612048	-0.105251953168212	-0.864335453436694
-0.267667647607781	-0.445861703220898	-0.716553973878967	-0.369953026312802	-0.361993618565269	-0.105107821586288	-0.865434520553315
-0.268624951153775	-0.443558022101237	-0.717637457603733	-0.367441378666858	-0.363882184980203	-0.104956246210023	-0.8665278073546
-0.26957813016883	-0.441236313350766	-0.718715379446428	-0.364915281954854	-0.365761566716091	-0.10479721566562	-0.867615285685377
-0.270527079204744	-0.438896639663539	-0.719787709397734	-0.36237482873573	-0.367631621994313	-0.104630719465714	-0.868696927055682
-0.27147169270381	-0.436539065117784	-0.720854417323742	-0.359820112377709	-0.369492209411823	-0.104456748016231	-0.869772702646549
-0.272411865016163	-0.434163655182303	-0.721915472970703	-0.357251227055141	-0.371343187955214	-0.104275292623088	-0.870842583315417
-0.273347490417654	-0.431770476722645	-0.722970845969565	-0.354668267745234	-0.373184417014684	-0.104086345498751	-0.87190653960179
-0.274278463128628	-0.429359598007081	-0.724020505840073	-0.352071330224694	-0.375015756397738	-0.103889899768694	-0.872964541733434
-0.27520467733173	-0.426931088712323	-0.725064421995708	-0.34946051106629	-0.376837066343383	-0.103685949477683	-0.874016559632233
-0.276126027189931	-0.424485019928955	-0.726102563748679	-0.346835907635307	-0.378648207536331	-0.103474489595916	-0.875062562920246
-0.277042406866729	-0.422021464166763	-0.727134900313494	-0.344197618085929	-0.380449041120408	-0.103255516025066	-0.876102520926796
-0.277953710542133	-0.419540495359585	-0.728161400813732	-0.341545741357525	-0.382239428713771	-0.103029025604075	-0.877136402693856
-0.278859832433656	-0.417042188870137	-0.72918203428539	-0.338880377170831	-0.384019232422176	-0.102795016114894	-0.87816417698367
-0.27976066681402	-0.41452662149443	-0.730196769682736	-0.336201626024061	-0.385788314853657	-0.102553486288009	-0.879185812285078
-0.2806561080302	-0.411993871465977	-0.731205575883348	-0.333509589188919	-0.387546539132746	-0.102304435807803	-0.880201276820495
-0.281546050522914	-0.409444018459737	-0.732208421693008	-0.330804368706508	-0.389293768914591	-0.102047865317787	-0.881210538553218
-0.28243038884485	-0.406877143595751	-0.733205275851605	-0.328086067383177	-0.391029868399641	-0.101783776425614	-0.882213565194236
-0.283309017680675	-0.404293329442528	-0.734196107037931	-0.32535478878623	-0.392754702347693	-0.101512171707966	-0.88321032420995
-0.284181831866358	-0.401692660020175	-0.735180883875094	-0.322610637239599	-0.394468136092271	-0.101233054715246	-0.884200782829675
-0.285048726407394	-0.399075220803145	-0.736159574936832	-0.319853717819383	-0.396170035555509	-0.100946429976062	-0.885184908052769
-0.285909596499731	-0.39644109872283	-0.737132148752036	-0.317084136349318	-0.397860267261989	-0.100652303001586	-0.886162666657023
-0.286764337547874	-0.39379038216972	-0.738098573811401	-0.314301999396139	-0.399538698353786	-0.100350680289668	-0.887134025205937
-0.287612845185617	-0.391123160995404	-0.739058818572312	-0.311507414264876	-0.401205196604479	-0.100041569328812	-0.888098950057215
-0.288455015294758	-0.388439526514133	-0.740012851465277	-0.308700488994024	-0.402859630434027	-0.0997249786019097	-0.889057407370492
-0.289290744025495	-0.385739571504204	-0.740960640899269	-0.305881332350662	-0.404501868922999	-0.0994009175898227	-0.890009363115888
-0.290119927815495	-0.383023390208925	-0.741902155268111	-0.303050053825445	-0.406131781827375	-0.0990693967747294	-0.890954783082059
-0.290942463409795	-0.380291078337339	-0.742837362956344	-0.300206763627531	-0.407749239593032	-0.098730427643286	-0.891893632884729
-0.291758247881351	-0.377542733064636	-0.743766232344752	-0.297351572679409	-0.409354113370001	-0.0983840226895987	-0.892825877975587
-0.292567178649708	-0.374778453032177	-0.744688731817273	-0.294484592611634	-0.410946275027486	-0.0980301954179423	-0.89375148365045
-0.293369153501656	-0.371998338347269	-0.74560482976658	-0.291605935757472	-0.412525597168103	-0.0976689603453149	-0.894670415058377
-0.294164070610827	-0.369202490582577	-0.746514494600506	-0.28871571514746	-0.414091953142558	-0.0973003330037456	-0.895582637210448
-0.294951828557758	-0.366391012775236	-0.747417694748166	-0.285814044503892	-0.415645217064124	-0.096924329942405	-0.896488114988792
-0.295732326349629	-0.363564009425589	-0.748314398666392	-0.282901038235177	-0.417185263823265	-0.0965409687294839	-0.897386813155579
-0.296505463440373	-0.360721586495637	-0.749204574845951	-0.279976811430149	-0.418711969102088	-0.096150267953852	-0.898278696362273
-0.297271139750583	-0.357863851407125	-0.750088191817941	-0.277041479852262	-0.42022520938887	-0.0957522472265013	-0.899163729158863
-0.298029255687092	-0.354990913039298	-0.75096521816047	-0.274095159933727	-0.421724861992699	-0.0953469271817361	-0.900041876003049
-0.298779712163775	-0.352102881726334	-0.751835622504496	-0.271137968769523	-0.423210805057602	-0.0949343294781768	-0.900913101270042
-0.299522410620409	-0.349199869254391	-0.752699373541075	-0.268170024111356	-0.424682917577415	-0.0945144767994794	-0.901777369261607
-0.30025725304323	-0.346281988858355	-0.753556440027412	-0.265191444361517	-0.426141079409952	-0.0940873928548582	-0.9026346442159
-0.300984141984859	-0.343349355218219	-0.754406790793394	-0.26220234856666	-0.427585171291369	-0.0936531023793626	-0.903484890317167
-0.301702980583535	-0.340402084455109	-0.755250394748611	-0.25920285641149	-0.429015074850789	-0.093211631133898	-0.90432807170515
-0.302413672583664	-0.337440294126975	-0.756087220888434	-0.256193088212368	-0.43043067262431	-0.092763005905033	-0.905164152485206
-0.303116122355108	-0.334464103223934	-0.756917238301011	-0.25317316491085	-0.431831848069506	-0.0923072545045436	-0.905993096737921
-0.303810234913186	-0.331473632163224	-0.757740416173706	-0.250143208067108	-0.433218485579536	-0.0918444057687179	-0.906814868529112
-0.304495915938061	-0.328469002783849	-0.75855672379999	-0.247103339853307	-0.434590470497474	-0.0913744895574146	-0.907629431919651
-0.305173071794638	-0.325450338340852	-0.759366130585927	-0.244053683046881	-0.435947689130329	-0.0908975367528782	-0.908436750975569
-0.305841609551955	-0.322417763499214	-0.760168606056988	-0.240994361023726	-0.437290028763208	-0.0904135792582938	-0.909236789778021
-0.30650143700264	-0.319371404327427	-0.760964119864784	-0.237925497751328	-0.438617377673361	-0.0899226499961001	-0.910029512433344
-0.307152462682549	-0.316311388290683	-0.761752641793622	-0.234847217781795	-0.439929625144061	-0.089424782906045	-0.910814883083261
-0.30779459588986	-0.313237844243734	-0.762534141767395	-0.231759646244833	-0.441226661478612	-0.0889200129429926	-0.911592865914929
-0.308427746704165	-0.310150902423348	-0.763308589856419	-0.228662908840615	-0.442508378014264	-0.0884083760744609	-0.91236342517103
-0.309051826006302	-0.307050694440472	-0.764075956283665	-0.225557131832614	-0.443774667135687	-0.0878899092779276	-0.913126525160263
-0.309666745496594	-0.303937353271972	-0.764836211432071	-0.222442442040314	-0.445025422289028	-0.0873646505378529	-0.913882130267206
-0.310272417714374	-0.30081101325205	-0.765589325850839	-0.219318966831885	-0.446260537995277	-0.086832638842463	-0.914630204962783
-0.310868756056266	-0.297671810063306	-0.766335270262537	-0.216186834116768	-0.447479909864051	-0.0862939141802657	-0.915370713814265
-0.311455674795735	-0.294519880727421	-0.767074015569219	-0.213046172338187	-0.4486834346067	-0.0857485175363115	-0.916103621495882
-0.312033089100481	-0.291355363595496	-0.767805532859954	-0.209897110465591	-0.449871010050181	-0.0851964908881887	-0.91682889279852
-0.312600915052355	-0.288178398338052	-0.768529793416466	-0.206739777987035	-0.451042535149734	-0.0846378772017715	-0.917546492640631
-0.313159069664452	-0.284989125934628	-0.76924676872067	-0.20357430490147	-0.45219791000258	-0.0840727204266879	-0.918256386077889
-0.313707470900019	-0.281787688663079	-0.769956430460796	-0.200400821710988	-0.453337035860719	-0.0835010654915465	-0.918958538313761
-0.314246037690126	-0.278574230088483	-0.77065875053825	-0.197219459412991	-0.454459815144059	-0.0829229582988911	-0.919652914709526
-0.314774689951889	-0.275348895051714	-0.771353701073962	-0.194030349492271	-0.455566151453168	-0.0823384457198983	-0.920339480794623
-0.315293348605984	-0.272111829657661	-0.772041254415104	-0.190833623913076	-0.456655949582138	-0.081747575588815	-0.921018202276724
-0.315801935594279	-0.268863181263111	-0.772721383141539	-0.187629415111063	-0.457729115531212	-0.0811503966971361	-0.921689045051879
-0.316300373897171	-0.265603098464244	-0.773394060072368	-0.1844178559852	-0.458785556519367	-0.0805469587875211	-0.922351975214606
-0.316788587550983	-0.262331731083858	-0.77405925827225	-0.181199079889636	-0.459825180996657	-0.0799373125474564	-0.923006959068032
-0.31726650166505	-0.259049230158168	-0.774716951057767	-0.177973220625459	-0.460847898656511	-0.0793215096026496	-0.923653963133929
-0.317734042437935	-0.255755747923336	-0.775367112004239	-0.174740412432443	-0.461853620448163	-0.0786996025101789	-0.924292954162406
-0.318191137175627	-0.252451437801612	-0.776009714950968	-0.1715007899807	-0.462842258588077	-0.0780716447513766	-0.924923899142533
-0.31863771430602	-0.249136454387186	-0.776644734008889	-0.168254488362304	-0.46381372657268	-0.0774376907244615	-0.925546765311307
-0.319073703396638	-0.245810953431664	-0.777272143565764	-0.165001643082826	-0.464767939189537	-0.0767977957369171	-0.92616152016413
-0.31949903517039	-0.242475091829255	-0.777891918292552	-0.161742390052856	-0.465704812529115	-0.0761520159976092	-0.926768131464425
-0.319913641520757	-0.239129027601612	-0.778504033149963	-0.158476865579429	-0.466624263996553	-0.0755004086086701	-0.927366567253014
-0.320317455528639	-0.235772919882344	-0.779108463393646	-0.155205206357429	-0.467526212322496	-0.0748430315571101	-0.927956795858288
-0.320710411476658	-0.232406928901228	-0.779705184580941	-0.151927549460916	-0.46841057757476	-0.0741799437061928	-0.928538785905243
-0.32109244486475	-0.229031215968115	-0.780294172576482	-0.148644032334446	-0.469277281169195	-0.0735112047865741	-0.929112506325122
-0.32146349242535	-0.225645943456474	-0.780875403557879	-0.14535479278428	-0.470126245880473	-0.0728368753871692	-0.929677926364903
-0.321823492137483	-0.222251274786701	-0.7814488540219	-0.142059968969602	-0.470957395853067	-0.0721570169458067	-0.930235015596297
-0.322172383241962	-0.21884737440906	-0.782014500789669	-0.138759699393663	-0.471770656611516	-0.0714716917396152	-0.930783743925272
-0.322510106255068	-0.215434407786369	-0.782572321012634	-0.135454122894884	-0.472565955071026	-0.0707809628751982	-0.931324081600915
-0.322836602982374	-0.21201254137637	-0.783122292178205	-0.132143378637911	-0.473343219547766	-0.0700848942785541	-0.931855999224351
-0.323151816533116	-0.208581942613829	-0.783664392114747	-0.12882760610465	-0.474102379768637	-0.069383550684775	-0.932379467757951
-0.323455691333163	-0.205142779892303	-0.784198598997264	-0.125506945085239	-0.47484336688134	-0.0686769976274736	-0.932894458533878
-0.323748173137956	-0.201695222545701	-0.784724891352859	-0.122181535668969	-0.47556611346418	-0.067965301428083	-0.933400943262669
-0.32402920904568	-0.198239440829517	-0.785243248065714	-0.118851518235215	-0.476270553535454	-0.0672485291848142	-0.93389889404189
-0.32429874751014	-0.194775605901791	-0.785753648382041	-0.115517033444276	-0.476956622562688	-0.0665267487614586	-0.934388283364689
-0.324556738352363	-0.191303889803838	-0.786256071915586	-0.112178222228213	-0.477624257472083	-0.0658000287759582	-0.934869084127768
-0.324803132773279	-0.187824465440683	-0.786750498652103	-0.108835225781644	-0.478273396657199	-0.0650684385887526	-0.935341269639823
-0.325037883365055	-0.184337506561275	-0.787236908954484	-0.105488185552497	-0.47890397998791	-0.064332048290931	-0.935804813629414
-0.325260944122707	-0.180843187738424	-0.787715283567353	-0.102137243232759	-0.479515948818894	-0.0635909286921454	-0.936259690252922
-0.325472270455408	-0.177341684348498	-0.788185603621591	-0.0987825407491502	-0.480109245997942	-0.0628451513083466	-0.93670587410237
-0.325671819196507	-0.173833172550922	-0.788647850639429	-0.095424220253815	-0.480683815874485	-0.0620947883493181	-0.937143340212676
-0.325859548615502	-0.170317829267371	-0.789102006537862	-0.0920624241149593	-0.481239604306954	-0.0613399127059751	-0.937572064069753
-0.326035418426719	-0.166795832160829	-0.789548053634035	-0.0886972949074647	-0.481776558671194	-0.0605805979375327	-0.937992021617121
-0.326199389800201	-0.163267359614345	-0.789985974648762	-0.0853289754034931	-0.48229462786762	-0.0598169182584112	-0.93840318926352
-0.326351425370988	-0.159732590709635	-0.79041575271082	-0.0819576085630507	-0.482793762328678	-0.0590489485250085	-0.938805543889751
-0.326491489248159	-0.156191705205451	-0.790837371361081	-0.0785833375245337	-0.483273914026085	-0.0582767642222756	-0.939199062855423
-0.326619547024212	-0.15264488351575	-0.791250814556063	-0.0752063055952633	-0.483735036477559	-0.0575004414501027	-0.93958372400582
-0.32673556578307	-0.14909230668769	-0.791656066672089	-0.0718266562419881	-0.484177084753773	-0.0567200569095508	-0.939959505678124
-0.32683951410913	-0.145534156379411	-0.792053112508377	-0.0684445330813875	-0.484600015484522	-0.055935687888891	-0.940326386708114
-0.326931362094556	-0.141970614837668	-0.792441937290978	-0.0650600798705413	-0.485003786865252	-0.0551474122495029	-0.940684346436017
-0.327011081346743	-0.138401864875268	-0.792822526676269	-0.0616734404973823	-0.485388358663162	-0.054355308411605	-0.941033364712433
-0.327078644996441	-0.134828089848338	-0.793194866753592	-0.0582847589711593	-0.485753692222651	-0.053559455339812	-0.941373421904526
-0.327134027703653	-0.131249473633471	-0.793558944049099	-0.0548941794128661	-0.48609975047134	-0.0527599325285727	-0.941704498901185
-0.32717720566493	-0.127666200604674	-0.793914745528241	-0.0515018460456656	-0.486426497925122	-0.0519568199874369	-0.942026577118785
-0.327208156619258	-0.124078455610198	-0.794262258598888	-0.0481079031853064	-0.486733900693439	-0.0511501982261914	-0.942339638506288
-0.327226859853696	-0.12048642394924	-0.79460147111422	-0.0447124952305306	-0.48702192648427	-0.0503401482398658	-0.942643665550192
-0.327233296209459	-0.11689029134849	-0.794932371374953	-0.0413157666534805	-0.487290544608559	-0.0495267514935968	-0.942938641279654
-0.327227448086875	-0.113290243938553	-0.795254948131961	-0.0379178619900879	-0.487539725984734	-0.0487100899073562	-0.943224549271074
-0.327209299449858	-0.109686468230312	-0.795569190588845	-0.0345189258304735	-0.487769443143035	-0.0478902458406027	-0.943501373652413
-0.327178835830508	-0.106079151091112	-0.795875088404038	-0.0311191028093252	-0.487979670229407	-0.0470673020767682	-0.943769099107544
-0.327136044333519	-0.102468479720896	-0.796172631692671	-0.0277185375963111	-0.488170383009083	-0.0462413418076574	-0.944027710880476
-0.327080913639601	-0.098854641628205	-0.796461811028694	-0.0243173748864435	-0.48834155887018	-0.0454124486177377	-0.944277194779088
-0.327013434008678	-0.0952378246061601	-0.796742617446804	-0.0209157593904869	-0.488493176827011	-0.0445807064683488	-0.944517537178726
-0.326933597283433	-0.0916182167082838	-0.797015042443728	-0.0175138358253474	-0.488625217522845	-0.0437461996817714	-0.944748725025922
-0.326841396891438	-0.0879960062243299	-0.797279077980075	-0.0141117489044743	-0.488737663232865	-0.0429090129252665	-0.944970745841417
-0.326736827847662	-0.0843713816560049	-0.797534716481558	-0.0107096433282637	-0.488830497866576	-0.0420692311949844	-0.945183587723325
-0.326619886756404	-0.0807445316926523	-0.79778195084021	-0.00730766377446969	-0.488903706970054	-0.0412269397998232	-0.945387239349985
-0.326490571812542	-0.0771156451869033	-0.798020774415665	-0.00390595488862637	-0.488957277728074	-0.0403822243452068	-0.94558168998246
-0.326348882803151	-0.073484911130261	-0.798251181035799	-0.000504661274475702	-0.488991198965696	-0.0395351707167957	-0.945766929467168
-0.326194821108096	-0.0698525186286871	-0.798473164997689	0.00289607251557944	-0.489005461149874	-0.0386858650641343	-0.945942948237984
-0.326028389700258	-0.0662186568781517	-0.798686721068395	0.0062961019900425	-0.489000056390812	-0.0378343937842617	-0.946109737318134
-0.325849593146138	-0.0625835151401621	-0.798891844485127	0.00969528272783194	-0.488974978442768	-0.0369808435052407	-0.94626728832223
-0.32565843760514	-0.0589472827173101	-0.799088530955886	0.0130934703878107	-0.488930222705013	-0.0361253010696797	-0.946415593457637
-0.325454930828815	-0.0553101489288085	-0.799276776659758	0.0164905207182944	-0.48886578622239	-0.0352678535181989	-0.946554645525773
-0.325239082160685	-0.0516723030860005	-0.799456578246396	0.0198862895665145	-0.488781667685242	-0.0344085880728408	-0.946684437923643
-0.325010902533548	-0.0480339344679977	-0.799627932836841	0.0232806328880997	-0.488677867429987	-0.0335475921205261	-0.946804964644149
-0.324770404468976	-0.0443952322971937	-0.799790838022445	0.0266734067565095	-0.488554387438377	-0.0326849531963935	-0.946916220277375
-0.324517602074657	-0.0407563857149309	-0.799945291864873	0.030064467372461	-0.488411231337261	-0.0318207589672018	-0.947018200010828
-0.324252511041497	-0.0371175837571752	-0.800091292895862	0.0334536710733376	-0.488248404398032	-0.0309550972147045	-0.9471108996295
-0.323975148641762	-0.0334790153302075	-0.800228840115898	0.0368408743425419	-0.48806591353527	-0.0300880558189853	-0.947194315516394
-0.323685533725075	-0.0298408691864139	-0.800357932993946	0.0402259338188719	-0.487863767305855	-0.0292197227418442	-0.947268444651978
-0.323383686715525	-0.0262033339001111	-0.80047857146604	0.0436087063058237	-0.487641975907236	-0.0283501860101565	-0.947333284614127
-0.323069629607171	-0.0225665978434823	-0.800590755934573	0.046989048780904	-0.48740055117597	-0.027479533699277	-0.947388833577255
-0.322743385959982	-0.018930849162565	-0.800694487266907	0.0503668184048938	-0.487139506585684	-0.0266078539164432	-0.947435090311606
-0.322404980895628	-0.0152962757533125	-0.800789766793682	0.0537418725310773	-0.486858857244701	-0.0257352347841993	-0.947472054182423
-0.322054441091918	-0.0116630652378041	-0.800876596307693	0.0571140687144623	-0.486558619893859	-0.0248617644238733	-0.947499725148456
-0.321691794777973	-0.00803140494050751	-0.800954978061847	0.0604832647209395	-0.486238812903608	-0.0239875309390728	-0.947518103760727
-0.3213170717283	-0.00440148186467692	-0.801024914767519	0.0638493185364376	-0.485899456271203	-0.0231126223992317	-0.947527191160767
-0.320930303256872	-0.000773482668878084	-0.801086409592506	0.0672120883760164	-0.485540571617492	-0.0222371268232046	-0.947526989078789
-0.320531522211183	0.00285240635642152	-0.801139466158624	0.0705714326929454	-0.485162182183338	-0.0213611321628961	-0.9475174998318
-0.320120762964754	0.0064759993119998	-0.801184088539998	0.0739272101877283	-0.484764312826306	-0.0204847262869965	-0.947498726320952
-0.319698061411009	0.010097110713052	-0.801220281260037	0.0772792798171066	-0.48434699001641	-0.0196079969647217	-0.947470672029468
-0.319263454955211	0.0137155555120625	-0.801248049289373	0.0806275008030089	-0.483910241832271	-0.0187310318496785	-0.947433341019628
-0.318816982507534	0.0173311491216578	-0.801267398042648	0.0839717326414612	-0.483454097956459	-0.017853918463746	-0.947386737930225
-0.318358684474344	0.020943707437171	-0.801278333376159	0.0873118351114749	-0.482978589671175	-0.0169767441811073	-0.94733086797314
-0.317888602750292	0.0245530468591267	-0.801280861584621	0.0906476682838611	-0.48248374985327	-0.0160995962123105	-0.947265736930255
-0.317406780709915	0.0281589843155484	-0.801274989397859	0.0939790925300253	-0.481969612969067	-0.015222561588427	-0.947191351150074
-0.316913263198065	0.031761337283999	-0.801260723977999	0.0973059685307102	-0.481436215069339	-0.0143457271453537	-0.947107717543763
-0.316408096521266	0.035359923813547	-0.801238072915634	0.100628157284685	-0.480883593783519	-0.0134691795081493	-0.947014843581559
-0.315891328437706	0.0389545625464491	-0.801207044226615	0.103945520117408	-0.480311788314152	-0.0125930050755283	-0.946912737288525
-0.315363008147571	0.042545072739681	-0.801167646348235	0.107257918689617	-0.479720839430832	-0.0117172900044397	-0.946801407240382
-0.314823186283065	0.0461312742862489	-0.801119888135312	0.11056521500588	-0.479110789463931	-0.0108421201947606	-0.946680862559168
-0.314271914897459	0.049712987736264	-0.801063778856603	0.113867271423111	-0.478481682298397	-0.00996758127413713	-0.946551112908412
-0.31370924745456	0.0532900343178097	-0.800999328190581	0.117163950659009	-0.477833563367031	-0.00909375858292551	-0.946412168488413
-0.313135238818306	0.0568622359576698	-0.800926546220823	0.120455115800464	-0.477166479643366	-0.00822073715923355	-0.946264040031595
-0.312549945240216	0.0604294153016167	-0.800845443432549	0.123740630311902	-0.476480479635141	-0.00734860172419733	-0.946106738796766
-0.311953424348741	0.0639913957346964	-0.800756030707514	0.127020358043585	-0.475775613376619	-0.00647743666727293	-0.94594027656425
-0.311345735136999	0.0675480014011052	-0.800658319319738	0.130294163239838	-0.475051932421289	-0.00560732603176542	-0.94576466563021
-0.310726937950795	0.07109905722391	-0.800552320930703	0.133561910547238	-0.474309489834106	-0.0047383535004458	-0.945579918801072
-0.310097094475883	0.0746443889244503	-0.800438047584788	0.136823465022748	-0.473548340183752	-0.00387060238136915	-0.94538604938754
-0.309456267725854	0.0781838230415615	-0.800315511703955	0.140078692141772	-0.472768539534311	-0.00300415559378769	-0.945183071198883
-0.308804522028624	0.0817171869504342	-0.800184726083146	0.143327457806178	-0.471970145437251	-0.00213909565429079	-0.944970998536522
-0.308141923013436	0.0852443088812684	-0.800045703884995	0.14656962835224	-0.471153216922857	-0.00127550466306668	-0.944749846187796
-0.307468537597765	0.0887650179376747	-0.799898458634365	0.149805070558537	-0.470317814491439	-0.000413464290326162	-0.944519629419688
-0.306784433973124	0.0922791441147143	-0.799743004213336	0.153033651653776	-0.469464000104698	0.000446944237065622	-0.944280363971972
-0.306089681591489	0.0957865183167387	-0.79957935485552	0.15625523932457	-0.468591837176548	0.00130564014881998	-0.944032066050614
-0.305384351151185	0.0992869723749031	-0.799407525140472	0.159469701723134	-0.467701390563888	0.00216254314426051	-0.943774752320909
-0.304668514582308	0.102780339064381	-0.799227529988164	0.162676907474941	-0.466792726557293	0.00301757340517054	-0.943508439900337
-0.303942245032076	0.106266452121274	-0.799039384653258	0.165876725686284	-0.465865912871468	0.00387065160845941	-0.943233146351387
-0.303205616850716	0.10974514625933	-0.798843104718762	0.169069025951806	-0.464921018635207	0.00472169893868108	-0.942948889674571
-0.302458705575363	0.113216257186138	-0.798638706090814	0.172253678361938	-0.463958114381939	0.0055706371002689	-0.942655688300497
-0.301701587916056	0.116679621619288	-0.798426204991787	0.175430553510279	-0.462977272039125	0.00641738832969833	-0.942353561082888
-0.300934341739014	0.120135077301937	-0.798205617955047	0.178599522500932	-0.461978564918573	0.00726187540730955	-0.942042527290302
-0.300157046052211	0.123582463018321	-0.797976961817884	0.18176045695572	-0.460962067705517	0.00810402166908082	-0.941722606598898
-0.299369780989073	0.127021618608781	-0.797740253715553	0.184913229021382	-0.459927856448277	0.00894375101809425	-0.9413938190843
-0.298572627792255	0.130452384984496	-0.797495511075019	0.188057711376684	-0.458876008547635	0.0097809879358153	-0.941056185213473
-0.297765668798102	0.133874604141972	-0.797242751608048	0.191193777239452	-0.457806602745711	0.0106156574932106	-0.94070972583691
-0.29694898741971	0.137288119177088	-0.796981993305054	0.194321300373544	-0.456719719115202	0.0114476853615942	-0.940354462180113
-0.296122668130759	0.140692774298903	-0.796713254428229	0.197440155095747	-0.455615439048082	0.0122769978233052	-0.939990415835435
-0.295286796449297	0.144088414843144	-0.796436553504528	0.200550216282597	-0.454493845244126	0.0131035217821821	-0.939617608753891
-0.294441458919706	0.147474887285191	-0.796151909319704	0.203651359377151	-0.453355021699989	0.0139271847737292	-0.939236063236065
-0.293586743097122	0.150852039252987	-0.795859340910521	0.206743460395643	-0.452199053697056	0.0147479149752052	-0.938845801924176
-0.292722737529465	0.154219719539403	-0.795558867558415	0.20982639593412	-0.451026027790116	0.0155656412153779	-0.938446847793017
-0.291849531740608	0.157577778114342	-0.795250508782224	0.212900043174944	-0.449836031795366	0.0163802929841109	-0.938039224141371
-0.290967216212779	0.160926066136501	-0.794934284331298	0.215964279893277	-0.448629154778566	0.0171918004417135	-0.937622954583103
-0.290075882369517	0.164264435964811	-0.794610214178082	0.219018984463451	-0.447405487042788	0.0180000944280833	-0.937198063038472
-0.289175622557184	0.167592741169409	-0.794278318511549	0.222064035865287	-0.446165120116608	0.0188051064715607	-0.936764573724772
-0.288266530028174	0.170910836542471	-0.793938617729339	0.225099313690318	-0.444908146741421	0.019606768797664	-0.936322511147734
-0.287348698922937	0.17421857810856	-0.79359113243059	0.228124698147944	-0.443634660859108	0.0204050143375245	-0.935871900092391
-0.286422224251317	0.177515823134561	-0.79323588340911	0.23114007007152	-0.44234475759984	0.0211997767360526	-0.935412765613604
-0.285487201875435	0.180802430139486	-0.792872891645402	0.234145310924358	-0.441038533269102	0.0219909903599999	-0.934945133027316
-0.284543728490777	0.184078258903685	-0.792502178299777	0.237140302805645	-0.439716085335314	0.0227785903056521	-0.934469027900937
-0.283591901609019	0.187343170477945	-0.792123764704228	0.240124928456282	-0.438377512416625	0.0235625124064318	-0.933984476044564
-0.282631819538622	0.190597027192011	-0.791737672355691	0.243099071264675	-0.437022914268491	0.0243426932401202	-0.933491503501156
-0.281663581366752	0.193839692662854	-0.791343922908348	0.24606261527241	-0.435652391770608	0.0251190701359317	-0.932990136537306
-0.280687286941986	0.197071031802764	-0.790942538165301	0.249015445179847	-0.434266046913378	0.0258915811814342	-0.932480401634403
-0.279703036853794	0.200290910826665	-0.790533540072382	0.251957446351689	-0.432863982785655	0.0266601652290005	-0.931962325478291
-0.278710932415844	0.203499197259564	-0.790116950709282	0.254888504822396	-0.431446303560755	0.0274247619023049	-0.931435934950701
-0.277711075646413	0.206695759943315	-0.789692792282605	0.257808507301578	-0.430013114483615	0.0281853116023898	-0.930901257119345
-0.276703569250064	0.209880469043168	-0.789261087118004	0.260717341179276	-0.428564521857325	0.0289417555135889	-0.930358319228616
-0.275688516598483	0.213053196053891	-0.788821857652837	0.263614894531178	-0.427100633029932	0.0296940356091598	-0.929807148689891
-0.274666021712798	0.21621381380573	-0.788375126427787	0.266501056123741	-0.425621556380548	0.0304420946567962	-0.929247773072537
-0.273636189243644	0.219362196469741	-0.787920916079974	0.269375715419247	-0.424127401306337	0.0311858762237533	-0.928680220093889
-0.272599124453069	0.222498219563005	-0.787459249334807	0.27223876258077	-0.422618278208675	0.0319253246818642	-0.928104517610079
-0.271554933195656	0.225621759953409	-0.786990148998316	0.275090088477057	-0.421094298479565	0.0326603852122818	-0.927520693606525
-0.270503721899479	0.228732695864061	-0.786513637949617	0.277929584687338	-0.419555574488088	0.0333910038099724	-0.926928776188348
-0.269445597547315	0.2318309068774	-0.786029739133186	0.280757143506054	-0.4180022195667	0.0341171272880101	-0.926328793570939
-0.268380667658316	0.234916273939015	-0.7855384755508	0.283572657947483	-0.416434347997279	0.03483870328166	-0.925720774070731
-0.267309040268442	0.23798867936098	-0.785039870254365	0.28637602175032	-0.414852074997686	0.0355556802521606	-0.925104746095444
-0.266230823911755	0.24104800682495	-0.78453394633814	0.28916712938215	-0.413255516707927	0.0362680074903336	-0.924480738134726
-0.265146127602485	0.24409414138503	-0.784020726930458	0.291945876043835	-0.411644790175952	0.0369756351200268	-0.923848778751179
-0.264055060814829	0.247126969469994	-0.783500235187018	0.29471215767384	-0.410020013344412	0.0376785141011636	-0.923208896570352
-0.262957733465116	0.250146378885512	-0.782972494282611	0.29746587095247	-0.408381305036408	0.0383765962327429	-0.922561120271875
-0.261854255893335	0.253152258815941	-0.782437527403278	0.300206913306003	-0.406728784941485	0.0390698341555822	-0.921905478580276
-0.26074473884304	0.25614449982556	-0.781895357739658	0.302935182910791	-0.405062573602335	0.0397581813546901	-0.92124200025513
-0.259629293444169	0.259122993859896	-0.781346008478364	0.305650578697218	-0.403382792400253	0.0404415921616655	-0.920570714082527
-0.258508031193313	0.262087634246351	-0.780789502795184	0.308353000353631	-0.401689563541701	0.0411200217566684	-0.919891648865437
-0.257381063935512	0.265038315694721	-0.780225863847249	0.311042348330143	-0.399983010044219	0.0417934261702966	-0.91920483341476
-0.256248503846182	0.26797493429744	-0.779655114765243	0.313718523842406	-0.39826325572233	0.0424617622852416	-0.918510296540516
-0.25511046341162	0.270897387529249	-0.779077278646597	0.316381428875247	-0.39653042517405	0.043124987837649	-0.917808067042378
-0.253967055411104	0.273805574246824	-0.77849237854769	0.319030966186268	-0.394784643766756	0.04378306141836	-0.917098173700971
-0.252818392898442	0.27669939468798	-0.777900437476518	0.32166703930934	-0.393026037623342	0.0444359424739122	-0.916380645268968
-0.251664589183649	0.279578750470594	-0.777301478385349	0.324289552558024	-0.391254733608338	0.0450835913073356	-0.915655510462273
-0.250505757814449	0.282443544591191	-0.77669552416359	0.326898411028914	-0.389470859314169	0.0457259690787325	-0.914922797951149
-0.249342012558711	0.285293681423359	-0.776082597630117	0.32949352060489	-0.387674543047045	0.0463630378057225	-0.914182536351823
-0.248173467385041	0.288129066715586	-0.775462721526962	0.332074787958322	-0.385865913813716	0.0469947603635296	-0.913434754217273
-0.247000236446437	0.290949607589245	-0.774835918511022	0.334642120554127	-0.384045101306963	0.0476211004851212	-0.912679480029464
-0.245822434060768	0.293755212535829	-0.774202211148038	0.337195426652838	-0.382212235892515	0.0482420227608895	-0.911916742190171
-0.244640174694015	0.296545791414273	-0.773561621904816	0.339734615313513	-0.38036744859486	0.0488574926383509	-0.911146569013094
-0.24345357294191	0.299321255447769	-0.772914173142657	0.342259596396608	-0.378510871083798	0.0494674764215274	-0.910368988715292
-0.242262743511985	0.30208151722034	-0.772259887110632	0.344770280566773	-0.376642635660916	0.050071941270164	-0.909584029408848
-0.2410678012071	0.304826490673367	-0.771598785937981	0.347266579295537	-0.374762875245492	0.0506708551988758	-0.908791719093239
-0.239868860906486	0.30755609110143	-0.770930891628344	0.349748404863958	-0.372871723361565	0.0512641870758962	-0.907992085646636
-0.238666037549665	0.310270235148346	-0.770256226052161	0.352215670365158	-0.37096931412385	0.0518519066218899	-0.907185156818544
-0.237459446118182	0.312968840802572	-0.769574810940721	0.354668289706812	-0.369055782224686	0.0524339844083823	-0.906370960221494
-0.23624920161866	0.315651827392542	-0.76888666787945	0.357106177613544	-0.367131262920522	0.0530103918561267	-0.905549523323395
-0.235035419066398	0.318319115581836	-0.768191818300972	0.359529249629232	-0.365195892018258	0.0535811012333376	-0.904720873440168
-0.233818213467399	0.320970627363833	-0.767490283479419	0.361937422119289	-0.363249805862373	0.0541460856536113	-0.903885037727717
-0.23259769980221	0.323606286056376	-0.766782084523636	0.364330612272796	-0.36129314132138	0.0547053190738246	-0.903042043174776
-0.231373993009155	0.326226016296118	-0.766067242370996	0.366708738104631	-0.359326035774652	0.0552587762918153	-0.902191916595531
-0.230147207967548	0.328829744032578	-0.765345777781375	0.369071718457475	-0.357348627099369	0.0558064329438818	-0.901334684622281
-0.228917459480888	0.331417396521969	-0.764617711331314	0.371419473003773	-0.355361053657597	0.0563482655021252	-0.900470373698137
-0.227684862261341	0.333988902320991	-0.763883063407483	0.373751922247606	-0.353363454282926	0.0568842512717308	-0.899599010070367
-0.226449530913029	0.336544191280166	-0.763141854201141	0.376068987526489	-0.351355968267754	0.0574143683879861	-0.898720619783247
-0.22521157991577	0.339083194537056	-0.762394103702457	0.378370591013121	-0.34933873535049	0.0579385958131832	-0.897835228671173
-0.223971123609659	0.341605844509341	-0.761639831694462	0.38065665571703	-0.34731189570254	0.0584569133334358	-0.896942862352203
-0.222728276178713	0.344112074887547	-0.760879057747807	0.382927105486175	-0.345275589915818	0.0589693015552537	-0.896043546221229
-0.221483151635675	0.34660182062774	-0.760111801214935	0.385181865008463	-0.343229958989891	0.0594757419020887	-0.895137305443743
-0.220235863805782	0.349075017943818	-0.759338081225167	0.387420859813214	-0.341175144319718	0.0599762166106186	-0.894224164949174
-0.218986526312533	0.351531604299938	-0.758557916678588	0.389644016272516	-0.339111287682661	0.0604707087270812	-0.893304149425194
-0.21773525256097	0.353971518402305	-0.75777132624186	0.391851261602578	-0.337038531226697	0.0609592021032318	-0.892377283310951
-0.216482155724141	0.356394700191303	-0.756978328342054	0.394042523864938	-0.33495701745743	0.0614416813924616	-0.891443590791807
-0.215227348726577	0.358801090832922	-0.756178941162742	0.396217731967693	-0.332866889226512	0.0619181320454961	-0.890503095792783
-0.213970944230729	0.361190632710481	-0.755373182638247	0.398376815666569	-0.330768289718944	0.0623885403062385	-0.889555821973383
-0.212713054621911	0.363563269415919	-0.754561070449154	0.400519705566	-0.32866136244118	0.0628528932073414	-0.88860179272183
-0.211453791993046	0.365918945740862	-0.753742622018156	0.402646333120114	-0.326546251209445	0.0633111785656401	-0.887641031149253
-0.210193268131516	0.368257607667863	-0.752917854504691	0.404756630633643	-0.324423100137332	0.0637633849776403	-0.886673560084895
-0.208931594504185	0.370579202361166	-0.75208678480102	0.406850531262793	-0.322292053624314	0.0642095018147361	-0.885699402070537
-0.207668882243643	0.372883678157504	-0.751249429527721	0.408927969016041	-0.320153256343891	0.064649519218408	-0.88471857935557
-0.206405242134293	0.375170984556692	-0.750405805029497	0.410988878754869	-0.318006853231984	0.0650834280952889	-0.88373111389202
-0.205140784597968	0.377441072211996	-0.749555927371538	0.413033196194459	-0.315852989475654	0.0655112201120907	-0.882737027329449
-0.203875619681546	0.379693892920675	-0.748699812334732	0.415060857904276	-0.313691810501159	0.0659328876905881	-0.8817363410108
-0.20260985704252	0.381929399614027	-0.747837475412516	0.41707180130866	-0.311523461963022	0.0663484240023099	-0.880729075967399
-0.201343605936181	0.384147546347561	-0.746968931806856	0.419065964687304	-0.309348089732593	0.0667578229632915	-0.879715252914739
-0.200076975202328	0.386348288290953	-0.746094196424758	0.421043287175715	-0.307165839886949	0.0671610792286619	-0.87869489224811
-0.198810073252405	0.388531581717923	-0.745213283874767	0.423003708765583	-0.30497685869781	0.067558188187183	-0.877668014038494
-0.197543008056628	0.390697383996003	-0.744326208463648	0.424947170305132	-0.302781292620583	0.0679491459556954	-0.876634638028512
-0.196275887131285	0.392845653576185	-0.743432984193242	0.426873613499384	-0.300579288283537	0.0683339493734831	-0.875594783628521
-0.195008817526634	0.394976349982555	-0.742533624757121	0.428782980910382	-0.298370992476863	0.068712595996606	-0.87454846991303
-0.193741905813962	0.397089433801675	-0.741628143538049	0.430675215957372	-0.296156552142254	0.0690850840920693	-0.87349571561682
-0.192475258074043	0.399184866672086	-0.740716553604761	0.432550262916912	-0.293936114362088	0.0694514126320418	-0.872436539131753
-0.191208979884848	0.401262611273569	-0.739798867709448	0.434408066922937	-0.291709826349048	0.0698115812879185	-0.871370958503289
-0.18994317630943	0.403322631316348	-0.738875098285414	0.436248573966794	-0.289477835435876	0.0701655904243301	-0.870298991427194
-0.188677951884851	0.40536489153036	-0.737945257444225	0.438071730897193	-0.287240289064823	0.070513441093165	-0.869220655246731
-0.187413410610165	0.407389357654288	-0.737009356973768	0.439877485420137	-0.284997334777682	0.0708551350274439	-0.868135966949522
-0.186149655935564	0.409395996424677	-0.736067408335752	0.441665786098784	-0.282749120205488	0.0711906746352219	-0.867044943164988
-0.184886790750337	0.411384775564797	-0.735119422664282	0.443436582353295	-0.280495793058884	0.0715200629933208	-0.865947600161341
-0.18362491737281	0.413355663773742	-0.734165410763286	0.445189824460592	-0.278237501117816	0.0718433038411803	-0.864843953843486
-0.182364137539071	0.415308630715267	-0.733205383105072	0.446925463554104	-0.275974392221911	0.0721604015745389	-0.863734019750501
-0.181104552391964	0.417243647006583	-0.732239349828913	0.448643451623469	-0.2737066142609	0.0724713612390717	-0.862617813053265
-0.179846262470654	0.419160684207194	-0.731267320739498	0.450343741514175	-0.271434315164969	0.0727761885240384	-0.861495348552428
-0.178589367700813	0.421059714807801	-0.73028930530521	0.452026286927161	-0.269157642895006	0.0730748897559338	-0.860366640676706
-0.177333967383624	0.422940712218922	-0.729305312657461	0.453691042418408	-0.266876745433508	0.0733674718919681	-0.859231703480745
-0.176080160186038	0.424803650759675	-0.728315351589415	0.455337963398444	-0.264591770775137	0.0736539425136294	-0.858090550643582
-0.174828044130707	0.426648505646494	-0.727319430555187	0.456967006131853	-0.262302866917549	0.0739343098201587	-0.856943195467043
-0.173577716586554	0.42847525298189	-0.726317557668853	0.458578127736708	-0.260010181852137	0.0742085826220638	-0.855789650874499
-0.172329274258693	0.430283869743055	-0.725309740704148	0.460171286184001	-0.257713863555188	0.0744767703344992	-0.854629929409379
-0.171082813179418	0.432074333770656	-0.724295987093704	0.461746440297014	-0.255414059978768	0.0747388829707413	-0.853464043234256
-0.169838428698646	0.433846623757471	-0.723276303928879	0.463303549750669	-0.253110919041972	0.0749949311355546	-0.852292004129729
-0.168596215474524	0.435600719237031	-0.722250697959746	0.464842575070826	-0.250804588622279	0.0752449260185514	-0.851113823493463
-0.167356267465008	0.437336600572469	-0.721219175594665	0.466363477633579	-0.248495216546642	0.0754888793876117	-0.849929512339727
-0.166118677918702	0.439054248945159	-0.720181742900598	0.467866219664481	-0.246182950583044	0.075726803582205	-0.848739081298666
-0.164883539365818	0.440753646343392	-0.719138405603602	0.46935076423778	-0.243867938432153	0.0759587115066894	-0.847542540615701
-0.163650943610767	0.442434775551364	-0.718089169088448	0.470817075275565	-0.241550327718455	0.0761846166237607	-0.846339900151714
-0.162420981722031	0.444097620137628	-0.717034038400354	0.472265117546978	-0.239230265982651	0.0764045329475963	-0.845131169382109
-0.161193744025763	0.445742164444266	-0.7159730182444	0.473694856667277	-0.236907900672664	0.0766184750373603	-0.843916357397564
-0.159969320096205	0.447368393575464	-0.714906112987394	0.475106259096985	-0.234583379136108	0.0768264579903691	-0.842695472903486
-0.158747798748823	0.448976293386612	-0.713833326658102	0.476499292140929	-0.232256848611768	0.0770284974355105	-0.841468524220694
-0.15752926803144	0.450565850473022	-0.712754662949101	0.477873923947314	-0.229928456222062	0.0772246095264534	-0.840235519285314
-0.156313815217824	0.452137052159185	-0.711670125217207	0.479230123506723	-0.227598348964608	0.07741481093509	-0.838996465649814
-0.155101526798941	0.45368988648753	-0.710579716485725	0.480567860651128	-0.225266673704913	0.0775991188447347	-0.837751370483072
-0.153892488476408	0.455224342207698	-0.709483439445472	0.48188710605287	-0.222933577168278	0.0777775509435335	-0.836500240571507
-0.152686785155245	0.456740408765679	-0.708381296456467	0.483187831223591	-0.22059920593212	0.0779501254177986	-0.835243082319924
-0.151484500936032	0.458238076292879	-0.707273289550351	0.484470008513212	-0.21826370641869	0.0781168609452803	-0.833979901752229
-0.150285719108608	0.459717335595517	-0.706159420431914	0.485733611108808	-0.215927224887266	0.0782777766885901	-0.83271070451283
-0.149090522145477	0.461178178144022	-0.705039690481107	0.486978613033505	-0.213589907426594	0.0784328922885987	-0.831435495868001
-0.147898991694423	0.462620596062318	-0.703914100755836	0.48820498914539	-0.211251899947798	0.0785822278577455	-0.830154280706992
-0.146711208572093	0.464044582117339	-0.702782651994318	0.48941271513635	-0.208913348176993	0.0787258039734576	-0.828867063543587
-0.145527252758429	0.465450129708766	-0.701645344617089	0.490601767530893	-0.206574397647683	0.0788636416716553	-0.82757384851812
-0.144347203389354	0.466837232858513	-0.700502178730483	0.491772123685031	-0.204235193693985	0.0789957624400885	-0.826274639398829
-0.143171138750963	0.468205886200511	-0.69935315412927	0.492923761785051	-0.201895881443365	0.079122188211832	-0.824969439583873
-0.14199913627398	0.469556084970668	-0.698198270299359	0.49405666084633	-0.199556605809352	0.0792429413588205	-0.823658252103579
-0.140831272527051	0.470887824996626	-0.697037526421564	0.49517080071213	-0.197217511484877	0.0793580446852657	-0.822341079622235
-0.139667623211692	0.472201102687953	-0.695870921374443	0.496266162052372	-0.194878742935007	0.0794675214212704	-0.821017924440686
-0.138508263156603	0.473495915026252	-0.694698453737779	0.49734272636238	-0.192540444390066	0.0795713952163781	-0.819688788498677
-0.137353266311449	0.47477225955526	-0.69352012179673	0.498400475961676	-0.190202759839081	0.0796696901330824	-0.8183536733771
-0.136202705742676	0.476030134371454	-0.692335923544727	0.499439393992694	-0.187865833022463	0.0797624306405744	-0.817012580301131
-0.135056653626874	0.477269538114202	-0.69114585668836	0.500459464419536	-0.185529807425849	0.0798496416082394	-0.815665510142414
-0.133915181247111	0.478490469956666	-0.689949918650393	0.501460672026691	-0.183194826272759	0.0799313482994877	-0.814312463422569
-0.132778358986764	0.479692929596223	-0.68874810657476	0.502443002417762	-0.180861032518422	0.080007576365342	-0.812953440315698
-0.131646256325198	0.480876917245414	-0.68754041733051	0.503406442014183	-0.178528568842912	0.0800783518382393	-0.811588440651762
-0.130518941833071	0.482042433622897	-0.686326847516219	0.504350978053941	-0.176197577644525	0.0801437011258191	-0.810217463919858
-0.129396483167339	0.483189479944406	-0.685107393464846	0.505276598590261	-0.173868201033382	0.0802036510046898	-0.808840509271425
-0.128278947066847	0.484318057913989	-0.683882051248402	0.506183292490333	-0.171540580824855	0.0802582286142936	-0.807457575523787
-0.127166399348466	0.48542816971544	-0.682650816682456	0.507071049433992	-0.16921485853286	0.0803074614508521	-0.806068661163974
-0.126058904901841	0.486519818003549	-0.681413685331837	0.507939859912443	-0.166891175363801	0.0803513773611806	-0.804673764352054
-0.124956527685808	0.487593005895805	-0.680170652515369	0.508789715226925	-0.1645696722099	0.0803900045367172	-0.803272882925179
-0.123859330724561	0.488647736964197	-0.678921713311037	0.509620607487427	-0.162250489642701	0.080423371507542	-0.80186601440167
-0.122767376103132	0.489684015226962	-0.677666862561795	0.510432529611387	-0.159933767906927	0.0804515071363602	-0.800453155984816
-0.121680724964019	0.490701845140689	-0.676406094880829	0.511225475322371	-0.15761964691394	0.0804744406126306	-0.799034304567244
-0.12059943750306	0.491701231592411	-0.675139404657555	0.511999439148786	-0.155308266235571	0.0804922014466439	-0.797609456735056
-0.119523572966134	0.492682179891985	-0.673866786063212	0.512754416422573	-0.152999765097667	0.0805048194637206	-0.796178608772348
-0.118453189645698	0.493644695764559	-0.672588233056829	0.513490403277906	-0.150694282373773	0.080512324798416	-0.794741756665744
-0.117388344877132	0.494588785343146	-0.671303739391502	0.5142073966499	-0.148391956578952	0.0805147478887464	-0.793298896108916
-0.116329095035553	0.495514455161426	-0.670013298620565	0.514905394273327	-0.146092925863455	0.0805121194704873	-0.791850022507364
-0.115275495532773	0.496421712146688	-0.66871690410385	0.515584394681307	-0.143797328006402	0.0805044705715224	-0.790395130983307
-0.114227600814054	0.497310563612924	-0.667414549014307	0.516244397204055	-0.141505300409569	0.0804918325062055	-0.788934216380581
-0.113185464355443	0.498181017254128	-0.666106226344419	0.516885401967583	-0.139216980091016	0.0804742368698138	-0.78746727326982
-0.112149138660581	0.499033081137645	-0.664791928913165	0.517507409892423	-0.136932503678948	0.0804517155329803	-0.785994295953476
-0.111118675257722	0.49986676369774	-0.663471649373069	0.518110422692407	-0.134652007405545	0.0804243006361819	-0.784515278471039
-0.11009412469797	0.50068207372952	-0.662145380216556	0.518694442873347	-0.132375627100326	0.0803920245843902	-0.783030214604756
-0.109075536551977	0.501479020382723	-0.660813113783612	0.519259473731836	-0.130103498184183	0.0803549200415977	-0.781539097884827
-0.108062959407412	0.502257613155782	-0.659474842269078	0.51980551935399	-0.127835755663136	0.0803130199254509	-0.780041921594967
-0.107056440867644	0.503017861890348	-0.658130557729295	0.520332584614199	-0.125572534121608	0.0802663574020559	-0.778538678778525
-0.106056027548199	0.503759776765434	-0.656780252090487	0.520840675173932	-0.123313967716658	0.08021496588058	-0.77702936224375
-0.10506176507522	0.504483368292199	-0.655423917155949	0.521329797480519	-0.121060190171407	0.0801588790080961	-0.775513964569958
-0.10407369808365	0.505188647308786	-0.654061544613601	0.521799958765922	-0.118811334768612	0.0800981306644424	-0.77399247811362
-0.103091870215371	0.505875624975349	-0.652693126043757	0.522251167045567	-0.116567534344266	0.0800327549571006	-0.77246489501452
-0.102116324116188	0.506544312768939	-0.65131865292789	0.522683431117161	-0.114328921281703	0.0799627862159968	-0.770931207201468
-0.101147101435547	0.507194722479204	-0.649938116655677	0.523096760559511	-0.112095627504592	0.0798882589886215	-0.769391406399233
-0.100184242824543	0.507826866203846	-0.648551508533393	0.523491165731359	-0.109867784470646	0.0798092080350074	-0.767845484134795
-0.0992277879335189	0.508440756344153	-0.6471588197928	0.523866657770266	-0.107645523165521	0.0797256683226909	-0.766293431743524
-0.0982777754120234	0.509036405601224	-0.645760041598532	0.524223248591433	-0.105428974095735	0.0796376750219707	-0.764735240376342
-0.0973342429062181	0.509613826971791	-0.644355165057463	0.524560950886612	-0.103218267282673	0.0795452635009198	-0.763170901005935
-0.0963972270581636	0.510173033744643	-0.642944181226931	0.524879778122997	-0.101013532255795	0.0794484693206339	-0.761600404433785
-0.0954667635047552	0.510714039497104	-0.64152708112335	0.525179744542103	-0.0988148980460102	0.0793473282304804	-0.760023741297083
-0.0945428868767713	0.511236858091761	-0.640103855730954	0.525460865158705	-0.0966224931790023	0.0792418761633905	-0.758440902075788
-0.0936256307977179	0.511741503673259	-0.638674496010814	0.525723155759762	-0.0944364456686319	0.0791321492311569	-0.756851877099623
-0.0927150278827455	0.512227990665326	-0.63723899291	0.52596663290337	-0.0922568830103179	0.0790181837197909	-0.755256656555178
-0.0918111097384569	0.512696333768153	-0.635797337370264	0.526191313917716	-0.0900839321740361	0.0789000160849823	-0.753655230493415
-0.090913906961731	0.513146547955722	-0.634349520337567	0.526397216900051	-0.0879177195977232	0.0787776829475062	-0.752047588836823
-0.0900234491400357	0.513578648473671	-0.632895532770748	0.52658436071568	-0.0857583711800546	0.0786512210888134	-0.75043372138725
-0.0891397648495605	0.513992650836798	-0.631435365651865	0.526752764996981	-0.0836060122741171	0.0785206674464215	-0.74881361783288
-0.0882628816564881	0.514388570827489	-0.629969009994483	0.526902450142399	-0.0814607676797707	0.0783860591096626	-0.747187267756541
-0.0873928261153319	0.514766424493641	-0.628496456854184	0.527033437315509	-0.0793227616372045	0.0782474333151707	-0.74555466064288
-0.0865296237700975	0.515126228147399	-0.627017697337254	0.52714574844404	-0.0771921178193209	0.078104827442673	-0.743915785886717
-0.0856732991529087	0.515467998363497	-0.625532722611279	0.527239406218965	-0.0750689593251386	0.0779582790105607	-0.742270632800431
-0.0848238757852042	0.51579175197837	-0.624041523914118	0.527314434093565	-0.072953408672131	0.0778078256717566	-0.740619190622435
-0.0839813761772821	0.516097506089042	-0.622544092564137	0.527370856282528	-0.0708455877892096	0.077653505209431	-0.738961448525008
-0.083145821828692	0.516385278052426	-0.621040419970037	0.52740869776108	-0.0687456180093481	0.0774953555328376	-0.737297395622554
-0.0823172332286457	0.516655085484758	-0.619530497640795	0.527427984264093	-0.0666536200621775	0.0773334146731878	-0.735627020979871
-0.0814956298566011	0.516906946261281	-0.618014317195592	0.52742874228523	-0.0645697140664734	0.077167720779554	-0.733950313620545
-0.080681030182505	0.517140878516021	-0.61649187037419	0.527410999076128	-0.0624940195227765	0.0769983121147723	-0.732267262535282
-0.0798734516678117	0.517356900641915	-0.614963149046826	0.527374782645555	-0.0604266553056524	0.0768252270514547	-0.730577856690537
-0.0790729107662211	0.517555031291042	-0.613428145224473	0.527320121758599	-0.0583677396560481	0.0766485040679862	-0.728882085037102
-0.0782794229243025	0.517735289375029	-0.611886851069332	0.527247045935895	-0.0563173901736681	0.0764681817445426	-0.7271799365187
-0.0774930025827748	0.517897694065766	-0.61033925890495	0.527155585452839	-0.0542757238090411	0.0762842987591981	-0.725471400080847
-0.0767136631773958	0.518042264796208	-0.608785361226766	0.527045771338822	-0.052242856855733	0.0760968938840112	-0.723756464679614
-0.075941417140811	0.518169021261587	-0.607225150712108	0.52691763537649	-0.0502189049421233	0.0759060059812355	-0.722035119290798
-0.0751762759025837	0.518277983420362	-0.60565862023159	0.526771210101029	-0.0482039830238979	0.0757116739993607	-0.720307352918422
-0.0744182498922832	0.518369171496064	-0.60408576285847	0.526606528799422	-0.0461982053752626	0.0755139369694883	-0.718573154604443
-0.0736673485392719	0.51844260597854	-0.60250657188047	0.526423625509783	-0.0442016855814681	0.0753128340013921	-0.716832513437235
-0.072923580276013	0.518498307626201	-0.60092104080921	0.526222535020644	-0.0422145365298649	0.0751084042799528	-0.715085418561446
-0.0721869525387109	0.518536297467815	-0.599329163391662	0.526003292870318	-0.0402368704020125	0.0749006870613375	-0.713331859186871
-0.0714574717697804	0.518556596804887	-0.597730933620408	0.525765935346217	-0.038268798665016	0.0746897216693877	-0.711571824598038
-0.0707351434195022	0.518559227214036	-0.596126345744584	0.525510499484232	-0.0363104320631446	0.0744755474919331	-0.709805304163528
-0.0700199719482678	0.51854421054967	-0.594515394280536	0.525237023068102	-0.0343618806091915	0.074258203977185	-0.708032287345534
-0.069311960829104	0.5185115689469	-0.592898074022353	0.524945544628799	-0.0324232535756746	0.0740377306301728	-0.706252763709559
-0.0686111125494134	0.518461324824429	-0.591274380053087	0.524636103443942	-0.030494659486329	0.0738141670091101	-0.704466722933831
-0.0679174286141354	0.518393500887956	-0.589644307755056	0.52430873953721	-0.0285762061069786	0.0735875527219189	-0.702674154819289
-0.0672309095476475	0.518308120133433	-0.588007852821138	0.523963493677778	-0.0266680004368945	0.0733579274226408	-0.7008750492991
-0.0665515548972669	0.518205205850862	-0.586365011265022	0.523600407379743	-0.0247701486994622	0.073125330808016	-0.699069396448804
-0.065879363235135	0.518084781627883	-0.584715779432717	0.523219522901606	-0.0228827563334739	0.0728898026139044	-0.697257186495861
-0.0652143321624081	0.517946871354068	-0.583060154012506	0.522820883245718	-0.0210059279834582	0.072651382611966	-0.695438409830104
-0.0645564583109808	0.517791499224773	-0.581398132046738	0.522404532157783	-0.0191397674909604	0.0724101106060755	-0.69361305701324
-0.0639057373475521	0.51761868974571	-0.579729710942046	0.521970514126335	-0.0172843778848615	0.0721660264289977	-0.691781118789263
-0.0632621639770864	0.517428467737546	-0.578054888480085	0.521518874382243	-0.0154398613718962	0.0719191699390001	-0.689942586094664
-0.0626257319455902	0.517220858340471	-0.576373662828829	0.521049658898242	-0.0136063193274215	0.071669581016403	-0.68809745006836
-0.0619964340444361	0.516995887019292	-0.574686032552857	0.520562914388439	-0.011783852285535	0.0714172995602905	-0.686245702062235
-0.0613742621133729	0.516753579568361	-0.572991996624645	0.520058688307867	-0.00997255992968505	0.0711623654850883	-0.684387333651171
-0.0607592070453455	0.516493962117104	-0.57129155443463	0.519537028852013	-0.00817254108252638	0.0709048187173293	-0.682522336643782
-0.0601512587893064	0.516217061135174	-0.569584705802819	0.518997984956398	-0.00638389369656584	0.0706446991922195	-0.680650703092376
-0.0595504063555119	0.515922903438373	-0.567871450988635	0.518441606296108	-0.0046067148437704	0.070382046850443	-0.678772425303853
-0.0589566378189516	0.515611516194265	-0.566151790702218	0.517867943285402	-0.00284110070590805	0.0701169016347977	-0.676887495849903
-0.0583699403241925	0.515282926928242	-0.564425726114739	0.517277047077262	-0.00108714656429993	0.0698493034869476	-0.674995907577714
-0.0577903000897636	0.514937163529656	-0.562693258869126	0.516668969563009	0.000655053210277556	0.069579292344151	-0.673097653620523
-0.0572177024129877	0.514574254258149	-0.560954391090525	0.516043763371872	0.00238540516786699	0.0693069081360099	-0.671192727408292
-0.0566521316745861	0.514194227750078	-0.559209125396956	0.515401481870599	0.00410381678955877	0.0690321907812013	-0.669281122678304
-0.0560935713436142	0.513797113025164	-0.557457464909829	0.514742179163082	0.00581019649784549	0.0687551801842333	-0.667362833485882
-0.0555420039834103	0.513382939493483	-0.555699413263742	0.514065910089929	0.00750445366741018	0.0684759162323051	-0.665437854215433
-0.0549974112553894	0.512951736962067	-0.553934974617885	0.513372730228124	0.00918649863506104	0.0681944387919249	-0.663506179590688
-0.0544597739255706	0.51250353564229	-0.552164153665537	0.512662695890619	0.0108562427107689	0.0679107877058158	-0.661567804685944
-0.053929071870005	0.512038366157116	-0.550386955644384	0.511935864125965	0.0125135981882717	0.0676250027896876	-0.659622724936861
-0.0534052840798796	0.511556259548344	-0.5486033863471	0.511192292717952	0.0141584783555638	0.0673371238289669	-0.657670936151111
-0.0528883886683191	0.511057247284426	-0.546813452130762	0.510432040185215	0.0157907975060557	0.067047190575701	-0.655712434519637
-0.0523783628752829	0.510541361267873	-0.54501715992764	0.509655165780881	0.0174104709489826	0.0667552427452377	-0.653747216627152
-0.0518751830745163	0.510008633843333	-0.543214517254574	0.508861729492211	0.0190174150206335	0.0664613200131182	-0.651775279463405
-0.0513788247796632	0.509459097805486	-0.54140553222294	0.508051792040197	0.0206115470952269	0.0661654620118638	-0.649796620434044
-0.050889262650804	0.508892786407216	-0.539590213548366	0.50722541487923	0.0221927855959709	0.0658677083277891	-0.647811237371652
-0.0504064705004301	0.508309733367679	-0.537768570560849	0.506382660196716	0.0237610500058771	0.0655680984977524	-0.645819128546484
-0.0499304213013221	0.507709972880963	-0.535940613213535	0.505523590912694	0.0253162608793132	0.0652666720060738	-0.643820292677898
-0.0494610871924893	0.50709353962435	-0.534106352092898	0.504648270679486	0.0268583398527889	0.0649634682812497	-0.641814728945003
-0.048998439486775	0.506460468767064	-0.532265798427725	0.5037567638813	0.02838720965637	0.0646585266928137	-0.639802436997876
-0.0485424486780348	0.505810795978996	-0.530418964098434	0.502849135633854	0.0299027941249039	0.0643518865481406	-0.637783416968569
-0.0480930844484657	0.505144557439546	-0.528565861646255	0.501925451783993	0.031405018209288	0.0640435870892386	-0.63575766948211
-0.047650315676044	0.504461789846565	-0.526706504282372	0.500985778909303	0.0328938079877447	0.0637336674895523	-0.633725195667502
-0.047214110442308	0.503762530425431	-0.524840905896773	0.500030184317701	0.0343690906772068	0.0634221668507614	-0.631685997168755
-0.0467844360402837	0.50304681693825	-0.522969081067019	0.499058736047041	0.0358307946447241	0.0631091241995904	-0.629640076155946
-0.0463612589829258	0.502314687693228	-0.521091045066611	0.498071502864685	0.0372788494190338	0.0627945784846354	-0.627587435336367
-0.0459445450101913	0.501566181553768	-0.519206813874346	0.497068554267115	0.0387131857015539	0.0624785685730483	-0.625528077965122
-0.0455342590987892	0.500801337948271	-0.517316404181715	0.496049960479464	0.0401337353783806	0.0621611332474576	-0.62346200785662
-0.0451303654696347	0.500020196879423	-0.515419833401928	0.495015792455096	0.0415404315313353	0.0618423112026402	-0.621389229395157
-0.0447328275968027	0.499222798933905	-0.513517119677861	0.493966121875163	0.0429332084495555	0.0615221410423267	-0.619309747545974
-0.0443416082170638	0.498409185292256	-0.511608281889512	0.492901021148101	0.0443120016412391	0.0612006612760361	-0.617223567866416
-0.0439566693376623	0.49757939773838	-0.509693339662739	0.491820563409206	0.0456767478446631	0.0608779103157192	-0.615130696516414
-0.0435779722464424	0.496733478669629	-0.50777231337624	0.49072482252011	0.0470273850400417	0.0605539264726068	-0.613031140269705
-0.0432054775208707	0.495871471106642	-0.505845224169286	0.489613873068275	0.0483638524608821	0.0602287479539329	-0.610924906524536
-0.0428391450374342	0.494993418703325	-0.503912093949165	0.488487790366494	0.0496860906054317	0.0599024128596643	-0.608812003314473
-0.0424789339813264	0.494099365756881	-0.501972945398356	0.487346650452331	0.0509940412481378	0.0595749591792444	-0.606692439319164
-0.0421248028566192	0.493189357218006	-0.500027801981295	0.486190530087578	0.052287647451234	0.0592464247883561	-0.604566223875201
-0.0417767094955408	0.492263438700846	-0.498076687951746	0.485019506757684	0.0535668535758857	0.0589168474455681	-0.60243336698655
-0.0414346110690804	0.491321656493304	-0.496119628359165	0.48383365867116	0.0548316052937603	0.0585862647891112	-0.600293879335374
-0.0410984640974373	0.490364057567297	-0.494156649055075	0.482633064758962	0.0560818495984493	0.0582547143335822	-0.598147772292651
-0.0407682244598586	0.489390689588865	-0.492187776699883	0.48141780467388	0.0573175348165465	0.0579222334665996	-0.595995057928519
-0.0404438474062209	0.488401600928676	-0.490213038768287	0.480187958789847	0.0585386106193065	0.057588859445576	-0.593835749023061
-0.0401252875664695	0.48739684067202	-0.488232463556239	0.478943608201304	0.0597450280333606	0.057254629394284	-0.59166985907628
-0.0398124989625902	0.486376458629377	-0.486246080185945	0.477684834722466	0.060936739452301	0.056919580299632	-0.589497402318802
-0.039505435019598	0.485340505346742	-0.48425391861152	0.476411720886613	0.0621136986477761	0.0565837490083201	-0.587318393722136
-0.0392040485761921	0.484289032115823	-0.482256009624799	0.475124349945339	0.0632758607803233	0.0562471722234587	-0.58513284900869
-0.0389082918967482	0.483222090984527	-0.480252384860086	0.473822805867763	0.0644231824105961	0.0559098865012685	-0.582940784662106
-0.038618116682471	0.48213973476722	-0.478243076799421	0.472507173339735	0.0655556215101456	0.0555719282477036	-0.5807422179372
-0.0383334740830428	0.481042017055056	-0.476228118777418	0.471177537763012	0.0666731374722436	0.0552333337150892	-0.578537166869937
-0.0380543147091319	0.479928992226447	-0.474207544985315	0.469833985254354	0.0677756911229023	0.054894138998814	-0.576325650287533
-0.0377805886435029	0.478800715457169	-0.472181390476025	0.468476602644676	0.068863244731212	0.0545543800338902	-0.574107687817988
-0.0375122454535427	0.477657242730734	-0.470149691167982	0.467105477478105	0.0699357620200748	0.0542140925916022	-0.571883299899931
-0.0372492342035924	0.476498630848648	-0.468112483849046	0.465720698011009	0.0709932081767006	0.0538733122761459	-0.569652507792254
-0.0369915034671201	0.475324937440584	-0.466069806180426	0.464322353211037	0.0720355498628926	0.0535320745212129	-0.567415333583571
-0.0367390013397894	0.474136220974667	-0.464021696699788	0.462910532756054	0.073062755225504	0.053190414586648	-0.565171800201795
-0.036491675451576	0.47293254076747	-0.46196819482499	0.461485327033112	0.0740747939063617	0.05284836755501	-0.562921931423276
-0.0362494729795873	0.471713956994088	-0.459909340857138	0.46004682713734	0.0750716370522899	0.0525059683281704	-0.560665751881989
-0.0360123406614992	0.470480530698275	-0.457845175983081	0.458595124870807	0.0760532573251846	0.0521632516239578	-0.558403287078801
-0.0357802248083095	0.469232323802321	-0.455775742278278	0.457130312741345	0.0770196289116445	0.0518202519727304	-0.55613456339033
-0.0355530713176393	0.467969399116971	-0.453701082709124	0.455652483961356	0.0779707275326261	0.0514770037139779	-0.553859608077841
-0.035330825687323	0.466691820351283	-0.451621241134908	0.454161732446522	0.0789065304530071	0.0511335409929414	-0.551578449296046
-0.0351134330279292	0.46539965212216	-0.449536262310454	0.452658152814562	0.0798270164905572	0.0507898977571259	-0.549291116101417
-0.03490083807766	0.464092959964286	-0.447446191886811	0.451141840383835	0.0807321660255913	0.0504461077530165	-0.546997638461073
-0.0346929852149052	0.462771810339442	-0.445351076413586	0.449612891172007	0.0816219610095429	0.050102204522576	-0.544698047260773
-0.0344898184728565	0.461436270646156	-0.443250963339553	0.448071401894604	0.0824963849740986	0.0497582213999172	-0.542392374313375
-0.0342912815527094	0.460086409228877	-0.441145901014166	0.446517469963546	0.0833554230395747	0.0494141915078414	-0.540080652366651
-0.0340973178384982	0.458722295387428	-0.439035938687701	0.444951193485614	0.0841990619236968	0.0490701477545223	-0.537762915111483
-0.0339078704105292	0.457343999385998	-0.436921126512301	0.443372671260921	0.0850272899496236	0.0487261228300582	-0.535439197189416
-0.033722882059908	0.45595159246221	-0.43480151554199	0.441782002781262	0.085840097054146	0.048382149203115	-0.533109534200349
-0.033542295302598	0.454545146835962	-0.432677157732907	0.440179288228476	0.0866374747954804	0.0480382591175317	-0.530773962709933
-0.0333660523939072	0.453124735718207	-0.430548105943036	0.438564628472722	0.0874194163609777	0.0476944845889626	-0.528432520256887
-0.0331940953434508	0.451690433319706	-0.428414413931405	0.436938125070717	0.0881859165747732	0.0473508574015592	-0.52608524536031
-0.0330263659290344	0.450242314859332	-0.426276136357905	0.435299880263921	0.0889369719047731	0.0470074091045652	-0.523732177526413
-0.0328628057118228	0.448780456572529	-0.424133328781964	0.433649996976654	0.0896725804698744	0.0466641710090252	-0.521373357255491
-0.032703356050151	0.447304935719289	-0.421986047662071	0.431988578814208	0.090392742046424	0.0463211741843789	-0.519008826048276
-0.0325479581159248	0.445815830592562	-0.419834350353152	0.43031573006082	0.0910974580753753	0.0459784494552976	-0.516638626412908
-0.0323965529078514	0.444313220525717	-0.417678295106122	0.428631555677676	0.0917867316680021	0.0456360273982409	-0.514262801870681
-0.0322490812670391	0.442797185900396	-0.41551794106549	0.426936161300798	0.0924605676122153	0.045293938338241	-0.511881396962362
-0.0321054838921783	0.44126780815409	-0.413353348267054	0.425229653238893	0.0931189723784682	0.0449522123456583	-0.509494457254173
-0.0319657013540253	0.439725169787358	-0.411184577635959	0.423512138471176	0.0937619541251098	0.0446108792328915	-0.507102029343358
-0.0318296741109703	0.438169354371047	-0.409011690983652	0.421783724645036	0.0943895227038567	0.0442699685511984	-0.504704160863821
-0.0316973425237853	0.436600446553229	-0.406834751005354	0.420044520073776	0.0950016896646952	0.0439295095874615	-0.502300900491415
-0.0315686468708832	0.435018532065947	-0.404653821276856	0.41829463373418	0.0955984682606594	0.0435895313610228	-0.499892297949074
-0.0314435273631005	0.433423697731696	-0.402468966251489	0.416534175264078	0.0961798734521582	0.0432500626204905	-0.497478404011636
-0.0313219241599092	0.431816031470036	-0.400280251255816	0.414763254959816	0.0967459219115303	0.0429111318407016	-0.495059270510926
-0.0312037773832265	0.430195622303369	-0.398087742486881	0.412981983773687	0.0972966320264036	0.0425727672194964	-0.492634950339803
-0.0310890271338162	0.428562560363176	-0.395891507007319	0.411190473311275	0.0978320239037247	0.0422349966747458	-0.490205497456885
-0.0309776135057731	0.426916936895528	-0.393691612741662	0.409388835828757	0.0983521193727645	0.0418978478412439	-0.487770966890405
-0.0308694766020444	0.425258844266639	-0.391488128471653	0.407577184230114	0.0988569419882023	0.0415613480677198	-0.485331414742201
-0.0307645565497524	0.423588375968127	-0.389281123831477	0.40575563206428	0.0993465170328169	0.0412255244138679	-0.482886898191426
-0.0306627935149812	0.421905626621944	-0.387070669303165	0.403924293522259	0.0998208715196862	0.0408904036473624	-0.480437475497877
-0.03056412771846	0.420210691985226	-0.384856836211075	0.402083283434091	0.100280034194373	0.0405560122409913	-0.477983206005358
-0.0304684994503	0.418503668954772	-0.382639696716903	0.400232717265873	0.100724035536474	0.0402223763697511	-0.475524150144606
-0.0303758490856444	0.416784655571359	-0.380419323813675	0.398372711116539	0.101152907761146	0.0398895219080512	-0.473060369436161
-0.03028611709915	0.4150537510237	-0.378195791320504	0.396503381714768	0.101566684819918	0.0395574744268762	-0.470591926492808
-0.030199244080562	0.413311055652279	-0.375969173876172	0.394624846415659	0.101965402401554	0.0392262591910718	-0.468118885022011
-0.0301151707492988	0.411556670952762	-0.373739546933282	0.392737223197412	0.102349097932229	0.0388959011566137	-0.465641309827887
-0.0300338379702552	0.409790699579428	-0.371506986751204	0.390840630657892	0.102717810575826	0.0385664249680064	-0.463159266813314
-0.029955186767663	0.408013245347903	-0.369271570390302	0.38893518801119	0.10307158123319	0.0382378549555968	-0.460672822981258
-0.0298791583405407	0.406224413237998	-0.367033375704658	0.387021015084048	0.10341045254163	0.0379102151330527	-0.458182046436335
-0.0298056940774732	0.404424309396108	-0.364792481335062	0.385098232312197	0.103734468873838	0.0375835291948597	-0.455687006385948
-0.0297347355711509	0.402613041137343	-0.362548966701974	0.383166960736697	0.104043676336388	0.0372578205138438	-0.453187773141179
-0.0296662246327168	0.400790716947287	-0.360302911998319	0.381227322000111	0.104338122767831	0.0369331121387476	-0.450684418117331
-0.0296001033070754	0.39895744648379	-0.35805439818137	0.379279438342673	0.104617857736798	0.0366094267919481	-0.448177013834643
-0.0295363138869409	0.397113340578129	-0.355803506965281	0.377323432598329	0.104882932539307	0.0362867868671311	-0.445665633918321
-0.0294747989266004	0.395258511235883	-0.353550320813608	0.375359428190755	0.105133400195632	0.0359652144270176	-0.443150353098321
-0.0294155012570179	0.39339307163781	-0.351294922930543	0.373387549129221	0.105369315447311	0.0356447312012627	-0.440631247209288
-0.0293583639993474	0.39151713614013	-0.349037397253127	0.371407920004467	0.105590734753248	0.0353253585843011	-0.43810839318985
-0.029303330579372	0.389630820274694	-0.346777828442465	0.369420665984409	0.105797716285797	0.0350071176333378	-0.435581869081918
-0.0292503447410702	0.387734240748744	-0.3445163018754	0.367425912809855	0.105990319926205	0.0346900290663542	-0.433051754029589
-0.0291993505604817	0.385827515444384	-0.342252903635627	0.365423786790054	0.106168607259812	0.034374113260199	-0.430518128277835
-0.0291502924589481	0.383910763417718	-0.339987720505118	0.363414414798252	0.106332641570693	0.0340593902487262	-0.427981073170894
-0.0291031152170411	0.381984104897813	-0.337720839954695	0.361397924267102	0.106482487836202	0.0337458797210639	-0.425440671150601
-0.0290577639880995	0.380047661285323	-0.335452350134678	0.359374443184014	0.106618212721046	0.0334336010199327	-0.422897005754423
-0.0290141843101897	0.378101555150445	-0.333182339866455	0.357344100086448	0.106739884570446	0.0331225731399299	-0.42035016161279
-0.0289723221204182	0.376145910231192	-0.330910898632041	0.355307024057099	0.106847573403814	0.0328128147260904	-0.417800224446983
-0.0289321237666208	0.374180851430714	-0.328638116565331	0.353263344719009	0.10694135090714	0.0325043440723222	-0.415247281065976
-0.0288935360212668	0.372206504814913	-0.326364084441433	0.351213192230578	0.107021290425855	0.0321971791201183	-0.412691419363785
-0.0288565060923024	0.370222997609065	-0.324088893668107	0.349156697280581	0.107087466956263	0.0318913374571141	-0.410132728315714
-0.0288209816369445	0.368230458194807	-0.321812636274631	0.347093991082954	0.107139957137678	0.0315868363159798	-0.40757129797524
-0.0287869107726676	0.366229016106252	-0.31953540490262	0.345025205371652	0.107178839243257	0.0312836925731827	-0.405007219469927
-0.0287542420897114	0.364218802026161	-0.317257292795398	0.342950472395327	0.107204193171029	0.0309819227479772	-0.402440584997577
-0.0287229246624474	0.362199947781567	-0.314978393787991	0.340869924911967	0.1072161004342	0.0306815430013978	-0.399871487821861
-0.0286929080609773	0.360172586339199	-0.312698802296701	0.338783696183442	0.107214644151214	0.0303825691353819	-0.397300022267835
-0.028664142362403	0.358136851800536	-0.310418613308661	0.336691919969962	0.107199909035376	0.0300850165919634	-0.394726283717167
-0.0286365781612028	0.356092879396419	-0.308137922371858	0.334594730524504	0.107171981383853	0.0297889004525109	-0.392150368602959
-0.0286101665811789	0.354040805481739	-0.305856825583682	0.332492262587078	0.107130949066897	0.0294942354371945	-0.389572374404832
-0.0285848592852456	0.351980767529331	-0.303575419580861	0.330384651378968	0.107076901516003	0.0292010359043867	-0.386992399643174
-0.0285606084858654	0.349912904123815	-0.301293801528714	0.328272032596893	0.107009929711987	0.0289093158502384	-0.384410543873478
-0.0285373669555375	0.347837354955141	-0.299012069110067	0.326154542407068	0.106930126172776	0.0286190889083591	-0.381826907680481
-0.0285150880358234	0.345754260811534	-0.296730320515061	0.324032317439202	0.106837584940372	0.028330368349504	-0.3792415926717
-0.0284937256476095	0.343663763572495	-0.294448654429792	0.321905494780403	0.106732401567968	0.0280431670814738	-0.37665470147122
-0.0284732343004705	0.341566006201322	-0.292167170025391	0.319774211969023	0.106614673106438	0.0277574976490563	-0.374066337713031
-0.0284535691017632	0.339461132737318	-0.289885966947068	0.317638606988411	0.106484498090452	0.0274733722340674	-0.37147660603414
-0.0284346857648454	0.337349288287518	-0.287605145303584	0.315498818260586	0.106341976523983	0.0271908026554451	-0.368885612067243
-0.0284165406180723	0.335230619018404	-0.28532480565594	0.313354984639869	0.106187209865821	0.0269098003695238	-0.36629346243355
-0.0283990906134813	0.333105272147254	-0.283045049006026	0.311207245406376	0.106020301014686	0.0266303764703993	-0.363700264735317
-0.0283822933338222	0.330973395932883	-0.280765976786342	0.309055740259504	0.105841354293489	0.0263525416903011	-0.361106127547772
-0.0283661070017328	0.32883513966665	-0.278487690847841	0.306900609311277	0.105650475434084	0.0260763064002368	-0.358511160411548
-0.028350490485227	0.326690653662362	-0.27621029345039	0.304741993079706	0.105447771560454	0.0258016806104953	-0.355915473823886
-0.0283354033069432	0.32454008924681	-0.273933887250102	0.302580032481955	0.105233351172952	0.0255286739715429	-0.353319179230812
-0.0283208056495678	0.32238359874922	-0.271658575289429	0.300414868827552	0.105007324130961	0.0252572957747735	-0.350722389018095
-0.0283066583632901	0.320221335490914	-0.26938446098544	0.298246643811456	0.104769801636005	0.0249875549535193	-0.348125216502647
-0.0282929229712702	0.318053453774312	-0.267111648119452	0.29607549950709	0.104520896213923	0.0247194600840529	-0.345527775923249
-0.0282795616766923	0.315880108872075	-0.264840240825217	0.293901578359273	0.10426072169736	0.0244530193868266	-0.342930182431622
-0.0282665373676184	0.313701457015517	-0.262570343578597	0.291725023177114	0.103989393207254	0.024188240727677	-0.340332552082739
-0.0282538136225393	0.311517655382993	-0.260302061186518	0.289545977126828	0.103707027134343	0.0239251316192111	-0.337735001825258
-0.0282413547163324	0.309328862088159	-0.258035498775406	0.287364583724476	0.103413741120593	0.0236636992223426	-0.335137649491959
-0.0282291256236742	0.307135236167411	-0.255770761781368	0.285180986828639	0.103109654039508	0.0234039503477768	-0.332540613789324
-0.0282170920249121	0.30493693756778	-0.253507955938349	0.282995330633059	0.102794885977111	0.0231458914577992	-0.329944014287807
-0.0282052203091052	0.302734127133871	-0.2512471872682	0.280807759659165	0.102469558211716	0.0228895286679826	-0.327347971411096
-0.0281934775788834	0.300526966595147	-0.248988562069262	0.278618418748601	0.102133793194149	0.0226348677491612	-0.324752606425939
-0.0281818316533956	0.298315618552476	-0.246732186906138	0.276427453055613	0.101787714527094	0.0223819141293827	-0.322158041431207
-0.0281702510719343	0.29610024646475	-0.244478168598863	0.274235008039455	0.101431446944516	0.0221306728960466	-0.319564399347186
-0.0281587050963481	0.293881014635003	-0.242226614212787	0.272041229456708	0.101065116290464	0.0218811487980762	-0.316971803904401
-0.0281471637146645	0.291658088196635	-0.239977631047357	0.269846263353502	0.100688849498125	0.0216333462483037	-0.314380379632711
-0.0281355976426791	0.289431633099035	-0.237731326626341	0.267650256057756	0.100302774568022	0.0213872693258367	-0.311790251849795
-0.0281239783264077	0.287201816093213	-0.235487808687187	0.265453354171303	0.0999070205463268	0.0211429217786119	-0.309201546649789
-0.0281122779431469	0.284968804716957	-0.233247185171312	0.263255704561989	0.0995017175025651	0.0209003070259705	-0.306614390891475
-0.0281004694034929	0.282732767280125	-0.231009564213551	0.261057454355755	0.0990869965075032	0.0206594281614346	-0.304028912186766
-0.0280885263530406	0.28049387284961	-0.228775054131612	0.258858750928562	0.0986629896107599	0.0204202879555693	-0.301445238888924
-0.0280764231712496	0.278252291233606	-0.226543763417657	0.256659741898409	0.0982298298173492	0.0201828888587797	-0.298863500080029
-0.0280641349741217	0.276008192966602	-0.224315800726784	0.254460575117202	0.0977876510653889	0.0199472330044909	-0.296283825559492
-0.0280516376130089	0.273761749293313	-0.222091274868333	0.252261398662612	0.0973365882023592	0.0197133222121796	-0.293706345831368
-0.0280389076750008	0.271513132152916	-0.219870294795889	0.25006236082991	0.096876776961809	0.0194811579906306	-0.291131192092167
-0.0280259224821463	0.269262514162852	-0.217652969598028	0.247863610123729	0.0964083539395469	0.0192507415412341	-0.288558496218255
-0.0280126600912141	0.267010068602669	-0.215439408488536	0.245665295249793	0.0959314565699218	0.0190220737614348	-0.285988390753406
-0.0279990992925174	0.26475596939754	-0.213229720797253	0.243467565106628	0.0954462231017015	0.0187951552482306	-0.283421008896091
-0.0279852196083855	0.262500391101608	-0.211024015961064	0.241270568777233	0.0949527925737509	0.0185699863017639	-0.280856484486635
-0.0279710012916372	0.26024350888122	-0.208822403514777	0.239074455520699	0.0944513047906259	0.0183465669290172	-0.278294951994364
-0.0279564253236798	0.257985498497992	-0.206624993082203	0.236879374763798	0.0939419002979778	0.0181248968476042	-0.275736546504652
-0.0279414734121995	0.25572653629173	-0.204431894367457	0.234685476092582	0.0934247203577724	0.0179049754896325	-0.273181403705861
-0.0279261279891755	0.253466799163303	-0.2022432171459	0.232492909243887	0.092899906923542	0.0176868020056996	-0.27062965987636
-0.0279103722074663	0.251206464557175	-0.200059071256134	0.230301824096897	0.0923676026151415	0.0174703752688996	-0.268081451871187
-0.0278941899380215	0.248945710443932	-0.197879566591366	0.228112370664581	0.0918279506936369	0.0172556938789666	-0.265536917108821
-0.0278775657665142	0.246684715302733	-0.195704813091231	0.225924699085217	0.0912810950360177	0.0170427561664931	-0.262996193557919
-0.0278604849899696	0.244423658103606	-0.193534920733463	0.223738959613809	0.0907271801098422	0.0168315601972355	-0.260459419723982
-0.0278429336126172	0.24216271828958	-0.191369999526148	0.221555302613534	0.0901663509476326	0.0166221037764737	-0.257926734635871
-0.0278248983415045	0.239902075758704	-0.189210159500095	0.219373878547177	0.0895987531211754	0.0164143844534451	-0.255398277832282
-0.0278063665825925	0.23764191084613	-0.187055510700731	0.217194837968502	0.0890245327159753	0.0162083995259041	-0.252874189348364
-0.0277873264362387	0.235382404306087	-0.184906163180505	0.215018331513698	0.088443836305535	0.0160041460447366	-0.250354609702268
-0.0277677666916164	0.233123737293488	-0.182762226991955	0.212844509892716	0.087856810925256	0.0158016208185848	-0.247839679881335
-0.0277476768215234	0.230866091345717	-0.180623812180532	0.210673523880708	0.0872636040465319	0.0156008204185883	-0.245329541328544
-0.0277270469779769	0.228609648364502	-0.178491028776691	0.208505524309339	0.0866643635511002	0.0154017411832628	-0.242824335929139
-0.0277058679855156	0.22635459059734	-0.176363986789806	0.206340662058237	0.086059237704698	0.015204379223303	-0.240324205996759
-0.0276841313356693	0.224101100619114	-0.174242796201074	0.20417908804632	0.0854483751311206	0.0150087304265482	-0.237829294259857
-0.0276618291809413	0.221849361313661	-0.172127566956819	0.202020953223202	0.0848319247861917	0.014814790462986	-0.235339743848105
-0.0276389543287097	0.21959955585532	-0.17001840896182	0.199866408560574	0.0842100359317583	0.014622554789827	-0.232855698278822
-0.027615500233605	0.217351867690144	-0.167915432073816	0.197715605043613	0.0835828581092417	0.0144320186565507	-0.230377301443029
-0.0275914609923692	0.215106480517704	-0.165818746096046	0.195568693662355	0.0829505411140893	0.0142431771101826	-0.227904697592278
-0.027566831335268	0.212863578272179	-0.163728460772508	0.193425825403167	0.0823132349691734	0.0140560250004092	-0.225438031324612
-0.0275416066197427	0.210623345103929	-0.161644685781422	0.19128715124014	0.0816710898990006	0.0138705569849034	-0.22297744757118
-0.0275157828231776	0.208385965360979	-0.159567530729429	0.189152822126571	0.0810242563037479	0.0136867675346544	-0.220523091582745
-0.0274893565350665	0.206151623570358	-0.157497105146223	0.187022988986414	0.0803728847331769	0.0135046509393117	-0.218075108916044
-0.0274623249486623	0.203920504419413	-0.155433518479624	0.184897802705803	0.0797171258605069	0.0133242013125495	-0.215633645420134
-0.0274346858544317	0.201692792737578	-0.15337688008925	0.182777414124545	0.0790571304569897	0.0131454125976045	-0.213198847223316
-0.0274064376305526	0.199468673477565	-0.151327299242525	0.18066197402771	0.0783930493656421	0.012968278572666	-0.210770860719341
-0.0273775792353041	0.197248331697015	-0.149284885109222	0.178551633137187	0.0777250334757194	0.0127927928564328	-0.208349832554212
-0.027348110198693	0.19503195254008	-0.147249746756618	0.176446542103295	0.077053233697081	0.012618948913668	-0.205935909612881
-0.0273180306136085	0.192819721219016	-0.145221993145111	0.174346851496475	0.0763778009345596	0.0124467400607597	-0.203529239005964
-0.0272873411273563	0.190611822995856	-0.143201733123479	0.172252711798922	0.0756988860625699	0.0122761594713384	-0.201129968056559
-0.0272560429323536	0.188408443164089	-0.141189075424922	0.170164273396354	0.0750166398996355	0.0121072001818803	-0.19873824428704
-0.0272241377574427	0.186209767030555	-0.139184128662651	0.168081686569801	0.0743312131832725	0.0119398550973789	-0.196354215406114
-0.0271916278589824	0.184015979897341	-0.137187001325652	0.166005101487383	0.0736427565449556	0.0117741169970239	-0.193978029295864
-0.0271585160107644	0.181827267043584	-0.135197801775467	0.163934668196213	0.0729514204848916	0.0116099785398348	-0.191609833998644
-0.0271248054957406	0.179643813707778	-0.133216638241606	0.161870536614294	0.0722573553475657	0.0114474322704265	-0.189249777704572
-0.0270905000955852	0.177465805069735	-0.131243618818735	0.159812856522535	0.0715607112967765	0.0112864706246594	-0.186898008738569
-0.0270556040818289	0.175293426232982	-0.129278851462645	0.157761777556737	0.0708616382913616	0.0111270859353965	-0.184554675547891
-0.0270201222053139	0.173126862206966	-0.127322443987669	0.15571744919973	0.0701602860605984	0.0109692704381721	-0.182219926689395
-0.0269840596878193	0.170966297889846	-0.125374504062426	0.153680020773482	0.0694568040805076	0.0108130162770008	-0.179893910817477
-0.0269474222104751	0.168811918050724	-0.12343513920818	0.151649641431355	0.0687513415493291	0.0106583155099897	-0.177576776671275
-0.0269102159052922	0.166663907312727	-0.121504456794845	0.149626460150372	0.0680440473642352	0.0105051601151527	-0.175268673062866
-0.0268724473446778	0.164522450135796	-0.119582564038646	0.147610625723587	0.0673350700976167	0.0103535419960902	-0.172969748865046
-0.0268341235310894	0.162387730799621	-0.117669567999737	0.145602286752494	0.0666245579736297	0.0102034529876754	-0.170680152999239
-0.0267952518874197	0.160259933386969	-0.11576557557939	0.143601591639555	0.0659126588452435	0.0100548848617809	-0.168400034423811
-0.026755840246302	0.158139241766876	-0.113870693518072	0.141608688580759	0.0651995201711572	0.00990782933292197	-0.166129542122162
-0.0267158968407382	0.15602583957836	-0.111985028392628	0.1396237255583	0.0644852889934148	0.00976227806397313	-0.163868825091381
-0.0266754302931047	0.153919910213902	-0.110108686614809	0.137646850333313	0.0637701119147312	0.00961822267176423	-0.161618032330543
-0.0266344496053226	0.151821636803424	-0.108241774429025	0.135678210438728	0.0630541350764777	0.00947565473272815	-0.159377312829536
-0.0265929641487108	0.149731202198288	-0.10638439791039	0.133717953172131	0.0623375041367916	0.00933456578850454	-0.157146815557836
-0.0265509836529934	0.147648788955421	-0.104536662963644	0.131766225588846	0.061620364248732	0.00919494735146958	-0.154926689453344
-0.0265085181970405	0.145574579321931	-0.102698675320745	0.129823174494992	0.060902860039237	0.00905679091033769	-0.152717083411737
-0.0264655781979251	0.143508755219566	-0.100870540539936	0.127888946440688	0.0601851355878243	0.00892008793563027	-0.15051814627554
-0.0264221744008051	0.141451498229583	-0.0990523640042876	0.125963687713358	0.0594673344058533	0.00878482988515938	-0.14833002682359
-0.0263783178685792	0.13940298957775	-0.0972442509205344	0.124047544331125	0.0587495994159942	0.00865100820945714	-0.14615287376058
-0.026334019971801	0.137363410119653	-0.0954463063178621	0.122140662036328	0.0580320729320906	0.0085186143571864	-0.143986835706851
-0.0262892923786215	0.135332940326156	-0.093658635046742	0.120243186289092	0.0573148966393057	0.00838763978049678	-0.141832061188281
-0.0262441470440934	0.133311760269014	-0.091881341778471	0.118355262261075	0.0565982115743945	0.00825807594030855	-0.139688698626249
-0.0261985962004796	0.131300049606906	-0.0901145310040297	0.116477034829295	0.055882158106599	0.00812991431159928	-0.13755689632798
-0.0261526523468524	0.129297987571496	-0.0883583070336033	0.114608648570039	0.0551668759186142	0.00800314638859524	-0.135436802476837
-0.0261063282393987	0.127305752953975	-0.0866127739957684	0.112750247752962	0.0544525039881342	0.00787776368995621	-0.133328565123047
-0.0260596368814158	0.125323524091666	-0.0848780358369758	0.110901976335217	0.0537391805695799	0.00775375776387743	-0.131232332174402
-0.026012591512522	0.123351478854775	-0.0831541963218743	0.109063977955794	0.053027043175936	0.00763112019308583	-0.129148251387003
-0.0259652055998128	0.121389794633752	-0.0814413590321899	0.107236395929895	0.0523162285615164	0.0075098425998904	-0.127076470356626
-0.0259174928279484	0.119438648326729	-0.0797396273666558	0.105419373243504	0.0516068727047491	0.00738991665110483	-0.125017136510025
-0.0258694670887037	0.117498216327018	-0.0780491045414643	0.103613052548047	0.0508991107910989	0.0072713340628646	-0.122970397096199
-0.0258211424723191	0.11556867451132	-0.0763698935895051	0.1018175761552	0.0501930771969368	0.00715408660548635	-0.120936399178373
-0.0257725332569446	0.113650198227714	-0.0747020973612116	0.100033086031809	0.0494889054731196	0.00703816610813504	-0.118915289625565
-0.0257236538999376	0.111742962284376	-0.0730458185241644	0.0982597237949793	0.0487867283295408	0.00692356446353276	-0.116907215104903
-0.0256745190282838	0.1098471409383	-0.0714011595634892	0.0964976307072517	0.0480866776197277	0.00681027363253128	-0.114912322073795
-0.0256251434291385	0.107962907884363	-0.0697682227823625	0.0947469476719664	0.0473888843258545	0.00669828564861442	-0.112930756772361
-0.0255755420411778	0.106090436244815	-0.0681471103020333	0.0930078152287354	0.0466934785443657	0.00658759262236789	-0.110962665216236
-0.0255257299448845	0.104229898558828	-0.0665379240628656	0.0912803735491061	0.0460005894716373	0.00647818674579807	-0.109008193189277
-0.0254757223543267	0.102381466772573	-0.0649407658243033	0.0895647624322604	0.0453103453904444	0.00637006029665438	-0.107067486236768
-0.0254255346078311	0.100545312229467	-0.0633557371660072	0.087861121301031	0.0446228736565095	0.00626320564259919	-0.105140689658651
-0.0253751821594839	0.0987216056607384	-0.0617829394883738	0.0861695891979069	0.0439383006856276	0.00615761524533206	-0.103227948502997
-0.0253246805705464	0.0969105171763504	-0.0602224740133814	0.0844903047812854	0.0432567519411785	0.00605328166462053	-0.101329407559731
-0.0252740455014589	0.0951122162563074	-0.0586744417851193	0.082823406321844	0.0425783519221958	0.0059501975622699	-0.0994452113546588
-0.0252232927028785	0.0933268717420266	-0.0571389436712454	0.0811690316990762	0.0419032241515078	0.00584835570593703	-0.0975755041433993
-0.0251724380081285	0.0915546518283456	-0.0556160803635363	0.0795273183979958	0.0412314911647262	0.00574774897293451	-0.0957204299059136
-0.0251214973246686	0.0897957240555514	-0.0541059523793429	0.0778984035059715	0.0405632744992917	0.00564837035387126	-0.0938801323408893
-0.0250704866267091	0.0880502553020342	-0.0526086600623857	0.0762824237097745	0.0398986946843046	0.00555021295626606	-0.0920547548606888
-0.0250194219477372	0.0863184117771426	-0.0511243035837354	0.0746795152927283	0.0392378712306935	0.00545327000804611	-0.0902444405863754
-0.0249683193719828	0.0846003590141453	-0.0496529829438496	0.0730898141320787	0.0385809226214566	0.00535753486088251	-0.088449332342682
-0.0249171950282614	0.0828962618640195	-0.0481947979729096	0.0715134556964979	0.0379279663030623	0.00526300099355932	-0.0866695726537865
-0.0248660650816474	0.0812062844890482	-0.0467498483330461	0.0699505750437814	0.0372791186765517	0.00516966201510592	-0.0849053037386819
-0.0248149457275139	0.0795305903572663	-0.045318233518891	0.0684013068186978	0.0366344950898092	0.00507751166796136	-0.0831566675073714
-0.0247638531836019	0.0778693422367495	-0.0439000528598499	0.0668657852510225	0.0359942098295986	0.0049865438309107	-0.0814238055566947
-0.0247128036839262	0.0762227021906744	-0.0424954055211538	0.0653441441537679	0.0353583761146153	0.00489675252202121	-0.0797068591668799
-0.0246618134720376	0.0745908315724821	-0.041104390505547	0.0638365169215442	0.0347271060887187	0.00480813190142405	-0.078005969298037
-0.02461089879474	0.0729738910214883	-0.039727106654834	0.0623430365291249	0.0341005108147341	0.00472067627401176	-0.0763212765869923
-0.0245600758955791	0.0713720404587778	-0.0383636526518071	0.0608638355302164	0.0334787002686055	0.00463438009200674	-0.074652921344261
-0.0245093610094951	0.0697854390836413	-0.0370141270214141	0.0593990460563639	0.0328617833343233	0.00454923795748283	-0.073001043551481
-0.0244587703561135	0.0682142453700638	-0.0356786281332201	0.0579487998161003	0.0322498677988501	0.00446524462468845	-0.0713657828587028
-0.0244083201342437	0.0666586170637361	-0.0343572542030454	0.0565132280941993	0.0316430603478276	0.00438239500232353	-0.0697472785821177
-0.0243580265172546	0.0651187111796966	-0.0330501032942008	0.0550924617512155	0.0310414665620282	0.00430068415575344	-0.0681456697023209
-0.0243079056466617	0.0635946839997806	-0.0317572733202146	0.0536866312231305	0.0304451909136176	0.00422010730899058	-0.0665610948621583
-0.0242579736274041	0.062086691070832	-0.0304788620464733	0.0522958665212239	0.0298543367634027	0.00414065984666222	-0.0649936923652739
-0.0242082465231225	0.0605948872032721	-0.0292149670920709	0.0509202972321688	0.0292690063585231	0.00406233731585553	-0.0634436001748711
-0.0241587403508816	0.0591194264697957	-0.0279656859322228	0.0495600525182591	0.0286893008303624	0.0039851354278066	-0.0619109559124327
-0.0241094710771799	0.0576604622047355	-0.0267311158998964	0.0482152611178649	0.0281153201933215	0.00390905005954616	-0.0603958968570237
-0.0240604546133951	0.0562181470036367	-0.0255113541880781	0.0468860513461011	0.0275471633438483	0.0038340772553878	-0.0588985599446325
-0.024011706810805	0.0547926327230478	-0.0243064978525456	0.0455725510956808	0.0269849280597573	0.00376021322826919	-0.0574190817675623
-0.0239632434579216	0.0533840704811681	-0.0231166438130139	0.0442748878379486	0.0264287110007231	0.00368745436110611	-0.0559575985746373
-0.0239150802753131	0.0519926106582738	-0.0219418888564491	0.0429931886241543	0.0258786077084155	0.00361579720787393	-0.0545142462709231
-0.0238672329130773	0.0506184028980674	-0.0207823296384786	0.0417275800868928	0.025334712607913	0.00354523849472279	-0.0530891604183409
-0.0238197169467167	0.0492615961090244	-0.0196380626862631	0.0404781884417878	0.0247971190090562	0.00347577512087325	-0.0516824762360566
-0.0237725478740231	0.0479223384662733	-0.0185091844007336	0.0392451394893408	0.0242659191085497	0.0034074041594473	-0.0502943286012962
-0.023725741111844	0.0466007774138266	-0.0173957910591412	0.0380285586170289	0.0237412039924862	0.00334012285816785	-0.0489248520503557
-0.0236793119934063	0.0452970596672718	-0.0162979788173502	0.0368285708015978	0.0232230636394872	0.00327392863996748	-0.0475741807799395
-0.0236332757655371	0.0440113312167293	-0.0152158437123529	0.0356453006115241	0.022711586924238	0.00320881910346297	-0.0462424486486081
-0.0235876475864558	0.0427437373303807	-0.014149481664607	0.0344788722097732	0.0222068616216877	0.0031447920233438	-0.0449297891786672
-0.0235424425223021	0.041494422557931	-0.0130989884814433	0.0333294093566725	0.0217089744112465	0.00308184535055453	-0.0436363355577758
-0.0234976755465297	0.0402635307352115	-0.012064459858536	0.0321970354131068	0.021218010882403	0.00301997721252992	-0.0423622206416686
-0.0234533615365446	0.0390512049883846	-0.0110459913836164	0.0310818733438479	0.0207340555398637	0.00295918591313547	-0.0411075769561984
-0.0234095152731922	0.0378575877391669	-0.0100436785381536	0.0299840457210995	0.0202571918100652	0.00289946993265402	-0.0398725367003614
-0.0233661514378886	0.0366828207099447	-0.00905761670114087	0.0289036747283565	0.0197875020474146	0.00284082792751155	-0.0386572317489595
-0.0233232846118767	0.0355270449295789	-0.00808790115126908	0.027840882164336	0.0193250675416075	0.00278325872999852	-0.0374617936558766
-0.0232809292750836	0.0343904007396492	-0.00713462706975292	0.0267957894473002	0.0188699685253423	0.00272676134785157	-0.0362863536576234
-0.0232390998045262	0.033273027800756	-0.00619788954352932	0.0257685176194313	0.0184222841822709	0.00267133496367593	-0.0351310426767533
-0.0231978104740245	0.0321750650996292	-0.00527778356774371	0.0247591873515662	0.0179820926558849	0.00261697893432972	-0.033995991325984
-0.0231570754526722	0.031096650956225	-0.00437440404932293	0.0237679189480923	0.0175494710584308	0.00256369279010675	-0.0328813299120886
-0.0231169088053946	0.0300379230316683	-0.00348784580910399	0.022794832352069	0.0171244954809545	0.00251147623392229	-0.0317871884405606
-0.023077324491211	0.0289990183360204	-0.00261820358593493	0.021840047150591	0.016707241003072	0.00246032914023911	-0.0307136966198385
-0.0230383363644586	0.0279800732371068	-0.00176557203865797	0.0209036825803853	0.0162977817041554	0.00241025155404906	-0.0296609838665581
-0.0229999581731086	0.026981223469018	-0.000930045750534018	0.0199858575336446	0.0158961906740451	0.00236124368955981	-0.0286291793101847
-0.0229622035609976	0.0260026041418388	-0.000111719230748594	0.0190866905640402	0.0155025400254645	0.00231330592899138	-0.0276184117988756
-0.0229250860659089	0.0250443497508262	0.000689313080612888	0.018206299893038	0.015116900905589	0.00226643882100819	-0.0266288099044491
-0.0228886191215189	0.0241065941868492	0.0014729568104326	0.0173448034164373	0.0147393435093194	0.00222064307926053	-0.0256605019286144
-0.0228528160572821	0.0231894707466044	0.00223911764873448	0.0165023187110563	0.0143699370923197	0.00217591958067994	-0.0247136159087178
-0.0228176900999487	0.0222931121437314	0.00298770134582048	0.0156789630417984	0.0140087499851061	0.00213226936375882	-0.0237882796242969
-0.0227832543732858	0.0214176505197483	0.00371861370794118	0.0148748533688455	0.013655849606979	0.0020896936266	-0.0228846206032033
-0.0227495219005214	0.0205632174560191	0.00443176059488793	0.0140901063551183	0.0133113024813103	0.00204819372501104	-0.0220027661287083
-0.0227165056047524	0.019729943985624	0.00512704791581372	0.0133248383739941	0.0129751742506524	0.00200777117036114	-0.0211428432462537
-0.0226842183103338	0.0189179606058358	0.00580438162563817	0.0125791655172767	0.0126475296926369	0.00196842762738023	-0.0203049787706809
-0.0226526727448149	0.0181273972910371	0.00646366772175638	0.0118532036033597	0.0123284327365011	0.00193016491187124	-0.0194892992937526
-0.0226218815404667	0.0173583835059485	0.00710481224022395	0.0111470681856726	0.0120179464799693	0.00189298498828441	-0.0186959311917971
-0.022591857235742	0.016611048219203	0.00772772125172825	0.0104608745613676	0.0117161332065864	0.00185688996717251	-0.0179250006335242
-0.0225626122783825	0.0158855199176602	0.00833230085868733	0.00979473778023716	0.011423054404048	0.0018218821026279	-0.017176633588479
-0.0225341590258983	0.0151819266205035	0.00891845719011048	0.00914877265391212	0.0111387707821745	0.00178796378945118	-0.0164509558349925
-0.0225065097492522	0.0145003958944068	0.00948609639883577	0.00852309376525449	0.0108633422923718	0.00175513756039434	-0.0157480929691656
-0.0224796766345159	0.0138410548686684	0.010035124656959	0.00791781547807219	0.0105968281469461	0.00172340608317327	-0.0150681704135605
-0.0224536717856839	0.0132040302509052	0.0105654481520763	0.0073330519470044	0.0103392868392382	0.00169277215743286	-0.0144113134263242
-0.0224285072272697	0.0125894483431578	0.0110769730831147	0.00676891712774377	0.0100907761642026	0.00166323871159142	-0.0137776471105411
-0.0224041949071391	0.011997435058335	0.0115696056562642	0.00622552478742833	0.00985135323951062	0.00163480879958318	-0.0131672964237573
-0.0223807466990855	0.0114281159370668	0.0120432520804661	0.00570298851537597	0.0096210745270898	0.00160748559747891	-0.0125803861877271
-0.0223581744069506	0.0108816161652208	0.0124978185640109	0.00520142173400269	0.00939999585561538	0.00158127240008408	-0.0120170410987101
-0.0223364897662014	0.0103580605912378	0.0129332113089593	0.00472093771003856	0.00918817244268644	0.00155617261727788	-0.0114773857373012
-0.0223157044490188	0.00985757374466779	0.0133493365081424	0.00426164956599609	0.00898565891861648	0.00153218977045036	-0.0109615445794339
-0.0222958300660757	0.0093802798542924	0.013746100339438	0.00382367029188684	0.00879250934964377	0.00150932748863337	-0.0104696420066465
-0.0222768781714551	0.00892630286740573	0.0141234089623002	0.00340711275723407	0.00860877726265709	0.00148758950471061	-0.0100018023174638
-0.0222588602655856	0.00849576646894248	0.0144811685126466	0.00301208972328585	0.00843451566974983	0.00146697965139767	-0.00955814973835716
-0.022241787799169	0.00808879410134117	0.0148192850982581	0.00263871385560085	0.00826977709363392	0.00144750185717863	-0.00913880843530473
-0.0222256721771558	0.00770550898466162	0.0151376647941838	0.00228709773676806	0.00811461359350933	0.0014291601421303	-0.00874390252542078
-0.0222105247628824	0.00734603413723739	0.015436213638017	0.00195735387949619	0.00796907679152683	0.00141195861365347	-0.00837355608894771
-0.0221963568820562	0.00701049239666949	0.0157148376249091	0.00164959473996053	0.00783321789969809	0.0013959014620868	-0.00802789318139727
-0.0221831798270232	0.00669900644121247	0.0159734427027012	0.00136393273136149	0.00770708774737311	0.00138099295622669	-0.00770703784591021
-0.0221710048612002	0.00641169881164337	0.0162119347669819	0.00110048023780274	0.00759073680929563	0.00136723743875214	-0.00741111412592182
-0.0221598432238764	0.00614869193364927	0.0164302196562446	0.00085934962847871	0.00748421523429882	0.00135463932156561	-0.00714024607817562
-0.0221497061340495	0.00591010814027723	0.0166282031462286	0.000640653272038765	0.00738757287415825	0.00134320308096436	-0.00689455778556709
-0.0221406047958097	0.00569606969528316	0.0168057909451906	0.000444503551355693	0.0073008593135074	0.00133293325280221	-0.00667417337076873
-0.0221325504027896	0.00550669881653778	0.0169628886883968	0.000271012878459587	0.00722412389991854	0.00132383442748282	-0.00647921700967893
-0.0221255541436856	0.00534211770014741	0.0170994019332426	0.000120293709807629	0.00715741577486874	0.00131591124491161	-0.00630981294544173
-0.022119627206152	0.00520244854462859	0.017215236152918	-7.54143813108156e-06	0.00710078390471536	0.00130916838924432	-0.00616608550226037
-0.0221147807831734	0.00508781357601642	0.0173102967318941	-0.000112379973060054	0.00705427711296748	0.00130361058367192	-0.0060481591000563
-0.0221110260777742	0.00499833507298644	0.0173844889599597	-0.000194109210755669	0.00701794411254711	0.00129924258499816	-0.00595615826887613
-0.0221083743078606	0.00493413539248748	0.0174377180261437	-0.000252616358615632	0.00699183353864811	0.00129606917811895	-0.00589020766362126
-0.0221068367123592	0.00489533699604851	0.0174698890135262	-0.000287788498958557	0.00697599398252531	0.00129409517046683	-0.00585043207931032
-0.0221064245576993	0.00488206247655061	0.0174809068941846	-0.000299512572060978	0.0069704740259156	0.0012933253863645	-0.00583695646662268
-0.0221065784374786	0.0048815907512973	0.0174813161009431	-0.000299474888367082	0.0069701300065827	0.00129315933731441	-0.00583667249454111
-0.0221067319833685	0.00488111899231106	0.0174817250128757	-0.000299437205031444	0.00696978591906593	0.00129299329109586	-0.00583638846441152
-0.0221068851950219	0.00488064719953722	0.0174821336296976	-0.000299399522054834	0.00696944176327501	0.00129282724769543	-0.00583610437615521
-0.0221070380726622	0.00488017537305085	0.0174825419515715	-0.00029936183944207	0.00696909753930088	0.00129266120713304	-0.00583582022984838
-0.0221071906161922	0.00487970351285683	0.0174829499784066	-0.000299324157193269	0.00696875324713381	0.00129249516941007	-0.00583553602548288
-0.0221073428259584	0.00487923161905754	0.0174833577104632	-0.000299286475314825	0.0069684088869037	0.00129232913455365	-0.00583525176316747
-0.0221074947015681	0.00487875969159217	0.0174837651474166	-0.000299248793803199	0.0069680644585073	0.00129216310254782	-0.00583496744281562
-0.0221076462432767	0.00487828773054296	0.0174841722894549	-0.000299211112663547	0.0069677199620458	0.00129199707341448	-0.00583468306451204
-0.0221077974512851	0.00487781573598054	0.0174845791367232	-0.000299173431899991	0.00696737539760333	0.00129183104717229	-0.00583439862832724
-0.0221079483254846	0.00487734370790659	0.0174849856891215	-0.000299135751512889	0.00696703076516614	0.00129166502382186	-0.00583411413424958
-0.0221080988656596	0.00487687164629956	0.0174853919464655	-0.000299098071500994	0.00696668606468699	0.0012914990033575	-0.00583382958223951
-0.0221082490722591	0.00487639955128444	0.0174857979090963	-0.000299060391871906	0.00696634129632794	0.00129133298581237	-0.00583354497243281
-0.0221083989450938	0.00487592742284548	0.0174862035768504	-0.000299022712624783	0.00696599646005007	0.00129116697118238	-0.00583326030479679
-0.0221085484841818	0.00487545526101246	0.0174866089497282	-0.000298985033761478	0.00696565155587964	0.00129100095947548	-0.00583297557935338
-0.0221086976897929	0.00487498306587083	0.0174870140279293	-0.000298947355287317	0.00696530658392226	0.00129083495071437	-0.00583269079619109
-0.0221088465617856	0.0048745108374152	0.0174874188113279	-0.000298909677202065	0.00696496154415393	0.00129066894489768	-0.00583240595528972
-0.022108995100079	0.00487403857565365	0.017487823299846	-0.000298871999506245	0.00696461643656974	0.0012905029420276	-0.00583212105664517
-0.0221091433049741	0.00487356628067844	0.0174882274937082	-0.000298834322205552	0.00696427126128517	0.00129033694212862	-0.00583183610035417
-0.0221092911764164	0.0048730939525035	0.0174886313928571	-0.000298796645300779	0.00696392601830359	0.00129017094520444	-0.00583155108641943
-0.0221094387141078	0.00487262159108871	0.0174890349970434	-0.000298758968789775	0.0069635807075516	0.00129000495124461	-0.00583126601477954
-0.0221095859187721	0.00487214919661973	0.0174894383068257	-0.000298721292683743	0.00696323532927785	0.00128983896029819	-0.00583098088564275
-0.0221097327899511	0.00487167676902106	0.0174898413218277	-0.000298683616978365	0.00696288988335836	0.00128967297234536	-0.00583069569890504
-0.0221098793278071	0.00487120430835464	0.0174902440421641	-0.000298645941677248	0.00696254436986502	0.00128950698740254	-0.00583041045462674
-0.0221100255323952	0.0048707318146582	0.0174906464678646	-0.000298608266782842	0.00696219878883558	0.00128934100547975	-0.00583012515283936
-0.0221101714037818	0.00487025928797211	0.017491048598968	-0.000298570592297746	0.00696185314031144	0.0012891750265877	-0.00582983979357762
-0.0221103169417554	0.00486978672827584	0.017491450435293	-0.000298532918220595	0.00696150742424663	0.00128900905072099	-0.00582955437680299
-0.0221104621467376	0.0048693141356878	0.0174918519771595	-0.000298495244558838	0.00696116164079431	0.00128884307791111	-0.00582926890264368
-0.0221106070184941	0.00486884151018207	0.0174922532243684	-0.000298457571311008	0.00696081578990111	0.0012886771081512	-0.005828983371055
-0.0221107515571867	0.00486836885182019	0.0174926541770338	-0.000298419898480792	0.00696046987163855	0.00128851114145754	-0.00582869778209685
-0.0221108957628539	0.0048678961606365	0.0174930548351726	-0.000298382226070264	0.00696012388603935	0.00128834517783927	-0.0058284121357965
-0.0221110396353515	0.00486742343662466	0.0174934551986567	-0.000298344554079371	0.00695977783307834	0.00128817921729482	-0.00582812643213298
-0.0221111831750039	0.00486695067988217	0.0174938552677292	-0.000298306882513782	0.00695943171287829	0.00128801325984992	-0.00582784067120901
-0.0221113263817579	0.00486647789042274	0.0174942550423342	-0.000298269211374743	0.00695908552544275	0.00128784730550836	-0.00582755485302756
-0.0221114692554945	0.00486600506824603	0.0174946545223639	-0.000298231540662021	0.00695873927075474	0.00128768135426993	-0.00582726897757447
-0.0221116117964153	0.00486553221342208	0.0174950537079639	-0.000298193870380077	0.00695839294889823	0.00128751540615337	-0.00582698304491989
-0.0221117540046013	0.00486505932599422	0.0174954525991847	-0.000298156200531707	0.00695804655991893	0.0012873494611701	-0.00582669705510223
-0.0221118958798517	0.00486458640594428	0.0174958511958537	-0.000298118531115604	0.00695770010377429	0.00128718351931531	-0.00582641100808569
-0.0221120374224376	0.00486411345335728	0.0174962494981716	-0.000298080862137222	0.00695735358056984	0.00128701758061155	-0.00582612490395875
-0.022112178632346	0.00486364046825612	0.0174966475061146	-0.000298043193597945	0.00695700699032199	0.00128685164506492	-0.00582583874273508
-0.0221123195094703	0.00486316745064302	0.0174970452195844	-0.000298005525497959	0.00695666033301753	0.00128668571267603	-0.00582555252440358
-0.0221124600541602	0.00486269440062045	0.0174974426388442	-0.000297967857843584	0.00695631360878685	0.00128651978347201	-0.0058252662490735
-0.0221126002661731	0.00486222131816062	0.0174978397636883	-0.000297930190633279	0.00695596681757395	0.00128635385744557	-0.0058249799166978
-0.0221127401455415	0.00486174820329643	0.0174982365941288	-0.000297892523868957	0.00695561995940951	0.00128618793460538	-0.00582469352730231
-0.0221128796923543	0.00486127505607297	0.0174986331302223	-0.000297854857553494	0.00695527303434176	0.00128602201496339	-0.00582440708092732
-0.0221130189069667	0.00486080187659392	0.0174990293722362	-0.000297817191693262	0.0069549260425028	0.00128585609854708	-0.00582412057768348
-0.0221131577888791	0.00486032866477496	0.0174994253197616	-0.000297779526283205	0.0069545789837558	0.00128569018533416	-0.00582383401745609
-0.022113296338467	0.0048598554207243	0.017499820973082	-0.00029774186132994	0.00695423185823921	0.00128552427535325	-0.00582354740036112
-0.0221134345557887	0.00485938214448032	0.0175002163322297	-0.00029770419683585	0.00695388466599166	0.00128535836861451	-0.00582326072643092
-0.022113572440675	0.00485890883603126	0.0175006113970575	-0.000297666532800359	0.00695353740698021	0.00128519246511487	-0.00582297399563793
-0.0221137099933932	0.0048584354954615	0.017501006167763	-0.000297628869228568	0.00695319008130924	0.00128502656487667	-0.00582268720806946
-0.0221138472136523	0.00485796212273256	0.0175014006441025	-0.000297591206118294	0.00695284268890752	0.00128486066788976	-0.00582240036366591
-0.0221139841020001	0.00485748871799039	0.0175017948264958	-0.000297553543478353	0.00695249522996756	0.00128469477419266	-0.00582211346258846
-0.0221141206580066	0.00485701528116596	0.0175021887145889	-0.000297515881304685	0.00695214770437444	0.00128452888376717	-0.00582182650474084
-0.0221142568819239	0.00485654181234025	0.0175025823085679	-0.000297478219602251	0.0069518001122277	0.00128436299663476	-0.0058215394902064
-0.0221143927738232	0.00485606831155417	0.0175029756084756	-0.000297440558373673	0.00695145245356989	0.0012841971128062	-0.00582125241902075
-0.0221145283336438	0.00485559477882001	0.0175033686142502	-0.000297402897619677	0.00695110472840222	0.00128403123228475	-0.00582096529118495
-0.0221146635614122	0.00485512121416911	0.017503761325899	-0.000297365237342132	0.00695075693675326	0.00128386535507869	-0.00582067810672277
-0.0221147984572892	0.00485464761766212	0.0175041537435361	-0.000297327577545025	0.00695040907869375	0.00128369948120408	-0.0058203908656936
-0.0221149330212182	0.00485417398931207	0.0175045458671028	-0.000297289918229011	0.00695006115422611	0.00128353361066437	-0.0058201035680993
-0.0221150672531366	0.00485370032913083	0.017504937696536	-0.000297252259394853	0.00694971316335095	0.00128336774346266	-0.00581981621394047
-0.0221152011533998	0.00485322663722159	0.0175053292321037	-0.000297214601049079	0.00694936510620006	0.00128320187962631	-0.00581952880332735
-0.0221153347216883	0.00485275291353967	0.0175057204735391	-0.000297176943188918	0.00694901698269314	0.00128303601914343	-0.00581924133619288
-0.0221154679583059	0.00485227915817719	0.0175061114210695	-0.000297139285820005	0.006948668792946	0.00128287016203837	-0.00581895381263378
-0.0221156008631525	0.00485180537113758	0.0175065020746019	-0.000297101628942705	0.00694832053694721	0.0012827043083121	-0.00581866623264072
-0.0221157334363927	0.00485133155248237	0.0175068924342532	-0.000297063972560693	0.00694797221476874	0.0012825384579808	-0.00581837859627376
-0.0221158656778611	0.00485085770220082	0.0175072824998788	-0.000297026316673277	0.00694762382637888	0.00128237261104161	-0.00581809090350633
-0.0221159975877085	0.00485038382035085	0.0175076722715847	-0.000296988661284335	0.0069472753718448	0.00128220676750986	-0.00581780315439476
-0.0221161291660708	0.0048499099069883	0.0175080617494649	-0.000296951006396977	0.00694692685122976	0.00128204092740031	-0.00581751534899204
-0.022116260412801	0.00484943596210569	0.0175084509333896	-0.000296913352011127	0.00694657826450737	0.00128187509071101	-0.00581722748727592
-0.022116391328316	0.00484896198581999	0.0175088398236753	-0.000296875698133824	0.00694622961182876	0.00128170925747278	-0.00581693956937306
-0.0221165219120713	0.0048484879780371	0.0175092284198775	-0.000296838044759411	0.00694588089304303	0.00128154342766079	-0.00581665159515707
-0.0221166521646043	0.00484801393890033	0.017509616722408	-0.000296800391896469	0.00694553210833917	0.00128137760131284	-0.00581636356478611
-0.0221167820855736	0.00484753986835988	0.0175100047309833	-0.000296762739542309	0.00694518325762988	0.00128121177841578	-0.0058160754781872
-0.0221169116752584	0.00484706576650246	0.0175103924458108	-0.000296725087702045	0.00694483434102308	0.00128104595899256	-0.00581578733545051
-0.0221170409337677	0.00484659163337707	0.0175107798669634	-0.00029668743637885	0.00694448535857292	0.00128088014305598	-0.00581549913662157
-0.0221171698609526	0.00484611746897649	0.0175111669943098	-0.000296649785572244	0.00694413631025276	0.00128071433060422	-0.00581521088167803
-0.0221172984569736	0.00484564327336093	0.0175115538279636	-0.000296612135286076	0.00694378719613302	0.00128054852165314	-0.00581492257067864
-0.0221174267216007	0.00484516904650547	0.0175119403677292	-0.000296574485518702	0.00694343801616158	0.00128038271619612	-0.00581463420358001
-0.0221175546553986	0.00484469478855894	0.0175123266140403	-0.000296536836279298	0.00694308877053571	0.00128021691427241	-0.00581434578054713
-0.0221176822579114	0.0048442204994467	0.0175127125665226	-0.00029649918756345	0.00694273945913229	0.00128005111586236	-0.00581405730147705
-0.0221178095293646	0.00484374617924356	0.0175130982253411	-0.000296461539375554	0.00694239008204228	0.00127988532098562	-0.00581376876644578
-0.0221179364698127	0.00484327182798641	0.0175134835905257	-0.000296423891718099	0.00694204063930259	0.00127971952965188	-0.00581348017548433
-0.0221180630793009	0.00484279744571047	0.0175138686620986	-0.000296386244593211	0.00694169113094752	0.00127955374187052	-0.00581319152862131
-0.0221181893578872	0.00484232303245359	0.0175142534400926	-0.000296348598003261	0.00694134155701524	0.00127938795765141	-0.00581290282588871
-0.0221183153054751	0.00484184858821972	0.0175146379244176	-0.000296310951948579	0.00694099191749534	0.00127922217699565	-0.00581261406727791
-0.0221184409222636	0.00484137411307781	0.0175150221152179	-0.000296273306433259	0.00694064221247038	0.00127905639992134	-0.00581232525285793
-0.0221185662081538	0.00484089960703125	0.0175154060124018	-0.000296235661457665	0.00694029244192925	0.00127889062642934	-0.00581203638261935
-0.0221186911633413	0.00484042507014803	0.0175157896161109	-0.000296198017025931	0.00693994260595329	0.0012787248565376	-0.00581174745663047
-0.0221188157879163	0.00483995050247296	0.0175161729264032	-0.000296160373140898	0.00693959270459065	0.0012785590902579	-0.00581145847493153
-0.0221189400815448	0.00483947590395812	0.0175165559430009	-0.000296122729799627	0.00693924273775657	0.00127839332757754	-0.0058111694374515
-0.0221190640448434	0.00483900127476347	0.0175169386663789	-0.000296085087011994	0.00693889270566434	0.00127822756853872	-0.00581088034436904
-0.022119187677174	0.00483852661477467	0.0175173210960184	-0.000296047444770899	0.00693854260813378	0.00127806181311121	-0.00581059119553317
-0.0221193109790579	0.00483805192413077	0.0175177032323192	-0.000296009803084964	0.00693819244534829	0.00127789606133167	-0.00581030199109755
-0.0221194339503662	0.0048375772028286	0.0175180850751657	-0.000295972161954099	0.00693784221728729	0.00127773031319921	-0.00581001273104497
-0.0221195565912069	0.00483710245091688	0.0175184666246301	-0.000295934521381242	0.00693749192400458	0.00127756456872667	-0.0058097234154203
-0.0221196789014749	0.00483662766839776	0.0175188478806159	-0.000295896881366615	0.00693714156548712	0.00127739882791457	-0.00580943404421279
-0.022119800881472	0.00483615285536221	0.0175192288433489	-0.000295859241915749	0.00693679114184937	0.00127723309078685	-0.00580914461751816
-0.0221199225309829	0.00483567801178839	0.017519609512645	-0.000295821603027206	0.00693644065304375	0.00127706735733767	-0.00580885513529664
-0.0221200438503207	0.00483520313776945	0.0175199898887391	-0.000295783964707014	0.00693609009918816	0.00127690162759163	-0.00580856559764693
-0.0221201648391595	0.00483472823325938	0.0175203699713599	-0.000295746326952247	0.00693573948020035	0.00127673590153652	-0.00580827600450007
-0.0221202854978469	0.00483425329835909	0.0175207497607692	-0.000295708689769153	0.00693538879620909	0.00127657017919892	-0.00580798635596395
-0.0221204058261977	0.00483377833305315	0.0175211292568071	-0.000295671053156727	0.00693503804717615	0.00127640446057464	-0.00580769665200659
-0.0221205258244746	0.00483330333742415	0.0175215084596684	-0.00029563341711998	0.00693468723320383	0.00127623874568545	-0.00580740689271359
-0.0221206454926251	0.00483282831148522	0.0175218873692985	-0.00029559578166	0.00693433635429533	0.00127607303453479	-0.00580711707808756
-0.0221207648306783	0.00483235325526793	0.0175222659857068	-0.000295558146778603	0.00693398541047961	0.00127590732713093	-0.00580682720815283
-0.0221208838386124	0.00483187816879243	0.017522644308863	-0.000295520512477009	0.00693363440176963	0.00127574162347905	-0.00580653728292027
-0.0221210025164437	0.00483140305208729	0.0175230223387668	-0.000295482878757007	0.00693328332819032	0.00127557592358672	-0.00580624730241066
-0.0221211208644201	0.00483092790523143	0.0175234000756012	-0.000295445245623544	0.00693293218983907	0.00127541022747465	-0.00580595726670556
-0.0221212388824893	0.00483045272823851	0.0175237775193116	-0.000295407613077424	0.00693258098671929	0.00127524453514641	-0.00580566717580796
-0.0221213565705417	0.00482997752110946	0.017524154669798	-0.000295369981118712	0.00693222971881642	0.00127507884660212	-0.00580537702970545
-0.0221214739287773	0.00482950228391291	0.0175245315272057	-0.00029533234975164	0.00693187838621287	0.00127491316185988	-0.00580508682846712
-0.0221215909570721	0.00482902701664666	0.017524908091423	-0.000295294718976136	0.00693152698888949	0.00127474748091901	-0.00580479657207701
-0.0221217076558482	0.00482855171942781	0.0175252843627714	-0.0002952570887993	0.00693117552699833	0.00127458180381032	-0.00580450626066232
-0.0221218240246874	0.00482807639218968	0.0175256603409062	-0.000295219459217267	0.00693082400042791	0.00127441613051618	-0.00580421589412974
-0.0221219400638983	0.00482760103502489	0.0175260360260587	-0.000295181830235432	0.00693047240929487	0.0012742504610609	-0.00580392547257691
-0.0221220557733695	0.00482712564793361	0.0175264114181275	-0.000295144201854164	0.00693012075358376	0.00127408479544451	-0.00580363499599097
-0.0221221711532746	0.00482665023097891	0.017526786517237	-0.000295106574077073	0.00692976903336887	0.00127391913368355	-0.005803344464434
-0.0221222862036502	0.00482617478419333	0.017527161323403	-0.00029506894690638	0.0069294172486812	0.00127375347578654	-0.00580305387793201
-0.0221224009243298	0.00482569930756563	0.0175275358364804	-0.000295031320341216	0.0069290653994884	0.00127358782175036	-0.00580276323645789
-0.0221225153157031	0.00482522380120531	0.0175279100567649	-0.000294993694388579	0.00692871348593198	0.00127342217160392	-0.00580247254013014
-0.0221226293774263	0.00482474826506254	0.0175282839839708	-0.000294956069045131	0.00692836150792417	0.0012732565253339	-0.00580218178887532
-0.0221227431098763	0.00482427269924408	0.0175286576183837	-0.000294918444317658	0.0069280094656025	0.00127309088296844	-0.0058018909828085
-0.0221228565128548	0.00482379710373159	0.0175290309598333	-0.000294880820204945	0.00692765735892456	0.00127292524450257	-0.00580160012189419
-0.0221229695866214	0.00482332147860643	0.0175294040085122	-0.000294843196711981	0.00692730518799126	0.00127275960995768	-0.00580130920621695
-0.0221230823308731	0.00482284582382732	0.0175297767641672	-0.000294805573836297	0.00692695295272736	0.0012725939793228	-0.0058010182357136
-0.022123194746188	0.00482237013954488	0.0175301492272431	-0.000294767951587232	0.0069266006533334	0.00127242835263759	-0.00580072721055228
-0.0221233068320354	0.00482189442566833	0.0175305213973066	-0.000294730329959182	0.00692624828966287	0.001272262729878	-0.00580043613061014
-0.0221234185887928	0.00482141868230471	0.0175308932746435	-0.000294692708958619	0.00692589586185359	0.00127209711107211	-0.00580014499600271
-0.0221235300163482	0.00482094290945432	0.017531264859152	-0.000294655088585615	0.00692554336989009	0.00127193149621994	-0.00579985380671682
-0.0221236411149216	0.00482046710718968	0.0175316361509934	-0.000294617468844777	0.00692519081386072	0.00127176588534059	-0.00579956256282673
-0.0221237518843281	0.00481999127549547	0.0175320071500079	-0.000294579849734927	0.00692483819372731	0.00127160027842978	-0.00579927126430022
-0.0221238623246765	0.00481951541441972	0.0175323778562688	-0.000294542231259336	0.00692448550954325	0.00127143467550024	-0.00579897991118211
-0.0221239724362453	0.00481903952404813	0.0175327482699838	-0.000294504613422981	0.0069241327614155	0.00127126907657433	-0.00579868850356199
-0.0221240822187903	0.00481856360435209	0.0175331183909462	-0.000294466996224186	0.00692377994928705	0.00127110348164444	-0.0057983970413921
-0.022124191672377	0.00481808765537038	0.017533488219195	-0.000294429379665559	0.00692342707319794	0.0012709378907208	-0.00579810552470583
-0.0221243007971509	0.00481761167715938	0.0175338577548323	-0.00029439176375042	0.00692307413321312	0.00127077230381806	-0.0057978139535578
-0.0221244095931938	0.00481713566976171	0.0175342269979099	-0.000294354148481268	0.00692272112937792	0.00127060672094732	-0.00579752232798581
-0.0221245180603746	0.00481665963317335	0.017534595948311	-0.000294316533858047	0.00692236806167066	0.00127044114210749	-0.00579723064797174
-0.0221246261988511	0.0048161835674533	0.0175349646061475	-0.000294278919884281	0.00692201493016026	0.00127027556731402	-0.00579693891357333
-0.0221247340085991	0.0048157074726208	0.0175353329713873	-0.000294241306561328	0.00692166173485861	0.00127010999657185	-0.00579664712480044
-0.0221248414895622	0.0048152313486884	0.0175357010439726	-0.00029420369388971	0.0069213084757676	0.00126994442988412	-0.00579635528165471
-0.0221249486422984	0.00481475519580186	0.0175360688243327	-0.00029416608187861	0.00692095515308114	0.00126977886728928	-0.00579606338429853
-0.0221250554662364	0.00481427901386168	0.0175364363120018	-0.000294128470521795	0.00692060176664012	0.00126961330876087	-0.0057957714325986
-0.0221251619616501	0.0048138028029518	0.017536803507184	-0.000294090859824527	0.00692024831654952	0.00126944775432092	-0.00579547942664292
-0.0221252681285813	0.00481332656310605	0.0175371704098994	-0.000294053249788844	0.00691989480284195	0.0012692822039783	-0.0057951873664587
-0.0221253739670502	0.00481285029435326	0.0175375370201511	-0.000294015640416497	0.00691954122554311	0.00126911665774041	-0.00579489525206755
-0.0221254794771268	0.00481237399673337	0.0175379033379817	-0.000293978031709943	0.00691918758469442	0.00126895111561769	-0.00579460308350407
-0.0221255846588002	0.0048118976702684	0.0175382693633694	-0.000293940423670546	0.00691883388031177	0.00126878557761579	-0.00579431086078154
-0.0221256895122892	0.0048114213150306	0.0175386350964747	-0.00029390281630265	0.00691848011248308	0.00126862004375366	-0.00579401858397371
-0.0221257940372539	0.00481094493097023	0.0175390005370153	-0.00029386520960353	0.00691812628112129	0.00126845451401811	-0.00579372625300756
-0.0221258982342661	0.00481046851823648	0.0175393656854315	-0.000293827603582003	0.00691777238642477	0.00126828898844828	-0.0057934338680493
-0.0221260021030125	0.00480999207678559	0.017539730541462	-0.000293789998235537	0.00691741842831487	0.0012681234670325	-0.0057931414290329
-0.0221261056434201	0.00480951560662619	0.017540095105036	-0.000293752393564608	0.00691706440678813	0.00126795794977295	-0.00579284893595563
-0.0221262088560448	0.00480903910790337	0.0175404593765813	-0.000293714789578315	0.00691671032203758	0.00126779243670777	-0.00579255638897909
-0.0221263117402142	0.00480856258049585	0.0175408233555518	-0.000293677186268901	0.00691635617387259	0.00126762692780476	-0.00579226378794358
-0.0221264142964825	0.00480808602454806	0.0175411870423741	-0.000293639583645568	0.00691600196248554	0.00126746142310196	-0.00579197113301028
-0.0221265165248052	0.00480760944007534	0.0175415504369999	-0.00029360198170885	0.00691564768788214	0.00126729592260316	-0.00579167842418387
-0.0221266184251817	0.00480713282710139	0.0175419135394159	-0.000293564380460668	0.00691529335008116	0.00126713042631461	-0.00579138566148019
-0.0221267199976784	0.00480665618566549	0.0175422763496618	-0.000293526779903078	0.00691493894912293	0.00126696493424643	-0.00579109284493292
-0.0221268212420278	0.00480617951573361	0.0175426388675127	-0.000293489180034322	0.00691458448494301	0.00126679944638957	-0.0057907999744881
-0.0221269221589473	0.00480570281748616	0.0175430010935245	-0.000293451580865208	0.00691422995778495	0.00126663396279139	-0.00579050705034974
-0.02212702274782	0.00480522609081357	0.0175433630271951	-0.000293413982389052	0.00691387536747529	0.00126646848342286	-0.0057902140723725
-0.0221271230089487	0.00480474933580578	0.0175437246687518	-0.000293376384611496	0.00691352071412783	0.0012663030083076	-0.00578992104065178
-0.0221272229424804	0.00480427255251946	0.0175440860182983	-0.000293338787535763	0.00691316599780798	0.0012661375374603	-0.0057896279552422
-0.0221273225483106	0.00480379574095592	0.017544447075739	-0.000293301191162211	0.00691281121850214	0.00126597207088124	-0.0057893348161325
-0.0221274218264237	0.00480331890113614	0.0175448078410484	-0.000293263595492097	0.00691245637622469	0.00126580660857581	-0.00578904162333471
-0.0221275207771184	0.00480284203314944	0.0175451683144507	-0.000293226000530751	0.00691210147108829	0.00126564115056735	-0.00578874837694314
-0.022127619399975	0.00480236513692904	0.0175455284956003	-0.000293188406274195	0.00691174650298108	0.00126547569683811	-0.00578845507686411
-0.0221277176956428	0.00480188821264008	0.0175458883849991	-0.000293150812732516	0.00691139147212502	0.0012653102474315	-0.00578816172328347
-0.0221278156636982	0.00480141126021497	0.0175462479822986	-0.000293113219901587	0.00691103637840705	0.00126514480232952	-0.00578786831610661
-0.022127913304346	0.00480093427972245	0.0175466072876481	-0.000293075627785588	0.00691068122191032	0.0012649793615501	-0.00578757485540316
-0.0221280106176115	0.00480045727119232	0.0175469663010551	-0.000293038036386421	0.00691032600266199	0.00126481392510104	-0.0057872813411958
-0.0221281076036252	0.00479998023467717	0.0175473250226102	-0.00029300044570719	0.00690997072072199	0.00126464849299588	-0.00578698777353465
-0.0221282042622361	0.00479950317016844	0.0175476834521809	-0.000292962855747472	0.00690961537606228	0.00126448306523234	-0.00578669415239646
-0.0221283005935849	0.00479902607772095	0.0175480415898659	-0.000292925266510658	0.006909259968746	0.00126431764182463	-0.00578640047783391
-0.0221283965977649	0.00479854895737927	0.0175483994357265	-0.000292887677999265	0.00690890449882156	0.00126415222278434	-0.00578610674988755
-0.0221284922749364	0.00479807180920207	0.0175487569898769	-0.000292850090217263	0.0069085489663579	0.00126398680812685	-0.00578581296861521
-0.0221285876247332	0.00479759463313456	0.0175491142520142	-0.000292812503160893	0.00690819337126008	0.00126382139783738	-0.00578551913393735
-0.022128682647549	0.0047971174292861	0.0175494712224377	-0.000292774916837084	0.00690783771367006	0.00126365599194473	-0.00578522524597272
-0.0221287773432301	0.00479664019764772	0.0175498279010128	-0.000292737331245189	0.00690748199355906	0.00126349059044632	-0.00578493130469746
-0.0221288717118734	0.0047961629382644	0.0175501842878035	-0.000292699746388092	0.00690712621097626	0.0012633251933538	-0.0057846373101526
-0.022128965753733	0.00479568565121551	0.0175505403829986	-0.000292662162270499	0.00690677036602023	0.00126315980068798	-0.00578434326242065
-0.0221290594685444	0.00479520833646787	0.0175508961863757	-0.000292624578890526	0.00690641445862746	0.00126299441243985	-0.00578404916144854
-0.0221291528564013	0.00479473099406606	0.0175512516979964	-0.000292586996250734	0.00690605848884638	0.00126282902862104	-0.00578375500727676
-0.0221292459176268	0.00479425362410397	0.0175516069181042	-0.00029254941435711	0.00690570245679669	0.00126266364925611	-0.00578346080000558
-0.0221293386521239	0.00479377622658513	0.0175519618466094	-0.000292511833209506	0.00690534636246748	0.00126249827434575	-0.00578316653962584
-0.0221294310595721	0.0047932988014639	0.0175523164832452	-0.000292474252805413	0.00690499020577759	0.00126233290387783	-0.00578287222606958
-0.0221295231403365	0.00479282134884353	0.0175526708282884	-0.000292436673151166	0.00690463398686003	0.00126216753787935	-0.00578257785944822
-0.0221296148944542	0.0047923438687563	0.0175530248817557	-0.00029239909424861	0.0069042777057455	0.00126200217635865	-0.00578228343978747
-0.0221297063219901	0.00479186636124028	0.017553378643686	-0.000292361516100057	0.00690392136247326	0.0012618368193255	-0.00578198896712003
-0.0221297974229127	0.0047913888263128	0.0175537321140416	-0.000292323938706647	0.00690356495705248	0.00126167146678433	-0.00578169444145388
-0.0221298881973211	0.00479091126401934	0.0175540852928885	-0.000292286362071109	0.00690320848953315	0.00126150611874695	-0.0057813998628307
-0.0221299786452205	0.00479043367438499	0.017554438180218	-0.00029224878619507	0.00690285195993578	0.00126134077521976	-0.00578110523126771
-0.0221300687664909	0.00478995605740796	0.0175547907759224	-0.00029221121107837	0.00690249536824203	0.0012611754362021	-0.00578081054674955
-0.0221301585617387	0.00478947841324377	0.01755514308047	-0.000292173636730283	0.00690213871466017	0.00126101010173471	-0.00578051580945058
-0.0221302480302642	0.0047890007417646	0.0175554950932932	-0.000292136063143328	0.0069017819989907	0.00126084477178376	-0.00578022101920387
-0.0221303371723487	0.00478852304305539	0.0175558468146024	-0.000292098490322709	0.00690142522134037	0.00126067944637151	-0.00577992617609863
-0.0221304259883977	0.00478804531722824	0.0175561982447067	-0.000292060918275001	0.00690106838185478	0.00126051412552712	-0.00577963128025697
-0.0221305144780932	0.00478756756423822	0.0175565493833412	-0.000292023346997541	0.00690071148045363	0.00126034880923866	-0.0057793363316115
-0.0221306026415922	0.00478708978414321	0.0175569002306178	-0.000291985776493895	0.00690035451720477	0.00126018349752114	-0.00577904133021922
-0.0221306904788929	0.00478661197696665	0.0175572507865226	-0.000291948206765687	0.00689999749212654	0.00126001819038062	-0.00577874627609534
-0.022130777989927	0.00478613414271812	0.0175576010509887	-0.000291910637813167	0.00689964040521677	0.00125985288781931	-0.00577845116923808
-0.0221308651750562	0.00478565628149961	0.0175579510242905	-0.000291873069642715	0.00689928325660705	0.00125968758986393	-0.00577815600975756
-0.0221309520340397	0.00478517839328292	0.0175583007062242	-0.000291835502252667	0.00689892604624111	0.00125952229650681	-0.00577786079760692
-0.0221310385671462	0.00478470047815011	0.0175586500969907	-0.000291797935648075	0.00689856877422168	0.00125935700776944	-0.00577756553287198
-0.0221311247742109	0.00478422253608973	0.0175589991964464	-0.000291760369827911	0.00689821144051642	0.00125919172364846	-0.00577727021552564
-0.0221312106552826	0.00478374456713604	0.0175593480046177	-0.00029172280479462	0.00689785404515931	0.0012590264441528	-0.00577697484559643
-0.0221312962104804	0.00478326657133876	0.0175596965215863	-0.000291685240550998	0.00689749658820633	0.00125886116929528	-0.00577667942313129
-0.0221313814398761	0.00478278854873721	0.0175600447473967	-0.000291647677099704	0.00689713906969873	0.00125869589908611	-0.00577638394816466
-0.0221314663435885	0.00478231049938114	0.0175603926821307	-0.00029161011444348	0.00689678148969248	0.00125853063353808	-0.00577608842074346
-0.022131550921353	0.00478183242323717	0.0175607403255657	-0.000291572552580418	0.00689642384812391	0.00125836537264223	-0.00577579284081441
-0.022131635173398	0.0047813543203785	0.0175610876778704	-0.000291534991514964	0.00689606614508301	0.00125820011641764	-0.0057754972084528
-0.0221317190997662	0.00478087619083815	0.0175614347390662	-0.000291497431249275	0.00689570838060192	0.00125803486487282	-0.00577520152368559
-0.0221318027006604	0.00478039803468393	0.0175617815093014	-0.000291459871787227	0.00689535055476269	0.00125786961802529	-0.00577490578658148
-0.022131885975893	0.00477991985189908	0.0175621279884148	-0.000291422313127951	0.00689499266752567	0.0012577043758705	-0.0057746099971073
-0.022131968925411	0.00477944164249608	0.0175624741763517	-0.000291384755272131	0.00689463471889319	0.00125753913841154	-0.00577431415526499
-0.0221320515498018	0.00477896340662549	0.0175628200735657	-0.00029134719822903	0.00689427670906699	0.00125737390568773	-0.00577401826122349
-0.0221321338484181	0.00477848514417127	0.0175631656795307	-0.00029130964199157	0.00689391863786414	0.00125720867766842	-0.00577372231482963
-0.022132215821555	0.00477800685522126	0.0175635109944685	-0.000291272086564896	0.00689356050539558	0.00125704345437638	-0.00577342631617633
-0.0221322974695765	0.00477752853987741	0.0175638560186552	-0.000291234531955566	0.00689320231179314	0.00125687823583833	-0.00577313026537394
-0.0221323787920173	0.00477705019806345	0.0175642007517093	-0.000291196978158618	0.00689284405693096	0.0012567130220339	-0.00577283416231712
-0.0221324597892451	0.00477657182988229	0.0175645451939101	-0.000291159425180417	0.00689248574094213	0.00125654781298995	-0.00577253800711726
-0.0221325404612674	0.00477609343535936	0.017564889345251	-0.000291121873022566	0.00689212736384777	0.00125638260871296	-0.00577224179979217
-0.0221326208080563	0.00477561501451234	0.0175652332056975	-0.000291084321686181	0.0068917689256579	0.00125621740920742	-0.0057719455403501
-0.0221327008297883	0.00477513656740319	0.0175655767753771	-0.000291046771174831	0.00689141042644626	0.00125605221448926	-0.00577164922885296
-0.0221327805261819	0.00477465809399492	0.0175659200540541	-0.000291009221486337	0.00689105186614397	0.00125588702454861	-0.00577135286524289
-0.022132859897697	0.00477417959441031	0.017566263042081	-0.000290971672628217	0.00689069324491282	0.0012557218394175	-0.00577105644965556
-0.0221329389439367	0.00477370106858735	0.0175666057391303	-0.000290934124596834	0.00689033456264782	0.00125555665907948	-0.00577075998200304
-0.0221330176652918	0.00477322251663431	0.0175669481454998	-0.000290896577398546	0.00688997581948959	0.0012553914835627	-0.00577046346240294
-0.022133096061784	0.00477274393857951	0.0175672902611944	-0.000290859031035041	0.00688961701546345	0.00125522631287435	-0.00577016689087667
-0.0221331741331931	0.00477226533439902	0.0175676320860268	-0.000290821485505038	0.0068892581505195	0.00125506114700797	-0.00576987026738222
-0.0221332518798132	0.00477178670417991	0.017567973620218	-0.000290783940813849	0.0068888992247679	0.00125489598598625	-0.00576957359201205
-0.0221333293015857	0.00477130804793333	0.0175683148637093	-0.000290746396961998	0.00688854023820922	0.00125473082981179	-0.00576927686476656
-0.0221334063985093	0.00477082936568261	0.017568655816487	-0.000290708853950876	0.00688818119086159	0.00125456567849051	-0.00576898008566094
-0.022133483170827	0.0047703506575038	0.0175689964787317	-0.000290671311785217	0.00688782208281932	0.00125440053204218	-0.00576868325477418
-0.0221335596182788	0.00476987192336432	0.0175693368502247	-0.000290633770463061	0.00688746291402004	0.00125423539045805	-0.00576838637205411
-0.0221336357410637	0.00476939316333104	0.0175696769311118	-0.000290596229988269	0.0068871036845445	0.00125407025375534	-0.00576808943756821
-0.0221337115392718	0.0047689143774465	0.0175700167214517	-0.000290558690363702	0.00688674439443906	0.00125390512194511	-0.00576779245135547
-0.0221337870130283	0.00476843556576167	0.0175703562213317	-0.000290521151592204	0.00688638504376149	0.00125373999504041	-0.0057674954134642
-0.0221338621620911	0.00476795672824767	0.0175706954305472	-0.000290483613672219	0.00688602563245491	0.00125357487303352	-0.00576719832384685
-0.0221339369868694	0.00476747786501649	0.0175710343494109	-0.000290446076610434	0.00688566616066536	0.00125340975595353	-0.00576690118262557
-0.0221340114869684	0.00476699897600661	0.0175713729775967	-0.000290408540402974	0.00688530662828853	0.001253244643784	-0.00576660398971317
-0.022134085662709	0.00476652006131056	0.0175717113153472	-0.000290371005055646	0.00688494703544273	0.00125307953654909	-0.00576630674520866
-0.0221341595140786	0.00476604112094912	0.0175720493626402	-0.000290333470569811	0.00688458738214265	0.00125291443425402	-0.00576600944912437
-0.0221342330411432	0.00476556215496047	0.0175723871195155	-0.000290295936947373	0.00688422766842751	0.00125274933690844	-0.00576571210149311
-0.0221343062438934	0.00476508316336553	0.0175727245859536	-0.000290258404190081	0.00688386789431265	0.00125258424451778	-0.00576541470232778
-0.0221343791224111	0.00476460414620573	0.017573061762007	-0.00029022087230021	0.0068835080598422	0.00125241915709256	-0.00576511725166537
-0.0221344516767062	0.00476412510350699	0.0175733986476714	-0.000290183341279146	0.00688314816503796	0.0012522540746393	-0.00576481974952406
-0.0221345239070771	0.00476364603535645	0.0175737352431713	-0.000290145811132542	0.00688278821001084	0.00125208899718074	-0.00576452219599685
-0.0221345958131246	0.00476316694169216	0.0175740715481777	-0.000290108281856297	0.00688242819465556	0.00125192392470025	-0.00576422459099542
-0.0221346673950343	0.00476268782257716	0.0175744075628255	-0.000290070753454563	0.00688206811904808	0.00125175885721424	-0.00576392693458358
-0.0221347386529997	0.00476220867807696	0.0175747432872561	-0.00029003322593096	0.00688170798326725	0.00125159379473956	-0.00576362922682725
-0.0221348095870488	0.00476172950822076	0.0175750787214794	-0.000289995699287444	0.00688134778734012	0.00125142873728368	-0.00576333146774908
-0.022134880197113	0.00476125031301722	0.0175754138654288	-0.000289958173524587	0.00688098753126378	0.00125126368484856	-0.00576303365734676
-0.0221349504833453	0.00476077109252276	0.0175757487192135	-0.000289920648645741	0.00688062721510437	0.00125109863744887	-0.00576273579567559
-0.0221350204456968	0.00476029184675045	0.0175760832827825	-0.000289883124651547	0.00688026683886519	0.00125093359508762	-0.00576243788273832
-0.0221350900840665	0.00475981257570163	0.0175764175560431	-0.000289845601542343	0.00687990640253304	0.00125076855776505	-0.00576213991852398
-0.0221351593988294	0.00475933327948062	0.0175767515392811	-0.000289808079324285	0.00687954590624313	0.00125060352550822	-0.00576184190314572
-0.0221352283898549	0.00475885395808267	0.0175770852323805	-0.000289770557997065	0.00687918534997323	0.00125043849831555	-0.00576154383658511
-0.0221352970571609	0.00475837461153501	0.0175774186353433	-0.000289733037562359	0.00687882473374732	0.00125027347619401	-0.00576124571886199
-0.0221353654007154	0.00475789523985417	0.0175777517481319	-0.000289695518021097	0.0068784640575739	0.0012501084591476	-0.00576094754998368
-0.0221354334206826	0.00475741584309869	0.0175780845708644	-0.000289657999376997	0.00687810332152227	0.00124994344719155	-0.00576064933000815
-0.0221355011172291	0.00475693642132776	0.017578417103661	-0.000289620481633566	0.00687774252566267	0.00124977844034102	-0.00576035105899429
-0.0221355684902463	0.00475645697454148	0.0175787493464232	-0.000289582964790677	0.00687738166997974	0.00124961343859581	-0.00576005273692918
-0.0221356355397366	0.00475597750276346	0.0175790812991407	-0.000289545448850004	0.00687702075449246	0.00124944844196185	-0.00575975436382875
-0.0221357022658879	0.00475549800605774	0.0175794129619507	-0.000289507933815063	0.00687665977927783	0.0012492834504556	-0.00575945593975741
-0.022135768668449	0.00475501848439359	0.0175797443346414	-0.000289470419684191	0.00687629874427603	0.00124911846406874	-0.0057591574646652
-0.0221358347478952	0.00475453893789607	0.0175800754175781	-0.000289432906465104	0.00687593764965292	0.00124895348283391	-0.00575885893869102
-0.0221359005038476	0.00475405936650739	0.0175804062104478	-0.000289395394154023	0.00687557649530924	0.00124878850673558	-0.00575856036175172
-0.0221359659365279	0.00475357977029843	0.0175807367134145	-0.000289357882755345	0.00687521528133227	0.00124862353579208	-0.00575826173392033
-0.0221360310461255	0.00475310014933311	0.0175810669266162	-0.000289320372272926	0.00687485400779904	0.00124845857001994	-0.00575796305526149
-0.022136095832554	0.00475262050361604	0.0175813968499724	-0.000289282862707109	0.00687449267470104	0.00124829360942009	-0.00575766432576803
-0.0221361602958225	0.00475214083317262	0.0175817264834782	-0.000289245354059258	0.00687413128205948	0.00124812865399885	-0.00575736554545768
-0.0221362244359911	0.00475166113803877	0.0175820558271689	-0.000289207846331645	0.00687376982991116	0.00124796370376539	-0.00575706671436139
-0.0221362882531194	0.00475118141825059	0.0175823848810802	-0.000289170339526497	0.00687340831829295	0.00124779875872899	-0.00575676783250992
-0.0221363517471703	0.00475070167382358	0.0175827136451701	-0.000289132833644479	0.00687304674721171	0.00124763381889325	-0.00575646889990909
-0.0221364149184858	0.00475022190485386	0.0175830421196983	-0.000289095328691833	0.00687268511679161	0.00124746888428327	-0.0057561699166629
-0.02213647776677	0.00474974211130144	0.0175833703044178	-0.000289057824665843	0.00687232342695926	0.00124730395488821	-0.00575587088270985
-0.0221365402919823	0.00474926229318084	0.0175836981992842	-0.000289020321567313	0.00687196167772029	0.0012471390307115	-0.00575557179805473
-0.0221366024945757	0.00474878245061234	0.017584025804645	-0.000288982819403682	0.00687159986923349	0.00124697411178454	-0.00575527266283047
-0.0221366643743496	0.00474830258357588	0.0175843531203291	-0.000288945318173797	0.00687123800145473	0.00124680919810175	-0.0057549734770002
-0.0221367259313872	0.00474782269211286	0.0175846801463904	-0.000288907817879892	0.00687087607442829	0.00124664428967364	-0.00575467424060101
-0.0221367871657332	0.00474734277625588	0.0175850068828523	-0.000288870318523961	0.00687051408818615	0.00124647938650845	-0.00575437495365961
-0.0221368480774221	0.0047468628360353	0.0175853333297302	-0.000288832820108048	0.00687015204275716	0.00124631448861394	-0.00575407561620015
-0.0221369086664086	0.00474638287146467	0.017585659486976	-0.000288795322632768	0.0068697899381455	0.00124614959599327	-0.00575377622822629
-0.0221369689328732	0.00474590288260578	0.0175859853547212	-0.000288757826101951	0.0068694277744253	0.00124598470866242	-0.00575347678979999
-0.022137028876683	0.00474542286945318	0.017586310932848	-0.000288720330515272	0.00686906555157355	0.00124581982661963	-0.00575317730090209
-0.0221370884982551	0.00474494283211953	0.0175866362216758	-0.000288682835879424	0.00686870326973786	0.00124565494989418	-0.00575287776165618
-0.0221371477973863	0.00474446277058423	0.0175869612210312	-0.000288645342193244	0.00686834092887331	0.00124549007848031	-0.00575257817202463
-0.022137206773921	0.00474398268483707	0.0175872859307785	-0.000288607849456064	0.00686797852894977	0.00124532521237509	-0.00575227853198222
-0.022137265428168	0.00474350257496732	0.017587610351151	-0.000288570357673162	0.00686761607008118	0.00124516035160153	-0.00575197884162443
-0.022137323760132	0.00474302244099902	0.0175879344821406	-0.000288532866846142	0.00686725355228718	0.00124499549616575	-0.00575167910096767
-0.0221373817697269	0.00474254228293672	0.0175882583236667	-0.000288495376975227	0.00686689097555912	0.00124483064606858	-0.00575137931000471
-0.0221374394572043	0.00474206210085737	0.0175885818759172	-0.000288457888065024	0.00686652833999312	0.00124466580132987	-0.00575107946881611
-0.0221374968225274	0.00474158189477609	0.017588905138851	-0.000288420400116492	0.00686616564559591	0.00124450096195332	-0.0057507795774075
-0.0221375538656549	0.00474110166470717	0.0175892281124232	-0.000288382913130347	0.00686580289237283	0.00124433612794234	-0.00575047963578328
-0.0221376105866383	0.00474062141068458	0.0175895507966629	-0.000288345427108701	0.00686544008035788	0.00124417129930551	-0.00575017964397207
-0.0221376669855665	0.00474014113275024	0.0175898731916286	-0.000288307942054152	0.00686507720959668	0.00124400647605353	-0.005749879602012
-0.0221377230626604	0.00473966083097467	0.017590195297484	-0.000288270457970792	0.0068647142801759	0.00124384165820455	-0.00574957950997573
-0.0221377788176299	0.00473918050531858	0.0175905171139866	-0.000288232974856329	0.00686435129202356	0.00124367684574796	-0.0057492793678029
-0.0221378342506533	0.00473870015584303	0.0175908386412662	-0.000288195492714491	0.00686398824521295	0.00124351203869946	-0.00574897917555499
-0.0221378893618084	0.00473821978258756	0.0175911598793725	-0.000288158011547725	0.00686362513978622	0.00124334723706917	-0.0057486789332673
-0.0221379441511325	0.00473773938558361	0.0175914808283233	-0.000288120531357492	0.00686326197577322	0.00124318244086484	-0.00574837864096481
-0.0221379986187031	0.00473725896487015	0.0175918014881683	-0.000288083052146537	0.00686289875321573	0.00124301765009647	-0.00574807829868249
-0.0221380527644871	0.00473677852046318	0.0175921218588692	-0.000288045573915777	0.00686253547212155	0.00124285286476797	-0.00574777790642699
-0.0221381065886211	0.00473629805241487	0.0175924419405227	-0.00028800809666821	0.00686217213255106	0.00124268808489263	-0.00574747746424879
-0.0221381600911406	0.00473581756075584	0.0175927617331451	-0.000287970620405658	0.00686180873453333	0.00124252331047815	-0.00574717697217231
-0.0221382132720962	0.00473533704551968	0.0175930812367647	-0.000287933145130229	0.00686144527810199	0.001242358541533	-0.00574687643022569
-0.0221382661311712	0.00473485650666138	0.017593400451118	-0.000287895670839246	0.00686108176317672	0.00124219377804512	-0.00574657583834176
-0.0221383186688922	0.00473437594431667	0.0175937193766115	-0.000287858197540692	0.00686071818993885	0.00124202902004965	-0.00574627519667225
-0.0221383708851156	0.00473389535847771	0.0175940380131192	-0.000287820725234193	0.00686035455836185	0.00124186426754432	-0.00574597450519508
-0.0221384227799322	0.00473341474918665	0.0175943563607015	-0.000287783253922291	0.00685999086849174	0.00124169952053976	-0.00574567376394874
-0.0221384743533093	0.00473293411645944	0.0175946744193204	-0.000287745783605802	0.00685962712033636	0.00124153477903981	-0.00574537297293985
-0.0221385256054384	0.00473245346035974	0.0175949921891164	-0.000287708314288767	0.00685926331397296	0.00124137004306091	-0.00574507213223306
-0.0221385765359948	0.00473197278084104	0.0175953096698194	-0.000287670845968142	0.00685889944931885	0.00124120531259042	-0.00574477124175926
-0.0221386271454685	0.00473149207803082	0.0175956268618072	-0.000287633378651786	0.00685853552654378	0.00124104058766148	-0.00574447030166047
-0.0221386774335835	0.00473101135189298	0.0175959437648485	-0.000287595912337428	0.00685817154558016	0.00124087586826431	-0.00574416931188019
-0.0221387274007342	0.00473053060253447	0.0175962603792449	-0.000287558447031523	0.00685780750656801	0.00124071115442654	-0.00574386827253569
-0.0221387770464578	0.00473004982987923	0.0175965767046168	-0.000287520982729487	0.00685744340938188	0.00124054644612795	-0.00574356718352192
-0.0221388263713206	0.00472956903407125	0.0175968927414024	-0.000287483519439777	0.00685707925421522	0.00124038174340586	-0.00574326604500087
-0.022138875375082	0.00472908821508167	0.0175972084893988	-0.000287446057160788	0.00685671504101122	0.00124021704625238	-0.00574296485692502
-0.022138924057967	0.00472860737298113	0.0175975239487729	-0.000287408595896973	0.00685635076985731	0.00124005235468578	-0.00574266361936764
-0.0221389724194616	0.00472812650768288	0.0175978391191044	-0.000287371135642742	0.0068559864406124	0.00123988766868285	-0.00574236233221044
-0.0221390204604116	0.00472764561939016	0.0175981540010538	-0.000287333676410545	0.00685562205355612	0.00123972298829655	-0.0057420609956878
-0.0221390681803411	0.00472716470802414	0.0175984685942311	-0.000287296218195503	0.00685525760855901	0.00123955831350585	-0.00574175960969118
-0.022139115579397	0.00472668377363889	0.0175987828987412	-0.000287258761000812	0.00685489310568441	0.00123939364432457	-0.0057414581742737
-0.0221391626578022	0.00472620281630454	0.0175990969147495	-0.000287221304830862	0.00685452854501901	0.00123922898077079	-0.00574115668950802
-0.0221392094153894	0.00472572183600826	0.0175994106421113	-0.00028718384968469	0.00685416392652894	0.00123906432284072	-0.00574085515536575
-0.0221392558521877	0.00472524083277883	0.0175997240808379	-0.000287146395564092	0.00685379925024098	0.0012388996705416	-0.0057405535718693
-0.0221393019683858	0.00472475980667939	0.0176000372310677	-0.00028710894247275	0.00685343451623146	0.00123873502388955	-0.00574025193908258
-0.0221393477639844	0.00472427875773221	0.0176003500927894	-0.000287071490412322	0.00685306972451803	0.00123857038289013	-0.00573995025702053
-0.0221393932388979	0.00472379768594237	0.0176006626659232	-0.000287034039382579	0.00685270487509237	0.00123840574754424	-0.0057396485256761
-0.0221394383934465	0.00472331659140037	0.017600974950712	-0.000286996589389383	0.00685233996807112	0.00123824111787526	-0.00573934674514701
-0.0221394832275051	0.00472283547410233	0.0176012869470445	-0.000286959140432209	0.00685197500343342	0.00123807649388181	-0.00573904491541577
-0.0221395277411214	0.00472235433408098	0.017601598654947	-0.000286921692513169	0.0068516099812117	0.00123791187557208	-0.00573874303650966
-0.022139571934286	0.00472187317135685	0.0176019100744004	-0.000286884245633531	0.0068512449014208	0.00123774726295119	-0.00573844110844102
-0.0221396158069583	0.00472139198594405	0.0176022212053605	-0.00028684679979385	0.00685087976406596	0.00123758265602226	-0.00573813913121426
-0.0221396593596647	0.00472091077797736	0.0176025320482343	-0.000286809355002452	0.00685051456932777	0.00123741805482043	-0.00573783710498068
-0.0221397025917083	0.00472042954733077	0.0176028426024559	-0.000286771911251608	0.00685014931700827	0.0012372534593122	-0.00573753502957449
-0.0221397455037937	0.00471994829417696	0.0176031528685738	-0.000286734468551824	0.00684978400734315	0.00123708886954248	-0.00573723290519315
-0.0221397880955902	0.004719467018468	0.0176034628463136	-0.000286697026900174	0.00684941864024778	0.00123692428549837	-0.00573693073176573
-0.0221398303672965	0.00471898572026892	0.0176037725358214	-0.00028665958630046	0.00684905321580141	0.0012367597071965	-0.00573662850935862
-0.0221398723189573	0.00471850439961176	0.0176040819371211	-0.000286622146754598	0.00684868773403547	0.00123659513464487	-0.00573632623799819
-0.0221399139503643	0.00471802305647455	0.0176043910500355	-0.000286584708261239	0.00684832219490321	0.00123643056783736	-0.00573602391764531
-0.0221399552620167	0.00471754169098638	0.0176046998749499	-0.000286547270828207	0.00684795659857678	0.0012362660068074	-0.00573572154844415
-0.0221399962535576	0.00471706030309361	0.0176050084115687	-0.000286509834452097	0.00684759094496339	0.00123610145154057	-0.005735419130317
-0.0221400369253466	0.00471657889289511	0.0176053166601663	-0.000286472399139118	0.00684722523419173	0.00123593690206243	-0.00573511666337175
-0.0221400772770284	0.00471609746033801	0.0176056246204487	-0.000286434964885801	0.00684685946616979	0.00123577235835867	-0.0057348141475312
-0.0221401173090975	0.00471561600555002	0.0176059322927971	-0.000286397531699886	0.00684649364106802	0.00123560782046242	-0.00573451158293828
-0.0221401570212807	0.0047151345284954	0.0176062396769831	-0.000286360099579177	0.00684612775881958	0.00123544328836387	-0.0057342089695369
-0.0221401964137276	0.00471465302922839	0.0176065467731136	-0.000286322668527053	0.00684576181948825	0.00123527876207695	-0.00573390630738061
-0.0221402354864939	0.00471417150778341	0.0176068535812216	-0.000286285238545419	0.00684539582310894	0.00123511424161018	-0.00573360359649857
-0.0221402742396645	0.00471368996420087	0.0176071601013629	-0.000286247809636718	0.00684502976972544	0.00123494972697376	-0.00573330083692755
-0.0221403126731118	0.00471320839847619	0.0176074663334245	-0.000286210381800596	0.00684466365931596	0.00123478521816617	-0.00573299802864919
-0.0221403507870997	0.0047127268106878	0.0176077722776046	-0.000286172955041866	0.00684429749197955	0.00123462071520752	-0.00573269517174664
-0.0221403885815399	0.00471224520083951	0.0176080779338214	-0.000286135529360534	0.00684393126770659	0.00123445621809836	-0.00573239226621167
-0.0221404260566089	0.00471176356899087	0.0176083833022038	-0.000286098104760548	0.00684356498656899	0.00123429172685404	-0.00573208931210478
-0.0221404632119612	0.00471128191509114	0.0176086883824653	-0.000286060681238395	0.00684319864847772	0.00123412724146075	-0.00573178630935117
-0.0221405000482436	0.00471080023930023	0.0176089931751088	-0.000286023258803855	0.00684283225365013	0.00123396276195999	-0.00573148325813302
-0.0221405365650117	0.00471031854154582	0.0176092976797694	-0.000285985837452636	0.00684246580196633	0.00123379828833248	-0.00573118015834994
-0.0221405727625812	0.00470983682191758	0.0176096018966865	-0.000285948417189933	0.00684209929354157	0.00123363382060123	-0.00573087701009838
-0.0221406086407374	0.00470935508039222	0.0176099058256779	-0.000285910998014328	0.00684173272832697	0.00123346935875976	-0.00573057381333751
-0.0221406441997329	0.00470887331704557	0.0176102094669329	-0.000285873579930503	0.00684136610641797	0.00123330490282757	-0.00573027056814733
-0.0221406794397932	0.00470839153194804	0.0176105128206194	-0.000285836162942666	0.00684099942790178	0.00123314045282264	-0.00572996727460076
-0.0221407143604826	0.00470790972502938	0.0176108158863792	-0.000285798747046375	0.00684063269266134	0.00123297600872617	-0.00572966393259983
-0.0221407489622643	0.00470742789641022	0.0176111186645694	-0.000285761332249002	0.00684026590085713	0.00123281157056939	-0.00572936054227907
-0.0221407832448638	0.00470694604605451	0.01761142115496	-0.000285723918548414	0.00683989905242183	0.00123264713834244	-0.00572905710358199
-0.0221408172084927	0.00470646417402976	0.0176117233577078	-0.000285686505948358	0.00683953214743842	0.00123248271206253	-0.00572875361657806
-0.0221408508531516	0.00470598228035814	0.017612025272802	-0.0002856490944504	0.00683916518592437	0.0012323182917351	-0.00572845008128214
-0.0221408841790322	0.00470550036510263	0.0176123269003833	-0.000285611684058258	0.00683879816795631	0.00123215387737624	-0.00572814649775825
-0.0221409171860738	0.00470501842827262	0.0176126282403922	-0.000285574274772505	0.00683843109353299	0.00123198946898798	-0.00572784286600543
-0.0221409498742693	0.00470453646988892	0.0176129292928113	-0.000285536866594221	0.00683806396266961	0.00123182506657538	-0.00572753918603644
-0.0221409822437985	0.00470405449001195	0.0176132300577724	-0.000285499459527061	0.00683769677543919	0.00123166067015377	-0.00572723545791237
-0.022141014294231	0.0047035724885726	0.0176135305349215	-0.000285462053566687	0.00683732953172619	0.00123149627970464	-0.00572693168153657
-0.0221410460264857	0.00470309046578795	0.0176138307249783	-0.000285424648726588	0.00683696223183166	0.00123133189528454	-0.00572662785716118
-0.0221410774398345	0.0047026084215258	0.017614130627352	-0.000285387244998344	0.00683659487554822	0.00123116751685832	-0.00572632398461246
-0.0221411085345257	0.00470212635586098	0.0176144302422287	-0.000285349842386632	0.0068362274629699	0.00123100314444518	-0.00572602006396934
-0.0221411393108636	0.00470164426888046	0.0176147295698391	-0.000285312440896518	0.00683585999420811	0.00123083877806746	-0.00572571609532496
-0.0221411697686934	0.00470116216057341	0.0176150286100485	-0.000285275040527403	0.00683549246923238	0.00123067441772191	-0.00572541207865393
-0.0221411999079133	0.00470068003094021	0.0176153273627646	-0.000285237641279328	0.00683512488802845	0.00123051006340824	-0.00572510801394436
-0.02214122972882	0.00470019788006634	0.017615625828212	-0.000285200243157233	0.00683475725070548	0.00123034571514831	-0.00572480390128761
-0.0221412592314091	0.00469971570797288	0.0176159240063758	-0.000285162846162421	0.00683438955727944	0.00123018137294723	-0.00572449974069713
-0.0221412884156306	0.00469923351467123	0.0176162218972048	-0.000285125450295653	0.00683402180775207	0.00123001703680762	-0.00572419553217438
-0.0221413172814378	0.00469875130017366	0.0176165195006504	-0.000285088055557556	0.00683365400212634	0.00122985270673226	-0.00572389127572182
-0.0221413458291658	0.00469826906457354	0.017616816816968	-0.000285050661953665	0.00683328614052305	0.00122968838274509	-0.00572358697144069
-0.0221413740587234	0.00469778680787331	0.0176171138460734	-0.000285013269484225	0.00683291822293121	0.00122952406484639	-0.00572328261932182
-0.0221414019700847	0.00469730453008983	0.0176174105879348	-0.000284975878150122	0.00683255024936021	0.00122935975304008	-0.00572297821937315
-0.0221414295633783	0.00469682223127246	0.0176177070426431	-0.000284938487954166	0.00683218221986708	0.00122919544733864	-0.0057226737716423
-0.0221414568385704	0.0046963399114359	0.01761800321016	-0.000284901098897466	0.00683181413445848	0.00122903114774556	-0.00572236927613501
-0.0221414837959005	0.00469585757065327	0.0176182990906648	-0.000284863710984141	0.00683144599322575	0.00122886685427941	-0.00572206473292779
-0.0221415104350736	0.00469537520888372	0.0176185946839114	-0.000284826324211946	0.00683107779609492	0.0012287025669292	-0.00572176014195869
-0.0221415367564842	0.00469489282623331	0.0176188899902022	-0.000284788938587007	0.00683070954320516	0.00122853828572216	-0.00572145550334425
-0.0221415627599212	0.00469441042267907	0.017619185009358	-0.000284751554107969	0.00683034123450848	0.00122837401065184	-0.00572115081704423
-0.0221415884455187	0.00469392799827149	0.0176194797414743	-0.000284714170777906	0.00682997287006343	0.00122820974173107	-0.00572084608310792
-0.0221416138134346	0.00469344555306612	0.0176197741866653	-0.000284676788600045	0.00682960444993604	0.00122804547897387	-0.00572054130159047
-0.0221416388635526	0.0046929630870603	0.0176200683448271	-0.000284639407574172	0.00682923597410755	0.00122788122237914	-0.00572023647247629
-0.0221416635959664	0.00469248060029583	0.017620362216023	-0.000284602027702807	0.00682886744262416	0.00122771697195735	-0.00571993159580393
-0.022141688010747	0.00469199809280961	0.0176206558002982	-0.00028456464898824	0.00682849885552476	0.00122755272771777	-0.00571962667160617
-0.0221417121078176	0.00469151556460769	0.0176209490975803	-0.000284527271430485	0.00682813021280314	0.00122738848966138	-0.00571932169987775
-0.0221417358874246	0.00469103301576394	0.017621242108054	-0.000284489895034241	0.00682776151455225	0.00122722425780723	-0.0057190166806965
-0.0221417593496349	0.00469055044631454	0.0176215348317614	-0.000284452519801565	0.00682739276080993	0.00122706003216424	-0.0057187116140942
-0.0221417824941484	0.00469006785621789	0.0176218272684522	-0.000284415145729837	0.00682702395150081	0.00122689581272109	-0.0057184065000078
-0.0221418053214363	0.00468958524559569	0.0176221194184904	-0.000284377772826472	0.00682665508678729	0.00122673159950921	-0.00571810133857323
-0.0221418278310964	0.00468910261438471	0.0176224112815444	-0.000284340401087516	0.00682628616656256	0.00122656739251158	-0.00571779612970104
-0.0221418500237521	0.00468861996273899	0.0176227028580992	-0.000284303030522105	0.00682591719103599	0.00122640319176796	-0.00571749087356667
-0.0221418718988516	0.00468813729056333	0.0176229941477043	-0.000284265661124698	0.00682554816005444	0.00122623899725309	-0.00571718557004186
-0.0221418934567409	0.00468765459795297	0.0176232851506239	-0.000284228292900945	0.00682517907374174	0.00122607480899142	-0.00571688021923043
-0.0221419146975825	0.00468717188496432	0.017623575866976	-0.000284190925854012	0.00682480993216517	0.00122591062699717	-0.00571657482118868
-0.0221419356211659	0.00468668915157457	0.017623866296582	-0.000284153559982618	0.00682444073527684	0.00122574645126398	-0.00571626937587648
-0.0221419562276594	0.00468620639784117	0.0176241564395645	-0.000284116195290209	0.00682407148314572	0.00122558228180642	-0.00571596388335167
-0.0221419765169567	0.00468572362376356	0.0176244462958277	-0.000284078831776635	0.00682370217575617	0.00122541811862382	-0.0057156583436012
-0.0221419964893389	0.00468524082942308	0.0176247358655841	-0.000284041469446714	0.00682333281321191	0.00122525396173702	-0.00571535275671188
-0.0221420161447795	0.00468475801483576	0.0176250251488015	-0.000284004108301532	0.00682296339552167	0.00122508981114979	-0.00571504712269115
-0.0221420354832848	0.00468427518002501	0.0176253141454736	-0.000283966748342265	0.00682259392270467	0.00122492566686771	-0.00571474144155512
-0.0221420545048985	0.00468379232502174	0.017625602855624	-0.000283929389570775	0.00682222439479128	0.00122476152889844	-0.00571443571332909
-0.0221420732096004	0.00468330944984343	0.0176258912792254	-0.000283892031988132	0.00682185481179229	0.00122459739724608	-0.00571412993802228
-0.0221420915975206	0.00468282655453952	0.0176261794163704	-0.000283854675597207	0.00682148517376491	0.00122443327192306	-0.00571382411568265
-0.0221421096687872	0.00468234363915873	0.0176264672671496	-0.000283817320400974	0.00682111548076553	0.00122426915294169	-0.00571351824635735
-0.0221421274233412	0.00468186070371045	0.0176267548315048	-0.000283779966399856	0.00682074573279298	0.0012241050403039	-0.00571321233004553
-0.0221421448610728	0.00468137774819315	0.0176270421093375	-0.000283742613593772	0.00682037592983046	0.00122394093400892	-0.00571290636673303
-0.0221421619823637	0.00468089477270941	0.0176273291009406	-0.000283705261988752	0.00682000607201263	0.00122377683408297	-0.00571260035653267
-0.0221421787870105	0.00468041177723782	0.0176276158061408	-0.000283667911583573	0.00681963615929367	0.00122361274052004	-0.00571229429940615
-0.0221421952750744	0.00467992876181314	0.0176279022249756	-0.000283630562380147	0.00681926619170947	0.0012234486533287	-0.00571198819538361
-0.0221422114466387	0.00467944572647458	0.0176281883575005	-0.000283593214381015	0.00681889616930259	0.00122328457251879	-0.00571168204450062
-0.0221422273020516	0.00467896267131752	0.0176284742039814	-0.000283555867591698	0.00681852609219731	0.00122312049811473	-0.0057113758468613
-0.0221422428406858	0.00467847959623105	0.0176287597639077	-0.000283518522005458	0.00681815596021732	0.00122295643008704	-0.00571106960231808
-0.0221422580631949	0.00467799650137506	0.0176290450377888	-0.000283481177631938	0.00681778577358089	0.00122279236847703	-0.00571076331105373
-0.0221422729694136	0.0046775133867361	0.0176293300254818	-0.00028344383447031	0.00681741553225392	0.00122262831328072	-0.00571045697303978
-0.0221422875594178	0.00467703025235211	0.0176296147270361	-0.000283406492522647	0.00681704523627686	0.00122246426450748	-0.00571015058831002
-0.0221423018330222	0.00467654709820549	0.0176298991422932	-0.000283369151787953	0.00681667488560951	0.00122230022215231	-0.00570984415683093
-0.0221423157905357	0.00467606392438308	0.0176301832714877	-0.000283331812271437	0.00681630448036379	0.00122213618623736	-0.00570953767869619
-0.0221423294320885	0.00467558073093408	0.0176304671147124	-0.00028329447397596	0.00681593402059679	0.00122197215677506	-0.00570923115395367
-0.0221423427573727	0.00467509751781496	0.017630750671711	-0.000283257136898889	0.00681556350623047	0.0012218081337535	-0.0057089245825381
-0.0221423557667324	0.00467461428512035	0.0176310339427464	-0.000283219801045709	0.00681519293738785	0.00122164411719692	-0.0057086179645524
-0.022142368459941	0.00467413103282355	0.0176313169276271	-0.000283182466415013	0.00681482231401581	0.00122148010709786	-0.00570831129995222
-0.0221423808374495	0.00467364776104155	0.0176315996267011	-0.000283145133013743	0.00681445163627009	0.00122131610348645	-0.005708004588868
-0.0221423928989152	0.00467316446972371	0.0176318820396846	-0.000283107800838585	0.00681408090406212	0.00122115210634889	-0.00570769783122558
-0.0221424046445299	0.00467268115893194	0.0176321641667193	-0.000283070469893465	0.00681371011746773	0.00122098811570087	-0.0057073910270885
-0.022142416074467	0.00467219782872458	0.017632446007932	-0.000283033140181604	0.00681333927655718	0.00122082413155716	-0.0057070841765156
-0.022142427188445	0.00467171447906356	0.0176327275630877	-0.000282995811700827	0.00681296838126054	0.00122066015390732	-0.00570677727944831
-0.0221424379869702	0.00467123111007734	0.0176330088325784	-0.000282958484458794	0.00681259743175049	0.00122049618278442	-0.00570647033603145
-0.0221424484696706	0.00467074772170909	0.0176332898160971	-0.000282921158451889	0.00681222642792942	0.00122033221817303	-0.00570616334618307
-0.0221424586367954	0.0046702643140326	0.0176335705138311	-0.000282883833684785	0.00681185536989063	0.0012201682600921	-0.0057058563099815
-0.0221424684883109	0.00466978088706264	0.0176338509257425	-0.000282846510158029	0.00681148425764073	0.00122000430854482	-0.00570554922743222
-0.022142478024306	0.00466929744083913	0.0176341310518911	-0.000282809187874162	0.00681111309122366	0.0012198403635412	-0.00570524209857219
-0.0221424872448214	0.00466881397539242	0.0176344108922984	-0.000282771866834813	0.00681074187066893	0.00121967642508865	-0.0057049349234259
-0.0221424961499315	0.0046683304907596	0.0176346904470126	-0.000282734547042175	0.00681037059601604	0.00121951249319632	-0.00570462770202676
-0.022142504739662	0.00466784698696736	0.0176349697160431	-0.000282697228497974	0.00680999926728957	0.00121934856787076	-0.00570432043439518
-0.0221425130140166	0.00466736346403832	0.0176352486993822	-0.00028265991120324	0.00680962788450765	0.00121918464911722	-0.00570401312054642
-0.0221425209731131	0.00466687992201839	0.0176355273971125	-0.000282622595160918	0.00680925644772298	0.00121902073694735	-0.00570370576052466
-0.0221425286167301	0.0046663963608825	0.0176358058090467	-0.000282585280369366	0.00680888495688432	0.00121885683135401	-0.00570339835428702
-0.0221425359454029	0.00466591278076498	0.0176360839356001	-0.000282547966836551	0.00680851341217302	0.00121869293237178	-0.00570309090198538
-0.0221425429587404	0.00466542918160477	0.0176363617764506	-0.000282510654558805	0.00680814181348549	0.00121852903998419	-0.00570278340353308
-0.0221425496570835	0.00466494556349511	0.0176366393318585	-0.000282473343541642	0.00680777016094324	0.00121836515421512	-0.0057024758590319
-0.0221425560402525	0.00466446192641947	0.0176369166016697	-0.000282436033784082	0.0068073984545077	0.0012182012750597	-0.00570216826844947
-0.022142562108442	0.00466397827044043	0.0176371935860284	-0.000282398725289659	0.00680702669425548	0.00121803740253373	-0.00570186063185004
-0.0221425678615361	0.00466349459555467	0.0176374702848314	-0.00028236141805839	0.00680665488016744	0.00121787353663594	-0.00570155294921763
-0.0221425732999431	0.00466301090186984	0.0176377466983929	-0.000282324112096457	0.00680628301238592	0.00121770967739376	-0.00570124522067152
-0.0221425784232933	0.0046625271893293	0.0176380228264075	-0.000282286807400459	0.00680591109081386	0.00121754582479201	-0.00570093744613036
-0.0221425832318112	0.00466204345800167	0.0176382986690433	-0.000282249503974543	0.00680553911553692	0.00121738197884805	-0.00570062962566596
-0.0221425877256112	0.00466155970793251	0.0176385742263803	-0.000282212201821262	0.00680516708660692	0.00121721813957322	-0.00570032175932177
-0.0221425919045526	0.00466107593911331	0.0176388494982958	-0.000282174900940184	0.00680479500399719	0.00121705430696483	-0.0057000138470754
-0.0221425957686852	0.00466059215157608	0.0176391244848182	-0.000282137601333033	0.00680442286773972	0.00121689048103066	-0.00569970588895381
-0.0221425993182567	0.00466010834539411	0.0176393991861342	-0.000282100303004302	0.00680405067792718	0.00121672666178941	-0.00569939788503454
-0.0221426025533171	0.00465962452059943	0.0176396736022728	-0.000282063005955669	0.00680367843459164	0.00121656284924876	-0.00569908983534454
-0.0221426054737094	0.00465914067718014	0.0176399477330979	-0.000282025710186522	0.00680330613770136	0.00121639904340523	-0.00569878173985717
-0.0221426080796311	0.00465865681519899	0.0176402215787561	-0.00028198841570062	0.00680293378733359	0.0012162352442746	-0.00569847359863725
-0.0221426103710038	0.00465817293466093	0.0176404951391741	-0.000281951122497996	0.00680256138348085	0.00121607145185763	-0.0056981654116785
-0.0221426123479493	0.00465768903561292	0.017640768414438	-0.000281913830581489	0.00680218892619723	0.00121590766616605	-0.00569785717902628
-0.0221426140105976	0.00465720511810317	0.0176410414046406	-0.000281876539954144	0.00680181641553898	0.00121574388721197	-0.00569754890072773
-0.0221426153587619	0.00465672118211405	0.0176413141096223	-0.000281839250614498	0.00680144385146556	0.00121558011499015	-0.00569724057674884
-0.022142616392696	0.00465623722772002	0.0176415865295742	-0.000281801962567157	0.00680107123407129	0.00121541634951958	-0.00569693220716875
-0.0221426171124966	0.00465575325496254	0.0176418586645629	-0.000281764675814596	0.0068006985634024	0.00121525259081054	-0.00569662379202613
-0.0221426175181086	0.00465526926385127	0.0176421305145334	-0.000281727390357283	0.0068003258394585	0.00121508883886496	-0.00569631533132085
-0.0221426176092982	0.0046547852543584	0.0176424020792888	-0.000281690106193364	0.0067999530621844	0.00121492509367507	-0.00569600682500643
-0.0221426173864078	0.00465430122657693	0.0176426733590911	-0.000281652823328535	0.00679958023170165	0.0012147613552646	-0.00569569827318492
-0.0221426168495112	0.00465381718054373	0.0176429443539882	-0.000281615541764831	0.00679920734804953	0.00121459762364263	-0.00569538967588917
-0.0221426159986125	0.00465333311628064	0.0176432150639725	-0.000281578261503586	0.00679883441124561	0.00121443389881435	-0.00569508103313401
-0.0221426148338992	0.00465284903384834	0.0176434854891829	-0.000281540982548398	0.00679846142136409	0.00121427018079502	-0.00569477234498154
-0.0221426133550936	0.00465236493320959	0.0176437556293871	-0.000281503704896898	0.00679808837833611	0.00121410646957439	-0.00569446361137407
-0.0221426115622828	0.00465188081440368	0.0176440254846438	-0.000281466428551413	0.00679771528220481	0.00121394276516218	-0.00569415483234792
-0.0221426094559144	0.00465139667754624	0.0176442950552991	-0.00028142915351878	0.0067973421331243	0.00121377906758797	-0.00569384600803201
-0.0221426070355429	0.00465091252256439	0.0176445643409869	-0.000281391879794537	0.00679696893097406	0.00121361537683223	-0.00569353713832554
-0.0221426043015792	0.0046504283495656	0.0176448333420242	-0.000281354607385273	0.00679659567589664	0.00121345169292247	-0.0056932282233479
-0.02214260125374	0.00464994415851151	0.0176451020581744	-0.000281317336288464	0.00679622236782156	0.00121328801584812	-0.00569291926304018
-0.022142597892315	0.00464945994948417	0.0176453704896575	-0.000281280066508908	0.00679584900685421	0.00121312434562996	-0.00569261025749055
-0.0221425942172944	0.00464897572250242	0.017645638636455	-0.000281242798047827	0.00679547559300795	0.00121296068227251	-0.00569230120671033
-0.0221425902287736	0.00464849147760759	0.0176459064986324	-0.000281205530907499	0.00679510212632849	0.00121279702578584	-0.00569199211073775
-0.0221425859266121	0.00464800721479089	0.0176461740760668	-0.000281168265087517	0.006794728606789	0.00121263337616721	-0.00569168296955035
-0.0221425813110973	0.00464752293413416	0.0176464413689766	-0.000281131000592472	0.00679435503449421	0.00121246973343735	-0.00569137378323612
-0.0221425763821129	0.0046470386356335	0.0176467083772584	-0.000281093737422331	0.00679398140942463	0.00121230609759473	-0.00569106455177841
-0.0221425711397152	0.00464655431932225	0.0176469751009464	-0.000281056475578796	0.00679360773161409	0.00121214246864747	-0.00569075527520579
-0.0221425655840994	0.00464606998526212	0.0176472415401854	-0.000281019215065675	0.00679323400113871	0.0012119788466111	-0.00569044595358214
-0.02214255971509	0.0046455856334373	0.0176475076948251	-0.000280981955881943	0.00679286021796105	0.00121181523148097	-0.00569013658687594
-0.0221425535328228	0.0046451012638973	0.0176477735649627	-0.000280944698030446	0.00679248638213906	0.0012116516232694	-0.00568982717513583
-0.0221425470374625	0.00464461687669781	0.017648039150719	-0.000280907441514443	0.00679211249373965	0.00121148802199037	-0.00568951771841788
-0.0221425402289332	0.00464413247184371	0.0176483044520228	-0.00028087018633418	0.00679173855275582	0.00121132442764457	-0.00568920821671636
-0.0221425331072243	0.00464364804935393	0.017648569468855	-0.000280832932490667	0.00679136455920075	0.00121116084023633	-0.00568889867004213
-0.0221425256725085	0.00464316360928539	0.0176488342013426	-0.000280795679987406	0.00679099051314355	0.00121099725978004	-0.00568858907845325
-0.0221425179246921	0.00464267915163956	0.0176490986494003	-0.000280758428824308	0.00679061641457183	0.00121083368627548	-0.00568827944193937
-0.0221425098639931	0.0046421946764823	0.0176493628131911	-0.000280721179005964	0.00679024226356831	0.00121067011973934	-0.00568796976057012
-0.0221466514813154	0.00462645536567784	0.0176517280851153	-0.000292591945643929	0.00678145263478958	0.00120938572850324	-0.00568712949751203
-0.0221590632325952	0.0045803055947794	0.017658278016108	-0.000328202727751638	0.00675588789700644	0.00120586788140228	-0.00568523352558833
-0.0221797000532267	0.00450389401449912	0.0176689850260086	-0.000387439639520196	0.00671363166493886	0.00120012892180172	-0.00568229000965192
-0.0222085169961587	0.00439736904766538	0.0176838216085657	-0.000470188942807519	0.00665476742908337	0.00119218114076503	-0.00567830710961196
-0.0222454692455226	0.0042608789014526	0.0177027603303388	-0.000576337027977286	0.00657937856899323	0.00118203676272928	-0.00567329299320285
-0.0222905121301022	0.00409457157940502	0.017725773829691	-0.000705770395066624	0.00648754836633339	0.00116970793142935	-0.00566725584853912
-0.0223436011356567	0.00389859489304845	0.0177528348150797	-0.000858375635267477	0.00637936001740951	0.00115520669601646	-0.00566020389620411
-0.0224046919168035	0.00367309647324018	0.0177839160632095	-0.0010340394127282	0.00625489664538859	0.00113854499740723	-0.00565214540105572
-0.0224737403110953	0.0034182237818094	0.0178189904191437	-0.00123264844670736	0.00611424131302028	0.0011197346550058	-0.00564308868442713
-0.0225507023498073	0.00313412412234207	0.0178580307940035	-0.00145408949400677	0.00595747703417999	0.00109878735349787	-0.00563304213531653
-0.022635534269387	0.00282094465093833	0.0179010101634005	-0.0016982493317323	0.00578468678544631	0.00107571462993088	-0.00562201422158154
-0.0227281925248009	0.00247883238720361	0.0179479015675886	-0.00196501474039655	0.00559595351809285	0.00105052786114666	-0.00561001350145836
-0.0228286337994938	0.00210793422436665	0.0179986781091186	-0.00225427248729365	0.00539136016887612	0.0010232382512762	-0.00559704863404898
-0.0229368150168635	0.00170839693955383	0.018053312951903	-0.00256590931020639	0.00517098967112369	0.000993856819562903	-0.00558312839003875
-0.0230526933515451	0.00128036720386455	0.018111779320331	-0.00289981190142206	0.00493492496560225	0.000962394388420302	-0.00556826166220746
-0.0231762262405463	0.000823991592254994	0.0181740504984624	-0.00325586689205623	0.00468324901117784	0.000928861571724679	-0.00555245747574561
-0.0233073713926755	0.000339416592909351	0.0182400998280594	-0.00363396083666151	0.00441604479479432	0.000893268763256754	-0.00553572499797964
-0.0234460867994935	-0.000173211383227613	0.018309900708029	-0.00403398019816214	0.00413339534175992	0.000855626125467313	-0.00551807354833533
-0.0235923307457155	-0.000713745993185512	0.018383426593622	-0.00445581133308391	0.00383538372570967	0.000815943578452535	-0.00549951260801121
-0.0237460618182845	-0.00128204095313602	0.0184606509947653	-0.00489934047707041	0.00352209307800465	0.000774230789095658	-0.00548005182916166
-0.0239072389167078	-0.00187795002944647	0.0185415474755945	-0.00536445373071439	0.00319360659736542	0.000730497160514936	-0.0054597010442592
-0.0240758212620678	-0.00250132703016177	0.0186260896531184	-0.00585103704567085	0.0028500075589467	0.000684751821675855	-0.00543847027497162
-0.0242517684061629	-0.00315202579660791	0.0187142511961771	-0.00635897621106887	0.00249137932330104	0.000637003617245948	-0.00541636974093079
-0.0244350402415991	-0.00382990019494291	0.0188060058253455	-0.00688815684022905	0.00211780534548523	0.000587261097736134	-0.00539340986860534
-0.0246255970083886	-0.00453480410858591	0.0189013273102372	-0.00743846435763093	0.0017293691829479	0.000535532509684895	-0.00536960129913867
-0.0248233993050157	-0.00526659142985534	0.0190001894705562	-0.00800978398622798	0.00132615450463981	0.000481825786318995	-0.00534495489719732
-0.0250284080947143	-0.00602511605275272	0.0191025661735127	-0.00860200073499185	0.00090824509851209	0.000426148538184619	-0.00531948175845659
-0.0252405847145792	-0.00681023186529522	0.0192084313336807	-0.00921499938678077	0.000475724879738981	0.00036850804416424	-0.00529319321768119
-0.0254598908834443	-0.00762179274224666	0.0193177589120542	-0.00984866448647866	2.86778984209318e-05	0.000308911242655889	-0.00526610085635959
-0.025686288709245	-0.00845965253809565	0.0194305229148686	-0.0105028803294128	-0.000432811653011286	0.000247364722953947	-0.00523821651007835
-0.0259197406967929	-0.00932366508008563	0.0195466973929318	-0.0111775309500603	-0.000908659432405454	0.000183874716880491	-0.00520955227587565
-0.0261602097548396	-0.0102136841615297	0.0196662564405625	-0.0118725001110276	-0.00139878094085243	0.000118447090605669	-0.00518012051928951
-0.026407659203157	-0.0111295635352576	0.0197891741947185	-0.01258767129231	-0.00190309151578246	5.10873366958437e-05	-0.00514993388128733
-0.0266620527789238	-0.012071156907341	0.0199154248337444	-0.0133229276808211	-0.00242150632440864	-1.81994336503528e-05	-0.00511900528489935
-0.0269233546444691	-0.0130383179306684	0.0200449825773749	-0.014078152160218	-0.00295394035688948	-8.94084980660461e-05	-0.00508734794208059
-0.0271915293926149	-0.0140309001991527	0.0201778216849942	-0.0148532273009707	-0.00350030842035848	-0.000162535530387119	-0.00505497535984272
-0.0274665420525263	-0.015048757241963	0.0203139164544706	-0.0156480353507123	-0.00406052513293018	-0.000237576607771135	-0.00502190134640169
-0.0277483580971504	-0.0160917425175518	0.0204532412224261	-0.0164624582248825	-0.00463450491734852	-0.000314528217506946	-0.00498814001762212
-0.0280369434474783	-0.0171597094084758	0.0205957703621407	-0.0172963774976033	-0.00522216199573821	-0.000393387263774653	-0.00495370580253591
-0.0283322644786301	-0.018252511215959	0.0207414782830756	-0.0181496743928447	-0.00582341038392304	-0.000474151074084772	-0.0049186134492223
-0.0286342880256582	-0.0193700011546421	0.0208903394303382	-0.0190222297758595	-0.00643816388595841	-0.000556817405511596	-0.00488287803050956
-0.0289429813872027	-0.0205120323479022	0.0210423282825964	-0.0199139241448542	-0.00706633608944467	-0.000641384450823253	-0.00484651494902164
-0.0292583123319077	-0.0216784578227186	0.0211974193523574	-0.0208246376229621	-0.00770784036011911	-0.000727850844241688	-0.00480953994283245
-0.0295802491021351	-0.0228691305052252	0.0213555871842527	-0.0217542499504472	-0.00836258983739763	-0.000816215667130929	-0.00477196909032656
-0.0299087604187975	-0.0240839032161473	0.0215168063543759	-0.0227026404771836	-0.00903049742969443	-0.000906478453406185	-0.00473381881524972
-0.0302438154848625	-0.0253226286666352	0.0216810514687187	-0.023669688155379	-0.00971147581026786	-0.000998639194797702	-0.00469510589132248
-0.0305853839907574	-0.0265851594538186	0.0218482971632803	-0.0246552715325846	-0.0104054374126032	-0.00109269834579393	-0.00465584744724819
-0.0309334361162554	-0.0278713480572106	0.0220185181015279	-0.0256592687449158	-0.0111122944269896	-0.00118865682856075	-0.00461606097072556
-0.0312879425355603	-0.0291810468345609	0.0221916889745615	-0.0266815575105734	-0.0118319587962343	-0.00128651603747031	-0.00457576431319246
-0.0316488744197691	-0.0305141080183675	0.0223677844993429	-0.0277220151235845	-0.0125643422122931	-0.00138627784355826	-0.004534975693809
-0.0320162034407941	-0.0318703837121973	0.0225467794182406	-0.028780518447818	-0.0133093561125685	-0.0014879445986872	-0.00449371370372838
-0.0323899017734203	-0.0332497258875097	0.0227286484972393	-0.0298569439112293	-0.014066911676892	-0.00159151913959851	-0.00445199730980456
-0.0327699420981766	-0.0346519863804151	0.0229133665249487	-0.0309511675003643	-0.0148369198243666	-0.001697004791707	-0.00440984585842686
-0.0331562976038662	-0.0360770168886193	0.0231009083114904	-0.032063064755112	-0.0156192912104251	-0.00180440537270227	-0.00436727907918557
-0.0335489419904636	-0.0375246689683944	0.0232912486878229	-0.0331925107637086	-0.0164139362238848	-0.0019137251959185	-0.00432431708855342
-0.033947849469747	-0.0389947940321332	0.0234843625034108	-0.0343393801579599	-0.017220764984804	-0.00202496907361796	-0.0042809803929065
-0.034352994768777	-0.0404872433454113	0.0236802246263063	-0.0355035471087457	-0.0180396873415724	-0.00213814231990866	-0.00423728989220311
-0.0347643531299828	-0.0420018680248643	0.0238788099406728	-0.0366848853217252	-0.0188706128691478	-0.00225325075363913	-0.00419326688271411
-0.0351819003135138	-0.0435385190356949	0.0240800933462551	-0.0378832680333141	-0.019713450866703	-0.00237030070096023	-0.00414893306026565
-0.0356056125976179	-0.0450970471896935	0.0242840497564225	-0.0390985680068773	-0.0205681103559808	-0.00248929899778847	-0.0041043105229021
-0.0360354667807028	-0.0466773031430081	0.0244906540976905	-0.0403306575291828	-0.0214345000792351	-0.00261025299196999	-0.00405942177391412
-0.0364714401807738	-0.0482791373945639	0.0246998813072939	-0.0415794084070606	-0.0223125284980795	-0.0027331705453824	-0.00401428972412268
-0.0369135106370768	-0.0499024002841199	0.0249117063326563	-0.0428446919643265	-0.0232021037917587	-0.00285806003571111	-0.00396893769466638
-0.0373616565096109	-0.0515469419908675	0.0251261041292973	-0.0441263790389135	-0.0241031338561736	-0.00298493035813836	-0.00392338941917429
-0.037815856679665	-0.0532126125319149	0.0253430496596948	-0.0454243399802506	-0.0250155263026907	-0.00311379092677253	-0.00387766904614
-0.0382760905491694	-0.0548992617611116	0.0255625178913372	-0.0467384446468578	-0.0259391884574136	-0.00324465167594059	-0.00383180114092914
-0.038742338041125	-0.0566067393677448	0.0257844837957684	-0.0480685624041864	-0.0268740273602186	-0.00337752306121957	-0.00378581068800345
-0.0392145795985709	-0.058334894875633	0.0260089223466024	-0.0494145621226683	-0.0278199497643367	-0.00351241606034788	-0.00373972309271042
-0.0396927961837449	-0.0600835776422743	0.0262358085178225	-0.050776312175997	-0.0287768621359706	-0.00364934217392657	-0.00369356418306372
-0.0401769692770337	-0.0618526368581288	0.026465117282046	-0.0521536804396303	-0.0297446706540707	-0.00378831342593383	-0.00364736021141423
-0.0406670808767035	-0.063641921545828	0.0266968236095378	-0.0535465342895281	-0.0307232812099633	-0.00392934236399825	-0.00360113785626691
-0.0411631134961231	-0.065451280560001	0.0269309024653579	-0.0549547406010802	-0.031712599407844	-0.00407244205961423	-0.00355492422339632
-0.0416650501631283	-0.067280562586738	0.0271673288083414	-0.0563781657482827	-0.032712530564702	-0.00421762610804343	-0.00350874684746332
-0.0421728744182036	-0.0691296161433921	0.0274060775892628	-0.0578166756031194	-0.0337229797107012	-0.00436490862808706	-0.00346263369327343
-0.0426865703113338	-0.0709982895787454	0.027647123748068	-0.0592701355351422	-0.034743851590059	-0.00451430426173828	-0.00341661315664217
-0.0432061224014482	-0.0728864310727176	0.0278904422132936	-0.0607384104113029	-0.0357750506612167	-0.00466582817349891	-0.00337071406587988
-0.0437315157530638	-0.0747938886367466	0.0281360078993812	-0.0622213645959608	-0.0368164810979613	-0.00481949604965964	-0.00332496568250582
-0.0442627359334882	-0.0767205101141372	0.0283837957045594	-0.063718861951113	-0.0378680467904622	-0.00497532409735959	-0.00327939770205711
-0.044799769010287	-0.0786661431804359	0.0286337805090564	-0.0652307658368366	-0.0389296513463139	-0.00513332904344196	-0.00323404025492169
-0.0453426015484556	-0.0806306353439511	0.0288859371732004	-0.066756939111937	-0.0400011980917565	-0.00529352813313872	-0.00318892390704744
-0.0458912206066057	-0.0826138339465613	0.0291402405348523	-0.0682972441347916	-0.041082590073285	-0.00545593912862322	-0.00314407966035251
-0.0464456137341435	-0.0846155861643957	0.0293966654077481	-0.0698515427644108	-0.0421737300590387	-0.00562058030732267	-0.00309953895334803
-0.0470057689670643	-0.0866357390088856	0.0296551865788562	-0.0714196963616855	-0.0432745205407022	-0.00578747046012347	-0.00305533366135828
-0.0475716748246993	-0.0886741393276935	0.0299157788066093	-0.0730015657908484	-0.0443848637351954	-0.00595662888934129	-0.00301149609694636
-0.0481433203053747	-0.0907306338059503	0.030178416818386	-0.0745970114211217	-0.045504661586784	-0.00612807540656977	-0.00296805901001505
-0.0487206948819715	-0.0928050689675911	0.030443075308028	-0.0762058931285618	-0.0466338157693036	-0.00630183033035551	-0.00292505558783993
-0.0493037884977138	-0.0948972911767168	0.030709728933651	-0.077828070298102	-0.0477722276883948	-0.00647791448368166	-0.00288251945512266
-0.0498925915618777	-0.097007146639052	0.0309783523155066	-0.0794634018257915	-0.0489197984838455	-0.00665634919127801	-0.00284048467398126
-0.0504870949447176	-0.0991344814036389	0.0312489200333305	-0.0811117461212127	-0.0500764290322556	-0.00683715627680043	-0.00279898574369979
-0.0510872899721058	-0.10127914136467	0.0315214066235755	-0.0827729611100892	-0.0512420199498737	-0.00702035805985092	-0.00275805760036112
-0.0516931684210252	-0.103440972263208	0.0317957865774308	-0.0844469042370902	-0.0524164715952474	-0.00720597735277842	-0.00271773561666524
-0.0523047225139209	-0.10561981968923	0.0320720343380411	-0.08613343246881	-0.0535996840723099	-0.0073940374573708	-0.00267805560141038
-0.0529219449130856	-0.107815529083723	0.0323501242978619	-0.0878324022969284	-0.054791557233533	-0.00758456216137697	-0.00263905379894542
-0.0535448287149229	-0.110027945740888	0.0326300307960228	-0.0895436697415557	-0.055991990683201	-0.007777575734867	-0.00260076688855163
-0.0541733674445193	-0.11225691481034	0.0329117281160409	-0.0912670903547603	-0.0572008837806635	-0.00797310292640804	-0.00256323198386849
-0.0548075550488822	-0.114502281299673	0.0331951904825794	-0.0930025192242578	-0.0584181356440857	-0.0081711689591518	-0.00252648663193133
-0.0554473858911895	-0.116763890076865	0.0334803920591127	-0.0947498109772899	-0.0596436451539591	-0.00837179952670041	-0.00249056881243776
-0.0560928547441597	-0.119041585872945	0.033767306944995	-0.0965088197846635	-0.0608773109569646	-0.00857502078886206	-0.00245551693674623
-0.0567439567835768	-0.121335213284699	0.0340559091727529	-0.0982793993649692	-0.0621190314698677	-0.00878085936723664	-0.00242136984687659
-0.057400687581556	-0.123644616777493	0.0343461727052726	-0.10006140298896	-0.0633687048835683	-0.00898934234065991	-0.00238816681440729
-0.0580630430992976	-0.125969640688269	0.0346380714326813	-0.101854683484096	-0.0646262291673902	-0.00920049724051814	-0.00235594753919771
-0.058731019680628	-0.128310129228448	0.0349315791699489	-0.103659093239263	-0.0658915020731997	-0.00941435204586684	-0.0023247521482842
-0.0594046140440893	-0.1306659264872	0.0352266696534382	-0.105474484209632	-0.0671644211400569	-0.00963093517847674	-0.00229462119435204
-0.0600838232760767	-0.133036876434557	0.0355233165383803	-0.107300707921702	-0.0684448836986145	-0.00985027549767069	-0.00226559565444931
-0.0607686448230248	-0.135422822924793	0.0358214933956927	-0.109137615478479	-0.06973278687589	-0.0100724022950669	-0.00223771692840981
-0.0614590764836297	-0.137823609699866	0.0361211737089201	-0.110985057564818	-0.0710280276001048	-0.0102973452891717	-0.0022110268372479
-0.0621551164010309	-0.140239080392917	0.0364223308712353	-0.112842884452919	-0.0723305026056115	-0.0105251346198311	-0.00218556762150411
-0.0628567630552595	-0.142669078531794	0.0367249381827445	-0.114710946007976	-0.073640108437813	-0.0107558008425236	-0.00216138193962208
-0.0635640152542925	-0.145113447542915	0.0370289688467805	-0.116589091693957	-0.0749567414585959	-0.0109893749225923	-0.00213851286591759
-0.0642768721264579	-0.14757203075492	0.0373343959673549	-0.118477170579548	-0.0762802978514151	-0.0112258882292615	-0.00211700388886594
-0.0649953331113898	-0.150044671402689	0.0376411925455528	-0.120375031344228	-0.0776106736269104	-0.0114653725295983	-0.00209689890896307
-0.065719397952271	-0.152531212631136	0.0379493314770339	-0.1222825222845	-0.0789477646281934	-0.0117078599822673	-0.00207824223689064
-0.0664490666861501	-0.155031497499489	0.0382587855480993	-0.124199491320231	-0.0802914665368167	-0.0119533831312622	-0.00206107859112569
-0.0671843396359412	-0.157545368985258	0.038569527433174	-0.126125786001161	-0.0816416748782887	-0.012201974899412	-0.00204545309595666
-0.0679252174011302	-0.160072669988545	0.0388815296913545	-0.128061253513528	-0.0829982850280717	-0.0124536685818316	-0.00203141127911335
-0.0686717008484756	-0.162613243336409	0.0391947647630337	-0.130005740686817	-0.0843611922176565	-0.0127084978392489	-0.00201899906935263
-0.0694237911032463	-0.165166931787178	0.0395092049670369	-0.131959094000657	-0.0857302915405461	-0.0129664966911753	-0.00200826279414174
-0.0701814895397462	-0.167733578034965	0.0398248224972757	-0.133921159591831	-0.0871054779585366	-0.0132276995089977	-0.00199924917710905
-0.0709447977713945	-0.170313024714343	0.0401415894191322	-0.135891783261406	-0.0884866463082168	-0.0134921410089765	-0.0019920053353298
-0.0717137176422764	-0.172905114404756	0.0404594776670866	-0.137870810482002	-0.0898736913070785	-0.0137598562450409	-0.00198657877695797
-0.0724882512161709	-0.175509689635525	0.0407784590404314	-0.139858086405155	-0.0912665075604987	-0.0140308806016176	-0.00198301739813923
-0.0732684007679259	-0.178126592890415	0.0410985052009186	-0.141853455868819	-0.092664989568058	-0.01430524978621	-0.00198136948050109
-0.0740541687727317	-0.180755666612696	0.041419587668825	-0.143856763404963	-0.0940690317305979	-0.01458299982199	-0.0019816836880347
-0.0748455578967949	-0.183396753209967	0.0417416778202012	-0.145867853247294	-0.0954785283569106	-0.0148641670402019	-0.00198400906430031
-0.0756425709868547	-0.186049695059274	0.0420647468832812	-0.147886569339076	-0.0968933736708734	-0.0151487880725276	-0.0019883950292733
-0.076445211060581	-0.188714334512101	0.0423887659356648	-0.149912755341066	-0.0983134618183785	-0.0154368998432983	-0.00199489137637461
-0.0772534812954403	-0.191390513899736	0.0427137059003639	-0.151946254639538	-0.0997386868748246	-0.0157285395616973	-0.00200354826903786
-0.0780673850196008	-0.19407807553825	0.0430395375435313	-0.153986910354432	-0.101168942852038	-0.0160237447137429	-0.00201441623777153
-0.0788869256999711	-0.196776861734157	0.0433662314700014	-0.156034565347561	-0.102604123706183	-0.0163225530543488	-0.00202754617639497
-0.0797121069336216	-0.199486714789376	0.0436937581215678	-0.158089062230971	-0.104044123344667	-0.0166250025990879	-0.00204298933913033
-0.0805429324355895	-0.202207477007044	0.0440220877724821	-0.16015024337533	-0.105488835634279	-0.0169311316160843	-0.00206079733666313
-0.0813794060290403	-0.204938990696859	0.044351190526878	-0.162217950918455	-0.106938154408652	-0.0172409786176758	-0.002081022132782
-0.0822215316347314	-0.207681098180624	0.0446810363157141	-0.164292026773908	-0.108391973476023	-0.0175545823520343	-0.0021037160407702
-0.0830693132598464	-0.210433641797981	0.0450115948932888	-0.166372312639673	-0.109850186627272	-0.0178719817947404	-0.0021289317195677
-0.0839227549876216	-0.213196463912021	0.0453428358344437	-0.168458650006924	-0.111312687643783	-0.0181932161402318	-0.00215672217008789
-0.0847818609660043	-0.215969406915151	0.0456747285310724	-0.170550880168865	-0.112779370305695	-0.0185183247932344	-0.00218714073120837
-0.0856466353970092	-0.218752313234855	0.0460072421892409	-0.172648844229649	-0.114250128400001	-0.0188473473600735	-0.00222024107588942
-0.086517082526365	-0.221545025339444	0.0463403458266005	-0.174752383113386	-0.115724855728632	-0.0191803236398994	-0.0022560772073062
-0.0873932066310011	-0.224347385744325	0.0466740082681647	-0.176861337573183	-0.117203446117315	-0.019517293615974	-0.00229470345432816
-0.0882750120100895	-0.227159237017525	0.0470081981449407	-0.178975548200307	-0.118685793423361	-0.0198582974466735	-0.00233617446790179
-0.0891625029724386	-0.229980421786082	0.0473428838897552	-0.181094855433368	-0.120171791544701	-0.0202033754566511	-0.00238054521636909
-0.0900556838257471	-0.232810782742053	0.047678033734601	-0.183219099567581	-0.121661334428408	-0.0205525681278265	-0.00242787098122534
-0.0909545588659837	-0.23565016264855	0.0480136157081405	-0.185348120764103	-0.123154316079245	-0.0209059160903077	-0.0024782073528417
-0.0918591323656503	-0.238498404346065	0.0483495976323873	-0.187481759059401	-0.124650630568657	-0.0212634601133267	-0.0025316102258107
-0.0927694085634285	-0.241355350758527	0.0486859471205329	-0.189619854374706	-0.126150172043388	-0.0216252410960376	-0.00258813579459943
-0.093685391652012	-0.244220844899806	0.049022631573403	-0.191762246525484	-0.127652834734765	-0.021991300058377	-0.00264784054862874
-0.0946070857679647	-0.24709472987982	0.0493596181775564	-0.193908775230994	-0.129158512967399	-0.0223616781317508	-0.00271078126783826
-0.0955344949799452	-0.249976848911025	0.0496968739021571	-0.196059280123861	-0.130667101168489	-0.0227364165497805	-0.00277701501772271
-0.0964676232773009	-0.252867045314888	0.0500343654961866	-0.198213600759711	-0.132178493877092	-0.0231155566389822	-0.00284659914439416
-0.0974064745599516	-0.255765162528094	0.050372059486718	-0.200371576626852	-0.133692585753037	-0.0234991398093285	-0.00291959126992211
-0.0983510526262054	-0.258671044109266	0.0507099221756188	-0.202533047155978	-0.135209271586594	-0.0238872075449023	-0.00299604928702198
-0.0993013611619894	-0.261584533745402	0.0510479196374128	-0.204697851729916	-0.13672844630776	-0.0242798013944307	-0.00307603135405657
-0.10025740373042	-0.264505475258278	0.0513860177174505	-0.206865829693427	-0.138250004995499	-0.0246769629617642	-0.00315959589004778
-0.101219183759152	-0.267433712611381	0.0517241820283927	-0.209036820362989	-0.139773842887795	-0.0250787338964706	-0.00324680156899095
-0.102186704530663	-0.270369089916229	0.0520623779490316	-0.211210663036662	-0.141299855390806	-0.0254851558842197	-0.00333770731489907
-0.103159969170973	-0.273311451439076	0.0524005706219341	-0.213387197003956	-0.142827938088617	-0.0258962706372409	-0.00343237229632809
-0.104138980638065	-0.27626064160771	0.052738724950893	-0.215566261555708	-0.144357986753157	-0.0263121198847844	-0.00353085592073326
-0.105123741711583	-0.279216505018016	0.0530768055994202	-0.217747695994005	-0.145889897353767	-0.0267327453634847	-0.00363321782909498
-0.106114254981572	-0.282178886440776	0.0534147769885281	-0.219931339642114	-0.147423566067167	-0.0271581888077675	-0.00373951789018597
-0.107110522837326	-0.285147630828485	0.0537526032946399	-0.222117031854416	-0.148958889287449	-0.0275884919402447	-0.00384981619478366
-0.108112547457723	-0.288122583321854	0.0540902484486934	-0.224304612026382	-0.150495763635654	-0.0280236964620009	-0.00396417305020836
-0.109120330798874	-0.291103589256972	0.0544276761331903	-0.226493919604525	-0.152034085970312	-0.0284638440430486	-0.00408264897401373
-0.110133874584426	-0.294090494171876	0.0547648497813498	-0.228684794096381	-0.153573753397171	-0.0289089763126144	-0.00420530468833552
-0.111153180294608	-0.29708314381345	0.0551017325753142	-0.230877075080491	-0.155114663279411	-0.0293591348494988	-0.00433220111378951
-0.112178249155918	-0.300081384144204	0.0554382874448932	-0.23307060221639	-0.156656713247718	-0.029814361172402	-0.00446339936346084
-0.113209082130378	-0.30308506134918	0.0557744770659973	-0.235265215254578	-0.158199801210569	-0.0302746967302848	-0.00459896073667391
-0.114245679904646	-0.306094021842921	0.0561102638589969	-0.237460754046509	-0.159743825364635	-0.0307401828927432	-0.00473894671262672
-0.115288042881183	-0.309108112275991	0.0564456099887039	-0.239657058554573	-0.16128868420456	-0.0312108609402618	-0.00488341894451331
-0.116336171166017	-0.312127179542307	0.0567804773617413	-0.24185396886205	-0.162834276533951	-0.0316867720547053	-0.00503243925258234
-0.117390064559719	-0.315151070785756	0.0571148276264337	-0.244051325183081	-0.164380501475353	-0.0321679573096126	-0.00518606961800929
-0.118449722547527	-0.318179633407033	0.0574486221720614	-0.246248967872614	-0.165927258480578	-0.0326544576605681	-0.00534437217643345
-0.119515144288514	-0.321212715070722	0.0577818221273981	-0.24844673743633	-0.167474447341419	-0.0331463139356585	-0.00550740921111636
-0.120586328606346	-0.324250163712029	0.0581143883605044	-0.250644474540566	-0.169021968199888	-0.0336435668258461	-0.00567524314646253
-0.121663273979338	-0.327291827543705	0.0584462814780026	-0.252842020022208	-0.17056972155876	-0.0341462568754169	-0.0058479365412321
-0.122745978530486	-0.330337555062994	0.0587774618243495	-0.255039214898564	-0.172117608292177	-0.034654424472462	-0.00602555208165247
-0.123834440017794	-0.333387195058521	0.0591078894813623	-0.257235900377209	-0.173665529656222	-0.0351681098393689	-0.00620815257450888
-0.12492865582615	-0.336440596616856	0.0594375242689548	-0.259431917865835	-0.17521338729902	-0.0356873530232436	-0.00639580094058205
-0.126028622956266	-0.339497609129762	0.0597663257436251	-0.261627108982017	-0.176761083271897	-0.0362121938865686	-0.00658856020713959
-0.127134338016186	-0.342558082300869	0.060094253198945	-0.263821315562991	-0.178308520039718	-0.0367426720977278	-0.00678649350106274
-0.128245797212147	-0.345621866152512	0.0604212656655595	-0.266014379675384	-0.179855600491509	-0.0372788271216157	-0.00698966404168344
-0.129362996340517	-0.348688811032333	0.0607473219120344	-0.26820614362493	-0.181402227950756	-0.0378206982102173	-0.00719813513383815
-0.13048593077688	-0.351758767620556	0.0610723804435083	-0.270396449966095	-0.182948306186736	-0.0383683243934361	-0.00741197015998268
-0.131614595469514	-0.354831586936253	0.0613963995037577	-0.272585141511732	-0.184493739424401	-0.0389217444696589	-0.00763123257348507
-0.132748984929318	-0.357907120344447	0.0617193370745143	-0.274772061342639	-0.186038432355517	-0.0394809969966322	-0.00785598589078107
-0.133889093222525	-0.360985219562571	0.0620411508769519	-0.276957052817112	-0.187582290148906	-0.0400461202821836	-0.00808629368424017
-0.135034913961561	-0.364065736667371	0.0623617983717422	-0.279139959580423	-0.18912521846137	-0.0406171523751407	-0.00832221957438471
-0.136186440297694	-0.367148524101392	0.0626812367605025	-0.281320625574278	-0.190667123448036	-0.04119413105618	-0.00856382722253451
-0.137343664912007	-0.37023343467987	0.0629994229859465	-0.283498895046191	-0.192207911773334	-0.0417770938288536	-0.00881118032284916
-0.13850658000874	-0.373320321597058	0.0633163137338705	-0.285674612558849	-0.193747490621193	-0.0423660779105131	-0.00906434259497456
-0.139675177307583	-0.376409038432812	0.0636318654343253	-0.287847622999403	-0.195285767705639	-0.0429611202233706	-0.0093233777762702
-0.140849448034864	-0.379499439159432	0.0639460342619425	-0.290017771588678	-0.196822651281815	-0.0435622573857118	-0.00958834961361166
-0.142029382917471	-0.382591378147862	0.0642587761383584	-0.292184903890375	-0.198358050156097	-0.0441695257029795	-0.00985932185589883
-0.143214972175981	-0.385684710174066	0.0645700467340255	-0.294348865820198	-0.199891873696503	-0.0447829611589831	-0.0101363582462281
-0.144406205516313	-0.388779290425767	0.0648798014688833	-0.296509503654886	-0.201424031843671	-0.0454025994072951	-0.0104195225135264
-0.145603072124058	-0.391874974508523	0.0651879955150819	-0.298666664041237	-0.202954435120914	-0.0460284757625247	-0.0107088783648811
-0.146805560657143	-0.394971618452215	0.0654945837984171	-0.300820194005026	-0.204482994644899	-0.0466606251917916	-0.01100448947727
-0.14801365924018	-0.398069078717112	0.0657995210010472	-0.302969940959893	-0.206009622135761	-0.0472990823061563	-0.0113064194897024
-0.149227355457486	-0.401167212200247	0.0661027615631839	-0.30511575271613	-0.207534229927703	-0.0479438813522298	-0.0116147319948579
-0.150446636346845	-0.404265876241609	0.0664042596853326	-0.307257477489416	-0.209056730979364	-0.0485950562038132	-0.0119294905308512
-0.1516714883946	-0.407364928629996	0.0667039693315495	-0.309394963909496	-0.210577038883738	-0.0492526403535199	-0.0122507585733028
-0.152901897529003	-0.410464227609281	0.0670018442313375	-0.311528061028761	-0.212095067878723	-0.0499166669046188	-0.0125785995267857
-0.1541378491147	-0.413563631884387	0.0672978378824021	-0.313656618330771	-0.213610732857289	-0.0505871685628815	-0.0129130767165206
-0.155379327948012	-0.416663000627049	0.0675919035539947	-0.315780485738706	-0.215123949377379	-0.0512641776284547	-0.0132542533802171
-0.15662631825127	-0.41976219348179	0.0678839942895186	-0.317899513623736	-0.216634633672153	-0.0519477259878994	-0.0136021926595363
-0.157878803668016	-0.42286107057167	0.0681740629097641	-0.320013552813312	-0.218142702659936	-0.0526378451062621	-0.0139569575917227
-0.15913676725803	-0.42595949250405	0.0684620620160025	-0.322122454599381	-0.219648073954237	-0.0533345660192448	-0.0143186111010923
-0.160400191493291	-0.429057320376107	0.0687479439937633	-0.324226070746534	-0.221150665873437	-0.0540379193254085	-0.0146872159907194
-0.161669058252991	-0.432154415780564	0.0690316610158586	-0.326324253500052	-0.222650397450818	-0.0547479351785415	-0.0150628349337381
-0.162943348819756	-0.435250640811082	0.0693131650463108	-0.328416855593883	-0.22414718844416	-0.0554646432800385	-0.0154455304649345
-0.164223043875612	-0.438345858067704	0.0695924078440502	-0.33050373025854	-0.225640959345429	-0.056188072871396	-0.0158353649721668
-0.165508123497831	-0.441439930662287	0.0698693409664997	-0.332584731228895	-0.227131631390497	-0.0569182527268214	-0.0162324006876726
-0.166798567156178	-0.444532722223567	0.0701439157741848	-0.334659712751926	-0.228619126568355	-0.0576552111458334	-0.0166366996797159
-0.16809435370892	-0.447624096902484	0.0704160834343809	-0.336728529594337	-0.23010336763076	-0.0583989759460662	-0.0170483238437796
-0.169395461399349	-0.450713919377367	0.0706857949251091	-0.338791037050111	-0.231584278101683	-0.0591495744561367	-0.0174673348938268
-0.170701867853945	-0.453802054858654	0.0709530010403479	-0.340847090947981	-0.233061782286148	-0.0599070335084893	-0.0178937943540029
-0.172013550078642	-0.456888369094058	0.0712176523937659	-0.342896547658804	-0.23453580527974	-0.0606713794324973	-0.0183277635496644
-0.173330484456744	-0.459972728373283	0.0714796994236722	-0.344939264102844	-0.236006272977492	-0.061442638047541	-0.0187693035988503
-0.174652646746441	-0.463054999532794	0.0717390923976182	-0.346975097756971	-0.237473112082891	-0.0622208346562299	-0.0192184754035524
-0.175980012078708	-0.466135049960456	0.0719957814172558	-0.349003906661762	-0.238936250116725	-0.0630059940377001	-0.0196753396410392
-0.17731255495568	-0.469212747599999	0.0722497164235106	-0.35102554942853	-0.240395615425718	-0.0637981404409845	-0.0201399567552548
-0.178650249248322	-0.472287960955628	0.072500847201181	-0.353039885246225	-0.241851137191393	-0.0645972975785573	-0.0206123869479305
-0.179993068195365	-0.475360559096257	0.0727491233844485	-0.355046773888281	-0.243302745438439	-0.0654034886198778	-0.0210926901700318
-0.181340984402193	-0.478430411659708	0.0729944944623054	-0.357046075719349	-0.244750371043056	-0.066216736185059	-0.0215809261131212
-0.182693969839201	-0.481497388856996	0.0732369097835378	-0.359037651701933	-0.246193945741447	-0.0670370623386911	-0.0220771542004995
-0.18405199584183	-0.484561361476137	0.0734763185629213	-0.36102136340296	-0.24763340213766	-0.0678644885836355	-0.0225814335788143
-0.185415033108179	-0.487622200886515	0.0737126698855528	-0.362997073000196	-0.249068673712263	-0.068699035855144	-0.0230938231088411
-0.186783051700973	-0.490679779042088	0.0739459127143936	-0.364964643288661	-0.250499694829378	-0.0695407245147181	-0.0236143813576009
-0.188156021045021	-0.493733968485685	0.0741759958943842	-0.366923937686838	-0.251926400745305	-0.0703895743444725	-0.0241431665889809
-0.189533909928909	-0.496784642352159	0.074402868159682	-0.368874820242892	-0.253348727615551	-0.0712456045412448	-0.0246802367556658
-0.190916686503657	-0.499831674372273	0.074626478138564	-0.370817155640705	-0.254766612502901	-0.0721088337110924	-0.0252256494900352
-0.192304318284355	-0.502874938875731	0.0748467743605149	-0.372750809205879	-0.256179993384333	-0.0729792798636393	-0.0257794620959906
-0.193696772149956	-0.505914310794657	0.075063705261871	-0.374675646911612	-0.257588809158555	-0.0738569604067039	-0.0263417315401282
-0.1950940143443	-0.508949665666656	0.0752772191923339	-0.376591535384481	-0.258992999653006	-0.0747418921409329	-0.0269125144432769
-0.196496010477176	-0.511980879637823	0.0754872644214505	-0.378498341910139	-0.260392505630782	-0.0756340912545527	-0.027491867072012
-0.197902725524982	-0.515007829465781	0.0756937891447348	-0.380395934438896	-0.261787268797635	-0.076533573318267	-0.028079845329992
-0.199314123832867	-0.518030392522261	0.0758967414908366	-0.382284181591239	-0.263177231808334	-0.0774403532801433	-0.028676504749755
-0.200730169115727	-0.521048446795919	0.0760960695277878	-0.384162952663218	-0.26456233827339	-0.0783544454607171	-0.0292819004841036
-0.202150824459883	-0.524061870894894	0.0762917212697067	-0.386032117631749	-0.265942532765427	-0.0792758635481506	-0.0298960872976873
-0.203576052325429	-0.527070544049119	0.076483644683922	-0.387891547159835	-0.267317760825226	-0.0802046205934467	-0.0305191195587742
-0.205005814548136	-0.530074346112687	0.0766717876977154	-0.389741112601683	-0.268687968967843	-0.0811407290058191	-0.031151051230856
-0.206440072341767	-0.533073157566008	0.076856098205295	-0.391580686007709	-0.270053104688482	-0.0820842005481402	-0.0317919358643699
-0.207878786300511	-0.536066859517879	0.077036524074797	-0.393410140129468	-0.271413116468226	-0.0830350463324959	-0.0324418265884382
-0.20932191640174	-0.539055333707383	0.0772130131554544	-0.395229348424486	-0.272767953779556	-0.0839932768158185	-0.0331007761026931
-0.210769422009011	-0.542038462505638	0.0773855132848844	-0.397038185060995	-0.274117567091666	-0.0849589017956183	-0.0337688366691853
-0.212221261874867	-0.545016128917531	0.0775539722961524	-0.398836524922566	-0.275461907875762	-0.0859319304058433	-0.0344460601041975
-0.213677394144452	-0.547988216583135	0.0777183380253748	-0.400624243612667	-0.276800928609938	-0.0869123711127744	-0.0351324977703353
-0.215137776358247	-0.550954609779292	0.0778785583185931	-0.402401217459098	-0.278134582784278	-0.0879002317111238	-0.0358282005683129
-0.216602365456335	-0.5539151934207	0.0780345810397147	-0.404167323518367	-0.279462824905275	-0.088895519320088	-0.0365332189292462
-0.21807111778156	-0.556869853061205	0.0781863540775604	-0.405922439579945	-0.280785610500543	-0.0898982403796301	-0.0372476028065805
-0.219543989084046	-0.559818474894643	0.0783338253538394	-0.407666444170457	-0.282102896122903	-0.090908400646732	-0.0379714016684752
-0.221020934524557	-0.562760945755912	0.0784769428302071	-0.409399216557743	-0.283414639354784	-0.0919260051918754	-0.0387046644898054
-0.222501908679489	-0.565697153121508	0.0786156545164366	-0.41112063675488	-0.284720798811891	-0.0929510583954672	-0.0394474397447189
-0.223986865544563	-0.568626985110324	0.0787499084775686	-0.412830585524057	-0.286021334147225	-0.0939835639445049	-0.0401997753987731
-0.225475758539984	-0.571550330483962	0.0788796528420624	-0.414528944380413	-0.287316206054436	-0.0950235248292	-0.0409617189015723
-0.226968540514419	-0.574467078647273	0.0790048358090014	-0.416215595595737	-0.288605376271479	-0.0960709433398311	-0.0417333171790301
-0.228465163750631	-0.577377119648361	0.0791254056564363	-0.417890422202133	-0.289888807583518	-0.0971258210635298	-0.0425146166262049
-0.22996557996986	-0.580280344178822	0.079241310748737	-0.419553307995547	-0.291166463826167	-0.0981881588813031	-0.0433056630997421
-0.231469740337078	-0.583176643573664	0.0793524995445027	-0.42120413753924	-0.292438309888255	-0.0992579569650652	-0.044106501910625
-0.232977595466554	-0.586065909811035	0.0794589206046266	-0.42284279616717	-0.293704311714341	-0.100335214774745	-0.0449171778170721
-0.234489095426997	-0.588948035511981	0.079560522599963	-0.424469169987276	-0.294964436307243	-0.101419931055535	-0.0457377350173142
-0.236004189747053	-0.591822913940012	0.0796572543191855	-0.426083145884694	-0.296218651730286	-0.102512103835203	-0.0465682171425225
-0.23752282742131	-0.594690439000417	0.0797490646769315	-0.427684611524887	-0.297466927109208	-0.103611730421452	-0.0474086672499543
-0.239044956915242	-0.597550505239792	0.0798359027210957	-0.429273455356668	-0.29870923263433	-0.104718807399488	-0.0482591278157633
-0.240570526172405	-0.60040300784484	0.0799177176416785	-0.430849566615198	-0.299945539561697	-0.105833330629447	-0.0491196407286327
-0.24209948261905	-0.603247842641789	0.0799944587776864	-0.432412835324836	-0.301175820215074	-0.106955295244189	-0.0499902472825546
-0.243631773171694	-0.606084906094886	0.08006607562609	-0.433963152301969	-0.30240004798663	-0.108084695646876	-0.0508709881706874
-0.245167344241632	-0.608914095305657	0.0801325178484884	-0.43550040915771	-0.303618197338668	-0.109221525508962	-0.051761903478182
-0.246706141743283	-0.611735308010987	0.0801937352804722	-0.437024498300587	-0.304830243803683	-0.110365777767872	-0.0526630326764182
-0.248248111099061	-0.614548442582068	0.0802496779383879	-0.438535312939077	-0.306036163985631	-0.111517444625135	-0.0535744146160583
-0.249793197246368	-0.617353398022675	0.0803002960275556	-0.440032747084123	-0.307235935560208	-0.112676517544384	-0.0544960875209081
-0.251341344644567	-0.620150073967326	0.080345539950397	-0.441516695551557	-0.308429537274953	-0.113842987249443	-0.0554280889818305
-0.252892497281507	-0.622938370679477	0.080385360314152	-0.442987053964458	-0.309616948949383	-0.115016843722545	-0.0563704559505593
-0.254446598680136	-0.625718189049598	0.080419707938586	-0.44444371875542	-0.310798151474911	-0.116198076202629	-0.0573232247336031
-0.256003591905511	-0.628489430593024	0.0804485338638975	-0.445886587168765	-0.311973126814445	-0.117386673183679	-0.0582864309863597
-0.257563419572166	-0.631251997447628	0.0804717893588042	-0.447315557262703	-0.313141858001675	-0.118582622413089	-0.0592601097074205
-0.259126023850189	-0.634005792371737	0.0804894259276187	-0.448730527911376	-0.314304329140701	-0.119785910890273	-0.0602442952324845
-0.260691346473493	-0.636750718741336	0.0805013953188287	-0.450131398806888	-0.315460525404607	-0.120996524865092	-0.0612390212291294
-0.262259328746037	-0.639486680547769	0.0805076495321143	-0.451518070461237	-0.316610433034692	-0.122214449836598	-0.0622443206909172
-0.263829911549665	-0.642213582394856	0.0805081408264532	-0.452890444208195	-0.317754039338865	-0.123439670551662	-0.0632602259321627
-0.265403035351132	-0.644931329496169	0.0805028217275621	-0.454248422205123	-0.318891332690198	-0.124672171003775	-0.0642867685824781
-0.266978640209555	-0.647639827672072	0.0804916450355624	-0.455591907434724	-0.320022302525132	-0.125911934431873	-0.0653239795815574
-0.268556665783278	-0.650338983346843	0.0804745638321514	-0.456920803706723	-0.32114693934173	-0.127158943319294	-0.0663718891738245
-0.270137051338473	-0.653028703545194	0.0804515314889321	-0.458235015659532	-0.322265234697057	-0.12841317939261	-0.0674305269037999
-0.271719735755311	-0.655708895889403	0.0804225016739309	-0.45953444876179	-0.323377181205366	-0.129674623620806	-0.0684999216106649
-0.273304657536347	-0.658379468595705	0.0803874283596158	-0.460819009313908	-0.324482772535199	-0.130943256214271	-0.0695801014237153
-0.274891754813593	-0.661040330470972	0.0803462658299085	-0.462088604449518	-0.325582003406835	-0.132219056623999	-0.0706710937574345
-0.276480965356428	-0.663691390909062	0.0802989686877082	-0.463343142136895	-0.326674869589228	-0.133502003540772	-0.0717729253069557
-0.278072226578693	-0.666332559887302	0.0802454918617614	-0.464582531180304	-0.327761367897084	-0.134792074894474	-0.072885622043316
-0.279665475547055	-0.668963747962525	0.0801857906143633	-0.465806681221326	-0.328841496187238	-0.136089247853346	-0.0740092092092782
-0.281260648987625	-0.671584866267509	0.080119820547738	-0.467015502740083	-0.329915253355558	-0.137393498823489	-0.0751437113145945
-0.282857683294588	-0.674195826506756	0.0800475376117767	-0.468208907056484	-0.330982639332848	-0.138704803448185	-0.0762891521321165
-0.284456514537113	-0.676796540952674	0.0799688981104775	-0.469386806331362	-0.332043655081267	-0.140023136607485	-0.0774455546933642
-0.286057078467555	-0.679386922441306	0.0798838587092319	-0.470549113567609	-0.333098302590028	-0.141348472417699	-0.078612941284671
-0.28765931052844	-0.68196688436831	0.0797923764411786	-0.471695742611221	-0.334146584871418	-0.142680784231082	-0.0797913334429851
-0.289263145860433	-0.684536340684597	0.0796944087141754	-0.472826608152349	-0.335188505956228	-0.14402004463545	-0.0809807519521234
-0.290868519310458	-0.687095205891813	0.0795899133178132	-0.473941625726294	-0.33622407088893	-0.145366225453837	-0.0821812168392046
-0.292475365438206	-0.689643395038228	0.0794788484292197	-0.475040711714424	-0.337253285723336	-0.146719297744388	-0.0833927473705668
-0.294083618524854	-0.692180823713892	0.0793611726203529	-0.476123783345113	-0.338276157517159	-0.148079231800041	-0.0846153620486316
-0.29569321257985	-0.694707408046288	0.079236844863862	-0.477190758694599	-0.339292694327189	-0.149445997148481	-0.085849078608138
-0.297304081348932	-0.69722306469553	0.0791058245397551	-0.478241556687817	-0.34030290520377	-0.150819562551996	-0.0870939140129556
-0.29891615832094	-0.699727710849862	0.0789680714411496	-0.479276097099192	-0.341306800185596	-0.152199896007524	-0.0883498844525427
-0.300529376736604	-0.702221264220481	0.0788235457813362	-0.480294300553441	-0.342304390293499	-0.153586964746498	-0.0896170053392754
-0.302143669594298	-0.704703643037203	0.0786722081986639	-0.481296088526251	-0.34329568752532	-0.154980735235108	-0.0908952913047163
-0.303758969658857	-0.707174766043142	0.0785140197635007	-0.482281383345034	-0.344280704849311	-0.156381173174229	-0.0921847561971726
-0.305375209468788	-0.709634552489791	0.0783489419840007	-0.483250108189593	-0.345259456198033	-0.157788243499581	-0.093485413078756
-0.306992321342206	-0.712082922132445	0.0781769368109316	-0.484202187092729	-0.346231956462607	-0.159201910382088	-0.0947972742220486
-0.308610237386087	-0.714519795224539	0.0779979666447495	-0.485137544940913	-0.34719822148538	-0.160622137227871	-0.0961203511081753
-0.310228889501944	-0.716945092513008	0.0778119943401196	-0.486056107474845	-0.348158268053925	-0.162048886678707	-0.0974546544235999
-0.311848209393901	-0.719358735232873	0.0776189832120474	-0.486957801290044	-0.349112113893846	-0.163482120612238	-0.0988001940579642
-0.313468128575182	-0.721760645102243	0.0774188970408587	-0.487842553837382	-0.350059777662079	-0.16492180014241	-0.100156979101425
-0.315088578375776	-0.724150744316893	0.0772117000779286	-0.488710293423623	-0.351001278939502	-0.166367885619791	-0.101525017842575
-0.316709489948497	-0.726528955545308	0.0769973570502471	-0.489560949211912	-0.351936638224068	-0.167820336632137	-0.102904317765827
-0.318330794277214	-0.728895201922975	0.0767758331664344	-0.490394451222286	-0.352865876922819	-0.169279112004703	-0.104294885549792
-0.319952422182203	-0.73124940704754	0.0765470941207137	-0.491210730332111	-0.35378901734497	-0.170744169800961	-0.105696727064622
-0.32157430432834	-0.733591494973022	0.0763111060987842	-0.492009718276572	-0.354706082693588	-0.17221546732298	-0.1071098473706
-0.323196371230448	-0.735921390204891	0.0760678357816972	-0.492791347649075	-0.355617097058335	-0.173692961112201	-0.108534250715705
-0.324818553260708	-0.738239017694425	0.0758172503510887	-0.493555551901685	-0.356522085407131	-0.175176606949989	-0.109969940534137
-0.326440780655507	-0.740544302833238	0.0755593174939847	-0.494302265345557	-0.357421073577908	-0.176666359858255	-0.111416919444704
-0.328062983520562	-0.742837171448293	0.075294005406371	-0.495031423151288	-0.358314088270931	-0.178162174100374	-0.112875189248661
-0.329685091838781	-0.745117549796024	0.0750212827986	-0.495742961349356	-0.359201157039762	-0.17966400318173	-0.114344750928747
-0.331307035475357	-0.747385364557306	0.0747411188988485	-0.496436816830455	-0.360082308283265	-0.181171799850686	-0.115825604647234
-0.332928744184596	-0.749640542831835	0.0744534834577268	-0.497112927345897	-0.360957571236692	-0.182685516099332	-0.11731774974478
-0.334550147616092	-0.7518830121327	0.0741583467523936	-0.497771231507972	-0.361826975962884	-0.184205103164345	-0.118821184739145
-0.336171175319741	-0.754112700381298	0.0738556795898367	-0.498411668790275	-0.362690553343821	-0.185730511528052	-0.120335907323548
-0.337791756752954	-0.75632953590152	0.0735454533116201	-0.499034179528102	-0.363548335071046	-0.187261690919195	-0.121861914366024
-0.339411821285452	-0.758533447414705	0.0732276397969356	-0.499638704918772	-0.364400353637002	-0.188798590314065	-0.123399201907923
-0.34103129820558	-0.760724364034076	0.0729022114666588	-0.500225187021986	-0.365246642325521	-0.190341157937451	-0.124947765163134
-0.34265011672528	-0.76290221525961	0.0725691412864506	-0.500793568760156	-0.366087235202776	-0.191889341263804	-0.126507598516878
-0.344268205985978	-0.765066930972595	0.0722284027704522	-0.501343793918766	-0.366922167107653	-0.193443087018283	-0.128078695524986
-0.345885495063952	-0.767218441430345	0.0718799699845874	-0.501875807146709	-0.367751473642216	-0.195002341177917	-0.129661048913076
-0.347501912975465	-0.769356677260995	0.0715238175496734	-0.502389553956629	-0.368575191162115	-0.196567048972816	-0.131254650575752
-0.34911738868175	-0.771481569458346	0.0711599206444073	-0.502884980725275	-0.369393356766922	-0.198137154887421	-0.132859491575837
-0.350731851094483	-0.773593049376534	0.0707882550086467	-0.50336203469385	-0.370206008290094	-0.199712602661728	-0.134475562143938
-0.352345229080569	-0.77569104872495	0.0704087969461958	-0.503820663968369	-0.371013184289103	-0.201293335292615	-0.136102851677821
-0.353957451466368	-0.777775499563344	0.0700215233271915	-0.504260817520004	-0.371814924035674	-0.202879295035289	-0.137741348741668
-0.355568447043231	-0.779846334296498	0.0696264115913473	-0.504682445185467	-0.372611267505294	-0.204470423404563	-0.139391041065984
-0.357178144571943	-0.781903485669295	0.0692234397504276	-0.505085497667385	-0.373402255367074	-0.206066661176318	-0.141051915547164
-0.358786472786382	-0.783946886762046	0.0688125863901784	-0.505469926534658	-0.37418792897383	-0.207667948389106	-0.142723958246822
-0.360393360399099	-0.785976470985203	0.0683938306735293	-0.50583568422287	-0.374968330351155	-0.2092742243455	-0.144407154392052
-0.361998736104565	-0.787992172074879	0.0679671523421938	-0.506182724034678	-0.375743502187426	-0.210885427613809	-0.146101488374792
-0.363602528583686	-0.789993924087961	0.0675325317191189	-0.506511000140204	-0.376513487823091	-0.212501496029642	-0.147806943751843
-0.365204666507851	-0.791981661397422	0.0670899497105884	-0.506820467577484	-0.37727833124006	-0.214122366697558	-0.149523503244776
-0.366805078542927	-0.793955318687662	0.066639387808278	-0.50711108225288	-0.378038077050972	-0.215747975992762	-0.151251148739941
-0.368403693352419	-0.795914830950183	0.0661808280907395	-0.507382800941507	-0.378792770488732	-0.217378259562952	-0.152989861288198
-0.370000439601741	-0.797860133478926	0.0657142532256049	-0.507635581287711	-0.379542457395424	-0.219013152330029	-0.154739621105231
-0.371595245961692	-0.799791161865903	0.0652396464712495	-0.507869381805526	-0.380287184211452	-0.220652588491953	-0.156500407571631
-0.373188041111387	-0.801707851997081	0.0647569916780792	-0.508084161879151	-0.381026997964828	-0.222296501524725	-0.15827219923282
-0.374778753742038	-0.803610140048003	0.0642662732903705	-0.508279881763449	-0.381761946259951	-0.22394482418426	-0.160054973799459
-0.376367312560022	-0.805497962479721	0.0637674763476258	-0.508456502584461	-0.382492077266597	-0.225597488508407	-0.161848708147631
-0.377953646289618	-0.80737125603488	0.0632605864856984	-0.508613986339919	-0.38321743970896	-0.227254425819058	-0.163653378318976
-0.379537683676351	-0.809229957733668	0.0627455899383126	-0.508752295899803	-0.383938082854294	-0.228915566724191	-0.165468959521183
-0.381119353489655	-0.811074004870038	0.0622224735381239	-0.508871395006892	-0.384654056501779	-0.23058084112006	-0.167295426128284
-0.382698584525089	-0.812903335008171	0.061691224717481	-0.508971248277321	-0.385365410971471	-0.232250178193495	-0.169132751680831
-0.384275305608159	-0.814717885978439	0.0611518315102308	-0.509051821201221	-0.38607219709243	-0.233923506423975	-0.170980908886874
-0.385849445595216	-0.816517595874441	0.0606042825516066	-0.50911308014327	-0.386774466192088	-0.23560075358622	-0.172839869621742
-0.387420933377269	-0.81830240304912	0.0600485670800185	-0.509154992343378	-0.387472270084173	-0.237281846752345	-0.174709604929189
-0.388989697881025	-0.820072246111897	0.0594846749370247	-0.509177525917282	-0.388165661057829	-0.238966712294513	-0.176590085021415
-0.390555668071702	-0.821827063925295	0.0589125965684593	-0.509180649857249	-0.38885469186583	-0.240655275887334	-0.17848127927993
-0.392118772954805	-0.823566795601971	0.05833232302489	-0.509164334032737	-0.38953941571316	-0.242347462510486	-0.180383156256072
-0.393678941577945	-0.825291380501848	0.0577438459620874	-0.509128549191111	-0.390219886245522	-0.244043196451363	-0.1822956836716
-0.395236103033256	-0.827000758229113	0.0571471576418943	-0.509073266958379	-0.390896157537459	-0.245742401307689	-0.184218828419651
-0.396790186458132	-0.828694868629888	0.0565422509320029	-0.508998459839904	-0.391568284081185	-0.247444999990438	-0.186152556565015
-0.398341121037188	-0.830373651789582	0.055929119306526	-0.508904101221181	-0.392236320774769	-0.24915091472662	-0.188096833345041
-0.399888836004014	-0.832037048030396	0.0553077568464368	-0.508790165368631	-0.392900322910336	-0.250860067062139	-0.190051623170519
-0.401433260642257	-0.833684997909178	0.0546781582395719	-0.508656627430394	-0.393560346162506	-0.252572377864827	-0.19201688962635
-0.4029743242868	-0.835317442215337	0.0540403187807117	-0.508503463437153	-0.394216446576722	-0.2542877673275	-0.193992595472314
-0.404511956324998	-0.836934321968845	0.053394234371694	-0.508330650302973	-0.394868680557475	-0.25600615497109	-0.195978702643947
-0.406046086198086	-0.838535578418292	0.0527399015216403	-0.508138165826182	-0.395517104856387	-0.257727459647771	-0.197975172253572
-0.40757664340166	-0.840121153039369	0.052077317346597	-0.507925988690246	-0.396161776560658	-0.259451599544325	-0.199981964590963
-0.409103557486593	-0.841690987533327	0.0514064795694613	-0.507694098464665	-0.396802753081257	-0.261178492185495	-0.201999039124291
-0.410626758059968	-0.843245023825537	0.0507273865199217	-0.507442475605909	-0.397440092141038	-0.262908054437389	-0.20402635450113
-0.412146174785659	-0.844783204064294	0.0500400371341834	-0.507171101458363	-0.398073851762965	-0.264640202511009	-0.20606386854938
-0.413661737385168	-0.846305470619647	0.0493444309548612	-0.506879958255296	-0.398704090258154	-0.266374851965813	-0.208111538278367
-0.415173375637639	-0.847811766082679	0.0486405681303534	-0.506569029119837	-0.399330866214275	-0.268111917713479	-0.210169319879629
-0.416681019380908	-0.849302033264498	0.0479284494148931	-0.506238298066	-0.399954238483389	-0.269851314021561	-0.21223716872823
-0.418184598511019	-0.850776215195942	0.0472080761676177	-0.505887749999678	-0.400574266170469	-0.271592954517489	-0.214315039383452
-0.419684042983205	-0.852234255126886	0.046479450352591	-0.505517370719724	-0.401191008621196	-0.273336752192385	-0.216402885590191
-0.421179282811835	-0.853676096526039	0.0457425745381724	-0.505127146918995	-0.401804525410182	-0.275082619405129	-0.21850066027996
-0.422670248070093	-0.855101683081	0.0449974518962209	-0.504717066185429	-0.402414876329294	-0.276830467886568	-0.220608315571804
-0.424156868890691	-0.856510958698061	0.0442440862019731	-0.504287117003172	-0.403022121375441	-0.278580208743599	-0.222725802773766
-0.425639075465325	-0.85790386750262	0.0434824818331304	-0.503837288753679	-0.403626320738927	-0.280331752463576	-0.22485307238381
-0.427116798044729	-0.859280353839519	0.0427126437693292	-0.503367571716859	-0.404227534791481	-0.282085008918687	-0.226990074091086
-0.428589966938286	-0.860640362273692	0.0419345775913494	-0.502877957072226	-0.404825824074476	-0.283839887370497	-0.229136756777025
-0.430058512514045	-0.861983837590805	0.0411482894805872	-0.502368436900081	-0.405421249286912	-0.285596296474502	-0.231293068516696
-0.431522365198418	-0.863310724798183	0.04035378621833	-0.501839004182703	-0.406013871273532	-0.287354144284836	-0.233458956580041
-0.43298145547552	-0.864620969126009	0.0395510751848213	-0.501289652805549	-0.406603751013094	-0.289113338259133	-0.235634367433
-0.43443571388685	-0.865914516028551	0.0387401643585538	-0.500720377558472	-0.407190949606437	-0.290873785263423	-0.237819246738852
-0.435885071030851	-0.867191311185609	0.0379210623154868	-0.500131174136976	-0.407775528264602	-0.292635391577135	-0.240013539359518
-0.437329457562483	-0.868451300504099	0.0370937782282875	-0.499522039143454	-0.408357548296923	-0.294398062898214	-0.242217189356948
-0.438768804192363	-0.869694430119969	0.0362583218653131	-0.498892970088462	-0.408937071099309	-0.296161704348398	-0.244430139994326
-0.440203041686635	-0.870920646400008	0.0354147035900449	-0.498243965392011	-0.409514158142165	-0.297926220478474	-0.246652333737668
-0.441632100865506	-0.872129895944312	0.0345629343597192	-0.497575024384829	-0.410088870958948	-0.299691515273889	-0.248883712256825
-0.443055912603213	-0.873322125588393	0.0337030257248403	-0.496886147309698	-0.410661271134012	-0.301457492160184	-0.251124216427218
-0.444474407827246	-0.874497282405725	0.032834989828246	-0.496177335322769	-0.411231420290821	-0.303224054008688	-0.253373786331249
-0.445887517516983	-0.875655313710697	0.0319588394038181	-0.495448590494872	-0.411799380080436	-0.304991103142434	-0.255632361259464
-0.447295172703664	-0.87679616706121	0.0310745877760263	-0.494699915812879	-0.412365212169342	-0.306758541341922	-0.257899879712419
-0.448697304469131	-0.877919790261937	0.0301822488587164	-0.493931315181043	-0.412928978227891	-0.308526269851238	-0.260176279401955
-0.45009384394476	-0.879026131367685	0.0292818371540234	-0.49314279342235	-0.413490739918649	-0.310294189384255	-0.262461497252634
-0.451484722311178	-0.880115138686615	0.0283733677517738	-0.492334356279899	-0.414050558884353	-0.312062200130795	-0.264755469403566
-0.452869870796827	-0.88118676078411	0.0274568563281834	-0.491506010418269	-0.414608496736458	-0.313830201763133	-0.267058131209728
-0.454249220677372	-0.882240946486463	0.0265323191450829	-0.490657763424897	-0.415164615043262	-0.31559809344246	-0.269369417243717
-0.455622703274738	-0.883277644884929	0.0255997730489087	-0.489789623811471	-0.415718975318237	-0.317365773825547	-0.271689261297352
-0.456990249956127	-0.884296805339935	0.0246592354696979	-0.48890160101532	-0.416271639008377	-0.319133141071527	-0.274017596383313
-0.458351792133041	-0.88529837748549	0.0237107244200713	-0.4879937054008	-0.416822667482563	-0.320900092848813	-0.276354354736796
-0.459707261260513	-0.88628231123368	0.022754258494373	-0.487065948260701	-0.417372122019833	-0.322666526342103	-0.278699467817313
-0.461056588836029	-0.887248556779493	0.0217898568675899	-0.486118341817643	-0.417920063797844	-0.32443233825956	-0.281052866310362
-0.462399706398685	-0.888197064605715	0.0208175392944373	-0.485150899225477	-0.418466553881224	-0.32619742484011	-0.283414480129251
-0.463736545528249	-0.889127785488064	0.0198373261083734	-0.484163634570682	-0.419011653209998	-0.327961681860862	-0.285784238416891
-0.465067037844392	-0.890040670500435	0.0188492382207233	-0.483156562873775	-0.41955542258796	-0.329725004644639	-0.288162069547713
-0.466391115005488	-0.890935671020517	0.0178532971195298	-0.482129700090689	-0.420097922671294	-0.331487288067755	-0.290547901129386
-0.467708708707958	-0.891812738735371	0.0168495248687335	-0.481083063114187	-0.420639213956944	-0.333248426567782	-0.292941660004845
-0.469019750685748	-0.892671825647146	0.0158379441074307	-0.480016669775255	-0.421179356770952	-0.335008314151458	-0.2953432722544
-0.470324172709004	-0.893512884079307	0.0148185780486311	-0.478930538844468	-0.421718411257246	-0.336766844402899	-0.297752663197479
-0.471621906583147	-0.894335866682897	0.0137914504782669	-0.477824690033364	-0.422256437366248	-0.338523910491866	-0.30016975739459
-0.47291288414903	-0.895140726442548	0.0127565857548218	-0.476699143995858	-0.422793494842992	-0.340279405181948	-0.302594478649852
-0.47419703728104	-0.895927416683511	0.0117140088077335	-0.475553922329545	-0.423329643216308	-0.342033220839343	-0.305026750012518
-0.475474297887417	-0.896695891077989	0.010663745137103	-0.474389047577105	-0.423864941786944	-0.343785249441287	-0.307466493779642
-0.476744597909169	-0.897446103652214	0.00960582081255886	-0.473204543227617	-0.42439944961643	-0.345535382584964	-0.309913631498049
-0.478007869319396	-0.898178008793568	0.00854026247234498	-0.472000433717893	-0.424933225515798	-0.347283511496454	-0.312368083966552
-0.479264044122541	-0.898891561257908	0.00746709732235593	-0.47077674443378	-0.425466328034384	-0.349029527039871	-0.314829771238137
-0.480513054354963	-0.899586716176544	0.00638635313593752	-0.469533501711504	-0.425998815448003	-0.350773319726344	-0.317298612622859
-0.481754832083064	-0.90026342906443	0.00529805825221636	-0.46827073283891	-0.426530745748447	-0.352514779723704	-0.319774526689497
-0.482989309404037	-0.900921655827422	0.00420224157596593	-0.466988466056752	-0.427062176631676	-0.354253796865752	-0.322257431268591
-0.484216418444709	-0.901561352770568	0.00309893257632765	-0.465686730559936	-0.42759316548707	-0.355990260662086	-0.324747243454495
-0.485436091362012	-0.902182476605859	0.00198816128645981	-0.464365556498757	-0.428123769385886	-0.35772406030775	-0.327243879608325
-0.486648260342306	-0.902784984460686	0.000869958302494852	-0.463024974980101	-0.428654045070385	-0.359455084693275	-0.329747255360302
-0.487852857601417	-0.903368833886163	-0.000255645217110586	-0.461665018068638	-0.429184048942657	-0.361183222414734	-0.332257285612505
-0.489049815384529	-0.903933982865709	-0.00138861755234486	-0.460285718787968	-0.429713837053582	-0.362908361783992	-0.334773884541571
-0.49023906596634	-0.904480389823693	-0.00252892642226651	-0.458887111121785	-0.430243465091728	-0.364630390839039	-0.337296965601535
-0.491420541651218	-0.905008013634282	-0.00367653898569374	-0.457469230014971	-0.430772988372335	-0.366349197354506	-0.339826441526711
-0.492594174772876	-0.905516813630654	-0.00483142184217268	-0.456032111374671	-0.431302461826608	-0.368064668852447	-0.34236222433433
-0.493759897695509	-0.906006749613798	-0.00599354103215096	-0.454575792071375	-0.431831939990346	-0.36977669261294	-0.344904225327971
-0.494917642813503	-0.906477781862077	-0.00716286203800326	-0.453100309939914	-0.432361476993372	-0.371485155685194	-0.347452355100256
-0.496067342552176	-0.906929871140553	-0.00833934978451253	-0.451605703780469	-0.432891126548539	-0.37318994489857	-0.350006523536114
-0.497208929367993	-0.907362978710702	-0.00952296863967953	-0.450092013359506	-0.433420941941069	-0.374890946873902	-0.352566639815784
-0.49834233574969	-0.907777066339927	-0.0107136824150587	-0.448559279410726	-0.433950976017524	-0.376588048034758	-0.355132612418327
-0.499467494218965	-0.908172096311424	-0.0119114543663829	-0.447007543635952	-0.43448128117508	-0.378281134618967	-0.357704349124913
-0.500584337330904	-0.90854803143433	-0.0131162471943906	-0.445436848705945	-0.435011909351042	-0.379970092690387	-0.360281757022011
-0.501692797675175	-0.908904835053731	-0.0143280230452521	-0.443847238261236	-0.435542912012043	-0.38165480815065	-0.36286474250499
-0.502792807877441	-0.90924247106074	-0.0155467435109316	-0.442238756912913	-0.436074340143245	-0.383335166751006	-0.365453211281856
-0.503884300599722	-0.90956090390317	-0.0167723696301871	-0.440611450243295	-0.436606244238158	-0.385011054104612	-0.368047068376475
-0.504967208542875	-0.909860098595504	-0.0180048618884299	-0.438965364806688	-0.437138674287486	-0.386682355698443	-0.370646218132911
-0.506041464446597	-0.910140020730061	-0.0192441802190377	-0.437300548129948	-0.437671679769351	-0.388348956906005	-0.373250564218494
-0.507107001092163	-0.910400636487156	-0.0204902840031808	-0.435617048713128	-0.4382053096382	-0.390010742999507	-0.375860009628355
-0.508163751303315	-0.910641912646224	-0.0217431320707467	-0.433914916029994	-0.438739612314793	-0.39166759916268	-0.378474456688999
-0.509211647948135	-0.910863816596651	-0.0230026827007824	-0.432194200528514	-0.439274635675776	-0.39331941050351	-0.381093807062429
-0.510250623941494	-0.911066316348544	-0.0242688936216607	-0.430454953631332	-0.439810427043081	-0.394966062066973	-0.383717961750602
-0.511280612246392	-0.911249380544103	-0.02554172201195	-0.428697227736132	-0.440347033174007	-0.39660743884824	-0.386346821099305
-0.512301545876291	-0.911412978468718	-0.0268211245007842	-0.426921076215973	-0.440884500250917	-0.398243425805767	-0.388980284802598
-0.513313357897704	-0.911557080062112	-0.0281070571681683	-0.425126553419592	-0.441422873870902	-0.3998739078745	-0.391618251907423
-0.514315981432104	-0.9116816559299	-0.0293994755457243	-0.423313714671597	-0.441962199035942	-0.401498769979402	-0.394260620817848
-0.515309349658883	-0.911786677354853	-0.030698334616942	-0.421482616272658	-0.442502520142634	-0.403117897048876	-0.396907289299934
-0.516293395817929	-0.911872116308443	-0.0320035888176994	-0.419633315499608	-0.443043880972247	-0.40473117402844	-0.39955815448639
-0.517268053212318	-0.911937945462485	-0.0333151920368191	-0.417765870605473	-0.443586324680853	-0.406338485894535	-0.402213112881349
-0.518233255211323	-0.911984138200766	-0.0346330976165108	-0.415880340819463	-0.444129893789422	-0.407939717668404	-0.404872060365301
-0.519188935253699	-0.912010668630667	-0.0359572583527547	-0.413976786346894	-0.444674630173902	-0.409534754430044	-0.407534892200247
-0.520135026850797	-0.912017511595011	-0.0372876264958687	-0.412055268369034	-0.445220575055542	-0.411123481332378	-0.410201503034749
-0.521071463589832	-0.912004642683918	-0.0386241537510585	-0.410115849042876	-0.44576776899125	-0.412705783615505	-0.412871786909118
-0.521998179137693	-0.911972038246585	-0.0399667912787852	-0.408158591500868	-0.44631625186384	-0.414281546620993	-0.415545637260908
-0.522915107244531	-0.911919675403229	-0.0413154896953267	-0.406183559850557	-0.446866062872509	-0.415850655806346	-0.41822294693033
-0.523822181747658	-0.911847532057038	-0.0426701990732735	-0.404190819174159	-0.447417240523323	-0.417412996759551	-0.420903608165853
-0.524719336575079	-0.911755586906361	-0.0440308689423173	-0.402180435528033	-0.447969822620034	-0.418968455213871	-0.423587512629644
-0.525606505750461	-0.91164381945637	-0.0453974482893522	-0.400152475942152	-0.448523846254293	-0.420516917062378	-0.426274551403823
-0.526483623397076	-0.91151221003128	-0.0467698855592385	-0.398107008419441	-0.449079347796562	-0.422058268372912	-0.42896461499618
-0.52735062374179	-0.911360739786616	-0.0481481286556478	-0.396044101935009	-0.449636362887165	-0.423592395403164	-0.431657593345951
-0.528207441120205	-0.911189390721083	-0.0495321249413757	-0.39396382643538	-0.450194926426873	-0.425119184615583	-0.434353375830265
-0.529054009981667	-0.910998145688546	-0.0509218212388508	-0.391866252837616	-0.450755072567744	-0.426638522692441	-0.437051851270548
-0.529890264893435	-0.910786988410494	-0.0523171638311896	-0.38975145302831	-0.451316834704552	-0.428150296551271	-0.439752907938489
-0.530716140546313	-0.910555903487889	-0.0537180984625869	-0.387619499862559	-0.451880245465625	-0.429654393360026	-0.442456433562856
-0.531531571759838	-0.910304876413311	-0.0551245703390491	-0.385470467162831	-0.452445336704078	-0.431150700552469	-0.445162315336096
-0.53233649348745	-0.910033893583158	-0.0565365241292655	-0.383304429717728	-0.453012139489235	-0.432639105843722	-0.447870439920963
-0.533130840822448	-0.909742942309549	-0.0579539039651593	-0.381121463280703	-0.453580684097802	-0.434119497245678	-0.450580693457613
-0.53391454900332	-0.909432010832575	-0.0593766534429076	-0.378921644568631	-0.454151000005554	-0.435591763082734	-0.453292961570392
-0.534687553419775	-0.909101088332273	-0.0608047156237038	-0.376705051260351	-0.45472311587883	-0.437055792007418	-0.456007129375039
-0.535449789618896	-0.908750164940581	-0.0622380330345731	-0.374471761995071	-0.455297059566139	-0.438511473016103	-0.458723081486012
-0.536201193311241	-0.908379231753381	-0.0636765476693553	-0.372221856370723	-0.455872858089994	-0.439958695464835	-0.461440702023806
-0.536941700377314	-0.907988280842373	-0.0651202009896069	-0.369955414942178	-0.456450537638713	-0.441397349085163	-0.464159874622519
-0.537671246873997	-0.907577305267022	-0.0665689339256613	-0.367672519219407	-0.457030123558451	-0.442827324000071	-0.466880482437444
-0.538389769041004	-0.907146299086499	-0.0680226868778012	-0.365373251665506	-0.4576116403454	-0.444248510740012	-0.469602408152693
-0.539097203308556	-0.906695257371098	-0.0694813997169341	-0.363057695694696	-0.458195111637537	-0.445660800258665	-0.472325533989572
-0.539793486303313	-0.906224176214448	-0.0709450117863085	-0.360725935670121	-0.458780560207497	-0.447064083949294	-0.47504974171399
-0.540478554856506	-0.905733052744724	-0.0724134619022157	-0.358378056901651	-0.459368007954472	-0.448458253660555	-0.477774912645167
-0.541152346010297	-0.905221885136687	-0.0738866883557601	-0.356014145643485	-0.459957475897248	-0.449843201712891	-0.480500927663363
-0.54181479702632	-0.904690672622697	-0.0753646289136364	-0.353634289091774	-0.460548984166304	-0.451218820914359	-0.48322766721891
-0.542465845392629	-0.90413941550445	-0.0768472208198658	-0.351238575382015	-0.461142551996927	-0.452585004577016	-0.485955011340358
-0.543105428831587	-0.903568115164294	-0.0783344007972028	-0.348827093586424	-0.461738197722086	-0.453941646533078	-0.488682839643199
-0.543733485308063	-0.902976774076328	-0.0798261050485172	-0.346399933711182	-0.462335938765294	-0.455288641151053	-0.491411031338832
-0.544349953037437	-0.902365395817612	-0.0813222692584309	-0.343957186693577	-0.46293579163383	-0.456625883351992	-0.494139465243437
-0.544954770493619	-0.901733985079301	-0.0828228285950842	-0.341498944399017	-0.463537771912138	-0.457953268625789	-0.496868019786908
-0.545547876418007	-0.901082547677327	-0.0843277177115891	-0.339025299617994	-0.464141894254959	-0.459270693047247	-0.499596573022378
-0.546129209827408	-0.900411090563492	-0.0858368707481438	-0.336536346062858	-0.464748172381222	-0.460578053292502	-0.502325002635174
-0.546698710023417	-0.899719621835855	-0.0873502213335739	-0.334032178364579	-0.465356619067383	-0.461875246655044	-0.505053185952676
-0.54725631660081	-0.899008150749499	-0.0888677025875201	-0.331512892069303	-0.465967246141509	-0.463162171062072	-0.507780999953636
-0.547801969456604	-0.898276687726943	-0.0903892471224436	-0.328978583634862	-0.466580064477234	-0.464438725090679	-0.510508321277937
-0.548335608799496	-0.897525244368274	-0.0919147870455971	-0.326429350427161	-0.467195083987731	-0.465704807983934	-0.513235026236621
-0.548857175158857	-0.896753833461452	-0.0934442539613864	-0.323865290716431	-0.467812313620159	-0.466960319667144	-0.515960990821685
-0.549366609394507	-0.895962468992123	-0.0949775789734797	-0.321286503673408	-0.468431761349905	-0.468205160763855	-0.518686090716414
-0.549863852705773	-0.895151166153709	-0.0965146926874583	-0.318693089365333	-0.469053434175463	-0.469439232612118	-0.521410201305296
-0.550348846641686	-0.89431994135685	-0.0980555252130391	-0.316085148751925	-0.469677338112912	-0.470662437280383	-0.524133197684699
-0.550821533110923	-0.893468812238873	-0.0996000061666052	-0.313462783681195	-0.470303478190791	-0.471874677583473	-0.526854954673404
-0.551281854391201	-0.892597797673403	-0.10114806467415	-0.310826096885111	-0.470931858445473	-0.473075857098736	-0.529575346822894
-0.551729753139685	-0.891706917779383	-0.1026996293739	-0.308175191975194	-0.471562481916259	-0.474265880181852	-0.532294248428266
-0.552165172403654	-0.890796193929851	-0.104254628418967	-0.305510173438031	-0.47219535064056	-0.475444651982537	-0.535011533539365
-0.55258805563005	-0.889865648761119	-0.105812989480718	-0.30283114663056	-0.472830465649923	-0.476612078460598	-0.53772707597129
-0.552998346676508	-0.888915306181103	-0.107374639751573	-0.30013821777535	-0.473467826965489	-0.477768066401461	-0.540440749315824
-0.553395989822053	-0.887945191377695	-0.108939505948152	-0.297431493955725	-0.474107433593906	-0.478912523431787	-0.543152426952736
-0.553780929777144	-0.886955330827271	-0.110507514314884	-0.294711083110719	-0.474749283523798	-0.480045358035255	-0.545861982060722
-0.55415311169555	-0.885945752302183	-0.112078590626908	-0.29197709403004	-0.475393373721517	-0.481166479567692	-0.548569287629498
-0.554512481184123	-0.88491648487911	-0.113652660194152	-0.289229636348747	-0.476039700128277	-0.482275798272856	-0.551274216470684
-0.554858984314734	-0.883867558946176	-0.11522964786454	-0.286468820541966	-0.476688257656345	-0.483373225297432	-0.553976641230037
-0.555192567634997	-0.882799006210501	-0.11680947802794	-0.28369475791939	-0.477339040186167	-0.484458672706378	-0.556676434398999
-0.555513178179472	-0.881710859705338	-0.118392074620062	-0.280907560619691	-0.477992040563456	-0.485532053498028	-0.55937346832659
-0.555820763481175	-0.880603153796868	-0.119977361126363	-0.278107341604822	-0.478647250596383	-0.486593281619031	-0.562067615231533
-0.556115271583352	-0.87947592419068	-0.121565260586007	-0.275294214654221	-0.47930466105287	-0.487642271979098	-0.564758747214592
-0.556396651050159	-0.878329207938587	-0.123155695596501	-0.272468294358807	-0.479964261658722	-0.488678940466057	-0.567446736270294
-0.556664850978669	-0.877163043444579	-0.124748588317865	-0.269629696114942	-0.480626041095293	-0.489703203960328	-0.570131454299511
-0.556919821010966	-0.875977470470551	-0.126343860476952	-0.266778536118295	-0.481289986997376	-0.490714980349304	-0.57281277312214
-0.557161511345275	-0.874772530142247	-0.127941433372353	-0.263914931357489	-0.481956085951835	-0.491714188541926	-0.575490564489253
-0.557389872748084	-0.873548264954522	-0.129541227879026	-0.261038999607702	-0.482624323495983	-0.492700748482816	-0.578164700095904
-0.557604856566075	-0.872304718776458	-0.131143164453177	-0.258150859424152	-0.483294684116301	-0.493674581166344	-0.58083505159386
-0.55780641473797	-0.871041936856301	-0.132747163137317	-0.255250630135414	-0.483967151247454	-0.494635608650643	-0.583501490604337
-0.557994499806675	-0.86975996582598	-0.134353143565392	-0.252338431836687	-0.484641707271415	-0.495583754071302	-0.586163888730973
-0.558169064931245	-0.868458853705484	-0.135961024968126	-0.249414385382882	-0.485318333516924	-0.49651894165505	-0.588822117572747
-0.558330063898842	-0.867138649907016	-0.137570726178514	-0.246478612381614	-0.485997010259206	-0.497441096733312	-0.591476048736921
-0.558477451137386	-0.865799405238472	-0.139182165637207	-0.243531235186131	-0.486677716719581	-0.498350145755267	-0.594125553852488
-0.558611181727409	-0.864441171907134	-0.140795261398364	-0.240572376888028	-0.487360431065732	-0.499246016301165	-0.596770504583159
-0.55873121141426	-0.86306400352286	-0.142409931135542	-0.237602161309919	-0.488045130412061	-0.500128637095257	-0.599410772640631
-0.558837496620653	-0.861667955100848	-0.144026092147567	-0.234620712997981	-0.488731790820094	-0.500997938018466	-0.602046229798106
-0.558929994458824	-0.860253083064302	-0.145643661364747	-0.231628157214371	-0.489420387299356	-0.501853850121012	-0.60467674790363
-0.5590086627428	-0.858819445246772	-0.147262555355181	-0.228624619929533	-0.490110893808437	-0.50269630563483	-0.607302198893544
-0.559073460000778	-0.857367100894123	-0.148882690331172	-0.225610227814394	-0.490803283256234	-0.503525237985735	-0.609922454806054
-0.559124345487579	-0.855896110666181	-0.15050398215576	-0.222585108232455	-0.491497527503425	-0.504340581805384	-0.612537387794905
-0.55916127919698	-0.854406536638125	-0.152126346349453	-0.219549389231771	-0.492193597364228	-0.505142272943057	-0.615146870143015
-0.559184221873927	-0.852898442301654	-0.153749698097152	-0.216503199536782	-0.492891462608493	-0.505930248477323	-0.617750774276099
-0.559193135027073	-0.851371892565629	-0.155373952255106	-0.213446668540119	-0.493591091963855	-0.506704446727267	-0.620348972776541
-0.559187980941228	-0.849826953756486	-0.156999023358	-0.210379926294218	-0.494292453118168	-0.507464807263663	-0.622941338397251
-0.559168722689194	-0.848263693618613	-0.158624825626498	-0.207303103502843	-0.494995512722533	-0.508211270920046	-0.625527744075201
-0.559135324144724	-0.846682181313819	-0.160251272974401	-0.204216331512554	-0.495700236393938	-0.508943779803176	-0.6281080629457
-0.559087749994456	-0.845082487421013	-0.161878279016412	-0.201119742304023	-0.496406588718712	-0.509662277303631	-0.630682168356081
-0.559025965750108	-0.843464683935382	-0.163505757075898	-0.198013468483227	-0.497114533256049	-0.510366708106063	-0.633249933879609
-0.558949937761135	-0.841828844267013	-0.165133620192602	-0.194897643272619	-0.497824032541545	-0.51105701819903	-0.635811233329701
-0.558859633226289	-0.840175043239712	-0.166761781130943	-0.191772400502089	-0.498535048091535	-0.511733154884973	-0.638365940773534
-0.558755020206375	-0.838503357088861	-0.168390152387936	-0.188637874599921	-0.499247540407032	-0.512395066789492	-0.640913930546428
-0.558636067635835	-0.836813863459523	-0.170018646201726	-0.185494200583581	-0.499961468978518	-0.51304270387078	-0.643455077265553
-0.55850274533507	-0.835106641403803	-0.171647174559943	-0.182341514050448	-0.50067679229057	-0.513676017428528	-0.645989255844139
-0.558355024022539	-0.833381771377948	-0.173275649208248	-0.179179951168447	-0.501393467826817	-0.514294960112595	-0.648516341505589
-0.558192875326005	-0.831639335239549	-0.174903981659377	-0.176009648666527	-0.502111452075599	-0.514899485931761	-0.65103620979711
-0.558016271795378	-0.829879416243491	-0.176532083201594	-0.172830743825162	-0.502830700534951	-0.515489550261544	-0.653548736604379
-0.557825186913311	-0.828102099038751	-0.178159864908229	-0.169643374466604	-0.503551167719056	-0.516065109852594	-0.656053798164853
-0.55761959510788	-0.82630746966369	-0.179787237646412	-0.166447678945211	-0.504272807163745	-0.516626122837987	-0.658551271082422
-0.55739947176336	-0.82449561554196	-0.18141411208673	-0.163243796137534	-0.504995571433261	-0.517172548740939	-0.661041032340909
-0.557164793232313	-0.822666625477357	-0.183040398712419	-0.160031865432439	-0.505719412126509	-0.517704348481701	-0.663522959318441
-0.556915536846372	-0.82082058964895	-0.184666007829199	-0.156812026721039	-0.506444279884219	-0.518221484384649	-0.66599692980104
-0.556651680927958	-0.818957599605326	-0.186290849574805	-0.153584420386629	-0.507170124395799	-0.51872392018467	-0.66846282199683
-0.556373204801307	-0.81707774825881	-0.187914833928894	-0.150349187294483	-0.507896894406758	-0.519211621033513	-0.670920514549869
-0.556080088803196	-0.815181129879446	-0.189537870723159	-0.147106468781571	-0.508624537726492	-0.519684553505907	-0.673369886553804
-0.555772314294389	-0.813267840088183	-0.191159869651213	-0.143856406646243	-0.509353001235854	-0.520142685605066	-0.67581081756605
-0.555449863669753	-0.811337975850383	-0.192780740279118	-0.140599143137756	-0.510082230895645	-0.520585986768381	-0.678243187621134
-0.555112720369375	-0.80939163546836	-0.194400392055533	-0.137334820945803	-0.510812171754731	-0.521014427872354	-0.68066687724473
-0.554760868888869	-0.807428918573983	-0.196018734322307	-0.134063583189926	-0.511542767958784	-0.521427981237526	-0.683081767467206
-0.554394294789858	-0.805449926120733	-0.197635676325018	-0.130785573408874	-0.512273962759095	-0.521826620632957	-0.685487739837326
-0.554012984709658	-0.803454760375812	-0.199251127223922	-0.127500935549838	-0.51300569852199	-0.522210321280682	-0.687884676435463
-0.553616926371997	-0.801443524911258	-0.20086499610452	-0.124209813957718	-0.513737916737855	-0.522579059859382	-0.690272459887525
-0.553206108596533	-0.799416324595301	-0.202477191988663	-0.120912353364235	-0.514470558030959	-0.522932814508173	-0.692650973378132
-0.552780521308207	-0.797373265583394	-0.204087623845767	-0.117608698876982	-0.515203562169534	-0.523271564830087	-0.695020100663724
-0.552340155547666	-0.795314455308235	-0.205696200603632	-0.11429899596851	-0.515936868075416	-0.523595291894755	-0.697379726086389
-0.551885003479569	-0.793240002470546	-0.20730283116015	-0.110983390465199	-0.516670413834991	-0.523903978241558	-0.699729734586354
-0.551415058402326	-0.791150017028619	-0.208907424394464	-0.1076620285362	-0.517404136709489	-0.52419760788183	-0.702070011715438
-0.55093031475714	-0.789044610187843	-0.210509889178427	-0.104335056682272	-0.518137973145808	-0.524476166300943	-0.704400443650074
-0.550430768136331	-0.786923894390203	-0.212110134388378	-0.10100262172454	-0.51887185878785	-0.524739640460314	-0.706720917203908
-0.549916415292145	-0.784787983303087	-0.213708068916717	-0.0976648707932386	-0.519605728487719	-0.524988018798816	-0.70903131984072
-0.549387254145259	-0.782636991807836	-0.215303601683634	-0.0943219513164017	-0.520339516317211	-0.52522129123392	-0.711331539687195
-0.54884328379273	-0.780471035988192	-0.216896641649052	-0.0909740110084823	-0.52107315557972	-0.525439449162676	-0.713621465545346
-0.548284504515883	-0.77829023311834	-0.218487097824576	-0.0876211978589374	-0.521806578822278	-0.525642485462309	-0.715900986904925
-0.547710917788204	-0.776094701650553	-0.220074879285473	-0.0842636601207771	-0.522539717847716	-0.525830394490437	-0.718169993955856
-0.547122526282784	-0.773884561202633	-0.22165989518277	-0.0809015462990653	-0.523272503727145	-0.526003172085043	-0.720428377600417
-0.54651933387939	-0.771659932545178	-0.223242054755521	-0.0775350051393682	-0.52400486681276	-0.526160815564224	-0.722676029465169
-0.545901345671778	-0.769420937588259	-0.224821267342929	-0.0741641856161966	-0.524736736750574	-0.526303323725417	-0.724912841913094
-0.545268567974239	-0.76716769936815	-0.226397442396757	-0.0707892369213891	-0.525468042493678	-0.526430696844544	-0.72713870805523
-0.544621008328307	-0.764900342033503	-0.227970489493632	-0.0674103084524612	-0.526198712315462	-0.526542936674685	-0.729353521762445
-0.54395867550905	-0.762618990831379	-0.229540318347487	-0.0640275498009611	-0.526928673823161	-0.526640046444488	-0.731557177676946
-0.543281579530987	-0.760323772093082	-0.231106838822083	-0.0606411107407331	-0.527657853971657	-0.526722030856385	-0.733749571223565
-0.542589731653987	-0.758014813219552	-0.232669960943501	-0.0572511412162156	-0.528386179077341	-0.526788896084333	-0.735930598621043
-0.541883144388815	-0.755692242666588	-0.234229594912721	-0.0538577913306905	-0.529113574832243	-0.52684064977134	-0.738100156893107
-0.54116183150256	-0.753356189929718	-0.235785651118181	-0.0504612113345324	-0.529839966318254	-0.526877301026599	-0.740258143879468
-0.540425808023052	-0.751006785529231	-0.237338040148639	-0.0470615516133605	-0.530565278021952	-0.526898860422664	-0.742404458246183
-0.539675090244538	-0.7486441609941	-0.238886672805528	-0.0436589626763327	-0.53128943384877	-0.526905339991639	-0.744538999496838
-0.538909695731329	-0.74626844884667	-0.240431460115952	-0.0402535951442491	-0.532012357138308	-0.526896753221856	-0.746661667982427
-0.538129643322357	-0.743879782586411	-0.241972313345302	-0.0368455997377585	-0.532733970679163	-0.526873115053726	-0.748772364911818
-0.537334953135143	-0.741478296673621	-0.243509144009973	-0.0334351272655321	-0.533454196724096	-0.526834441875428	-0.750870992361846
-0.536525646569332	-0.739064126513009	-0.245041863890182	-0.0300223286124136	-0.534172957005466	-0.52678075151838	-0.752957453287141
-0.535701746309957	-0.736637408437013	-0.246570385042759	-0.0266073547275676	-0.534890172750784	-0.526712063252407	-0.75503165152975
-0.534863276330688	-0.734198279688776	-0.248094619813863	-0.0231903566126477	-0.535605764698308	-0.526628397780507	-0.757093491828797
-0.534010261896456	-0.731746878405074	-0.249614480851813	-0.0197714853099476	-0.536319653112941	-0.526529777233462	-0.759142879829686
-0.533142729566129	-0.729283343598861	-0.25112988111979	-0.0163508918905683	-0.537031757802106	-0.526416225164029	-0.761179722093375
-0.532260707194522	-0.726807815141829	-0.252640733908658	-0.0129287274425792	-0.537741998131964	-0.526287766541009	-0.7632039261052
-0.531364223934147	-0.724320433746727	-0.254146952849762	-0.00950514305917122	-0.538450293043729	-0.526144427743011	-0.765215400283508
-0.530453310237402	-0.721821340949095	-0.255648451927445	-0.00608028982690128	-0.539156561069737	-0.525986236551624	-0.767214053988618
-0.52952799785703	-0.719310679089627	-0.257145145492033	-0.00265431881381769	-0.539860720350402	-0.525813222144945	-0.769199797530585
-0.528588319847871	-0.716788591295427	-0.258636948272248	0.000772618942262205	-0.54056268865042	-0.525625415090124	-0.77117254217786
-0.527634310567039	-0.71425522146185	-0.260123775388015	0.0042003724455592	-0.541262383375799	-0.525422847336207	-0.773132200164869
-0.526666005674698	-0.711710714233641	-0.261605542362923	0.00762879075404279	-0.541959721590489	-0.525205552206317	-0.775078684699997
-0.525683442133578	-0.709155214986474	-0.263082165136966	0.0110577229912061	-0.542654620033638	-0.524973564389994	-0.777011909972727
-0.524686658209301	-0.706588869807679	-0.264553560078852	0.0144870183577142	-0.543346995136341	-0.52472691993477	-0.778931791161299
-0.523675693469743	-0.704011825477225	-0.266019643998481	0.0179165261430779	-0.544036763038837	-0.524465656237796	-0.780838244439732
-0.522650588783829	-0.701424229448693	-0.267480334159452	0.0213460957373312	-0.544723839607932	-0.524189812037323	-0.782731186984444
-0.521611386320763	-0.698826229829701	-0.268935548291253	0.0247755766425966	-0.545408140454102	-0.523899427403604	-0.784610536981153
-0.520558129548209	-0.696217975362613	-0.270385204601621	0.0282048184846954	-0.546089580949066	-0.52359454372988	-0.786476213631068
-0.519490863230957	-0.693599615404688	-0.271829221788575	0.0316336710246351	-0.546768076243004	-0.523275203722768	-0.788328137157386
-0.518409633428354	-0.69097129990863	-0.273267519052667	0.0350619841701514	-0.547443541282335	-0.522941451392834	-0.790166228810948
-0.517314487492185	-0.688333179402604	-0.274700016108898	0.0384896079871397	-0.54811589082714	-0.522593332044576	-0.791990410876177
-0.516205474063887	-0.685685404970359	-0.276126633198661	0.0419163927110605	-0.548785039468837	-0.522230892266354	-0.793800606676558
-0.515082643071495	-0.683028128231228	-0.277547291101576	0.0453421887583143	-0.549450901647878	-0.521854179920064	-0.795596740579905
-0.513946045726183	-0.680361501320088	-0.278961911147258	0.0487668467375654	-0.550113391671518	-0.521463244130638	-0.79737873800336
-0.512795734518909	-0.677685676867027	-0.280370415226841	0.0521902174609742	-0.550772423731431	-0.521058135275141	-0.799146525418408
-0.511631763216163	-0.675000807977249	-0.281772725804589	0.0556121519554427	-0.551427911921641	-0.520638904971918	-0.8009000303553
-0.510454186855715	-0.672307048210752	-0.283168765929285	0.0590325014737598	-0.552079770256321	-0.520205606069395	-0.802639181407418
-0.509263061742306	-0.669604551561791	-0.284558459245431	0.0624511175056824	-0.552727912687473	-0.519758292634553	-0.804363908235615
-0.508058445442672	-0.666893472438506	-0.285941730004437	0.0658678517889819	-0.55337225312282	-0.519297019941389	-0.806074141572049
-0.506840396779852	-0.664173965642746	-0.2873185030758	0.0692825563204626	-0.55401270544391	-0.518821844459346	-0.807769813223513
-0.505608975828457	-0.661446186349101	-0.288688703957772	0.0726950833668113	-0.554649183523546	-0.518332823840986	-0.809450856075401
-0.504364243908226	-0.658710290084743	-0.29005225878831	0.0761052854755058	-0.555281601243972	-0.51783001691012	-0.811117204094472
-0.503106263578481	-0.655966432708522	-0.291409094355533	0.079513015485537	-0.555909872514392	-0.517313483649201	-0.812768792332194
-0.501835098631195	-0.653214770390707	-0.292759138108359	0.0829181265381806	-0.556533911289062	-0.51678328518706	-0.814405556927129
-0.500550814084796	-0.650455459592074	-0.294102318166662	0.0863204720875793	-0.557153631584797	-0.516239483785965	-0.816027435107765
-0.499253476176605	-0.647688657043658	-0.295438563331628	0.0897199059113671	-0.557768947499032	-0.515682142829036	-0.81763436519441
-0.497943152356104	-0.644914519725806	-0.296767803095584	0.0931162821211051	-0.558379773227229	-0.515111326806954	-0.819226286601595
-0.496619911277128	-0.642133204847722	-0.298089967651926	0.096509455172727	-0.558986023080677	-0.514527101304897	-0.820803139839737
-0.495283822789863	-0.639344869826988	-0.299404987904827	0.0998992798768654	-0.559587611504192	-0.513929532989266	-0.822364866516592
-0.493934957932973	-0.636549672268814	-0.30071279547867	0.103285611409097	-0.560184453093525	-0.513318689594075	-0.823911409338811
-0.492573388924903	-0.633747769945695	-0.30201332272746	0.10666830532013	-0.560776462613034	-0.512694639907461	-0.825442712112851
-0.491199189155376	-0.630939320776767	-0.303306502743906	0.110047217545867	-0.561363555012995	-0.512057453757811	-0.826958719746006
-0.489812433176338	-0.628124482807404	-0.304592269368426	0.113422204417414	-0.561945645447029	-0.511407201999909	-0.828459378247009
-0.488413196692719	-0.62530341418879	-0.305870557197912	0.116793122670989	-0.562522649289376	-0.510743956500898	-0.829944634726476
-0.487001556552767	-0.622476273157656	-0.307141301594374	0.120159829457752	-0.563094482152188	-0.510067790126206	-0.831414437397006
-0.485577590738684	-0.619643218015712	-0.308404438693211	0.123522182353495	-0.563661059902426	-0.509378776725066	-0.832868735573452
-0.484141378355785	-0.616804407109901	-0.309659905411641	0.126880039368357	-0.564222298679309	-0.508676991116531	-0.834307479672137
-0.482692999623176	-0.61395999881162	-0.310907639456419	0.130233258956264	-0.564778114910719	-0.507962509074489	-0.835730621211065
-0.481232535862331	-0.611110151497174	-0.312147579331884	0.133581700024462	-0.565328425330487	-0.507235407313502	-0.837138112808636
-0.4797600694869	-0.608255023527379	-0.313379664347369	0.136925221942798	-0.565873146994774	-0.5064957634738	-0.838529908183177
-0.478275683991197	-0.605394773227939	-0.314603834624713	0.140263684553019	-0.566412197298927	-0.505743656106732	-0.839905962151505
-0.476779463939222	-0.60252955886941	-0.315820031105343	0.143596948177886	-0.566945493993771	-0.504979164659715	-0.841266230627819
-0.475271494952884	-0.599659538647636	-0.317028195557285	0.146924873630238	-0.567472955202106	-0.504202369461406	-0.842610670621977
-0.473751863700428	-0.596784870664016	-0.318228270581855	0.150247322221923	-0.567994499434823	-0.503413351706559	-0.843939240237886
-0.472220657884375	-0.593905712906024	-0.319420199620185	0.153564155772637	-0.568510045607025	-0.502612193440942	-0.845251898671485
-0.470677966229122	-0.591022223227953	-0.320603926959565	0.156875236618677	-0.569019513054078	-0.501798977546254	-0.846548606208457
-0.469123878468862	-0.588134559331401	-0.321779397739413	0.160180427621525	-0.569522821547214	-0.500973787724676	-0.847829324222095
-0.467558485334654	-0.585242878746318	-0.322946557957185	0.163479592176399	-0.570019891309341	-0.500136708483718	-0.849094015170547
-0.465981878541522	-0.58234733881202	-0.324105354473993	0.166772594220657	-0.57051064303056	-0.499287825120861	-0.850342642593999
-0.464394150775642	-0.57944809665816	-0.325255735019921	0.170059298242079	-0.570994997883367	-0.498427223708031	-0.851575171111904
-0.462795395680831	-0.576545309186152	-0.326397648199229	0.173339569287065	-0.571472877537973	-0.497554991076246	-0.852791566419623
-0.46118570784526	-0.573639133050483	-0.327531043495214	0.176613272968702	-0.571944204177208	-0.496671214800033	-0.853991795285215
-0.459565182787681	-0.570729724640353	-0.328655871274917	0.179880275474724	-0.572408900511425	-0.495775983181944	-0.855175825545786
-0.457933916943676	-0.567817240061369	-0.329772082793533	0.183140443575359	-0.572866889793134	-0.49486938523696	-0.856343626103835
-0.456292007651632	-0.56490183511742	-0.330879630198615	0.186393644631059	-0.573318095831475	-0.493951510676884	-0.857495166923335
-0.454639553138529	-0.561983665292761	-0.33197846653402	0.18963974660011	-0.573762443006534	-0.493022449894734	-0.85863041902561
-0.452976652505563	-0.559062885734246	-0.333068545743641	0.192878618046139	-0.574199856283471	-0.49208229394913	-0.859749354485067
-0.451303405713759	-0.556139651233644	-0.334149822674831	0.196110128145474	-0.574630261226362	-0.491131134548555	-0.860851946424834
-0.449619913569286	-0.553214116210216	-0.335222253081639	0.199334146694412	-0.575053584011934	-0.49016906403571	-0.861938169012154
-0.447926277708392	-0.550286434693643	-0.336285793627846	0.202550544116378	-0.575469751443224	-0.489196175371972	-0.863007997453429
-0.446222600582788	-0.547356760306721	-0.337340401889611	0.205759191468918	-0.575878690962701	-0.488212562121532	-0.864061407989528
-0.444508985444329	-0.544425246248645	-0.338386036358019	0.208959960450618	-0.576280330665508	-0.487218318435848	-0.865098377890541
-0.442785536329884	-0.54149204527824	-0.339422656441282	0.212152723407876	-0.576674599312294	-0.486213539037912	-0.866118885450597
-0.44105235804593	-0.538557309697528	-0.340450222466765	0.215337353341558	-0.577061426341946	-0.485198319206638	-0.867122909982429
-0.439309556153161	-0.535621191335358	-0.341468695682694	0.218513723913531	-0.577440741884002	-0.484172754761153	-0.868110431811879
-0.437557236950691	-0.532683841531465	-0.342478038259712	0.2216817094531	-0.577812476771023	-0.483136942045305	-0.869081432272064
-0.43579550746051	-0.529745411120474	-0.343478213292097	0.224841184963271	-0.578176562550535	-0.482090977911963	-0.87003589369764
-0.434024475411806	-0.526806050416152	-0.344469184798741	0.227992026126911	-0.578532931496778	-0.481034959707373	-0.870973799418921
-0.432244249224594	-0.523865909196224	-0.345450917724006	0.231134109312843	-0.578881516622523	-0.479968985255872	-0.871895133755428
-0.430454937994205	-0.520925136686834	-0.34642337793815	0.234267311581707	-0.579222251690183	-0.478893152844111	-0.872799882009991
-0.428656651475103	-0.517983881547545	-0.347386532237607	0.237391510691771	-0.579555071222977	-0.477807561205632	-0.873688030462299
-0.426849500064344	-0.51504229185679	-0.348340348345106	0.240506585104646	-0.579879910516031	-0.476712309505651	-0.874559566362142
-0.425033594786012	-0.512100515096821	-0.349284794909308	0.243612413990749	-0.58019670564666	-0.475607497325289	-0.875414477923251
-0.423209047274112	-0.509158698139874	-0.350219841504522	0.246708877234825	-0.580505393485231	-0.474493224646685	-0.876252754316016
-0.421375969756904	-0.506216987233542	-0.351145458629854	0.249795855441152	-0.58080591170494	-0.473369591837303	-0.87707438566111
-0.419534475040068	-0.503275527987129	-0.352061617708363	0.252873229938781	-0.581098198791988	-0.472236699634939	-0.877879363022254
-0.417684676490411	-0.500334465357845	-0.352968291085845	0.255940882786544	-0.581382194055166	-0.471094649132435	-0.878667678399273
-0.415826688019281	-0.497393943637367	-0.353865452029433	0.258998696777997	-0.58165783763534	-0.469943541762596	-0.879439324720884
-0.413960624065805	-0.494454106438763	-0.354753074725993	0.262046555446233	-0.581925070514768	-0.468783479283257	-0.880194295837286
-0.412086599580862	-0.491515096683097	-0.355631134280126	0.265084343068506	-0.582183834525741	-0.467614563761969	-0.880932586513193
-0.410204730009795	-0.488577056587126	-0.356499606712193	0.268111944670844	-0.582434072359663	-0.466436897561472	-0.881654192419913
-0.408315131276212	-0.485640127650466	-0.357358468955882	0.271129246032432	-0.582675727575259	-0.465250583324584	-0.882359110128126
-0.406417919765258	-0.482704450643349	-0.358207698855654	0.274136133689926	-0.582908744606827	-0.464055723959481	-0.883047337100205
-0.404513212306609	-0.479770165594805	-0.359047275164008	0.277132494941661	-0.58313306877238	-0.462852422625197	-0.883718871682274
-0.402601126158421	-0.476837411780417	-0.359877177538346	0.280118217851648	-0.583348646281008	-0.461640782716657	-0.88437371309687
-0.400681778990054	-0.473906327711161	-0.360697386537848	0.283093191253573	-0.583555424240665	-0.460420907850492	-0.885011861434669
-0.39875528886585	-0.470977051121762	-0.361507883619926	0.286057304754551	-0.583753350665116	-0.459192901850344	-0.885633317646876
-0.396821774228009	-0.468049718959935	-0.362308651136641	0.28901044873888	-0.583942374481165	-0.457956868732787	-0.88623808353691
-0.394881353880697	-0.465124467374996	-0.363099672330663	0.291952514371516	-0.584122445534903	-0.456712912692615	-0.88682616175288
-0.392934146972511	-0.462201431707913	-0.363880931331361	0.294883393601626	-0.58429351459869	-0.455461138089229	-0.887397555778836
-0.390980272980594	-0.459280746480422	-0.364652413150349	0.297802979165839	-0.584455533376928	-0.45420164943213	-0.887952269927105
-0.38901985169383	-0.456362545385095	-0.365414103677028	0.300711164591477	-0.584608454512149	-0.452934551367099	-0.888490309329908
-0.387053003196366	-0.453446961275408	-0.366165989673858	0.303607844199638	-0.584752231590659	-0.451659948662286	-0.889011679931128
-0.385079847851011	-0.45053412615619	-0.36690805877147	0.306492913108186	-0.584886819148039	-0.450377946194509	-0.88951638847792
-0.383100506283014	-0.44762417117409	-0.367640299463517	0.30936626723457	-0.585012172674215	-0.449088648935458	-0.890004442512522
-0.381115099363679	-0.444717226608399	-0.368362701101379	0.312227803298568	-0.585128248618368	-0.447792161938132	-0.890475850363863
-0.379123748193935	-0.441813421862223	-0.369075253888679	0.315077418824907	-0.585235004393677	-0.446488590323431	-0.890930621139077
-0.377126574088062	-0.438912885453809	-0.36977794887562	0.317915012145778	-0.585332398381741	-0.445178039266825	-0.891368764715053
-0.375123698557726	-0.436015745007955	-0.370470777953077	0.320740482403195	-0.585420389936639	-0.443860613984971	-0.891790291730112
-0.373115243295735	-0.433122127247883	-0.37115373384658	0.323553729551276	-0.585498939388898	-0.44253641972265	-0.892195213575442
-0.371101330159967	-0.430232157987313	-0.37182681011011	0.326354654358421	-0.585568008049196	-0.441205561739775	-0.89258354238656
-0.369082081157529	-0.427345962122641	-0.372490001119683	0.329143158409328	-0.585627558211715	-0.439868145298405	-0.892955291034862
-0.36705761842883	-0.424463663625483	-0.373143302066806	0.331919144106954	-0.585677553157341	-0.438524275649987	-0.893310473119058
-0.365028064231972	-0.421585385535304	-0.373786708951728	0.334682514674308	-0.585717957156505	-0.437174058022582	-0.893649102956737
-0.36299354092661	-0.41871124995271	-0.374420218576633	0.337433174156227	-0.585748735472113	-0.435817597608577	-0.893971195575496
-0.360954170959109	-0.415841378032116	-0.375043828538475	0.340171027420896	-0.585769854361575	-0.434454999551795	-0.89427676670491
-0.358910076846429	-0.412975889975639	-0.375657537221892	0.342895980161418	-0.585781281079346	-0.433086368935551	-0.894565832767525
-0.356861381161041	-0.410114905026556	-0.376261343791815	0.345607938897182	-0.585782983878738	-0.431711810770292	-0.894838410870516
-0.35480820651565	-0.407258541463191	-0.376855248185984	0.348306810975144	-0.585774932013623	-0.430331429981507	-0.895094518797132
-0.352750675548104	-0.404406916593001	-0.377439251107305	0.350992504571007	-0.585757095739893	-0.428945331397741	-0.895334174998192
-0.350688910906089	-0.401560146747105	-0.378013354016133	0.353664928690339	-0.585729446316852	-0.427553619738937	-0.895557398583373
-0.348623035232775	-0.398718347274451	-0.378577559122288	0.356323993169486	-0.585691956007919	-0.426156399604377	-0.895764209313091
-0.346553171151422	-0.395881632537035	-0.379131869377111	0.358969608676512	-0.585644598081745	-0.424753775461479	-0.89595462758957
-0.344479441251069	-0.393050115904657	-0.379676288465268	0.361601686711951	-0.585587346812561	-0.423345851634124	-0.896128674448615
-0.342401968072159	-0.390223909750026	-0.380210820796454	0.364220139609465	-0.585520177480431	-0.42193273229123	-0.896286371551267
-0.340320874091661	-0.387403125444553	-0.380735471497067	0.366824880536477	-0.585443066371597	-0.420514521435851	-0.89642774117502
-0.338236281709472	-0.384587873353523	-0.381250246401623	0.369415823494598	-0.585355990778006	-0.419091322893697	-0.896552806205896
-0.3361483132337	-0.381778262832388	-0.381755152044225	0.371992883320076	-0.585258928997279	-0.417663240302558	-0.896661590129635
-0.334057090867041	-0.378974402222595	-0.382250195649806	0.374555975684068	-0.585151860331966	-0.416230377101271	-0.896754117023611
-0.331962736692877	-0.376176398847897	-0.382735385125321	0.37710501709285	-0.585034765088776	-0.414792836519073	-0.896830411548459
-0.329865372661754	-0.373384359010744	-0.38321072905083	0.379639924887918	-0.58490762457752	-0.413350721564948	-0.896890498939924
-0.327765120577699	-0.370598387989063	-0.383676236670513	0.382160617246044	-0.584770421109965	-0.411904135017292	-0.896934405000511
-0.325662102084656	-0.367818590033293	-0.384131917883616	0.384667013179226	-0.58462313799853	-0.410453179413732	-0.896962156091166
-0.323556438654054	-0.365045068362879	-0.38457778323518	0.387159032534467	-0.584465759554209	-0.40899795704046	-0.896973779123681
-0.321448251570577	-0.362277925164428	-0.385013843906956	0.389636595993672	-0.584298271085403	-0.407538569922937	-0.896969301551758
-0.319337661920526	-0.359517261588219	-0.385440111707915	0.392099625073188	-0.58412065889516	-0.406075119815165	-0.89694875136385
-0.317224790578163	-0.356763177746576	-0.385856599064994	0.394548042123526	-0.583932910279476	-0.404607708190513	-0.896912157074508
-0.315109758193616	-0.354015772711338	-0.386263319013577	0.396981770328821	-0.58373501352458	-0.403136436231748	-0.896859547716756
-0.312992685180307	-0.351275144512017	-0.386660285188005	0.399400733706296	-0.583526957904398	-0.401661404821615	-0.896790952834075
-0.310873691702872	-0.348541390133907	-0.387047511811994	0.401804857105618	-0.583308733677656	-0.400182714533359	-0.896706402472667
-0.308752897664834	-0.34581460551665	-0.387425013689044	0.404194066208217	-0.583080332085002	-0.39870046562161	-0.896605927173481
-0.306630422697058	-0.343094885552567	-0.387792806192735	0.406568287526461	-0.582841745345628	-0.397214758013043	-0.896489557964732
-0.304506386145874	-0.340382324085495	-0.38815090525703	0.408927448402817	-0.582592966653962	-0.395725691297452	-0.896357326354113
-0.302380907061291	-0.337677013909899	-0.388499327366556	0.411271477008953	-0.582333990176256	-0.394233364719045	-0.896209264321029
-0.300254104186205	-0.334979046769505	-0.388838089546762	0.41360030234467	-0.582064811046511	-0.392737877167305	-0.896045404309449
-0.298126095944733	-0.332288513356902	-0.389167209354138	0.415913854236893	-0.581785425362822	-0.391239327168681	-0.8958657792201
-0.295997000431076	-0.32960550331306	-0.389486704866405	0.418212063338549	-0.581495830183378	-0.389737812878178	-0.895670422402964
-0.293866935399405	-0.326930105226334	-0.389796594672564	0.420494861127281	-0.581196023521778	-0.388233432070508	-0.895459367650446
-0.291736018252267	-0.324262406632911	-0.390096897863112	0.422762179904298	-0.580886004343139	-0.386726282132466	-0.895232649189423
-0.289604366030932	-0.321602494016069	-0.390387634020063	0.425013952792949	-0.580565772559056	-0.385216460054283	-0.894990301674636
-0.287472095404483	-0.318950452806664	-0.390668823207099	0.427250113737414	-0.580235329023181	-0.383704062422034	-0.894732360181101
-0.285339322659969	-0.316306367383124	-0.390940485959631	0.429470597501217	-0.57989467552618	-0.382189185409599	-0.894458860197242
-0.283206163692608	-0.313670321071666	-0.391202643274873	0.431675339665719	-0.579543814790589	-0.380671924770844	-0.894169837617997
-0.281072733995523	-0.311042396147165	-0.39145531660197	0.433864276628603	-0.579182750465898	-0.37915237583234	-0.89386532873753
-0.278939148650538	-0.308422673833478	-0.391698527832056	0.436037345602234	-0.578811487122972	-0.377630633485644	-0.893545370242652
-0.276805522319045	-0.305811234304013	-0.391932299288336	0.438194484611948	-0.578430030248413	-0.376106792179753	-0.893209999206224
-0.274671969231783	-0.30320815668339	-0.392156653716281	0.440335632494466	-0.578038386239482	-0.374580945914555	-0.892859253079756
-0.272538603181145	-0.300613519047436	-0.39237161427365	0.44246072889596	-0.577636562397559	-0.373053188232815	-0.892493169687725
-0.270405537511064	-0.298027398425318	-0.392577204520742	0.444569714270391	-0.577224566922939	-0.371523612214036	-0.892111787220136
-0.2682728851093	-0.295449870800093	-0.392773448410498	0.446662529877535	-0.576802408908243	-0.369992310466946	-0.891715144226742
-0.266140758398152	-0.292881011110723	-0.392960370278763	0.448739117781177	-0.576370098332685	-0.368459375123303	-0.891303279610078
-0.264009269326739	-0.290320893253166	-0.39313799483448	0.450799420847084	-0.57592764605544	-0.366924897830864	-0.890876232619577
-0.261878529362452	-0.287769590082337	-0.393306347149982	0.452843382741071	-0.575475063809432	-0.365388969747166	-0.890434042845039
-0.259748649483426	-0.28522717341356	-0.39346545265128	0.454870947926917	-0.575012364194572	-0.363851681532863	-0.889976750210782
-0.257619740169962	-0.282693714025073	-0.393615337108462	0.456882061664398	-0.574539560671521	-0.362313123346007	-0.889504394968996
-0.255491911397882	-0.280169281659279	-0.393756026626021	0.458876670007061	-0.574056667554378	-0.360773384835256	-0.889017017694429
-0.253365272630457	-0.277653945025367	-0.393887547633348	0.460854719800169	-0.573563700004167	-0.3592325551343	-0.888514659278015
-0.251239932811273	-0.275147771801436	-0.394009926875215	0.462816158678515	-0.573060674021768	-0.357690722855875	-0.887997360921117
-0.249116000357143	-0.272650828636826	-0.394123191402325	0.464760935064214	-0.572547606440817	-0.35614797608599	-0.887465164129766
-0.246993583151422	-0.270163181154361	-0.394227368561901	0.466688998164439	-0.572024514920382	-0.354604402378095	-0.886918110709138
-0.244872788536831	-0.267684893953239	-0.394322485988395	0.468600297969232	-0.57149141793793	-0.353060088747861	-0.886356242757654
-0.242753723309203	-0.265216030611398	-0.394408571594185	0.470494785249146	-0.570948334781736	-0.351515121667511	-0.885779602661672
-0.240636493711131	-0.262756653688197	-0.394485653560382	0.472372411552948	-0.570395285543375	-0.349969587060474	-0.885188233090096
-0.238521205425225	-0.260306824727646	-0.394553760327722	0.474233129205333	-0.569832291110455	-0.348423570296553	-0.884582176988639
-0.236407963568888	-0.257866604260634	-0.394612920587465	0.47607689130446	-0.569259373158466	-0.346877156186236	-0.883961477575165
-0.234296872687448	-0.255436051808689	-0.394663163272455	0.477903651719696	-0.568676554143588	-0.34533042897641	-0.883326178333783
-0.232188036749364	-0.253015225886308	-0.394704517548175	0.479713365089081	-0.568083857294336	-0.34378347234483	-0.882676323010414
-0.230081559139862	-0.25060418400474	-0.39473701280395	0.481505986817027	-0.567481306604106	-0.342236369395935	-0.882011955607181
-0.227977542655854	-0.248202982674974	-0.394760678644198	0.48328147307183	-0.566868926823023	-0.34068920265597	-0.881333120377708
-0.225876089500917	-0.245811677410846	-0.394775544879749	0.485039780783188	-0.566246743449735	-0.339142054068292	-0.880639861822384
-0.223777301279608	-0.243430322732923	-0.39478164151931	0.486780867639818	-0.565614782723661	-0.337595004989374	-0.87993222468317
-0.221681278993117	-0.241058972171483	-0.394778998760954	0.488504692086899	-0.564973071616447	-0.336048136184065	-0.879210253939291
-0.219588123034175	-0.238697678270301	-0.394767646983746	0.490211213323627	-0.564321637823909	-0.334501527821619	-0.878473994802384
-0.217497933182309	-0.236346492590347	-0.394747616739453	0.491900391300734	-0.563660509757791	-0.332955259471672	-0.877723492711859
-0.21541080859966	-0.234005465713213	-0.394718938744333	0.493572186717945	-0.562989716537218	-0.331409410100045	-0.876958793330636
-0.213326847826537	-0.231674647244934	-0.394681643871044	0.495226561021482	-0.562309287980348	-0.329864058064934	-0.876179942540657
-0.211246148776933	-0.229354085820049	-0.39463576314065	0.496863476401592	-0.561619254596076	-0.328319281113366	-0.875386986438356
-0.209168808734958	-0.22704382910505	-0.394581327714711	0.498482895789959	-0.560919647575223	-0.326775156377165	-0.874579971330747
-0.207094924350638	-0.224743923802565	-0.394518368887505	0.500084782857237	-0.560210498782163	-0.325231760369622	-0.873758943731041
-0.20502459163614	-0.222454415655337	-0.394446918078331	0.501669102010515	-0.5594918407462	-0.32368916898203	-0.872923950354538
-0.202957905962309	-0.220175349450136	-0.394367006823939	0.503235818390789	-0.558763706652836	-0.322147457480222	-0.872075038114726
-0.200894962055192	-0.217906769021823	-0.394278666771053	0.504784897870444	-0.558026130335071	-0.320606700501302	-0.871212254119338
-0.198835853992433	-0.215648717257703	-0.394181929669021	0.506316307050758	-0.557279146264814	-0.319066972050673	-0.870335645666307
-0.196780675200306	-0.213401236101506	-0.394076827362565	0.507830013259379	-0.55652278954399	-0.317528345498809	-0.869445260240146
-0.194729518450604	-0.211164366557627	-0.393963391784649	0.509325984547816	-0.555757095895745	-0.315990893578311	-0.868541145508221
-0.192682475857301	-0.20893814869573	-0.393841654949465	0.51080418968898	-0.554982101655853	-0.314454688381332	-0.867623349316816
-0.19063963887445	-0.206722621654454	-0.393711648945532	0.512264598174625	-0.554197843763438	-0.312919801356289	-0.866691919688104
-0.1886010982928	-0.204517823646336	-0.39357340592891	0.513707180212936	-0.553404359752489	-0.311386303305701	-0.865746904816143
-0.186566944237407	-0.202323791962054	-0.393426958116546	0.515131906726047	-0.55260168774286	-0.309854264383477	-0.864788353063603
-0.184537266165482	-0.200140562974599	-0.393272337779721	0.516538749347535	-0.551789866431156	-0.308323754092224	-0.863816312958626
-0.182512152863586	-0.197968172144131	-0.393109577237633	0.517927680420047	-0.550968935082072	-0.306794841281217	-0.862830833191212
-0.180491692445525	-0.195806654022401	-0.392938708851101	0.519298672992848	-0.550138933519388	-0.305267594144038	-0.861831962610105
-0.178475972350366	-0.193656042257156	-0.392759765016375	0.520651700819392	-0.549299902116897	-0.303742080216282	-0.860819750219726
-0.176465079340337	-0.191516369596815	-0.392572778159102	0.521986738354937	-0.548451881789516	-0.302218366373555	-0.859794245177047
-0.174459099498827	-0.189387667895147	-0.392377780728379	0.523303760754179	-0.547594913984345	-0.300696518829546	-0.858755496788496
-0.172458118228827	-0.187269968115719	-0.392174805190964	0.524602743868862	-0.546729040671561	-0.299176603133964	-0.8577035545072
-0.170462220251012	-0.185163300336745	-0.391963884025593	0.525883664245467	-0.545854304335547	-0.297658684170893	-0.856638467929928
-0.16847148960197	-0.183067693755937	-0.391745049717425	0.527146499122914	-0.544970747966023	-0.296142826157225	-0.855560286794161
-0.166486009633293	-0.180983176694726	-0.391518334752632	0.528391226430197	-0.544078415048706	-0.29462909264059	-0.854469060975772
-0.164505863009742	-0.178909776603386	-0.391283771613093	0.529617824784151	-0.543177349556586	-0.293117546498161	-0.853364840486014
-0.162531131707751	-0.176847520065954	-0.391041392771227	0.530826273487243	-0.542267595941065	-0.291608249935368	-0.852247675468774
-0.160561897014778	-0.174796432804548	-0.390791230684961	0.532016552525267	-0.541349199122646	-0.29010126448411	-0.851117616198424
-0.158598239527781	-0.172756539684521	-0.390533317792817	0.533188642565195	-0.540422204482212	-0.288596651001814	-0.849974713077028
-0.156640239152166	-0.170727864719298	-0.390267686509123	0.534342524953009	-0.539486657852082	-0.287094469670264	-0.848819016631908
-0.154687975101	-0.168710431075095	-0.389994369219372	0.535478181711534	-0.538542605506982	-0.285594779994402	-0.847650577513388
-0.152741525894097	-0.166704261075824	-0.389713398275698	0.536595595538327	-0.537590094155141	-0.284097640801365	-0.846469446492451
-0.15080096935712	-0.164709376208056	-0.389424805992476	0.537694749803602	-0.536629170929453	-0.28260311023966	-0.845275674458406
-0.14886638262121	-0.162725797125646	-0.389128624642074	0.538775628548138	-0.535659883378389	-0.281111245778083	-0.844069312416948
-0.146937842121576	-0.160753543655306	-0.388824886450688	0.53983821648134	-0.534682279457591	-0.279622104205578	-0.84285041148745
-0.145015423597839	-0.158792634800754	-0.388513623594377	0.540882498979142	-0.533696407520492	-0.278135741629892	-0.841619022901558
-0.143099202092975	-0.156843088748135	-0.388194868195153	0.541908462082098	-0.532702316309819	-0.276652213477438	-0.840375198000736
-0.141189251953123	-0.154904922870783	-0.387868652317264	0.542916092493454	-0.531700054948684	-0.275171574492646	-0.839118988234501
-0.139285646826998	-0.152978153734385	-0.387535007963549	0.543905377577257	-0.530689672931942	-0.27369387873774	-0.837850445158319
-0.137388459665827	-0.151062797101743	-0.387193967071967	0.544876305356479	-0.529671220117317	-0.272219179592243	-0.83656962043192
-0.135497762722989	-0.149158867937891	-0.386845561512231	0.545828864511206	-0.528644746716788	-0.270747529752856	-0.835276565817407
-0.133613627553931	-0.147266380414999	-0.386489823082576	0.546763044376844	-0.527610303287852	-0.269278981233238	-0.833971333177566
-0.131736125015923	-0.145385347917487	-0.386126783506647	0.547678834942374	-0.526567940724969	-0.267813585364038	-0.83265397447407
-0.129865325268157	-0.143515783046906	-0.385756474430539	0.548576226848635	-0.525517710250877	-0.266351392792796	-0.831324541765956
-0.128001297771618	-0.141657697627061	-0.385378927419923	0.549455211386649	-0.524459663408093	-0.264892453484133	-0.829983087207934
-0.126144111289114	-0.139811102709032	-0.384994173957329	0.550315780495992	-0.523393852050401	-0.263436816719934	-0.828629663048819
-0.124293833885497	-0.137976008576115	-0.384602245439549	0.55115792676318	-0.522320328334297	-0.261984531099515	-0.827264321630145
-0.122450532927865	-0.13615242474878	-0.384203173175168	0.551981643420104	-0.521239144710506	-0.260535644539908	-0.825887115384752
-0.120614275085251	-0.134340359990166	-0.38379698838218	0.552786924342572	-0.520150353915903	-0.259090204276668	-0.824498096835025
-0.118785126329507	-0.132539822310527	-0.383383722185796	0.553573764048751	-0.519054008964745	-0.257648256863849	-0.823097318592018
-0.116963151935403	-0.130750818972442	-0.382963405616334	0.554342157697744	-0.517950163140479	-0.256209848174715	-0.82168483335402
-0.115148416480502	-0.128973356496243	-0.382536069607203	0.555092101088264	-0.516838869987758	-0.254775023402726	-0.820260693904993
-0.11334098384616	-0.127207440664483	-0.382101744993083	0.555823590657184	-0.515720183303826	-0.253343827061755	-0.818824953113819
-0.111540917217399	-0.125453076527445	-0.381660462508146	0.556536623478295	-0.51459415713067	-0.251916302987284	-0.817377663932762
-0.109748279083712	-0.123710268407844	-0.38121225278446	0.557231197260991	-0.513460845746686	-0.250492494336978	-0.815918879396636
-0.107963131239092	-0.121979019906268	-0.380757146350459	0.557907310349088	-0.512320303658891	-0.249072443591972	-0.81444865262142
-0.106185534783135	-0.12025933390565	-0.380295173629588	0.558564961719568	-0.511172585594515	-0.247656192557394	-0.812967036803662
-0.104415550120789	-0.118551212577027	-0.379826364938983	0.559204150981531	-0.510017746493552	-0.246243782364074	-0.811474085218946
-0.102653236963661	-0.116854657383877	-0.379350750488371	0.559824878375006	-0.508855841500379	-0.244835253469097	-0.809969851221502
-0.100898654329822	-0.115169669087867	-0.378868360378971	0.560427144769994	-0.507686925956415	-0.243430645657658	-0.808454388242752
-0.0991518605452096	-0.113496247753154	-0.37837922460262	0.561010951665342	-0.506511055391813	-0.242029998043716	-0.806927749791018
-0.0974129132435676	-0.111834392752045	-0.377883373040916	0.561576301187888	-0.505328285518195	-0.240633349071925	-0.805389989450242
-0.0956818693673926	-0.110184102769741	-0.377380835464526	0.562123196091479	-0.504138672220783	-0.239240736518829	-0.803841160879405
-0.0939587851687057	-0.10854537580928	-0.376871641532604	0.562651639756082	-0.502942271550733	-0.237852197494292	-0.802281317811884
-0.0922437162092889	-0.106918209196954	-0.37635582079227	0.563161636187031	-0.501739139717895	-0.236467768443454	-0.800710514054445
-0.0905367173617865	-0.105302599586973	-0.37583340267826	0.563653190014156	-0.500529333083064	-0.23508748514804	-0.799128803486863
-0.0888378428104005	-0.10369854296649	-0.375304416512651	0.564126306491056	-0.499312908150593	-0.233711382728106	-0.797536240061296
-0.0871471460512415	-0.102106034660962	-0.374768891504666	0.564580991494456	-0.498089921561291	-0.232339495644138	-0.795932877801451
-0.0854646798932403	-0.100525069339007	-0.37422685675062	0.565017251523524	-0.496860430085038	-0.230971857698765	-0.794318770802157
-0.0837904964594329	-0.0989556410169005	-0.373678341234004	0.565435093699184	-0.495624490613215	-0.229608502038238	-0.79269397322924
-0.0821246471866115	-0.0973977430646172	-0.373123373825531	0.565834525763714	-0.494382160152303	-0.228249461155338	-0.79105853931828
-0.0804671828271153	-0.0958513682098686	-0.372561983283459	0.566215556080081	-0.49313349581613	-0.226894766890587	-0.789412523374896
-0.0788181534488445	-0.0943165085437992	-0.371994198253862	0.566578193631576	-0.491878554819368	-0.225544450434995	-0.78775597977382
-0.077177608436553	-0.0927931555255067	-0.371420047271109	0.566922448021305	-0.490617394470272	-0.224198542331823	-0.786088962958893
-0.0755455964923689	-0.0912812999872581	-0.370839558758371	0.56724832947185	-0.489350072163987	-0.222857072479044	-0.784411527442562
-0.0739221656366733	-0.0897809321393832	-0.37025276102825	0.567555848824912	-0.488076645375703	-0.221520070131586	-0.782723727805648
-0.0723073632086962	-0.0882920415754369	-0.369659682283478	0.567845017541041	-0.486797171654073	-0.220187563903869	-0.781025618696953
-0.0707012358676269	-0.0868146172768548	-0.369060350617747	0.568115847699346	-0.485511708614354	-0.218859581771975	-0.779317254833265
-0.0691038295930783	-0.0853486476182147	-0.368454794016591	0.568368351997324	-0.484220313932064	-0.217536151076405	-0.777598690998931
-0.0675151896859819	-0.0838941203721171	-0.367843040358363	0.568602543750689	-0.482923045336423	-0.216217298524576	-0.775869982045782
-0.0659353607694426	-0.0824510227140481	-0.367225117415318	0.568818436893243	-0.48161996060389	-0.214903050193376	-0.77413118289305
-0.064364386789366	-0.0810193412274816	-0.366601052854757	0.569016045976818	-0.480311117551931	-0.213593431531966	-0.772382348527158
-0.062802311015504	-0.0795990619085707	-0.365970874240292	0.569195386171201	-0.478996574032583	-0.212288467364311	-0.770623534001845
-0.0612491760417981	-0.0781901701714805	-0.365334609033122	0.569356473264218	-0.477676387926563	-0.210988181892336	-0.768854794437837
-0.0597050237875426	-0.0767926508529573	-0.36469228459348	0.569499323661715	-0.476350617136903	-0.209692598698454	-0.767076185023112
-0.0581698954980258	-0.0754064882173526	-0.364043928182105	0.569623954387686	-0.475019319583001	-0.208401740748585	-0.765287761012851
-0.0566438317451374	-0.0740316659616915	-0.363389566961778	0.569730383084413	-0.47368255319478	-0.207115630395251	-0.763489577729378
-0.0551268724280366	-0.0726681672206545	-0.362729227998945	0.569818628012668	-0.472340375906882	-0.205834289380678	-0.761681690562201
-0.0536190567746657	-0.0713159745707451	-0.362062938265537	0.56988870805182	-0.470992845652354	-0.204557738839215	-0.75986415496867
-0.0521204233411377	-0.0699750700364736	-0.361390724640567	0.569940642700278	-0.469640020357856	-0.203285999301621	-0.75803702647317
-0.0506310100139321	-0.0686454350938402	-0.360712613912187	0.569974452075591	-0.468281957937047	-0.202019090697001	-0.756200360668343
-0.0491508540092928	-0.0673270506764706	-0.36002863277943	0.569990156914967	-0.466918716285922	-0.200757032357171	-0.75435421321435
-0.0476799918749478	-0.0660198971795314	-0.359338807854346	0.569987778575511	-0.465550353276674	-0.199499843019086	-0.75249863983983
-0.0462184594900713	-0.0647239544652952	-0.358643165663959	0.569967339034747	-0.464176926752813	-0.198247540828821	-0.750633696341641
-0.0447662920663256	-0.0634392018676572	-0.357941732652437	0.569928860891017	-0.462798494523613	-0.197000143344652	-0.748759438585391
-0.0433235241485946	-0.0621656181969361	-0.357234535183295	0.569872367363973	-0.461415114358871	-0.195757667540455	-0.746875922505804
-0.0418901896155083	-0.0609031817448469	-0.356521599541624	0.569797882295122	-0.46002684398386	-0.194520129809325	-0.744983204106969
-0.0404663216799308	-0.059651870289505	-0.355802951936379	0.569705430148417	-0.458633741074398	-0.193287545967256	-0.743081339462585
-0.039051952889863	-0.058411661099999	-0.355078618502782	0.56959503601082	-0.457235863251693	-0.192059931256509	-0.741170384716549
-0.0376471151289655	-0.0571825309413086	-0.354348625304741	0.56946672559296	-0.45583326807754	-0.190837300349336	-0.739250396083304
-0.0362518396171309	-0.0559644560791716	-0.353612998337319	0.569320525229802	-0.454426013049542	-0.189619667351707	-0.737321429848255
-0.0348661569109635	-0.0547574122850064	-0.352871763529259	0.569156461881388	-0.453014155596498	-0.188407045807149	-0.73538354236817
-0.0334900969049133	-0.0535613748401767	-0.352124946745651	0.56897456313348	-0.451597753073364	-0.187199448700034	-0.733436790072044
-0.0321236888309214	-0.0523763185417044	-0.351372573790432	0.568774857198481	-0.450176862757388	-0.185996888460232	-0.731481229460987
-0.0307669612598359	-0.0512022177062082	-0.350614670409209	0.568557372916115	-0.448751541843028	-0.184799376966209	-0.729516917109368
-0.0294199421015005	-0.050039046175141	-0.349851262291912	0.568322139754319	-0.447321847437903	-0.183606925549348	-0.727543909665053
-0.0280826586051457	-0.0488867773196975	-0.349082375075576	0.568069187810157	-0.445887836558616	-0.182419544998021	-0.725562263849927
-0.0267551373606754	-0.0477453840448326	-0.348308034347272	0.567798547810577	-0.44444956612599	-0.181237245560908	-0.723572036461031
-0.0254374042981967	-0.0466148387949669	-0.347528265646826	0.567510251113497	-0.443007092961639	-0.180060036951884	-0.721573284370522
-0.0241294846889524	-0.0454951135583177	-0.346743094469804	0.567204329708701	-0.441560473783638	-0.178887928353714	-0.719566064526665
-0.0228314031460623	-0.0443861798713709	-0.345952546270506	0.566880816218774	-0.440109765202367	-0.177720928421924	-0.717550433954691
-0.0215431836244777	-0.0432880088241315	-0.345156646464871	0.566539743900188	-0.438655023717022	-0.176559045289407	-0.71552644975715
-0.0202648494217163	-0.0422005710645595	-0.344355420433549	0.56618114664431	-0.437196305711627	-0.175402286570358	-0.713494169114858
-0.0189964231782841	-0.0411238368033193	-0.343548893524966	0.565805058978452	-0.435733667451359	-0.174250659364521	-0.711453649287627
-0.0177379268780445	-0.040057775818535	-0.342737091058401	0.565411516066975	-0.434267165078968	-0.173104170261491	-0.70940494761501
-0.0164893818486097	-0.0390023574605258	-0.341920038327117	0.565000553712399	-0.432796854611282	-0.171962825345037	-0.707348121517077
-0.0152508087617763	-0.0379575506564633	-0.341097760601523	0.564572208356533	-0.431322791935734	-0.170826630197398	-0.705283228495271
-0.0140222276338725	-0.0369233239151019	-0.340270283132357	0.564126517081639	-0.429845032807039	-0.169695589903685	-0.703210326133216
-0.0128036578262715	-0.0358996453313215	-0.339437631153924	0.563663517611586	-0.428363632843833	-0.168569709056159	-0.701129472097672
-0.0115951180454907	-0.0348864825910684	-0.338599829887287	0.56318324831308	-0.426878647525668	-0.167448991758893	-0.699040724139228
-0.0103966263438997	-0.033883802975658	-0.337756904543604	0.562685748196839	-0.425390132189667	-0.166333441631922	-0.696944140093463
-0.00920820011962457	-0.032891573366875	-0.33690888032733	0.562171056918883	-0.423898142027816	-0.16522306181612	-0.694839777881546
-0.00802985611737117	-0.0319097602511311	-0.336055782439625	0.561639214781714	-0.422402732083687	-0.164117854977286	-0.692727695511533
-0.00686161042821206	-0.0309383297246347	-0.335197636081585	0.561090262735667	-0.420903957249973	-0.163017823311174	-0.690607951078945
-0.0057034784904831	-0.0299772474974382	-0.334334466457702	0.560524242380107	-0.419401872265302	-0.161922968547544	-0.688480602768162
-0.00455547508947564	-0.0290264788986748	-0.333466298779114	0.55994119596481	-0.417896531711999	-0.160833291955316	-0.686345708852984
-0.00341761435835284	-0.0280859888805425	-0.332593158267108	0.559341166391187	-0.416387990013032	-0.159748794346645	-0.68420332769808
-0.00228990977786158	-0.0271557420234973	-0.331715070156417	0.558724197213699	-0.41487630142994	-0.158669476082095	-0.68205351775964
-0.00117237417706178	-0.0262357025403833	-0.330832059698706	0.558090332641111	-0.413361520060043	-0.157595337074915	-0.679896337586708
-6.50197332294046e-05	-0.0253258342814022	-0.329944152165933	0.557439617537902	-0.411843699834383	-0.156526376796074	-0.677731845822019
0.001032142027524	-0.024426100738324	-0.329051372853849	0.556772097425565	-0.410322894515191	-0.155462594278674	-0.675560101203315
0.00211910023012095	-0.0235364650491937	-0.328153747085421	0.55608781848399	-0.408799157693801	-0.154403988122817	-0.673381162564366
0.00319584465046997	-0.0226568900030973	-0.327251300214239	0.555386827552863	-0.407272542788698	-0.153350556500561	-0.671195088835939
0.00426236571490414	-0.0217873380443934	-0.326344057628034	0.554669172133	-0.405743103043264	-0.152302297160438	-0.66900193904715
0.00531865450017105	-0.0209277712774979	-0.325432044752096	0.553934900387756	-0.40421089152401	-0.151259207432471	-0.666801772326444
0.00636470273289941	-0.0200781514711169	-0.324515287052807	0.55318406114438	-0.402675961118514	-0.150221284232748	-0.664594647902978
0.00740050278964281	-0.0192384400630535	-0.323593810041037	0.552416703895428	-0.401138364533827	-0.149188524068524	-0.662380625107578
0.00842604769661566	-0.0184085981647005	-0.322667639275636	0.55163287880017	-0.399598154294773	-0.148160923043072	-0.660159763373978
0.00944133112912697	-0.0175885865651952	-0.321736800366961	0.550832636685915	-0.398055382742073	-0.147138476860256	-0.657932122240236
0.0104463474117591	-0.016778365736345	-0.320801318980267	0.550016029049476	-0.396510102031112	-0.146121180829818	-0.65569776134968
0.0114410915177952	-0.0159778958367588	-0.319861220839242	0.549183108058504	-0.394962364130228	-0.145109029871977	-0.65345674045238
0.0124255590693172	-0.0151871367166663	-0.318916531729391	0.548333926552916	-0.393412220819564	-0.144102018522669	-0.65120911940614
0.0133997463364687	-0.0144060479218619	-0.317967277501618	0.547468538046225	-0.391859723689402	-0.143100140938027	-0.648954958178142
0.0143636502376867	-0.0136345886986436	-0.317013484075559	0.546586996726971	-0.390304924139273	-0.142103390899772	-0.646694316845863
0.0153172683391093	-0.0128727179979006	-0.316055177443112	0.545689357460048	-0.388747873376547	-0.141111761819857	-0.644427255598614
0.016260598854551	-0.0121203944797651	-0.315092383671819	0.544775675788098	-0.387188622415513	-0.140125246745647	-0.642153834738676
0.0171936406451539	-0.0113775765179416	-0.314125128908313	0.543846007932863	-0.385627222076316	-0.139143838364824	-0.639874114682682
0.0181163932190358	-0.0106442222040092	-0.313153439381756	0.542900410796511	-0.384063722983948	-0.138167529010288	-0.637588155962997
0.0190288567309505	-0.00992028935174737	-0.312177341407263	0.541938941962963	-0.382498175567336	-0.137196310665094	-0.635296019229097
0.0199310319824542	-0.00920573550197859	-0.311196861389177	0.540961659699278	-0.380930630058897	-0.136230174967877	-0.632997765248599
0.020822920420824	-0.00850051792610637	-0.310212025824647	0.53996862295686	-0.379361136493227	-0.135269113217116	-0.630693454909181
0.0217045241397321	-0.00780459363148474	-0.309222861306749	0.538959891372885	-0.377789744707187	-0.134313116377065	-0.628383149219255
0.0225758458778459	-0.00711791936462295	-0.308229394528101	0.537935525271431	-0.376216504338517	-0.133362175081751	-0.626066909310111
0.0234368890193496	-0.00644045161639461	-0.307231652283979	0.536895585664851	-0.374641464825963	-0.132416279640785	-0.623744796436693
0.0242876575933219	-0.00577214662605233	-0.306229661475703	0.535840134254997	-0.373064675408643	-0.131475420044125	-0.621416871979217
0.0251281562732822	-0.00511296038541573	-0.305223449113956	0.53476923343442	-0.371486185125594	-0.130539585966998	-0.619083197444621
0.0259583903767522	-0.00446284864308983	-0.304213042322065	0.533682946287564	-0.36990604281543	-0.129608766774863	-0.616743834468038
0.0267783658653334	-0.00382176690921082	-0.303198468339147	0.532581336592027	-0.368324297116466	-0.128682951528866	-0.614398844813889
0.0275880893436764	-0.00318967045904353	-0.302179754523484	0.53146446881962	-0.366740996466067	-0.127762128990275	-0.612048290377741
0.0283875680595079	-0.00256651433769144	-0.301156928355629	0.530332408137584	-0.365156189100909	-0.126846287625914	-0.609692233187443
0.029176809902963	-0.00195225336408117	-0.300130017441632	0.529185220409653	-0.363569923056761	-0.125935415612972	-0.607330735404707
0.0299558234062792	-0.00134684213533702	-0.299099049516165	0.528022972197174	-0.361982246168647	-0.125029500844159	-0.604963859326459
0.0307246177430749	-0.000750235030714114	-0.298064052445717	0.526845730760128	-0.360393206070749	-0.124128530932484	-0.602591667386454
0.0314832027283506	-0.000162386216322117	-0.29702505423156	0.525653564058229	-0.358802850196974	-0.123232493216745	-0.600214222156384
0.0322315888173067	0.000416750351419292	-0.295982083013003	0.524446540751841	-0.357211225780654	-0.122341374765896	-0.597831586347797
0.0329697871052001	0.000987220921189168	-0.294935167070328	0.523224730202981	-0.355618379855153	-0.121455162384425	-0.595443822813268
0.0336978093267552	0.00154907194265528	-0.293884334827816	0.521988202476282	-0.35402435925421	-0.120573842617333	-0.593050994547898
0.034415667855568	0.00210235006235096	-0.292829614856731	0.520737028339874	-0.352429210612339	-0.1196974017551	-0.590653164690766
0.0351233757030576	0.0026471021200223	-0.291771035878393	0.5194712792662	-0.350832980364977	-0.118825825838264	-0.588250396526708
0.0358209465188154	0.00318337514347558	-0.290708626766831	0.518191027433003	-0.349235714749797	-0.117959100663332	-0.585842753487099
0.0365083945886909	0.00371121634582141	-0.289642416552005	0.51689634572392	-0.347637459806315	-0.117097211786545	-0.583430299152175
0.0371857348348786	0.00423067312056853	-0.288572434422455	0.51558730772937	-0.346038261377172	-0.116240144529591	-0.581013097251965
0.0378529828150712	0.00474179303770325	-0.287498709728148	0.514263987747257	-0.344438165108751	-0.11538788398442	-0.578591211667851
0.0385101547216576	0.00524462383969467	-0.286421271983275	0.512926460783638	-0.342837216451906	-0.114540415018141	-0.576164706434063
0.0391572673805325	0.00573921343790972	-0.285340150869113	0.511574802553292	-0.341235460662468	-0.113697722277545	-0.573733645739415
0.039794338250959	0.00622560990787495	-0.284255376236549	0.510209089480438	-0.339632942802671	-0.112859790194674	-0.571298093928321
0.0404213854242933	0.00670386148573196	-0.283166978108861	0.508829398699198	-0.338029707741749	-0.112026602991304	-0.568858115502534
0.0410384276227927	0.007174016564606	-0.282074986684459	0.507435808054085	-0.336425800156685	-0.11119814468353	-0.566413775122835
0.0416454841994211	0.00763612368985353	-0.280979432339256	0.506028396100538	-0.334821264533822	-0.110374399087335	-0.563965137609965
0.0422425751363185	0.0080902315557434	-0.279880345629401	0.504607242105274	-0.333216145169514	-0.109555349822883	-0.5615122679465
0.0428297210437803	0.00853638900155751	-0.278777757293797	0.503172426046637	-0.331610486171237	-0.108740980319332	-0.559055231278307
0.0434069431595029	0.00897464500738967	-0.277671698256503	0.501724028614957	-0.330004331459013	-0.107931273819916	-0.556594092915804
0.0439742633475657	0.00940504869019078	-0.276562199629147	0.500262131212818	-0.328397724766698	-0.107126213386804	-0.554128918335364
0.0445317040965461	0.00982764930073814	-0.275449292713549	0.498786815955155	-0.326790709642648	-0.106325781905122	-0.551659773181284
0.0450792885193036	0.0102424962187615	-0.274333009003796	0.497298165669548	-0.325183329451815	-0.105529962088634	-0.549186723266568
0.0456170403512833	0.0106496389496575	-0.273213380188697	0.495796263896262	-0.323575627376732	-0.104738736483995	-0.546709834574708
0.0461449839491194	0.011049127120836	-0.27209043815409	0.494281194888252	-0.321967646418809	-0.103952087475319	-0.544229173261192
0.0466631442896489	0.0114410104776076	-0.270964214984984	0.492753043611223	-0.320359429400057	-0.103169997289175	-0.541744805654735
0.0471715469685312	0.0118253388794574	-0.26983474296774	0.491211895743538	-0.318751018964558	-0.102392447999206	-0.539256798258703
0.047670218198568	0.0122021622966192	-0.2687020545923	0.489657837676055	-0.317142457579778	-0.101619421530498	-0.536765217752725
0.0481591848085631	0.0125715308060269	-0.267566182554186	0.488090956511989	-0.315533787538408	-0.100850899664486	-0.534270130993894
0.048638474241673	0.0129334945877994	-0.266427159756596	0.486511340066633	-0.313925050959844	-0.100086864043384	-0.531771605018258
0.049108114553931	0.0132881039214857	-0.265285019312382	0.48491907686707	-0.312316289791924	-0.0993272961748204	-0.529269707042178
0.0495681344126249	0.0136354091824468	-0.264139794546014	0.483314256151783	-0.310707545812592	-0.0985721774363427	-0.526764504463714
0.0500185630947314	0.0139754608381418	-0.262991518995465	0.481696967870236	-0.309098860631704	-0.0978214890800048	-0.524256064863936
0.0504594304851571	0.0143083094445828	-0.261840226414089	0.480067302682368	-0.30749027569276	-0.0970752122367948	-0.521744456008341
0.0508907670748913	0.0146340056428576	-0.260685950772469	0.478425351958015	-0.30588183227463	-0.0963333279209924	-0.519229745848262
0.0513126039595718	0.0149526001551535	-0.259528726260059	0.476771207776316	-0.304273571493699	-0.0955958170349627	-0.516712002521938
0.0517249728370899	0.015264143781812	-0.25836858728708	0.475104962924956	-0.302665534305314	-0.0948626603730297	-0.514191294356235
0.052127906006293	0.0155686873971191	-0.257205568485977	0.47342671089946	-0.30105776150619	-0.0941338386264531	-0.511667689867497
0.0525214363644862	0.0158662819463927	-0.256039704713224	0.471736545902304	-0.299450293735934	-0.0934093323872544	-0.509141257763253
0.0529055974060293	0.0161569784418193	-0.254871031050685	0.470034562842086	-0.297843171479528	-0.0926891221531437	-0.50661206694305
0.0532804232194798	0.016440827959852	-0.253699582807386	0.468320857332429	-0.29623643506869	-0.0919731883310366	-0.504080186500263
0.0536459484860068	0.0167178816371587	-0.2525253955208	0.466595525691008	-0.294630124684373	-0.0912615112418608	-0.501545685722967
0.0540022084772992	0.0169881906671009	-0.251348504958245	0.464858664938469	-0.293024280358926	-0.0905540711248851	-0.499008634095136
0.0543492390531145	0.0172518062965485	-0.2501689471183	0.463110372797166	-0.291418941978017	-0.0898508481417219	-0.496469101297965
0.0546870766586922	0.0175087798228165	-0.248986758232224	0.461350747689868	-0.289814149282532	-0.0891518223802195	-0.493927157211291
0.0550157583229628	0.017759162589667	-0.247801974765025	0.459579888738502	-0.288209941871211	-0.0884569738591779	-0.491382871914386
0.055335321655801	0.0180030059843285	-0.24661463341678	0.457797895762675	-0.286606359202567	-0.0877662825321393	-0.488836315687343
0.0556458048454938	0.0182403614342351	-0.245424771123809	0.456004869278178	-0.285003440597049	-0.0870797282914236	-0.486287559012263
0.0559472466564483	0.0184712804034386	-0.244232425059696	0.454200910495434	-0.28340122523949	-0.0863972909724292	-0.483736672574206
0.0562396864262665	0.0186958143897025	-0.24303763263646	0.452386121317818	-0.281799752181102	-0.0857189503573332	-0.481183727262538
0.0565231640634824	0.018914014920785	-0.241840431505411	0.450560604339977	-0.280199060342099	-0.0850446861794863	-0.478628794171744
0.056797720044522	0.0191259335515577	-0.240640859558212	0.448724462845971	-0.278599188513734	-0.0843744781270505	-0.476071944602703
0.0570633954109191	0.0193316218607814	-0.239438954927771	0.446877800807387	-0.277000175360637	-0.083708305846936	-0.473513250063748
0.057320231766503	0.019531131447871	-0.23823475598907	0.445020722881373	-0.275402059423195	-0.083046148948729	-0.470952782271661
0.0575682712747258	0.0197245139294506	-0.237028301359886	0.443153334408647	-0.273804879120142	-0.082387987008798	-0.468390613152542
0.0578075566553783	0.0199118209365339	-0.235819629901602	0.441275741411269	-0.272208672750665	-0.0817337995738126	-0.465826814842947
0.0580381311814131	0.0200931041115594	-0.234608780719977	0.439388050590458	-0.27061347849672	-0.0810835661644013	-0.463261459691005
0.0582600386762176	0.0202684151048399	-0.233395793165618	0.437490369324326	-0.269019334425774	-0.0804372662792976	-0.460694620257064
0.0584733235104082	0.020437805571515	-0.232180706834577	0.435582805665497	-0.267426278493217	-0.0797948793990288	-0.45812636931464
0.0586780305980767	0.0206013271690696	-0.230963561569063	0.433665468338571	-0.26583434854439	-0.0791563849890888	-0.455556779851669
0.0588742053940511	0.0207590315536419	-0.229744397457704	0.431738466737655	-0.26424358231753	-0.0785217625041664	-0.452985925070982
0.0590618938902225	0.0209109703773529	-0.228523254836082	0.429801910923692	-0.26265401744601	-0.0778909913914592	-0.450413878391368
0.0592411426122229	0.02105719528517	-0.227300174287054	0.427855911621759	-0.261065691460933	-0.0772640510943759	-0.447840713448315
0.0594119986155718	0.0211977579123206	-0.226075196641191	0.425900580218206	-0.259478641793346	-0.076640921055733	-0.445266504095038
0.0595745094828066	0.0213327098805469	-0.224848362976784	0.423936028757891	-0.257892905777373	-0.076021580721985	-0.44269132440279
0.0597287233189307	0.021462102796201	-0.223619714620386	0.421962369941052	-0.256308520651964	-0.0754060095457719	-0.440115248662221
0.0598746887483951	0.0215859882465523	-0.222389293146704	0.419979717120346	-0.254725523564029	-0.0747941869900627	-0.437538351383615
0.0600124549110425	0.0217044177972223	-0.221157140378827	0.4179881842977	-0.253143951570769	-0.0741860925312795	-0.434960707297827
0.0601420714581229	0.0218174429894644	-0.219923298388288	0.415987886120983	-0.251563841642086	-0.0735817056625165	-0.432382391356966
0.0602635885486065	0.0219251153370802	-0.218687809495025	0.413978937880804	-0.249985230663389	-0.0729810058971092	-0.42980347873498
0.0603770568450786	0.0220274863237304	-0.217450716267341	0.411961455507026	-0.248408155438034	-0.0723839727717955	-0.427224044828289
0.0604825275096907	0.022124607400133	-0.216212061521802	0.409935555565294	-0.246832652689926	-0.071790585849981	-0.424644165256402
0.0605800521998233	0.0222165299815406	-0.21497188832316	0.407901355253402	-0.245258759065903	-0.0712008247247313	-0.422063915862607
0.0606696830644428	0.0223033054443665	-0.213730239983947	0.405858972397734	-0.243686511138821	-0.0706146690225145	-0.419483372714167
0.0607514727390147	0.0223849851244056	-0.212487160064522	0.403808525449365	-0.242115945409421	-0.0700320984054948	-0.41690261210338
0.0608254743418892	0.0224616203133011	-0.211242692372477	0.401750133480305	-0.240547098309544	-0.0694530925753709	-0.414321710547549
0.0608917414695952	0.0225332622562346	-0.209996880962413	0.399683916179559	-0.238980006204478	-0.0688776312761245	-0.41174074478969
0.0609503281922673	0.0225999621493727	-0.208749770135542	0.397609993849039	-0.237414705395445	-0.0683056942969416	-0.40915979179898
0.0610012890492393	0.0226617711370958	-0.207501404439195	0.395528487399515	-0.235851232122337	-0.0677372614753346	-0.406578928771106
0.0610446790444355	0.0227187403093853	-0.206251828666296	0.393439518346397	-0.234289622566308	-0.0671723127000915	-0.403998233128614
0.0610805536415587	0.0227709206993969	-0.205001087854862	0.391343208805439	-0.232729912852254	-0.0666108279140473	-0.401417782521356
0.0611089687594943	0.0228183632807217	-0.203749227287319	0.389239681488372	-0.231172139051542	-0.0660527871171099	-0.398837654826676
0.061129980767337	0.0228611189650379	-0.20249629248992	0.387129059698444	-0.229616337184471	-0.0654981703689316	-0.396257928149834
0.0611436464796241	0.0228992385994524	-0.201242329231967	0.385011467325858	-0.22806254322296	-0.0649469577918241	-0.393678680824147
0.0611500231514423	0.0229327729639543	-0.199987383525059	0.382887028843192	-0.226510793093203	-0.064399129573574	-0.391099991411215
0.0611491684731153	0.0229617727692682	-0.198731501622363	0.380755869300573	-0.224961122677977	-0.0638546659698597	-0.38852193870126
0.0611411405653291	0.0229862886541783	-0.197474730017708	0.378618114320954	-0.223413567819425	-0.0633135473071511	-0.385944601713201
0.0611259979739995	0.0230063711830738	-0.19621711544466	0.376473890095199	-0.221868164321648	-0.0627757539853707	-0.383368059694747
0.0611037996650226	0.0230220708435828	-0.194958704875584	0.374323323377106	-0.22032494795325	-0.0622412664804719	-0.380792392122531
0.0610746050188527	0.0230334380443481	-0.193699545520697	0.372166541478309	-0.218783954449782	-0.0617100653468613	-0.378217678702264
0.0610384738252769	0.0230405231125327	-0.192439684826991	0.370003672263177	-0.217245219516417	-0.0611821312200625	-0.375643999368723
0.0609954662780145	0.0230433762914548	-0.191179170477114	0.36783484414355	-0.215708778830515	-0.0606574448192211	-0.373071434285721
0.0609456429691193	0.0230420477384188	-0.189918050388291	0.36566018607341	-0.214174668044056	-0.060135986949441	-0.370500063846176
0.0608890648835557	0.0230365875222815	-0.188656372711107	0.363479827543531	-0.212642922786311	-0.0596177385043283	-0.367929968672017
0.0608257933934558	0.0230270456213332	-0.187394185828307	0.361293898575923	-0.211113578666219	-0.0591026804682324	-0.36536122961414
0.0607558902525778	0.0230134719209046	-0.186131538353496	0.359102529718327	-0.209586671275048	-0.0585907939187247	-0.362793927752255
0.0606794175904492	0.0229959162112802	-0.184868479129867	0.356905852038528	-0.208062236188787	-0.0580820600287781	-0.360228144394811
0.0605964379067065	0.0229744281853351	-0.183605057228785	0.354703997118658	-0.206540308970771	-0.0575764600691821	-0.357663961078741
0.0605070140650925	0.0229490574365186	-0.182341321948444	0.352497097049354	-0.205020925174041	-0.0570739754106214	-0.35510145956935
0.0604112092875941	0.0229198534566303	-0.181077322812401	0.350285284423877	-0.20350412034387	-0.0565745875259338	-0.352540721860046
0.0603090871484854	0.0228868656336509	-0.179813109568087	0.348068692332162	-0.201989930020261	-0.0560782779922948	-0.34998183017208
0.0602007115682283	0.022850143249701	-0.178548732185303	0.345847454354757	-0.200478389740341	-0.0555850284932755	-0.347424866954289
0.0600861468075278	0.0228097354787515	-0.177284240854573	0.3436217045567	-0.198969535040938	-0.055094820821094	-0.344869914882642
0.0599654574608973	0.0227656913848899	-0.176019685985676	0.341391577481313	-0.19746340146077	-0.0546076368783711	-0.342317056860123
0.0598387084507599	0.0227180599198868	-0.174755118205854	0.339157208143949	-0.195960024543142	-0.0541234586804791	-0.339766376016107
0.0597059650210016	0.0226668899213773	-0.173490588358193	0.336918732025619	-0.194459439838182	-0.0536422683573347	-0.337217955706069
0.0595672927305318	0.0226122301109716	-0.172226147499957	0.33467628506655	-0.192961682905137	-0.0531640481552243	-0.33467187951123
0.0594227574471721	0.0225541290919619	-0.170961846900704	0.332430003659739	-0.191466789314987	-0.0526887804389955	-0.332128231237901
0.0592724253412206	0.0224926353473433	-0.169697738040491	0.330180024644375	-0.189974794652807	-0.0522164476939317	-0.329587094916984
0.0591163628786462	0.0224277972382365	-0.168433872608154	0.327926485299133	-0.188485734519814	-0.0517470325272572	-0.32704855480364
0.0589546368147662	0.0223596630017089	-0.167170302499363	0.325669523335526	-0.186999644535901	-0.0512805176701679	-0.324512695376609
0.0587873141879015	0.0222882807485718	-0.165907079814588	0.323409276891146	-0.185516560342175	-0.0508168859798667	-0.321979601337435
0.0586144623121841	0.0222136984621433	-0.1646442568574	0.321145884522733	-0.184036517602741	-0.0503561204407133	-0.319449357610231
0.058436148771289	0.0221359639958763	-0.163381886132303	0.318879485199328	-0.182559552007378	-0.0498982041663771	-0.316922049340742
0.0582524414117118	0.0220551250715001	-0.162120020342723	0.316610218295305	-0.181085699273816	-0.0494431204015212	-0.314397761895674
0.0580634083357024	0.0219712292775124	-0.160858712389068	0.314338223583263	-0.179614995149714	-0.0489908525231423	-0.311876580862153
0.057869117894776	0.0218843240669748	-0.159598015366514	0.312063641226997	-0.178147475415221	-0.0485413840425369	-0.309358592046797
0.0576696386825257	0.0217944567560838	-0.158337982563018	0.309786611774265	-0.176683175884883	-0.0480946986065424	-0.30684388147514
0.0574650395279333	0.021701674522131	-0.15707866745708	0.3075072761496	-0.17522213241006	-0.0476507799993195	-0.304332535390706
0.0572553894883511	0.0216060244018178	-0.155820123715597	0.305225775647018	-0.173764380881048	-0.0472096121438005	-0.301824640254232
0.0570407578424298	0.0215075532896023	-0.15456240519168	0.302942251922651	-0.172309957229167	-0.0467711791030902	-0.299320282742861
0.0568212140832825	0.0214063079357421	-0.153305565922341	0.300656846987392	-0.170858897429097	-0.0463354650821309	-0.296819549749155
0.0565968279113192	0.0213023349446975	-0.152049660126268	0.298369703199421	-0.169411237500925	-0.0459024544290272	-0.29432252838025
0.0563676692268734	0.0211956807737501	-0.150794742201631	0.296080963256634	-0.167967013511996	-0.0454721316361587	-0.291829305957088
0.0561338081234102	0.0210863917309286	-0.149540866723637	0.293790770189183	-0.16652626157935	-0.0450444813419157	-0.28933997001327
0.0558953148803529	0.0209745139733227	-0.148288088442142	0.291499267351809	-0.165089017871786	-0.0446194883320464	-0.286854608294016
0.0556522599556171	0.0208600935057784	-0.147036462279431	0.289206598416205	-0.163655318611699	-0.044197137540685	-0.284373308755398
0.0554047139784608	0.0207431761791378	-0.145786043327737	0.28691290736326	-0.16222520007718	-0.0437774140517345	-0.281896159563181
0.0551527477422785	0.0206238076885775	-0.144536886846818	0.284618338475365	-0.160798698604118	-0.043360303100184	-0.279423249091769
0.0548964321972559	0.020502033572063	-0.14328904826152	0.282323036328592	-0.159375850588147	-0.0429457900732855	-0.276954665923144
0.0546358384429479	0.02037789920889	-0.142042583159339	0.280027145784828	-0.157956692486538	-0.0425338605116499	-0.27449049884581
0.0543710377211544	0.0202514498178622	-0.14079754728784	0.277730811983955	-0.156541260820381	-0.0421245001106589	-0.272030836853535
0.0541021014082914	0.0201227304560422	-0.139553996552244	0.275434180335871	-0.155129592176291	-0.0417176947213417	-0.269575769144348
0.0538291010080084	0.0199917860172066	-0.13831198701288	0.273137396512528	-0.153721723208336	-0.0413134303515093	-0.267125385119345
0.05355210814403	0.0198586612300372	-0.137071574882534	0.270840606440028	-0.152317690640213	-0.0409116931671253	-0.264679774381363
0.0532711945521335	0.0197234006573055	-0.135832816524107	0.268543956290442	-0.15091753126656	-0.0405124694927517	-0.262239026734091
0.052986432073428	0.0195860486935189	-0.134595768447699	0.266247592473901	-0.149521281955527	-0.0401157458133802	-0.259803232180357
0.0526978926461938	0.0194466495642808	-0.133360487308313	0.263951661630401	-0.148128979649985	-0.0397215087747132	-0.257372480921342
0.0524056482988383	0.0193052473243037	-0.132127029903014	0.26165631062174	-0.146740661369757	-0.0393297451846367	-0.254946863354966
0.0521097711420097	0.0191618858564353	-0.130895453168462	0.259361686523323	-0.145356364213076	-0.0389404420137783	-0.252526470074864
0.0518103333614152	0.0190166088698411	-0.129665814178099	0.257067936616039	-0.143976125358685	-0.0385535863968094	-0.250111391868824
0.0515074072101643	0.0188694598987529	-0.128438170139525	0.254775208378042	-0.142599982067477	-0.0381691656332313	-0.247701719717527
0.0512010650006919	0.0187204823017336	-0.127212578392066	0.252483649476461	-0.141227971683735	-0.0377871671876879	-0.245297544793563
0.0508913790983189	0.0185697192589799	-0.125989096403564	0.250193407759337	-0.139860131637905	-0.0374075786920306	-0.242898958459302
0.0505784219125556	0.0184172137723389	-0.124767781768188	0.247904631247189	-0.138496499447213	-0.0370303879449374	-0.240506052266266
0.0502622658901598	0.0182630086632288	-0.12354869220342	0.24561746812483	-0.137137112717926	-0.0366555829134009	-0.238118917953295
0.0499429835072677	0.0181071465716895	-0.122331885547478	0.243332066733059	-0.135782009146734	-0.0362831517332015	-0.235737647445343
0.0496206472622425	0.0179496699545773	-0.121117419756367	0.241048575560411	-0.13443122652277	-0.0359130827101326	-0.233362332851738
0.049295329667343	0.0177906210852045	-0.119905352901506	0.23876714323476	-0.133084802728509	-0.035545364319929	-0.230993066465271
0.048967103242034	0.017630042050999	-0.118695743166531	0.2364879185151	-0.131742775742182	-0.0351799852099502	-0.228629940760088
0.0486360405046534	0.0174679747531948	-0.117488648844926	0.234211050283155	-0.130405183638634	-0.0348169341990546	-0.226273048390781
0.0483022139651936	0.0173044609051685	-0.11628412833707	0.231936687535078	-0.129072064591183	-0.0344562002786606	-0.223922482190619
0.0479656961178725	0.017139542031075	-0.115082240147417	0.229664979373156	-0.127743456873278	-0.034097772613547	-0.22157833516998
0.0476265594331525	0.0169732594651658	-0.113883042881922	0.227396074997428	-0.12641939885959	-0.033741640542027	-0.219240700515125
0.0472848763506015	0.0168056543501128	-0.112686595245066	0.225130123697398	-0.125099929027866	-0.033387793577006	-0.216909671586375
0.0469407192712745	0.0166367676359625	-0.111492956037137	0.222867274843753	-0.123785085960328	-0.0330362214064809	-0.214585341916688
0.0465941605498567	0.0164666400793752	-0.110302184151583	0.220607677879941	-0.122474908344755	-0.0326869138937573	-0.212267805210277
0.0462452724876499	0.0162953122419142	-0.109114338572022	0.218351482313992	-0.121169434976397	-0.032339861078534	-0.209957155340777
0.0458941273247232	0.0161228244893526	-0.107929478369612	0.216098837710129	-0.119868704758995	-0.0319950531770494	-0.207653486349885
0.045540797232567	0.0159492169904343	-0.106747662700236	0.213849893680554	-0.118572756706298	-0.0316524805827353	-0.205356892445751
0.0451853543068743	0.0157745297154984	-0.105568950801593	0.211604799877183	-0.117281629943612	-0.0313121338669662	-0.203067468001207
0.0448278705595582	0.0155988024360847	-0.104393401990702	0.209363705983328	-0.115995363708612	-0.0309740037789373	-0.200785307552577
0.0444684179118829	0.0154220747232333	-0.10322107566087	0.207126761705556	-0.114713997353157	-0.0306380812467097	-0.198510505797724
0.0441070681868921	0.0152443859466761	-0.10205203127902	0.204894116765449	-0.113437570344396	-0.0303043573774431	-0.196243157594587
0.0437438931018176	0.0150657752741049	-0.100886328383038	0.202665920891374	-0.112166122265794	-0.0299728234575643	-0.193983357959724
0.0433789642613241	0.01488628166948	-0.0997240265787566	0.200442323810437	-0.110899692818936	-0.0296434709537906	-0.191731202066358
0.0430123531497627	0.0147059438925889	-0.0985651855374173	0.198223475240266	-0.109638321824304	-0.0293162915130291	-0.189486785243052
0.0426441311239458	0.0145248004980336	-0.0974098649929235	0.196009524880936	-0.108382049222518	-0.0289912769627863	-0.187250202972097
0.0422743694061406	0.0143428898340008	-0.0962581247389934	0.193800622406918	-0.107130915075724	-0.0286684193117661	-0.185021550887735
0.0419031390766759	0.0141602500415736	-0.0951100246265426	0.191596917459028	-0.105884959568562	-0.0283477107499873	-0.182800924774692
0.0415305110670969	0.013976919053429	-0.0939656245608228	0.189398559636476	-0.104644223009598	-0.0280291436494412	-0.180588420566359
0.0411565561526924	0.013792934593375	-0.0928249844989034	0.187205698488865	-0.103408745832101	-0.0277127105640073	-0.178384134343429
0.040781344945513	0.0136083341753453	-0.0916881644469376	0.185018483508282	-0.102178568595224	-0.0273984042298403	-0.176188162332222
0.0404049478877969	0.0134231551019698	-0.0905552244572583	0.182837064121488	-0.100953731985514	-0.027086217566143	-0.174000600902755
0.0400274352442915	0.0132374344645781	-0.089426224626084	0.180661589682028	-0.0997342768173125	-0.026776143674663	-0.171821546567647
0.0396488770958485	0.0130512091416909	-0.088301225090578	0.178492209462474	-0.0985202440342859	-0.0264681758405212	-0.169651095980097
0.0392693433323023	0.0128645157984924	-0.0871802860263534	0.176329072646702	-0.0973116747102264	-0.0261623075321842	-0.167489345932476
0.0388889036459182	0.0126773908856845	-0.0860634676447311	0.174172328322275	-0.0961086100503293	-0.0258585324019854	-0.165336393354557
0.0385076275241384	0.0124898706392522	-0.0849508301903475	0.17202212547271	-0.0949110913917015	-0.025556844285818	-0.163192335312197
0.0381255842435534	0.0123019910788455	-0.0838424339382438	0.169878612970048	-0.0937191602050038	-0.0252572372040829	-0.161057269005298
0.0377428428624381	0.0121137880079802	-0.082738339191689	0.167741939567213	-0.0925328580946193	-0.024959705360999	-0.158931291766751
0.0373594722147695	0.0119252970125406	-0.0816386062793423	0.165612253890698	-0.0913522268001923	-0.0246642431454485	-0.156814501060465
0.0369755409036585	0.0117365534600562	-0.0805432955527156	0.163489704433149	-0.0901773081975045	-0.0243708451311118	-0.154706994479764
0.0365911172944993	0.0115475924994441	-0.0794524673838664	0.161374439546016	-0.0890081442990164	-0.0240795060762053	-0.152608869746107
0.0362062695087827	0.0113584490600189	-0.078366182162786	0.159266607432333	-0.0878447772549546	-0.0237902209238655	-0.150520224707345
0.0358210654176404	0.0111691578509348	-0.0772845002949914	0.15716635613953	-0.0866872493540695	-0.0235029848021551	-0.148441157336251
0.0354355726359504	0.010979753360043	-0.076207482198895	0.155073833552398	-0.0855356030248504	-0.0232177930245931	-0.14637176572872
0.035049858515712	0.0107902698537478	-0.0751351883035953	0.152989187386003	-0.0843898808359456	-0.0229346410897996	-0.144312148102525
0.034663990139807	0.0106007413764758	-0.0740676790465134	0.150912565178692	-0.0832501254968575	-0.0226535246814756	-0.142262402795825
0.0342780343163484	0.0104112017495642	-0.0730050148708393	0.148844114285322	-0.0821163798591447	-0.0223744396689275	-0.14022262826542
0.0338920575725292	0.0102216845708392	-0.071947256223248	0.146783981870413	-0.080988686917024	-0.0220973821069586	-0.138192923085316
0.0335061261486554	0.0100322232141065	-0.070894463551623	0.144732314901454	-0.0798670898080754	-0.021822348235858	-0.136173385945305
0.033120305992261	0.00984285082863577	-0.0698466973027797	0.142689260142259	-0.0787516318139215	-0.0215493344813898	-0.134164115649506
0.0327346627524619	0.00965360033849215	-0.0688040179201655	0.140654964146475	-0.0776423563610581	-0.0212783374549364	-0.132165211114857
0.0323492617742756	0.00946450444198827	-0.0677664858415928	0.138629573251078	-0.0765393070215276	-0.0210093539535155	-0.130176771369614
0.0319641680929216	0.00927559561133391	-0.0667341614971293	0.136613233570066	-0.075442527513513	-0.0207423809596569	-0.128198895552062
0.0315794464284012	0.00908690609202919	-0.0657071053068607	0.134606090988179	-0.0743520617020718	-0.0204774156414928	-0.126231682909006
0.0311951611801265	0.0088984679023325	-0.0646853776787216	0.132608291154737	-0.073267953599829	-0.0202144553527915	-0.12427523279434
0.0308113764214372	0.00871031283300152	-0.0636690390064659	0.130619979477563	-0.072190247367457	-0.0199534976327586	-0.122329644667776
0.0304281558945269	0.00852247244665613	-0.0626581496674999	0.128641301117029	-0.0711189873144479	-0.0196945402061779	-0.120395018093365
0.030045563005215	0.00833497807747467	-0.0616527700208889	0.126672400980206	-0.0700542178996367	-0.0194375809832678	-0.118471452738223
0.0296636608178556	0.00814786083083407	-0.0606529604053351	0.124713423715048	-0.0689959837317267	-0.0191826180595813	-0.116559048371187
0.0292825120502931	0.00796115158306002	-0.0596587811372635	0.12276451370476	-0.0679443295697779	-0.0189296497158311	-0.114657904861597
0.0289021790694087	0.00777488098057526	-0.0586702925086683	0.120825815062312	-0.0668993003241529	-0.0186786744182531	-0.112768122177734
0.02852272388574	0.00758907944032544	-0.0576875547854977	0.118897471624872	-0.0658609410564251	-0.0184296908178306	-0.110889800385931
0.0281442081494216	0.00740377714874798	-0.0567106282055038	0.116979626948625	-0.0648292969805007	-0.0181826977508438	-0.109023039648974
0.0277666931449674	0.00721900406228489	-0.0557395729767103	0.11507242430341	-0.0638044134624503	-0.0179376942380294	-0.107167940225268
0.0273902397876219	0.00703478990614229	-0.0547744492752256	0.113176006667789	-0.0627863360217974	-0.0176946794853343	-0.105324602467123
0.0270149086182407	0.00685116417498821	-0.0538153172438493	0.111290516723911	-0.061775110331212	-0.0174536528829292	-0.103493126820061
0.0266407597993548	0.00666815613237049	-0.0528622369902112	0.109416096852738	-0.0607707822172732	-0.01721461400539	-0.101673613821478
0.0262678531114211	0.00648579481004385	-0.0519152685848743	0.107552889129343	-0.0597733976612742	-0.016977562611959	-0.09986616409922
0.0258962479477769	0.00630410900906955	-0.0509744720602222	0.105701035318154	-0.0587830027986364	-0.0167424986452401	-0.0980708783711866
0.0255260033117274	0.0061231272984302	-0.050039907408327	0.103860676868607	-0.0577996439202924	-0.0165094222321167	-0.0962878574435364
0.0251571778125094	0.00594287801521658	-0.0491116345795242	0.102031954910771	-0.0568233674728464	-0.0162783336832844	-0.0945172022098187
0.0247898296609845	0.00576338926529006	-0.0481897134811859	0.100215010250995	-0.0558542200583208	-0.0160492334923581	-0.0927590136503217
0.0244240166667942	0.00558468892233113	-0.0472742039758792	0.0984099833679332	-0.0548922484352298	-0.0158221223364427	-0.0910133928305883
0.0240597962344971	0.00540680462830644	-0.0463651658801356	0.0966170144085164	-0.0539374995185121	-0.0155970010754418	-0.0892804409007089
0.023697225360423	0.00522976379323214	-0.0454626589629689	0.0948362431841644	-0.0529900203800442	-0.0153738707520114	-0.0875602590942556
0.0233363606293376	0.00505359359532021	-0.0445667429445494	0.0930678091670147	-0.0520498582488064	-0.0151527325911672	-0.0858529487273711
0.0229772582112852	0.00487832098113407	-0.0436774774949783	0.0913118514864338	-0.0511170605111348	-0.0149335879999251	-0.0841586111980016
0.0226199738588758	0.00470397266532331	-0.0427949222328541	0.089568508925579	-0.0501916747112289	-0.0147164385672984	-0.0824773479847814
0.02226456290403	0.00453057513124358	-0.0419191367242796	0.0878379199180826	-0.0492737485510108	-0.014501286063536	-0.0808092606464961
0.0219110802555143	0.00435815463077481	-0.0410501804815582	0.0861202225449582	-0.0483633298906205	-0.0142881324400833	-0.0791544508210945
0.0215595803964015	0.00418673718441898	-0.0401881129620346	0.0844155545316135	-0.0474604667486893	-0.0140769798293054	-0.0775130202248614
0.0212101173812138	0.00401634858198614	-0.0393329935672267	0.0827240532449624	-0.0465652073021668	-0.0138678305437014	-0.0758850706519479
0.0208627448342098	0.00384701438204574	-0.0384848816414578	0.0810458556908078	-0.0456775998871221	-0.0136606870762279	-0.0742707039732019
0.020517515946425	0.00367875991313402	-0.0376438364712829	0.0793810985112128	-0.0447976929981829	-0.0134555520990787	-0.072670022136029
0.0201744834742083	0.00351161027328665	-0.0368099172842214	0.0777299179821797	-0.0439255352892896	-0.013252428463962	-0.0710831271632916
0.0198336997370265	0.00334559033068743	-0.035983183248008	0.0760924500113816	-0.0430611755735894	-0.0130513192014015	-0.0695101211528698
0.0194952166154173	0.00318072472433419	-0.0351636934698815	0.0744688301360435	-0.042204662823321	-0.0128522275200355	-0.0679511062772356
0.0191590855497758	0.00301703786387248	-0.0343515069955601	0.0728591935210861	-0.0413560461703787	-0.0126551568066723	-0.0664061847825843
0.0188253575384905	0.00285455393044607	-0.0335466828086781	0.0712636749573112	-0.0405153749060757	-0.0124601106254541	-0.0648754589885424
0.0184940831365948	0.00269329687710665	-0.0327492798300671	0.0696824088597867	-0.0396826984812621	-0.0122670927174238	-0.0633590312876308
0.0181653124547382	0.00253329042905877	-0.031959356917024	0.0681155292664683	-0.0388580665066197	-0.012076107000267	-0.0618570041446956
0.0178390951577925	0.00237455808454301	-0.0311769728628516	0.0665631698368399	-0.0380415287524157	-0.0118871575674827	-0.0603694800966428
0.0175154804638399	0.00221712311547388	-0.0304021863963495	0.0650254638507913	-0.0372331351484903	-0.0117002486877958	-0.0588965617520863
0.0171945171435346	0.00206100856783933	-0.0296350561812469	0.0635025442077125	-0.0364329357844603	-0.0115153848048047	-0.057438351790891
0.0168762535193668	0.00190623726242573	-0.0288756408157924	0.0619945434256838	-0.0356409809096555	-0.0113325705363427	-0.0559949529638806
0.0165607374652668	0.00175283179535828	-0.0281239988323198	0.0605015936409027	-0.0348573209332417	-0.0111518106740317	-0.0545664680924899
0.0162480164056686	0.00160081453950802	-0.0273801886971809	0.059023826607106	-0.0340820064236237	-0.0109731101820615	-0.0531530000688458
0.0159381373158928	0.00145020764453134	-0.0266442688101937	0.0575613736954547	-0.033315088109029	-0.0107964741972311	-0.0517546518552127
0.0156311467219831	0.0013010330377724	-0.0259162975044336	0.0561143658943742	-0.0325566168773488	-0.0106219080282131	-0.0503715264838221
0.0153270907002455	0.00115331242578378	-0.0251963330463476	0.0546829338095492	-0.031806643775532	-0.0104494171542918	-0.0490037270571036
0.0150260148778839	0.00100706729473162	-0.0244844336354493	0.0532672076642737	-0.0310652200099118	-0.0102790072251235	-0.047651356747346
0.0147279644334006	0.000862318911300021	-0.0237806574042261	0.051867317299847	-0.0303323969461081	-0.0101106840600518	-0.046314518796581
0.0144329840968217	0.000719088324065343	-0.0230850624183018	0.050483392176141	-0.0296082261085971	-0.00994445364702982	-0.0449933165167774
0.0141411181507193	0.000577396364124622	-0.0223977066763233	0.0491155613724537	-0.0288927591809067	-0.00978032214222956	-0.043687853289648
0.0138524104306658	0.000437263646657241	-0.0217186481102656	0.047763953588407	-0.0281860480050648	-0.00961829586882707	-0.0423982325669558
0.0135669043266293	0.000298710571571294	-0.0210479445853936	0.0464286971451634	-0.0274881445818145	-0.00945838131662971	-0.0411245578703472
0.0132846427837054	0.000161757325212082	-0.0203856539007043	0.0451099199866918	-0.0267991010699932	-0.00930058514076908	-0.0398669327917717
0.0130056683038116	2.64238811270709e-05	-0.0197318337890082	0.0438077496813467	-0.0261189697866935	-0.00914491416125664	-0.0386254609934027
0.0127300229466486	-0.000107269998007954	-0.0190865419175405	0.0425223134235032	-0.0254478032065192	-0.00899137536152223	-0.0374002462082117
0.0124577483320166	-0.00023930475989993	-0.018449835887992	0.0412537380355455	-0.0247856539620059	-0.00883997588825179	-0.0361913922397508
0.0121888856409816	-0.000369661060460112	-0.0178217732373002	0.0400021499698637	-0.0241325748427251	-0.00869072304973809	-0.0349990029628945
0.0119234756182664	-0.000498319762888301	-0.0172024114379434	0.0387676753112095	-0.0234886187954268	-0.00854362431538163	-0.0338231823239037
0.011661558573986	-0.000625261935706803	-0.0165918078986891	0.037550439779061	-0.0228538389233295	-0.00839868731425808	-0.0326640343410275
0.0114031743862587	-0.000750468851583936	-0.0159900199650889	0.0363505687303877	-0.022228288486132	-0.00825591983443435	-0.0315216631047714
0.0111483625035683	-0.00087392198563442	-0.0153971049201721	0.0351681871624209	-0.0216120208995517	-0.0081153298218075	-0.0303961727783508
0.0108971619472427	-0.00099560301354237	-0.0148131199853181	0.0340034197157591	-0.0210050897348402	-0.00797692537883906	-0.0292876675983873
0.0106496113146271	-0.00111549381032818	-0.014238122320835	0.0328563906776306	-0.0204075487187684	-0.00784071476385756	-0.0281962518751525
0.0104057487813753	-0.00123357644774052	-0.0136721690271669	0.0317272239852176	-0.0198194517325502	-0.00770670638915826	-0.0271220299935988
0.0101656121053922	-0.0013498331933991	-0.0131153171454303	0.0306160432294838	-0.0192408528122488	-0.00757490882070513	-0.026065106413511
0.00992923862950643	-0.00146424650814178	-0.0125676236586819	0.0295229716588422	-0.0186718061476851	-0.00744533077621785	-0.0250255856705268
0.00969666528528434	-0.00157679904444509	-0.0120291454928455	0.028448132183347	-0.018112366082344	-0.00731798112427741	-0.0240035723767351
0.00946792859632712	-0.00168747364399945	-0.0114999395179467	0.0273916473787978	-0.0175625871125182	-0.0071928688826566	-0.022999171221581
0.00924306468290034	-0.0017962533365973	-0.0109800625488983	0.0263536394913841	-0.0170225238876363	-0.00707000321787983	-0.022012486972202
0.00902210926483073	-0.00190312133662555	-0.0104695713472901	0.0253342304421434	-0.0164922312086373	-0.00694939344264152	-0.0210436244750007
0.00880509766666736	-0.00200806104207094	-0.0099685226221671	0.0243335418319911	-0.0159717640284219	-0.00683104901550195	-0.0200926886558846
0.00859206482122112	-0.00211105603123865	-0.00947697303179381	0.0233516949466441	-0.0154611774504778	-0.00671497953855268	-0.019159784521737
0.00838304527506313	-0.00221209006159513	-0.0089949791845792	0.0223888107620855	-0.0149605267292816	-0.00660119475701503	-0.0182450171607833
0.00817807319215033	-0.00231114706601242	-0.00852259764111164	0.0214450099498727	-0.0144698672686136	-0.00648970455652746	-0.0173484917443436
0.00797718235957463	-0.00240821115135629	-0.00805988491523987	0.0205204128829666	-0.0139892546217994	-0.00638051896255173	-0.0164703135273175
0.00778040619227508	-0.00250326659548731	-0.00760689747586129	0.0196151396415925	-0.0135187444907137	-0.00627364813838548	-0.0156105878495515
0.00758777773828622	-0.00259629784461866	-0.00716369174861055	0.0187293100194057	-0.0130583927251315	-0.00616910238352285	-0.0147694201370532
0.00739932968451022	-0.00268728951106835	-0.00673032411736033	0.0178630435298135	-0.012608255322362	-0.00606689213236803	-0.0139469159028917
0.00721509436194321	-0.00277622636997353	-0.00630685092626709	0.0170164594125547	-0.0121683884261827	-0.00596702795207557	-0.0131431807488157
0.00703510375162937	-0.00286309335665496	-0.00589332848151288	0.0161896766404499	-0.0117388483262522	-0.00586952054096844	-0.0123583203664015
0.00685938949083466	-0.00294787556392736	-0.00548981305313028	0.0153828139264371	-0.011319691457557	-0.00577438072694333	-0.0115924405382926
0.00668798287908215	-0.00303055823893466	-0.00509636087705397	0.0145959897307617	-0.010910974399505	-0.00568161946547182	-0.0108456471396909
0.0065209148845057	-0.00311112678006209	-0.00471302815718282	0.0138293222684317	-0.0105127538751371	-0.00559124783769918	-0.0101180461398332
0.00635821615069852	-0.00318956673416934	-0.00433987106731622	0.0130829295168984	-0.0101250867506089	-0.00550327704884463	-0.00940974360325611
0.00619991700313367	-0.00326586379296505	-0.00397694575349992	0.0123569292238932	-0.00974803003404126	-0.00541771842586401	-0.00872084569156095
0.00604604745622991	-0.00334000378987046	-0.00362430833619207	0.0116514389155541	-0.00938164087480246	-0.00533458341557291	-0.00805145866491068
0.00589663722065045	-0.00341197269685199	-0.00328201491247649	0.0109665759047887	-0.00902597656281038	-0.00525388358276699	-0.0074016888835511
0.00575171571056726	-0.00348175662089102	-0.00295012155845734	0.0103024572998245	-0.00868109452758304	-0.00517563060804235	-0.00677164280952936
0.00561131205104283	-0.0035493418002836	-0.00262868433174976	0.00965920001295947	-0.00834705233718638	-0.00509983628548442	-0.00616142700849455
0.00547545508603409	-0.00361471460137004	-0.00231775927383997	0.0090369207696559	-0.00802390769760048	-0.00502651252077649	-0.00557114815130813
0.00534417338630161	-0.00367786151484549	-0.00201740241262047	0.00843573611774892	-0.00771171845175059	-0.00495567132894349	-0.00500091301582134
0.00521749525707477	-0.00373876915140874	-0.00172766976527197	0.00785576243689485	-0.00741054257809825	-0.00488732483154601	-0.00445082848908709
0.00509544874725202	-0.00379742423901446	-0.00144861734045955	0.0072971159483875	-0.00712043819052243	-0.00482148525531682	-0.00392100156862745
0.00497806165706624	-0.00385381361785677	-0.00118030114155414	0.00675991272500796	-0.00684146353646572	-0.00475816492881103	-0.00341153936500801
0.00486536154732636	-0.00390792423699246	-0.000922777169166514	0.00624426870128008	-0.00657367699641862	-0.00469737628053628	-0.00292254910347462
0.004757375748249	-0.00395974315011483	-0.000676101424070416	0.00575029968386816	-0.00631713708276884	-0.00463913183635142	-0.0024541381260551
0.00465413136856685	-0.00400925751131646	-0.000440329910177981	0.00527812136226086	-0.00607190243871278	-0.0045834442168883	-0.00200641389370163
0.00455565530489793	-0.00405645457085311	-0.000215518637515636	0.0048278493196483	-0.00583803183718172	-0.0045303261349889	-0.00157948398837955
0.00446197425114615	-0.00410132167057353	-1.72362540530168e-06	0.00439959904408426	-0.00561558417959407	-0.00447979039288617	-0.0011734561154051
0.00437311470875795	-0.00414384624009734	0.000200999094685023	0.0039934859399051	-0.00540461849520447	-0.00443184988006063	-0.000788438105291993
0.00428910299590246	-0.00418401579126125	0.000392593475474632	0.00360962533930349	-0.00520519393918037	-0.0043865175696006	-0.000424537916646349
0.00420996525847619	-0.00422181791452727	0.000573003451066267	0.00324813251427624	-0.0050173697922309	-0.00434380651631615	-8.1863637873525e-05
0.00413572747984069	-0.00425724027342361	0.000742172933235339	0.00290912268868096	-0.00484120545876338	-0.00430372985314181	0.000239476509955891
0.00406641549187475	-0.00429027060026555	0.000900045808238511	0.00259271105070302	-0.00467676046611517	-0.0042663007887083	0.000539374170951055
0.00400205498545726	-0.00432089669083005	0.00104656593318011	0.00229901276538955	-0.00452409446295918	-0.00423153260399428	0.00081772085173334
0.00394267152173165	-0.00434910639961913	0.00118167713257511	0.00202814298757444	-0.00438326721826864	-0.0041994386495422	0.00107440791904511
0.00388829054343876	-0.00437488763482883	0.00130532319474367	0.0017802168750673	-0.00425433862012074	-0.00417003234244692	0.00130932659716916
0.00383893738587917	-0.00439822835253189	0.00141744786789761	0.00155534960189215	-0.004137368673851	-0.00414332716264483	0.00152236796502694
0.00379463728931099	-0.00441911655221577	0.00151799485670391	0.00135365637212164	-0.0040324175014478	-0.00411933665047568	0.00171342295388221
0.00375541541019656	-0.00443754027056913	0.00160690781813965	0.00117525243361945	-0.00393954533950852	-0.00409807440267686	0.00188238234421511
0.00372129683387827	-0.00445348757663666	0.00168413035786644	0.00102025309230654	-0.00385881253839988	-0.00407955406964708	0.00202913676328062
0.00369230658637369	-0.00446694656550178	0.00174960602594996	0.000888773726515647	-0.00379027956029169	-0.00406378935142248	0.00215357668186416
0.00366846964752543	-0.00447790535327528	0.00180327831311466	0.000780929801771121	-0.00373400697828896	-0.0040507939948461	0.00225559241176986
0.00364981096340725	-0.0044863520707887	0.00184509064643456	0.00069683688564912	-0.00369005547455975	-0.00404058178960147	0.00233507410263467
0.00363635545946318	-0.00449227485778346	0.00187498638517671	0.000636610663049163	-0.00365848583896234	-0.00403316656473454	0.0023919117389578
0.00362812805387266	-0.00449566185700323	0.00189290881658733	0.000600366951706777	-0.00363935896763582	-0.00402856218511088	0.00242599513710554
0.00362515367081031	-0.00449650120777059	0.001898801151444	0.000588221717896706	-0.00363273586121906	-0.00402678254743808	0.00243721394206536
0.00362481411587219	-0.00449606276796755	0.00189865945813402	0.000588164418564226	-0.00363238497708769	-0.00402641990748379	0.0024369636296836
0.00362447459142415	-0.00449562436982784	0.00189851777000462	0.00058810712462254	-0.00363203412620154	-0.00402605729633341	0.00243671334363443
0.00362413509752519	-0.00449518601342582	0.00189837608709166	0.000588049836077296	-0.00363168330861806	-0.00402569471405438	0.00243646308396084
0.00362379563401844	-0.00449474769856596	0.00189823440931525	0.000587992552903171	-0.0036313325241795	-0.00402533216047387	0.00243621285055612
0.00362345620101218	-0.00449430942538285	0.00189809273673495	0.000587935275117375	-0.0036309817729941	-0.00402496963571369	0.00243596264349221
0.00362311679842713	-0.00449387119377721	0.0018979510693116	0.000587878002707426	-0.00363063105498182	-0.00402460713968702	0.00243571246271441
0.00362277742631181	-0.00449343300380912	0.00189780940707325	0.000587820735680727	-0.00363028037019097	-0.00402424467244935	0.00243546230825466
0.0036224380847015	-0.00449299485552128	0.00189766775004053	0.0005877634740436	-0.00362992971865619	-0.00402388223404119	0.00243521218013495
0.00362209877346683	-0.00449255674875371	0.00189752609814867	0.000587706217774255	-0.00362957910024774	-0.00402351982432029	0.00243496207826788
0.00362175949269877	-0.00449211868361801	0.00189738445144753	0.000587648966888066	-0.00362922851505615	-0.00402315744338921	0.00243471200271301
0.00362142024240535	-0.0044916806601241	0.00189724280994397	0.000587591721386043	-0.00362887796308901	-0.0040227950912582	0.00243446195347486
0.00362108102255308	-0.0044912426782298	0.00189710117362282	0.000587534481262685	-0.00362852744431236	-0.00402243276789156	0.00243421193052981
0.0036207418331017	-0.00449080473788499	0.00189695954246566	0.000587477246511495	-0.0036281769586854	-0.00402207047324596	0.00243396193384968
0.00362040267422775	-0.00449036683930821	0.00189681791656752	0.000587420017160984	-0.00362782650638468	-0.004021708207519	0.00243371196355211
0.00362006354562162	-0.0044899289821146	0.00189667629576851	0.000587362793161113	-0.00362747608709935	-0.00402134597036811	0.00243346201942775
0.00361972444759226	-0.00448949116668716	0.0018965346802331	0.000587305574561916	-0.0036271257011386	-0.0040209837621379	0.00243321210168313
0.00361938537991201	-0.00448905339274318	0.00189639306984455	0.000587248361326215	-0.00362677534827385	-0.00402062158257692	0.00243296221016433
0.00361904634266	-0.0044886156603802	0.00189625146464681	0.000587191153467065	-0.00362642502858399	-0.00402025943177455	0.00243271234492329
0.00361870733590739	-0.00448817796968614	0.00189610986467974	0.000587133950995955	-0.00362607474213989	-0.00401989730981122	0.00243246250600675
0.00361836835961667	-0.00448774032061402	0.00189596826992603	0.000587076753906586	-0.00362572448890344	-0.00401953521664669	0.00243221269338852
0.00361802941365937	-0.0044873027130039	0.00189582668032099	0.000587019562178418	-0.00362537426874552	-0.0040191731521397	0.00243196290698092
0.00361769049813082	-0.00448686514697384	0.00189568509591712	0.000586962375826608	-0.00362502408176118	-0.0040188111163975	0.00243171314684714
0.00361735161306732	-0.00448642762256819	0.00189554351673581	0.00058690519485706	-0.00362467392798638	-0.00401844910946192	0.00243146341301038
0.00361701275841525	-0.00448599013972032	0.00189540194275171	0.000586848019261082	-0.00362432380736694	-0.00401808713127484	0.00243121370543361
0.0036166739341328	-0.00448555269837764	0.00189526037394519	0.000586790849031896	-0.00362397371986051	-0.00401772518179122	0.0024309640240875
0.00361633514033202	-0.0044851152986787	0.00189511881037753	0.000586733684187646	-0.00362362366557888	-0.00401736326113683	0.00243071436904631
0.00361599637685141	-0.00448467794042289	0.00189497725196665	0.000586676524702094	-0.00362327364435987	-0.00401700136913388	0.00243046474020037
0.00361565764386848	-0.00448424062382983	0.00189483569880808	0.000586619370603985	-0.00362292365638082	-0.00401663950598084	0.00243021513766797
0.00361531894128831	-0.00448380334878148	0.00189469415085454	0.000586562221877874	-0.00362257370154621	-0.00401627767157374	0.00242996556138415
0.00361498026905304	-0.00448336611520552	0.00189455260807828	0.000586505078514428	-0.00362222377979765	-0.00401591586584985	0.00242971601130897
0.00361464162724268	-0.00448292892320053	0.00189441107052353	0.000586447940526717	-0.0036218738912147	-0.00401555408889921	0.00242946648749488
0.00361430301588331	-0.00448249177279894	0.00189426953820675	0.000586390807918555	-0.00362152403582324	-0.00401519234075245	0.00242921698995872
0.00361396443489905	-0.00448205466390577	0.00189412801109053	0.000586333680677937	-0.0036211742135467	-0.00401483062132653	0.0024289675186481
0.0036136258843243	-0.00448161759656346	0.00189398648919544	0.00058627655881024	-0.00362082442441917	-0.00401446893066125	0.00242871807358517
0.00361328736400584	-0.00448118057058139	0.0018938449724436	0.000586219442290795	-0.00362047466828662	-0.00401410726858772	0.00242846865466575
0.00361294887428521	-0.00448074358638275	0.00189370346101655	0.000586162331174827	-0.00362012494549082	-0.00401374563548673	0.00242821926211828
0.00361261041483954	-0.00448030664356672	0.00189356195474763	0.000586105225409939	-0.00361977525570781	-0.00401338403100114	0.00242796989572483
0.00361227198585385	-0.00447986974236237	0.0018934204537363	0.000586048125026085	-0.00361942559912262	-0.00401302245533787	0.00242772055560854
0.00361193358710599	-0.00447943288249369	0.00189327895786859	0.00058599102998721	-0.00361907597551214	-0.00401266090825155	0.00242747124161903
0.0036115952189207	-0.00447899606436295	0.00189313746731723	0.000585933940345987	-0.00361872638520127	-0.00401229939010433	0.00242722195397349
0.00361125688097567	-0.00447855928756993	0.00189299598191578	0.000585876856050254	-0.00361837682786671	-0.00401193790053954	0.00242697269245408
0.00361091857347932	-0.00447812255237277	0.00189285450177594	0.000585819777133567	-0.00361802730371675	-0.00401157643979015	0.00242672345719991
0.00361058029639802	-0.00447768585872932	0.00189271302688263	0.000585762703590536	-0.00361767781271734	-0.00401121500782038	0.00242647424818723
0.0036102420495535	-0.00447724920641799	0.00189257155714484	0.000585705635392223	-0.00361732835468935	-0.0040108536044334	0.00242622506529514
0.0036099038332075	-0.00447681259576312	0.00189243009270247	0.00058564857258094	-0.00361697892989466	-0.00401049222992152	0.00242597590869855
0.00360956564713721	-0.00447637602648768	0.00189228863344098	0.000585591515120747	-0.00361662953810947	-0.00401013088403853	0.00242572677824644
0.00360922749148901	-0.00447593949877281	0.00189214717943966	0.000585534463035233	-0.0036162801794801	-0.00400976956694853	0.00242547767403612
0.00360888936617992	-0.00447550301251518	0.00189200573065746	0.00058547741631094	-0.00361593085392278	-0.00400940827856067	0.00242522859601083
0.00360855127133258	-0.00447506656786672	0.00189186428716142	0.000585420374967581	-0.0036155815615603	-0.00400904701901289	0.00242497954425197
0.00360821320676583	-0.00447463016460198	0.00189172284885881	0.000585363338975991	-0.00361523230221038	-0.00400868578810499	0.00242473051863646
0.00360787517250896	-0.00447419380275694	0.00189158141576753	0.000585306308340739	-0.00361488307590202	-0.00400832458587105	0.002424481519183
0.00360753716870947	-0.00447375748251405	0.0018914399879674	0.000585249283085781	-0.00361453388278252	-0.00400796341247638	0.00242423254598961
0.00360719919514354	-0.00447332120359544	0.00189129856534367	0.000585192263174683	-0.00361418472262733	-0.00400760226767382	0.00242398359890491
0.00360686125200371	-0.00447288496623923	0.00189115714799965	0.000585135248638879	-0.00361383559562873	-0.00400724115167849	0.00242373467805696
0.00360652333921557	-0.00447244877035296	0.00189101573589894	0.00058507823946595	-0.00361348650171189	-0.00400688006440939	0.00242348578339493
0.00360618545676369	-0.00447201261591672	0.00189087432903582	0.000585021235653683	-0.00361313744086075	-0.00400651900585053	0.00242323691490706
0.00360584760456594	-0.00447157650282861	0.00189073292736984	0.000584964237188481	-0.00361278841299274	-0.00400615797591227	0.00242298807253733
0.00360550978279624	-0.00447114043130362	0.00189059153099456	0.000584907244098622	-0.00361243941828151	-0.00400579697478916	0.00242273925640145
0.00360517199139759	-0.0044707044012705	0.00189045013988258	0.000584850256374968	-0.00361209045666958	-0.00400543600241926	0.0024224904664598
0.0036048342302941	-0.00447026841263508	0.00189030875399681	0.000584793274004842	-0.0036117415280805	-0.00400507505871977	0.00242224170266068
0.00360449649951228	-0.00446983246542942	0.0018901673733534	0.000584736296992865	-0.00361139263254035	-0.00400471414372145	0.00242199296502049
0.00360415879905978	-0.00446939655966281	0.00189002599795898	0.000584679325340081	-0.00361104377005638	-0.00400435325743432	0.00242174425354344
0.00360382112895754	-0.00446896069536052	0.00188988462782688	0.00058462235904995	-0.00361069494064898	-0.00400399239988288	0.00242149556824239
0.00360348348918603	-0.00446852487249823	0.00188974326294957	0.000584565398119094	-0.00361034614429839	-0.00400363157104714	0.00242124690910329
0.00360314587973125	-0.00446808909105784	0.00188960190332201	0.000584508442545389	-0.00360999738098987	-0.0040032707709126	0.00242099827611549
0.00360280830058737	-0.00446765335103196	0.00188946054894372	0.000584451492327789	-0.00360964865071735	-0.00400290999947438	0.00242074966927408
0.00360247075173565	-0.00446721765239655	0.00188931919980728	0.000584394547463302	-0.00360929995346153	-0.00400254925671308	0.00242050108856525
0.00360213323326359	-0.00446678199525995	0.00188917785596112	0.000584337607966002	-0.0036089512893096	-0.00400218854272731	0.00242025253404681
0.00360179574507247	-0.00446634637949924	0.00188903651735602	0.000584280673819887	-0.00360860265816226	-0.00400182785740874	0.00242000400565138
0.00360145828719291	-0.00446591080515174	0.00188889518401032	0.00058422374502992	-0.00360825406004965	-0.00400146720079289	0.00241975550339828
0.00360112085966299	-0.00446547527226453	0.00188875385594668	0.000584166821602195	-0.00360790549500962	-0.00400110657292339	0.00241950702731209
0.00360078346240011	-0.00446503978073464	0.00188861253312423	0.000584109903523283	-0.00360755696295884	-0.0040007459737099	0.00241925857733631
0.00360044609546784	-0.00446460433064033	0.00188847121557865	0.000584052990803599	-0.00360720846396062	-0.00400038540322449	0.00241901015351238
0.00360010875880185	-0.00446416892190147	0.00188832990327883	0.000583996083432592	-0.00360685999795005	-0.00400002486139703	0.00241876175579602
0.0035997714524807	-0.00446373355461524	0.00188818859626847	0.000583939181422813	-0.00360651156500546	-0.00399966434831632	0.00241851338423916
0.00359943417642415	-0.00446329822868121	0.00188804729450774	0.000583882284761533	-0.00360616316504582	-0.00399930386389445	0.00241826503878643
0.00359909693068462	-0.00446286294416461	0.00188790599802703	0.000583825393456835	-0.00360581479812351	-0.0039989434081913	0.00241801671947238
0.00359875971525094	-0.00446242770105045	0.0018877647068225	0.000583768507507279	-0.00360546646422659	-0.00399858298119569	0.00241776842628801
0.0035984225301391	-0.00446199249935852	0.00188762342090527	0.000583711626915257	-0.00360511816337078	-0.00399822258292678	0.00241752015924316
0.00359808537525746	-0.00446155733897467	0.00188748214022982	0.000583654751665831	-0.00360476989546388	-0.00399786221328427	0.00241727191827516
0.00359774825063814	-0.00446112221993831	0.0018873408648153	0.000583597881764217	-0.00360442166053757	-0.00399750187230512	0.00241702370340455
0.00359741115639929	-0.00446068714239529	0.00188719959472622	0.000583541017229656	-0.00360407345870961	-0.00399714156012205	0.00241677551470949
0.00359707409241088	-0.00446025210618428	0.00188705832989688	0.000583484158040823	-0.00360372528984957	-0.00399678127659211	0.00241652735210167
0.00359673705868834	-0.00445981711132375	0.00188691707033786	0.000583427304200267	-0.00360337715397229	-0.00399642102173375	0.0024162792155903
0.00359640005525317	-0.00445938215783988	0.00188677581606284	0.000583370455711714	-0.0036030290510989	-0.00399606079557221	0.00241603110518861
0.00359606308211142	-0.00445894724573985	0.00188663456707758	0.000583313612575786	-0.00360268098123506	-0.00399570059811569	0.00241578302089977
0.00359572613914252	-0.00445851237487365	0.00188649332332121	0.000583256774772967	-0.00360233294425944	-0.0039953404292316	0.00241553496264161
0.00359538922648708	-0.00445807754541515	0.00188635208486998	0.000583199942326088	-0.0036019849403125	-0.00399498028907757	0.00241528693050749
0.00359505234418721	-0.00445764275741613	0.00188621085174852	0.000583143115241987	-0.00360163696943605	-0.0039946201777018	0.0024150389245246
0.00359471549203512	-0.00445720801061862	0.00188606962385022	0.000583086293486804	-0.00360128903142138	-0.00399426009487481	0.00241479094455236
0.00359437867028419	-0.00445677330533636	0.00188592840131064	0.000583029477101624	-0.00360094112652197	-0.00399390004087961	0.00241454299075988
0.00359404187872105	-0.00445633864130403	0.00188578718402009	0.000582972666052066	-0.0036005932545236	-0.00399354001548035	0.00241429506300248
0.00359370511741525	-0.00445590401860785	0.00188564597201771	0.000582915860349011	-0.00360024541549551	-0.00399318001875592	0.00241404716132617
0.00359336838634295	-0.00445546943721751	0.00188550476529334	0.000582859059988761	-0.00359989760941329	-0.00399282005068101	0.00241379928571365
0.0035930316855933	-0.00445503489724319	0.00188536356389629	0.000582802264985804	-0.0035995498363659	-0.00399246011135628	0.00241355143622367
0.00359269501500562	-0.00445460039848498	0.0018852223677446	0.000582745475314121	-0.00359920209619173	-0.00399210020060435	0.00241330361274718
0.00359235837478277	-0.00445416594119458	0.0018850811769475	0.00058268869100614	-0.00359885438909392	-0.00399174031865229	0.00241305581541965
0.003592021764704	-0.00445373152509725	0.00188493999139126	0.000582631912026553	-0.00359850671485056	-0.00399138046525604	0.00241280804409134
0.00359168518494052	-0.00445329715040514	0.00188479881116849	0.00058257513840272	-0.00359815907363297	-0.00399102064060739	0.0024125602988765
0.00359134863538696	-0.00445286281698713	0.00188465763622619	0.000582518370117672	-0.00359781146533494	-0.00399066084459047	0.00241231257970305
0.00359101211607447	-0.00445242852488109	0.00188451646658315	0.000582461607176617	-0.0035974638899873	-0.00399030107724134	0.00241206488659076
0.00359067562700453	-0.00445199427408877	0.00188437530224273	0.000582404849579459	-0.00359711634759116	-0.00398994133856309	0.00241181721953969
0.00359033916821287	-0.00445156006465382	0.00188423414322608	0.000582348097332115	-0.00359676883818171	-0.00398958162859686	0.00241156957857277
0.00359000273963235	-0.00445112589649275	0.00188409298950047	0.000582291350423571	-0.00359642136169146	-0.0039892219472694	0.00241132196364379
0.00358966634132787	-0.00445069176968537	0.00188395184110245	0.000582234608864556	-0.00359607391818483	-0.00398886229465415	0.00241107437479511
0.00358932997316647	-0.0044502576840665	0.00188381069796463	0.00058217787263327	-0.00359572650752817	-0.00398850267060487	0.00241082681193649
0.00358899363525524	-0.00444982363976843	0.00188366956014573	0.000582121141747048	-0.00359537912982844	-0.00398814307524188	0.00241057927513875
0.00358865732752851	-0.0044493896367094	0.00188352842761373	0.000582064416195224	-0.00359503178501929	-0.00398778350849363	0.00241033176435674
0.00358832105013606	-0.00444895567507451	0.00188338730044981	0.00058200769600219	-0.00359468447325039	-0.00398742397052796	0.00241008427968983
0.00358798480293108	-0.00444852175468127	0.00188324617857914	0.000581950981144057	-0.00359433719437416	-0.00398706446118308	0.00240983682103837
0.00358764858589747	-0.00444808787550941	0.00188310506199591	0.000581894271618171	-0.00359398994837407	-0.0039867049804425	0.00240958938839053
0.0035873123990016	-0.00444765403751679	0.00188296395068496	0.000581837567418831	-0.00359364273521601	-0.00398634552827029	0.00240934198172269
0.0035869762425272	-0.00444722024105454	0.00188282284479755	0.000581780868592471	-0.00359329555518374	-0.00398598610498313	0.0024090946012241
0.00358664011616894	-0.00444678648574414	0.00188268174417612	0.000581724175089005	-0.00359294840797103	-0.00398562671024316	0.00240884724668894
0.00358630401989602	-0.00444635277154636	0.00188254064880666	0.000581667486903825	-0.00359260129354644	-0.00398526734401743	0.00240859991809514
0.00358596795405436	-0.00444591909888979	0.00188239955887325	0.00058161080409304	-0.00359225421225606	-0.00398490800669168	0.0024083526156739
0.00358563191827245	-0.00444548546731366	0.00188225847418358	0.00058155412659607	-0.00359190716372741	-0.00398454869785468	0.00240810533917491
0.00358529591272612	-0.00444505187703537	0.00188211739483221	0.00058149745444153	-0.00359156014813614	-0.00398418941770314	0.00240785808871505
0.00358495993733892	-0.00444461832795957	0.00188197632078151	0.000581440787617052	-0.00359121316540511	-0.00398383016615344	0.00240761086424179
0.00358462399228796	-0.00444418482030554	0.00188183525212691	0.000581384126151251	-0.00359086621571148	-0.00398347094340373	0.00240736366587311
0.0035842880773098	-0.00444375135374603	0.00188169418873258	0.000581327470001501	-0.00359051929879069	-0.00398311174916276	0.00240711649343089
0.00358395219257531	-0.00444331792849267	0.00188155313069072	0.000581270819195301	-0.00359017241481367	-0.00398275258362168	0.00240686934702895
0.00358361633795101	-0.00444288454437948	0.00188141207793367	0.00058121417371101	-0.00358982556364619	-0.00398239344663377	0.00240662222657649
0.00358328051363741	-0.00444245120165459	0.00188127103056918	0.00058115753358117	-0.00358947874548866	-0.00398203433842304	0.0024063751322071
0.00358294471940483	-0.0044420179000327	0.00188112998847911	0.000581100898768596	-0.00358913196011055	-0.00398167525873564	0.00240612806376533
0.00358260895541684	-0.00444158463971621	0.00188098895175177	0.000581044269299576	-0.00358878520767523	-0.00398131620775488	0.00240588102136012
0.00358227322150818	-0.00444115142049979	0.00188084792030287	0.000580987645147509	-0.00358843848801682	-0.00398095718529839	0.00240563400487927
0.00358193751795921	-0.0044407182427306	0.00188070689428205	0.000580931026357735	-0.00358809180141559	-0.00398059819167909	0.00240538701451004
0.00358160184445618	-0.00444028510601934	0.00188056587352714	0.000580874412879128	-0.00358774514755697	-0.00398023922654983	0.00240514005004072
0.0035812662011887	-0.0044398520106002	0.00188042485813995	0.000580817804742888	-0.00358739852663021	-0.00397988029012247	0.00240489311159725
0.00358093058802768	-0.00443941895631328	0.00188028384805539	0.000580761201927511	-0.00358705193850587	-0.00397952138225523	0.0024046461990923
0.003580595005065	-0.00443898594327156	0.00188014284332391	0.000580704604448272	-0.00358670538327526	-0.00397916250305141	0.00240439931258616
0.00358025945233855	-0.00443855297152186	0.00188000184396801	0.000580648012311058	-0.00358635886097602	-0.00397880365255459	0.00240415245210333
0.00357992392973247	-0.00443812004092001	0.00187986084992931	0.000580591425497158	-0.00358601237149175	-0.00397844483063742	0.00240390561756489
0.00357958843720686	-0.00443768715141588	0.00187971986118922	0.000580534844000189	-0.00358566591478174	-0.00397808603725674	0.00240365880894281
0.00357925297500642	-0.00443725430331278	0.00187957887787881	0.000580478267859518	-0.00358531949109093	-0.00397772727268612	0.00240341202640069
0.00357891754288488	-0.00443682149630464	0.00187943789987107	0.000580421697035405	-0.0035849731001721	-0.00397736853665313	0.00240316526977171
0.00357858214091028	-0.00443638873047552	0.00187929692720429	0.000580365131538777	-0.00358462674209297	-0.00397700982923481	0.00240291853910066
0.00357824676897462	-0.00443595600569108	0.0018791559598242	0.000580308571351964	-0.00358428041674496	-0.00397665115031257	0.00240267183431399
0.00357791142733228	-0.00443552332226614	0.00187901499786681	0.000580252016516466	-0.00358393412438234	-0.00397629250017033	0.00240242515558124
0.00357757611588195	-0.00443509068007467	0.00187887404128128	0.00058019546701575	-0.00358358786490321	-0.00397593387869701	0.00240217850283337
0.00357724083440909	-0.00443465807885047	0.00187873308995754	0.000580138922814666	-0.00358324163809232	-0.00397557528565564	0.00240193187592543
0.00357690558327896	-0.00443422551904559	0.00187859214408975	0.00058008238397285	-0.00358289544431498	-0.00397521672145332	0.00240168527510127
0.00357657036214268	-0.0044337930002272	0.00187845120349718	0.000580025850433507	-0.00358254928322136	-0.00397485818570381	0.00240143870012577
0.00357623517119889	-0.00443336052264121	0.00187831026828666	0.000579969322228766	-0.00358220315500991	-0.0039744996786293	0.0024011921511312
0.00357590001039054	-0.00443292808621639	0.00187816933843058	0.000579912799349419	-0.00358185705962318	-0.00397414120016774	0.00240094562807817
0.00357556487970474	-0.00443249569093618	0.0018780284139246	0.000579856281793428	-0.00358151099704767	-0.00397378275030618	0.00240069913095686
0.00357522977918862	-0.00443206333685877	0.00187788749479602	0.000579799769568171	-0.00358116496733027	-0.00397342432909844	0.00240045265979797
0.00357489470871489	-0.00443163102382577	0.00187774658098038	0.000579743262653191	-0.00358081897034293	-0.00397306593640425	0.00240020621451481
0.00357455966848839	-0.00443119875209067	0.00187760567258765	0.000579686761081644	-0.00358047300629043	-0.0039727075724528	0.0023999597952439
0.00357422465834936	-0.00443076652145498	0.00187746476953652	0.000579630264827588	-0.0035801270750123	-0.00397234923706786	0.00239971340187688
0.00357388967834353	-0.00443033433197513	0.00187732387185333	0.000579573773898253	-0.00357978117655394	-0.00397199093030164	0.00239946703444343
0.00357355472842294	-0.00442990218359078	0.00187718297951529	0.000579517288286102	-0.00357943531086677	-0.00397163265210219	0.00239922069291014
0.00357321980866437	-0.00442947007639701	0.00187704209256519	0.000579460808003433	-0.0035790894780273	-0.00397127440255626	0.00239897437732753
0.00357288491897247	-0.00442903801027521	0.00187690121095554	0.00057940433303461	-0.00357874367793965	-0.00397091618155931	0.00239872808763065
0.00357255005944921	-0.00442860598535119	0.00187676033474227	0.00057934786339628	-0.00357839791070548	-0.00397055798922594	0.00239848182388673
0.00357221523000019	-0.00442817400150749	0.00187661946387814	0.000579291399073145	-0.00357805217622979	-0.00397019982545273	0.00239823558603127
0.00357188043066784	-0.00442774205879625	0.00187647859838795	0.000579234940072015	-0.00357770647455454	-0.00396984169028802	0.00239798937409179
0.00357154566145329	-0.00442731015721862	0.00187633773827481	0.000579178486392863	-0.00357736080568058	-0.00396948358373463	0.00239774318806802
0.00357121092229669	-0.00442687829669965	0.00187619688350959	0.000579122038026305	-0.00357701516954737	-0.0039691255057273	0.00239749702791851
0.0035708762132866	-0.00442644647734877	0.00187605603414119	0.000579065594986452	-0.00357666956624327	-0.00396876745636591	0.00239725089370171
0.0035705415344181	-0.00442601469915954	0.00187591519016972	0.000579009157272505	-0.0035763239957629	-0.00396840943564637	0.00239700478541331
0.00357020688560746	-0.00442558296202779	0.00187577435155349	0.000578952724870767	-0.00357597845802196	-0.00396805144347694	0.00239675870299602
0.0035698722669122	-0.00442515126602404	0.00187563351832504	0.000578896297790794	-0.00357563295307753	-0.00396769347992291	0.00239651264648715
0.00356953767820222	-0.00442471961098699	0.00187549269041869	0.000578839876011134	-0.003575287480799	-0.0039673355448412	0.00239626661579867
0.00356920311971255	-0.004424287997207	0.00187535186796011	0.000578783459570264	-0.00357494204142117	-0.00396697763849414	0.00239602061108684
0.0035688685912843	-0.00442385642448734	0.00187521105086852	0.000578727048441859	-0.00357459663478465	-0.00396661976070683	0.00239577463224439
0.00356853409293886	-0.00442342489285339	0.00187507023915736	0.000578670642629882	-0.00357425126091026	-0.00396626191150414	0.00239552867928414
0.00356819962467598	-0.00442299340230498	0.00187492943282912	0.000578614242133918	-0.0035739059197974	-0.00396590409088738	0.00239528275220516
0.00356786518644815	-0.00442256195278239	0.00187478863186112	0.000578557846946409	-0.00357356061139791	-0.00396554629880489	0.00239503685097437
0.00356753077834155	-0.0044221305443919	0.00187464783630107	0.000578501457081424	-0.00357321533579777	-0.00396518853535397	0.00239479097564838
0.00356719640037582	-0.00442169917715794	0.00187450704616191	0.000578445072541603	-0.00357287009301628	-0.00396483080055791	0.0023945451262397
0.00356686205238458	-0.00442126785087328	0.00187436626135847	0.000578388693300481	-0.00357252488288619	-0.00396447309423294	0.00239429930263517
0.00356652773453148	-0.00442083656574075	0.00187422548197932	0.000578332319384271	-0.00357217970557112	-0.00396411541656244	0.00239405350494382
0.00356619344667875	-0.00442040532158867	0.00187408470795431	0.000578275950770815	-0.00357183456093249	-0.00396375776739467	0.00239380773307188
0.00356585918898197	-0.00441997411860976	0.00187394393936778	0.000578219587485135	-0.00357148944912579	-0.00396340014690387	0.00239356198712287
0.00356552496128131	-0.00441954295660544	0.00187380317613811	0.000578163229501291	-0.00357114436999051	-0.0039630425549138	0.00239331626698839
0.00356519076368721	-0.00441911183571217	0.00187366241832586	0.000578106876837131	-0.00357079932363678	-0.00396268499154862	0.00239307057274152
0.00356485659621382	-0.00441868075594679	0.0018735216659407	0.000578050529495116	-0.00357045431007825	-0.0039623274568253	0.00239282490439058
0.0035645224587063	-0.00441824971711712	0.00187338091890384	0.000577994187449994	-0.00357010932915952	-0.00396196995057323	0.00239257926183059
0.00356418835128188	-0.00441781871936816	0.00187324017727935	0.000577937850720547	-0.00356976438099754	-0.00396161247292405	0.00239233364513935
0.00356385427392429	-0.00441738776267904	0.00187309944106096	0.000577881519304501	-0.00356941946557554	-0.00396125502386097	0.00239208805430452
0.00356352022659843	-0.00441695684700568	0.0018729587102327	0.000577825193195953	-0.00356907458285782	-0.00396089760334637	0.00239184248930165
0.00356318620930544	-0.0044165259723496	0.00187281798479777	0.000577768872394883	-0.00356872973284536	-0.00396054021138299	0.00239159695013053
0.00356285222206369	-0.00441609513873268	0.00187267726476807	0.000577712556904392	-0.00356838491555588	-0.00396018284799253	0.00239135143680228
0.00356251826489478	-0.00441566434618117	0.00187253655015737	0.000577656246728129	-0.00356804013101066	-0.00395982551320035	0.00239110594933027
0.00356218433789178	-0.00441523359481024	0.00187239584101705	0.000577599941880862	-0.00356769537930242	-0.00395946820711125	0.002390860487776
0.0035618504407291	-0.00441480288421572	0.00187225513717841	0.000577543642309946	-0.00356735066010465	-0.0039591109293648	0.00239061505191978
0.00356151657365291	-0.00441437221470241	0.00187211443877334	0.000577487348055199	-0.0035670059736635	-0.00395875368023591	0.00239036964192585
0.00356118273667664	-0.00441394158628647	0.00187197374581127	0.000577431059118674	-0.00356666131999196	-0.0039583964597409	0.00239012425780218
0.00356084892972124	-0.00441351099886942	0.00187183305825304	0.000577374775487674	-0.00356631669901035	-0.0039580392677932	0.0023898788994945
0.00356051515274845	-0.00441308045240346	0.00187169237608097	0.000577318497155923	-0.00356597211068001	-0.00395768210435181	0.00238963356697609
0.00356018140582036	-0.00441264994696494	0.00187155169933015	0.00057726222413349	-0.00356562755506261	-0.00395732496948687	0.0023893882602876
0.00355984768900041	-0.00441221948263213	0.00187141102803632	0.000577205956430523	-0.00356528303222125	-0.00395696786327042	0.00238914297947054
0.00355951400210218	-0.00441178905917363	0.00187127036210396	0.000577149694016849	-0.00356493854196885	-0.00395661078549663	0.00238889772439867
0.00355918034524173	-0.0044113586767326	0.00187112970159635	0.000577093436911305	-0.00356459408442107	-0.00395625373629578	0.00238865249514876
0.00355884671848233	-0.00441092833538739	0.00187098904654947	0.000577037185123914	-0.00356424965964104	-0.00395589671573967	0.00238840729176239
0.00355851312168462	-0.00441049803496448	0.00187084839689224	0.00057698093863226	-0.0035639052674886	-0.00395553972367467	0.0023881621141448
0.00355817955485736	-0.0044100677754743	0.00187070775263174	0.000576924697437755	-0.00356356090797212	-0.00395518276011182	0.00238791696230073
0.00355784601812759	-0.00440963755707395	0.00187056711383714	0.000576868461560838	-0.00356321658121829	-0.00395482582519376	0.00238767183631448
0.00355751251137668	-0.00440920737961597	0.00187042648044856	0.000576812230982236	-0.00356287228710803	-0.00395446891879006	0.00238742673610535
0.00355717903458208	-0.00440877724307193	0.00187028585245657	0.000576756005698312	-0.00356252802561827	-0.00395411204087697	0.00238718166165715
0.00355684558783996	-0.00440834714756055	0.00187014522991404	0.000576699785724658	-0.00356218379684477	-0.00395375519156272	0.00238693661303328
0.00355651217110521	-0.00440791709302552	0.00187000461279983	0.000576643571053875	-0.00356183960074202	-0.00395339837079847	0.00238669159020246
0.00355617878441525	-0.00440748707951279	0.00186986400113593	0.000576587361691999	-0.0035614954373471	-0.00395304157862734	0.0023864465931887
0.0035558454276583	-0.00440705710688309	0.00186972339486595	0.000576531157621026	-0.00356115130654743	-0.00395268481492624	0.00238620162191581
0.00355551210097143	-0.00440662717530635	0.00186958279406453	0.000576474958862817	-0.00356080720848007	-0.00395232807984911	0.00238595667647497
0.0035551788041915	-0.00440619728457927	0.00186944219864807	0.000576418765391387	-0.00356046314298096	-0.00395197137321571	0.00238571175675519
0.00355484553740668	-0.00440576743481147	0.00186930160866566	0.000576362577220392	-0.00356011911013823	-0.0039516146951257	0.00238546686281511
0.00355451230064154	-0.00440533762603239	0.00186916102413238	0.000576306394354196	-0.0035597751099758	-0.0039512580456075	0.00238522199466979
0.00355417909396672	-0.00440490785832925	0.00186902044508792	0.000576250216804167	-0.00355943114256412	-0.00395090142474105	0.0023849771523656
0.00355384591713635	-0.00440447813139695	0.00186887987140532	0.000576194044530374	-0.00355908720765651	-0.00395054483225461	0.00238473233573655
0.00355351277031787	-0.00440404844544238	0.00186873930317503	0.000576137877560004	-0.00355874330542009	-0.00395018826833535	0.00238448754489377
0.00355317965352817	-0.00440361880048625	0.0018685987404085	0.000576081715895564	-0.00355839943587148	-0.00394983173300355	0.00238424277984779
0.00355284656666912	-0.00440318919640632	0.00186845818305636	0.000576025559521415	-0.00355805559891191	-0.0039494752261515	0.00238399804053142
0.00355251350981343	-0.0044027596332924	0.00186831763115937	0.000575969408448933	-0.00355771179461376	-0.00394911874786135	0.00238375332699259
0.00355218048292302	-0.00440233011109669	0.00186817708469983	0.00057591326267222	-0.00355736802293843	-0.00394876229809212	0.00238350863920453
0.00355184748600957	-0.00440190062983323	0.00186803654368635	0.00057585712219311	-0.00355702428389714	-0.00394840587685815	0.00238326397717401
0.00355151451911168	-0.00440147118954952	0.00186789600814165	0.000575800987017707	-0.0035566805775282	-0.00394804948420368	0.00238301934092596
0.00355118158205481	-0.0044010417900287	0.0018677554779763	0.000575744857117798	-0.00355633690365629	-0.00394769311993614	0.00238277473034206
0.00355084867514599	-0.00440061243165085	0.00186761495335424	0.00057568873254311	-0.00355599326258854	-0.00394733678439811	0.00238253014562734
0.00355051579806	-0.00440018311401261	0.00186747443410687	0.000575632613240709	-0.00355564965399879	-0.0039469804772295	0.00238228558656259
0.00355018295096153	-0.00439975383731749	0.00186733392032312	0.000575576499237373	-0.00355530607805145	-0.00394662419861453	0.00238204105325718
0.00354985013380433	-0.00439932460150757	0.00186719341198104	0.000575520390525732	-0.00355496253469982	-0.00394626794850337	0.00238179654567883
0.00354951734666525	-0.004398895406678	0.00186705290912362	0.000575464287117996	-0.00355461902402042	-0.00394591172698269	0.00238155206387832
0.00354918458944436	-0.00439846625270397	0.00186691241170045	0.000575408188998184	-0.00355427554591269	-0.00394555553394278	0.00238130760778719
0.00354885186221983	-0.00439803713968258	0.00186677191975545	0.000575352096178595	-0.00355393210045462	-0.0039451993694719	0.00238106317745724
0.00354851916490342	-0.00439760806750349	0.00186663143324428	0.000575296008645154	-0.00355358868755719	-0.00394484323347328	0.00238081877282784
0.00354818649751572	-0.00439717903619184	0.00186649095218022	0.000575239926401135	-0.00355324530724073	-0.00394448712597117	0.00238057439391184
0.00354785386007358	-0.00439675004576839	0.00186635047657467	0.0005751838494491	-0.00355290195952164	-0.00394413104698568	0.00238033004071957
0.00354752125259062	-0.00439632109624916	0.00186621000643712	0.000575127777791322	-0.00355255864441308	-0.00394377499653326	0.00238008571325906
0.00354718867507298	-0.00439589218764146	0.00186606954177319	0.000575071711428857	-0.0035522153619208	-0.00394341897462217	0.0023798414115332
0.00354685612747419	-0.00439546331988725	0.00186592908256079	0.000575015650354077	-0.00355187211199773	-0.00394306298120194	0.00237959713550986
0.00354652360975814	-0.00439503449294136	0.00186578862878345	0.000574959594561014	-0.00355152889460742	-0.00394270701623391	0.00237935288516381
0.00354619112203281	-0.00439460570693721	0.00186564818050038	0.000574903544067117	-0.00355118570985749	-0.00394235107983944	0.00237910866056642
0.00354585866426757	-0.00439417696183629	0.00186550773769773	0.000574847498867494	-0.00355084255771683	-0.00394199517198585	0.00237886446169597
0.0035455262363333	-0.0043937482574781	0.0018653673003101	0.000574791458941242	-0.00355049943805565	-0.00394163929253085	0.00237862028846477
0.00354519383845421	-0.0043933195941402	0.00186522686845779	0.000574735424324472	-0.00355015635109815	-0.00394128344172524	0.00237837614102228
0.00354486147036978	-0.00439289097149916	0.00186508644200616	0.000574679394975116	-0.00354981329658285	-0.00394092761928053	0.00237813201919253
0.00354452913230154	-0.00439246238982901	0.0018649460210741	0.000574623370929024	-0.00354947027473127	-0.00394057182544443	0.00237788792312312
0.00354419682416437	-0.00439203384902383	0.00186480560561934	0.000574567352172275	-0.00354912728545767	-0.00394021606012362	0.00237764385275585
0.00354386454586511	-0.0043916053489679	0.00186466519559521	0.000574511338689732	-0.00354878432866838	-0.00393986032321598	0.00237739980802726
0.00354353229748756	-0.00439117688976452	0.00186452479104818	0.000574455330495033	-0.00354844140444686	-0.00393950461481602	0.00237715578899237
0.00354320007903979	-0.00439074847142306	0.0018643843919849	0.000574399327589446	-0.00354809851280064	-0.00393914893493389	0.00237691179565556
0.00354286789049623	-0.00439032009391167	0.00186424399839432	0.000574343329968739	-0.00354775565370383	-0.00393879328354266	0.00237666782799863
0.00354253573198065	-0.004389891757383	0.00186410361034396	0.000574287337652991	-0.0035474128272798	-0.00393843766078115	0.0023764238861035
0.00354220360319707	-0.00438946346146997	0.00186396322768043	0.000574231350594208	-0.00354707003323184	-0.00393808206632179	0.00237617996977062
0.00354187150440855	-0.00438903520649804	0.00186382285054469	0.000574175368835069	-0.00354672727182283	-0.00393772650045824	0.00237593607917524
0.0035415394354901	-0.00438860699231202	0.00186368247887323	0.000574119392354966	-0.0035463845429273	-0.0039373709630531	0.00237569221423271
0.00354120739652279	-0.00438817881901165	0.00186354211271113	0.000574063421167471	-0.00354604184662581	-0.00393701545419764	0.00237544837499605
0.00354087538740282	-0.00438775068646844	0.00186340175200636	0.000574007455255059	-0.0035456991828142	-0.00393665997377798	0.00237520456139498
0.00354054340812591	-0.00438732259467576	0.00186326139675869	0.000573951494617835	-0.0035453565514875	-0.00393630452179048	0.00237496077342495
0.00354021145881271	-0.00438689454378315	0.0018631210470342	0.000573895539274855	-0.00354501395276619	-0.00393594909837076	0.00237471701116625
0.00353987953940621	-0.00438646653371961	0.00186298070280539	0.000573839589216832	-0.00354467138659288	-0.00393559370345678	0.0023744732745795
0.00353954764989601	-0.00438603856447171	0.00186284036406906	0.000573783644442032	-0.00354432885295651	-0.00393523833703828	0.00237422956365674
0.00353921579018536	-0.00438561063591893	0.00186270003077668	0.000573727704934967	-0.00354398635175985	-0.00393488299900906	0.00237398587833183
0.00353888396039475	-0.00438518274821009	0.001862559702994	0.000573671770715066	-0.00354364388312306	-0.00393452768950438	0.00237374221868449
0.00353855216044372	-0.00438475490124549	0.00186241938068123	0.000573615841769064	-0.00354330144696524	-0.00393417240843622	0.00237349858465989
0.0035382203904573	-0.00438432709517922	0.00186227906390647	0.000573559918117386	-0.00354295904341107	-0.00393381715594485	0.00237325497634067
0.00353788865030095	-0.00438389932984406	0.00186213875260122	0.000573503999738188	-0.00354261667232532	-0.003933461931882	0.00237301139363555
0.0035375569400958	-0.0043834716053899	0.0018619984468318	0.000573448086650969	-0.00354227433382903	-0.0039331067363838	0.00237276783662478
0.00353722525964792	-0.00438304392157587	0.00186185814649839	0.000573392178824294	-0.00354193202772746	-0.00393275156923591	0.00237252430517715
0.00353689360909222	-0.00438261627856876	0.00186171785167456	0.000573336276279932	-0.00354158975415528	-0.00393239643058969	0.0023722807993822
0.003536561988451	-0.00438218867639559	0.00186157756237418	0.000573280379021662	-0.00354124751313437	-0.00393204132047117	0.00237203731925362
0.00353623039765369	-0.00438176111496845	0.00186143727856262	0.00057322448703795	-0.00354090530459354	-0.00393168623880331	0.00237179386474308
0.00353589883663065	-0.00438133359420086	0.0018612970002057	0.000573168600317358	-0.00354056312846278	-0.00393133118551005	0.00237155043580292
0.00353556730560896	-0.00438090611437347	0.00186115672742517	0.000573112718896853	-0.00354022098496892	-0.00393097616084516	0.00237130703258423
0.00353523580442459	-0.0043804786752827	0.0018610164601372	0.000573056842749513	-0.00353987887394732	-0.00393062116462762	0.00237106365497607
0.00353490433302369	-0.00438005127686123	0.00186087619831578	0.000573000971866961	-0.00353953679534349	-0.00393026619679877	0.00237082030294109
0.0035345728915733	-0.00437962391931586	0.00186073594205124	0.000572945106275911	-0.0035391947493245	-0.00392991125754593	0.00237057697659045
0.00353424147983109	-0.00437919660234572	0.00186059569121839	0.000572889245937182	-0.00353885273564713	-0.00392955634660082	0.00237033367576042
0.00353391009804344	-0.00437876932625563	0.0018604554459494	0.000572833390890704	-0.00353851075455762	-0.00392920146423876	0.00237009040061524
0.00353357874606015	-0.00437834209085903	0.00186031520616743	0.000572777541112059	-0.00353816880590515	-0.00392884661029407	0.0023698471510531
0.0035332474239239	-0.00437791489620826	0.00186017497189743	0.000572721696608161	-0.00353782688973204	-0.00392849178481555	0.0023696039271015
0.00353291613170733	-0.00437748774239292	0.00186003474317992	0.00057266585739084	-0.00353748500611049	-0.00392813698788524	0.00236936072880809
0.00353258486921462	-0.00437706062917008	0.00185989451991439	0.000572610023428055	-0.00353714315484416	-0.00392778221928687	0.00236911755604064
0.0035322536366329	-0.00437663355677104	0.0018597543022016	0.000572554194750313	-0.0035368013361199	-0.00392742747922979	0.00236887440892346
0.00353192243383461	-0.00437620652503724	0.00185961408997676	0.000572498371336937	-0.00353645954980955	-0.00392707276757347	0.0023686312873699
0.00353159126092631	-0.00437577953410016	0.00185947388329836	0.000572442553205133	-0.00353611779601918	-0.00392671808443772	0.00236838819145033
0.00353126011776919	-0.00437535258378756	0.00185933368209575	0.000572386740332356	-0.00353577607460961	-0.00392636342966958	0.00236814512107072
0.00353092900443641	-0.00437492567418964	0.00185919348640986	0.000572330932730316	-0.00353543438565363	-0.00392600880335172	0.00236790207627908
0.0035305979210541	-0.00437449880546203	0.00185905329630943	0.000572275130419616	-0.00353509272927704	-0.00392565420562567	0.00236765905715882
0.00353026686738465	-0.00437407197731014	0.00185891311167168	0.000572219333361497	-0.00353475110524148	-0.00392529963622864	0.0023674160635496
0.00352993584358252	-0.0043736451899246	0.00185877293258038	0.000572163541581213	-0.00353440951370114	-0.00392494509533361	0.00236717309555391
0.00352960484958156	-0.00437321844322322	0.00185863275900308	0.000572107755067829	-0.00353406795458939	-0.00392459058286843	0.00236693015312633
0.00352927388533448	-0.00437279173714679	0.00185849259091725	0.000572051973813733	-0.00353372642785848	-0.00392423609878188	0.00236668723623409
0.00352894295101613	-0.00437236507191161	0.00185835242841739	0.000571996197847193	-0.00353338493368294	-0.00392388164326959	0.00236644434499339
0.00352861204649121	-0.00437193844734953	0.00185821227143446	0.000571940427146238	-0.0035330434719269	-0.00392352721618258	0.00236620147931246
0.00352828117166121	-0.00437151186333807	0.00185807211991917	0.000571884661694863	-0.00353270204249137	-0.00392317281741255	0.00236595863912411
0.003527950326803	-0.0043710853202198	0.00185793197401951	0.000571828901537981	-0.00353236064565307	-0.00392281844726878	0.00236571582461297
0.00352761951162452	-0.00437065881763248	0.00185779183358423	0.000571773146628138	-0.00353201928111909	-0.00392246410542775	0.00236547303558217
0.00352728872628164	-0.0043702323557685	0.00185765169869764	0.000571717396990705	-0.00353167794904503	-0.00392210979206409	0.00236523027213505
0.00352695797075804	-0.00436980593460754	0.00185751156935361	0.000571661652622836	-0.00353133664941426	-0.00392175550716117	0.00236498753425976
0.00352662724503006	-0.00436937955411971	0.0018573714455421	0.000571605913520706	-0.0035309953822026	-0.00392140125069389	0.00236474482193932
0.00352629654911735	-0.00436895321432881	0.00185723132727572	0.00057155017968753	-0.00353065414742916	-0.00392104702268532	0.00236450213518579
0.00352596588297263	-0.00436852691517577	0.0018570912145319	0.00057149445111562	-0.00353031294504626	-0.00392069282308431	0.00236425947396637
0.00352563524663983	-0.00436810065671477	0.00185695110733633	0.000571438727812008	-0.00352997177509745	-0.00392033865194113	0.00236401683830963
0.00352530464002367	-0.00436767443882721	0.00185681100564111	0.000571383009761161	-0.00352963063748693	-0.00391998450915099	0.00236377422815051
0.00352497406327701	-0.00436724826170192	0.00185667090952906	0.000571327296988085	-0.00352928953236721	-0.00391963039488531	0.00236353164359033
0.00352464351625276	-0.00436682212515648	0.00185653081892525	0.000571271589468397	-0.00352894845959074	-0.00391927630898191	0.00236328908452975
0.00352431299903631	-0.00436639602929564	0.00185639073387673	0.000571215887216558	-0.00352860741924231	-0.00391892225153682	0.00236304655102449
0.00352398251158887	-0.00436596997407156	0.00185625065436577	0.000571160190225838	-0.00352826641128291	-0.00391856822250851	0.00236280404304779
0.00352365205394877	-0.00436554395953098	0.00185611058041475	0.000571104498502412	-0.00352792543575031	-0.00391821422194073	0.00236256156062427
0.00352332162609214	-0.00436511798564379	0.00185597051201349	0.000571048812042509	-0.00352758449262028	-0.00391786024980838	0.00236231910373685
0.00352299122794819	-0.00436469205232201	0.00185583044912703	0.000570993130834575	-0.00352724358182145	-0.00391750630603405	0.00236207667233689
0.00352266085957326	-0.00436426615963497	0.00185569039178758	0.00057093745488761	-0.00352690270340983	-0.00391715239068173	0.00236183426646129
0.00352233052106275	-0.00436384030770017	0.00185555034004756	0.000570881784217335	-0.00352656185748042	-0.00391679850385866	0.00236159188617275
0.00352200021220941	-0.00436341449626046	0.00185541029380017	0.000570826118789947	-0.00352622104382529	-0.0039164446453359	0.0023613495313313
0.00352166993319947	-0.00436298872554635	0.0018552702531461	0.000570770458635513	-0.00352588026263052	-0.0039160908153218	0.00236110720206085
0.00352133968393584	-0.00436256299543701	0.00185513021803644	0.000570714803738267	-0.00352553951379848	-0.00391573701370975	0.00236086489829534
0.00352100946435548	-0.0043621373058538	0.00185499018844026	0.00057065915408807	-0.00352519879726556	-0.0039153832404309	0.00236062261999115
0.00352067927464707	-0.00436171165702974	0.00185485016445934	0.000570603509715623	-0.00352485811322016	-0.00391502949569639	0.0023603803672738
0.00352034911454317	-0.0043612860486338	0.00185471014595535	0.000570547870577077	-0.00352451746139434	-0.00391467577921027	0.00236013813996318
0.00352001898434105	-0.00436086048103311	0.00185457013308711	0.000570492236721009	-0.00352417684208498	-0.00391432209130427	0.00235989593825725
0.00351968888386675	-0.00436043495401191	0.00185443012576531	0.000570436608119078	-0.00352383625511764	-0.00391396843178641	0.00235965376203839
0.00351935881301668	-0.0043600094674414	0.00185429012393772	0.000570380984754455	-0.00352349570038804	-0.00391361480054264	0.00235941161123609
0.00351902877208254	-0.00435958402168261	0.00185415012776053	0.000570325366674272	-0.00352315517818798	-0.00391326119789876	0.00235916948604493
0.00351869876080508	-0.0043591586164138	0.00185401013709942	0.000570269753836619	-0.00352281468825732	-0.00391290762356787	0.00235892738628996
0.00351836877928119	-0.00435873325175456	0.00185387015200781	0.000570214146257149	-0.00352247423069273	-0.00391255407765889	0.00235868531203512
0.00351803882746882	-0.00435830792765238	0.0018537301724659	0.000570158543928935	-0.00352213380545157	-0.00391220056012652	0.00235844326325115
0.00351770890536378	-0.00435788264410159	0.00185359019847385	0.000570102946851349	-0.0035217934125293	-0.00391184707096737	0.00235820123993419
0.00351737901305608	-0.00435745740121336	0.00185345023008153	0.000570047355038794	-0.00352145305201553	-0.00391149361028277	0.0023579592421436
0.00351704915047483	-0.00435703219889917	0.00185331026725378	0.00056999176847999	-0.00352111272383886	-0.00391114017799527	0.00235771726983059
0.00351671931762094	-0.00435660703715979	0.00185317030999359	0.000569936187174883	-0.00352077242799975	-0.00391078677410723	0.00235747532299493
0.00351638951447152	-0.00435618191596645	0.00185303035829113	0.000569880611119822	-0.00352043216447492	-0.00391043339859449	0.00235723340162004
0.00351605974105795	-0.00435575683535749	0.00185289041216536	0.000569825040319768	-0.00352009193329522	-0.00391008005149318	0.00235699150572605
0.00351572999732421	-0.00435533179526329	0.00185275047158921	0.000569769474765645	-0.00351975173440432	-0.00390972673274252	0.00235674963527426
0.00351540028333362	-0.00435490679576129	0.00185261053659812	0.000569713914467875	-0.00351941156786487	-0.00390937344241396	0.00235650779030593
0.00351507059907979	-0.00435448183684395	0.00185247060719155	0.000569658359424908	-0.00351907143367043	-0.00390902018050208	0.00235626597081616
0.00351474094457403	-0.00435405691852404	0.00185233068337728	0.000569602809639106	-0.00351873133183152	-0.00390866694702041	0.00235602417681093
0.00351441131976993	-0.00435363204074399	0.00185219076513361	0.000569547265102488	-0.00351839126230147	-0.00390831374191884	0.00235578240825852
0.00351408172458208	-0.00435320720339749	0.00185205085241772	0.000569491725801385	-0.0035180512249943	-0.00390796056510368	0.00235554066510031
0.00351375215921153	-0.00435278240673316	0.00185191094533794	0.000569436191768292	-0.00351771122011077	-0.00390760741679991	0.00235529894747014
0.00351342262349333	-0.00435235765054597	0.00185177104380973	0.000569380662976581	-0.00351737124748529	-0.0039072542968251	0.00235505725525635
0.00351309311751681	-0.00435193293494654	0.00185163114788245	0.000569325139440423	-0.00351703130720701	-0.0039069012052803	0.00235481558851784
0.0035127636411926	-0.00435150825982349	0.00185149125751144	0.000569269621145497	-0.00351669139918592	-0.00390654814206726	0.00235457394719359
0.00351243419460396	-0.0043510836252793	0.00185135137274285	0.00056921410810531	-0.00351635152350484	-0.00390619510727987	0.0023543323313383
0.00351210477770642	-0.00435065903125868	0.00185121149355562	0.000569158600312433	-0.00351601168011897	-0.00390584210086997	0.00235409074092116
0.00351177539051266	-0.0043502344777769	0.00185107161995886	0.000569103097769008	-0.00351567186904051	-0.00390548912285304	0.00235384917594969
0.00351144603297431	-0.00434980996477345	0.00185093175192937	0.000569047600467218	-0.00351533209022066	-0.0039051361731766	0.00235360763639024
0.00351111670511718	-0.00434938549227994	0.00185079188948307	0.000568992108410974	-0.00351499234368466	-0.00390478325187053	0.00235336612225925
0.00351078740700613	-0.00434896106037615	0.00185065203265659	0.000568936621611078	-0.00351465262949717	-0.00390443035900854	0.00235312463359898
0.00351045813857587	-0.00434853666898065	0.00185051218141769	0.000568881140056845	-0.00351431294759224	-0.00390407749451906	0.00235288317036452
0.00351012889978925	-0.00434811231804727	0.0018503723357493	0.000568825663741968	-0.00351397329793237	-0.00390372465836223	0.00235264173253024
0.00350979969066068	-0.00434768800759341	0.00185023249566147	0.000568770192668916	-0.00351363368053158	-0.00390337185055538	0.00235240032010458
0.00350947051129647	-0.00434726373774991	0.00185009266121232	0.000568714726854909	-0.00351329409549567	-0.00390301907121798	0.00235215893315766
0.00350914136152969	-0.00434683950830978	0.00184995283231628	0.000568659266272909	-0.00351295454265724	-0.00390266632016583	0.00235191757157659
0.00350881224148994	-0.00434641531943315	0.00184981300904413	0.000568603810943752	-0.00351261502214559	-0.00390231359754423	0.00235167623544722
0.0035084831511014	-0.00434599117102563	0.00184967319135817	0.00056854836085514	-0.00351227553388435	-0.00390196090327022	0.0023514349247177
0.00350815409031935	-0.00434556706303127	0.00184953337923724	0.00056849291599989	-0.00351193607782827	-0.00390160823729539	0.00235119363935691
0.0035078250593252	-0.00434514299567422	0.00184939357277917	0.00056843747640733	-0.00351159665415856	-0.00390125559982277	0.00235095237948537
0.00350749605797173	-0.00434471896877199	0.00184925377190888	0.000568382042053502	-0.00351125726272745	-0.00390090299069	0.00235071114500351
0.00350716708621513	-0.00434429498226952	0.00184911397660542	0.000568326612931451	-0.00351091790349054	-0.00390055040984957	0.0023504699358807
0.00350683814417369	-0.00434387103631312	0.00184897418693374	0.000568271189060106	-0.00351057857656596	-0.00390019785743444	0.00235022875219532
0.00350650923173498	-0.00434344713076287	0.00184883440283666	0.00056821577042125	-0.00351023928184054	-0.00389984533332081	0.00234998759387091
0.00350618034897378	-0.00434302326571116	0.00184869462435616	0.000568160357027043	-0.00350990001938884	-0.00389949283759317	0.00234974646095661
0.0035058514959069	-0.00434259944117803	0.00184855485150327	0.000568104948880296	-0.00350956078922712	-0.00389914037027152	0.00234950535346244
0.00350552267242987	-0.00434217565703412	0.00184841508422544	0.000568049545963642	-0.00350922159125057	-0.00389878793124104	0.00234926427131763
0.00350519387863307	-0.00434175191339042	0.00184827532257249	0.000567994148292141	-0.00350888242554905	-0.00389843552060354	0.00234902321458141
0.00350486511454457	-0.00434132821028156	0.00184813556656173	0.000567938755869989	-0.00350854329215032	-0.00389808313839143	0.00234878218327171
0.00350453637998601	-0.00434090454748587	0.00184799581610124	0.000567883368668503	-0.00350820419087528	-0.00389773078440779	0.00234854117726779
0.00350420767509705	-0.00434048092517612	0.00184785607126721	0.000567827986710072	-0.00350786512186339	-0.00389737845880916	0.00234830019666242
0.00350387899985072	-0.00434005734331855	0.00184771633204772	0.00056777260999021	-0.00350752608508729	-0.00389702616156693	0.00234805924143642
0.00350355035427277	-0.00433963380194416	0.00184757659845854	0.00056771723851357	-0.00350718708057215	-0.00389667389271086	0.00234781831160568
0.00350322173832518	-0.00433921030100582	0.00184743687048209	0.000567661872273365	-0.00350684810827961	-0.00389632165220029	0.00234757740714405
0.00350289315200651	-0.00433878684050094	0.00184729714811993	0.00056760651126976	-0.00350650916820764	-0.00389596944003458	0.0023473365280493
0.00350256459528042	-0.0043383634203844	0.00184715743135529	0.000567551155496518	-0.00350617026031963	-0.00389561725617489	0.00234709567429615
0.00350223606824587	-0.00433794004077802	0.00184701772024258	0.000567495804969864	-0.00350583138471396	-0.00389526510073236	0.00234685484594975
0.00350190757080195	-0.00433751670155675	0.00184687801473113	0.00056744045967314	-0.00350549254128952	-0.0038949129735963	0.00234661404294163
0.00350157910296848	-0.00433709340274412	0.00184673831483341	0.00056738511960993	-0.00350515373006532	-0.00389456087478986	0.0023463732652837
0.00350125066480604	-0.00433667014441511	0.00184659862058396	0.000567329784789653	-0.00350481495110185	-0.00389420880438175	0.00234613251301572
0.00350092225616296	-0.00433624692638127	0.00184645893190503	0.000567274455187869	-0.00350447620424676	-0.00389385676220469	0.00234589178603504
0.00350059387724525	-0.00433582374889713	0.00184631924890755	0.000567219130838069	-0.00350413748970571	-0.00389350474848892	0.00234565108447839
0.00350026552795067	-0.00433540061183602	0.0018461795715401	0.000567163811723314	-0.00350379880737613	-0.0038931527631223	0.00234541040827654
0.0034999372081802	-0.00433497751507454	0.0018460398997527	0.000567108497827628	-0.0035034601571584	-0.00389280080599574	0.00234516975736194
0.00349960891806949	-0.00433455445878041	0.00184590023361923	0.00056705318917307	-0.00350312153918787	-0.00389244887726162	0.00234492913182442
0.00349928065756604	-0.00433413144288783	0.00184576057311427	0.000566997885751145	-0.00350278295341139	-0.00389209697686263	0.00234468853162773
0.00349895242664298	-0.00433370846736337	0.00184562091822609	0.000566942587557307	-0.00350244439980183	-0.00389174510477034	0.00234444795675286
0.00349862422531096	-0.00433328553221971	0.00184548126896263	0.000566887294593329	-0.0035021058783693	-0.00389139326099787	0.00234420740720591
0.00349829605362246	-0.00433286263752127	0.00184534162535378	0.000566832006867681	-0.00350176738916596	-0.00389104144560487	0.00234396688302095
0.00349796791155734	-0.00433243978324278	0.00184520198739143	0.000566776724376989	-0.00350142893217127	-0.00389068965857034	0.00234372638418347
0.00349763979901599	-0.00433201696926029	0.00184506235502523	0.000566721447105236	-0.00350109050728493	-0.00389033789978455	0.00234348591062561
0.0034973117160365	-0.00433159419562059	0.0018449227282777	0.000566666175058426	-0.00350075211454475	-0.0038899861692914	0.00234324546237192
0.00349698366274098	-0.00433117146247438	0.00184478310721544	0.000566610908256385	-0.00350041375407237	-0.00388963446722784	0.00234300503950309
0.00349665563899173	-0.00433074876965079	0.00184464349176836	0.00056655564667672	-0.00350007542572976	-0.00388928279344211	0.00234276464192593
0.00349632764485976	-0.00433032611723722	0.00184450388197607	0.000566500390330801	-0.00349973712958739	-0.00388893114801451	0.00234252426968689
0.00349599968026336	-0.00432990350513194	0.00184436427779781	0.000566445139205721	-0.00349939886556301	-0.00388857953085532	0.00234228392273003
0.00349567174531485	-0.00432948093347374	0.00184422467929527	0.000566389893319218	-0.00349906063376876	-0.00388822794209088	0.00234204360112987
0.0034953438398708	-0.0043290584020845	0.00184408508639508	0.000566334652648195	-0.00349872243406058	-0.00388787638156304	0.00234180330478905
0.003495015964086	-0.00432863591115524	0.00184394549918107	0.000566279417217872	-0.00349838426659287	-0.003887524849445	0.00234156303381013
0.00349468811783224	-0.00432821346052708	0.0018438059175882	0.000566224187007148	-0.00349804613123694	-0.00388717334559562	0.00234132278810646
0.00349436030114321	-0.00432779105024101	0.00184366634163636	0.000566168962021603	-0.0034977080280261	-0.00388682187005366	0.00234108256769938
0.00349403251407258	-0.00432736868036326	0.00184352677135626	0.000566113742269821	-0.00349736995701366	-0.00388647042288014	0.00234084237262382
0.00349370475653376	-0.00432694635078594	0.00184338720670466	0.000566058527737798	-0.00349703191811243	-0.00388611900397996	0.00234060220282073
0.00349337702857302	-0.00432652406156588	0.00184324764770801	0.000566003318432995	-0.00349669391136826	-0.00388576761340595	0.00234036205832002
0.00349304933011804	-0.00432610181261312	0.0018431080943307	0.000565948114343806	-0.0034963559367085	-0.00388541625107891	0.00234012193907213
0.00349272166132888	-0.00432567960412558	0.00184296854665952	0.000565892915495728	-0.00349601799429273	-0.00388506491717819	0.00233988184518353
0.00349239402199441	-0.00432525743584109	0.00184282900458528	0.000565837721854959	-0.0034956800839093	-0.00388471361147023	0.00233964177651141
0.0034920664122858	-0.0043248353079713	0.0018426894682007	0.000565782533448905	-0.00349534220572909	-0.00388436233414677	0.00233940173316955
0.00349173883210594	-0.00432441322039533	0.00184254993745679	0.000565727350262024	-0.00349500435965439	-0.00388401108510104	0.00233916171509174
0.0034914112814791	-0.00432399117314307	0.00184241041236886	0.000565672172297913	-0.00349466654570915	-0.00388365986436132	0.00233892172229338
0.00349108376039646	-0.00432356916620283	0.00184227089293429	0.000565616999555416	-0.00349432876388408	-0.00388330867191916	0.00233868175476735
0.00349075626880916	-0.00432314719951383	0.00184213137912986	0.000565561832026442	-0.00349399101412977	-0.00388295750772135	0.00233844181247991
0.00349042880681424	-0.00432272527319569	0.00184199187100897	0.000565506669726707	-0.00349365329654301	-0.00388260637187725	0.00233820189549501
0.00349010137443241	-0.00432230338727368	0.00184185236858496	0.000565451512659493	-0.00349331561114406	-0.00388225526441125	0.00233796200382553
0.00348977397155563	-0.00432188154161353	0.0018417128718031	0.000565396360807204	-0.00349297795782437	-0.00388190418520429	0.002337722137398
0.00348944659818755	-0.0043214597362191	0.00184157338066754	0.000565341214170661	-0.00349264033658706	-0.00388155313426177	0.00233748229621379
0.00348911925439537	-0.00432103797117337	0.00184143389521625	0.000565286072760471	-0.00349230274749906	-0.00388120211165981	0.00233724248031693
0.00348879194008537	-0.0043206162463599	0.00184129441540197	0.00056523093656138	-0.00349196519046611	-0.00388085111729544	0.00233700268964362
0.00348846465529015	-0.00432019456181832	0.00184115494124421	0.000565175805578888	-0.00349162766552035	-0.00388050015120613	0.00233676292421452
0.00348813740007815	-0.00431977291763299	0.00184101547278138	0.000565120679823931	-0.00349129017272987	-0.00388014921346929	0.00233652318407445
0.00348781017441845	-0.00431935131376544	0.00184087600999972	0.000565065559291308	-0.0034909527120634	-0.00387979830405195	0.00233628346920188
0.00348748297823267	-0.0043189297501179	0.00184073655285995	0.000565010443968414	-0.0034906152834419	-0.00387944742286811	0.002336043779543
0.00348715581155475	-0.00431850822673177	0.00184059710138226	0.000564955333860838	-0.00349027788689892	-0.00387909656995673	0.00233580411511954
0.00348682867443506	-0.00431808674366935	0.00184045765559567	0.000564900228976429	-0.00348994052248451	-0.00387874574537531	0.00233556447596435
0.00348650156684161	-0.00431766530089035	0.00184031821548567	0.000564845129310188	-0.00348960319016616	-0.00387839494908951	0.00233532486205481
0.00348617448874867	-0.00431724389836245	0.00184017878104084	0.00056479003485793	-0.00348926588991771	-0.00387804418107187	0.00233508527337264
0.00348584744017325	-0.00431682253610623	0.00184003935227254	0.000564734945622228	-0.00348892862175578	-0.00387769344134273	0.00233484570992825
0.00348552042107615	-0.00431640121407285	0.00183989992916243	0.000564679861596822	-0.00348859138564068	-0.00387734272985976	0.00233460617169425
0.00348519343150253	-0.00431597993231752	0.0018397605117366	0.000564624782788949	-0.00348825418161709	-0.00387699204667437	0.00233436665869996
0.00348486647145892	-0.00431555869084805	0.00183962110000086	0.000564569709199543	-0.00348791700969127	-0.0038766413917952	0.00233412717094865
0.00348453954089823	-0.0043151374896058	0.00183948169393271	0.000564514640820974	-0.00348757986981555	-0.00387629076517121	0.0023338877084078
0.00348421263987286	-0.0043147163286547	0.00183934229356194	0.000564459577661948	-0.00348724276204188	-0.00387594016686177	0.00233364827111125
0.00348388576833726	-0.00431429520793854	0.00183920289886709	0.000564404519714586	-0.0034869056863244	-0.00387558959681771	0.0023334088590278
0.00348355892625386	-0.00431387412740965	0.00183906350983032	0.00056434946697329	-0.0034865686426249	-0.00387523905499845	0.00233316947213085
0.00348323211370713	-0.00431345308717258	0.00183892412649877	0.000564294419451385	-0.0034862316310276	-0.00387488854149914	0.00233293011047613
0.00348290533066387	-0.00431303208718583	0.00183878474885717	0.000564239377143382	-0.00348589465149886	-0.00387453805628429	0.00233269077404043
0.00348257857710031	-0.00431261112741932	0.0018386453768953	0.000564184340045671	-0.00348555770401436	-0.00387418759932865	0.00233245146280671
0.0034822518529685	-0.00431219020781317	0.00183850601059003	0.000564129308150303	-0.00348522078852573	-0.00387383717058016	0.00233221217674172
0.00348192515845735	-0.00431176932860099	0.00183836665004359	0.000564074281487813	-0.00348488390522165	-0.00387348677025036	0.00233197291597113
0.00348159849328809	-0.00431134848943708	0.00183822729511099	0.000564019260013041	-0.00348454705382255	-0.00387313639803025	0.00233173368030703
0.00348127185767065	-0.00431092769058075	0.00183808794590537	0.000563964243760085	-0.00348421023453813	-0.00387278605415466	0.00233149446988894
0.00348094525151945	-0.00431050693192588	0.0018379486023839	0.000563909232714877	-0.00348387344728244	-0.00387243573852986	0.00233125528465872
0.00348061867481182	-0.00431008621344379	0.00183780926453698	0.000563854226873678	-0.00348353669203226	-0.00387208545113174	0.00233101612460002
0.00348029212760638	-0.00430966553520645	0.0018376699323977	0.000563799226246137	-0.00348319996884583	-0.00387173519202686	0.00233077698975098
0.00347996560985087	-0.00430924489714897	0.00183753060594088	0.000563744230823605	-0.00348286327767036	-0.00387138496115831	0.00233053788007564
0.00347963912166231	-0.00430882429941565	0.00183739128523064	0.00056368924062503	-0.00348252661862265	-0.00387103475865762	0.00233029879565134
0.00347931266278943	-0.00430840374169465	0.00183725197013649	0.000563634255609936	-0.00348218999145064	-0.00387068458424638	0.00233005973630859
0.00347898623349868	-0.00430798322431575	0.00183711266080153	0.000563579275821121	-0.00348185339642062	-0.00387033443822253	0.00232982070222499
0.00347865983369443	-0.00430756274716016	0.00183697335717759	0.00056352430124298	-0.00348151683343658	-0.00386998432048085	0.0023295816933355
0.00347833346324126	-0.00430714231005951	0.00183683405919542	0.000563469331853828	-0.00348118030236243	-0.00386963423087194	0.00232934270954823
0.00347800712237239	-0.0043067219133022	0.00183669476698049	0.000563414367691311	-0.00348084380343117	-0.0038692841696566	0.00232910375101835
0.0034776808107831	-0.0043063015565105	0.00183655548037421	0.000563359408705948	-0.00348050733633742	-0.00386893413649702	0.00232886481754085
0.00347735452880154	-0.00430588124008995	0.00183641619955202	0.000563304454951102	-0.00348017090140897	-0.00386858413175959	0.00232862590933423
0.00347702827621603	-0.00430546096377838	0.00183627692440467	0.000563249506392214	-0.00347983449843381	-0.00386823415521004	0.00232838702625588
0.00347670205309715	-0.00430504072766258	0.00183613765497157	0.000563194563040783	-0.00347949812748198	-0.00386788420692822	0.00232814816835192
0.00347637585939221	-0.00430462053167698	0.00183599839122732	0.000563139624888103	-0.00347916178850047	-0.00386753428685685	0.0023279093355862
0.00347604969515175	-0.00430420037588349	0.0018358591332008	0.000563084691942401	-0.00347882548153929	-0.00386718439505339	0.00232767052799139
0.00347572356035692	-0.00430378026025831	0.00183571988088436	0.000563029764200746	-0.00347848920657912	-0.00386683453149808	0.00232743174555377
0.00347539745503329	-0.00430336018483278	0.00183558063429394	0.000562974841666985	-0.00347815296364517	-0.00386648469622073	0.00232719298828955
0.00347507137905939	-0.00430294014945576	0.00183544139336751	0.000562919924321733	-0.0034778167526154	-0.00386613488908729	0.00232695425611614
0.00347474533264546	-0.00430252015438752	0.00183530215821849	0.00056286501219877	-0.00347748057369983	-0.0038657851103332	0.00232671554917352
0.00347441931558355	-0.00430210019936971	0.00183516292873934	0.000562810105264448	-0.00347714442668995	-0.00386543535972832	0.00232647686732124
0.0034740933279497	-0.00430168028449646	0.00183502370497261	0.000562755203530823	-0.00347680831166134	-0.00386508563735839	0.00232623821060936
0.00347376736978677	-0.00430126040981986	0.00183488448694305	0.000562700307005189	-0.00347647222865648	-0.00386473594327241	0.00232599957906534
0.00347344144096764	-0.00430084057518245	0.00183474527458597	0.000562645415666773	-0.00347613617754774	-0.00386438627733025	0.00232576097260307
0.00347311554166863	-0.00430042078080197	0.00183460606799674	0.000562590529543974	-0.0034758001585112	-0.00386403663972944	0.00232552239133966
0.00347278967175529	-0.00430000102651146	0.00183446686710666	0.000562535648615078	-0.00347546417141177	-0.00386368703032163	0.002325283835184
0.00347246383127429	-0.00429958131236819	0.00183432767194261	0.000562480772887619	-0.00347512821629574	-0.00386333744915986	0.00232504530416624
0.00347213802022418	-0.00429916163837007	0.00183418848250627	0.000562425902361242	-0.00347479229316129	-0.00386298789624398	0.00232480679828447
0.00347181223846669	-0.00429874200434494	0.00183404929872663	0.000562371037013895	-0.0034744564018694	-0.00386263837142123	0.00232456831744482
0.00347148648626907	-0.00429832241062402	0.00183391012074748	0.000562316176888183	-0.00347412054268741	-0.00386228887499044	0.00232432986182563
0.00347116076335826	-0.00429790285686828	0.00183377094842671	0.000562261321940245	-0.0034737847153415	-0.00386193940664899	0.00232409143124268
0.00347083507000356	-0.00429748334341064	0.00183363178190879	0.000562206472213715	-0.00347344892010056	-0.0038615899666977	0.00232385302587534
0.00347050940598679	-0.0042970638699806	0.00183349262108084	0.000562151627673136	-0.00347311315674604	-0.00386124055489514	0.00232361464557639
0.00347018377139581	-0.00429664443668662	0.00183335346599166	0.000562096788332523	-0.00347277742536532	-0.00386089117134034	0.00232337629040392
0.00346985816615343	-0.00429622504343245	0.00183321431660262	0.000562041954179646	-0.00347244172588075	-0.0038605418159488	0.00232313796030487
0.00346953259034268	-0.00429580569032059	0.00183307517295996	0.000561987125227666	-0.00347210605837496	-0.00386019248881403	0.00232289965533396
0.00346920704387494	-0.00429538637724071	0.00183293603501907	0.00056193230146231	-0.00347177042275891	-0.00385984318983874	0.0023226613754308
0.00346888152680831	-0.00429496710426446	0.00183279690281308	0.000561877482892872	-0.00347143481909023	-0.00385949391908879	0.00232242312063331
0.00346855603917288	-0.00429454787142831	0.00183265777635998	0.000561822669524457	-0.00347109924739853	-0.00385914467659899	0.00232218489096035
0.00346823058097801	-0.00429412867874383	0.0018325186556672	0.000561767861358121	-0.00347076370769296	-0.00385879546238103	0.0023219466864175
0.00346790515211446	-0.0042937095260748	0.0018323795406791	0.00056171305837663	-0.00347042819986351	-0.00385844627631456	0.00232170850693022
0.00346757975259636	-0.00429329041343891	0.00183224043140575	0.000561658260581704	-0.00347009272392416	-0.00385809711841675	0.00232147035250729
0.00346725438247533	-0.00429287134089885	0.00183210132787635	0.000561603467982192	-0.00346975727992586	-0.003857747988746	0.00232123222318187
0.00346692904181267	-0.00429245230853061	0.00183196223012581	0.000561548680587527	-0.00346942186792972	-0.00385739888737207	0.00232099411899434
0.00346660373049957	-0.00429203331619876	0.00183182313809889	0.000561493898380332	-0.00346908648782635	-0.00385704981417503	0.00232075603987052
0.00346627844857458	-0.00429161436395068	0.00183168405181819	0.000561439121366648	-0.00346875113965392	-0.00385670076919906	0.00232051798583535
0.00346595319592164	-0.00429119545164216	0.00183154497122479	0.000561384349527827	-0.00346841582329583	-0.00385635175231637	0.00232027995681005
0.00346562797275621	-0.00429077657953955	0.00183140589643466	0.000561329582898548	-0.00346808053896724	-0.00385600276376773	0.00232004195293775
0.00346530277887946	-0.00429035774739608	0.00183126682734515	0.000561274821446761	-0.00346774528646874	-0.00385565380333344	0.00231980397408437
0.00346497761441585	-0.00428993895536538	0.00183112776402416	0.000561220065192488	-0.00346741006592449	-0.00385530487115307	0.00231956602033216
0.00346465247932878	-0.00428952020340184	0.00183098870645481	0.000561165314129687	-0.00346707487729735	-0.00385495596718724	0.00231932809165567
0.00346432737360788	-0.00428910149149208	0.00183084965463386	0.000561110568256776	-0.00346673972057666	-0.00385460709142563	0.00231909018804679
0.00346400229717275	-0.00428868281953608	0.00183071060852103	0.000561055827560674	-0.0034664045956814	-0.00385425824378013	0.00231885230945073
0.00346367725014238	-0.00428826418768069	0.0018305715681815	0.000561001092060516	-0.00346606950273027	-0.00385390942438429	0.00231861445594613
0.00346335223246753	-0.00428784559586437	0.00183043253359158	0.000560946361748532	-0.00346573444167346	-0.00385356063318463	0.0023183766274989
0.00346302724423768	-0.00428742704419763	0.00183029350480087	0.000560891636638825	-0.00346539941260022	-0.00385321187028202	0.00231813882416806
0.0034627022852203	-0.0042870085323922	0.00183015448168873	0.000560836916693916	-0.00346506441527742	-0.00385286313541899	0.00231790104579682
0.00346237735557089	-0.00428659006063985	0.0018300154643396	0.000560782201938968	-0.00346472944986013	-0.00385251442876974	0.00231766329248822
0.00346205245528049	-0.00428617162892908	0.00182987645275099	0.000560727492372506	-0.00346439451633898	-0.00385216575032565	0.0023174255642352
0.00346172758445209	-0.00428575323738726	0.00182973744697973	0.000560672788010966	-0.00346405961481671	-0.00385181710020257	0.00231718786110579
0.00346140274275773	-0.00428533488560728	0.00182959844685456	0.000560618088801615	-0.00346372474496449	-0.00385146847803671	0.00231695018287919
0.00346107793060611	-0.0042849165740953	0.00182945945259405	0.000560563394810097	-0.00346338990719108	-0.00385111988428429	0.00231671252982827
0.00346075314760897	-0.00428449830236971	0.001829320463995	0.000560508705973865	-0.00346305510110738	-0.00385077131851444	0.00231647490169184
0.00346042839410302	-0.00428408007084723	0.00182918148123792	0.000560454022347256	-0.00346272032704997	-0.0038504227811031	0.00231623729869435
0.00346010366992646	-0.00428366187932682	0.00182904250423931	0.000560399343904169	-0.00346238558485645	-0.00385007427187144	0.00231599972072638
0.00345977897500699	-0.00428324372771884	0.00182890353296345	0.000560344670632626	-0.00346205087445416	-0.00384972579074049	0.00231576216773871
0.00345945430935292	-0.00428282561603264	0.00182876456741679	0.000560290002534146	-0.00346171619585081	-0.0038493773377204	0.0023155246397356
0.00345912967314074	-0.00428240754448659	0.00182862560769503	0.000560235339637295	-0.00346138154922266	-0.00384902891300906	0.00231528713683426
0.00345880506617683	-0.00428198951284011	0.00182848665369819	0.000560180681910844	-0.00346104693437531	-0.00384868051639235	0.002315049658904
0.00345208831173331	-0.0042932555600111	0.00182343742489601	0.000539618249399354	-0.00346653367402132	-0.00383843234352545	0.0023193471852849
0.0034326552624733	-0.00432776544401636	0.00180861986180593	0.000478259131096629	-0.00348360079015203	-0.00380849066956568	0.00233266618450654
0.00340060772040499	-0.00438533310965653	0.00178411208843415	0.000376430990574253	-0.00351215498801945	-0.00375901430597819	0.00235493399762209
0.00335604723767966	-0.00446577296208146	0.00174999197449878	0.000234460677535528	-0.00355210325395402	-0.0036901616444627	0.00238607813474176
0.00329907512894779	-0.00456889984947733	0.00170633710903991	5.26742636761184e-05	-0.00360335287283808	-0.00360209066386126	0.00242602626047559
0.00322979248250108	-0.00469452904519217	0.00165322477433773	-0.000168602922626453	-0.00366581144421978	-0.00349495893591496	0.00247470617922105
0.00314830017101237	-0.00484247623030153	0.00159073192056119	-0.000429046262656367	-0.00373938689788417	-0.00336892363077281	0.00253204582083457
0.00305469886295572	-0.005012557477934	0.00151893514170352	-0.000728331814543194	-0.00382398750996387	-0.00322414152345131	0.00259797322739936
0.00294908903239095	-0.0052045892364863	0.00143791065157261	-0.00106613628165391	-0.00391952191727629	-0.00306076899866919	0.00267241653953615
0.0028315709694619	-0.00541838831462051	0.00134773426106489	-0.00144213698179879	-0.00402589913223837	-0.002878962056667	0.00275530398381905
0.00270224478970553	-0.00565377186568064	0.00124848135570874	-0.00185601181754985	-0.00414302855645852	-0.0026788763178929	0.00284656386001842
0.00256121044403892	-0.00591055737382748	0.00114022687445063	-0.0023074392473574	-0.00427081999487507	-0.00246066702863084	0.00294612452941105
0.00240856772737842	-0.00618856263935006	0.00102304528859506	-0.00279609825778508	-0.00440918366839655	-0.00222448906529116	0.00305391440278365
0.00224441628771337	-0.00648760576539935	0.000897010581849905	-0.00332166833655837	-0.00455803022686993	-0.00197049693939101	0.00316986192934122
0.00206885563462324	-0.00680750514488257	0.000762196230932479	-0.00388382944657901	-0.00471727076136666	-0.00169884480209722	0.00329389558583813
0.00188198514740277	-0.00714807944771273	0.000618675186814227	-0.00448226200086844	-0.004886816815954	-0.00140968644851283	0.00342594386603501
0.00168390408292237	-0.00750914760856009	0.000466519856660487	-0.00511664683840819	-0.00506658039908056	-0.00110317532184632	0.00356593527056007
0.00147471158323045	-0.00789052881510691	0.000305802086460464	-0.00578666520086919	-0.00525647399458623	-0.000779464517471109	0.00371379829717483
0.00125450668296767	-0.00829204249687912	0.000136593144372845	-0.00649199871020325	-0.00545641057240673	-0.000438706786949738	0.00386946143148203
0.00102338831627609	-0.00871350831425662	-4.10362953879252e-05	-0.00723232934714313	-0.00566630359866004	-8.10545416690144e-05	0.00403285313786051
0.000781455323513521	-0.00915474614803539	-0.000227016167971673	-0.00800733943054748	-0.00588606704542601	0.000293340143570166	0.00420390185082682
0.000528806457897353	-0.00961557608968721	-0.000421277032561181	-0.00881671159756263	-0.00611561540034638	0.000684325526871855	0.00438253596690203
0.000265540390977374	-0.0100958184309448	-0.000623750086881685	-0.00966012878476851	-0.00635486367494628	0.00109175019669902	0.0045686838362405
-8.24428031721272e-06	-0.0105952936561027	-0.000834367180108066	-0.0105372742098549	-0.00660372741442617	0.00151546306740898	0.00476227375585293
-0.000292449029335365	-0.0111138224317287	-0.00105306082644119	-0.0114478313545116	-0.00686212270464524	0.00195531337763403	0.00496323396155403
-0.000586975393631594	-0.0116512255992652	-0.00127976421701779	-0.0123914839478041	-0.0071299661807363	0.0024111506865729	0.00517149262159752
-0.000891724970015521	-0.012207324166984	-0.0015144112316709	-0.013367915950488	-0.00740717503449945	0.00288282487136865	0.0053869778300832
-0.00120659941008677	-0.012781939302071	-0.00175693645021268	-0.0143768115401483	-0.00769366702121502	0.00337018612486714	0.00560961760055763
-0.00153150041547273	-0.0133748923238034	-0.00200727516283471	-0.0154178550970296	-0.00798936046666034	0.00387308495288488	0.00583933986032651
-0.00186632973357607	-0.0139860046968116	-0.00226536338006165	-0.0164907311906769	-0.00829417427352534	0.00439137217188725	0.00607607244493266
-0.00221098915366329	-0.0146150980246253	-0.00253113784217637	-0.0175951245673508	-0.0086080279273979	0.00492489890689018	0.0063197430929078
-0.00256538050334816	-0.0152619940434303	-0.00280453602815557	-0.0187307201382171	-0.00893084150226725	0.00547351658964641	0.00657027944075641
-0.00292940564473939	-0.0159265146169305	-0.00308549616373621	-0.0198972029681826	-0.00926253566627892	0.00603707695630565	0.006827609018655
-0.00330296647138506	-0.0166084817309075	-0.00337395722922113	-0.0210942582655533	-0.00960303168660973	0.00661543204580909	0.00709165924610463
-0.00368596490556247	-0.0173077174880251	-0.00366985896679359	-0.0223215713724301	-0.00995225143391695	0.00720843419851872	0.007362357427832
-0.00407830289526147	-0.0180240441036805	-0.00397314188700419	-0.0235788277557291	-0.0103101173870156	0.00781593605435678	0.00763963075037064
-0.00447988241182485	-0.0187572839016986	-0.00428374727494851	-0.0248657129989746	-0.010676552636822	0.00843779055152924	0.00792340627867244
-0.00489060544762547	-0.0195072593106318	-0.00460161719581505	-0.0261819127947528	-0.0110514808901865	0.00907385092514418	0.00821361095315899
-0.00531037401438321	-0.0202737928599088	-0.00492669450013157	-0.0275271129379176	-0.0114348264730133	0.00972397070639884	0.00851017158680386
-0.00573909014108049	-0.0210567071771129	-0.00525892282816772	-0.0289009993193688	-0.0118265143337117	0.0103880037211766	0.00881301486293657
-0.0061766558726752	-0.0218558249849006	-0.00559824661413466	-0.0303032579205904	-0.0122264700457815	0.0110658040893901	0.00912206733296296
-0.00662297326861704	-0.0226709690987787	-0.00594461108966661	-0.0317335748087774	-0.0126346198105272	0.0117572262239664	0.00943725541465867
-0.0070779444021518	-0.0235019624245158	-0.00629796228711178	-0.0331916361327016	-0.0130508904589203	0.0124621248305711	0.00975850539037357
-0.00754147135913634	-0.0243486279567621	-0.00665824704196526	-0.0346771281191035	-0.0134752094538876	0.0131803549066508	0.0100857434059969
-0.00801345623754949	-0.0252107887773984	-0.00702541299508061	-0.0361897370697908	-0.0139075048918421	0.0139117717411149	0.0104188954698827
-0.0084938011472399	-0.0260882680541778	-0.00739940859442452	-0.0377291493593602	-0.0143477055039165	0.0146562309141494	0.0107578874520385
-0.00898240820982168	-0.0269808890397613	-0.00778018309633494	-0.0392950514335232	-0.0147957406569924	0.0154135882970611	0.0111026450836323
-0.00947917955835837	-0.027888475071584	-0.00816768656610323	-0.0408871298079636	-0.0152515403548837	0.0161837000517573	0.01145309395705
-0.00998401733797573	-0.0288108495711316	-0.0085618698784893	-0.0425050710679081	-0.0157150352385366	0.0169664226311312	0.0118091595257389
-0.0104968237064685	-0.0297478360437766	-0.00896268471768535	-0.0441485618682457	-0.0161861565861823	0.0177616127793132	0.0121707671044534
-0.0110175008343917	-0.0306992580797987	-0.00937008357646576	-0.0458172889341081	-0.0166648363139543	0.0185691275312218	0.0125378418702409
-0.0115459509066727	-0.0316649393540549	-0.00978401975561016	-0.0475109390622296	-0.0171510069749323	0.0193888242136875	0.0129103088627979
-0.0120820761231144	-0.0326447036275541	-0.0102044473622151	-0.0492291991226535	-0.0176446017592496	0.0202205604452161	0.0132880929859517
-0.0126257787003884	-0.033638374747703	-0.0106313213082789	-0.0509717560611977	-0.0181455544926589	0.021064194137295	0.0136711190085229
-0.0131769608725341	-0.0346457766509168	-0.0110645973079883	-0.052738296902187	-0.0186537996365497	0.0219195834939138	0.0140593115665591
-0.0137355248936763	-0.0356667333629826	-0.011504231875681	-0.0545285087520434	-0.0191692722856992	0.0227865870134419	0.0144525951644499
-0.0143013730391458	-0.0367010690018965	-0.0119501823224722	-0.0563420788031111	-0.019691908167578	0.0236650634886116	0.0148508941774715
-0.0148744076079886	-0.0377486077794689	-0.0124024067531328	-0.0581786943381892	-0.0202216436402247	0.0245548720079341	0.015254132853757
-0.015454530924853	-0.0388091740041755	-0.012860864062167	-0.060038042735437	-0.0207584156906999	0.0254558719563137	0.0156622353170307
-0.016041645342857	-0.0398825920832655	-0.0133255139299416	-0.0619198114739053	-0.0213021619325203	0.026367923016643	0.0160751255690301
-0.0166356532457634	-0.0409686865261889	-0.0137963168179923	-0.0638236881394125	-0.0218528206037459	0.0272908851705202	0.0164927274927289
-0.0172364570510028	-0.0420672819474245	-0.0142732339643319	-0.0657493604310069	-0.0224103305641797	0.0282246186998075	0.016914964855322
-0.0178439592124807	-0.0431782030700218	-0.0147562273782025	-0.0676965161678351	-0.0229746312927472	0.0291689841878415	0.0173417613116819
-0.0184580622236898	-0.0443012747291993	-0.0152452598345593	-0.0696648432964911	-0.0235456628845328	0.0301238425208882	0.017773040407929
-0.0190786686214559	-0.0454363218755851	-0.0157402948684656	-0.0716540298988916	-0.0241233660471471	0.0310890548901998	0.0182087255848917
-0.0197056809883332	-0.0465831695805501	-0.0162412967683608	-0.0736637642003475	-0.0247076820984106	0.0320644827924713	0.018648740182776
-0.0203390019573899	-0.0477416430389885	-0.0167482305701855	-0.0756937345784284	-0.0252985529616107	0.0330499880328669	0.0190930074445382
-0.0209785342151619	-0.0489115675747716	-0.0172610620501412	-0.0777436295719302	-0.0258959211625592	0.03404543272591	0.0195414505207772
-0.0216241805059378	-0.0500927686449422	-0.0177797577177664	-0.079813137890445	-0.0264997298252836	0.0350506792977662	0.0199939924740241
-0.0222758436355037	-0.0512850718449655	-0.0183042848083452	-0.0819019484242268	-0.0271099226682275	0.0360655904878374	0.0204505562836766
-0.0229334264755949	-0.0524883029134752	-0.0188346112753213	-0.0840097502545415	-0.027726443999711	0.0370900293510545	0.0209110648507346
-0.0235968319682186	-0.0537022877375502	-0.0193707057822785	-0.0861362326643635	-0.0283492387134895	0.0381238592599451	0.0213754410028943
-0.0242659631299889	-0.0549268523583313	-0.0199125376945756	-0.0882810851494262	-0.0289782522842683	0.0391669439066307	0.0218436074998944
-0.0249407230567912	-0.05616182297658	-0.0204600770708092	-0.0904439974296754	-0.0296134307628582	0.0402191473051113	0.022315487038901
-0.025621014928504	-0.0574070259585047	-0.0210132946539709	-0.0926246594610687	-0.0302547207712426	0.0412803337935381	0.0227910022601032
-0.0263067420140081	-0.0586622878415635	-0.0215721618624284	-0.0948227614477525	-0.0309020694973271	0.0423503680367303	0.0232700757523613
-0.0269978076758817	-0.0599274353409785	-0.0221366507804215	-0.0970379938545098	-0.0315554246899745	0.0434291150282682	0.0237526300593015
-0.0276941153757348	-0.0612022953557702	-0.0227067341485852	-0.0992700474196237	-0.0322147346533699	0.04451644009323	0.0242385876852142
-0.028395568679348	-0.0624866949753406	-0.0232823853540681	-0.101518613168016	-0.0328799482415526	0.0456122088906415	0.0247278711013089
-0.0291020712621501	-0.0637804614859291	-0.0238635784205371	-0.103783382424734	-0.0335510148525796	0.0467162874162379	0.0252204027519573
-0.0298135269143664	-0.0650834223777674	-0.0244502879977229	-0.106064046828674	-0.0342278844229902	0.0478285420047948	0.0257161050613704
-0.0305298395468092	-0.0663954053517132	-0.0250424893510306	-0.108360298346688	-0.0349105074215982	0.0489488393331148	0.0262149004400493
-0.03125091319643	-0.0677162383264473	-0.0256401583507567	-0.110671829287923	-0.0355988348434939	0.05007704642269	0.0267167112915931
-0.0319766520320294	-0.0690457494457389	-0.0262432714611317	-0.112998332318448	-0.03629281820386	0.0512130306424829	0.0272214600195933
-0.0327069603602878	-0.0703837670855584	-0.0268518057292831	-0.115339500476187	-0.0369924095314357	0.0523566597120142	0.027729069034497
-0.0334417426313683	-0.0717301198619687	-0.0274657387737313	-0.117695027186029	-0.0376975613623824	0.0535078017039188	0.0282394607609342
-0.0341809034452373	-0.073084636638353	-0.0280850487730336	-0.120064606275293	-0.0384082267333986	0.0546663250472572	0.0287525576447367
-0.0349243475576125	-0.0744471465333336	-0.0287097144540072	-0.122447931989363	-0.0391243591751818	0.0558320985303625	0.0292682821603694
-0.0356719798861717	-0.0758174789285784	-0.0293397150798768	-0.124844699007582	-0.0398459127055963	0.0570049913039367	0.0297865568183453
-0.0364237055167496	-0.0771954634768311	-0.0299750304382088	-0.12725460245936	-0.0405728418228263	0.0581848728840904	0.0303073041727984
-0.0371794297096717	-0.0785809301099655	-0.0306156408287223	-0.129677337940511	-0.0413051014983594	0.0593716131554993	0.0308304468291096
-0.0379390579062917	-0.0799737090469761	-0.0312615270510179	-0.132112601529813	-0.0420426471697374	0.0605650823747504	0.0313559074515327
-0.0387024957351912	-0.0813736308025669	-0.0319126703919489	-0.134560089805711	-0.0427854347336129	0.0617651511732776	0.0318836087711776
-0.039469649018931	-0.0827805261952256	-0.0325690526131131	-0.137019499863279	-0.0435334205382259	0.0629716905608833	0.0324134735937459
-0.0402404237803757	-0.0841942263559872	-0.0332306559379564	-0.139490529331291	-0.0442865613762709	0.0641845719287541	0.0329454248076716
-0.0410147262495232	-0.0856145627367249	-0.0338974630389881	-0.141972876389542	-0.045044814477233	0.0654036670530149	0.0334793853920317
-0.0417924628700705	-0.0870413671189081	-0.0345694570247142	-0.144466239786267	-0.04580813749995	0.0666288480979661	0.0340152784247354
-0.0425735403061739	-0.0884744716222573	-0.0352466214265329	-0.146970318855759	-0.0465764885249519	0.0678599876195158	0.0345530270906835
-0.0433578654491055	-0.0899137087136495	-0.03592894018545	-0.149484813536094	-0.0473498260468681	0.069096958568479	0.0350925546900822
-0.0441453454240412	-0.0913589112159806	-0.0366163976387418	-0.15200942438702	-0.0481281089666707	0.0703396342940069	0.035633784646754
-0.0449358875970631	-0.0928099123168638	-0.0373089785066207	-0.154543852607996	-0.0489112965836692	0.0715878885472458	0.0361766405163814
-0.0457293995817523	-0.0942665455779427	-0.0380066678785801	-0.157087800056289	-0.0496993485878802	0.0728415954845229	0.0367210459950931
-0.046525789246255	-0.0957286449436991	-0.0387094511998964	-0.159640969265251	-0.0504922250518883	0.0741006296710588	0.0372669249277955
-0.0473249647200787	-0.0971960447506846	-0.0394173142578993	-0.162203063462654	-0.051289886422942	0.0753648660843681	0.0378142013167431
-0.0481268344010778	-0.0986685797365849	-0.0401302431682653	-0.16477378658915	-0.0520922935148241	0.0766341801178716	0.0383627993300281
-0.0489313069621504	-0.100146085049711	-0.0408482243610883	-0.167352843316767	-0.0528994074999733	0.0779084475841834	0.0389126433103096
-0.049738291358616	-0.101628396257693	-0.0415712445672472	-0.169939939067594	-0.0537111899008882	0.079187544719165	0.0394636577831184
-0.0505476968347015	-0.103115349357342	-0.0422992908042481	-0.172534780032396	-0.0545276025823857	0.0804713481849811	0.0400157674657949
-0.0513594329306548	-0.10460678078376	-0.0430323503623529	-0.175137073189385	-0.0553486077431932	0.0817597350738693	0.0405688972760224
-0.0521734094899193	-0.106102527419402	-0.0437704107907024	-0.177746526323062	-0.0561741679074392	0.0830525829119875	0.0411229723403404
-0.0529895366655792	-0.107602426604084	-0.0445134598830209	-0.180362848042986	-0.0570042459168374	0.0843497696624516	0.041677918003157
-0.0538077249278067	-0.109106316143739	-0.0452614856638312	-0.18298574780275	-0.0578388049218248	0.0856511737295166	0.0422336598350899
-0.0546278850703104	-0.110614034320434	-0.0460144763741254	-0.185614935918819	-0.0586778083736603	0.0869566739616504	0.0427901236419774
-0.0554499282176979	-0.112125419901242	-0.0467724204575108	-0.188250123589556	-0.0595212200155675	0.088266149655654	0.0433472354732675
-0.0562737658320637	-0.113640312148067	-0.0475353065459499	-0.190891022914127	-0.0603690038746092	0.0895794805599346	0.043904921630908
-0.0570993097197745	-0.115158550827213	-0.04830312344561	-0.19353734691146	-0.0612211242533242	0.0908965468780208	0.0444631086780851
-0.0579264720386809	-0.116679976218382	-0.0490758601229534	-0.196188809539272	-0.0620775457208933	0.0922172292725867	0.0450217234476498
-0.0587551653045174	-0.118204429124662	-0.0498535056904244	-0.198845125712966	-0.062938233105073	0.0935414088685911	0.0455806930510509
-0.0595853023979531	-0.119731750881655	-0.0506360493925068	-0.201506011324624	-0.0638031514834362	0.0948689672571776	0.0461399448867959
-0.0604167965711668	-0.121261783367153	-0.0514234805915698	-0.204171183261903	-0.0646722661750425	0.0961997864990751	0.0466994066491823
-0.0612495614547271	-0.122794369010371	-0.0522157887539179	-0.206840359426964	-0.0655455427317591	0.0975337491283739	0.0472590063367745
-0.0620835110639043	-0.124329350801831	-0.053012963435593	-0.209513258755278	-0.066422946930104	0.0988707381557025	0.0478186722612031
-0.0629185598058249	-0.125866572302117	-0.053814994268678	-0.212189601234528	-0.0673044447622001	0.10021063707239	0.0483783330553376
-0.0637546224853467	-0.127405877652155	-0.0546218709469925	-0.214869107923269	-0.0681900024279634	0.101553329853231	0.0489379176822462
-0.0645916143122541	-0.128947111581751	-0.0554335832125553	-0.217551500969749	-0.0690795863259213	0.102898700960781	0.0494973554431962
-0.0654294509074472	-0.130490119419293	-0.0562501208415936	-0.220236503630514	-0.0699731630449925	0.104246635348562	0.0500565759862521
-0.0662680483090725	-0.132034747101437	-0.0570714736306078	-0.222923840288943	-0.0708706993562764	0.105597018464251	0.0506155093148229
-0.067107322979091	-0.133580841182124	-0.0578976313827577	-0.225613236473783	-0.0717721622043546	0.106949736253413	0.0511740857958288
-0.0679471918097815	-0.135128248841577	-0.0587285838943111	-0.228304418877607	-0.0726775186986119	0.108304675163211	0.0517322361678139
-0.0687875721295104	-0.136676817896082	-0.0595643209408108	-0.230997115375067	-0.0735867361052379	0.109661722145337	0.0522898915494489
-0.0696283817093056	-0.138226396806649	-0.0604048322637735	-0.233691055041199	-0.0744997818383781	0.111020764659918	0.0528469834473905
-0.070469538768409	-0.139776834688817	-0.0612501075569672	-0.236385968169468	-0.0754166234522553	0.112381690678311	0.0534034437647126
-0.0713109619807362	-0.141327981321168	-0.0621001364532878	-0.239081586289865	-0.0763372286323319	0.113744388686988	0.0539592048086119
-0.0721525704806744	-0.142879687154548	-0.0629549085114135	-0.241777642186794	-0.0772615651870874	0.115108747690741	0.0545141992984412
-0.0729942838687602	-0.144431803321266	-0.0638144132025304	-0.244473869916833	-0.0781896010398607	0.1164746572158	0.0550683603736888
-0.0738360222175977	-0.145984181643848	-0.0646786398973213	-0.247170004826425	-0.0791213042204053	0.117842007313292	0.0556216216016766
-0.0746777060775037	-0.147536674643963	-0.0655475778529546	-0.249865783569397	-0.0800566428566621	0.119210688562462	0.0561739169852981
-0.0755192564818569	-0.149089135551553	-0.0664212162000675	-0.252560944124319	-0.0809955851667817	0.120580592073613	0.0567251809708189
-0.0763605949531288	-0.150641418312936	-0.0672995439302603	-0.255255225811842	-0.0819380994504083	0.121951609491904	0.0572753484550773
-0.0772016435076455	-0.152193377600315	-0.0681825498830834	-0.257948369311691	-0.0828841540811854	0.123323632999755	0.0578243547933859
-0.0780423246614001	-0.153744868819793	-0.0690702227337397	-0.260640116679701	-0.0838337174981558	0.124696555320544	0.0583721358065773
-0.078882561434968	-0.155295748120314	-0.0699625509804845	-0.263330211364554	-0.0847867581980097	0.126070269721329	0.0589186277884957
-0.0797222773588144	-0.156845872401925	-0.0708595229324036	-0.266018398224443	-0.0857432447268875	0.127444670016111	0.0594637675130671
-0.0805613964781083	-0.158395099324453	-0.0717611266971112	-0.268704423543496	-0.0867031456726235	0.1288196505686	0.0600074922415326
-0.0813998433578587	-0.159943287315572	-0.0726673501687991	-0.2713880350481	-0.087666429656618	0.130195106295425	0.0605497397293027
-0.0822375430876034	-0.161490295579226	-0.0735781810162343	-0.274068981922991	-0.0886330653261023	0.131570932668914	0.0610904482329373
-0.0830744212861029	-0.163035984103835	-0.0744936066709541	-0.276747014827179	-0.0896030213463496	0.132947025719956	0.0616295565169505
-0.0839104041059518	-0.164580213670377	-0.0754136143156084	-0.279421885909692	-0.0905762663929149	0.134323282040851	0.0621670038604906
-0.0847454182382826	-0.166122845860141	-0.0763381908725501	-0.282093348825163	-0.0915527691437336	0.13569959878834	0.062702730063779
-0.0855793909166672	-0.167663743063261	-0.0772673229922064	-0.284761158749108	-0.0925324982719694	0.137075873685808	0.0632366754549018
-0.086412249921913	-0.169202768485893	-0.0782009970421244	-0.28742507239317	-0.0935154224379167	0.138452005026583	0.0637687808958153
-0.0872439235860157	-0.170739786158219	-0.0791391990957841	-0.29008484802004	-0.0945015102816986	0.13982789167636	0.0642989877887251
-0.0880743407958763	-0.172274660942523	-0.0800819149214967	-0.292740245458157	-0.0954907304161477	0.141203433075435	0.0648272380824341
-0.0889034309980309	-0.173807258539723	-0.0810291299720551	-0.295391026116372	-0.0964830514186237	0.142578529242182	0.065353474277812
-0.0897311242015433	-0.175337445498012	-0.0819808293736335	-0.29803695299813	-0.0974784418246249	0.143953080774517	0.0658776394343001
-0.0905573509823981	-0.176865089219329	-0.0829369979156975	-0.300677790715692	-0.0984768701198406	0.145326988853155	0.0663996771752124
-0.0913820424867186	-0.178390057967079	-0.0838976200405238	-0.303313305503963	-0.0994783047333394	0.14670015524362	0.0669195316936164
-0.0922051304343118	-0.179912220873186	-0.0848626798331137	-0.305943265234176	-0.100482714030378	0.1480724822987	0.0674371477577959
-0.0930265471221916	-0.181431447944911	-0.08583216101133	-0.308567439427358	-0.101490066305182	0.149443872960981	0.0679524707165155
-0.0938462254274136	-0.18294761007229	-0.0868060469158978	-0.311185599267485	-0.102500329774376	0.150814230764662	0.0684654465045433
-0.0946640988104481	-0.184460579034632	-0.0877843205009289	-0.313797517614496	-0.103513472569822	0.152183459838085	0.0689760216475968
-0.0954801013183199	-0.185970227507035	-0.0887669643245541	-0.316402969017074	-0.104529462731648	0.153551464906082	0.0694841432672368
-0.0962941675871316	-0.18747642906744	-0.089753960539472	-0.319001729725093	-0.10554826820185	0.154918151291698	0.0699897590859593
-0.0971062328448285	-0.188979058203099	-0.0907452908838645	-0.321593577701897	-0.106569856817605	0.156283424918281	0.0704928174319095
-0.0979162329138388	-0.190477990316933	-0.0917409366724905	-0.324178292636325	-0.107594196304669	0.15764719231152	0.0709932672434602
-0.0987241042138856	-0.191973101733403	-0.0927408787881088	-0.326755655954552	-0.108621254270558	0.159009360601761	0.0714910580734636
-0.0995297837639555	-0.193464269705182	-0.0937450976727063	-0.329325450831559	-0.109650998198534	0.160369837525443	0.0719861400938417
-0.100333209184533	-0.194951372419217	-0.0947535733191134	-0.331887462202418	-0.110683395441277	0.16172853142693	0.0724784640997808
-0.101134318699949	-0.19643428900237	-0.0957662852629186	-0.334441476773374	-0.111718413214417	0.163085351260553	0.0729679815136337
-0.10193305114032	-0.197912899527298	-0.0967832125744306	-0.336987283032621	-0.112756018590415	0.164440206592281	0.0734546443888616
-0.102729345943211	-0.199387085018424	-0.0978043338507285	-0.339524671260802	-0.113796178492709	0.165793007601144	0.0739384054139557
-0.103523143155576	-0.20085672745726	-0.0988296272081223	-0.342053433541322	-0.114838859689524	0.16714366508107	0.074419217915933
-0.104314383435322	-0.202321709787942	-0.0998590702746591	-0.344573363770361	-0.11588402878803	0.168492090442376	0.0748970358638692
-0.105103008052693	-0.203781915922714	-0.100892640182787	-0.347084257666627	-0.116931652228651	0.169838195713131	0.0753718138723306
-0.105888958891807	-0.205237230746937	-0.101930313562358	-0.349585912780883	-0.117981696279177	0.171181893540782	0.0758435072044704
-0.106672178451912	-0.206687540124172	-0.102972066533724	-0.352078128505203	-0.119034127029129	0.172523097193539	0.0763120717750972
-0.1074526098481	-0.208132730901695	-0.104017874700814	-0.354560706081894	-0.120088910384646	0.173861720561216	0.0767774641538788
-0.108230196813046	-0.209572690914392	-0.105067713144996	-0.357033448612339	-0.121146012062292	0.175197678157347	0.0772396415676332
-0.109004883697105	-0.211007308990504	-0.106121556418332	-0.359496161065339	-0.1222053975845	0.17653088511947	0.0776985619034977
-0.10977661546953	-0.212436474955645	-0.107179378537669	-0.361948650285387	-0.123267032273859	0.177861257210803	0.0781541837111258
-0.110545337719041	-0.213860079637368	-0.108241152978654	-0.364390725000601	-0.124330881248017	0.179188710821243	0.0786064662050878
-0.111310996654416	-0.21527801486943	-0.109306852670005	-0.366822195830414	-0.12539690941455	0.180513162968474	0.079055369267042
-0.112073539104278	-0.216690173496819	-0.110376449987611	-0.369242875292881	-0.126465081466601	0.181834531298211	0.079500853448215
-0.112832912518374	-0.218096449378573	-0.111449916749671	-0.371652577812003	-0.127535361877013	0.183152734086264	0.0799428799706682
-0.113589064966915	-0.219496737392817	-0.112527224211072	-0.374051119724471	-0.128607714894371	0.184467690238431	0.0803814107296323
-0.114341945141055	-0.220890933440079	-0.1136083430586	-0.376438319286362	-0.129682104537897	0.185779319291765	0.0808164082948711
-0.115091502352572	-0.222278934447328	-0.114693243406	-0.378813996679463	-0.130758494593118	0.187087541415023	0.0812478359123503
-0.115837686533772	-0.223660638371475	-0.115781894789391	-0.381177974017376	-0.131836848607294	0.188392277409424	0.0816756575055414
-0.116580448237286	-0.225035944202739	-0.116874266162873	-0.383530075351367	-0.132917129884947	0.189693448709356	0.0820998376765883
-0.117319738635571	-0.226404751968102	-0.117970325894235	-0.385870126675928	-0.13399930148366	0.190990977382824	0.0825203417074406
-0.118055509520203	-0.227766962734796	-0.119070041760791	-0.388197955934054	-0.135083326210086	0.192284786131713	0.0829371355609297
-0.118787713301635	-0.229122478612897	-0.120173380945706	-0.390513393022352	-0.136169166615471	0.193574798292662	0.0833501858813075
-0.11951630300801	-0.230471202758888	-0.121280310034076	-0.392816269795757	-0.137256784992122	0.194860937836913	0.0837594599952113
-0.120241232284766	-0.231813039377924	-0.12239079500966	-0.395106420072138	-0.13834614336907	0.196143129371139	0.0841649259118899
-0.120962455393257	-0.233147893727124	-0.123504801251333	-0.397383679636488	-0.139437203508719	0.197421298137194	0.0845665523238786
-0.121679927209932	-0.234475672117859	-0.124622293530088	-0.399647886244983	-0.140529926902925	0.198695370012581	0.0849643086070911
-0.122393603225031	-0.235796281918432	-0.125743236005998	-0.401898879628708	-0.141624274769563	0.199965271510408	0.0853581648210387
-0.123103439541579	-0.237109631556095	-0.12686759222559	-0.404136501497194	-0.142720208048796	0.20123092977976	0.0857480917086358
-0.123809392873801	-0.238415630519575	-0.127995325119142	-0.406360595541629	-0.143817687399918	0.202492272605459	0.0861340606962006
-0.124511420545416	-0.239714189361514	-0.129126396998148	-0.408571007437809	-0.144916673198338	0.203749228407713	0.0865160438933383
-0.12520948048882	-0.241005219699481	-0.130260769553481	-0.410767584848992	-0.146017125531653	0.205001726242904	0.0868940140920242
-0.125903531242547	-0.242288634219002	-0.131398403852886	-0.412950177428245	-0.147119004197478	0.206249695802373	0.0872679447666522
-0.126593531950092	-0.243564346674562	-0.132539260339407	-0.415118636820769	-0.148222268699906	0.207493067412879	0.087637810072977
-0.127279442357945	-0.2448322718914	-0.133683298829628	-0.417272816665879	-0.149326878246776	0.208731772036171	0.0880035848473974
-0.127961222813647	-0.246092325767027	-0.134830478512151	-0.419412572598733	-0.150432791746926	0.209965741268645	0.0883652446060275
-0.128638834263605	-0.247344425272833	-0.135980757946165	-0.421537762251812	-0.1515399678077	0.21119490734076	0.0887227655437545
-0.129312238251145	-0.248588488455155	-0.137134095060355	-0.423648245256205	-0.152648364732246	0.212419203116777	0.0890761245329505
-0.129981396914384	-0.249824434436336	-0.138290447151941	-0.425743883242629	-0.153757940516992	0.213638562094339	0.0894252991221204
-0.130646272983919	-0.251052183415808	-0.139449770885827	-0.427824539842201	-0.154868652849343	0.214852918403873	0.0897702675345008
-0.13130682978026	-0.252271656671295	-0.140612022293827	-0.429890080686952	-0.155980459105647	0.216062206807731	0.0901110086666532
-0.131963031211482	-0.253482776559488	-0.141777156774223	-0.431940373410134	-0.157093316348971	0.217266362699626	0.0904475020867323
-0.132614841771161	-0.254685466516149	-0.142945129091667	-0.433975287646373	-0.158207181326603	0.218465322104454	0.0907797280324036
-0.133262226535072	-0.255879651057616	-0.144115893376652	-0.435994695031391	-0.159322010468844	0.219659021676673	0.0911076674094131
-0.133905151158973	-0.257065255780678	-0.145289403125735	-0.437998469201692	-0.160437759886719	0.220847398700012	0.0914313017892723
-0.13454358187571	-0.258242207363126	-0.146465611201625	-0.439986485793921	-0.161554385370413	0.222030391086409	0.0917506134072314
-0.135177485492548	-0.259410433563818	-0.147644469833567	-0.44195862244404	-0.162671842387508	0.22320793737523	0.0920655851599445
-0.135806829388276	-0.260569863222825	-0.148825930617814	-0.443914758786277	-0.163790086081477	0.224379976732287	0.0923762006031294
-0.136431581509968	-0.261720426261844	-0.150009944518104	-0.445854776451779	-0.164909071270571	0.225546448948426	0.092682443949304
-0.137051710370554	-0.262862053683343	-0.151196461866752	-0.44777855906722	-0.166028752445912	0.226707294439151	0.0929843000648305
-0.137667185045212	-0.263994677571078	-0.152385432365313	-0.449685992252987	-0.167149083770829	0.227862454242832	0.093281754467601
-0.138277975168674	-0.265118231089218	-0.153576805085896	-0.451576963621332	-0.168270019079309	0.229011870020047	0.0935747933239702
-0.138884050931765	-0.266232648482286	-0.154770528472276	-0.453451362774181	-0.169391511875253	0.23015548405202	0.0938634034460525
-0.139485383078097	-0.267337865074741	-0.155966550341244	-0.455309081300784	-0.170513515331641	0.231293239239263	0.0941475722887882
-0.140081942901362	-0.268433817269567	-0.157164817884464	-0.45715001277525	-0.171635982289122	0.232425079100958	0.0944272879464595
-0.140673702241178	-0.269520442548621	-0.158365277669733	-0.458974052753675	-0.17275886525612	0.233550947772612	0.0947025391500572
-0.141260633480417	-0.270597679470852	-0.15956787564319	-0.460781098771292	-0.173882116407499	0.234670790005508	0.0949733152635181
-0.141842709541245	-0.271665467672043	-0.16077255713102	-0.462571050339238	-0.175005687584565	0.235784551164623	0.0952396062806958
-0.142419903882097	-0.272723747863179	-0.161979266841808	-0.464343808941289	-0.176129530294194	0.236892177227677	0.095501402821594
-0.142992190493718	-0.273772461829886	-0.16318794886857	-0.466099278030239	-0.177253595708954	0.237993614783062	0.095758696129094
-0.143559543896115	-0.274811552430489	-0.164398546691413	-0.467837363024265	-0.178377834666357	0.239088811028888	0.0960114780649586
-0.144121939134243	-0.275840963595641	-0.165611003179696	-0.46955797130289	-0.179502197669457	0.240177713770492	0.0962597411065759
-0.144679351775145	-0.27686064032584	-0.166825260595098	-0.471261012203014	-0.180626634886035	0.241260271419717	0.0965034783426115
-0.145231757903913	-0.277870528690385	-0.168041260594222	-0.472946397014571	-0.181751096149043	0.242336432992758	0.0967426834693486
-0.145779134119811	-0.278870575825986	-0.169258944231436	-0.474614038976041	-0.182875530956943	0.243406148108214	0.0969773507868126
-0.146321457532886	-0.279860729934567	-0.170478251962106	-0.476263853269868	-0.183999888473618	0.244469366985718	0.0972074751944655
-0.146858705759845	-0.280840940281947	-0.171699123645592	-0.477895757017595	-0.185124117529098	0.245526040443686	0.0974330521873019
-0.14739085692084	-0.281811157195155	-0.172921498548858	-0.479509669274975	-0.186248166619432	0.246576119898146	0.0976540778512347
-0.147917889634957	-0.282771332061372	-0.174145315349538	-0.481105511026711	-0.187371983907947	0.247619557360001	0.0978705488592647
-0.148439783016911	-0.283721417325128	-0.175370512139772	-0.482683205181224	-0.188495517225348	0.248656305433745	0.098082462466743
-0.148956516672719	-0.284661366486757	-0.176597026429633	-0.4842426765651	-0.189618714070938	0.249686317314917	0.0982898165072446
-0.149468070696382	-0.285591134099396	-0.177824795151212	-0.485783851917551	-0.190741521612888	0.250709546788784	0.0984926093876783
-0.14997442566564	-0.286510675767092	-0.179053754662347	-0.487306659884557	-0.191863886689515	0.251725948227878	0.0986908400839375
-0.150475562637934	-0.287419948142567	-0.180283840750577	-0.488811031012901	-0.192985755810446	0.252735476589755	0.0988845081363434
-0.150971463146881	-0.288318908924146	-0.181514988637495	-0.49029689774413	-0.194107075157321	0.253738087415394	0.099073613644658
-0.151462109198132	-0.289207516853458	-0.182747132982882	-0.491764194408273	-0.195227790585217	0.254733736826789	0.0992581572634587
-0.151947483265085	-0.290085731713218	-0.183980207888895	-0.493212857217397	-0.196347847624298	0.255722381524375	0.0994381401975297
-0.152427568285927	-0.290953514323119	-0.185214146905054	-0.49464282425922	-0.1974671914802	0.256703978786038	0.0996135641963042
-0.152902347658221	-0.291810826538978	-0.186448883032055	-0.496054035490202	-0.198585767036994	0.257678486463105	0.0997844315498926
-0.153371805236514	-0.292657631247683	-0.18768434872728	-0.49744643272898	-0.199703518857166	0.258645862980013	0.0999507450830261
-0.153835925326969	-0.293493892366116	-0.188920475908839	-0.498819959649186	-0.200820391184711	0.259606067330296	0.100112508150939
-0.154294692684519	-0.294319574836557	-0.190157195961054	-0.500174561772549	-0.201936327945753	0.260559059075654	0.100269724633515
-0.154748092508146	-0.295134644624581	-0.191394439739044	-0.501510186461549	-0.203051272751161	0.261504798342672	0.100422398930634
-0.155196110437283	-0.295939068715347	-0.192632137574006	-0.502826782912143	-0.204165168898118	0.262443245820908	0.10057053595673
-0.155638732547852	-0.296732815110314	-0.193870219278403	-0.504124302146287	-0.205277959372146	0.263374362760489	0.100714141135534
-0.15607594534815	-0.297515852824105	-0.195108614151151	-0.505402697004326	-0.206389586849387	0.264298110969501	0.1008532203949
-0.156507735774956	-0.298288151881013	-0.196347250983033	-0.506661922137295	-0.207499993698753	0.265214452811604	0.100987780161428
-0.156934091189647	-0.299049683311437	-0.197586058062188	-0.507901933999095	-0.208609121984164	0.26612335120363	0.101117827355053
-0.15735499937431	-0.299800419148256	-0.198824963179695	-0.509122690838565	-0.209716913466883	0.267024769613151	0.10124336938361
-0.157770448527853	-0.300540332423177	-0.200063893635237	-0.510324152691433	-0.210823309607959	0.267918672055988	0.101364414137363
-0.158180427261826	-0.301269397163416	-0.20130277624269	-0.511506281372107	-0.211928251571058	0.26880502309334	0.101480969983703
-0.158584924596905	-0.301987588387424	-0.202541537336154	-0.512669040465466	-0.213031680224719	0.269683787829691	0.101593045761381
-0.158983929958851	-0.30269488210132	-0.203780102775764	-0.513812395318469	-0.21413353614526	0.270554931910021	0.101700650775078
-0.159377433174642	-0.303391255294998	-0.205018397953686	-0.514936313031666	-0.215233759619589	0.2714184215172	0.101803794789825
-0.159765424468653	-0.30407668593819	-0.206256347800203	-0.516040762450638	-0.216332290648087	0.272274223369392	0.10190248802539
-0.16014789445907	-0.304751152976123	-0.207493876789996	-0.517125714157355	-0.217429068947351	0.27312230471771	0.101996741150484
-0.16052483415365	-0.305414636326083	-0.208730908948152	-0.518191140461343	-0.218524033953704	0.273962633343014	0.102086565277406
-0.160896234946485	-0.306067116872553	-0.209967367856764	-0.51923701539091	-0.219617124825799	0.274795177553917	0.102171971955996
-0.161262088613665	-0.30670857646385	-0.21120317666102	-0.520263314684111	-0.220708280448444	0.275619906183363	0.102252973168328
-0.161622387310387	-0.307338997906732	-0.212438258076117	-0.521270015779836	-0.221797439435058	0.276436788586981	0.102329581322426
-0.161977123566232	-0.30795836496354	-0.213672534393267	-0.522257097808534	-0.222884540132112	0.27724579463908	0.102401809247206
-0.162326290282555	-0.308566662346372	-0.214905927486883	-0.523224541583174	-0.223969520621514	0.27804689473127	0.102469670186008
-0.162669880728068	-0.309163875713785	-0.216138358820863	-0.524172329589842	-0.225052318724964	0.278840059768733	0.102533177791343
-0.163007888535648	-0.309749991665736	-0.217369749455584	-0.525100445978438	-0.226132872007139	0.279625261168021	0.102592346118811
-0.163340307698636	-0.310324997739268	-0.218600020054671	-0.526008876553226	-0.227211117779545	0.280402470854132	0.102647189621392
-0.163667132567422	-0.310888882403758	-0.219829090891984	-0.526897608763336	-0.228286993104156	0.281171661257918	0.102697723143532
-0.163988357845628	-0.311441635056746	-0.221056881858431	-0.527766631693133	-0.229360434797597	0.281932805312924	0.102743961915526
-0.164303978587146	-0.311983246018545	-0.222283312469287	-0.528615936052645	-0.230431379434554	0.282685876453254	0.102785921547337
-0.164613990192286	-0.312513706528109	-0.223508301871095	-0.529445514167774	-0.231499763352208	0.283430848610272	0.102823618023022
-0.164918388404433	-0.313033008738194	-0.224731768848873	-0.530255359970513	-0.232565522654269	0.284167696209878	0.102857067694849
-0.165217169306944	-0.313541145710174	-0.2259536318335	-0.531045468989146	-0.233628593214865	0.284896394170049	0.102886287277262
-0.165510329319738	-0.3140381114093	-0.227173808908982	-0.531815838338313	-0.234688910682868	0.285616917897932	0.102911293841074
-0.165797865195552	-0.314523900700442	-0.228392217819582	-0.532566466708966	-0.235746410486675	0.286329243286456	0.102932104807918
-0.166079774017515	-0.314998509341974	-0.229608775977687	-0.533297354358465	-0.236801027837745	0.287033346712574	0.102948737943825
-0.16635605319527	-0.315461933981731	-0.230823400470946	-0.534008503100388	-0.237852697735751	0.287729205033596	0.102961211353818
-0.166626700462082	-0.315914172151576	-0.232036008069973	-0.53469991629443	-0.238901354972824	0.288416795584723	0.102969543475868
-0.166891713871741	-0.316355222262279	-0.233246515235967	-0.535371598836208	-0.239946934138128	0.289096096176274	0.102973753075008
-0.167151091795471	-0.316785083598403	-0.234454838128384	-0.536023557147021	-0.240989369622538	0.289767085090858	0.1029738592375
-0.167404832918658	-0.317203756313459	-0.235660892612539	-0.536655799163509	-0.242028595623625	0.290429741080262	0.10296988136513
-0.167652936238293	-0.317611241424081	-0.236864594267617	-0.537268334327389	-0.243064546150018	0.291084043363198	0.102961839169082
-0.167895401059565	-0.318007540805414	-0.238065858394275	-0.537861173574984	-0.244097155026751	0.291729971621909	0.102949752664404
-0.168132226993377	-0.318392657185212	-0.239264600022758	-0.538434329326866	-0.245126355899774	0.292367505999907	0.102933642163898
-0.168363413953027	-0.318766594139182	-0.240460733920598	-0.538987815477303	-0.246152082241454	0.292996627098569	0.102913528272619
-0.16858896215177	-0.319129356085039	-0.241654174600822	-0.539521647383803	-0.247174267355256	0.293617315974832	0.10288943188181
-0.168808872099901	-0.319480948277324	-0.242844836329914	-0.540035841856537	-0.248192844381051	0.294229554138202	0.10286137416321
-0.169023144601937	-0.319821376802083	-0.244032633135878	-0.540530417147723	-0.249207746300434	0.294833323547838	0.102829376563338
-0.169231780754213	-0.320150648570991	-0.245217478816525	-0.541005392941051	-0.250218905941719	0.295428606610122	0.102793460797545
-0.169434781941804	-0.320468771316464	-0.246399286947445	-0.541460790340938	-0.251226255985747	0.296015386175303	0.102753648844566
-0.169632149836304	-0.320775753585577	-0.247577970890447	-0.541896631861879	-0.252229728970929	0.296593645535184	0.102709962940535
-0.169823886393213	-0.321071604734586	-0.248753443801814	-0.542312941417722	-0.253229257298794	0.297163368420265	0.102662425573331
-0.170009993849364	-0.321356334923407	-0.249925618640606	-0.542709744310877	-0.254224773239616	0.297724538996876	0.10261105947693
-0.170190474720389	-0.321629955110087	-0.251094408177005	-0.543087067221509	-0.255216208938109	0.298277141864306	0.102555887625786
-0.170365331798446	-0.321892477044926	-0.252259725000815	-0.543444938196745	-0.256203496418965	0.298821162052221	0.102496933229094
-0.170534568149838	-0.322143913264803	-0.253421481529922	-0.543783386639811	-0.257186567592614	0.29935658501789	0.102434219725173
-0.170698187112688	-0.322384277087426	-0.254579590018816	-0.544102443299156	-0.258165354261023	0.299883396643434	0.102367770775866
-0.170856192294725	-0.3226135826055	-0.255733962567171	-0.544402140257565	-0.259139788123519	0.300401583233166	0.102297610260928
-0.171008587570915	-0.322831844681119	-0.256884511128379	-0.544682510921198	-0.260109800782846	0.300911131510679	0.102223762272555
-0.17115537708145	-0.323039078939703	-0.258031147518274	-0.544943590008674	-0.261075323750987	0.301412028616349	0.102146251109752
-0.171296565229356	-0.323235301764511	-0.259173783423688	-0.54518541354006	-0.262036288455468	0.301904262104294	0.102065101272995
-0.171432156678911	-0.323420530290016	-0.260312330411433	-0.545408018825957	-0.262992626244942	0.30238781994035	0.101980337458421
-0.171562156353176	-0.323594782396617	-0.261446699936846	-0.545611444456419	-0.263944268395789	0.302862690498824	0.101891984552656
-0.171686569431911	-0.323758076704825	-0.262576803352536	-0.545795730289908	-0.264891146118429	0.303328862559713	0.101800067627463
-0.17180540135013	-0.323910432568554	-0.263702551917499	-0.545960917442333	-0.265833190563068	0.303786325306712	0.101704611934006
-0.171918657795839	-0.32405187006964	-0.264823856805805	-0.546107048275919	-0.266770332826402	0.304235068324112	0.101605642897721
-0.172026344708261	-0.324182410011713	-0.26594062911555	-0.54623416638815	-0.267702503957913	0.304675081594274	0.101503186112944
-0.172128468275923	-0.324302073914263	-0.267052779877767	-0.546342316600646	-0.268629634966404	0.305106355494903	0.101397267337654
-0.172225034935159	-0.324410884006189	-0.268160220065543	-0.546431544948108	-0.269551656826216	0.305528880796796	0.101287912488037
-0.172316051368122	-0.32450886322007	-0.269262860602917	-0.546501898667148	-0.270468500484042	0.305942648660937	0.101175147633417
-0.17240152450123	-0.324596035185853	-0.270360612373989	-0.546553426185173	-0.271380096865387	0.306347650636086	0.101058998990967
-0.172481461503634	-0.324672424224546	-0.271453386232077	-0.546586177109258	-0.27228637688111	0.306743878656389	0.100939492920464
-0.172555869785223	-0.324738055342637	-0.272541093008619	-0.546600202214922	-0.273187271434537	0.307131325038307	0.100816655919425
-0.172624756995675	-0.324792954224998	-0.273623643522654	-0.546595553435062	-0.274082711427579	0.30750998247892	0.100690514617598
-0.172688131022475	-0.324837147229362	-0.274700948589757	-0.546572283848691	-0.274972627768021	0.3078798440528	0.100561095772206
-0.172745999989584	-0.324870661379876	-0.275772919031328	-0.546530447669782	-0.275856951376227	0.308240903209726	0.100428426262828
-0.172798372256258	-0.324893524360467	-0.276839465683972	-0.546470100236114	-0.276735613191767	0.308593153772561	0.100292533086242
-0.172845256415196	-0.32490576450924	-0.277900499408534	-0.546391297997986	-0.277608544180852	0.308936589934193	0.100153443351766
-0.172886661291476	-0.324907410811755	-0.278955931099551	-0.546294098507068	-0.278475675343016	0.309271206255502	0.100011184276158
-0.172922595941361	-0.324898492894508	-0.280005671694652	-0.546178560405192	-0.27933693771803	0.309596997663122	0.0998657831786492
-0.172953069650789	-0.324879041018955	-0.281049632183793	-0.546044743413104	-0.280192262393228	0.309913959446745	0.0997172674762635
-0.172978091934363	-0.324849086074797	-0.282087723618765	-0.545892708319269	-0.281041580510398	0.310222087257062	0.0995656646788598
-0.172997672533811	-0.324808659574105	-0.283119857122427	-0.545722516968582	-0.2818848232733	0.310521377102976	0.0994110023845963
-0.173011821417445	-0.324757793643984	-0.284145943898478	-0.545534232251245	-0.282721921954221	0.310811825350119	0.0992533082747902
-0.173020548778217	-0.32469652102138	-0.285165895240484	-0.545327918091386	-0.283552807902098	0.311093428717454	0.0990926101097806
-0.17302386503334	-0.324624875045561	-0.28617962254175	-0.54510363943594	-0.284377412549045	0.311366184275974	0.0989289357238036
-0.173021780822997	-0.324542889652004	-0.287187037304712	-0.544861462243366	-0.285195667417931	0.311630089446136	0.098762313020548
-0.173014307009304	-0.324450599365941	-0.288188051150458	-0.544601453472399	-0.28600750412977	0.311885141995617	0.0985927699685988
-0.173001454675154	-0.324348039296114	-0.289182575828205	-0.544323681070773	-0.286812854411298	0.312131340036887	0.0984203345970268
-0.172983235123606	-0.324235245127725	-0.290170523225063	-0.544028213964039	-0.287611650102051	0.312368682025512	0.0982450349906768
-0.17295965987669	-0.324112253116322	-0.291151805375491	-0.543715122044263	-0.288403823162126	0.312597166757625	0.0980668992859069
-0.172930740674695	-0.323979100080965	-0.292126334471023	-0.54338447615881	-0.289189305679502	0.312816793368059	0.097885955666069
-0.172896489475245	-0.323835823397747	-0.293094022869871	-0.543036348099088	-0.289968029877653	0.313027561328167	0.0977022323571945
-0.172856918452479	-0.32368246099319	-0.2940547831066	-0.5426708105893	-0.290739928123102	0.313229470443762	0.0975157576236691
-0.172812039996043	-0.323519051337952	-0.295008527901699	-0.542287937275166	-0.291504932933255	0.313422520852798	0.0973265597640983
-0.172761866710709	-0.323345633439599	-0.29595517017149	-0.541887802712736	-0.292262976983617	0.313606713023896	0.0971346671068119
-0.172706411415332	-0.323162246836419	-0.296894623037686	-0.541470482357108	-0.293013993115772	0.313782047753946	0.096940108005875
-0.172645687142212	-0.322968931590648	-0.297826799837169	-0.541036052551195	-0.29375791434499	0.313948526166267	0.0967429108368909
-0.172579707136228	-0.322765728282045	-0.298751614131649	-0.540584590514452	-0.294494673868131	0.314106149708434	0.096543103993004
-0.172508484854621	-0.322552678000525	-0.299668979717667	-0.540116174331728	-0.295224205070913	0.314254920151012	0.0963407158805478
-0.172432033965775	-0.322329822340326	-0.300578810636069	-0.539630882941927	-0.295946441536292	0.314394839584879	0.0961357749154038
-0.172350368348842	-0.322097203392914	-0.301481021181929	-0.539128796126824	-0.296661317051993	0.314525910419738	0.0959283095188674
-0.17226350209316	-0.321854863740232	-0.30237552591436	-0.538609994499839	-0.29736876561832	0.314648135382316	0.0957183481137065
-0.172171449497749	-0.321602846447814	-0.303262239666375	-0.538074559494833	-0.2980687214559	0.314761517514702	0.0955059191202194
-0.172074225070321	-0.321341195058719	-0.304141077554477	-0.537522573354815	-0.298761119014025	0.314866060171981	0.0952910509526894
-0.171971843527284	-0.32106995358589	-0.305011954988792	-0.53695411912082	-0.299445892977938	0.314961767021279	0.0950737720152147
-0.171864319792562	-0.32078916650641	-0.30587478768256	-0.536369280620588	-0.300122978277448	0.315048642039145	0.0948541106983978
-0.171751668997711	-0.320498878753728	-0.306729491662317	-0.535768142457474	-0.300792310094181	0.31512668951076	0.0946320953752225
-0.17163390648091	-0.320199135711659	-0.307575983277483	-0.535150789999147	-0.301453823870072	0.315195914027581	0.0944077543977313
-0.171511047786851	-0.319889983207	-0.308414179210421	-0.534517309366477	-0.302107455314932	0.315256320486249	0.0941811160931626
-0.171383108665723	-0.319571467503571	-0.309243996486011	-0.533867787422243	-0.302753140415013	0.315307914086235	0.0939522087607494
-0.171250105073364	-0.319243635294427	-0.310065352481847	-0.533202311760058	-0.303390815440339	0.315350700329149	0.0937210606677795
-0.171112053170393	-0.318906533695696	-0.310878164937889	-0.532520970693118	-0.304020416953174	0.315384685016624	0.0934877000464027
-0.170968969321734	-0.318560210239792	-0.311682351966315	-0.531823853243033	-0.304641881816079	0.315409874248761	0.0932521550902206
-0.170820870096383	-0.318204712868273	-0.3124778320615	-0.531111049128695	-0.305255147199733	0.315426274422951	0.0930144539507689
-0.170667772266833	-0.31784008992522	-0.313264524109815	-0.530382648755091	-0.305860150591148	0.315433892232211	0.0927746247342737
-0.170509692808635	-0.317466390150418	-0.314042347399487	-0.529638743202154	-0.306456829801736	0.315432734663756	0.0925326954983715
-0.170346648900024	-0.317083662672458	-0.314811221630488	-0.528879424213634	-0.307045122975347	0.315422808997667	0.0922886942488379
-0.170178657921294	-0.316691957002199	-0.315571066924292	-0.52810478418592	-0.307624968596564	0.315404122805231	0.0920426489365251
-0.17000573745484	-0.316291323025197	-0.316321803833976	-0.52731491615699	-0.308196305498301	0.315376683948272	0.0917945874539013
-0.169827905284088	-0.315881810995911	-0.317063353353716	-0.526509913795182	-0.308759072870617	0.315340500576886	0.0915445376323952
-0.169645179393653	-0.315463471529931	-0.31779563692895	-0.525689871388186	-0.30931321026819	0.315295581129007	0.091292527238944
-0.169457577968526	-0.315036355597769	-0.318518576465988	-0.524854883831864	-0.309858657618859	0.315241934328565	0.0910385839732566
-0.169265119393797	-0.314600514517784	-0.31923209434193	-0.524005046619185	-0.310395355231581	0.315179569184482	0.0907827354647451
-0.1690678222543	-0.314155999949237	-0.3199361134145	-0.523140455829159	-0.310923243804474	0.315108494989562	0.0905250092695762
-0.168865705334057	-0.313702863885646	-0.320630557031804	-0.522261208115723	-0.311442264433068	0.315028721319147	0.0902654328678719
-0.168658787615966	-0.313241158647764	-0.321315349042165	-0.521367400696715	-0.311952358618296	0.314940258030144	0.0900040336608159
-0.168447088281146	-0.312770936877097	-0.321990413803798	-0.520459131342768	-0.312453468274842	0.314843115259598	0.0897408389680181
-0.168230626708755	-0.31229225152864	-0.322655676194712	-0.519536498366321	-0.312945535738964	0.314737303424	0.0894758760246051
-0.168009422475301	-0.311805155864435	-0.323311061622328	-0.518599600610534	-0.313428503776856	0.314622833217882	0.0892091719786923
-0.167783495354383	-0.31130970344643	-0.323956496033322	-0.517648537438313	-0.313902315592538	0.314499715613088	0.0889407538886116
-0.167552865316111	-0.310805948129829	-0.324591905923278	-0.516683408721265	-0.31436691483606	0.31436796185762	0.0886706487203891
-0.167317552526689	-0.310293944056184	-0.325217218346417	-0.515704314828728	-0.31482224561152	0.31422758347477	0.088398883345151
-0.167077577347791	-0.3097737456468	-0.325832360925197	-0.514711356616747	-0.315268252485288	0.314078592261986	0.088125484536713
-0.166832960336159	-0.309245407595779	-0.326437261860018	-0.513704635417123	-0.315704880493956	0.313921000290109	0.0878504789690496
-0.166583722243187	-0.308708984863055	-0.327031849938918	-0.512684253026473	-0.316132075152285	0.313754819902655	0.0875738932138143
-0.166329884014124	-0.308164532668056	-0.327616054547016	-0.511650311695233	-0.316549782461528	0.31358006371457	0.0872957537381511
-0.166071466787801	-0.307612106482477	-0.328189805676256	-0.510602914116772	-0.316957948917164	0.313396744611814	0.0870160869021854
-0.165808491895969	-0.307051762023693	-0.328753033934894	-0.509542163416459	-0.317356521517015	0.313204875750418	0.0867349189568182
-0.165540980862487	-0.306483555248381	-0.329305670556902	-0.508468163140716	-0.317745447769495	0.313004470555382	0.0864522760416437
-0.165268955403241	-0.305907542344938	-0.329847647411749	-0.507381017246218	-0.318124675701017	0.312795542720707	0.0861681841824149
-0.164992437425032	-0.305323779727576	-0.330378897013586	-0.506280830088933	-0.318494153864497	0.312578106207948	0.0858826692892375
-0.164711449025242	-0.304732324029108	-0.330899352530851	-0.505167706413322	-0.318853831346958	0.312352175245988	0.085595757154265
-0.164426012491087	-0.304133232094411	-0.331408947795618	-0.504041751341473	-0.319203657777543	0.312117764330247	0.0853074734497068
-0.164136150298901	-0.303526560973797	-0.331907617312943	-0.502903070362277	-0.31954358333545	0.311874888222013	0.0850178437258398
-0.163841885113451	-0.302912367916342	-0.332395296270199	-0.501751769320626	-0.319873558757787	0.311623561947858	0.0847268934090397
-0.163543239787418	-0.302290710362887	-0.332871920546481	-0.500587954406652	-0.320193535347184	0.311363800799379	0.0844346477997171
-0.163240237360337	-0.301661645939943	-0.333337426721691	-0.49941173214491	-0.320503464979961	0.311095620332188	0.0841411320706526
-0.162932901058015	-0.301025232452761	-0.333791752085855	-0.498223209383657	-0.320803300113705	0.310819036365684	0.0838463712650342
-0.162621254291802	-0.300381527878632	-0.334234834648334	-0.497022493284131	-0.32109299379495	0.310534064982667	0.0835503902946225
-0.162305320657564	-0.299730590360668	-0.334666613146839	-0.495809691309807	-0.321372499667146	0.310240722528563	0.08325321393814
-0.161985123935184	-0.299072478200668	-0.335087027056715	-0.494584911215768	-0.321641771977954	0.30993902561153	0.0829548668393376
-0.161660688087197	-0.298407249853414	-0.335496016599713	-0.493348261037949	-0.321900765587465	0.309628991101301	0.0826553735056534
-0.16133203725848	-0.297734963919174	-0.335893522753309	-0.492099849082596	-0.322149435975159	0.30931063612971	0.0823547583062037
-0.160999195774888	-0.297055679137955	-0.336279487259424	-0.490839783915568	-0.322387739247994	0.308983978089684	0.0820530454704922
-0.160662188142395	-0.29636945438289	-0.336653852633363	-0.489568174351751	-0.322615632147839	0.308649034635058	0.0817502590868153
-0.160321039046261	-0.295676348653533	-0.337016562172766	-0.488285129444511	-0.322833072058824	0.308305823680526	0.0814464231006557
-0.159975773350052	-0.294976421069401	-0.337367559966421	-0.486990758475152	-0.323040017014771	0.307954363401427	0.0811415613132144
-0.159626416094188	-0.294269730864289	-0.337706790902783	-0.485685170942315	-0.323236425707086	0.307594672232867	0.0808356973802692
-0.15927299249552	-0.293556337378796	-0.338034200679036	-0.484368476551598	-0.323422257491413	0.307226768870523	0.0805288548103647
-0.158915527945501	-0.292836300055259	-0.338349735809321	-0.48304078520496	-0.323597472395802	0.306850672269327	0.0802210569639744
-0.158554048009915	-0.292109678429941	-0.338653343633809	-0.481702206990417	-0.323762031127015	0.306466401644657	0.0799123270516195
-0.158188578426786	-0.291376532128381	-0.338944972326701	-0.480352852171484	-0.323915895078841	0.30607397647076	0.0796026881332496
-0.157819145105827	-0.290636920858028	-0.339224570905055	-0.478992831176888	-0.324059026338554	0.305673416481658	0.0792921631165921
-0.157445774127048	-0.289890904402314	-0.339492089237111	-0.477622254590191	-0.324191387694254	0.305264741670813	0.0789807747560905
-0.157068491739312	-0.289138542614798	-0.339747478050521	-0.476241233139436	-0.324312942642176	0.304847972290802	0.0786685456518953
-0.156687324359386	-0.288379895412416	-0.339990688940827	-0.47484987768691	-0.324423655393337	0.304423128853811	0.0783554982485361
-0.156302298570186	-0.287615022770125	-0.340221674379438	-0.473448299218817	-0.324523490881033	0.303990232130988	0.0780416548341585
-0.155913441119902	-0.286843984713981	-0.340440387722053	-0.472036608835136	-0.324612414767217	0.303549303153212	0.0777270375391816
-0.155520778920021	-0.28606684131611	-0.340646783216415	-0.470614917739325	-0.324690393450049	0.303100363210242	0.0774116683357059
-0.15512433904439	-0.285283652687863	-0.3408408160106	-0.469183337228256	-0.324757394070167	0.302643433851553	0.0770955690362528
-0.154724148727552	-0.284494478974196	-0.341022442160855	-0.46774197868206	-0.324813384517686	0.302178536886127	0.0767787612929923
-0.154320235363179	-0.283699380347875	-0.341191618639425	-0.466290953554031	-0.324858333438988	0.301705694382463	0.0764612665969307
-0.153912626502687	-0.282898417003333	-0.34134830334244	-0.464830373360609	-0.32489221024321	0.301224928668956	0.0761431062769806
-0.153501349853432	-0.282091649151251	-0.341492455097508	-0.463360349671338	-0.324914985109099	0.300736262333692	0.0758243014993383
-0.153086433277332	-0.281279137012368	-0.341624033671489	-0.461880994098939	-0.324926628991292	0.300239718224996	0.0755048732665813
-0.152667904789191	-0.280460940811781	-0.341742999778059	-0.460392418289375	-0.32492711362681	0.299735319451591	0.0751848424169713
-0.152245792554784	-0.279637120773689	-0.341849315085056	-0.458894733911938	-0.324916411541756	0.299223089382437	0.0748642296239542
-0.151820124889445	-0.278807737115186	-0.341942942222077	-0.457388052649455	-0.324894496057297	0.29870305164748	0.0745430553953058
-0.151390930256085	-0.277972850041075	-0.342023844787675	-0.455872486188454	-0.324861341296205	0.298175230137539	0.0742213400726991
-0.150958237263517	-0.27713251973812	-0.342091987356677	-0.45434814620944	-0.324816922188946	0.297639649004779	0.0738991038310569
-0.150522074664531	-0.276286806369717	-0.342147335487293	-0.452815144377167	-0.324761214479932	0.297096332662856	0.0735763666780969
-0.150082471354175	-0.275435770070199	-0.34218985572828	-0.451273592331009	-0.324694194733436	0.296545305787471	0.0732531484537486
-0.14963945636784	-0.274579470939462	-0.342219515625931	-0.449723601675347	-0.324615840339613	0.295986593316687	0.0729294688297023
-0.149193058879041	-0.273717969038142	-0.342236283730822	-0.448165283969968	-0.32452612952077	0.295420220450829	0.0726053473091938
-0.14874330819786	-0.272851324381587	-0.342240129604865	-0.446598750720618	-0.324425041336748	0.294846212653528	0.0722808032263345
-0.148290233768559	-0.271979596935306	-0.342231023827829	-0.44502411336949	-0.324312555691153	0.294264595651507	0.0719558557460261
-0.14783386516801	-0.271102846608953	-0.342208938004247	-0.443441483285894	-0.324188653336528	0.293675395435752	0.0716305238633243
-0.147374232103029	-0.270221133252266	-0.342173844769629	-0.441850971756809	-0.324053315880681	0.29307863826099	0.0713048264035624
-0.146911364408779	-0.269334516649091	-0.34212571779722	-0.440252689977685	-0.32390652579165	0.292474350646973	0.0709787820217578
-0.146445292046329	-0.268443056512897	-0.342064531804185	-0.438646749043141	-0.323748266403536	0.291862559378464	0.0706524092025972
-0.145976045100512	-0.267546812481787	-0.341990262557909	-0.437033259937807	-0.32357852192187	0.291243291505778	0.070325726260238
-0.145503653777947	-0.266645844113177	-0.341902886882298	-0.43541233352723	-0.323397277428667	0.290616574345665	0.0699987513379991
-0.145028148404348	-0.265740210879799	-0.341802382663611	-0.433784080548755	-0.32320451888821	0.289982435481098	0.0696715024085553
-0.144549559422789	-0.264829972163937	-0.341688728856739	-0.432148611602598	-0.32300023315156	0.289340902762693	0.0693439972734815
-0.144067917390856	-0.263915187253724	-0.341561905490788	-0.430506037142843	-0.322784407962294	0.288692004308382	0.0690162535635743
-0.143583252978743	-0.262995915337706	-0.341421893675105	-0.428856467468625	-0.322557031960987	0.288035768504686	0.0686882887385332
-0.1430955969666	-0.262072215500787	-0.341268675604804	-0.427200012715292	-0.322318094690461	0.287372224006844	0.0683601200871684
-0.142604980242227	-0.261144146719547	-0.341102234566397	-0.425536782845674	-0.322067586600509	0.286701399739559	0.0680317647273762
-0.142111433798664	-0.260211767857756	-0.340922554943289	-0.423866887641417	-0.321805499052609	0.286023324897656	0.0677032396061967
-0.141614988731586	-0.259275137662276	-0.340729622221065	-0.422190436694365	-0.321531824324768	0.285338028946463	0.0673745615000202
-0.141115676237096	-0.258334314758225	-0.340523422992928	-0.420507539398068	-0.321246555615748	0.284645541622924	0.0670457470145278
-0.140613527608908	-0.2573893576453	-0.340303944964691	-0.418818304939282	-0.320949687049923	0.283945892935754	0.0667168125850585
-0.140108574235826	-0.256440324693552	-0.340071176959849	-0.417122842289582	-0.320641213681628	0.283239113166154	0.0663877744767833
-0.139600847599306	-0.255487274139051	-0.339825108924612	-0.415421260197079	-0.320321131499328	0.282525232868712	0.0660586487848386
-0.139090379270943	-0.254530264079695	-0.339565731932799	-0.413713667178201	-0.319989437429724	0.281804282872239	0.0657294514345226
-0.138577200909271	-0.253569352472327	-0.339293038190239	-0.412000171509437	-0.319646129342569	0.281076294279516	0.0654001981819593
-0.138061344257996	-0.2526045971272	-0.339007021039918	-0.410280881219414	-0.319291206053651	0.280341298469492	0.0650709046138099
-0.1375428411425	-0.251636055705723	-0.338707674966012	-0.408555904080756	-0.318924667329729	0.279599327096626	0.0647415861481706
-0.137021723467502	-0.250663785716033	-0.338394995598504	-0.406825347602231	-0.318546513891948	0.27885041209224	0.0644122580346852
-0.136498023214459	-0.24968784450913	-0.338068979717552	-0.405089319020945	-0.318156747419465	0.278094585665465	0.0640829353548639
-0.135971772438334	-0.248708289276205	-0.337729625257387	-0.403347925294502	-0.3177553705537	0.277331880303178	0.0637536330228262
-0.135443003265364	-0.247725177044143	-0.337376931310691	-0.401601273093442	-0.317342386901276	0.276562328771672	0.0634243657853898
-0.134911747890037	-0.246738564672534	-0.337010898132417	-0.399849468793617	-0.316917801037785	0.275785964117028	0.0630951482227034
-0.134378038572079	-0.245748508850736	-0.336631527143509	-0.39809261846868	-0.316481618511431	0.275002819665551	0.0627659947488875
-0.133841907634036	-0.244755066093823	-0.33623882093487	-0.396330827882751	-0.316033845845829	0.274212929025256	0.0624369196122838
-0.133303387458067	-0.243758292740113	-0.335832783270756	-0.39456420248305	-0.315574490543652	0.273416326086036	0.0621079368962551
-0.132762510483137	-0.24275824494795	-0.335413419092302	-0.392792847392701	-0.315103561089669	0.272613045020571	0.0617790605197284
-0.132219309202351	-0.241754978692289	-0.334980734521034	-0.391016867403645	-0.314621066953502	0.271803120285495	0.0614503042376522
-0.131673816159884	-0.240748549762098	-0.334534736862016	-0.389236366969593	-0.314127018592755	0.270986586621915	0.0611216816417478
-0.131126063948015	-0.239739013757618	-0.334075434606965	-0.387451450199082	-0.313621427455904	0.270163479056126	0.0607932061612026
-0.130576085204324	-0.238726426087374	-0.33360283743735	-0.385662220848686	-0.313104305984883	0.26933383290065	0.0604648910632708
-0.130023912608797	-0.237710841965411	-0.33311695622732	-0.383868782316279	-0.312575667617657	0.268497683755131	0.0601367494539465
-0.129469578880479	-0.236692316409479	-0.33261780304625	-0.382071237634354	-0.312035526791248	0.267655067506474	0.0598087942789653
-0.12891311677521	-0.235670904237187	-0.332105391161834	-0.380269689463614	-0.311483898943323	0.266806020330891	0.0594810383240863
-0.12835455908218	-0.23464666006451	-0.331579735042344	-0.378464240086477	-0.310920800515123	0.265950578693905	0.0591534942161961
-0.127793938620816	-0.23361963830371	-0.331040850358978	-0.376654991400734	-0.310346248953863	0.265088779350964	0.058826174424191
-0.127231288238348	-0.232589893160046	-0.330488753988501	-0.374842044913449	-0.309760262714217	0.264220659349231	0.0584990912594405
-0.126666640806292	-0.23155747863063	-0.329923464015121	-0.373025501734757	-0.309162861261004	0.263346256027524	0.0581722568769753
-0.126100029217807	-0.230522448501688	-0.329344999732767	-0.371205462571959	-0.30855406507072	0.26246560701777	0.0578456832761308
-0.12553148638458	-0.229484856346794	-0.328753381646968	-0.369382027723602	-0.307933895633518	0.261578750245658	0.057519382301505
-0.124961045233758	-0.228444755525133	-0.328148631476644	-0.36755529707373	-0.307302375455063	0.260685723931373	0.0571933656439202
-0.124388738705017	-0.227402199179554	-0.327530772155859	-0.365725370086231	-0.306659528058098	0.259786566590573	0.0568676448413081
-0.123814599747758	-0.226357240234462	-0.326899827835526	-0.363892345799345	-0.306005377983745	0.2588813170356	0.0565422312795207
-0.123238661317752	-0.225309931394915	-0.326255823884664	-0.362056322820194	-0.30533995079343	0.257970014375707	0.0562171361935567
-0.122660956374418	-0.224260325144537	-0.325598786891903	-0.360217399319521	-0.304663273069882	0.257052698018401	0.0558923706683588
-0.122081517877695	-0.223208473744348	-0.324928744666646	-0.358375673026501	-0.303975372418578	0.256129407670077	0.0555679456399196
-0.121500378785212	-0.222154429231093	-0.324245726240256	-0.356531241223705	-0.303276277468701	0.255200183337146	0.0552438718962095
-0.120917572049177	-0.221098243416248	-0.323549761866976	-0.354684200742152	-0.302566017874377	0.254265065326674	0.0549201600783152
-0.120333130613508	-0.220039967884628	-0.322840883024848	-0.352834647956512	-0.301844624315507	0.253324094247432	0.0545968206814359
-0.119747087410751	-0.218979653993557	-0.322119122416401	-0.350982678780409	-0.301112128498791	0.252377311010541	0.0542738640560579
-0.119159475359408	-0.217917352871298	-0.321384513969437	-0.349128388661904	-0.300368563158137	0.251424756830841	0.0539513004088643
-0.118570327360636	-0.216853115416882	-0.32063709283733	-0.347271872579017	-0.299613962055797	0.250466473227114	0.0536291398041085
-0.117979676295688	-0.21578699229854	-0.319876895399633	-0.345413225035473	-0.298848359982458	0.249502502023612	0.0533073921644959
-0.117387555022572	-0.21471903395387	-0.319103959262089	-0.343552540056483	-0.298071792758285	0.248532885350137	0.0529860672726465
-0.116793996373801	-0.213649290587869	-0.318318323257178	-0.341689911184798	-0.297284297232461	0.247557665644081	0.0526651747718168
-0.116199033152857	-0.212577812173737	-0.317520027443745	-0.339825431476702	-0.296485911284301	0.246576885650102	0.0523447241675453
-0.115602698131788	-0.211504648451486	-0.316709113107201	-0.337959193498323	-0.295676673822863	0.245590588421813	0.0520247248285439
-0.115005024048139	-0.210429848928044	-0.315885622759172	-0.336091289321958	-0.294856624787314	0.24459881732223	0.051705185988078
-0.114406043602299	-0.209353462876641	-0.315049600137291	-0.334221810522601	-0.294025805146713	0.24360161602493	0.0513861167450901
-0.113805789454625	-0.208275539336783	-0.314201090204703	-0.332350848174581	-0.293184256899997	0.242599028514776	0.0510675260655061
-0.113204294222709	-0.207196127114084	-0.313340139149541	-0.330478492848342	-0.292332023075735	0.241591099088835	0.0507494227834783
-0.112601590478431	-0.206115274780655	-0.312466794384132	-0.328604834607334	-0.291469147732072	0.240577872356877	0.0504318156028008
-0.111997710745872	-0.205033030673902	-0.311581104544602	-0.326729963005181	-0.29059567595553	0.239559393243385	0.0501147130977748
-0.111392687497721	-0.203949442898533	-0.31068311948942	-0.32485396708274	-0.289711653861665	0.238535706986758	0.0497981237151346
-0.11078655315339	-0.202864559325225	-0.309772890298868	-0.322976935365576	-0.288817128593482	0.237506859141594	0.0494820557748356
-0.110179340075943	-0.201778427591872	-0.308850469273638	-0.321098955861393	-0.28791214832132	0.236472895578723	0.0491665174716956
-0.109571080569752	-0.200691095103485	-0.307915909933746	-0.319220116057704	-0.286996762241736	0.235433862486538	0.0488515168765628
-0.108961806877771	-0.199602609033061	-0.306969267017086	-0.31734050291961	-0.286071020576864	0.234389806371534	0.0485370619377946
-0.108351551179076	-0.198513016322021	-0.306010596478006	-0.315460202887736	-0.285134974573326	0.233340774059296	0.0482231604825749
-0.107740345586345	-0.197422363680967	-0.305039955485711	-0.313579301876319	-0.284188676501232	0.232286812695282	0.0479098202183195
-0.107128222143476	-0.196330697590304	-0.304057402422628	-0.311697885271456	-0.283232179652923	0.231227969745814	0.0475970487340222
-0.106515212823032	-0.195238064301382	-0.303062996882522	-0.309816037929472	-0.282265538341903	0.230164292998659	0.0472848535017531
-0.105901349524013	-0.194144509837148	-0.302056799668683	-0.307933844175485	-0.281288807901317	0.229095830564141	0.0469732418779805
-0.105286664069373	-0.19305007999346	-0.301038872791818	-0.306051387802071	-0.280302044682707	0.228022630875707	0.046662221105091
-0.104671188203924	-0.19195482033981	-0.300009279468056	-0.30416875206815	-0.279305306054243	0.22694474269113	0.0463517983127016
-0.104054953591801	-0.190858776221113	-0.298968084116537	-0.302286019697941	-0.278298650399488	0.225862215092804	0.0460419805193004
-0.103437991814467	-0.189761992758548	-0.29791535235721	-0.300403272880155	-0.277282137115423	0.224775097488964	0.0457327746335623
-0.10282033436856	-0.188664514850919	-0.296851151008396	-0.29852059326731	-0.276255826610661	0.223683439614523	0.0454241874558156
-0.102202012663544	-0.187566387176607	-0.295775548084095	-0.296638061975173	-0.275219780303891	0.222587291531445	0.0451162256796839
-0.101583058019887	-0.186467654194573	-0.294688612791481	-0.294755759582416	-0.274174060621583	0.221486703630019	0.0448088958934024
-0.100963501666926	-0.185368360146252	-0.293590415528084	-0.292873766130403	-0.273118730996125	0.220381726629446	0.0445022045814059
-0.100343374740907	-0.184268549057229	-0.29248102787893	-0.290992161123132	-0.272053855863675	0.219272411578647	0.0441961581258274
-0.0997227082830515	-0.183168264739059	-0.291360522613575	-0.289111023527344	-0.270979500661976	0.218158809857043	0.0438907628080284
-0.0991015332377532	-0.182067550791011	-0.29022897368308	-0.2872304317728	-0.269895731827987	0.217040973175449	0.0435860248100823
-0.098479880450634	-0.180966450602305	-0.289086456216774	-0.285350463752704	-0.268802616795687	0.215918953576612	0.0432819502164054
-0.097857780666873	-0.179865007353945	-0.287933046519044	-0.283471196824294	-0.267700223993497	0.214792803436161	0.0429785450152339
-0.097235264529505	-0.178763264020841	-0.286768822065977	-0.281592707809616	-0.266588622841749	0.213662575463374	0.0426758151001824
-0.0966123625776583	-0.177661263374243	-0.285593861501839	-0.279715072996413	-0.265467883750226	0.21252832270173	0.042373766271878
-0.0959891052452355	-0.176559047983446	-0.284408244635692	-0.277838368139268	-0.264338078115114	0.211390098530183	0.0420724042393499
-0.0953655228590285	-0.175456660218876	-0.283212052437518	-0.275962668460778	-0.263199278316686	0.210247956663243	0.0417717346218414
-0.0947416456374329	-0.174354142254141	-0.282005367034607	-0.274088048653013	-0.26205155771622	0.20910195115208	0.0414717629502695
-0.0941175036890096	-0.173251536068587	-0.280788271707702	-0.272214582879083	-0.260894990653107	0.207952136385215	0.041172494668834
-0.0934931270111155	-0.172148883449913	-0.279560850887058	-0.270342344774881	-0.259729652441869	0.206798567089219	0.0408739351366237
-0.0928685454886255	-0.17104622599682	-0.278323190148437	-0.268471407450999	-0.258555619369078	0.205641298329465	0.0405760896292209
-0.0922437888927733	-0.169943605121586	-0.277075376209041	-0.266601843494809	-0.257372968690107	0.204480385510976	0.04027896334026
-0.091618886879788	-0.168841062053319	-0.27581749692319	-0.26473372497268	-0.256181778626193	0.203315884378761	0.0399825613831868
-0.0909938689900427	-0.167738637840307	-0.274549641278194	-0.262867123432429	-0.254982128360799	0.202147851018989	0.0396868887927134
-0.0903687646467323	-0.166636373353589	-0.273271899389795	-0.261002109905842	-0.253774098036645	0.200976341859138	0.0393919505266451
-0.0897436031551855	-0.165534309289399	-0.271984362497892	-0.259138754911478	-0.2525577687519	0.199801413669227	0.0390977514673288
-0.0891184137017837	-0.164432486172641	-0.270687122961875	-0.257277128457539	-0.251333222556919	0.19862312356215	0.0388042964234168
-0.0884932253532592	-0.163330944359795	-0.269380274256098	-0.255417300044982	-0.250100542450508	0.197441528994614	0.0385115901314291
-0.0878680670558642	-0.162229724042288	-0.268063910965108	-0.253559338670744	-0.248859812376354	0.196256687767675	0.0382196372574485
-0.0872429676345577	-0.161128865250077	-0.266738128778801	-0.25170331283115	-0.247611117219505	0.195068658027182	0.0379284423988629
-0.0866179557925388	-0.160028407854677	-0.265403024487632	-0.249849290525509	-0.246354542802367	0.193877498264736	0.0376380100859207
-0.085993060110813	-0.158928391572348	-0.264058695977764	-0.247997339259896	-0.245090175880721	0.192683267318582	0.0373483447833183
-0.085368309047247	-0.157828855968612	-0.262705242225728	-0.246147526050984	-0.243818104140432	0.191486024373352	0.0370594508921843
-0.0847437309368017	-0.156729840460435	-0.261342763293744	-0.244299917430245	-0.242538416192639	0.190285828961961	0.0367713327513243
-0.0841193539905798	-0.1556313843212	-0.259971360324143	-0.242454579448091	-0.241251201570537	0.189082740965039	0.0364839946393165
-0.0834952062959836	-0.1545335266835	-0.258591135534391	-0.240611577678379	-0.239956550724745	0.187876820612388	0.0361974407759126
-0.0828713158162883	-0.15343630654341	-0.257202192211599	-0.23877097722294	-0.23865455501945	0.186668128483136	0.0359116753238838
-0.0822477103907169	-0.152339762763908	-0.25580463470727	-0.236932842716385	-0.237345306727975	0.185456725506731	0.0356267023905891
-0.0816244177341931	-0.151243934079207	-0.254398568431679	-0.235097238330977	-0.236028899028768	0.184242672963149	0.035342526029808
-0.0810014654375593	-0.150148859098304	-0.252984099848465	-0.233264227781758	-0.234705426000843	0.183026032483851	0.035059150243317
-0.0803788809674885	-0.149054576309413	-0.251561336468895	-0.231433874331761	-0.233374982619664	0.181806866052003	0.0347765789827228
-0.0797566916670176	-0.147961124083278	-0.250130386846419	-0.229606240797496	-0.232037664752249	0.180585236003742	0.03449481615094
-0.0791349247553152	-0.146868540678364	-0.248691360570605	-0.227781389554439	-0.230693569153333	0.179361205027796	0.0342138656042272
-0.0785136073284567	-0.145776864244091	-0.24724436826163	-0.225959382542862	-0.229342793460257	0.178134836166918	0.033933731153609
-0.0778927663596279	-0.144686132825519	-0.245789521564267	-0.224140281273708	-0.227985436188645	0.176906192818049	0.0336544165667319
-0.0772724286996284	-0.143596384367619	-0.244326933141965	-0.222324146834661	-0.226621596727748	0.175675338732898	0.0333759255695735
-0.0766526210774621	-0.142507656719569	-0.242856716670878	-0.220511039896398	-0.225251375335727	0.17444233801855	0.033098261848153
-0.0760333701010396	-0.141419987639011	-0.241378986833841	-0.218701020718985	-0.223874873134815	0.173207255138126	0.0328214290502083
-0.0754147022578846	-0.140333414796558	-0.239893859314262	-0.216894149158452	-0.222492192106573	0.171970154911302	0.0325454307869441
-0.074796643915718	-0.139247975780753	-0.238401450789799	-0.215090484673458	-0.221103435087323	0.170731102514408	0.0322702706348979
-0.0741792213238419	-0.138163708101511	-0.236901878926479	-0.213290086332275	-0.219708705762592	0.169490163481972	0.0319959521373344
-0.0735624606135531	-0.137080649195915	-0.235395262372054	-0.211493012819726	-0.218308108662913	0.168247403706165	0.0317224788063432
-0.0729463877994687	-0.135998836432216	-0.233881720749866	-0.209699322444439	-0.216901749158454	0.1670028894379	0.0314498541243764
-0.0723310287805488	-0.134918307114732	-0.232361374652398	-0.207909073146183	-0.215489733454128	0.165756687287166	0.0311780815460488
-0.0717164093415393	-0.133839098488008	-0.230834345635001	-0.206122322503423	-0.214072168584179	0.164508864224047	0.0309071644997002
-0.0711025551537819	-0.132761247742643	-0.229300756209111	-0.204339127740915	-0.212649162407719	0.163259487578301	0.030637106389451
-0.0704894917769844	-0.131684792019149	-0.227760729835984	-0.202559545737595	-0.211220823602992	0.162008625040713	0.0303679105966535
-0.0698772446604201	-0.130609768413345	-0.226214390919973	-0.200783633034517	-0.209787261662515	0.160756344663132	0.0300995804817884
-0.069265839144421	-0.129536213981269	-0.224661864801878	-0.199011445842978	-0.208348586887854	0.159502714858939	0.0298321193862139
-0.068655300462243	-0.128464165743498	-0.223103277752468	-0.197243040052847	-0.206904910383985	0.158247804404106	0.0295655306337165
-0.0680456537413533	-0.127393660690966	-0.221538756965513	-0.195478471240926	-0.205456344054498	0.156991682436931	0.0292998175325077
-0.0674369240053558	-0.126324735789569	-0.219968430551144	-0.193717794679562	-0.204003000596009	0.155734418458888	0.0290349833768436
-0.066829136175834	-0.12525742798516	-0.218392427529073	-0.19196106534538	-0.202544993492752	0.154476082335163	0.0287710314487495
-0.0662223150742493	-0.124191774208614	-0.216810877821751	-0.190208337928139	-0.20108243701115	0.153216744295137	0.0285079650197583
-0.0656164854236665	-0.123127811381535	-0.215223912247324	-0.18845966683973	-0.199615446194733	0.151956474932359	0.0282457873528288
-0.0650116718512577	-0.122065576420347	-0.213631662513017	-0.186715106223383	-0.198144136858011	0.150695345205942	0.0279845017037702
-0.064407898889852	-0.121005106242811	-0.212034261207797	-0.184974709962896	-0.196668625581771	0.149433426439858	0.0277241113233867
-0.0638051909806942	-0.11994643777196	-0.210431841795759	-0.183238531692154	-0.195189029706768	0.148170790324542	0.0274646194588341
-0.0632035724752955	-0.118889607942318	-0.208824538608808	-0.181506624804641	-0.193705467328733	0.146907508916485	0.0272060293556565
-0.0626030676379966	-0.117834653704687	-0.20721248683975	-0.179779042463188	-0.192218057292482	0.145643654639124	0.0269483442593818
-0.0620037006482031	-0.1167816120319	-0.205595822535081	-0.178055837609804	-0.190726919186562	0.144379300282913	0.026691567417398
-0.0614054956032037	-0.115730519923398	-0.203974682588068	-0.1763370629757	-0.189232173337138	0.143114519006429	0.0264357020804724
-0.0608084765203412	-0.114681414411523	-0.20234920473134	-0.17462277109135	-0.187733940802875	0.141849384335999	0.0261807515047706
-0.0602126673398505	-0.113634332566449	-0.200719527529837	-0.172913014296763	-0.186232343368963	0.140583970166548	0.0259267189534628
-0.0596180919275591	-0.112589311501635	-0.199085790373597	-0.171207844751863	-0.184727503541412	0.139318350762008	0.0256736076984788
-0.0590247740776456	-0.111546388379301	-0.197448133470496	-0.16950731444698	-0.183219544541324	0.138052600755703	0.0254214210222622
-0.0584327375154558	-0.110505600415995	-0.195806697838979	-0.167811475213474	-0.181708590299191	0.136786795150707	0.0251701622195412
-0.0578420059005064	-0.109466984887886	-0.194161625300817	-0.166120378734496	-0.18019476544898	0.135521009320432	0.024919834599015
-0.0572526028293098	-0.108430579136642	-0.192513058473696	-0.164434076555823	-0.178678195322555	0.134255319008718	0.0246704414852034
-0.0566645518385632	-0.107396420574677	-0.190861140763978	-0.162752620096881	-0.177159005943672	0.132989800330517	0.0244219862201043
-0.0560778764081954	-0.106364546690854	-0.18920601635929	-0.161076060661818	-0.175637324022226	0.131724529772151	0.0241744721649794
-0.0554925999645435	-0.105334995056107	-0.18754783022116	-0.159404449450733	-0.174113276948421	0.130459584191699	0.023927902702108
-0.0549087458836934	-0.104307803328809	-0.185886728077674	-0.157737837571014	-0.172586992786764	0.129195040819582	0.0236822812364624
-0.0543263374946425	-0.103283009260746	-0.184222856415975	-0.15607627604875	-0.171058600270386	0.127930977258646	0.0234376111975531
-0.0537453980828414	-0.102260650702362	-0.182556362474945	-0.154419815840306	-0.169528228794915	0.126667471484898	0.0231938960410573
-0.0531659508933633	-0.101240765609037	-0.180887394237585	-0.152768507843932	-0.16799600841294	0.125404601847332	0.022951139250738
-0.0525880191349003	-0.100223392045576	-0.179216100423901	-0.151122402911596	-0.166462069827383	0.124142447069357	0.0227093443398448
-0.0520116259826735	-0.0992085681934054	-0.177542630482989	-0.149481551860725	-0.164926544386472	0.122881086247816	0.0224685148532897
-0.0514367945824452	-0.0981963323553396	-0.175867134585835	-0.147846005486232	-0.163389564077247	0.121620598854198	0.022228654369116
-0.0508635480542573	-0.0971867229611273	-0.17418976361786	-0.14621581457257	-0.161851261519509	0.12036106473514	0.0219897665001875
-0.0502919094958981	-0.0961797785737799	-0.172510669171248	-0.144591029905821	-0.160311769960231	0.119102564112246	0.0217518548960988
-0.0497219019867579	-0.0951755378951376	-0.170830003537488	-0.142971702285949	-0.158771223267494	0.117845177582604	0.0215149232448638
-0.0491535485919014	-0.0941740397710396	-0.169147919700007	-0.141357882539145	-0.157229755924172	0.116588986119633	0.0212789752744797
-0.048586872365591	-0.0931753231979448	-0.167464571326409	-0.139749621530174	-0.155687503022485	0.115334071072669	0.0210440147549142
-0.0480218963555298	-0.092179427327963	-0.165780112761148	-0.138146970174907	-0.154144600257582	0.114080514167953	0.0208100454996208
-0.0474586436066837	-0.0911863914750245	-0.164094699017885	-0.136549979452855	-0.152601183921808	0.112828397508619	0.020577071367386
-0.0468971371654078	-0.090196255120426	-0.162408485772006	-0.134958700419821	-0.151057390898581	0.111577803575223	0.0203450962639895
-0.0463374000834461	-0.0892090579188209	-0.160721629353034	-0.133373184220603	-0.149513358656539	0.110328815225894	0.020114124143989
-0.0457794554223661	-0.0882248397032777	-0.159034286737295	-0.131793482101823	-0.147969225243129	0.109081515697312	0.0198841590122366
-0.0452233262571089	-0.0872436404925405	-0.15734661553995	-0.130219645424673	-0.146425129279506	0.107835988603707	0.0196552049260214
-0.044669035681074	-0.0862655004947658	-0.155658774008063	-0.128651725677981	-0.144881209953328	0.106592317939021	0.0194272659961987
-0.044116606809542	-0.0852904601152937	-0.153970921012477	-0.127089774491037	-0.143337607013964	0.105350588075449	0.019200346389476
-0.0435660627846766	-0.0843185599607728	-0.152283216040786	-0.125533843646756	-0.141794460765534	0.104110883765242	0.0189744503296464
-0.0430174267793864	-0.0833498408460819	-0.150595819189468	-0.12398398509468	-0.140251912061614	0.102873290140007	0.0187495820996259
-0.0424707220019455	-0.0823843437995369	-0.148908891156548	-0.122440250964168	-0.138710102298933	0.101637892711533	0.0185257460429942
-0.0419259717004948	-0.0814221100684566	-0.147222593234141	-0.120902693577598	-0.137169173411285	0.100404777372279	0.0183029465656366
-0.0413831991672032	-0.0804631811256321	-0.145537087300759	-0.119371365463555	-0.135629267864	0.0991740303950724	0.0180811881376423
-0.0408424277430959	-0.0795075986742708	-0.143852535814064	-0.117846319370177	-0.134090528647513	0.0979457384341438	0.0178604752947649
-0.0403036808223016	-0.0785554046543856	-0.142169101803206	-0.116327608278417	-0.1325530992718	0.0967199885248603	0.0176408126402948
-0.0397669818567865	-0.0776066412481025	-0.140486948861485	-0.114815285415436	-0.131017123760194	0.0954968680844248	0.017422204846619
-0.0392323543609396	-0.0766613508853831	-0.138806241138922	-0.113309404267993	-0.129482746643467	0.0942764649122002	0.0172046566568992
-0.0386998219160714	-0.0757195762499856	-0.137127143334749	-0.111810018595837	-0.127950112954062	0.0930588671897851	0.016988172886816
-0.0381694081750404	-0.0747813602852025	-0.135449820689994	-0.110317182445153	-0.126419368220221	0.0918441634813045	0.0167727584262492
-0.0376411368671745	-0.0738467461989078	-0.133774438980273	-0.108830950162065	-0.124890658459717	0.0906324427342849	0.0165584182407577
-0.0371150318025986	-0.0729157774700873	-0.132101164508177	-0.107351376406063	-0.123364130174501	0.0894237942792021	0.016345157373482
-0.0365911168771319	-0.0719884978540205	-0.130430164096053	-0.105878516163525	-0.121839930344561	0.0882183078302082	0.0161329809466629
-0.0360694160770251	-0.0710649513878819	-0.128761605078682	-0.104412424761224	-0.12031820642206	0.0870160734854703	0.0159218941632763
-0.0355499534836074	-0.0701451823966001	-0.127095655295932	-0.102953157879839	-0.118799106325669	0.0858171817272812	0.015711902308742
-0.0350327532782023	-0.0692292354980557	-0.12543248308557	-0.101500771567481	-0.117282778434516	0.0846217234227085	0.0155030107524438
-0.0345178397466102	-0.0683171556093586	-0.123772257275826	-0.100055322253169	-0.115769371582823	0.0834297898232864	0.015295224949553
-0.0340052372841973	-0.0674089879516702	-0.122115147178378	-0.0986168667603891	-0.114259035053711	0.0822414725659791	0.0150885504424424
-0.0334949704004354	-0.0665047780563476	-0.120461322580991	-0.0971854623205556	-0.11275191857382	0.0810568636729459	0.0148829928624709
-0.0329870637239065	-0.0656045717699524	-0.118810953740484	-0.0957611665865273	-0.111248172307292	0.0798760555522818	0.0146785579314479
-0.0324815420070203	-0.0647084152599743	-0.117164211375558	-0.0943440376460748	-0.109747946850234	0.0786991409981315	0.014475251463299
-0.0319784301307007	-0.0638163550205815	-0.115521266659598	-0.0929341340353003	-0.108251393225214	0.0775262131907158	0.0142730793657381
-0.0314777531093776	-0.0629284378776216	-0.113882291213737	-0.0915315147520933	-0.106758662875367	0.0763573656970195	0.0140720476417291
-0.0309795360957928	-0.0620447109940733	-0.112247457099842	-0.0901362392695363	-0.105269907658825	0.0751926924710699	0.0138721623910732
-0.030483804385519	-0.0611652218761164	-0.110616936813303	-0.0887483675492038	-0.103785279843538	0.0740322878535936	0.0136734298121691
-0.0299905834222959	-0.0602900183772258	-0.108990903276474	-0.087367960054589	-0.102304932100989	0.0728762465734525	0.0134758562032197
-0.0294998988022558	-0.0594191487048802	-0.107369529831347	-0.0859950777642784	-0.100829017501507	0.0717246637466786	0.0132794479641711
-0.0290117762790821	-0.0585526614249825	-0.105752990232957	-0.0846297821852562	-0.0993576895082722	0.0705776348775487	0.0130842115980095
-0.0285262417688202	-0.0576906054670409	-0.104141458642564	-0.0832721353660835	-0.0978911019718211	0.0694352558589192	0.0128901537122718
-0.0280433213542821	-0.0568330301303316	-0.102535109620649	-0.0819221999099856	-0.096429409125223	0.0682976229717017	0.0126972810208297
-0.0275630412902324	-0.0559799850880084	-0.100934118120455	-0.0805800389879699	-0.0949727655780504	0.0671648328860639	0.0125056003451009
-0.0270854280078401	-0.0551315203930115	-0.0993386594811337	-0.0792457163518026	-0.0935213263115222	0.0660369826610634	0.0123151186157601
-0.0266105081196332	-0.0542876864826017	-0.0977489094212571	-0.0779192963469682	-0.0920752466728618	0.0649141697454088	0.0121258428740697
-0.0261383084239447	-0.0534485341840985	-0.0961650440320811	-0.0766008439255006	-0.0906346823704627	0.0637964919771567	0.0119377802735432
-0.0256688559098169	-0.0526141147193655	-0.0945872397711631	-0.0752904246587915	-0.0891997894683538	0.0626840475844443	0.0117509380812591
-0.0252021777616812	-0.051784479709789	-0.0930156734559324	-0.0739881047503129	-0.087770724381055	0.0615769351857879	0.0115653236793144
-0.0247383013636551	-0.0509596811820354	-0.0914505222570295	-0.072693951048155	-0.0863476438689407	0.0604752537895916	0.011380944566492
-0.0242772543046553	-0.05013977157175	-0.0898919636923358	-0.0714080310576508	-0.0849307050324824	0.0593791027954991	0.011197808359356
-0.0238190643826585	-0.0493248037291746	-0.0883401756204509	-0.0701304129537299	-0.083520065307682	0.0582885819939411	0.0110159227938803
-0.0233637596092417	-0.0485148309240037	-0.0867953362344901	-0.0688611655932554	-0.0821158824611624	0.0572037915663636	0.0108352957268639
-0.0229113682142811	-0.0477099068496813	-0.0852576240560526	-0.0676003585272636	-0.0807183145849863	0.0561248320858674	0.0106559351371934
-0.0224619186503014	-0.0469100856284231	-0.0837272179290486	-0.06634806201304	-0.0793275200919951	0.0550518045171624	0.0104778491273021
-0.0220154395969127	-0.0461154218159003	-0.082204297013693	-0.0651043470261155	-0.0779436577110464	0.0539848102167889	0.0103010459245378
-0.0215719599652525	-0.0453259704057269	-0.0806890407805886	-0.0638692852721296	-0.0765668864822115	0.0529239509334367	0.0101255338824737
-0.0211315089024822	-0.0445417868336817	-0.0791816290049662	-0.0626429491985979	-0.0751973657519194	0.0518693288084684	0.00995132148214576
-0.0206941157958153	-0.0437629269828963	-0.0776822417606922	-0.061425412006466	-0.0738352551687654	0.0508210463755114	0.00977841733355736
-0.0202598102770154	-0.0429894471877097	-0.0761910594147159	-0.0602167476616086	-0.0724807146786201	0.0497792065611756	0.00960683017681199
-0.0198286222265836	-0.0422214042381386	-0.0747082626214349	-0.0590170309061635	-0.0711339045202251	0.0487439126851933	0.00943656888341668
-0.0194005817778362	-0.0414588553843836	-0.073234032317068	-0.0578263372696766	-0.0697949852208894	0.0477152684604203	0.00926764245759477
-0.0189757193212169	-0.0407018583406132	-0.0717685497143553	-0.0566447430801743	-0.0684641175918893	0.0466933779934699	0.0091000600373952
-0.018554065508105	-0.0399504712897372	-0.0703119962969891	-0.0554723254749692	-0.0671414627245418	0.0456783457843463	0.00893383089607783
-0.0181356512549946	-0.0392047528871086	-0.0688645538144783	-0.0543091624114059	-0.0658271819857798	0.0446702767270219	0.00876896444319732
-0.0177205077475264	-0.0384647622643247	-0.0674264042770057	-0.0531553326773941	-0.0645214370138793	0.0436692761098079	0.00860547022571499
-0.0173086664441507	-0.0377305590337555	-0.065997729950196	-0.0520109159017379	-0.0632243897147591	0.0426754496150481	0.00844335792930944
-0.0169001590801624	-0.0370022032918861	-0.0645787133502593	-0.0508759925643357	-0.0619362022576772	0.0416889033197616	0.00828263737935856
-0.0164950176712763	-0.0362797556235934	-0.0631695372389861	-0.0497506440061504	-0.0606570370716307	0.0407097436954142	0.00812331854217515
-0.0160932745175849	-0.0355632771052043	-0.0617703846191417	-0.0486349524390474	-0.0593870568411443	0.0397380776086741	0.00796541152590673
-0.0156949622068078	-0.0348528293090664	-0.0603814387295272	-0.0475290009553341	-0.0581264245030977	0.0387740123207549	0.00780892658184918
-0.0153001136182916	-0.0341484743059936	-0.059002883040721	-0.0464328735372306	-0.0568753032424214	0.0378176554885627	0.00765387410517183
-0.0149087619260832	-0.0334502746697544	-0.0576349012503453	-0.0453466550659999	-0.0556338564891555	0.0368691151639627	0.00750026463620328
-0.0145209406026674	-0.0327582934796053	-0.0562776772789441	-0.0442704313309637	-0.0544022479144713	0.0359284997946653	0.00734810886117549
-0.014136683422081	-0.0320725943241377	-0.0549313952656282	-0.0432042890382407	-0.0531806414276461	0.0349959182239085	0.00719741761332691
-0.0137560244631218	-0.0313932413045443	-0.0535962395639283	-0.0421483158192529	-0.0519692011728158	0.0340714796905166	0.0070482018738431
-0.0133789981127696	-0.0307202990371008	-0.0522723947380055	-0.0411026002390735	-0.0507680915254338	0.0331552938296046	0.00690047277257638
-0.0130056390690959	-0.0300538326565902	-0.0509600455586726	-0.0400672318044528	-0.0495774770894386	0.032247470672332	0.00675424158902322
-0.0126359823442041	-0.0293939078193494	-0.0496593769996362	-0.039042300971626	-0.0483975226943636	0.0313481206459093	0.00660951975319311
-0.0122700632672282	-0.0287405907058415	-0.0483705742339689	-0.0380278991538917	-0.0472283933923251	0.0304573545739219	0.00646631884634233
-0.0119079174871995	-0.0280939480232298	-0.0470938226306921	-0.0370241187289289	-0.0460702544551835	0.0295752836765577	0.00632465060170534
-0.0115495809755093	-0.0274540470086141	-0.0458293077512732	-0.0360310530457947	-0.0449232713722678	0.0287020195701363	0.00618452690540246
-0.0111950900289784	-0.0268209554304165	-0.0445772153467651	-0.035048796431777	-0.0437876098471794	0.0278376742681884	0.00604595979683589
-0.0108444812718996	-0.0261947415919798	-0.043337731354439	-0.0340774441988186	-0.0426634357960966	0.026982360180465	0.00590896146968656
-0.01049779165873	-0.0255754743331717	-0.042111041895088	-0.0331170926497783	-0.0415509153450726	0.0261361901136012	0.00577354427235998
-0.0101550584765826	-0.0249632230321091	-0.0408973332704031	-0.0321678390843819	-0.0404502148275867	0.0252992772715491	0.00563972070845927
-0.00981631934697589	-0.0243580576083965	-0.039696791960085	-0.0312297818047974	-0.0393615007832134	0.0244717352545912	0.00550750343766718
-0.00948161222840918	-0.0237600485238759	-0.0385096046197414	-0.0303030201210372	-0.0382849399549852	0.0236536780604072	0.00537690527593981
-0.00915097541810463	-0.0231692667850883	-0.0373359580784551	-0.0293876543559526	-0.0372206992879909	0.0228452200835258	0.00524793919616437
-0.00882444755399444	-0.0225857839447047	-0.0361760393367561	-0.0284837858499597	-0.0361689459275581	0.0220464761155539	0.00512061832852626
-0.00850206761657707	-0.0220096721028862	-0.0350300355647595	-0.0275915169654522	-0.0351298472176115	0.0212575613453552	0.00499495596085181
-0.008183874930373	-0.0214410039092202	-0.0338981341002731	-0.0267109510908357	-0.0341035706995877	0.0204785913585853	0.00487096553909891
-0.00786990916565427	-0.0208798525635477	-0.0327805224473585	-0.0258421926442962	-0.0330902841109118	0.0197096821380825	0.00474866066753999
-0.00756021033999469	-0.0203262918168044	-0.0316773882750317	-0.024985347077218	-0.0320901553837076	0.018950950064115	0.00462805510893804
-0.00725481881926294	-0.0197803959728089	-0.0305889194158376	-0.0241405208771802	-0.0311033526442994	0.0182025119136448	0.00450916278497463
-0.00695377531908612	-0.0192422398884203	-0.0295153038650364	-0.0233078215707005	-0.0301300442119804	0.0174644848609053	0.00439199777622497
-0.00665712090573239	-0.01871189897469	-0.0284567297796583	-0.0224873577255406	-0.0291703985986108	0.0167369864769498	0.00427657432239273
-0.00636489699725293	-0.0181894491969092	-0.0274133854780392	-0.0216792389527183	-0.0282245845078115	0.0160201347300508	0.00416290682223697
-0.00607714536401071	-0.0176749670756846	-0.0263854594391964	-0.0208835759080477	-0.0272927708350044	0.0153140479850098	0.00405100983376905
-0.00579390812968124	-0.017168529686377	-0.025373140302858	-0.0201004802934174	-0.0263751266667499	0.0146188450037999	0.00394089807399217
-0.00551522777155503	-0.0166702146597726	-0.0243766168692889	-0.0193300648575729	-0.0254718212810678	0.0139346449449381	0.00383258641896771
-0.00524114712098938	-0.0161801001818874	-0.023396078099538	-0.0185724433965595	-0.0245830241475108	0.0132615673634803	0.00372608990363529
-0.00497170936375447	-0.0156982649935199	-0.0224317131159257	-0.0178277307537639	-0.0237089049273593	0.012599732211075	0.00362142372155049
-0.00470695804020119	-0.0152247883897334	-0.0214837112027295	-0.0170960428195431	-0.0228496334740512	0.0119492598359188	0.00351860322459446
-0.00444693704494095	-0.0147597502200326	-0.0205522618068529	-0.0163774965303802	-0.0220053798343074	0.0113102709819294	0.00341764392285991
-0.00419169062718207	-0.0143032308863424	-0.0196375545392827	-0.0156722098677408	-0.0211763142482281	0.0106828867896861	0.00331856148392525
-0.00394126338998746	-0.0138553113431654	-0.0187397791761399	-0.0149803018563558	-0.0203626071509918	0.0100672287952824	0.00322137173271095
-0.00369570028990311	-0.013416073096233	-0.0178591256603231	-0.0143018925621411	-0.0195644291739427	0.00946341893031974	0.00312609065091188
-0.003455046636793	-0.0129855982000934	-0.0169957841036651	-0.0136371030897413	-0.0187819511453615	0.00887157952268226	0.00303273437612479
-0.00321934809223073	-0.0125639692587262	-0.0161499447884148	-0.0129860555793951	-0.0180153440933372	0.00829183329442293	0.00294131920178989
-0.00298865066943604	-0.0121512694217142	-0.0153217981701837	-0.01234887320363	-0.0172647792463158	0.00772430336341941	0.00285186157590422
-0.00276300073173273	-0.0117475823835178	-0.0145115348802136	-0.0117256801632628	-0.0165304280358136	0.00716911324207246	0.002764378100567
-0.00254244499142492	-0.0113529923811183	-0.0137193457283257	-0.0111166016830297	-0.0158124620984927	0.00662638683727367	0.00267888553106565
-0.00232703050832312	-0.0109675841918993	-0.0129454217059893	-0.0105217640066843	-0.0151110532786987	0.00609624844993683	0.00259540077501018
-0.00211680468841575	-0.0105914431305794	-0.0121899539899067	-0.00994129439167715	-0.0144263736307913	0.00557882277520213	0.00251394089119291
-0.00191181528181547	-0.0102246550473019	-0.0114531339454598	-0.00937532110322259	-0.0137585954224908	0.00507423490137585	0.00243452308874717
-0.00171211038124905	-0.00986730632375515	-0.0107351531309657	-0.00882397340799646	-0.01310789113742	0.00458261031043757	0.00235716472575197
-0.00151773841960697	-0.00951948387096708	-0.0100362033016556	-0.00828738156716929	-0.0124744334789841	0.00410407487681663	0.00228188330827581
-0.00132874816790448	-0.00918127512544249	-0.009356476414379	-0.00776567682903161	-0.0118583953736411	0.00363875486744696	0.00220869648894975
-0.00114518873298473	-0.00885276804527451	-0.00869616463254794	-0.00725899142107176	-0.0112599499745259	0.00318677694162219	0.00213762206551568
-0.000967109554635847	-0.00853405110702246	-0.00805546033107597	-0.00676745854142915	-0.010679270665892	0.00274826814991523	0.00206867797956426
-0.00079456040295864	-0.00822521330132357	-0.00743455610196691	-0.00629121234990224	-0.0101165310672084	0.00232335593404089	0.00200188231490851
-0.000627591375605837	-0.00792634412808992	-0.00683364476022696	-0.0058303879583837	-0.00957190503737689	0.00191216812681316	0.00193725329582337
-0.000466252894318305	-0.0076375335927834	-0.00625291934974256	-0.00538512142065737	-0.00904556667999603	0.00151483295092494	0.00187480928555922
-0.000310595701790542	-0.00735887220114505	-0.00569257314984931	-0.00495554972170774	-0.00853769034810794	0.00113147901885666	0.00181456878441332
-0.000160670857967437	-0.00709045095462992	-0.00515279968196073	-0.004541810766386	-0.00804845064977195	0.000762235331913238	0.00175655042797171
-1.65297368554804e-05	-0.00683236134382265	-0.00463379271704555	-0.00414404336761166	-0.00757802245286149	0.000407231280815655	0.00170077298477747
0.000121775978124842	-0.00658469534475249	-0.00413574628253076	-0.00376238723375288	-0.00712658089199319	6.65966434412984e-05	0.00164725535476896
0.00025419429777657	-0.00634754541192021	-0.00365885467041485	-0.00339698295560575	-0.00669430137393521	-0.000259538414766674	0.00159601656679712
0.000380672931170083	-0.00612100447161051	-0.00320331244560524	-0.00304797199274282	-0.0062813595836351	-0.000571043340877475	0.00154707577619652
0.000501159290964878	-0.00590516591759432	-0.00276931445382299	-0.00271549665903281	-0.00588793149209061	-0.000867787196981783	0.00150045226298544
0.00061560049721731	-0.0057001236022713	-0.00235705583110493	-0.00239970010783175	-0.00551419336197047	-0.00114963865889581	0.0014561654287967
0.000723943382782189	-0.00550597183102276	-0.00196673201269965	-0.00210072631630553	-0.00516032175560658	-0.00141646601798468	0.00141423479465861
0.000826134498463805	-0.00532280535510061	-0.00159853874264062	-0.00181872006916257	-0.00482649354256153	-0.00166813718199548	0.00137467999835257
0.000922120117928634	-0.00515071936313349	-0.00125267208404493	-0.00155382694182284	-0.00451288590686359	-0.00190451967491059	0.0013375207913647
0.00101184624364712	-0.00498980947437672	-0.000929328429208122	-0.00130619328277695	-0.00421967635574717	-0.00212548063865363	0.00130277703628865
0.00109525861242374	-0.00484017173008181	-0.000628704510535598	-0.00107596619536889	-0.00394704272775862	-0.00233088683342081	0.0012704687036871
0.0011723027014987	-0.0047019025854564	-0.000350997411622519	-0.000863293518836889	-0.00369516320170474	-0.00252060463883282	0.00124061586908624
0.00124292373458698	-0.00457509890063819	-9.64045789601524e-05	-0.000668323808727532	-0.00346421630553079	-0.00269450005447972	0.00121323870967339
0.00130706668836583	-0.00445985793186415	0.000134876166146543	-0.000491206316531324	-0.00325438092578956	-0.00285243870100357	0.00118835750101909
0.00136467629923876	-0.00435627732250782	0.000342646615242909	-0.000332090968633414	-0.00306583631757464	-0.00299428582131732	0.00116599261373364
0.00141569706978737	-0.0042644550924221	0.000526708159596133	-0.000191128344619361	-0.00289876211395657	-0.00311990628065293	0.00114616450963054
0.00146007327654798	-0.00418448962968191	0.000686861777428654	-6.8469654656224e-05	-0.0027533383373623	-0.00322916456907892	0.0011288937385161
0.00149774897656367	-0.00411647967838167	0.000822908019650737	3.57332835972456e-05	-0.00262974540916871	-0.00332192480079208	0.00111420093386963
0.00152866801564479	-0.00406052432975192	0.000934646996230509	0.000121328069102476	-0.0025281641617863	-0.00339805071673017	0.00110210680939975
0.00155277403562837	-0.0040167230098539	0.0010218783612127	0.000188161742086558	-0.0024487758492767	-0.00345740568444283	0.00109263215463322
0.00157001048284478	-0.00398517546935182	0.00108440129797705	0.000236080809621436	-0.00239176215975743	-0.00349985270015257	0.00108579783103904
0.00158032061611962	-0.00396598177113885	0.00112201450354192	0.000264931271871697	-0.00235730522708892	-0.00352525438926093	0.00108162476753463
0.00158364751541908	-0.00395924227861546	0.00113451617268219	0.000274558649193047	-0.00234558764352325	-0.00353347300777372	0.00108013395613565
