0	0	0	0	0	0	0
-0.0017603855952935	-0.00630557081020787	-0.00326572806169309	-0.00614428226642836	0.00194266053998556	0.000120303578920132	-0.00568622030703474
-0.00416486410174596	-0.0185738962843575	-0.0106417456874029	-0.0184095231329064	0.00545208421046843	0.000428528138672678	-0.0167214543823561
-0.00655918354475725	-0.0307828229876017	-0.017980147574136	-0.0306157965856215	0.00894351600944738	0.00073550859332796	-0.0277024820027462
-0.00894334849839938	-0.0429324336145048	-0.0252810055564687	-0.0427631810074196	0.0124169713664329	0.00104123819609153	-0.0386293901788787
-0.0113173599373042	-0.0550228025866801	-0.0325443929860836	-0.0548517456221376	0.0158724549860836	0.00134570585613223	-0.0495022629446379
-0.0136812159257926	-0.0670539962619257	-0.039770384170211	-0.0668815506485061	0.0193099611741727	0.00164889619974965	-0.060321181525206
-0.0160349103410177	-0.0790260729425648	-0.0469590554990126	-0.0788526474616586	0.0227294737339409	0.00195078967147889	-0.0710862241498397
-0.0183784343818043	-0.0909390831658292	-0.0541104841792067	-0.0907650787410191	0.0261309664680025	0.00225136257722848	-0.0817974663673616
-0.0207117757208448	-0.102793069753512	-0.061224748992561	-0.102618878627487	0.0295144031654346	0.00255058717565891	-0.0924549809354356
-0.023034918774735	-0.114588067974492	-0.0683019300935939	-0.114414072874961	0.0328797378311685	0.00284843174612028	-0.103058837911531
-0.0253478449912335	-0.126324105707959	-0.0753421087923006	-0.126150679000484	0.0362269149178382	0.00314486065591113	-0.113609104746584
-0.0276505325930987	-0.138001203550475	-0.0823453678041059	-0.137828706436158	0.0395558694380451	0.00343983443830011	-0.124105846280074
-0.0299429569121899	-0.14961937498175	-0.0893117909918223	-0.149448156676936	0.0428665272038569	0.00373330985810522	-0.134549124841107
-0.0322250900779385	-0.16117862646438	-0.0962414636630667	-0.161009023430995	0.0461588049244478	0.00402523999042212	-0.144939000232787
-0.0344969016936505	-0.172678957642504	-0.103134472018034	-0.172511292763919	0.0494326105176771	0.00431557427835834	-0.155275529894329
-0.036758357999012	-0.184120361386258	-0.109990903898615	-0.183954943249982	0.0526878430909825	0.00460425862221968	-0.165558768789621
-0.0390094233446801	-0.195502824069449	-0.116810847550363	-0.195339946110447	0.0559243934239377	0.00489123542019487	-0.175788769712568
-0.0412500581108855	-0.206826325486213	-0.123594393440231	-0.206666265369095	0.0591421436763203	0.00517644368287052	-0.185965582950182
-0.043480221192025	-0.218090839229402	-0.130341632150562	-0.21793385798416	0.0623409680881378	0.00545981905258013	-0.196089256769613
-0.0456998682117158	-0.229296332635136	-0.137052655942098	-0.229142674000361	0.0655207327495408	0.00574129391133675	-0.206159837133666
-0.0479089523809095	-0.240442766994926	-0.143727558045656	-0.240292656687209	0.0686812959450043	0.00602079743348467	-0.216177367893508
-0.0501074247094072	-0.251530097700715	-0.150366432509454	-0.251383742679662	0.0718225083551343	0.00629825565214693	-0.226141890863792
-0.052295233466778	-0.262558274313716	-0.156969374691712	-0.262415862121851	0.0749442130945665	0.00657359154048175	-0.236053445762186
-0.0544723246647168	-0.273527240735151	-0.163536480874997	-0.273388938804274	0.0780462459704866	0.006846725071909	-0.245912070332486
-0.0566386421305305	-0.284436935335492	-0.170067848232557	-0.284302890303435	0.0811284356516859	0.00711757328887401	-0.255717800393912
-0.0587941273539321	-0.295287291059276	-0.176563574988912	-0.295157628120529	0.0841906037864811	0.00738605037587785	-0.26547066984881
-0.0609387198078279	-0.306078235577428	-0.183023760174032	-0.305953057817934	0.0872325652231832	0.00765206772281962	-0.275170710775432
-0.0630723566307102	-0.316809691374277	-0.18944850392515	-0.316689079157938	0.0902541280905415	0.00791553400142781	-0.284817953405357
-0.0651949731380747	-0.327481575917238	-0.195837907076817	-0.327365586236193	0.0932550940571971	0.00817635522433485	-0.294412426249663
-0.0673065026566763	-0.338093801757434	-0.202192071333247	-0.337982467618182	0.0962352584429893	0.00843443481829723	-0.303954156102886
-0.0694068763731365	-0.348646276631309	-0.208511099427397	-0.348539606475207	0.0991944103322646	0.0086896736970248	-0.313443168049017
-0.0714960239370961	-0.359138903636839	-0.214795094632951	-0.359036880714822	0.102132332850294	0.00894197031813519	-0.322879485602857
-0.0735738730683611	-0.369571581309518	-0.221044161131192	-0.369474163116946	0.105048803221968	0.00919122076101898	-0.332263130672073
-0.0756403498129634	-0.379944203761968	-0.227258403821264	-0.379851321464863	0.107943592970578	0.00943731879089949	-0.341594123634884
-0.0776953782857387	-0.390256660771623	-0.233437928570973	-0.390168218678676	0.110816468003854	0.00968015593385109	-0.35087248332548
-0.0797388817650492	-0.400508838004383	-0.23958284130649	-0.400424712941472	0.113667188993518	0.00991962152346355	-0.360098227262777
-0.0817707810073492	-0.410700616955567	-0.2456932494906	-0.410620657837812	0.116495511148068	0.0101556028051754	-0.369271371376704
-0.0837909961529555	-0.420831875254462	-0.251769260515544	-0.420755902474869	0.119301184767052	0.0103879849663598	-0.378391930382713
-0.0857994454222842	-0.430902486642982	-0.257810982853461	-0.430830291618261	0.122083955095259	0.0106166512327301	-0.387459917576482
-0.0877960461042136	-0.440912321184523	-0.263818525238078	-0.440843665814988	0.124843562674571	0.0108414829171381	-0.396475345041439
-0.0897807140041954	-0.450861245318209	-0.269791997169042	-0.450795861525201	0.127579743360385	0.0110623595005543	-0.405438223578646
-0.0917533635839476	-0.460749121980819	-0.275731508823067	-0.460686711248531	0.130292228486843	0.0112791586985526	-0.414348562760371
-0.0937139087903707	-0.470575810798094	-0.281637170372186	-0.470516043646374	0.132980745181397	0.0114917565134205	-0.423206371108459
-0.0956622618293289	-0.480341168067704	-0.28750909306861	-0.480283683674389	0.135645016231182	0.0117000273290099	-0.432011655900335
-0.0975983343141397	-0.490045046981351	-0.293347388288928	-0.489989452701969	0.138284760465008	0.0119038439562808	-0.440764423404256
-0.0995220368795284	-0.499687297691502	-0.299152167896798	-0.499633168639343	0.140899692800875	0.0121030777106979	-0.449464678836721
-0.101433279376398	-0.509267767435092	-0.304923544107299	-0.509214646059863	0.143489524418302	0.0122975984773567	-0.458112426424115
-0.103331970589549	-0.518786300609551	-0.310661629760595	-0.518733696325775	0.146053962826459	0.0124872747863953	-0.466707669378365
-0.105218019149473	-0.528242738968135	-0.316366537570154	-0.52819012770621	0.148592712191178	0.0126719738632882	-0.475250410087582
-0.107091332574336	-0.537636921625088	-0.322038380977479	-0.537583745503422	0.151105473253502	0.0128515617177303	-0.483740649968515
-0.108951817876412	-0.546968685219557	-0.327677273662997	-0.546914352172365	0.153591943588609	0.0130259032008423	-0.492178389601418
-0.110799381880879	-0.556237864048327	-0.333283329303866	-0.556181747439162	0.15605181780067	0.0131948620672767	-0.500563628812612
-0.112633930802969	-0.565444290124008	-0.338856661969228	-0.565385728423738	0.158484787555716	0.0133583010534056	-0.508896366622722
-0.114455370450219	-0.574587793294667	-0.344397385978596	-0.574526089758255	0.160890541749117	0.0135160819422401	-0.517176601307083
-0.116263606396553	-0.583668201360897	-0.349905615784459	-0.583602623704986	0.163268766666625	0.0136680656288298	-0.525404330451486
-0.118058544010981	-0.592685340176875	-0.355381465979736	-0.59261512027475	0.165619146112662	0.0138141121888252	-0.533579550980604
-0.11984008887091	-0.601639033789948	-0.360825050975427	-0.601563367342014	0.167941361621486	0.0139540809386326	-0.541702259256292
-0.121608145838874	-0.610529104443765	-0.366236485825677	-0.610447150766545	0.170235092375851	0.0140878305238868	-0.549772450932975
-0.123362620359836	-0.61935537280634	-0.371615885146288	-0.619266254503106	0.172500015609493	0.0142152189607883	-0.55779012121545
-0.125103417748145	-0.628117657992967	-0.376963363759537	-0.628020460720542	0.174735806569944	0.0143361037201825	-0.565755264751746
-0.126830443321224	-0.63681577767484	-0.382279036612233	-0.636709549915938	0.176942138664984	0.0144503417930777	-0.573667875679432
-0.128543603219364	-0.645449548256318	-0.387563018104151	-0.645333301024779	0.179118683758828	0.0145577897423561	-0.581527947795965
-0.130242803055586	-0.65401878483113	-0.392815423280395	-0.65389149154068	0.181265111992313	0.0146583037989109	-0.589335474334898
-0.131927949505609	-0.662523301436957	-0.398036366498863	-0.662383897621095	0.183381092245789	0.0147517398975574	-0.597090448275855
-0.133598949348328	-0.670962911049695	-0.403225962287035	-0.670810294203131	0.185466292043105	0.0148379537643875	-0.604792862191002
-0.135255710260077	-0.67933742575543	-0.408384324692933	-0.679170455111573	0.18752037783864	0.014916800968791	-0.61244270840969
-0.136898139858783	-0.687646656744634	-0.41351156813876	-0.687464153174156	0.189543014920438	0.0149881370111009	-0.620039978865564
-0.138526147093591	-0.695890414542235	-0.418607806260837	-0.695691160324152	0.191533867825714	0.0150518173612864	-0.627584665368577
-0.140139641638917	-0.7040685090366	-0.423673152462743	-0.703851247713203	0.193492600319191	0.0151076975391386	-0.635076759515334
-0.141738533205421	-0.712180749497023	-0.428707720540128	-0.711944185822464	0.195418875351473	0.0151556331961051	-0.642516252582902
-0.143322733741056	-0.720226944885723	-0.433711622823921	-0.719969744559533	0.197312355650519	0.0151954801362119	-0.649903135948742
-0.144892154677712	-0.728206903665547	-0.438684972577208	-0.727927693379544	0.199172703226453	0.0152270944409179	-0.657237400609145
-0.14644670980864	-0.736120434178159	-0.443627881558148	-0.735817801375906	0.200999580109223	0.0152503324752141	-0.66451903772138
-0.147986313103934	-0.743967344508604	-0.448540461928243	-0.74363983739794	0.202792647976614	0.0152650510003711	-0.671748038225721
-0.149510880314657	-0.751747442732386	-0.453422824908532	-0.751393570145521	0.204551568610911	0.0152711072056755	-0.678924393154989
-0.151020328097848	-0.75946053691258	-0.458275081563327	-0.759078768279707	0.206276003812901	0.0152683587938306	-0.686048093494845
-0.152514574790926	-0.767106435260297	-0.463097342168942	-0.766695200519453	0.20796561567475	0.0152566640294667	-0.693119130342385
-0.153993539666037	-0.774684946143491	-0.467889716886272	-0.774242635749066	0.209620066520163	0.015235881820536	-0.700137494788842
-0.155457144292017	-0.782195878306406	-0.472652314624976	-0.781720843111858	0.211239019305586	0.0152058717549414	-0.707103178185477
-0.156905310597489	-0.789639040755539	-0.477385244738532	-0.789129592120921	0.212822137296604	0.0151664942056368	-0.714016171809061
-0.158337963262588	-0.797014243082303	-0.482088615004227	-0.796468652746483	0.214369084693911	0.0151176103449977	-0.720876467314755
-0.159755028155861	-0.804321295385296	-0.486762532997877	-0.803737795522383	0.215879526390033	0.0150590822415896	-0.727684056469814
-0.161156432904925	-0.811560008407444	-0.491407105635982	-0.810936791642167	0.217353128194139	0.0149907729122027	-0.734438931274461
-0.162542107290732	-0.81873019365436	-0.49602243887063	-0.818065413052016	0.218789557016739	0.0149125463759763	-0.74114108405194
-0.163911982420049	-0.825831663388947	-0.500608638431155	-0.825123432554066	0.220188480785789	0.0148242677362981	-0.747790507314133
-0.165265992203468	-0.832864230858599	-0.505165808589461	-0.832110623891553	0.221549568868521	0.0147258032103087	-0.754387194049994
-0.166604071821715	-0.839827710215436	-0.50969405350703	-0.839026761852449	0.222872491829949	0.0146170202247511	-0.760931137461104
-0.167926158991825	-0.846721916721749	-0.514193476180994	-0.845871622356269	0.224156921807241	0.014497787450265	-0.76742233121193
-0.169232193541037	-0.853546666781127	-0.518664178842172	-0.852644982548577	0.22540253251019	0.0143679748715493	-0.773860769367966
-0.170522117662469	-0.860301778038655	-0.523106262766908	-0.859346620890967	0.226608999371396	0.0142274538426491	-0.780246446460457
-0.17179587578646	-0.866987069442465	-0.527519828419302	-0.865976317253526	0.22777599961123	0.0140760971503407	-0.786579357479555
-0.173053414430711	-0.873602361300248	-0.531904975611251	-0.872533853004009	0.228903212296565	0.013913779076213	-0.792859497864229
-0.174294683126967	-0.880147475446437	-0.536261802738774	-0.879019011092774	0.229990318637048	0.013740375436897	-0.799086863689263
-0.175519633817272	-0.886622235251877	-0.54059040733171	-0.885431576142799	0.231037001942958	0.013555763655079	-0.805261451572163
-0.176728220335279	-0.893026465641794	-0.54489088652776	-0.89177133453984	0.23204294759969	0.0133598228287256	-0.811383258593819
-0.177920400219791	-0.899359993350231	-0.549163335550357	-0.898038074508528	0.233007843558701	0.0131524337503078	-0.817452282650684
-0.179096133057041	-0.905622646820793	-0.553407849158472	-0.904231586205589	0.233931380059293	0.012933478998407	-0.823468522166054
-0.180255381405743	-0.911814256368784	-0.557624520885452	-0.9103516617988	0.23481324992071	0.0127028429747775	-0.829431976278085
-0.181398110461289	-0.917934654214601	-0.561813443355465	-0.916398095551517	0.235653148554839	0.0124604119673068	-0.835342644795109
-0.182524288732146	-0.923983674620606	-0.565974707735055	-0.922370683900747	0.236450774203102	0.0122060741900071	-0.841200528338047
-0.183633887099837	-0.929961153859821	-0.570108404566956	-0.928269225542414	0.237205827812306	0.0119397198584329	-0.847005628184447
-0.184726880194051	-0.935866930422857	-0.574214622621992	-0.934093521503913	0.237918013425877	0.0116612412127987	-0.852757946539884
-0.185803244978423	-0.94170084493727	-0.57829345013919	-0.939843375229704	0.238587037952926	0.0113705326029246	-0.858457486294553
-0.186862962117377	-0.947462740371545	-0.58234497368416	-0.94551859265174	0.239212611555715	0.0110674905095946	-0.864104251293893
-0.187906015092134	-0.9531524620075	-0.586369278933997	-0.951118982269662	0.239794447535913	0.0107520136163597	-0.869698246192735
-0.188932390837594	-0.95876985756746	-0.590366450160404	-0.956644355223531	0.24033226255752	0.0104240028462083	-0.875239476591787
-0.189942079448484	-0.964314777246171	-0.594336570509196	-0.962094525368259	0.240825776663307	0.0100833614181796	-0.880727949000862
-0.19093507440404	-0.969787073793381	-0.598279721835029	-0.967469309346207	0.241274713404533	0.00972999489238331	-0.886163670899193
-0.191911372768907	-0.975186602595685	-0.602195984556943	-0.972768526657099	0.24167879996638	0.00936381121337823	-0.891546650791553
-0.192870974565848	-0.980513221670004	-0.606085438221791	-0.977991999731996	0.242037767105841	0.00898472077200162	-0.896876898109626
-0.193813883850917	-0.985766791832786	-0.609948160610642	-0.983139553997418	0.242351349470897	0.00859263642973918	-0.902154423431702
-0.194740107990419	-0.990947176682522	-0.613784228383811	-0.988211017946383	0.242619285515909	0.0081874735792329	-0.907379238366569
-0.195649657834251	-0.996054242675119	-0.617593716957271	-0.993206223205562	0.242841317617547	0.00776915018744617	-0.912551355604828
-0.196542548064215	-1.00108785921463	-0.621376700231595	-0.998125004598741	0.243017192228594	0.00733758683147279	-0.917670789004253
-0.197418796676599	-1.00604789865513	-0.625133251057681	-1.00296720021321	0.243146659836792	0.00689270675347442	-0.922737553511063
-0.198278426131321	-1.01093423647305	-0.628863440279778	-1.00773265145897	0.243229475298454	0.0064344358796048	-0.927751665396458
-0.19912146176536	-1.01574675115781	-0.632567338115723	-1.01242120313778	0.243265397555183	0.00596270289491695	-0.932713141978229
-0.199947933151822	-1.02048532440258	-0.636245013018018	-1.01703270349672	0.243254190011994	0.00547743925557358	-0.937622001895975
-0.200757873894484	-1.02514984113684	-0.63989653187415	-1.02156700429039	0.243195620564921	0.00497857923307653	-0.9424782650937
-0.201551320939509	-1.02974018950391	-0.643521960616088	-1.02602396084092	0.243089461516209	0.00446605996872514	-0.947281952709947
-0.202328315684298	-1.0342562610275	-0.64712136329572	-1.03040343209172	0.242935489896262	0.0039398214872748	-0.952033087308304
-0.20308890282069	-1.0386979505385	-0.650694803094994	-1.03470528066624	0.242733487271846	0.00339980675929876	-0.956731692679416
-0.203833131862088	-1.04306515638398	-0.654242341042353	-1.03892937291809	0.242483240161545	0.00284596170418506	-0.961377794151883
-0.204561055619694	-1.04735778031491	-0.657764037335917	-1.04307557898975	0.242184539759209	0.00227823525906644	-0.965971418324746
-0.205272731085688	-1.05157572762397	-0.661259950607861	-1.0471437728605	0.241837182201669	0.00169657939303684	-0.970512593256465
-0.205968219495848	-1.05571890719863	-0.664730137892963	-1.05113383239776	0.241440968650967	0.00110094913910387	-0.975001348499496
-0.206647586229885	-1.05978723155405	-0.668174654731027	-1.05504563940556	0.240995705337373	0.000491302629335036	-0.979437715103101
-0.207310900221944	-1.06378061681765	-0.671593555690068	-1.05887907967758	0.240501203491911	-0.000132398861909773	-0.98382172552415
-0.207958235279243	-1.06769898290655	-0.674986893258553	-1.06263404303533	0.239957279710479	-0.000770190915892234	-0.988153413900295
-0.208589668765656	-1.07154225343391	-0.678354718986383	-1.0663104233808	0.23936375571908	-0.00142210591292822	-0.992432815822744
-0.209205282606966	-1.0753103558553	-0.681697082644643	-1.06990811873708	0.238720458666113	-0.00208817302462362	-0.996659968551097
-0.209805162672862	-1.079003221442	-0.685014032768938	-1.07342703129096	0.238027221043612	-0.00276841817493825	-1.00083491091882
-0.210389399068592	-1.08262078535398	-0.688305616426799	-1.076867067437	0.23728388081689	-0.00346286401984404	-1.00495768341302
-0.210958086047609	-1.08616298666546	-0.691571879307233	-1.08022813781503	0.236490281464042	-0.00417152991992269	-1.00902832818062
-0.211511322576638	-1.08962976846419	-0.694812865254142	-1.08351015734698	0.235646272167704	-0.0048944319319252	-1.01304688916307
-0.212049211010682	-1.09302107774806	-0.698028617409356	-1.08671304528168	0.234751707569539	-0.00563158275349311	-1.01701341186451
-0.212571858771568	-1.09633686563575	-0.70121917679615	-1.08983672522203	0.233806448214521	-0.00638299174031474	-1.02092794370071
-0.213079376930915	-1.09957708725432	-0.704384583538817	-1.09288112516616	0.232810360284028	-0.00714866485544393	-1.02479053374989
-0.213571881058878	-1.10274170185967	-0.70752487615254	-1.09584617753769	0.231763315846942	-0.0079286046669859	-1.02860123294274
-0.21404949120426	-1.10583067287005	-0.710640091571402	-1.09873181921788	0.230665192913492	-0.00872281033081619	-1.03236009408414
-0.214512331100548	-1.10884396781048	-0.71373026583553	-1.10153799157835	0.229515875305817	-0.00953127755539372	-1.03606717172393
-0.214960529407657	-1.11178155847848	-0.716795433044232	-1.10426464050785	0.228315253001245	-0.0103539986135166	-1.03972252242544
-0.215394218406013	-1.11464342083167	-0.719835626477414	-1.10691171644198	0.227063221882592	-0.0111909622995065	-1.04332620453718
-0.215813535041675	-1.11742953513064	-0.722850877713843	-1.10947917438914	0.225759684034588	-0.0120421539377812	-1.04687827842172
-0.216218620498096	-1.12013988591914	-0.725841217005072	-1.11196697395514	0.224404547696632	-0.0129075553612027	-1.0503788064004
-0.216609619905878	-1.12277446202143	-0.728806673529578	-1.11437507936901	0.222997727247105	-0.0137871448946398	-1.05382785272347
-0.216986682891081	-1.12533325662505	-0.731747274932082	-1.11670345950383	0.221539143380526	-0.0146808973547454	-1.05722548370268
-0.217349963146972	-1.12781626726191	-0.734663047695025	-1.1189520878985	0.22002872305928	-0.0155887840346427	-1.06057176765732
-0.217699618683754	-1.13022349585615	-0.737554016930791	-1.12112094277758	0.218466399619137	-0.0165107726983194	-1.06386677498746
-0.218035811492873	-1.13255494871356	-0.740420206671977	-1.12321000707001	0.216852112740119	-0.0174468275700485	-1.06711057813909
-0.218358707838267	-1.13481063657447	-0.743261639627221	-1.12521926842747	0.215185808561696	-0.0183969093329711	-1.07030325168679
-0.218668478192007	-1.13699057462427	-0.746078337239706	-1.12714871923661	0.213467439712851	-0.0193609751241613	-1.07344487234985
-0.218965297242534	-1.13909478251954	-0.748870319681585	-1.12899835663731	0.211696965361698	-0.0203389785330438	-1.07653551902241
-0.219249343350743	-1.14112328434385	-0.751637606318079	-1.13076818253517	0.209874351130252	-0.0213308695854294	-1.07957527269416
-0.21952079937319	-1.14307610871479	-0.754380215009232	-1.1324582036101	0.207999569331863	-0.0223365947631625	-1.08256421664089
-0.219779851890742	-1.14495328872172	-0.757098162763911	-1.13406843133439	0.206072598834716	-0.0233560969846779	-1.08550243630179
-0.220026691887802	-1.14675486200833	-0.759791465163501	-1.13559888197082	0.204093425259549	-0.02438931562584	-1.08839001944146
-0.220261514000633	-1.14848087071114	-0.762460136997531	-1.13704957659122	0.20206204084755	-0.0254361865021386	-1.09122705603036
-0.220484516763849	-1.1501313614979	-0.765104192051974	-1.13842054107798	0.199978444555458	-0.0264966418801707	-1.09401363832239
-0.220695903008553	-1.15170638562243	-0.767723642769197	-1.13971180612789	0.197842642189774	-0.0275706104915885	-1.09674986096313
-0.220895879135314	-1.15320599885929	-0.770318500859402	-1.1409234072598	0.195654646273049	-0.0286580175228993	-1.09943582087424
-0.221084655454956	-1.15463026155059	-0.772888777007222	-1.14205538481708	0.193414476161516	-0.029758784629899	-1.1020716173509
-0.221262445836878	-1.15597923857609	-0.77543448116385	-1.14310778396609	0.191122157996368	-0.0308728299393787	-1.10465735201962
-0.221429468533213	-1.15725299945214	-0.77795562184324	-1.14408065469769	0.188777724937046	-0.0320000680776515	-1.1071931290335
-0.22158594474393	-1.15845161818351	-0.780452207327906	-1.14497405182838	0.186381216851824	-0.0331404101477292	-1.10967905481343
-0.221732100081572	-1.15957517342755	-0.782924244423402	-1.14578803499388	0.183932680701465	-0.0342937637758751	-1.11211523837204
-0.221868162910002	-1.16062374832016	-0.785371739852617	-1.14652266865142	0.181432170173995	-0.0354600330854213	-1.11450179100731
-0.221994366012817	-1.1615974306598	-0.787794698835789	-1.14717802206668	0.178879746113792	-0.0366391187519711	-1.11683882666971
-0.222110945270708	-1.16249631276931	-0.790193126198435	-1.14775416931666	0.176275476238164	-0.0378309179848472	-1.11912646172417
-0.222218139708741	-1.16332049149935	-0.7925670263184	-1.14825118927686	0.173619435173411	-0.0390353245474278	-1.12136481498688
-0.222316192471759	-1.16407006833738	-0.794916402290652	-1.14866916561229	0.170911704719095	-0.0402522287960723	-1.12355400795432
-0.222405349484547	-1.16474514926396	-0.797241257045112	-1.14900818677241	0.168152373554265	-0.0414815176687541	-1.12569416456014
-0.222485860359833	-1.16534584484404	-0.799541592565012	-1.14926834597548	0.165341537478707	-0.0427230747242247	-1.12778541138624
-0.22255797729083	-1.16587227011314	-0.801817410808606	-1.14944974120357	0.16247929917362	-0.0439767801376905	-1.12982787747029
-0.222621956475228	-1.16632454471866	-0.804068712488545	-1.14955247517745	0.159565768566534	-0.0452425107585194	-1.13182169461939
-0.222678056647701	-1.16670279276382	-0.806295498296486	-1.1495766553544	0.156601062501059	-0.0465201400945326	-1.13376699714453
-0.222726539711879	-1.16700714286608	-0.808497768349292	-1.14952239390678	0.153585304910255	-0.047809538353781	-1.13566392201359
-0.22276767045909	-1.16723772812297	-0.810675522409904	-1.14938980770748	0.150518626769274	-0.0491105724611943	-1.13751260882511
-0.222801716891111	-1.16739468613758	-0.812828759594167	-1.14917901831024	0.147401166192676	-0.0504231060949275	-1.13931319989988
-0.222828949392816	-1.16747815891877	-0.814957479048597	-1.1488901519332	0.144233068251679	-0.0517469996897094	-1.14106584014098
-0.222849641300114	-1.16748829293478	-0.817061679450504	-1.14852333943741	0.141014485127985	-0.0530821104824867	-1.14277067717611
-0.222864068914294	-1.16742523910474	-0.819141358973	-1.14807871630734	0.137745576136196	-0.0544282925385102	-1.1444278613898
-0.222872510536348	-1.16728915267764	-0.821196516076692	-1.14755642262904	0.134426507498859	-0.0557853967594877	-1.14603754574913
-0.222875247516272	-1.16708019333731	-0.823227148600253	-1.14695660306566	0.13105745261948	-0.0571532709413139	-1.14759988604865
-0.222872563373885	-1.16679852508927	-0.825233254477253	-1.1462794068349	0.127638591877508	-0.0585317597804195	-1.14911504075327
-0.222864744355188	-1.16644431630841	-0.827214831241929	-1.14552498768294	0.124170112777534	-0.0599207049248099	-1.15058317114264
-0.222852078165536	-1.16601773958425	-0.829171877067422	-1.14469350386473	0.120652209647933	-0.0613199449725026	-1.15200444106911
-0.222834855826439	-1.16551897190231	-0.831104389177426	-1.14378511810295	0.117085084103422	-0.0627293155558467	-1.1533790173737
-0.22281336966759	-1.16494819441207	-0.833012365506106	-1.14279999757663	0.113468944562517	-0.064148649323542	-1.15470706948897
-0.222787914393154	-1.16430559251923	-0.834895803772259	-1.14173831388092	0.109804006513625	-0.0655777760056867	-1.15598876969003
-0.222758786510058	-1.16359135580582	-0.83675470192901	-1.14060024300552	0.10609049238058	-0.0670165224351631	-1.15722429299434
-0.222726284588404	-1.16280567803415	-0.838589057915354	-1.13938596529664	0.10232863159014	-0.0684647125937354	-1.15841381724438
-0.222690708717697	-1.16194875706496	-0.840398870079626	-1.13809566542972	0.0985186604392264	-0.0699221676357995	-1.15955752301342
-0.222652360907249	-1.16102079488095	-0.842184136810961	-1.13672953238009	0.0946608221983336	-0.0713887059376166	-1.16065559371395
-0.222611544618962	-1.16002199750592	-0.843944856898024	-1.1352877593841	0.0907553669929548	-0.072864143126803	-1.16170821552186
-0.222568564815329	-1.15895257498613	-0.845681029453357	-1.13377054390748	0.0868025518153404	-0.0743482921243343	-1.1627155774058
-0.222523728034153	-1.15781274137378	-0.847392653816781	-1.13217808761293	0.0828026405419457	-0.0758409631885013	-1.16367787116797
-0.222477341905183	-1.15660271464152	-0.849079729922278	-1.13051059632185	0.0787559038075425	-0.07734196394246	-1.16459529135857
-0.222429715388002	-1.15532271668281	-0.850742258063655	-1.12876827997949	0.0746626190604449	-0.0788510994276042	-1.16546803534848
-0.222381158548619	-1.15397297325737	-0.852380239042133	-1.12695135261845	0.0705230705017879	-0.0803681721368949	-1.16629630329984
-0.222331982606454	-1.15255371396483	-0.853993674088893	-1.12506003231869	0.0663375490885312	-0.0818929820661271	-1.16708029819712
-0.222282499412953	-1.15106517215371	-0.855582565262442	-1.12309454117351	0.0621063523941062	-0.0834253267386795	-1.16782022575079
-0.222233022086835	-1.14950758496188	-0.857146914874846	-1.12105510524496	0.0578297847591974	-0.0849650012735717	-1.1685162945532
-0.222183863868186	-1.14788119315468	-0.858686726411123	-1.11894195453249	0.0535081569922255	-0.0865117983984967	-1.16916871584913
-0.222135339495007	-1.14618624123991	-0.860202003334531	-1.11675532291988	0.0491417867024002	-0.0880655085334519	-1.16977770384741
-0.222087763173152	-1.14442297721132	-0.861692750741105	-1.11449544814879	0.0447309977745641	-0.0896259197855505	-1.17034347529879
-0.222041450512231	-1.14259165272462	-0.863158973698583	-1.11216257176705	0.040276120844826	-0.0911928180453395	-1.17086624993068
-0.221996716912705	-1.14069252288257	-0.864600678548696	-1.10975693909154	0.0357774928757201	-0.0927659869971254	-1.17134625010995
-0.221953878114113	-1.13872584625221	-0.866017872404201	-1.1072787991627	0.0312354572744936	-0.0943452081754641	-1.17178370097645
-0.221913250043108	-1.13669188481588	-0.867410563230447	-1.10472840470355	0.0266503638410229	-0.095930261018316	-1.17217883042228
-0.221875148524561	-1.13459090389431	-0.868778760038172	-1.10210601207739	0.0220225686712872	-0.0975209229013411	-1.17253186904107
-0.221839889485948	-1.13242317212817	-0.870122472666435	-1.09941188123694	0.0173524341878298	-0.0991169692006006	-1.17284305018195
-0.221807788509266	-1.13018896138889	-0.871441712107873	-1.09664627568964	0.0126403290053242	-0.100718173324399	-1.17311260986533
-0.221779160942199	-1.12788854674473	-0.872736490366718	-1.09380946244414	0.00788662793257955	-0.102324306771406	-1.17334078681136
-0.221754321725741	-1.12552220640202	-0.87400682055272	-1.09090171196966	0.00309171190632229	-0.103935139177145	-1.17352782241703
-0.221733585233475	-1.12309022163928	-0.875252716964176	-1.08792329815102	-0.00174403207874041	-0.105550438356188	-1.17367396072357
-0.221717265567467	-1.12059287679372	-0.876474194791504	-1.08487449823264	-0.00662021092016907	-0.10716997036998	-1.17377944848979
-0.221705675621728	-1.11803045911749	-0.87767127084265	-1.08175559278884	-0.0115364256770972	-0.108793499546675	-1.17384453499297
-0.221699127741438	-1.1154032587968	-0.878843962945131	-1.0785668656626	-0.0164922714307458	-0.110420788553449	-1.17386947217749
-0.22169793336092	-1.11271156886797	-0.87999229019009	-1.07530860392419	-0.02148733740924	-0.11205159844029	-1.17385451458021
-0.221702402938	-1.10995568516023	-0.881116272936633	-1.07198109782214	-0.0265212070361398	-0.113685688690322	-1.1737999193191
-0.221712845488907	-1.10713590619602	-0.882215933141611	-1.06858464073883	-0.0315934580847749	-0.115322817258318	-1.17370594599167
-0.221729569296239	-1.1042525332193	-0.883291293715949	-1.06511952913824	-0.0367036625282952	-0.116962740644417	-1.17357285683359
-0.221752880804962	-1.10130587002003	-0.884342379388725	-1.06158606251733	-0.0418513868660902	-0.118605213919707	-1.17340091647508
-0.221783085237522	-1.0982962229566	-0.885369216135079	-1.05798454336486	-0.0470361919944692	-0.120249990789598	-1.1731903920735
-0.221820486417054	-1.09522390087946	-0.886371831271299	-1.05431527710265	-0.0522576332968941	-0.121896823649548	-1.17294155327904
-0.221865386081242	-1.09208921500362	-0.887350253962527	-1.05057857204557	-0.0575152608597099	-0.123545463614145	-1.17265467207059
-0.221918084721742	-1.08889247894978	-0.888304514470667	-1.04677473934467	-0.0628086192928992	-0.125195660597668	-1.17233002294656
-0.221978880574996	-1.0856340085785	-0.889234644930625	-1.04290409294613	-0.0681372480370174	-0.126847163337362	-1.17196788269222
-0.222048069893711	-1.08231412196488	-0.890140679068757	-1.03896694953862	-0.0735006813353395	-0.128499719453421	-1.1715685304324
-0.222125947450549	-1.07893313939952	-0.891022651722251	-1.03496362849653	-0.0788984481428362	-0.130153075521625	-1.17113224774359
-0.222212804838393	-1.07549138314691	-0.891880600189576	-1.03089445185039	-0.084330072622131	-0.131806977070416	-1.17065931825758
-0.222308932435262	-1.07198917760509	-0.892714562541863	-1.02675974421235	-0.0897950736671593	-0.133461168699903	-1.17015002810208
-0.222414617336499	-1.06842684901862	-0.893524579273247	-1.02255983274868	-0.0952929655021716	-0.135115394067853	-1.16960466541749
-0.222530144840628	-1.06480472559375	-0.894310692009348	-1.01829504711734	-0.100823257329821	-0.136769395990818	-1.16902352068965
-0.222655797236931	-1.06112313729484	-0.895072944448683	-1.01396571942214	-0.10638545370853	-0.138422916458994	-1.16840688645647
-0.222791854359687	-1.05738241586012	-0.895811381841694	-1.00957218416639	-0.111979054450394	-0.140075696707402	-1.16775505742656
-0.222938593111642	-1.05358289468288	-0.896526051322344	-1.00511477820098	-0.117603554801754	-0.141727477253609	-1.16706833035368
-0.223096287715115	-1.04972490878469	-0.897217001635003	-1.00059384067469	-0.123258445427599	-0.143377997958024	-1.16634700408036
-0.223265208994419	-1.04580879467323	-0.897884283666606	-0.996009712987661	-0.128943212658265	-0.14502699805486	-1.16559137935765
-0.223445625423237	-1.04183489040452	-0.898527949516809	-0.991362738736651	-0.13465733825916	-0.146674216237375	-1.16480175907088
-0.22363780161435	-1.03780353535379	-0.89914805367855	-0.986653263679388	-0.140400299894435	-0.148319390660104	-1.16397844787108
-0.223841999214484	-1.03371507025024	-0.899744652237272	-0.98188163566798	-0.146171570942464	-0.149962259022669	-1.16312175236288
-0.224058476652966	-1.02956983709834	-0.900317803012529	-0.977048204614084	-0.151970620616601	-0.151602558611974	-1.16223198103146
-0.224287488440535	-1.02536817903204	-0.900867566070329	-0.972153322440245	-0.157796914217526	-0.153240026327799	-1.16130944405055
-0.224529286217447	-1.02111044037612	-0.901394002795097	-0.967197343019283	-0.163649912902606	-0.154874398773898	-1.16035445351378
-0.224784117423021	-1.01679696643339	-0.90189717691902	-0.962180622141956	-0.169529074111403	-0.156505412260506	-1.15936732309405
-0.225052226029573	-1.01242810351052	-0.902377153852302	-0.957103517463281	-0.175433851421113	-0.158132802878394	-1.15834836819537
-0.225333852228254	-1.00800419881691	-0.902834000875569	-0.95196638844941	-0.181363694697591	-0.159756306543277	-1.1572979058532
-0.225629232041939	-1.00352560036415	-0.903267787391832	-0.94676959634063	-0.187318050260794	-0.161375659028138	-1.15621625461584
-0.225938597976844	-0.998992656980363	-0.903678584325329	-0.941513504099184	-0.193296360767155	-0.162990596034461	-1.15510373467578
-0.226262178014441	-0.994405718130531	-0.904066464881836	-0.936198476363059	-0.199298065552481	-0.164600853210784	-1.15396066759865
-0.226600196238956	-0.989765133929121	-0.904431503968323	-0.930824879401271	-0.205322600521699	-0.166206166216797	-1.15278737644481
-0.226952872509026	-0.985071255045405	-0.904773778394985	-0.92539308106776	-0.211369398302508	-0.167806270765351	-1.15158418566486
-0.227320422259002	-0.980324432614199	-0.905093366971421	-0.919903450755127	-0.217437888367426	-0.169400902659721	-1.15035142101486
-0.227703056490502	-0.975525018178436	-0.905390350447177	-0.914356359352581	-0.223527497102229	-0.170989797841976	-1.14908940952801
-0.228100981800705	-0.97067336363052	-0.905664811421042	-0.908752179197031	-0.22963764786257	-0.172572692439033	-1.14779847948643
-0.228514400586424	-0.965769821176993	-0.905916834108761	-0.903091284030655	-0.235767760983826	-0.174149322816609	-1.1464789604389
-0.228943509733417	-0.960814743127703	-0.906146505346345	-0.897374048964422	-0.241917254216684	-0.175719425581269	-1.1451311828459
-0.229388502460945	-0.95580848204288	-0.906353913017938	-0.891600850416674	-0.248085542278353	-0.177282737684314	-1.1437554784948
-0.22984956654834	-0.950751390479482	-0.906539147435381	-0.885772066091139	-0.25427203741598	-0.178838996410639	-1.14235218003195
-0.230326884954453	-0.945643820992492	-0.906702300768308	-0.879888074922869	-0.260476149305293	-0.180387939439117	-1.14092162107257
-0.230820636296404	-0.940486126139756	-0.906843466584123	-0.873949257035905	-0.266697284981725	-0.181929304904729	-1.13946413628646
-0.231330993381011	-0.93527865824658	-0.906962740983702	-0.867955993708175	-0.272934849327739	-0.18346283139112	-1.13798006099286
-0.23185812462876	-0.930021769517148	-0.907060221369271	-0.861908667323136	-0.27918824473799	-0.184988258021901	-1.13646973147349
-0.23240219316676	-0.924715811867538	-0.907136007122222	-0.855807661335445	-0.285456871448417	-0.18650532446675	-1.13493348470914
-0.232963356598587	-0.919361136843683	-0.907190199719993	-0.84965336022938	-0.291740127672687	-0.188013770981793	-1.13337165827693
-0.233541767923201	-0.913958095671685	-0.907222901926602	-0.843446149476512	-0.298037409411041	-0.189513338474728	-1.13178459054253
-0.234137574307888	-0.90850703905293	-0.907234218722547	-0.837186415499735	-0.304348110872935	-0.191003768506134	-1.13017262030443
-0.234750917889756	-0.903008317209131	-0.907224256588485	-0.830874545636573	-0.310671624318488	-0.192484803354601	-1.12853608695657
-0.23538193511894	-0.897462279740191	-0.907193123976524	-0.824510928094185	-0.317007340322494	-0.193956186034778	-1.12687533027359
-0.236030757266081	-0.891869275638058	-0.907140930828276	-0.818095951923309	-0.323354647695437	-0.195417660348501	-1.12519069049685
-0.236697509857386	-0.886229653158654	-0.907067788973565	-0.811630006972652	-0.329712933723612	-0.19686897090546	-1.12348250814368
-0.237382312958292	-0.880543759802566	-0.906973811833189	-0.805113483852898	-0.336081584158609	-0.198309863172855	-1.12175112403209
-0.238085281057815	-0.874811942250031	-0.906859114452402	-0.798546773910003	-0.342459983322246	-0.199740083497522	-1.11999687920628
-0.238806522824639	-0.869034546276043	-0.906723813630272	-0.791930269180202	-0.348847514253389	-0.201159379143374	-1.11822011482121
-0.239546141357669	-0.863211916730861	-0.9065680276584	-0.785264362361787	-0.355243558704504	-0.202567498329783	-1.11642117216421
-0.240304233784364	-0.857344397436149	-0.906391876580176	-0.778549446780463	-0.361647497336939	-0.203964190249201	-1.11460039249464
-0.241080891818797	-0.851432331206631	-0.906195481677419	-0.771785916355128	-0.368058709625921	-0.20534920512583	-1.11275811714354
-0.241876200792544	-0.845476059677497	-0.90597896619532	-0.764974165566867	-0.374476574222224	-0.206722294209228	-1.1108946872096
-0.242690240794853	-0.839475923397531	-0.905742454355069	-0.75811458942554	-0.38090046868788	-0.208083209850485	-1.10901044380232
-0.243523085328233	-0.833432261614031	-0.905486072381667	-0.751207583441715	-0.38732976996704	-0.209431705482335	-1.1071057276415
-0.244374802290448	-0.82734541234547	-0.905209947650587	-0.744253543593948	-0.393763854168977	-0.210767535688076	-1.10518087926081
-0.245245453892463	-0.821215712324852	-0.904914208691793	-0.737252866296279	-0.400202096665591	-0.212090456225453	-1.1032362389316
-0.246135095518296	-0.815043496816131	-0.904598986053939	-0.730205948379997	-0.406643872502072	-0.2134002240193	-1.10127214631159
-0.247043777146919	-0.808829099738534	-0.904264411095063	-0.723113187051649	-0.413088556048918	-0.214696597237286	-1.09928894076283
-0.247971542546875	-0.802572853525418	-0.903910616575465	-0.715974979871581	-0.419535521314098	-0.215979335292169	-1.09728696108471
-0.24891842916773	-0.796275089069792	-0.90353773668711	-0.70879172472979	-0.425984142048131	-0.217248198863467	-1.09526654543166
-0.249884468584045	-0.789936135731112	-0.903145906638619	-0.701563819812095	-0.432433791683996	-0.218502949941883	-1.09322803137185
-0.250869686062721	-0.783556321251433	-0.902735262948401	-0.694291663589336	-0.438883843538091	-0.219743351834986	-1.09117175572149
-0.251874100570898	-0.777135971696485	-0.902305943378673	-0.686975654765443	-0.445333670884142	-0.22096916920537	-1.08909805447954
-0.25289772514369	-0.770675411481625	-0.901858086588242	-0.679616192283128	-0.451782646909989	-0.222180168092376	-1.08700726288158
-0.25394056645249	-0.764174963264919	-0.90139183242427	-0.672213675277339	-0.458230144922921	-0.223376115933689	-1.08489971521813
-0.255002624923013	-0.757634947935071	-0.900907321771477	-0.664768503067348	-0.46467553838235	-0.224556781588133	-1.0827757448103
-0.256083894675019	-0.751055684561852	-0.900404696548757	-0.657281075128108	-0.471118200992059	-0.225721935354879	-1.08063568393807
-0.257184363676749	-0.744437490376559	-0.899884099533038	-0.649751791064579	-0.477557506724215	-0.226871349006529	-1.07847986381987
-0.258304013664758	-0.737780680736599	-0.89934567437025	-0.642181050600821	-0.483992829911118	-0.228004795803621	-1.07630861453306
-0.259442819870309	-0.731085569049716	-0.898789565744934	-0.63456925355021	-0.490423545403552	-0.229122050508325	-1.07412226488263
-0.260600751397451	-0.724352466793532	-0.898215919027612	-0.626916799801647	-0.496849028521396	-0.230222889418766	-1.07192114244165
-0.261777770864988	-0.71758168344016	-0.897624880508624	-0.619224089300374	-0.50326865523404	-0.231307090373816	-1.0697055733962
-0.262973835037525	-0.710773526499731	-0.897016596847516	-0.611491522023	-0.509681802038215	-0.232374432800071	-1.06747588265482
-0.264188893824693	-0.703928301375112	-0.896391215826187	-0.60371949797261	-0.516087846328592	-0.233424697689995	-1.06523239352063
-0.265422891001073	-0.697046311417759	-0.89574888572197	-0.595908417149182	-0.522486166249964	-0.234457667648926	-1.06297542782141
-0.266675764170783	-0.690127857898737	-0.895089755293843	-0.588058679541981	-0.528876140774437	-0.235473126910517	-1.06070530584362
-0.267947444615717	-0.683173239965973	-0.894413973855701	-0.580170685109682	-0.535257149813692	-0.236470861350056	-1.05842234622949
-0.269237857080572	-0.676182754592192	-0.893721691405169	-0.572244833766056	-0.541628574355177	-0.237450658493489	-1.05612686585799
-0.270546920317062	-0.669156696622042	-0.893013058143238	-0.56428152537169	-0.547989796356566	-0.238412307550086	-1.05381917993019
-0.271874546463241	-0.662095358671844	-0.892288224928678	-0.55628115970946	-0.554340199007591	-0.239355599411295	-1.05149960174455
-0.273220641682684	-0.654999031186154	-0.89154734272448	-0.548244136481413	-0.560679166595951	-0.240280326684734	-1.04916844280195
-0.27458510554388	-0.647868002351837	-0.8907905630543	-0.540170855294231	-0.567006084762548	-0.2411862836889	-1.04682601258682
-0.275967831755985	-0.640702558157513	-0.890018037371904	-0.53206171564335	-0.573320340341466	-0.242073266493458	-1.04447261869706
-0.277368707241314	-0.633502982276768	-0.889229917765494	-0.523917116909411	-0.57962132170785	-0.242941072899964	-1.04210856653458
-0.278787613349041	-0.626269556191994	-0.888426355947936	-0.515737458339383	-0.585908418466401	-0.243789502500365	-1.03973415957775
-0.280224424444059	-0.619002559016701	-0.887607504347715	-0.507523139050226	-0.592181021950776	-0.244618356635709	-1.03734969892955
-0.281679009287397	-0.611702267644842	-0.886773514969741	-0.499274558005192	-0.598438524858469	-0.245427438462169	-1.03495548363935
-0.283151230361114	-0.604368956658108	-0.885924539901162	-0.490992114010269	-0.6046803215215	-0.24621655293907	-1.03255181045925
-0.284640943507754	-0.597002898284904	-0.885060731559362	-0.4826762057209	-0.610905808076882	-0.246985506823255	-1.03013897367543
-0.286147999110468	-0.589604362513541	-0.88418224172393	-0.474327231606175	-0.617114382163608	-0.247734108731034	-1.02771726538409
-0.287672240968082	-0.58217361696955	-0.883289222397526	-0.46594558997165	-0.623305443330137	-0.248462169100107	-1.02528697511328
-0.289213506940944	-0.574710926981525	-0.882381825259487	-0.457531678936585	-0.629478392890009	-0.249169500231471	-1.02284838994704
-0.290771628756833	-0.567216555546313	-0.881460201792916	-0.449085896432555	-0.635632634047157	-0.249855916285988	-1.02040179440505
-0.292346432103567	-0.559690763350551	-0.880524503178437	-0.440608640200457	-0.641767571916982	-0.250521233304938	-1.01794747041595
-0.293937736765532	-0.552133808778388	-0.879574880161216	-0.432100307789951	-0.647882613545735	-0.251165269216667	-1.01548569729365
-0.295545356305819	-0.544545947872621	-0.878611483272174	-0.423561296543362	-0.653977168064968	-0.251787843844744	-1.01301675158616
-0.297169098657041	-0.536927434410472	-0.877634462337823	-0.414992003606784	-0.66005064656106	-0.252388778930537	-1.01054090718944
-0.298808765564373	-0.529278519845744	-0.87664396689241	-0.406392825926083	-0.666102462305593	-0.252967898124751	-1.00805843512675
-0.300464152813221	-0.521599453320865	-0.875640145976575	-0.397764160234237	-0.672132030742459	-0.253525027003414	-1.00556960355291
-0.302135050758247	-0.513890481764312	-0.874623147695069	-0.389106403064721	-0.678138769364252	-0.254059993101297	-1.00307467785737
-0.303821243427656	-0.506151849763603	-0.873593119902677	-0.380419950736732	-0.684122098062514	-0.254572625880235	-1.00057392033764
-0.305522509388853	-0.498383799697744	-0.872550209500583	-0.371705199369854	-0.690081438893261	-0.255062756771854	-0.998067590398222
-0.307238621337004	-0.490586571688822	-0.871494562741215	-0.362962544875445	-0.6960162162671	-0.255530219172174	-0.995555944376336
-0.308969346143551	-0.482760403617777	-0.870426325171869	-0.354192382956087	-0.701925856985509	-0.255974848449296	-0.993039235490711
-0.310714445471517	-0.474905531215375	-0.869345641131697	-0.345395109111357	-0.707809790088193	-0.256396481975011	-0.99051771397507
-0.312473674783563	-0.467022187960076	-0.868252654519036	-0.33657111864327	-0.713667447227324	-0.256794959095006	-0.987991626727913
-0.314246784312418	-0.459110605203261	-0.867147508007621	-0.327720806652054	-0.719498262402658	-0.257170121169208	-0.985461217535788
-0.316033518470954	-0.451171012118334	-0.866030343505436	-0.318844568039933	-0.725301672202484	-0.257521811566283	-0.982926726856181
-0.317833616686553	-0.44320363582212	-0.864901301475318	-0.309942797518337	-0.731077115577381	-0.257849875690296	-0.980388392002041
-0.319646812317893	-0.435208701262069	-0.863760521783219	-0.301015889611844	-0.73682403424527	-0.258154160955093	-0.977846446765573
-0.321472833724946	-0.427186431364801	-0.862608142844029	-0.292064238656242	-0.742541872385384	-0.258434516830913	-0.97530112168781
-0.323311403683385	-0.419137046993534	-0.861444302071745	-0.283088238814233	-0.748230076878837	-0.258690794823345	-0.972752643827568
-0.325162239975252	-0.411060767033844	-0.860269135408348	-0.274088284065888	-0.753888097160631	-0.258922848512297	-0.970201236885182
-0.327025054603261	-0.402957808336601	-0.859082777934256	-0.265064768230239	-0.759515385521289	-0.259130533521466	-0.967647120914794
-0.328899554896171	-0.39482838586874	-0.857885362994998	-0.256018084964005	-0.765111396790535	-0.259313707566711	-0.965090512608846
-0.330785442847224	-0.386672712662128	-0.856677022715996	-0.246948627759869	-0.770675588597922	-0.259472230447515	-0.962531625041341
-0.332682415059182	-0.37849099984183	-0.855457888040173	-0.237856789972513	-0.776207421434028	-0.259605964038147	-0.959970667603394
-0.33459016343599	-0.370283456734399	-0.854228088189357	-0.228742964807849	-0.781706358468144	-0.259714772332133	-0.95740784616527
-0.336508374798296	-0.362050290855731	-0.852987750958628	-0.21960754533995	-0.787171865714309	-0.259798521428822	-0.954843362906521
-0.338436730757695	-0.353791707932538	-0.85173700281746	-0.210450924520211	-0.792603412117798	-0.259857079537181	-0.952277416227221
-0.340374908619677	-0.345507912033249	-0.850475968208059	-0.20127349517185	-0.798000469296241	-0.259890317020024	-0.949710200982945
-0.342322580099017	-0.337199105471475	-0.849204770545675	-0.192075650027101	-0.803362512005527	-0.259898106343422	-0.947141908033633
-0.344279412841195	-0.328865488998964	-0.847923531043376	-0.182857781698242	-0.808689017679959	-0.259880322156993	-0.944572724673798
-0.346245069221526	-0.320507261724223	-0.84663236964419	-0.173620282724718	-0.813979466863388	-0.259836841238936	-0.94200283420548
-0.348219207246439	-0.312124621241139	-0.845331404333988	-0.164363545551938	-0.819233342959573	-0.259767542551068	-0.939432416179609
-0.350201480263761	-0.303717763647904	-0.844020751369162	-0.155087962561362	-0.824450132356769	-0.259672307228662	-0.936861646255893
-0.352191537052592	-0.295286883596924	-0.84270052521801	-0.145793926074722	-0.829629324443911	-0.259551018593488	-0.934290696188778
-0.354189021929817	-0.286832174338836	-0.841370838486649	-0.136481828355572	-0.834770411612645	-0.259403562164987	-0.931719733812175
-0.356193574697468	-0.278353827784128	-0.840031801974173	-0.127152061636826	-0.839872889307564	-0.259229825670986	-0.929148922985679
-0.3582048308714	-0.269852034551821	-0.838683524502504	-0.117805018118311	-0.844936255995205	-0.259029699056633	-0.926578423618707
-0.360222421881537	-0.261326984054899	-0.837326112781034	-0.108441089980649	-0.84996001312632	-0.258803074509845	-0.924008391693709
-0.362245974313349	-0.252778864449688	-0.835959672006226	-0.0990606694007967	-0.854943665434458	-0.258549846432241	-0.921438978981781
-0.364275111325751	-0.244207862864776	-0.834584304777952	-0.0896641485637062	-0.859886720487719	-0.258269911510442	-0.918870333457666
-0.366309451338129	-0.235614165275178	-0.833200112138832	-0.0802519196639317	-0.86478868917593	-0.25796316866937	-0.916302598833296
-0.368348609104438	-0.226997956706887	-0.831807192754996	-0.0708243749342197	-0.869649085375852	-0.257629519125883	-0.913735914869429
-0.370392195382749	-0.218359421221337	-0.830405643200693	-0.0613819066406229	-0.874467426104954	-0.257268866383865	-0.911170417225493
-0.37243981672698	-0.2096987419688	-0.828995558129375	-0.0519249071074812	-0.879243231623077	-0.256881116239303	-0.908606237353948
-0.374491076082117	-0.201016101295748	-0.827577029848647	-0.0424537687239157	-0.883976025267713	-0.256466176808336	-0.906043502661713
-0.37654557263761	-0.192311680792701	-0.826150148446725	-0.0329688839573183	-0.888665333539151	-0.256023958536897	-0.903482336414962
-0.378602901693503	-0.183585661329033	-0.824715001927878	-0.0234706453650091	-0.893310686177443	-0.255554374206005	-0.900922857670017
-0.380662654973399	-0.174838223148788	-0.823271675993886	-0.0139594456104453	-0.897911616094059	-0.255057338950648	-0.898365181333349
-0.38272442079737	-0.166069545947722	-0.821820253940175	-0.00443567747149265	-0.902467659345499	-0.254532770282458	-0.895809418184235
-0.384787783609855	-0.157279808880306	-0.820360817049004	0.00510026614314318	-0.906978355328276	-0.253980588082257	-0.893255674689286
-0.38685232474113	-0.148469190706546	-0.81889344402819	0.0146479921775411	-0.911443246552394	-0.25340071463717	-0.890704053215674
-0.388917622050289	-0.1396378698022	-0.817418211326859	0.0242071074325612	-0.91586187880037	-0.252793074647595	-0.888154651880024
-0.390983249935473	-0.130786024239604	-0.815935193151152	0.0337772185278196	-0.920233801153962	-0.252157595231089	-0.885607564527879
-0.393048779833177	-0.12191383189436	-0.814444461118891	0.0433579319054633	-0.924558565856229	-0.25149420596219	-0.88306288085499
-0.395113779896261	-0.113021470470653	-0.812946084542243	0.0529488538142942	-0.928835728460503	-0.250802838865589	-0.880520686284025
-0.397177814966912	-0.104109117570972	-0.811440130483398	0.0625495902918938	-0.933064847868023	-0.250083428437881	-0.877981061913502
-0.399240447356883	-0.0951769508399924	-0.809926663196681	0.0721597471582958	-0.937245486096056	-0.249335911682878	-0.875444084756982
-0.401301235921511	-0.0862251479341047	-0.808405744871843	0.0817789299941141	-0.941377208629419	-0.248560228095746	-0.872909827404067
-0.403359737139564	-0.0772538867016559	-0.806877434854636	0.0914067441390998	-0.945459584081036	-0.24775631972121	-0.870378358351076
-0.405415503964945	-0.0682633451233872	-0.805341790562963	0.101042794662942	-0.949492184625596	-0.246924131110778	-0.867849741595428
-0.407468087687685	-0.0592537015912109	-0.803798866104044	0.110686686373207	-0.953474585382592	-0.246063609432884	-0.865324037226334
-0.409517035938514	-0.0502251347461735	-0.802248713850928	0.120338023781863	-0.957406365149772	-0.245174704387126	-0.862801300738181
-0.411561894269566	-0.0411778237319749	-0.800691383275098	0.129996411106503	-0.96128710588296	-0.244257368301061	-0.860281583531519
-0.413602205643626	-0.0321119481989651	-0.799126921382565	0.13966145224964	-0.965116392909172	-0.24331155611261	-0.857764932719773
-0.415637510600725	-0.0230276883981251	-0.797555372639425	0.14933275079354	-0.968893814902887	-0.242337225404371	-0.855251391162992
-0.417667347313314	-0.0139252252559507	-0.795976778972918	0.15900990997697	-0.972618963902362	-0.241334336413865	-0.852740997464907
-0.419691251761917	-0.00480474046016255	-0.79439117969321	0.168692532697023	-0.976291435278803	-0.240302852065298	-0.850233786010124
-0.421708757562145	0.00433358348339574	-0.792798611677747	0.178380221482255	-0.979910827838715	-0.239242737973634	-0.84772978688552
-0.423719396330388	0.0134895631383469	-0.791199109137219	0.18807257849035	-0.983476743723621	-0.23815396248357	-0.845229025986716
-0.425722697506695	0.0226630140938711	-0.7895927038159	0.197769205493858	-0.9869887885132	-0.237036496675856	-0.842731524933193
-0.427718188889953	0.0318537508211536	-0.787979424631435	0.20746970386698	-0.990446571066228	-0.235890314411638	-0.840237301241109
-0.429705395858737	0.0410615866988095	-0.786359298331984	0.217173674571913	-0.99384970383936	-0.234715392315073	-0.837746368035186
-0.431683842514533	0.0502863338077142	-0.784732348676043	0.226880718158295	-0.997197802512693	-0.233511709847659	-0.835258734419975
-0.43365305094209	0.0595278029421609	-0.783098597063436	0.236590434737616	-1.00049048629074	-0.232279249286794	-0.832774405219505
-0.435612541461655	0.0687858035045008	-0.781458062397766	0.24630242397744	-1.00372737785044	-0.231017995763978	-0.830293381041403
-0.437561833268943	0.0780601433730266	-0.779810760666244	0.256016285102689	-1.00690810315043	-0.229727937311075	-0.827815658487496
-0.439500443462151	0.0873506289196246	-0.778156705738664	0.265731616859888	-1.01003229181368	-0.228409064835469	-0.82534122979927
-0.441427888246554	0.0966570648196496	-0.776495908521413	0.275448017536317	-1.01309957674017	-0.227061372198356	-0.822870083268978
-0.443343682250671	0.105979254041821	-0.774828377537617	0.285165084925543	-1.01610959438363	-0.225684856200725	-0.820402202987958
-0.445247338764665	0.115316997758075	-0.773154118818564	0.294882416334075	-1.01906198471184	-0.2242795166204	-0.817937568913962
-0.447138370079467	0.124670095219603	-0.771473135709799	0.304599608558886	-1.02195639111843	-0.22284535624395	-0.815476156986239
-0.44901628757392	0.134038343694687	-0.769785428878345	0.314316257895686	-1.02479246043595	-0.221382380894565	-0.813017939140126
-0.450880600937106	0.143421538459421	-0.768090996973003	0.324031960110882	-1.02756984325406	-0.219890599422248	-0.810562883031662
-0.452730819573158	0.152819472578891	-0.766389835627213	0.333746310442584	-1.03028819345416	-0.218370023783519	-0.808110952515817
-0.454566452214838	0.162231936889801	-0.764681937834022	0.343458903605209	-1.03294716839285	-0.216820669050807	-0.80566210751104
-0.4563870057014	0.171658720029666	-0.762967294936245	0.353169333745407	-1.0355464293799	-0.215242553380207	-0.803216303555065
-0.458191987817241	0.181099608088098	-0.761245894562113	0.362877194481137	-1.03808564069922	-0.213635698160415	-0.800773492806328
-0.459980904129798	0.190554384858765	-0.759517723088188	0.37258207885793	-1.04056447079662	-0.212000127895955	-0.798333622914926
-0.461753261023656	0.200022831439883	-0.757782763429582	0.382283579359211	-1.04298259121936	-0.210335870365869	-0.795896638103533
-0.463508563495876	0.209504726409349	-0.756040996778784	0.391981287898024	-1.04533967746531	-0.208642956548474	-0.793462478367146
-0.465246316952647	0.218999845550572	-0.754292401337342	0.40167479581088	-1.04763540837211	-0.206921420726681	-0.791031080122906
-0.466966026046151	0.228507961908098	-0.752536953267269	0.411363693846922	-1.04986946658528	-0.205171300460785	-0.788602375785152
-0.468667195239511	0.238028845660543	-0.750774626356754	0.421047572169098	-1.05204153840203	-0.203392636634651	-0.786176293969709
-0.470349329507971	0.247562263972212	-0.749005391566859	0.4307260203531	-1.05415131355736	-0.201585473516924	-0.783752759741796
-0.472011932974012	0.257107981063709	-0.747229218154843	0.440398627366889	-1.0561984857735	-0.19974985872083	-0.781331694131249
-0.473654510688579	0.266665757968743	-0.745446072411005	0.450064981590836	-1.05818275215558	-0.197885843306676	-0.778913014765736
-0.475276567191998	0.276235352597409	-0.743655918835684	0.459724670791473	-1.06010381376607	-0.195993481749902	-0.776496635366275
-0.476877607606951	0.285816519563609	-0.741858719403687	0.469377282130257	-1.06196137527426	-0.194072832007446	-0.774082466131032
-0.478457137534194	0.295409010134418	-0.740054433730708	0.479022402165352	-1.06375514504428	-0.192123955540906	-0.771670413710013
-0.48001466288955	0.305012572162866	-0.738243019292872	0.488659616836584	-1.06548483524568	-0.190146917334461	-0.769260381147163
-0.481549689891447	0.314626950041808	-0.736424431525162	0.498288511475653	-1.06715016191047	-0.188141785920318	-0.76685226788159
-0.483061725792877	0.324251884547488	-0.734598623362281	0.507908670801471	-1.06875084471303	-0.186108633433636	-0.76444597001557
-0.484550278309015	0.333887112843267	-0.732765545770064	0.517519678916278	-1.07028660723618	-0.184047535616239	-0.762041380116985
-0.486014855943295	0.343532368375032	-0.730925147591877	0.527121119309359	-1.07175717690342	-0.181958571851083	-0.759638387344885
-0.487454968257625	0.353187380786824	-0.729077375443199	0.536712574857823	-1.07316228493287	-0.179841825205064	-0.757236877550582
-0.488870125571056	0.362851875884196	-0.727222174037534	0.546293627826322	-1.07450166650482	-0.177697382436497	-0.754836733184439
-0.490259839408355	0.372525575530191	-0.725359485949761	0.555863859868333	-1.07577506065097	-0.175525334041048	-0.75243783346024
-0.491623622581205	0.382208197573342	-0.72348925165161	0.565422852029707	-1.07698221027729	-0.173325774282425	-0.750040054404433
-0.492960988841579	0.391899455826072	-0.721611409877199	0.574970184749501	-1.07812286235626	-0.17109880119838	-0.747643268732001
-0.494271453719664	0.401599059924818	-0.719725897096957	0.5845054378672	-1.07919676766734	-0.168844516662214	-0.745247346169431
-0.495554533627415	0.411306715351833	-0.717832648290007	0.594028190618656	-1.08020368119224	-0.166563026374245	-0.742852153136075
-0.496809747039959	0.421022123270665	-0.715931596166841	0.603538021649141	-1.08114336173316	-0.164254439929068	-0.740457553195739
-0.498036613754624	0.430744980541631	-0.714022671827796	0.613034509012289	-1.08201557224803	-0.161918870813585	-0.738063406791223
-0.499234655420538	0.440474979617134	-0.712105804474727	0.622517230180974	-1.08282007971686	-0.159556436449958	-0.735669571457542
-0.500403395588961	0.450211808477152	-0.71018092148184	0.631985762046927	-1.08355665518051	-0.157167258226877	-0.733275901861175
-0.50154235928275	0.459955150626856	-0.708247948820961	0.641439680927669	-1.08422507396552	-0.154751461496787	-0.730882249643183
-0.502651074057933	0.469704684939509	-0.706306810384749	0.65087856258178	-1.08482511535049	-0.152309175651621	-0.728488463844601
-0.503729069381037	0.479460085672956	-0.704357428557567	0.660301982213007	-1.08535656286235	-0.149840534115583	-0.72609439068122
-0.504775876911001	0.489221022380304	-0.702399724118064	0.669709514466321	-1.08581920423212	-0.147345674379622	-0.723699873674877
-0.505791030304473	0.498987159900377	-0.70043361649641	0.679100733456173	-1.08621283154051	-0.144824738016719	-0.721304753593166
-0.506774066194121	0.508758158211164	-0.698459023157294	0.688475212769796	-1.08653724090632	-0.142277870745534	-0.718908868836243
-0.50772452313845	0.51853367247412	-0.696475860496482	0.697832525459685	-1.08679223295441	-0.139705222403079	-0.716512055068841
-0.508641942942603	0.528313352897991	-0.694484042976617	0.707172244091531	-1.08697761238466	-0.137106947027954	-0.714114145728861
-0.509525869004948	0.538096844816816	-0.692483484463102	0.7164939407108	-1.08709318866064	-0.134483202806311	-0.711714971432964
-0.510375848776695	0.547883788447501	-0.690474096523674	0.725797186895832	-1.08713877515247	-0.131834152198466	-0.709314360923863
-0.511191431583027	0.557673819047311	-0.688455790155584	0.735081553739581	-1.08711419002683	-0.129159961861039	-0.706912140266636
-0.511972170304104	0.567466566712971	-0.686428474657108	0.744346611878804	-1.08701925568164	-0.126460802745892	-0.704508133517134
-0.512717620637301	0.577261656433015	-0.684392058299121	0.75359193150823	-1.08685379909731	-0.123736850079964	-0.702102162457974
-0.513427341396158	0.587058708009236	-0.682346448214299	0.762817082381739	-1.08661765179234	-0.120988283396212	-0.699694046738808
-0.514100895055145	0.596857335989465	-0.68029155012217	0.772021633845599	-1.08631064968917	-0.118215286578696	-0.697283604116916
-0.514737846731131	0.606657149725076	-0.678227269196474	0.781205154838788	-1.08593263357411	-0.115418047830676	-0.694870650080393
-0.515337765889717	0.616457753190525	-0.676153508929522	0.790367213919729	-1.08548344851925	-0.112596759764855	-0.692454998541758
-0.515900224748442	0.62625874509864	-0.674070172428487	0.799507379271952	-1.08496294456392	-0.109751619350798	-0.690036461242938
-0.516424799810414	0.636059718749749	-0.671977161416371	0.808625218737064	-1.08437097620923	-0.106882827992767	-0.687614848380813
-0.516911070839454	0.645860262088349	-0.669874377096369	0.817720299818775	-1.08370740287433	-0.103990591504573	-0.685189968230526
-0.517358621965738	0.655659957590926	-0.667761719472193	0.826792189705772	-1.08297208855634	-0.101075120161463	-0.682761627616379
-0.517767040873057	0.665458382324735	-0.665639088066161	0.835840455295944	-1.08216490221502	-0.09813662868325	-0.68032963161424
-0.518135919327423	0.675255107879524	-0.663506381655521	0.844864663210848	-1.08128571764515	-0.0951753362683772	-0.677893783788408
-0.518464853643624	0.685049700312135	-0.661363498052625	0.853864379819019	-1.08033441337471	-0.0921914666185616	-0.675453886414934
-0.518753444047712	0.694841720196571	-0.659210334701066	0.862839171256902	-1.07931087298577	-0.089185247927788	-0.673009740251307
-0.519001295049906	0.704630722572597	-0.657046788527127	0.871788603444751	-1.07821498505015	-0.0861569129003287	-0.670561144721193
-0.519208016103306	0.714416256890837	-0.654872755583236	0.880712242120413	-1.07704664295272	-0.0831066987908927	-0.668107898208703
-0.519373220676633	0.724197867081444	-0.652688131849766	0.889609652854034	-1.07580574532493	-0.0800348473691467	-0.665649797715828
-0.519496527209312	0.733975091471328	-0.650492812670989	0.898480401072654	-1.07449219575931	-0.0769416049662616	-0.663186639285385
-0.519577558922332	0.743747462797317	-0.648286693010813	0.907324052089153	-1.07310590295615	-0.0738272224718589	-0.660718217952327
-0.519615943708585	0.753514508214592	-0.646069667668114	0.916140171116797	-1.07164678084887	-0.0706919553315963	-0.658244327738977
-0.519611314686502	0.763275749263936	-0.643841630994013	0.924928323310981	-1.07011474846727	-0.06753606357323	-0.655764761909927
-0.519563309640259	0.773030701904986	-0.641602477432002	0.933688073775585	-1.06850973023359	-0.0643598117883587	-0.653279312782085
-0.519471572092353	0.782778876456725	-0.639352100860469	0.942418987607746	-1.06683165562765	-0.0611634691662366	-0.650787772193739
-0.51933575032416	0.792519777668199	-0.637090395436857	0.951120629910512	-1.06508045964609	-0.0579473094661845	-0.648289931148682
-0.519155498288196	0.802252904674783	-0.634817255059428	0.959792565834366	-1.06325608252889	-0.0547116110422852	-0.645785580216274
-0.518930475025436	0.81197775104247	-0.632532573920652	0.968434360589798	-1.06135847006572	-0.0514566568221575	-0.643274509338376
-0.51866034580518	0.821693804708368	-0.630236245802607	0.977045579493491	-1.05938757323154	-0.0481827343429969	-0.640756508324791
-0.518344780909161	0.831400548084671	-0.62792816509577	0.985625787981309	-1.05734334874402	-0.0448901357045089	-0.638231366409003
-0.517983456671617	0.841097458007534	-0.625608226161867	0.994174551652821	-1.0552257587336	-0.0415791575968522	-0.635698872692492
-0.517576055354699	0.850784005766936	-0.623276323560018	1.002691436289	-1.05303477087726	-0.0382501012849076	-0.633158816153057
-0.517122264961076	0.860459657140655	-0.620932352305259	1.01117600789299	-1.05077035854778	-0.0349032726054965	-0.630610985595137
-0.516621779691487	0.870123872408701	-0.618576207667587	1.01962783271992	-1.04843250072123	-0.0315389819549247	-0.628055169881792
-0.516074300153282	0.879776106342545	-0.616207785143874	1.02804647730401	-1.04602118196717	-0.0281575442970111	-0.625491158063873
-0.515479532485527	0.88941580832308	-0.613826981222199	1.03643150849525	-1.04353639287921	-0.0247592791151954	-0.622918739059786
-0.514837190026332	0.899042422248614	-0.611433692299601	1.04478249349677	-1.04097812949841	-0.0213445104533805	-0.620337702383122
-0.51414699204344	0.908655386660517	-0.609027815726637	1.05309899988806	-1.03834639388756	-0.0179135668603933	-0.61774783766233
-0.513408664475898	0.918254134741114	-0.606609249395818	1.06138059567068	-1.03564119392785	-0.0144667813932672	-0.615148934991927
-0.512621939933774	0.927838094348821	-0.60417789186884	1.06962684929329	-1.03286254338725	-0.0110044915977367	-0.612540784971027
-0.51178655769199	0.937406688065273	-0.601733642507096	1.07783732969274	-1.03001046201187	-0.00752703949363082	-0.609923178751581
-0.510902263927027	0.946959333236408	-0.599276401417825	1.08601160633215	-1.02708497550541	-0.00403477155257875	-0.607295908171712
-0.509968811816586	0.956495442007904	-0.596806069518008	1.09414924923146	-1.02408611556956	-0.000528038681377185	-0.604658765848087
-0.508985961257147	0.966014421393491	-0.594322548848669	1.10224982899859	-1.02101392009341	0.00299280381170497	-0.60201154510714
-0.507953479545117	0.975515673307364	-0.591825742214669	1.1103129168902	-1.01786843296159	0.00652739622516996	-0.599354040296818
-0.50687114117226	0.984998594604353	-0.589315553448932	1.11833808481501	-1.01464970420992	0.0100753744960089	-0.596686046769046
-0.505738727695354	0.994462577183886	-0.586791887632665	1.12632490540532	-1.0113577901579	0.0136363702371439	-0.594007360855575
-0.504556028221748	1.00390700799446	-0.584254650856486	1.13427295203133	-1.00799275328614	0.017210010749398	-0.591317780123446
-0.503322839192827	1.01333126913078	-0.581703750508922	1.14218179885126	-1.00455466240121	0.0207959190678814	-0.588617103331635
-0.502038964970558	1.0227347378583	-0.579139094959269	1.15005102084922	-1.00104359247571	0.0243937139727743	-0.585905130716047
-0.50070421704479	1.03211678673984	-0.576560594257258	1.15788019387325	-0.997459625037972	0.0280030100564266	-0.583181663720123
-0.499318415043165	1.04147678363967	-0.573968159509775	1.16566889467487	-0.993802847838204	0.0316234177233435	-0.580446505445253
-0.497881386027493	1.05081409184934	-0.571361703517403	1.17341670095134	-0.990073355207982	0.0352545432587489	-0.577699460424019
-0.496392965488646	1.06012807010888	-0.568741140163753	1.18112319138766	-0.986271247731596	0.0388959888397364	-0.574940335068608
-0.494852996434314	1.06941807273564	-0.566106385184728	1.18878794569308	-0.982396632677268	0.0425473526001682	-0.572168937348627
-0.493261330165168	1.07868344966638	-0.56345735572616	1.19641054464592	-0.978449623759398	0.0462082286594653	-0.569385077158702
-0.491617826014534	1.08792354656506	-0.560793970644791	1.20399057013656	-0.974430341314086	0.0498782071745377	-0.566588566262183
-0.489922351602196	1.09713770488681	-0.558116150424004	1.21152760520263	-0.970338912256397	0.053556874382403	-0.563779218441141
-0.48817478289867	1.10632526197538	-0.555423817250489	1.21902123408277	-0.966175470131003	0.0572438126454078	-0.560956849581684
-0.486375004153744	1.11548555116195	-0.552716895159622	1.22647104225171	-0.9619401551961	0.0609386005115883	-0.5581212776814
-0.484522908267532	1.12461790182877	-0.549995309885143	1.23387661645824	-0.957633114346684	0.064640812753522	-0.555272323070233
-0.482618396312251	1.13372163955586	-0.547258989300747	1.24123754478375	-0.953254501364686	0.0683500204378754	-0.55240980824478
-0.480661378452762	1.14279608615486	-0.544507862858701	1.24855341667091	-0.948804476610249	0.072065790962049	-0.549533558310888
-0.478651772997385	1.15184055983047	-0.541741862383094	1.25582382297212	-0.944283207467034	0.0757876881323991	-0.546643400642144
-0.476589507527492	1.16085437523575	-0.538960921347365	1.26304835600191	-0.939690867943987	0.079515272201354	-0.543739165388746
-0.474474517956791	1.16983684361313	-0.536164975652953	1.27022660956194	-0.93502763911138	0.0832480999531995	-0.540820685152432
-0.472306749533191	1.17878727287773	-0.533353963004191	1.27735817901056	-0.930293708754942	0.0869857247412578	-0.537887795433456
-0.470086156176192	1.18770496774034	-0.530527823480342	1.28444266128394	-0.925489271695473	0.0907276965717713	-0.534940334433798
-0.467812700745612	1.19658922982929	-0.527686499431301	1.29147965495327	-0.920614529734742	0.0944735621683512	-0.531978143186895
-0.465486355487044	1.20543935778189	-0.524829935253712	1.29846876027004	-0.915669691527121	0.0982228650283079	-0.529001065821821
-0.463107101551119	1.21425464737901	-0.521958077817852	1.30540957920225	-0.910654972822555	0.10197514550573	-0.526008949399359
-0.460674929100208	1.22303439168378	-0.519070876485506	1.31230171549143	-0.905570596473698	0.105729940883412	-0.523001644006371
-0.45818983839932	1.23177788109607	-0.516168282407248	1.31914477468872	-0.900416792038561	0.109486785425085	-0.519979003275106
-0.455651837701576	1.24048440358904	-0.513250250119224	1.32593836420247	-0.895193796681903	0.113245210495549	-0.516940883529937
-0.453060945761918	1.24915324472416	-0.510316735828853	1.33268209334661	-0.889901854202096	0.117004744590206	-0.513887144907299
-0.45041719018199	1.25778368785362	-0.507367698672878	1.33937557338515	-0.884541215740831	0.120764913442775	-0.510817650703654
-0.44772060808973	1.26637501422638	-0.504403100306139	1.34601841757079	-0.879112139544364	0.124525240102716	-0.507732267708727
-0.444971246357173	1.27492650311981	-0.501422904829907	1.35261024120567	-0.873614890922442	0.12828524500811	-0.504630866361266
-0.44216916096787	1.28343743199311	-0.498427079298314	1.35915066166578	-0.868049742524885	0.132044446086409	-0.501513320509017
-0.439314417912673	1.29190707661161	-0.495415593163018	1.36563929847325	-0.86241697402592	0.135802358824169	-0.498379507857361
-0.436407092841373	1.30033471117641	-0.492388418581513	1.37207577331561	-0.856716872289442	0.139558496359951	-0.49522930986251
-0.433447270518195	1.30871960851492	-0.48934553086899	1.37845971010808	-0.850949731618672	0.143312369592127	-0.49206261154694
-0.430435046168187	1.31706104015764	-0.48628690760244	1.38479073503225	-0.845115853240069	0.147063487237954	-0.488879302127154
-0.427370524071713	1.32535827655469	-0.483212529682309	1.39106847658954	-0.839215545898692	0.150811355958784	-0.485679274456974
-0.424253818871151	1.33361058715847	-0.480122380455528	1.39729256563154	-0.833249125346575	0.154555480428094	-0.482462425638708
-0.421085054570502	1.3418172406354	-0.477016446482237	1.40346263542598	-0.82721691477386	0.1582953634513	-0.479228656638686
-0.417864365368947	1.34997750496441	-0.473894716996326	1.40957832168079	-0.821119244485857	0.162030506043485	-0.475977872698041
-0.414591894999816	1.35809064763964	-0.470757184420689	1.4156392626089	-0.814956452187932	0.165760407546664	-0.472709983085406
-0.411267797149839	1.36615593579276	-0.467603844116538	1.42164509895668	-0.808728882828846	0.169484565721682	-0.469424901335058
-0.407892235778223	1.37417263635173	-0.464434694204319	1.42759547406099	-0.802436888484442	0.173202476843631	-0.466122545428993
-0.404465384178626	1.38214001622952	-0.461249736260272	1.43349003388749	-0.796080828742302	0.17691363582821	-0.462802837431608
-0.400987425973776	1.39005734245357	-0.45804897465368	1.43932842708117	-0.789661070308645	0.180617536313689	-0.45946570396338
-0.397458554585367	1.39792388234647	-0.454832416963091	1.4451103050061	-0.783177987227601	0.184313670784683	-0.456111076035215
-0.39387897346585	1.40573890367013	-0.451600073829661	1.45083532178381	-0.776631960783036	0.188001530670279	-0.452738889172188
-0.390248895935363	1.41350167482349	-0.448351959113191	1.45650313435769	-0.770023379570467	0.191680606460534	-0.449349083393558
-0.386568545372085	1.42121146497637	-0.445088089779222	1.46211340251406	-0.763352639411297	0.195350387815971	-0.445941603346711
-0.382838155104592	1.42886754425603	-0.441808485995399	1.46766578894317	-0.756620143390757	0.199010363675325	-0.442516398295345
-0.379057968254853	1.43646918391344	-0.438513171264254	1.47315995926789	-0.749826301914863	0.202660022382645	-0.439073422092984
-0.375228238341435	1.44401565648183	-0.43520217201326	1.4785955821017	-0.74297153245112	0.206298851779647	-0.435612633496507
-0.371349228317192	1.45150623597126	-0.431875518289271	1.48397232908362	-0.736056259906942	0.209926339348659	-0.432133995782236
-0.367421211410146	1.45894019801832	-0.428533243168383	1.48928987491928	-0.729080916268193	0.213541972310612	-0.428637477146832
-0.363444470814739	1.46631682006806	-0.425175382991305	1.49454789742873	-0.722045940708821	0.217145237747809	-0.425123050633136
-0.35941929933811	1.47363538155507	-0.421801977608161	1.49974607758513	-0.714951779709566	0.220735622732303	-0.42159069399178
-0.355346000064427	1.48089516406674	-0.41841306991186	1.5048840995607	-0.707798886760924	0.224312614432488	-0.418040390027741
-0.351224885721896	1.48809545152065	-0.415008706288411	1.50996165075895	-0.700587722597706	0.227875700244684	-0.414472126357646
-0.347056279038832	1.49523553035488	-0.411588936347407	1.51497842187107	-0.693318755015104	0.231424367912875	-0.410885895595403
-0.342840512437576	1.50231468968737	-0.40815381314202	1.51993410690038	-0.685992458968943	0.234958105651648	-0.40728169526949
-0.338577928288425	1.50933222149874	-0.404703392968553	1.52482840321316	-0.678609316427742	0.238476402268199	-0.403659527959177
-0.334268878658756	1.516287420819	-0.401237735530191	1.52966101157766	-0.671169816439415	0.24197874729219	-0.400019401226082
-0.329913725342468	1.52317958589343	-0.39775690389815	1.53443163619893	-0.663674455076424	0.245464631096842	-0.396361327661354
-0.325512839954412	1.53000801837214	-0.39426096441908	1.53913998476671	-0.65612373534979	0.248933545027558	-0.392685324958286
-0.321066603655468	1.53677202347421	-0.390749986886485	1.5437857684806	-0.648518167275763	0.252384981526202	-0.388991415834483
-0.316575407152297	1.54347091019327	-0.387224044512247	1.54836870210892	-0.640858267825811	0.25581843426585	-0.385279628050073
-0.31203965106863	1.55010399143796	-0.383683213622754	1.55288850400093	-0.633144560711729	0.259233398266674	-0.381549994616759
-0.30745974514626	1.55667058424985	-0.380127574203137	1.5573448961496	-0.62537757667025	0.262629370037314	-0.37780255347164
-0.302836108889731	1.56317000996106	-0.376557209383732	1.56173760421478	-0.617557853124867	0.266005847694949	-0.374037347788181
-0.298169170945856	1.56960159437206	-0.372972205849198	1.56606635755827	-0.609685934386595	0.269362331098692	-0.370254425741234
-0.293459369734989	1.57596466794258	-0.369372653341138	1.57033088929083	-0.601762371324588	0.272698321977058	-0.366453840808134
-0.288707152372836	1.58225856596225	-0.365758645367142	1.57453093629797	-0.593787721740346	0.276013324061429	-0.362635651319443
-0.283912975936718	1.58848262872205	-0.362130278256045	1.57866623927806	-0.585762549776714	0.279306843208614	-0.358799921055419
-0.279077306048925	1.59463620171194	-0.358487652102057	1.58273654278246	-0.577687426422946	0.282578387541761	-0.354946718629068
-0.274200617783105	1.60071863577482	-0.354830870063272	1.58674159524064	-0.569562929069595	0.2858274675707	-0.351076117935556
-0.269283395053915	1.60672928729755	-0.351160038726706	1.5906811489988	-0.561389641669879	0.289053596327735	-0.347188197882653
-0.264326130881232	1.61266751838482	-0.347475267856001	1.59455496035976	-0.55316815455464	0.292256289496397	-0.343283042548714
-0.259329327047281	1.61853269702625	-0.343776670571005	1.59836278959782	-0.544899064484794	0.295435065541617	-0.339360741050176
-0.254293494147517	1.62432419727537	-0.340064363217374	1.60210440100646	-0.536582974537347	0.298589445839478	-0.335421387577528
-0.249219151446267	1.6300413994331	-0.336338465414865	1.60577956293122	-0.528220494077192	0.301718954807469	-0.331465081363669
-0.244106826906204	1.63568369019296	-0.332599099940878	1.60938804778227	-0.519812238645362	0.304823120032389	-0.327491926712997
-0.238957057033168	1.64125046284508	-0.328846392758542	1.61292963208852	-0.5113588299267	0.307901472403393	-0.323502032948397
-0.23377038644265	1.64674111741633	-0.325080473235928	1.6164040965078	-0.502860895825935	0.310953546235344	-0.319495514238599
-0.228547368846144	1.65215506086203	-0.321301473364455	1.61981122587156	-0.494319069957255	0.313978879401156	-0.315472490063695
-0.223288565196211	1.65749170721304	-0.317509528960758	1.62315080919816	-0.485733992301507	0.316977013457537	-0.311433084386858
-0.217994545309241	1.66275047776097	-0.313704778437285	1.62642263973883	-0.477106308428316	0.319947493772198	-0.30737742641157
-0.212665886875907	1.66793080120423	-0.309887363393935	1.62962651498492	-0.468436669789268	0.322889869653981	-0.303305650147301
-0.207303175183582	1.67303211382182	-0.306057428705542	1.63276223671352	-0.459725733718663	0.325803694469516	-0.299217894294601
-0.201907003941015	1.67805385963357	-0.302215121841698	1.63582961100027	-0.450974162971657	0.328688525779997	-0.295114302637012
-0.196477974009457	1.68299549055814	-0.298360593647184	1.63882844825626	-0.442182626131882	0.331543925458679	-0.290995023477403
-0.191016694045892	1.68785646655673	-0.294493997770762	1.64175856323506	-0.433351797217402	0.334369459809324	-0.286860209939621
-0.185523780299901	1.69263625582007	-0.290615490698198	1.64461977508314	-0.424482355638994	0.337164699702457	-0.282710019890609
-0.179999856066732	1.69733433488678	-0.286725232010676	1.64741190733897	-0.415574986297407	0.339929220681268	-0.278544615696708
-0.174445552239388	1.70195018882047	-0.282823383884578	1.65013478796916	-0.406630379224421	0.342662603095741	-0.274364164487451
-0.168861506553208	1.70648331134574	-0.278910111482289	1.65278824938982	-0.397649229754993	0.345364432208485	-0.270168837821438
-0.163248363652613	1.71093320499927	-0.274985582785492	1.65537212848645	-0.38863223836999	0.348034298322066	-0.265958811718148
-0.15760677537105	1.71529938127031	-0.271049968271209	1.65788626663065	-0.379580110435596	0.350671796889537	-0.261734266800318
-0.151937400023811	1.71958136076333	-0.267103441258354	1.66033050970517	-0.370493556351298	0.353276528650692	-0.257495387963158
-0.146240902396289	1.72377867330092	-0.263146177797324	1.66270470813491	-0.361373291420053	0.355848099695306	-0.253242364395667
-0.140517953862218	1.72789085809176	-0.259178356427803	1.66500871687736	-0.352220035636786	0.358386121634413	-0.248975389610329
-0.134769232229853	1.73191746386299	-0.25520015816366	1.66724239546957	-0.343034513617363	0.360890211677796	-0.244694661399869
-0.128995421111305	1.73585804897669	-0.25121176677223	1.6694056080315	-0.333817454697155	0.363359992750202	-0.240400381539052
-0.123197210458253	1.7397121815774	-0.247213368258448	1.67149822328444	-0.324569592558138	0.365795093602808	-0.236092756027539
-0.117375295887873	1.743479439704	-0.24320515119064	1.67352011457314	-0.31529166535571	0.368195148910802	-0.231771994795626
-0.111530378826108	1.74715941142539	-0.239187306434685	1.67547115986929	-0.305984415491567	0.370559799392767	-0.227438311754036
-0.105663166350439	1.75075169496322	-0.235160027118708	1.67735124180434	-0.296648589524107	0.372888691899421	-0.223091924724139
-0.0997743705492271	1.75425589878821	-0.231123508919018	1.67916024766761	-0.287284938271709	0.375181479514264	-0.218733055152687
-0.0938647094976819	1.75767164177541	-0.227077949216781	1.68089806942782	-0.277894216234337	0.377437821671479	-0.214361928538853
-0.0879349056084333	1.7609985532711	-0.223023548086176	1.68256460374731	-0.268477182120169	0.379657384221226	-0.20997877368395
-0.0819856867408653	1.76423627324172	-0.218960507363697	1.68415975198581	-0.259034598212998	0.381839839560753	-0.20558382319924
-0.0760177853936506	1.76738445235496	-0.214889031028676	1.68568342022116	-0.249567230528935	0.383984866701336	-0.201177313115863
-0.070031938585513	1.77044275209229	-0.210809325130568	1.68713551925855	-0.240075848703697	0.386092151366438	-0.196759482835873
-0.0640288880264239	1.7734108448505	-0.206721597491244	1.68851596463516	-0.230561225736753	0.388161386086463	-0.192330575198296
-0.0580093794292635	1.77628841402971	-0.202626058012967	1.68982467663763	-0.221024138106873	0.390192270275924	-0.187890836152171
-0.051974163029711	1.77907515413944	-0.198522918143929	1.69106158030029	-0.211465365374808	0.392184510329907	-0.183440514994804
-0.0459239927131372	1.7817707708718	-0.194412391300525	1.69222660542312	-0.201885690364778	0.394137819694072	-0.178979863951767
-0.0398596260935136	1.78437498120003	-0.190294692645643	1.6933196865795	-0.192285898955008	0.396051918948925	-0.174509138207823
-0.0337818248491717	1.78688751346504	-0.186170038661504	1.69434076311148	-0.182666779744295	0.397926535896504	-0.170028596046701
-0.0276913536059742	1.78930810743307	-0.18203864775318	1.69528977914659	-0.173029124344498	0.399761405619647	-0.165538498329176
-0.0215889806385872	1.79163651439863	-0.17790073957108	1.69616668360023	-0.163373726891347	0.401556270567916	-0.161039108800387
-0.0154754771637677	1.79387249723829	-0.17375653532381	1.69697143017964	-0.153701384158517	0.403310880622766	-0.156530693751489
-0.00935161721893341	1.79601583047898	-0.169606257665988	1.69770397738791	-0.144012895415185	0.405024993162778	-0.15201352195171
-0.00321817788179191	1.79806630037496	-0.16545013036634	1.69836428852502	-0.13430906214465	0.40669837313452	-0.1474878647309
0.00292406129204226	1.80002370496851	-0.161288378503821	1.69895233169629	-0.124590688087317	0.408330793120294	-0.142953995710016
0.00907431850885598	1.80188785412049	-0.157121228442025	1.69946807980724	-0.114858579150917	0.409922033376729	-0.138412190669845
0.0152318096747206	1.8036585695996	-0.152948907596651	1.69991151057412	-0.105113543185986	0.411471881917234	-0.133862727565215
0.0213957484945793	1.80533568510844	-0.148771644316592	1.70028260650706	-0.0953563898378751	0.412980134555405	-0.129305886466202
0.0275653469588022	1.80691904634531	-0.144589668011175	1.70058135493377	-0.0855879305484419	0.414446594959851	-0.124741949305729
0.0337398154616753	1.80840851102243	-0.140403209055395	1.70080774797832	-0.0758089784156923	0.415871074694474	-0.120171199819163
0.039918362622765	1.80980394893814	-0.13621249846163	1.70096178256975	-0.0660203479169175	0.417253393288679	-0.115593923598001
0.0461001959973784	1.81110524197697	-0.132017768173454	1.70104346043654	-0.0562228550099186	0.418593378252473	-0.111010407747691
0.0522845218879076	1.8123122841625	-0.127819250741512	1.70105278810532	-0.0464173168554793	0.419890865141027	-0.106420940953922
0.0584705456289358	1.8134249816763	-0.123617179326296	1.70098977689699	-0.0366045517387614	0.421145697580633	-0.101825813330125
0.0646574719312676	1.81444325287451	-0.11941178772723	1.70085444292166	-0.026785379010158	0.422357727308177	-0.0972253162374037
0.0708445046952444	1.81536702832116	-0.115203310067369	1.70064680707534	-0.0169606188111515	0.423526814205558	-0.0926197423538055
0.0770308475273873	1.81619625078695	-0.110991980944664	1.70036689502757	-0.00713109208910767	0.424652826330699	-0.0880093854079833
0.0832157039189485	1.81693087526767	-0.106778035353305	1.70001473723153	0.00270237953142738	0.425735639936319	-0.0833945400748881
0.0893982770603652	1.81757086899482	-0.102561708365811	1.69959036889472	0.0125389740215087	0.426775139510501	-0.0787755020479342
0.0955777704986227	1.81811621142597	-0.0983432353795499	1.69909382998939	0.0223778688779319	0.427771217780492	-0.0741525677036559
0.10175338816279	1.8185668942508	-0.0941228519359405	1.69852516524184	0.0322182413115546	0.428723775740377	-0.0695260340682347
0.107924334064952	1.818922921404	-0.0899007933190532	1.69788442411007	0.0420592685739241	0.429632722679082	-0.0648961989348495
0.114089813568696	1.81918430900142	-0.0856772952226303	1.69717166079257	0.0519001276271802	0.43049797615733	-0.0602633602529989
0.120249032285885	1.81935108540198	-0.0814525928020671	1.69638693420492	0.0617399958049158	0.431319462066274	-0.055627816613224
0.126401197159426	1.81942329113142	-0.0772269212135912	1.69553030797573	0.0715780505581576	0.432097114595856	-0.0509898667263586
0.132545516579957	1.81940097887787	-0.0730005154944702	1.69460185043832	0.0814134696144886	0.432830876248669	-0.0463498093361547
0.138681199867541	1.81928421348384	-0.0687736100182801	1.69360163460217	0.0912454313808653	0.433520697859605	-0.041707943446545
0.144807458343527	1.8190730718968	-0.064546439024038	1.69252973816501	0.101073114707778	0.434166538570532	-0.0370645677920667
0.150923504774747	1.81876764315141	-0.0603192360467131	1.69138624347587	0.110895699309332	0.434768365843861	-0.0324199810748937
0.157028554177041	1.81836802831438	-0.0560922342666137	1.69017123754015	0.120712365633158	0.435326155439742	-0.0277744815636582
0.163121823594597	1.81787434045865	-0.0518656661668837	1.68888481199492	0.130522295142987	0.435839891416885	-0.0231283671754956
0.169202532177198	1.81728670462626	-0.0476397633877301	1.68752706309175	0.14032467049141	0.436309566121968	-0.0184819354087096
0.175269901855041	1.81660525775421	-0.0434147570054222	1.6860980916925	0.150118675421196	0.43673518016301	-0.0138354830166443
0.181323156972168	1.81583014864827	-0.0391908770771554	1.6845980032386	0.159903495125263	0.437116742400254	-0.00918930613547086
0.187361524836865	1.8149615379153	-0.0349683528360067	1.68302690774904	0.16967831620246	0.437454269920539	-0.00454370001956583
0.193384235713578	1.81399959789942	-0.0307474124934259	1.68138491978938	0.179442326855711	0.437747788013558	0.000101040988964574
0.199390522844928	1.8129445126498	-0.0265282830589353	1.67967215846453	0.189194717077151	0.437997330154222	0.00474462349431271
0.205379623214264	1.81179647778914	-0.0223111906868523	1.67788874739145	0.198934678515561	0.438202937949826	0.00938675542400125
0.211350776872482	1.81055570052608	-0.0180963600198147	1.67603481468914	0.208661404948407	0.438364661137372	0.0140271457421681
0.217303227898952	1.80922239950529	-0.0138840146678976	1.67411049295115	0.218374092069207	0.438482557521637	0.0186655049200235
0.223236223838658	1.80779680479765	-0.00967437663729198	1.67211591922612	0.228071937905916	0.438556692966259	0.0233015447014262
0.229149016595043	1.80627915775657	-0.00546766675579846	1.67005123500687	0.237754142642349	0.438587141319309	0.0279349785425875
0.235040862025804	1.80466971097787	-0.00126410423101353	1.66791658619309	0.247419908952135	0.438573984398425	0.0325655214423737
0.240911020188417	1.80296872821085	0.00293609338114509	1.66571212308213	0.257068442101521	0.438517311941739	0.037192890090576
0.246758755925031	1.80117648422531	0.00713270992991344	1.66343800034244	0.266698949864169	0.438417221536632	0.0418168031554589
0.252583338399448	1.79929326477398	0.0113255311823823	1.66109437698755	0.276310642910116	0.438273818602199	0.0464369811016829
0.258384041780357	1.79731936645105	0.0155143445099148	1.65868141636153	0.285902734683458	0.438087216310527	0.0510531465174324
0.264160145067527	1.79525509661594	0.019698939189905	1.6561992861045	0.29547444166006	0.437857535544302	0.0556650240714496
0.269910932252759	1.79310077328396	0.0238791064612887	1.65364815813124	0.305024983450419	0.437584904839523	0.0602723406066263
0.275635692802922	1.79085672500752	0.0280546393546244	1.65102820861557	0.314553582766719	0.437269460311755	0.0648748253783693
0.281333721449589	1.78852329077288	0.03222533301106	1.64833961794899	0.324059465683174	0.436911345605811	0.0694722099993106
0.287004318127032	1.78610081993003	0.0363909848787869	1.64558257072749	0.333541861832792	0.43651071184598	0.0740642284089987
0.292646789045115	1.78358967197348	0.0405513941373337	1.64275725571901	0.343000004112332	0.43606771751811	0.0786506174144663
0.298260445737525	1.78099021653985	0.0447063625172994	1.63986386584149	0.352433129260699	0.435582528462196	0.0832311162580202
0.303844605870629	1.77830283320439	0.0488556938880724	1.63690259812645	0.361840477665465	0.435055317753758	0.0878054670198636
0.309398593102111	1.77552791140239	0.0529991945172892	1.63387365370003	0.371221293591517	0.434486265659809	0.0923734145693023
0.314921737456286	1.77266585027015	0.0571366729576472	1.63077723775515	0.380574825176866	0.433875559538323	0.096934706765972
0.320413375014289	1.76971705855559	0.0612679404167205	1.62761355951196	0.389900324720471	0.433223393790733	0.101489094328167
0.325872848614822	1.76668195443636	0.0653928104041301	1.62438283220269	0.399197048530003	0.432529969748448	0.106036331180726
0.331299507594279	1.76356096541712	0.0695110990755476	1.62108527303147	0.408464257197066	0.431795495612055	0.110576174362886
0.336692707835623	1.76035452820314	0.0736226253150729	1.61772110314808	0.417701215708721	0.43102018637026	0.115108384054263
0.342051812320332	1.7570630885198	0.0777272105147442	1.61429054761962	0.42690719337049	0.430204263695892	0.119632723858065
0.347376190817539	1.75368710101222	0.0818246789079935	1.61079383539708	0.436081464075061	0.429347955877179	0.124148960678694
0.352665220151704	1.75022702908218	0.0859148575239055	1.60723119928217	0.445223306329928	0.428451497720265	0.128656864852805
0.357918284438874	1.74668334473872	0.0899975761539662	1.60360287590323	0.454332003297503	0.427515130455016	0.133156210285923
0.363134775116014	1.74305652844692	0.0940726674529824	1.59990910567169	0.463406842912462	0.426539101644435	0.137646774475031
0.368314090679611	1.73934706902774	0.0981399672479455	1.59615013276089	0.472447118130631	0.425523665110836	0.142128338408043
0.37345563767674	1.7355554634042	0.102199313973872	1.59232620506576	0.48145212663403	0.42446908079391	0.146600687037035
0.378558829653375	1.73168221657503	0.106250549513687	1.58843757417088	0.490421171406824	0.423375614714711	0.15106360880407
0.383623088521357	1.72772784132434	0.110293518370164	1.58448449532635	0.499353560276389	0.42224353880561	0.155516896292951
0.388647843401313	1.72369285819206	0.114328068581027	1.5804672273938	0.508248606527983	0.421073130885639	0.159960345702259
0.393632531568988	1.71957779522999	0.118354051165559	1.576386032831	0.517105628619841	0.419864674506713	0.164393757299097
0.398576598408973	1.7153831878573	0.122371320267378	1.57224117765124	0.525923950320833	0.418618458860524	0.168816935413152
0.403479497076309	1.71110957873821	0.126379733485504	1.56803293138417	0.534702900961914	0.417334778697627	0.173229688281595
0.408340689196207	1.70675751755772	0.130379151496718	1.56376156704564	0.543441815254814	0.416013934191845	0.177631828398694
0.413159644475358	1.70232756090788	0.134369438412552	1.55942736110165	0.55214003356005	0.414656230855502	0.182023172338786
0.417935840731243	1.69782027212032	0.138350461850734	1.55503059342511	0.560796901977828	0.413261979438442	0.186403540771929
0.42266876479527	1.69323622102335	0.142322092411773	1.55057154727664	0.569411772068373	0.411831495773555	0.190772758913438
0.427357911292114	1.68857598389832	0.146284204591396	1.54605050924639	0.577984001466525	0.410365100737969	0.195130655944287
0.432002783828656	1.68384014320805	0.150236676053017	1.54146776923815	0.586512953470342	0.408863120086349	0.19947706557949
0.436602894428234	1.67902928746944	0.154179388095366	1.53682362041199	0.594997997374863	0.407325884366505	0.203811825822853
0.441157763914457	1.67414401107958	0.158112225463358	1.53211835916676	0.603438508399806	0.405753728801283	0.208134779134395
0.445666921631116	1.66918491415462	0.162035076608114	1.52735228508684	0.611833867888906	0.404146993184935	0.212445772315217
0.450129906166608	1.66415260229903	0.165947833266455	1.52252570091818	0.62018346309034	0.402506021738663	0.216744656850287
0.454546264504724	1.65904768653112	0.169850391104731	1.51763891251527	0.628486687593466	0.400831163051693	0.221031288518747
0.458915552618677	1.65387078304445	0.173742649374364	1.51269222881291	0.636742941156648	0.399122769930257	0.22530552767136
0.463237335810107	1.64862251300064	0.177624510740104	1.50768596178834	0.644951629633767	0.397381199264026	0.229567239393824
0.467511187941111	1.64330350246236	0.181495881854232	1.50262042641895	0.65311216536923	0.395606811973634	0.233816293143729
0.471736692328889	1.63791438209931	0.185356672812165	1.49749594064361	0.661223966893637	0.393799972826131	0.238052563189761
0.475913440878745	1.63245578713016	0.189206797774844	1.4923128253182	0.669286459344665	0.391961050389852	0.242275928186209
0.480041035198775	1.62692835703307	0.193046174268185	1.48707140419684	0.677299074066745	0.390090416844163	0.246486271704094
0.484119085934764	1.62133273542156	0.196874723671525	1.48177200386748	0.685261248941887	0.388188447905757	0.25068348192514
0.488147212382994	1.61566956995494	0.20069237152387	1.47641495371807	0.693172428614663	0.386255522751247	0.254867451451535
0.492125044096181	1.60993951195033	0.204499046459528	1.47100058592119	0.701032063861545	0.384292023783147	0.259038078055607
0.496052218974974	1.6041432164499	0.208294681549814	1.46552923535351	0.708839612450163	0.382298336652218	0.263195263795313
0.499928384715714	1.59828134187534	0.212079213338434	1.4600012395912	0.716594538569926	0.380274850042432	0.267338915677873
0.503753198174278	1.59235454992641	0.215852582300613	1.45441693884896	0.724296313145079	0.378221955599559	0.27146894536445
0.507526325790292	1.5863635053613	0.219614732583584	1.44877667595114	0.731944413696256	0.37614004778545	0.275585269362499
0.51124744284281	1.58030887591985	0.223365612524895	1.44308079628128	0.739538324692035	0.374029523818219	0.279687808677209
0.51491623457664	1.57419133200523	0.227105173906506	1.43732964775295	0.747077537105706	0.371890783478553	0.28377648932415
0.518532395287707	1.56801154663233	0.230833372583172	1.43152358076157	0.754561548830884	0.369724229055419	0.287851241904558
0.522095628706559	1.56177019520197	0.234550168245529	1.42566294814336	0.761989864555085	0.367530265208801	0.291912001777306
0.525605648088401	1.55546795532566	0.238255524349695	1.41974810514042	0.769361995738488	0.365309298845307	0.29595870908844
0.529062176082201	1.54910550666962	0.241949408215758	1.41377940935827	0.77667746069407	0.363061739018854	0.299991308704561
0.532464944499211	1.54268353080746	0.24563179119258	1.4077572207144	0.783935784710643	0.360787996824954	0.304009750103862
0.535813694936965	1.53620271098268	0.24930264821782	1.40168190141843	0.791136499796175	0.358488485250309	0.30801398764374
0.539108178343822	1.52966373198504	0.252961958112141	1.39555381591516	0.798279144879538	0.356163619086487	0.312003980358799
0.542348154634831	1.52306728003991	0.256609703841115	1.38937333084219	0.805363265987846	0.353813814846584	0.315979691773272
0.54553339382804	1.51641404248221	0.260245871719911	1.38314081500254	0.812388415769971	0.351439490568411	0.3199410904135
0.548663674856426	1.50970470775902	0.263870452203607	1.37685663931519	0.819354154001861	0.349041065789684	0.323888149238782
0.551738785890682	1.50293996521444	0.267483439666538	1.37052117676664	0.826260047461308	0.346618961419624	0.327820845799243
0.554758525147581	1.49612050480913	0.271084831810209	1.36413480239372	0.833105669574924	0.344173599553955	0.331739162573397
0.55772269943527	1.48924701716821	0.274674630646676	1.35769789321386	0.839890601041254	0.34170540348771	0.335643086301185
0.560631125428201	1.48232019322769	0.278252841590387	1.35121082820633	0.846614429276166	0.339214797501427	0.339532608545356
0.563483628900407	1.47534072418501	0.281819473967104	1.34467398825591	0.853276748740833	0.336702206814123	0.343407725338307
0.566280044664857	1.46830930135908	0.28537454100297	1.33808775613137	0.859877160944461	0.334168057472505	0.34726843712185
0.569020217281169	1.4612266159047	0.288918059323018	1.33145251642075	0.86641527414022	0.3316127762037	0.351114749068848
0.571704000258133	1.45409335878771	0.292450049453552	1.32476865551059	0.872890703646628	0.329036790355473	0.354946670703682
0.574331256330857	1.44691022057761	0.295970535585888	1.31803656153598	0.879303071707305	0.326440527776112	0.358764216001561
0.576901857396506	1.43967789130736	0.299479545584791	1.3112566243417	0.885652007501653	0.323824416711704	0.362567403347558
0.579415684599821	1.43239706029843	0.302977110879288	1.30442923544499	0.891937147084659	0.321188885698452	0.366356255561973
0.581872627868851	1.42506841608367	0.306463266736723	1.29755478798801	0.898158133561783	0.318534363494979	0.370130799663027
0.584272586835188	1.41769264611369	0.309938051577197	1.290633676716	0.904314616664709	0.315861278903581	0.373891067275089
0.586615469302221	1.41027043682965	0.313401507970323	1.28366629790266	0.910406253376683	0.313170060795794	0.377637093904148
0.588901192834404	1.4028024732918	0.316853681492091	1.27665304935562	0.916432707223802	0.310461137884153	0.381368919646574
0.591129683376379	1.39528943922188	0.320294621610595	1.2695943303371	0.922393648827485	0.307734938730667	0.385086588538586
0.593300876052458	1.3877320167483	0.323724381079804	1.26249054154773	0.92828875553097	0.304991891588294	0.388790148900864
0.595414714962481	1.38013088628552	0.327143016012221	1.25534208508241	0.934117711441113	0.302232424318261	0.392479653222422
0.597471152442464	1.37248672651336	0.330550586325862	1.24814936438189	0.939880207712074	0.299456964355901	0.396155157804112
0.599470150307285	1.36480021403135	0.333947154818492	1.24091278421096	0.945575941963567	0.296665938510198	0.399816723301527
0.601411678410463	1.35707202345811	0.33733278809156	1.23363275059971	0.951204618857421	0.293859772996879	0.403464414046317
0.603295715741428	1.34930282711312	0.340707555719688	1.22630967082726	0.956765949581911	0.291038893246182	0.4070982985247
0.605122249761059	1.34149329498517	0.344071530635759	1.21894395336586	0.962259652082242	0.288203723872196	0.410718449049385
0.606891276130769	1.33364409464651	0.347424789238604	1.21153600784388	0.967685451131545	0.285354688605438	0.414324941613864
0.608602799499813	1.3257558909989	0.350767410776831	1.20408624502841	0.973043077942493	0.282492210136893	0.417917856225525
0.610256832594525	1.31782934627153	0.354099477891612	1.19659507675382	0.978332270496762	0.279616710106633	0.421497276470451
0.611853396527265	1.30986511987077	0.357421076319586	1.18906291591728	0.983552773364121	0.276728608995355	0.425063289622496
0.613392520803335	1.30186386822984	0.36073229481054	1.18149017642194	0.988704337641311	0.273828326033232	0.428615986624803
0.614874243330399	1.29382624469584	0.364033225030869	1.17387727314916	0.993786720885848	0.270916279121691	0.432155462072203
0.616298609773344	1.28575289951074	0.3673239619153	1.16622462191648	0.998799687335489	0.267992884802844	0.435681813884758
0.617665674156123	1.27764447958773	0.370604603170843	1.15853263944155	1.00374300758596	0.265058558127633	0.439195143560001
0.618975498629257	1.26950162844483	0.373875249341959	1.150801743316	1.00861645863243	0.262113712598554	0.442695556037154
0.620228153055333	1.26132498614273	0.377136003997802	1.14303235195423	1.01341982397485	0.259158760126305	0.446183159484914
0.621423715473385	1.25311518910276	0.38038697332754	1.13522488457271	1.01815289336113	0.25619411090894	0.449658065487246
0.622562271518634	1.24487287009659	0.383628266435621	1.12737976114421	1.02281546296337	0.253220173417508	0.453120388742956
0.623643914946667	1.2365986580391	0.386859994884303	1.1194974023753	1.02740733508644	0.250237354264955	0.45657024728446
0.624668746624438	1.22829317805995	0.390082273289627	1.11157822965094	1.03192831852858	0.247246058231291	0.4600077619899
0.625636875781696	1.21995705118355	0.393295218363898	1.10362266503089	1.03637822798205	0.244246688075281	0.463433057121376
0.62654841841453	1.21159089449882	0.396498949902846	1.09563113118011	1.0407568846332	0.241239644614932	0.466846259572162
0.627403498782	1.20319532080976	0.399693589655858	1.08760405137748	1.04506411545921	0.238225326517225	0.470247499511967
0.628202247924023	1.1947709387794	0.402879262247802	1.07954184943829	1.04929975378382	0.235204130371189	0.473636909699982
0.62894480440874	1.18631835271915	0.406056094546636	1.07144494971517	1.05346363888226	0.232176450551472	0.477014625776317
0.62963131443286	1.17783816247141	0.409224215498771	1.0633137770569	1.05755561586759	0.229142679149329	0.480380786288592
0.630261930764542	1.16933096350044	0.412383756732748	1.05514875676455	1.06157553605629	0.226103206000111	0.483735532179064
0.6308368136657	1.1607973466512	0.415534851835042	1.046950314575	1.06552325650905	0.223058418547896	0.487079007178981
0.631356130270821	1.15223789816896	0.418677636649822	1.03871887662393	1.06939864021122	0.220008701835951	0.490411357483345
0.631820054675214	1.143653199594	0.42181224911203	1.03045486941428	1.07320155595358	0.216954438440456	0.493732731775276
0.632228768162477	1.1350438276522	0.424938828979593	1.02215871979475	1.07693187816513	0.213896008400896	0.49704328128547
0.632582458210962	1.12641035433952	0.428057518402913	1.01383085490866	1.08058948724737	0.210833789248722	0.500343159324401
0.632881319513057	1.1177533466761	0.4311684611078	1.00547170219187	1.08417426906862	0.207768155860884	0.503632521700603
0.63312555316955	1.1090733667668	0.434271802830288	0.997081689322277	1.08768611521437	0.204699480490789	0.506911526329923
0.633315366926263	1.10037097169591	0.437367691048518	0.988661244205241	1.09112492282204	0.201628132685226	0.510180333314569
0.63345097496191	1.09164671348513	0.440456274995782	0.980210794934322	1.09449059456954	0.198554479260531	0.513439104808056
0.633532597888189	1.08290113904017	0.443537705559383	0.971730769774554	1.09778303861358	0.195478884256188	0.516688004990717
0.633560462671476	1.07413479009105	0.446612135203084	0.963221597125807	1.1010021685231	0.192401708893876	0.519927199995551
0.633534802325655	1.06534820318469	0.449679718060647	0.954683705498727	1.10414790333713	0.189323311561421	0.523156857745455
0.633455856336076	1.05654190956039	0.452740609535929	0.946117523495466	1.10722016730405	0.186244047731668	0.526377148105162
0.633323869959249	1.04771643520524	0.455794966644107	0.937523479769609	1.11021889008303	0.183164269986241	0.529588242533408
0.633139094597654	1.03887230074157	0.458842947656468	0.928902003012599	1.11314400652002	0.180084327938375	0.532790314232201
0.632901787709028	1.03001002138939	0.461884712016969	0.920253521928788	1.11599545658639	0.177004568205776	0.535983538047513
0.632612212289635	1.02113010700627	0.464920420594539	0.911578465199181	1.11877318552633	0.173925334417444	0.539168090231634
0.632270637342849	1.01223306196366	0.467950235228221	0.90287726147234	1.12147714357047	0.170846967139482	0.542344148604379
0.631877337300468	1.00331938519488	0.470974319008	0.894150339323024	1.1241072860971	0.167769803888981	0.545511892266815
0.63143259261339	0.994389570059789	0.473992835735015	0.885398127255826	1.12666357330171	0.16469417904947	0.548671501823805
0.630936688763808	0.985444104472294	0.47700595049821	0.876621053648441	1.12914597053423	0.161620423929726	0.551823158927212
0.630389916869409	0.976483470762513	0.480013829106785	0.867819546756049	1.13155444795238	0.158548866679299	0.554967046492494
0.629792573553514	0.96750814565813	0.483016638079814	0.85899403468237	1.13388898050534	0.155479832266395	0.558103348617889
0.629144960655054	0.958518600305575	0.486014544707314	0.850144945352904	1.13614954796556	0.152413642483383	0.561232250418819
0.628447384920544	0.949515300303683	0.489007717143775	0.841272706493118	1.13833613498171	0.149350615947667	0.564353937860806
0.627700158594383	0.940498705560094	0.491996323874755	0.832377745623614	1.14044873074878	0.146291068017168	0.567468597980403
0.626903598792819	0.931469270376933	0.494980534023193	0.823460490017941	1.14248732918557	0.143235310830658	0.570576418581492
0.626058027665813	0.922427443409479	0.497960517113705	0.814521366704624	1.14445192879389	0.140183653264618	0.573677588269705
0.62516377207629	0.913373667697753	0.50093644316701	0.805560802427302	1.14634253270604	0.137136400952587	0.576772296272066
0.624221163930322	0.904308380582669	0.503908482352544	0.796579223646454	1.14815914847449	0.134093856217668	0.579860732559778
0.623230539637448	0.895232013800484	0.506876805222101	0.7875770565067	1.14990178821034	0.131056318121076	0.582943087561794
0.622192240386399	0.88614499340714	0.509841582412296	0.778554726827224	1.15157046839798	0.128024082406648	0.586019552263117
0.621106612060843	0.877047739780035	0.512802984566851	0.769512660078464	1.15316520984618	0.124997441498374	0.589090318133367
0.619974004757939	0.867940667719419	0.515761182540486	0.760451281376751	1.1546860378185	0.121976684530178	0.59215557686787
0.618794773153061	0.858824186344614	0.518716347033321	0.751371015450891	1.15613298179922	0.118962097296636	0.595215520530601
0.617569276441979	0.849698699116525	0.521668648498175	0.742272286649359	1.15750607544542	0.115953962242177	0.598270341482299
0.616297877525401	0.840564603985933	0.524618257576992	0.733155518892775	1.15880535684923	0.112952558535682	0.601320231993607
0.614980944368224	0.831422293132045	0.52756534404691	0.724021135706576	1.16003086790167	0.109958161917771	0.604365384802685
0.613618848133893	0.822272153319203	0.530510077976887	0.714869560149406	1.16118265499346	0.106971044882033	0.607405992272492
0.612211964778731	0.813114565599182	0.533452628503017	0.705701214853888	1.16226076827819	0.103991476504382	0.610442247038712
0.610760673691299	0.803949905573587	0.536393164646154	0.69651652197214	1.16326526216978	0.101019722570705	0.613474341396303
0.609265358691533	0.79477854320531	0.539331854500169	0.687315903192293	1.1641961948531	0.0980560454714591	0.616502467689573
0.607726406807826	0.785600843081435	0.542268865946938	0.678099779704455	1.16505362872689	0.0951007043182919	0.619526817750182
0.606144209441495	0.776417164172205	0.54520436574107	0.668868572202747	1.16583762984768	0.092153954822323	0.622547583370769
0.604519161266803	0.76722786008418	0.54813852012664	0.659622700870777	1.16654826831733	0.0892160493994321	0.625564955782754
0.602851660581286	0.758033278990405	0.551071494502564	0.650362585360775	1.16718561807926	0.0862872371325263	0.628579125791728
0.601142109606656	0.748833763600187	0.554003453057783	0.641088644810411	1.1677497567148	0.0833677637408423	0.631590283847461
0.599390913711875	0.739629651318741	0.556934559218403	0.631801297797746	1.16824076571233	0.0804578716549348	0.634598619699278
0.597598481565584	0.730421274252879	0.55986497540389	0.622500962348921	1.16865873033575	0.0775578000042909	0.637604322414553
0.595765225526956	0.721208959148012	0.562794862635219	0.613188055942404	1.16900373939809	0.0746677845734206	0.64060758050466
0.593891561164711	0.711993027510405	0.565724380759247	0.603862995480015	1.16927588540236	0.0717880578560287	0.643608581702093
0.591977906832367	0.70277379571354	0.56865368861414	0.594526197271572	1.16947526465523	0.0689188490988688	0.646607512733766
0.590024684537255	0.693551574873469	0.571582943303006	0.585178077068566	1.169601976849	0.066060384216575	0.649604559645578
0.588032319195769	0.684326670998714	0.574512300606511	0.575819050010307	1.16965612530968	0.0632128858717371	0.652599907477625
0.58600123849141	0.675099385078565	0.577441914955956	0.566449530639307	1.16963781700667	0.0603765734942877	0.655593740147398
0.583931873464338	0.66587001297902	0.580371938897262	0.557069932900195	1.16954716223779	0.0575516632225839	0.658586240671777
0.581824657679711	0.656638845663554	0.583302523560592	0.547680670120759	1.16938427493474	0.0547383680023356	0.661577590774787
0.579680027544216	0.647406169149795	0.586233818331672	0.538282155004122	1.16914927247039	0.051936897553867	0.664567971004504
0.577498422577302	0.638172264503828	0.589165970524608	0.528874799648277	1.16884227549278	0.0491474583521195	0.667557560788512
0.575280284386248	0.628937408097163	0.592099126001833	0.519459015508955	1.16846340830877	0.0463702537460073	0.670546537984096
0.573026057901146	0.619701871373973	0.5950334281834	0.510035213420995	1.1680127983069	0.0436054838325386	0.673535079358634
0.570736189881293	0.610465921231734	0.597969018983624	0.500603803577082	1.16749057654524	0.0408533456241339	0.676523359922632
0.56841113017346	0.601229819778809	0.60090603781604	0.491165195535492	1.16689687716824	0.0381140329271529	0.679511553435486
0.566051330782941	0.591993824595155	0.603844622125094	0.481719798210933	1.16623183775517	0.0353877364486291	0.682499831968164
0.563657246063609	0.582758188741456	0.606784907145497	0.47226801987893	1.16549559919332	0.0326746437899206	0.685488365951892
0.561229332865967	0.573523160754569	0.609727025686679	0.462810268159919	1.1646883055717	0.0299749394353371	0.68847732421623
0.558768050246322	0.564288984791689	0.612671108222218	0.453346950036126	1.16381010426327	0.0272888048019268	0.691466873819213
0.556273859190437	0.555055900725326	0.615617282972769	0.443878471829529	1.16286114599774	0.0246164182792497	0.694457179906183
0.553747223312612	0.545824144054519	0.61856567530949	0.434405239225444	1.16184158452924	0.0219579551642354	0.69744840596031
0.551188608016166	0.536593946127872	0.621516408233769	0.424927657240892	1.16075157695082	0.0193135877683132	0.700440713437556
0.548598480623691	0.52736553419605	0.624469602166444	0.415446130251074	1.15959128359948	0.0166834854123873	0.703434261754399
0.545977310714256	0.518139131382517	0.627425374621016	0.405961061979931	1.15836086788697	0.0140678144090883	0.706429208426951
0.5433255695566	0.508914956863837	0.630383840482585	0.396472855491825	1.15706049649356	0.0114667381352004	0.709425708786016
0.540643730479677	0.499693225860853	0.633345111637373	0.386981913207407	1.15569033918424	0.00888041700664727	0.712423916093885
0.537932268463138	0.490474149786896	0.636309297171289	0.377488636893852	1.15425056895224	0.00630900853835353	0.715423981354102
0.535191660217864	0.481257936287144	0.639276503191566	0.367993427666302	1.15274136194686	0.00375266734768676	0.718426053301913
0.532422384282839	0.472044789293635	0.642246832663285	0.358496685997023	1.15116289741062	0.00121154516521949	0.721430278413926
0.529624920789541	0.462834909139925	0.645220385468881	0.348998811713352	1.14951535774845	-0.00131420912955621	0.724436800776107
0.526799751390084	0.453628492630892	0.648197258357297	0.339500203990206	1.14779892852661	-0.00382444948243688	0.727445762028323
0.523947359359379	0.444425733117759	0.651177544771453	0.330001261374169	1.14601379841617	-0.00631903265847084	0.730457301363174
0.521068229305754	0.435226820602236	0.654161334944003	0.32050238176401	1.14416015927685	-0.00879781819584924	0.733471555380782
0.518162847430705	0.426031941758609	0.657148715627109	0.311003962419842	1.14223820603376	-0.0112606684167238	0.736488658171941
0.515231701429565	0.416841280047542	0.660139770047918	0.30150639999188	1.14024813670184	-0.0137074483991945	0.73950874121842
0.512275279875983	0.407655015889907	0.663134578256286	0.292010090470252	1.1381901526092	-0.0161380258958607	0.742531933141555
0.509294072996408	0.398473326601201	0.666133216472187	0.282515429244456	1.13606445807161	-0.0185522713962785	0.745558359964482
0.506288572282493	0.389296386529792	0.669135757266792	0.273022811076773	1.13387126052342	-0.0209500580734059	0.748588144929785
0.503259269884058	0.380124367282797	0.67214226989154	0.263532630104701	1.13161077076415	-0.0233312616974568	0.751621408220882
0.500206659722759	0.370957437543173	0.675152819404279	0.254045279866444	1.12928320247514	-0.0256957607379787	0.754658267387798
0.497131236489479	0.361795763382522	0.678167467268842	0.244561153293354	1.12688877262544	-0.0280434362419368	0.757698836896137
0.494033495784668	0.352639508293395	0.68118627117425	0.235080642701557	1.12442770139748	-0.030374171826851	0.760743228168548
0.490913934139865	0.343488833281502	0.684209284922022	0.225604139822755	1.12190021217276	-0.0326878536708944	0.763791549550474
0.487773049591272	0.334343896794764	0.687236557933402	0.216132035796957	1.11930653128176	-0.0349843705518896	0.766843906525982
0.484611340320476	0.325204855132988	0.690268136106398	0.206664721174921	1.11664688855555	-0.0372636136876728	0.769900401117074
0.481429305502296	0.31607186232091	0.693304061141875	0.197202585923706	1.11392151697268	-0.0395254768070577	0.772961132219085
0.47822744551182	0.306945070153219	0.696344370296531	0.187746019453539	1.11113065256276	-0.0417698561582386	0.776026195635382
0.475006260747743	0.297824628535726	0.699389097134018	0.178295410583784	1.10827453489262	-0.0439966503601036	0.779095683591136
0.471766252902663	0.288710685283411	0.702438270534345	0.168851147589522	1.105353406531	-0.0462057605254695	0.782169685203615
0.468507924027271	0.279603386425964	0.705491915266032	0.159413618192605	1.10236751343916	-0.0483970901429334	0.785248286075013
0.465231776704184	0.270502876230705	0.708550051790824	0.149983209552618	1.09931710489245	-0.0505705450767543	0.788331568350897
0.461938313991973	0.261409297328208	0.711612696197739	0.140560308301285	1.09620243350396	-0.0527260335449614	0.791419610647381
0.458628039526662	0.252322790749215	0.714679860070289	0.131145300528601	1.09302375518519	-0.0548634661167585	0.794512488082544
0.4553014574862	0.243243496033385	0.717751550406764	0.121738571803642	1.08978132915703	-0.0569827556830133	0.797610272222526
0.451959072144341	0.234171551413753	0.720827769868315	0.112340507173347	1.08647541814089	-0.0590838174043262	0.800713030881417
0.448601388362925	0.22510709378426	0.723908516348404	0.102951491167513	1.08310628815642	-0.0611665687380233	0.803820828295998
0.445228910847639	0.216050258974643	0.726993783409347	0.0935719078142827	1.07967420883433	-0.0632309293464237	0.806933724786574
0.441842145237611	0.207001181563249	0.730083559441597	0.0842021406504134	1.07617945296873	-0.0652768211959545	0.810051777185183
0.438441596536186	0.197959995345776	0.733177828691089	0.0748425727088997	1.0726222971732	-0.0673041683794465	0.813175038169356
0.435027770578099	0.188926833075975	0.736276570149352	0.0654935865553874	1.06900302128311	-0.0693128972459114	0.816303556830433
0.431601172617209	0.179901826879048	0.739379758464997	0.0561555642652478	1.0653219089418	-0.0713029362488724	0.819437378081767
0.428162308594382	0.170885108048857	0.742487362987321	0.0468288874624911	1.06157924709112	-0.0732742160561711	0.82257654314305
0.424711683852275	0.161876807436234	0.745599348580595	0.0375139373000599	1.05777532650381	-0.0752266694020037	0.825721088998088
0.421249803961056	0.152877055336231	0.748715674990796	0.0282110944815894	1.05391044146069	-0.0771602311628386	0.828871048713042
0.417777174295031	0.143885981691738	0.751836297049557	0.0189207392760071	1.04998488993076	-0.0790748382967082	0.832026451227375
0.414294300023182	0.134903716166201	0.754961164621204	0.00964325150654144	1.04599897358532	-0.0809704298248975	0.835187321341579
0.410801686022276	0.125930388261475	0.758090222601426	0.000379010568207772	1.04195299785204	-0.0828469468168863	0.838353679662673
0.40729983704807	0.116966127369944	0.761223410701339	-0.00887160455076419	1.03784727184847	-0.0847043323908281	0.841525542631727
0.403789257346625	0.108011062947	0.764360663681962	-0.018108215286361	1.03368210856206	-0.0865425316588161	0.84470292237232
0.400270450795333	0.099065324563663	0.767501911176471	-0.0273304434782462	1.02945782480212	-0.0883614917342526	0.847885826717687
0.396743920959286	0.0901290419932921	0.77064707757013	-0.0365379113518305	1.02517474119002	-0.090161161721794	0.851074259200946
0.393210170763839	0.0812023453687916	0.773796082191192	-0.0457302415283745	1.02083318231348	-0.0919414926722761	0.854268218926424
0.389669702689478	0.0722853652208033	0.776948839092018	-0.0549070570081134	1.01643347665404	-0.093702437593414	0.857467700616676
0.386123018292432	0.0633782326895926	0.780105257329189	-0.0640679811660938	1.01197595680488	-0.0954439513878788	0.86067269440776
0.382570619113662	0.0544810793873807	0.783265240258735	-0.0732126377307463	1.00746095911268	-0.0971659909373979	0.863883186188241
0.379013005150232	0.0455940378512043	0.786428686559926	-0.0823406508033142	1.00288882431765	-0.0988685149361998	0.867099156989237
0.37545067650565	0.0367172412378824	0.789595489000261	-0.0914516448197733	0.998259896897242	-0.100551484048063	0.870320583604089
0.371884131629439	0.0278508238307218	0.792765535629847	-0.100545244569095	0.993574525801597	-0.102214860719679	0.873547437894251
0.368313868651063	0.0189949208066476	0.795938708774147	-0.109621075163213	0.988833063926227	-0.103858609307644	0.876779687287887
0.364740384465267	0.0101496685361302	0.799114885627061	-0.118678762050461	0.984035868498233	-0.105482695974879	0.88001729441628
0.361164175139067	0.00131520457458123	0.802293937911647	-0.127717930992477	0.979183300935688	-0.107087088727337	0.883260217255155
0.35758573561722	-0.00750833218310376	0.805475732024274	-0.136738208065201	0.974275726976576	-0.108671757374008	0.886508408997011
0.354005559581871	-0.016320801384806	0.808660129091587	-0.145739219651386	0.969313516758462	-0.110236673506112	0.889761817987222
0.350424139845297	-0.0251220612357272	0.811846984632603	-0.154720592428492	0.964297044672767	-0.111781810531356	0.893020387864429
0.346841967639011	-0.0339119682362665	0.815036149015846	-0.163681953365857	0.959226689675225	-0.113307143595608	0.896284057270769
0.343259533243961	-0.0426903772619003	0.818227466958865	-0.172622929715871	0.954102835042039	-0.114812649639064	0.899552760094235
0.339677325190281	-0.0514571412851828	0.821420778057913	-0.181543149017693	0.948925868716163	-0.116298307312378	0.902826425148107
0.336095831065988	-0.0602121114895438	0.824615916152682	-0.190442239068278	0.943696182994134	-0.1177640970558	0.906104976471811
0.332515536363438	-0.068955136907467	0.827812710105236	-0.199319827944466	0.938414175007833	-0.119210000969212	0.909388332878291
0.32893692571366	-0.0776860646475863	0.83101098288435	-0.208175543967348	0.933080246248946	-0.120636002945256	0.912676408432234
0.325360481714318	-0.0864047395313094	0.834210552345671	-0.217009015724134	0.927694803049446	-0.122042088538887	0.915969111988491
0.321786685232868	-0.0951110040819936	0.8374112309808	-0.225819872045896	0.922258256482618	-0.123428244998794	0.91926634729933
0.318216015748121	-0.103804698537657	0.840612825627973	-0.234607742000459	0.916771022237374	-0.124794461298559	0.922568013151881
0.314648950577021	-0.112485660589634	0.843815137985815	-0.243372254901231	0.911233520943256	-0.126140728056272	0.925874003062377
0.311085965531591	-0.121153725465173	0.847017964106245	-0.252113040286106	0.905646177924958	-0.127467037601095	0.929184205532063
0.307527534013738	-0.129808725628511	0.850221095007209	-0.260829727926848	0.900009423579333	-0.128773383879469	0.932498503694867
0.303974128019507	-0.138450490965003	0.853424315905404	-0.269521947807716	0.894323692980271	-0.130059762554917	0.935816775702591
0.300426216897277	-0.147078848400706	0.856627407092303	-0.278189330145118	0.888589426397723	-0.131326170888249	0.939138894261782
0.296884268280131	-0.155693622054032	0.859830143208506	-0.286831505353136	0.882807068931174	-0.132572607822644	0.942464726974901
0.293348747379577	-0.164294633011708	0.863032293739463	-0.295448104069895	0.876977070804059	-0.133799073925044	0.945794136094302
0.289820117214411	-0.172881699292637	0.866233622806301	-0.304038757126535	0.871099887288743	-0.135005571398297	0.949126978595949
0.286298838387978	-0.181454635753808	0.869433889300497	-0.312603095568575	0.865175978794717	-0.136192104070544	0.952463106115242
0.282785369200785	-0.190013254035504	0.872632846784849	-0.321140750636273	0.85920581084589	-0.137358677404324	0.955802364993819
0.279280165485937	-0.198557362456941	0.875830243563136	-0.329651353758453	0.85318985414336	-0.138505298483992	0.959144596211048
0.275783680101987	-0.207086765840414	0.879025823043889	-0.338134536576606	0.847128584782344	-0.139631975964116	0.962489635224828
0.272296364010428	-0.215601265708187	0.882219322928424	-0.346589930902419	0.841022483825433	-0.140738720190069	0.965837312372209
0.268818664909413	-0.224100659888038	0.885410476173909	-0.355017168752692	0.834872037853947	-0.141825543054565	0.969187452372344
0.265351027782777	-0.232584742587416	0.88859901057653	-0.36341588232669	0.828677738751386	-0.14289245806412	0.972539874541323
0.261893895062714	-0.241053304385785	0.891784648641647	-0.371785704006589	0.822440083646037	-0.143939480360337	0.975894392875154
0.258447705780273	-0.249506131959232	0.894967108169054	-0.380126266368741	0.81615957524598	-0.144966626632922	0.979250815737021
0.25501289651806	-0.257943008276307	0.89814610156097	-0.388437202166581	0.809836721463448	-0.145973915231669	0.982608946242303
0.251589900383299	-0.266363712269846	0.901321336533423	-0.396718144335284	0.803472035825432	-0.146961366059767	0.985968581873498
0.248179147426593	-0.274768018923732	0.904492515817035	-0.404968726006816	0.797066037296686	-0.147929000627198	0.98932951468067
0.24478106442959	-0.283155699135007	0.907659337286926	-0.413188580483448	0.790619250371988	-0.148876842037356	0.992691531195911
0.241396075186948	-0.291526519768215	0.910821493758374	-0.42137734125719	0.784132204953103	-0.149804915018356	0.996054412583713
0.238024599554014	-0.299880243358253	0.913978673656779	-0.429534642010732	0.777605436718084	-0.150713245839262	0.999417934293423
0.234667054416399	-0.308216628306601	0.91713056031878	-0.437660116604399	0.771039486737825	-0.151601862412053	1.00278186644731
0.231323852857106	-0.316535428643072	0.920276832586442	-0.445753399092808	0.764434901790553	-0.15247079421802	1.00614597356324
0.227995404370143	-0.324836394033856	0.923417164645279	-0.453814123723029	0.757792234266978	-0.153320072336538	1.00951001465349
0.224682114784526	-0.333119269725124	0.926551226089645	-0.461841924930595	0.751112042192022	-0.154149729450992	1.0128737432295
0.22138438621085	-0.34138379649018	0.929678681941659	-0.469836437344884	0.744394889228374	-0.154959799843153	1.0162369073044
0.218102616867989	-0.349629710567068	0.932799192799205	-0.47779729580083	0.73764134473105	-0.155750319395451	1.01959924937334
0.214837201012154	-0.357856743590512	0.935912414877005	-0.485724135330212	0.730851983758638	-0.156521325585531	1.02296050640449
0.211588528678947	-0.366064622510986	0.93901800020435	-0.493616591177831	0.724027387154835	-0.157272857477499	1.02632040978951
0.208356986367279	-0.374253069730157	0.942115596132331	-0.501474298785165	0.717168141260049	-0.158004955793541	1.0296786856227
0.205142955701045	-0.382421802748167	0.945204846315661	-0.509296893825367	0.710274838413367	-0.158717662795346	1.03303505425056
0.20194681457723	-0.390570534424262	0.948285389893111	-0.517084012183922	0.703348076477324	-0.159411022408691	1.03638923073152
0.198768936416006	-0.398698972758987	0.951356862033625	-0.524835289966524	0.696388459110121	-0.160085080156729	1.03974092459158
0.19560968986946	-0.406806820824557	0.954418894174636	-0.532550363530948	0.689396595841777	-0.1607398831453	1.0430898397793
0.192469439700756	-0.414893776938013	0.957471113386399	-0.540228869447656	0.682373101712003	-0.161375480158481	1.04643567500057
0.189348545609924	-0.422959534375628	0.960513143249742	-0.547870444548071	0.675318597689333	-0.161991921556217	1.04977812335494
0.186247362785878	-0.431003781493217	0.963544603476696	-0.555474725917382	0.668233710420192	-0.162589259336911	1.05311687258419
0.183166241718227	-0.439026201658754	0.966565110060436	-0.563041350890858	0.661119072274816	-0.163167547134323	1.05645160503165
0.180105528053913	-0.447026473222006	0.969574275404783	-0.570569957081241	0.653975321353042	-0.16372684020996	1.05978199765444
0.177065562353584	-0.45500426943712	0.972571708530601	-0.578060182376494	0.646803101548108	-0.164267195444122	1.06310772198176
0.174046680539199	-0.462959258580253	0.97555701477417	-0.585511664946942	0.639603062325821	-0.164788671394002	1.0664284443252
0.171049213230211	-0.470891103770882	0.97852979629065	-0.592924043262	0.632375858937318	-0.165291328228481	1.06974382558805
0.168073485821551	-0.478799463003748	0.981489652044948	-0.600296956099089	0.62512215234448	-0.165775227764502	1.07305352136167
0.165119818789354	-0.486683989215891	0.98443617759586	-0.607630042540885	0.617842609048604	-0.166240433491262	1.07635718206583
0.162188526818829	-0.494544330094215	0.987368965798152	-0.614922942016677	0.610537901380014	-0.166687010511826	1.07965445272884
0.159279919875695	-0.502380128328012	0.990287606024209	-0.622175294271582	0.603208707027063	-0.167115025646009	1.08294497339079
0.156394301939696	-0.510191021321577	0.993191685146666	-0.629386739418897	0.595855709470204	-0.167524547325996	1.08622837873912
0.153531971496094	-0.517976641317447	0.996080787212833	-0.636556917926495	0.588479597737508	-0.167915645655919	1.08950429833254
0.15069322170292	-0.525736615459571	0.998954493360377	-0.643685470637007	0.581081066273616	-0.168288392430733	1.09277235672328
0.147878339721949	-0.533470565648231	1.00181238235666	-0.650772038788161	0.573660815136413	-0.168642861095088	1.09603217329202
0.145087607138637	-0.541178108653506	1.00465403033209	-0.657816264013622	0.566219549774753	-0.168979126782459	1.09928336245291
0.142321299714084	-0.548858856081885	1.00747901100146	-0.66481778836186	0.558757981048964	-0.169297266307163	1.10252553363155
0.139579686955448	-0.5565124143046	1.01028689605154	-0.671776254328876	0.551276825329364	-0.169597358137635	1.10575829120219
0.136863032814512	-0.564138384638702	1.01307725464525	-0.678691304838885	0.54377680415487	-0.169879482461874	1.10898123477216
0.134171594980068	-0.571736363217779	1.01584965402166	-0.685562583285615	0.536258644431367	-0.170143721144017	1.1121939590284
0.131505624975155	-0.579305941042912	1.01860365946768	-0.69238973354771	0.5287230783129	-0.170390157728153	1.1153960538387
0.128865368236183	-0.586846704031752	1.02133883430985	-0.699172399986236	0.521170843096018	-0.170618877466503	1.11858710434171
0.126251063665334	-0.594358232958836	1.02405474031925	-0.705910227491696	0.513602681305715	-0.170829967282429	1.12176669088793
0.123662944106685	-0.601840103598345	1.02675093739907	-0.712602861470846	0.506019340428862	-0.171023515819022	1.12493438925959
0.121101235994348	-0.609291886691177	1.02942698392605	-0.719249947885831	0.498421572964057	-0.171199613419774	1.12808977064316
0.118566159044077	-0.616713147906428	1.03208243702849	-0.725851133266675	0.490810136447389	-0.171358352106295	1.13123240159402
0.116057926594831	-0.624103447977115	1.03471685240117	-0.732406064730767	0.48318579322993	-0.171499825613732	1.13436184423577
0.113576745335079	-0.631462342674943	1.03732978457699	-0.738914389994877	0.475549310490785	-0.171624129376234	1.13747765624439
0.111122815158168	-0.638789382843646	1.03992078710813	-0.745375757417038	0.467901460190524	-0.17173136051828	1.14057939089757
0.108696329696893	-0.646084114561879	1.04248941222718	-0.751789815979925	0.46024301877505	-0.171821617907728	1.14366659731446
0.10629747513459	-0.653346078936912	1.04503521182131	-0.758156215363293	0.45257476751704	-0.171895002054685	1.14673882017174
0.103926431377424	-0.660574812421988	1.04755773661244	-0.764474605914167	0.444897491975786	-0.171951615220264	1.14979560015022
0.101583371024349	-0.667769846642824	1.05005653701648	-0.770744638701443	0.437211982277884	-0.171991561329406	1.1528364736989
0.0992684600735275	-0.674930708639832	1.0525311626938	-0.776965965528953	0.429519032738052	-0.172014946037909	1.1558609733619
0.096981857105629	-0.682056920724372	1.0549811632323	-0.783138238965864	0.42181944206101	-0.172021876659538	1.15886862758402
0.0947237139844841	-0.689148000714929	1.05740608769989	-0.789261112346867	0.414114012963394	-0.17201246223205	1.16185896103388
0.0924941753106014	-0.696203461893752	1.05980548515558	-0.795334239829415	0.406403552261236	-0.171986813471602	1.16483149453306
0.0902933786550222	-0.703222813124377	1.06217890454152	-0.801357276393022	0.398688870667165	-0.171945042791662	1.16778574520809
0.08812145434536	-0.710205558877575	1.06452589493561	-0.80732987787685	0.390970782748676	-0.171887264284527	1.17072122652301
0.0859785252282086	-0.71715119925031	1.06684600581541	-0.81325170100266	0.383250106897763	-0.171813593701713	1.17363744828847
0.0838647072082324	-0.724059230186952	1.0691387867503	-0.819122403397793	0.375527664999931	-0.171724148497015	1.17653391694866
0.0817801086057633	-0.730929143401504	1.07140378797024	-0.82494164363342	0.367804282550656	-0.171619047769966	1.1794101354608
0.0797248308359345	-0.737760426619966	1.07364055994646	-0.830709081223208	0.360080788274819	-0.171498412323171	1.18226560360785
0.0776989671131059	-0.744552563363476	1.0758486544595	-0.836424376693873	0.352358014475647	-0.171362364540632	1.18509981768383
0.0757026040366544	-0.751305033422606	1.078027623515	-0.842087191571833	0.344636796313399	-0.171211028528361	1.1879122711137
0.0737358204061789	-0.758017312660564	1.08017702031621	-0.847697188439411	0.336917972106603	-0.17104452999997	1.19070245415914
0.0717986874304195	-0.764688873152841	1.08229639921789	-0.85325403095235	0.329202383126441	-0.170862996291335	1.19346985409491
0.0698912690764858	-0.771319183366176	1.08438531554733	-0.858757383858572	0.321490873320777	-0.170666556383398	1.19621395540742
0.068013621527474	-0.77790770815514	1.08644332615365	-0.864206913069987	0.313784289373453	-0.170455340846535	1.19893423976819
0.0661657935925354	-0.784453908909105	1.08846998914894	-0.869602285629684	0.306083480419238	-0.170229481868442	1.20163018620295
0.0643478264510285	-0.790957243640894	1.0904648642491	-0.874943169797998	0.298389297982121	-0.169989113219346	1.20430127117094
0.0625597538913558	-0.797417167125614	1.09242751268354	-0.880229235051072	0.290702595749398	-0.169734370266194	1.20694696871887
0.0608016015956545	-0.803833130830295	1.09435749783637	-0.88546015213109	0.283024229686048	-0.169465389894409	1.20956675035513
0.0590733883413554	-0.810204583333307	1.09625438446739	-0.890635593064765	0.275355057436637	-0.169182310602631	1.2121600855613
0.0573751247051196	-0.816530970096485	1.09811773978136	-0.895755231205775	0.26769593866055	-0.168885272375265	1.21472644145892
0.0557068140215593	-0.822811733823814	1.0999471328281	-0.900818741258996	0.260047734519916	-0.168574416750965	1.21726528323987
0.0540684518643576	-0.829046314444803	1.1017421350048	-0.905825799321691	0.252411307718879	-0.168249886762083	1.21977607410226
0.0524600261459923	-0.835234149255903	1.10350232008793	-0.910776082916898	0.244787522307298	-0.167911826925913	1.22225827538716
0.0508815173856213	-0.841374673091477	1.10522726415582	-0.915669271010638	0.237177243434673	-0.167560383252774	1.22471134677457
0.049332898260571	-0.847467318358858	1.10691654604536	-0.920505044083725	0.229581337343472	-0.167195703185536	1.22713474625985
0.0478141340800008	-0.853511515227307	1.10856974708554	-0.925283084109052	0.222000671050583	-0.166817935620102	1.22952793037601
0.046325182327802	-0.859506691706341	1.11018645161406	-0.930003074667063	0.214436112335771	-0.166427230849933	1.23189035422247
0.0448659932472048	-0.865452273829642	1.11176624658549	-0.934664700885379	0.20688852938585	-0.166023740587537	1.23422147167612
0.0434365092939863	-0.871347685710344	1.11330872216597	-0.939267649554376	0.199358790818123	-0.165607617902182	1.23652073539848
0.0420366656316284	-0.877192349758527	1.11481347144543	-0.943811609123851	0.191847765337476	-0.165179017229056	1.23878759706228
0.0406663895218123	-0.882985686666976	1.11628009103867	-0.948296269759785	0.184356321798522	-0.164738094303653	1.24102150728622
0.0393256012960856	-0.888727115762378	1.1177081804509	-0.952721323350891	0.176885328682042	-0.164285006204794	1.24322191602813
0.0380142135611473	-0.894416054952551	1.11909734282201	-0.957086463571039	0.169435654220187	-0.163819911272067	1.24538827246173
0.0367321315337434	-0.900051920945028	1.1204471847984	-0.961391385925464	0.162008166103858	-0.163342969096484	1.24752002519321
0.0354792531611775	-0.905634129382549	1.12175731654388	-0.965635787750357	0.154603731275203	-0.162854340507963	1.24961662238476
0.0342554692170163	-0.91116209502809	1.1230273518274	-0.969819368292685	0.147223215721339	-0.162354187548057	1.25167751192401
0.0330606628206869	-0.916635231748675	1.12425690847437	-0.973941828718961	0.139867484483532	-0.161842673399758	1.2537021413441
0.0318947100672717	-0.922052952830293	1.12544560804489	-0.978002872171979	0.132537401254379	-0.1613199624085	1.2556899581608
0.0307574801702345	-0.927414671122923	1.12659307583632	-0.982002203787052	0.125233828162562	-0.160786220056785	1.25764041000009
0.0296488347912467	-0.932719799036419	1.12769894153247	-0.985939530766866	0.117957625839375	-0.160241612877428	1.25955294451638
0.0285686288352596	-0.937967748840224	1.1287628387078	-0.989814562377289	0.110709652968548	-0.159686308480813	1.26142700971912
0.0275167099877092	-0.94315793271782	1.12978440533132	-0.993627010028864	0.10349076627441	-0.159120475481632	1.26326205396612
0.026492919150892	-0.948289762975202	1.13076328353237	-0.997376587276999	0.0963018202042448	-0.1585442834918	1.26505752616407
0.0254970902942558	-0.953362652179657	1.13169911988628	-1.00106300990074	0.0891436668036122	-0.157957903077616	1.26681287587718
0.024529050766782	-0.958376013333012	1.13259156525447	-1.00468599590064	0.0820171554401367	-0.157361505736368	1.26852755347037
0.0235886209535331	-0.963329259952767	1.13344027521153	-1.00824526557533	0.0749231327546035	-0.156755263831188	1.27020101014666
0.0226756144707796	-0.968221806245034	1.13424491000877	-1.01174054154402	0.0678624424221216	-0.156139350565583	1.27183269808884
0.0217898389548998	-0.973053067438723	1.13500513411152	-1.01517154878294	0.060835924700145	-0.15551394000141	1.27342207081682
0.0209310948857538	-0.977822459626826	1.13572061720696	-1.01853801467461	0.0538444166835947	-0.154879206919742	1.27496858290338
0.0200991768986927	-0.982529400239074	1.13639103335503	-1.02183966904487	0.0468887516630184	-0.154235326884085	1.27647169050343
0.0192938726770106	-0.987173307900491	1.1370160619491	-1.02507624421525	0.0399697593577719	-0.153582476101956	1.27793085109532
0.0185149644822274	-0.991753602923778	1.13759538666289	-1.02824747499874	0.0330882652038664	-0.152920831502121	1.2793455240355
0.0177622276789323	-0.996269707129266	1.13812869673779	-1.03135309881325	0.026245090707526	-0.152250570567128	1.28071517023717
0.0170354321384226	-1.00072104427748	1.13861568600568	-1.03439285565127	0.0194410527893929	-0.151571871398571	1.28203925265674
0.016334341478139	-1.0051070400455	1.13905605361117	-1.03736648816255	0.012676963886217	-0.150884912602728	1.28331723617472
0.0156587136319816	-1.00942712229665	1.13944950370332	-1.04027374167984	0.00595363158543277	-0.150189873289719	1.28454858785787
0.0150083007350674	-1.01368072118416	1.13979574564491	-1.04311436426252	-0.000728141493225309	-0.149486933007927	1.2857327770133
0.0143828492871426	-1.01786726933134	1.14009449402025	-1.04588810673986	-0.00736755791873323	-0.14877627170928	1.28686927533384
0.0137821006000651	-1.02198620205843	1.14034546840139	-1.0485947227292	-0.0139638257616939	-0.148058069726216	1.28795755710398
0.013205790011973	-1.02603695734041	1.14054839408803	-1.05123396871282	-0.0205161584781038	-0.147332507658212	1.28899709906374
0.0126536479666695	-1.03001897620367	1.14070300141048	-1.05380560405513	-0.0270237754467009	-0.146599766403922	1.289987380829
0.012125399690097	-1.03393170275823	1.14080902607336	-1.05630939103754	-0.0334859020079195	-0.145860027074129	1.29092788484766
0.0116207651639517	-1.03777458433685	1.14086620932369	-1.05874509491238	-0.0399017696058601	-0.145113470939649	1.29181809649881
0.0111394598570538	-1.04154707180337	1.14087429750309	-1.06111248393306	-0.0462706162016671	-0.144360279427541	1.2926575043905
0.0106811941069512	-1.04524861951974	1.14083304263418	-1.06341132939955	-0.0525916862023496	-0.14360063401514	1.29344560023995
0.0102456735694631	-1.04887868558648	1.14074220220067	-1.06564140569018	-0.0588642307648712	-0.14283471620872	1.29418187909425
0.00983259935368949	-1.05243673200173	1.14060153916132	-1.06780249030597	-0.0650875079927088	-0.142062707494443	1.2948658394456
0.0094416684588601	-1.05592222490047	1.14041082174196	-1.0698943639123	-0.0712607832347723	-0.14128478931115	1.29549698344869
0.00907257338657839	-1.05933463455679	1.14016982382195	-1.07191681035837	-0.0773833290807421	-0.140501142960653	1.29607481684629
0.00872500229546526	-1.06267343557498	1.13987832495707	-1.07386961674649	-0.0834544255677791	-0.139711949562261	1.29659884911659
0.00839863982956407	-1.06593810718539	1.13953610984213	-1.07575257343631	-0.0894733605981968	-0.138917390049125	1.29706859377229
0.00809316604472032	-1.06912813311674	1.13914296925033	-1.07756547411314	-0.0954394297028455	-0.138117645032141	1.29748356811205
0.00780825825287546	-1.07224300214404	1.1386986987254	-1.07930811578552	-0.101351936814938	-0.137312894870756	1.29784329383104
0.00754358914193017	-1.07528220777581	1.13820310014401	-1.08098029887577	-0.107210193750991	-0.136503319476192	1.29814729653721
0.00729882868765776	-1.07824524879491	1.13765598033649	-1.08258182720131	-0.113013520995305	-0.135689098384694	1.29839510635818
0.00707364313887876	-1.08113162915291	1.13705715199469	-1.08411250804813	-0.118761247478096	-0.134870410627071	1.29858625772405
0.00686769600995001	-1.08394085830121	1.1364064329939	-1.08557215218313	-0.124452711040786	-0.134047434733222	1.29872028969913
0.00668064728896571	-1.08667245111874	1.13570364711749	-1.08696057390822	-0.130087258281647	-0.133220348613161	1.2987967458134
0.00651215453692511	-1.08932592827873	1.1349486233104	-1.08827759107971	-0.135664245053194	-0.132389329574781	1.2988151744415
0.00636187253957865	-1.09190081626206	1.13414119603927	-1.08952302514273	-0.141183036455272	-0.131554554232957	1.29877512874083
0.00622945310344014	-1.09439664741709	1.13328120555586	-1.09069670117623	-0.146643006875211	-0.130716198434244	1.29867616664928
0.00611454632907724	-1.09681296037376	1.13236849701895	-1.09179844791821	-0.152043540542504	-0.129874437282929	1.29851785131754
0.00601679938107974	-1.09914929981575	1.13140292150948	-1.09282809779021	-0.157384031198471	-0.129029444988804	1.29829975075871
0.0059358579034257	-1.10140521695459	1.13038433507479	-1.0937854869468	-0.162663882697485	-0.128181394908293	1.2980214383555
0.00587136511089568	-1.10358026936166	1.12931259946883	-1.09467045528211	-0.167882508783523	-0.127330459410659	1.29768249257811
0.00582296274390624	-1.10567402133538	1.12818758156193	-1.0954828464943	-0.173039333527199	-0.126476809889267	1.29728249736635
0.00579029073066555	-1.10768604386313	1.12700915363768	-1.09622250807886	-0.178133791289406	-0.125620616668065	1.29682104201045
0.00577298779309149	-1.10961591487349	1.12577719303814	-1.09688929137366	-0.183165327026003	-0.124762048985171	1.29629772139228
0.00577069084179045	-1.11146321918415	1.1244915827149	-1.09748305160293	-0.188133396169216	-0.123901274886293	1.2957121358449
0.00578303599271628	-1.11322754879975	1.12315221050804	-1.09800364787269	-0.193037465051678	-0.123038461233495	1.29506389145825
0.00580965813566994	-1.11490850291107	1.12175896957682	-1.09845094322689	-0.19787701084753	-0.122173773612386	1.29435260000316
0.00585019163040421	-1.11650568812818	1.12031175793781	-1.09882480465695	-0.202651521880835	-0.121307376320684	1.2935778791566
0.00590426982701939	-1.11801871841608	1.11881047888038	-1.09912510311702	-0.207360497530965	-0.120439432267945	1.29273935235472
0.00597152522616683	-1.11944721525714	1.11725504096924	-1.09935171359624	-0.212003448371648	-0.119570102932651	1.29183664892107
0.00605159089548009	-1.12079080800201	1.1156453569777	-1.0995045150767	-0.21657989670535	-0.11869954839484	1.29086940444745
0.00614409856393959	-1.12204913350203	1.11398134543642	-1.09958339060356	-0.22108937598013	-0.11782792714438	1.28983726026849
0.00624868055638418	-1.12322183664462	1.1122629292256	-1.09958822729478	-0.22553143151488	-0.116955396155666	1.28873986406178
0.00636496900408359	-1.1243085701988	1.11049003622195	-1.09951891635116	-0.229905620275063	-0.116082110774473	1.28757686960046
0.00649259642724123	-1.12530899503155	1.10866259893054	-1.09937535309056	-0.234211511131066	-0.115208224698245	1.28634793695614
0.00663119546608602	-1.1262227800915	1.10678055474579	-1.09915743696797	-0.238448684812563	-0.114333889899685	1.28505273242455
0.00678039934836477	-1.12704960256466	1.1048438456415	-1.09886507158222	-0.242616734110149	-0.113459256602054	1.28369092865777
0.00693984206593182	-1.12778914796588	1.10285241809475	-1.09849816469741	-0.246715263975308	-0.112584473233389	1.28226220472794
0.00710915837417482	-1.12844111019408	1.10080622314317	-1.09805662826712	-0.250743891562509	-0.111709686373335	1.28076624613507
0.0072879839786693	-1.12900519161407	1.09870521628716	-1.0975403784506	-0.254702246324012	-0.110835040706483	1.27920274485649
0.00747595574017261	-1.12948110313082	1.09654935737312	-1.09694933560817	-0.258589970102738	-0.109960678985889	1.27757139939541
0.00767271151201274	-1.12986856421368	1.09433861077861	-1.09628342434753	-0.262406717115166	-0.109086741966427	1.27587191475018
0.00787789085457576	-1.13016730306417	1.09207294488294	-1.09554257349487	-0.266152154200283	-0.108213368399977	1.27410400258673
0.00809113472241552	-1.13037705662151	1.08975233238374	-1.09472671615804	-0.269825960752257	-0.107340694966533	1.27226738118316
0.00831208575364541	-1.13049757059927	1.08737675006758	-1.09383578968168	-0.273427828809639	-0.106468856236764	1.27036177545073
0.00854038827227677	-1.13052859956339	1.08494617888429	-1.09286973570422	-0.276957463087743	-0.10559798462877	1.26838691696848
0.0087756886762002	-1.13046990701336	1.0824606036571	-1.0918285001373	-0.280414581104775	-0.10472821038093	1.26634254405567
0.00901763555636974	-1.13032126543779	1.07992001302694	-1.0907120331788	-0.283798913228619	-0.103859661514277	1.26422840179424
0.00926587945598335	-1.13008245628692	1.07732439968178	-1.08952028933747	-0.287110202600062	-0.102992463770506	1.26204424195914
0.00952007317690448	-1.12975327002141	1.07467376011294	-1.08825322740218	-0.290348205220135	-0.102126740583748	1.25978982304786
0.00977987231118999	-1.12933350629957	1.07196809427508	-1.08691081049062	-0.293512690139504	-0.101262613075912	1.25746491046644
0.0100449350464681	-1.12882297388547	1.06920740571143	-1.08549300600437	-0.296603439362053	-0.100400199998237	1.2550692763959
0.0103149217732783	-1.12822149060778	1.06639170192052	-1.08399978568434	-0.299620247715841	-0.0995396176627656	1.25260269970243
0.0105894962306452	-1.12752888358075	1.06352099344231	-1.08243112555099	-0.302562923201091	-0.0986809799798614	1.25006496618964
0.0108683249231169	-1.12674498911303	1.06059529436618	-1.08078700595855	-0.305431286788692	-0.0978243983774142	1.24745586845122
0.0111510773640258	-1.12586965272647	1.05761462212772	-1.07906741155901	-0.308225172464489	-0.0969699817810928	1.24477520587581
0.0114374261157724	-1.1249027291704	1.0545789974994	-1.07727233131391	-0.310944427216679	-0.0961178365795224	1.24202278464196
0.0117270475523592	-1.12384408258842	1.05148844400203	-1.07540175848053	-0.313588911258322	-0.0952680666381255	1.23919841789648
0.0120196206179236	-1.12269358621972	1.04834298888505	-1.07345569062889	-0.316158497576179	-0.0944207731840615	1.23630192537541
0.0123148285505956	-1.12145112276239	1.04514266176896	-1.07143412959405	-0.318653072457951	-0.0935760548867199	1.23333313383306
0.012612357762622	-1.12011658412541	1.04188749554307	-1.06933708151355	-0.321072535086411	-0.0927340077528623	1.23029187671585
0.0129118982825759	-1.11868987147476	1.03857752599631	-1.06716455678447	-0.323416797626347	-0.0918947251245207	1.22717799421734
0.0132131440555242	-1.11717089531031	1.03521279160299	-1.0649165700785	-0.325685785285468	-0.0910582976713457	1.22399133335067
0.0135157932021224	-1.11555957547287	1.03179333329961	-1.06259314030553	-0.327879436335034	-0.0902248133811219	1.22073174795503
0.013819547115294	-1.11385584091712	1.02831919518692	-1.06019429062879	-0.329997701758566	-0.0893943574724635	1.21739909840869
0.0141241119395417	-1.11205963000698	1.0247904233622	-1.05772004841782	-0.332040545673817	-0.0885670124692907	1.21399325198793
0.0144291976242501	-1.11017089027463	1.02120706665181	-1.05517044526127	-0.334007944961329	-0.0877428581165683	1.21051408256437
0.0147345183055727	-1.10818957846748	1.01756917630209	-1.0525455169459	-0.335899889319209	-0.0869219713824114	1.20696147066535
0.0150397925422121	-1.10611566053218	1.01387680575341	-1.04984530340994	-0.337716381260712	-0.0861044264541377	1.20333530345858
0.0153447431261462	-1.10394911158007	1.01013001081594	-1.04706984877689	-0.339457435994873	-0.0852902947106457	1.19963547470255
0.0156490975013381	-1.10168991588318	1.00632884927855	-1.04421920128379	-0.3411230814672	-0.0844796447290559	1.19586188475922
0.0159525874554155	-1.09933806676743	1.00247338113525	-1.04129341327666	-0.342713358181486	-0.0836725422507104	1.19201444046302
0.0162549492301583	-1.09689356660697	0.998563668499736	-1.03829254120871	-0.344228319158424	-0.0828690501775003	1.18809305512532
0.0165559241090338	-1.09435642687822	0.994599775092475	-1.0352166455852	-0.34566803003204	-0.0820692285945493	1.18409764860999
0.0168552575118813	-1.09172666790334	0.990581766930301	-1.03206579095937	-0.347032568662912	-0.0812731347041408	1.1800281470359
0.0171527000777192	-1.08900431902142	0.986509711435615	-1.02884004587972	-0.348322025394608	-0.0804808228835737	1.1758844830017
0.0174480068781246	-1.08618941837645	0.982383678045012	-1.02553948289866	-0.349536502707484	-0.0796923446314286	1.17166659533897
0.0177409382575208	-1.08328201300789	0.97820373748797	-1.02216417850362	-0.350676115381587	-0.0789077486122065	1.16737442924764
0.0180312587472909	-1.08028215855988	0.973969962621515	-1.01871421312411	-0.351740990045403	-0.0781270805856474	1.16300793595898
0.0183187386720834	-1.07718991956125	0.96968242712283	-1.01518967106332	-0.352731265589212	-0.0773503835055471	1.15856707310136
0.0186031525914836	-1.07400536899856	0.965341206667823	-1.01159064049183	-0.353647092546976	-0.0765776974184819	1.15405180420451
0.0188842803072013	-1.07072858846548	0.960946378099486	-1.00791721339241	-0.354488633309266	-0.0758090595312667	1.14946209890968
0.0191619067942007	-1.06735966808759	0.956498019454619	-1.00416948554621	-0.355256061993499	-0.075044504207423	1.14479793290369
0.0194358218348414	-1.06389870632577	0.951996210173146	-1.00034755646976	-0.355949564193069	-0.0742840629472307	1.14005928771405
0.0197058205588362	-1.06034581004653	0.947441030659128	-0.996451529398118	-0.356569337043144	-0.0735277644294671	1.13524615082432
0.0199717027819166	-1.05670109425793	0.942832562721888	-0.992481511229312	-0.357115588871228	-0.0727756344744207	1.13035851539062
0.0202332738167346	-1.05296468222928	0.938170888909857	-0.988437612493703	-0.357588539341799	-0.0720276961044507	1.12539638041886
0.0204903438910248	-1.04913670523891	0.933456092891721	-0.984319947292325	-0.357988419126751	-0.0712839695180415	1.12035975050372
0.0207427283059388	-1.045217302568	0.928688259317342	-0.980128633298397	-0.358315469843062	-0.0705444721118041	1.11524863585014
0.0209902478586713	-1.04120662143339	0.923867473373356	-0.975863791642495	-0.358569944029802	-0.0698092185174807	1.11006305224594
0.0212327279764564	-1.037104816745	0.91899382144929	-0.971525546927074	-0.358752104747492	-0.0690782205659433	1.10480302080344
0.0214699995576897	-1.03291205118247	0.914067390404498	-0.967114027152202	-0.358862225706313	-0.0683514873537107	1.09946856809859
0.0217018985600084	-1.02862849499154	0.909088267824307	-0.962629363664966	-0.358900590985499	-0.0676290252354461	1.09405972597476
0.0219282661129382	-1.02425432591646	0.904056541876565	-0.958071691116419	-0.358867494929554	-0.06691083785112	1.08857653150488
0.0221489483891325	-1.01978972904848	0.898972301336162	-0.953441147398308	-0.358763241951814	-0.0661969261353691	1.08301902686493
0.0223637965897343	-1.0152348967486	0.893835635560072	-0.948737873618169	-0.358588146392447	-0.0654872883448111	1.07738725928473
0.0225726672640307	-1.01059002857085	0.88864663413548	-0.943962014008412	-0.358342532455622	-0.0647819200941136	1.07168128101623
0.0227754218068994	-1.00585533105399	0.883405387220648	-0.939113715890054	-0.358026733897739	-0.0640808143546343	1.06590114913424
0.0229719268136381	-1.00103101770516	0.87811198521321	-0.934193129628197	-0.357641093992396	-0.0633839615020214	1.06004692557132
0.0231620537268339	-0.996117308760217	0.872766518917448	-0.929200408538285	-0.357185965240012	-0.0626913493195162	1.05411867689509
0.0233456789914422	-0.991114431154683	0.867369079396295	-0.924135708872675	-0.356661709277145	-0.0620029630393885	1.04811647432289
0.023522684446893	-0.986022618445596	0.861919757550726	-0.918999189711237	-0.356068696821938	-0.0613187853958004	1.04204039369908
0.0236929563546054	-0.980842110511526	0.856418644842205	-0.913791012949791	-0.355407307209805	-0.0606387965977153	1.03589051518864
0.0238563859322194	-0.975573153511246	0.850865832767063	-0.908511343195549	-0.354677928383642	-0.0599629743927858	1.0296669233007
0.0240128696223363	-0.970215999855854	0.845261412595756	-0.903160347728457	-0.353880956825096	-0.0592912941201123	1.02336970691284
0.0241623081923027	-0.964770907848848	0.839605475979582	-0.897738196423518	-0.353016797081052	-0.0586237286891271	1.0169989589132
0.0243046076872765	-0.959238141803015	0.833898114146789	-0.892245061695322	-0.352085861908637	-0.0579602486756531	1.0105547764038
0.0244396785034715	-0.953617971669027	0.828139418523596	-0.886681118414792	-0.351088571789362	-0.0573008223011418	1.00403726033095
0.0245674358268864	-0.94791067303792	0.822329480337572	-0.881046543863825	-0.350025354906559	-0.0566454155007398	0.997446515554015
0.0246877995726518	-0.942116526968351	0.816468390563381	-0.87534151764266	-0.348896646936624	-0.0559939919584267	0.990782650716816
0.0248006939803473	-0.936235819774339	0.810556240164593	-0.869566221615464	-0.347702890744369	-0.0553465131232652	0.984045778062811
0.0249060481466862	-0.930268842993034	0.804593119583856	-0.863720839814688	-0.346444536364225	-0.0547029382849101	0.977236013479557
0.0250037952788957	-0.924215893127564	0.798579119281106	-0.857805558422818	-0.345122040596453	-0.0540632245718477	0.970353476254557
0.0250938732477765	-0.918077271553248	0.792514329148078	-0.851820565614732	-0.343735866967416	-0.0534273270275951	0.963398289058469
0.0251762241736085	-0.911853284364252	0.786398838816704	-0.845766051562044	-0.342286485440955	-0.0527951986335645	0.956370577826743
0.0252507944687279	-0.905544242193967	0.780232737496188	-0.839642208310731	-0.340774372224583	-0.0521667903557671	0.949270471632846
0.0253175345437725	-0.899150460021487	0.774016114131044	-0.833449229720694	-0.339200009491308	-0.0515420511753143	0.942098102536343
0.0253763992902126	-0.89267225714041	0.767749056936936	-0.827187311383919	-0.337563885344012	-0.0509209281664342	0.93485360562974
0.0254273473750035	-0.886109956840526	0.761431653854557	-0.820856650540186	-0.335866493390808	-0.0503033665012584	0.927537118742841
0.0254703417299131	-0.879463886397064	0.755063992096714	-0.814457446012135	-0.334108332717249	-0.0496893095316246	0.920148782512127
0.0255053489797534	-0.872734376758624	0.748646158478597	-0.807989898098521	-0.332289907493549	-0.049078698802601	0.912688740100268
0.0255323394859723	-0.865921762445779	0.742178239325132	-0.801454208523115	-0.330411726805528	-0.0484714741099731	0.905157137156692
0.025551287877193	-0.859026381498658	0.735660319942908	-0.794850580324774	-0.328474304618454	-0.0478675735818002	0.897554121846701
0.0255621718606991	-0.852048575062901	0.729092485470015	-0.788179217790383	-0.326478159197157	-0.0472669336615953	0.889879844447758
0.0255649733070171	-0.844988687485657	0.722474819931755	-0.781440326358282	-0.324423813255335	-0.0466694892267022	0.882134457552308
0.0255596770667374	-0.837847065890955	0.715807407077523	-0.774634112541778	-0.322311793371249	-0.0460751735722785	0.874318115655241
0.025546271955992	-0.830624060258418	0.709090329520559	-0.76776078383764	-0.320142630105293	-0.0454839185253307	0.86643097533836
0.0255247498378731	-0.823320023037533	0.70232366934804	-0.760820548627299	-0.317916857491617	-0.0448956544447459	0.858473194907408
0.0254951059443058	-0.815935309096162	0.695507507803426	-0.753813616111869	-0.315635012948311	-0.0443103102985769	0.850444934421428
0.0254573386487648	-0.808470275496895	0.688641925356507	-0.746740196209638	-0.3132976369923	-0.0437278137061475	0.842346355522383
0.0254114495804418	-0.800925281355218	0.68172700151346	-0.739600499454283	-0.310905273064283	-0.0431480910025096	0.834177621365603
0.0253574430420234	-0.793300687568284	0.674762815196465	-0.732394736926219	-0.308458467141118	-0.0425710672619568	0.825938896390002
0.0252953266908218	-0.785596856788737	0.667749444097039	-0.725123120131822	-0.305957767736602	-0.0419966663971864	0.817630346389098
0.0252251109348674	-0.777814153163851	0.660686965087302	-0.717785860950514	-0.303403725511263	-0.0414248111824632	0.809252138292554
0.0251468084945718	-0.769952942019772	0.653575454422302	-0.710383171491889	-0.300796892899675	-0.0408554232850435	0.800804439898398
0.0250604352964225	-0.762013589957963	0.646414986993096	-0.702915264042512	-0.298137824205314	-0.0402884233814292	0.792287420081333
0.0249660096287938	-0.753996464474316	0.63920563687068	-0.695382350953292	-0.295427075107449	-0.0397237311641802	0.783701248442174
0.0248635521408226	-0.745901933779967	0.631947477201215	-0.687784644527553	-0.292665202439781	-0.0391612654033436	0.775046095201418
0.0247530861204517	-0.737730366738166	0.624640579924025	-0.680122356954815	-0.289852764080362	-0.0386009440244664	0.766322131219174
0.0246346368508264	-0.72948213253014	0.61728501616321	-0.672395700197108	-0.286990318520482	-0.0380426841302206	0.757529527704501
0.0245082318924075	-0.72115760054936	0.609880855909128	-0.664604885881909	-0.284078424736553	-0.0374864020791814	0.748668456195638
0.024373901295071	-0.712757140294468	0.60242816776626	-0.656750125210173	-0.281117642045534	-0.036932013559306	0.739739088535078
0.0242316764416696	-0.704281120939832	0.594927019765845	-0.648831628866094	-0.278108529517082	-0.0363794335815366	0.730741596462497
0.0240815913042508	-0.695729911447177	0.587377478282417	-0.640849606897156	-0.275051646153808	-0.0358285766160916	0.721676151857108
0.0239236811179107	-0.687103880103176	0.579779608985229	-0.632804268630712	-0.271947550251247	-0.0352793565755675	0.712542926291117
0.023757983180302	-0.678403394521489	0.572133476107744	-0.624695822552531	-0.268796799428426	-0.0347316869247713	0.703342091142156
0.023584536346823	-0.669628821375591	0.564439142764791	-0.616524476223481	-0.265599950253227	-0.0341854807129746	0.694073817380163
0.0234033810895141	-0.660780526223322	0.556696670796204	-0.608290436155963	-0.26235755803177	-0.0336406506397254	0.684738275470272
0.0232145592188662	-0.651858873277414	0.548906120895453	-0.599993907715531	-0.259070176499482	-0.0330971091001865	0.675335635208097
0.0230181139346166	-0.642864225271253	0.541067552498683	-0.591635095036885	-0.255738357624616	-0.0325547682522554	0.665866065665703
0.0228140895406643	-0.633796943174277	0.533181023872937	-0.583214200875402	-0.252362651275156	-0.0320135400595834	0.656329734970443
0.0226025320768358	-0.624657386224876	0.525246591581827	-0.574731426550352	-0.248943605220557	-0.0314733363946354	0.64672681044568
0.0223834878861854	-0.615445911359754	0.517264311453675	-0.566186971782887	-0.245481764421773	-0.0309340690123048	0.637057458053598
0.0221570049925342	-0.60616287341346	0.509234237459803	-0.557581034629417	-0.241977671269655	-0.0303956496972241	0.627321842735135
0.0219231316761961	-0.59680862460882	0.501156422731382	-0.548913811374232	-0.238431864899248	-0.0298579902407255	0.617520127918464
0.0216819176518234	-0.587383514611104	0.493030918506382	-0.540185496371491	-0.234844881325285	-0.0293210025712376	0.607652475700982
0.0214334130059328	-0.577887890182909	0.484857774935891	-0.531396282010231	-0.231217252903563	-0.0287845987565131	0.597719046541423
0.021177668396561	-0.568322094964862	0.476637040758079	-0.522546358517935	-0.227549508132578	-0.0282486910734773	0.587719999126626
0.0209147352786942	-0.558686469446595	0.468368763111801	-0.513635913934421	-0.223842171535735	-0.02771319208782	0.577655490435047
0.0206446652508858	-0.548981350563384	0.460052987892803	-0.504665133932557	-0.22009576319296	-0.0271780146731044	0.567525675384654
0.0203675106761267	-0.539207071702095	0.451689759210392	-0.495634201736943	-0.216310798727075	-0.026643072111485	0.557330706947676
0.02008332363879	-0.529363962278343	0.443279120109471	-0.48654329801167	-0.212487788738131	-0.0261082780922304	0.54707073576403
0.0197921570918268	-0.519452347823942	0.434821111584532	-0.477392600738986	-0.208627238941245	-0.0255735468415892	0.536745910361024
0.0194940633761759	-0.509472549456835	0.426315773638476	-0.468182285102845	-0.204729649458299	-0.0250387930950239	0.526356376640202
0.019189095675021	-0.4994248840444	0.417763144061977	-0.458912523370341	-0.20079551505516	-0.0245039322446258	0.515902278186708
0.0188773060554991	-0.489309663589611	0.409163259892712	-0.449583484802193	-0.196825324290289	-0.0239688802842117	0.50538375565456
0.0185587475443477	-0.479127195506265	0.400516155680741	-0.440195335501105	-0.19281955993779	-0.0234335539915983	0.494800947213221
0.0182334721949978	-0.468877781988489	0.391821864909858	-0.430748238300357	-0.188778698134784	-0.0228978708738312	0.484153987917372
0.0179015321183987	-0.458561720122446	0.383080419150936	-0.421242352690495	-0.184703208499871	-0.0223617492902904	0.473443009948275
0.0175629786667002	-0.448179301436463	0.374291848543003	-0.411677834628975	-0.180593553606756	-0.0218251084605646	0.462668142210479
0.0172178633314618	-0.437730811991575	0.365456181060351	-0.40205483647645	-0.176450189063566	-0.02128786857941	0.451829510546807
0.0168662363821803	-0.427216531864592	0.356573443473371	-0.39237350686358	-0.172273562834334	-0.0207499507944762	0.440927237247478
0.0165081478845034	-0.416636735197564	0.347643660462898	-0.382633990562094	-0.168064115328992	-0.0202112773249527	0.429961441227306
0.0161436472093067	-0.405991689894105	0.338666854912225	-0.372836428358714	-0.163822279007722	-0.0196717714904518	0.41893223778639
0.0157727827594326	-0.395281657399334	0.329643048059103	-0.362980956958515	-0.159548478067926	-0.019131357754497	0.407839738464154
0.0153956021741279	-0.384506892544293	0.320572259233788	-0.353067708843516	-0.155243128265881	-0.0185899617934173	0.396684050977758
0.0150121523623155	-0.373667643372762	0.311454505752149	-0.343096812152538	-0.150906636691441	-0.0180475105559458	0.385465279136441
0.0146224786797527	-0.362764150771381	0.302289803479541	-0.333068390565201	-0.146539401269229	-0.0175039322723051	0.374183522522593
0.0142266262421181	-0.351796648578356	0.293078165711573	-0.322982563162524	-0.142141810936736	-0.0169591565883636	0.36283887674326
0.0138246383230324	-0.340765363048368	0.283819604362644	-0.312839444328816	-0.137714244901358	-0.0164131145284161	0.351431432913454
0.0134165573681677	-0.32967051286919	0.274514129061596	-0.302639143591145	-0.133257072712822	-0.0158657386105371	0.339961277802551
0.0130024244159969	-0.318512308881592	0.265161747558673	-0.292381765533899	-0.128770653853978	-0.0153169628702053	0.328428493618164
0.0125822792071059	-0.307290953873685	0.255762465519196	-0.282067409630315	-0.124255337517768	-0.0147667229207188	0.316833157891545
0.0121561600652936	-0.296006642411435	0.246316286574745	-0.27169617015772	-0.119711462346008	-0.0142149560041209	0.30517534339189
0.0117241040267866	-0.284659560634092	0.236823212100973	-0.261268136026177	-0.115139356210412	-0.0136616010521354	0.2934551180151
0.0112861460674733	-0.273249885922976	0.227283241772396	-0.250783390686639	-0.110539335737209	-0.0131065986974128	0.281672544508499
0.0108423203746093	-0.261777786991526	0.2176963724742	-0.240242011982068	-0.10591170646447	-0.0125498914030998	0.269827680704463
0.0103926585912663	-0.250243423284991	0.208062599591523	-0.229644072021232	-0.10125676203498	-0.0119914234137619	0.257920578933615
0.0099371914715745	-0.238646945187697	0.198381915647807	-0.218989637054627	-0.0965747844863547	-0.0114311409084967	0.245951286393717
0.00947594731029455	-0.226988493443336	0.188654311431104	-0.208278767326387	-0.0918660434933386	-0.0108689919613791	0.233919844591349
0.00900895293474459	-0.215268199231624	0.178879775173208	-0.197511516974107	-0.08713079645363	-0.0103049266564702	0.221826289553327
0.00853623320829465	-0.203486183800653	0.169058292805732	-0.186687933842501	-0.0823692880579565	-0.00973889710952156	0.209670651526214
0.00805781100661138	-0.191642558339777	0.159189847962848	-0.175808059416397	-0.0775817500622928	-0.00917085752416135	0.197452954941973
0.00757370713669325	-0.179737423712113	0.149274421916607	-0.164871928635933	-0.0727684009912515	-0.00860076423841603	0.185173218236536
0.0070839404131013	-0.167770870283951	0.139311993446046	-0.153879569767829	-0.0679294459143718	-0.00802857578333723	0.172831453775221
0.00658852751651492	-0.155742977728509	0.129302538896044	-0.142831004299521	-0.0630650761624884	-0.0074542529300551	0.160427667743531
0.00608748291148521	-0.143653814784551	0.119246032140374	-0.131726246779373	-0.0581754690387394	-0.00687775873727198	0.147961859994193
0.00558081866189157	-0.131503438997049	0.109142444631323	-0.120565304662016	-0.0532607874984027	-0.006299058593264	0.135434023873104
0.00506854491345854	-0.119291896686019	0.0989917449920451	-0.109348178219973	-0.0483211800702873	-0.00571812030062844	0.122844146304261
0.00455066911991819	-0.107019222497035	0.0887938994809812	-0.0980748603415357	-0.0433567803254241	-0.005134914081075	0.110192207399182
0.00402719651000812	-0.0946854393726903	0.0785488716030878	-0.0867453364480532	-0.0383677067944286	-0.00454941265969424	0.0974781805449017
0.00349812955202471	-0.0822905581951872	0.0682566224228937	-0.075359584325979	-0.0333540625249008	-0.00396159128560481	0.0847020321186006
0.00296346876678746	-0.0698345777594067	0.0579171098377337	-0.0639175739693552	-0.028315935076692	-0.00337142783364542	0.0718637215906762
0.00242321148932571	-0.0573174843060851	0.0475302894880347	-0.0524192674644861	-0.0232533958739413	-0.00277890278619687	0.0589632011020356
0.00187735269959258	-0.0447392515149909	0.0370961140328009	-0.0408646188478075	-0.0181665002101854	-0.00218399933688115	0.046000415590088
0.00132588495680916	-0.0320998402494796	0.0266145330919832	-0.0292535739299815	-0.0130552869494981	-0.00158670343960554	0.0329753026274342
0.000768797750695313	-0.0193991982194849	0.0160854936912432	-0.0175860701714625	-0.00791977806139906	-0.00098700382605984	0.0198877921554702
0.000206077329931512	-0.00663725974895312	0.00550894032922897	-0.0058620365512106	-0.00275997830485354	-0.000384892051165115	0.00673780634381782
-7.69398896399709e-05	-0.00023586262665274	0.000204603379223497	1.88418469480129e-05	-0.000172009666452207	-8.30245250445444e-05	0.000141986040787159
-7.67729449718119e-05	-0.000235879493121899	0.000204455966296146	1.88416678187863e-05	-0.00017204375838591	-8.30231092736151e-05	0.000142015064795182
-7.66058267046704e-05	-0.00023589638691859	0.000204308410951468	1.88414883052371e-05	-0.000172077895458853	-8.30217002173667e-05	0.000142044128154974
-7.64388201346389e-05	-0.000235913243183238	0.000204160936980932	1.88413063820485e-05	-0.000172111987063392	-8.30202811955656e-05	0.000142073153413299
-7.62717649697986e-05	-0.000235930097013635	0.000204013417543294	1.88411244006926e-05	-0.000172146083538601	-8.30188614849708e-05	0.000142102182748658
-7.61048831454669e-05	-0.000235946899643236	0.000203866028298388	1.88409392217533e-05	-0.000172180115054921	-8.3017428210248e-05	0.000142131157707375
-7.59378048203335e-05	-0.000235963732685574	0.000203718476688569	1.88407558131807e-05	-0.000172214198198781	-8.30160029135184e-05	0.00014216017592359
-7.5770854295748e-05	-0.000235980524604124	0.000203571019173621	1.8840569826023e-05	-0.000172248230749864	-8.30145666698163e-05	0.000142189151790002
-7.5604004216856e-05	-0.000235997281211511	0.000203423634119806	1.88403817777698e-05	-0.000172282221233902	-8.30131210970966e-05	0.000142218092399459
-7.54370997526482e-05	-0.000236014036976255	0.00020327619917361	1.88401935512195e-05	-0.000172316218593517	-8.30116752125604e-05	0.000142247038829348
-7.52700875135404e-05	-0.000236030803510597	0.000203128671995637	1.88400059475435e-05	-0.000172350239576596	-8.30102321838127e-05	0.000142276005035084
-7.51032997285683e-05	-0.000236047507564102	0.000202981315384348	1.88398145437117e-05	-0.000172384179523803	-8.30087725635191e-05	0.000142304903352417
-7.49364173716766e-05	-0.000236064219476338	0.000202833877079728	1.88396235617429e-05	-0.000172418138934174	-8.30073149959455e-05	0.000142333818006941
-7.47695439659579e-05	-0.00023608091650985	0.00020268643888266	1.8839431652429e-05	-0.000172452085219627	-8.30058534459889e-05	0.000142362721708856
-7.46028055546855e-05	-0.000236097570818425	0.000202539100532806	1.88392370803958e-05	-0.000172485978688821	-8.30043805565787e-05	0.000142391581145832
-7.44359963753688e-05	-0.000236114227811484	0.000202391699309634	1.88390426262154e-05	-0.000172519884164904	-8.30029083467463e-05	0.000142420450684536
-7.42691466746465e-05	-0.000236130880779117	0.000202244259074266	1.88388479097394e-05	-0.000172553792091718	-8.30014350407856e-05	0.000142449322272382
-7.41024475670038e-05	-0.000236147487603106	0.000202096931063364	1.88386503466092e-05	-0.000172587642287801	-8.29999494881108e-05	0.000142478145500474
-7.3935721127058e-05	-0.000236164087469987	0.000201949574455546	1.88384523863358e-05	-0.000172621490788193	-8.29984620882808e-05	0.000142506967371579
-7.37688456917129e-05	-0.000236180707392872	0.00020180209314366	1.88382555019705e-05	-0.000172655375997935	-8.2996979916582e-05	0.000142535819944254
-7.36023321804002e-05	-0.000236197234490705	0.000201654891174297	1.88380530160475e-05	-0.00017268913687354	-8.29954732103639e-05	0.000142564568396224
-7.34355894687483e-05	-0.000236213799335253	0.000201507501006518	1.88378526891776e-05	-0.000172722959745561	-8.29939764153799e-05	0.000142593368850866
-7.32689280011356e-05	-0.000236230333210217	0.000201360168185227	1.88376505584934e-05	-0.000172756746671075	-8.29924714095161e-05	0.00014262213915428
-7.31022940739928e-05	-0.00023624684822093	0.000201212850249599	1.88374472026879e-05	-0.000172790514716727	-8.29909613942045e-05	0.000142650893689058
-7.29356933217018e-05	-0.0002362633430451	0.000201065551685628	1.88372425484148e-05	-0.000172824262072765	-8.29894460275963e-05	0.00014267963086706
-7.27689867877079e-05	-0.000236279848133195	0.000200918162523989	1.88370385751562e-05	-0.000172858032403047	-8.29879333531704e-05	0.000142708387316105
-7.2602491112822e-05	-0.000236296294022116	0.000200770933269159	1.88368308786117e-05	-0.000172891726158732	-8.29864049385143e-05	0.000142737079653673
-7.24358782244056e-05	-0.000236312752865519	0.000200623604427325	1.88366239150422e-05	-0.000172925446603571	-8.29848799579602e-05	0.000142765794343153
-7.22693462833907e-05	-0.000236329180940999	0.000200476332708199	1.88364151078411e-05	-0.000172959131277111	-8.29833468295182e-05	0.000142794479074827
-7.21028336082147e-05	-0.000236345591840548	0.000200329069385136	1.88362052642782e-05	-0.000172992799601316	-8.29818091333326e-05	0.000142823150176344
-7.19362487876241e-05	-0.00023636200592158	0.000200181742075062	1.88359954462754e-05	-0.000173026480507037	-8.29802722273135e-05	0.000142851831756892
-7.17698262087813e-05	-0.000236378371243004	0.000200034536223387	1.88357827945475e-05	-0.000173060100023062	-8.29787224484535e-05	0.000142880461987023
-7.16033770123414e-05	-0.000236394729716607	0.000199887302527665	1.88355695195661e-05	-0.000173093717771838	-8.29771707799376e-05	0.000142909090725292
-7.14368682836614e-05	-0.000236411088356311	0.000199740014823063	1.88353563607569e-05	-0.000173127344001243	-8.29756192122525e-05	0.000142937726543835
-7.12704604100695e-05	-0.000236427411975416	0.000199592800027154	1.88351409724486e-05	-0.00017316092825858	-8.29740582845417e-05	0.000142966327291907
-7.11040930145151e-05	-0.000236443713927826	0.000199445610389939	1.88349241849774e-05	-0.000173194489649659	-8.29724916321349e-05	0.000142994908828784
-7.09376251923494e-05	-0.000236460024973656	0.000199298334484926	1.88347080512258e-05	-0.000173228072317122	-8.29709273980411e-05	0.000143023508267573
-7.07712929353538e-05	-0.00023647629349751	0.000199151158961422	1.8834489191248e-05	-0.000173261602227741	-8.29693518775111e-05	0.000143052063469179
-7.06049542286563e-05	-0.000236492550582165	0.000199003971478734	1.88342696383836e-05	-0.000173295123925745	-8.29677733154687e-05	0.000143080611836842
-7.043856216013e-05	-0.000236508806546187	0.000198856734929392	1.88340499930639e-05	-0.000173328652228709	-8.29661944462719e-05	0.000143109165751283
-7.02723449361176e-05	-0.000236525011287295	0.000198709629908519	1.88338271872135e-05	-0.00017336211533903	-8.29646020070922e-05	0.000143137665038415
-7.01060064202397e-05	-0.000236541229915732	0.000198562422009871	1.88336051526103e-05	-0.000173395606452124	-8.29630132189634e-05	0.000143166187849698
-6.99396842350486e-05	-0.000236557432092485	0.000198415220264286	1.88333821612529e-05	-0.000173429082218554	-8.29614200967364e-05	0.000143194697744663
-6.97734063841854e-05	-0.000236573611729976	0.000198268046758265	1.88331577311593e-05	-0.000173462533873629	-8.29598209966522e-05	0.000143223187495586
-6.96073061915575e-05	-0.000236589739524822	0.000198121006966465	1.8832930116276e-05	-0.000173495919481709	-8.29582081533298e-05	0.000143251621920974
-6.94409562022186e-05	-0.000236605909480388	0.000197973762681991	1.88327050281258e-05	-0.000173529373500344	-8.29566064617857e-05	0.000143280113695885
-6.92747939602667e-05	-0.000236622025332096	0.000197826660174732	1.8832476632888e-05	-0.000173562758294839	-8.29549904535687e-05	0.000143308547483328
-6.91086608235053e-05	-0.000236638121990391	0.000197679573888873	1.88322470446212e-05	-0.00017359612377579	-8.29533693683581e-05	0.000143336965100112
-6.89424431623425e-05	-0.000236654224530265	0.00019753241388594	1.88320177458906e-05	-0.00017362950572317	-8.295174982098e-05	0.000143365396495371
-6.87763590957041e-05	-0.000236670284877762	0.00019738535275704	1.88317858952733e-05	-0.000173662835486598	-8.2950119099489e-05	0.000143393784235012
-6.86101295655633e-05	-0.000236686364468979	0.000197238169734326	1.88315551372066e-05	-0.000173696200860864	-8.29484934552083e-05	0.000143422201774168
-6.84441739205038e-05	-0.000236702371087319	0.000197091196647847	1.88313199705299e-05	-0.000173729469978359	-8.29468485519192e-05	0.000143450538723708
-6.82780032304486e-05	-0.000236718412215814	0.000196944046574471	1.88310868339946e-05	-0.000173762796559871	-8.29452127450864e-05	0.000143478923813559
-6.81119586461165e-05	-0.000236734412852393	0.000196796989496151	1.88308512166151e-05	-0.00017379607336783	-8.29435662022667e-05	0.000143507267218439
-6.79459496583101e-05	-0.000236750393039619	0.000196649953826053	1.88306142892211e-05	-0.00017382932890591	-8.29419142825633e-05	0.00014353559282549
-6.77799103163124e-05	-0.00023676636708202	0.000196502887288286	1.88303769978876e-05	-0.000173862583836403	-8.29402607226788e-05	0.000143563917899114
-6.76138841686214e-05	-0.000236782325447292	0.000196355824429867	1.88301387723784e-05	-0.000173895824477112	-8.29386030331766e-05	0.000143592231089448
-6.74479385155691e-05	-0.000236798253496536	0.000196208818527624	1.88298985535364e-05	-0.000173929029758085	-8.29369373051827e-05	0.000143620514584785
-6.72819644876449e-05	-0.000236814175026256	0.000196061783344983	1.88296580072383e-05	-0.000173962233819547	-8.29352698539579e-05	0.000143648797152045
-6.71159592173509e-05	-0.000236830090620185	0.000195914716626805	1.88294170788402e-05	-0.000173995437579601	-8.29336008546008e-05	0.000143677079416163
-6.6950131607027e-05	-0.000236845954618668	0.00019576778382234	1.88291728870206e-05	-0.000174028575444015	-8.29319181749975e-05	0.000143705306555972
-6.67841442182626e-05	-0.000236861840962558	0.000195620717718253	1.88289300805946e-05	-0.000174061753462074	-8.29302414397494e-05	0.000143733567235793
-6.66183088363775e-05	-0.000236877681237396	0.000195473765212534	1.88286844565711e-05	-0.000174094873568557	-8.29285525323804e-05	0.000143761779552391
-6.64524232949631e-05	-0.000236893519805267	0.000195326766188469	1.88284386498053e-05	-0.000174127999396593	-8.29268631351689e-05	0.000143789996527154
-6.62866200991374e-05	-0.000236909327606515	0.000195179825626321	1.88281910062113e-05	-0.000174161089232586	-8.29251656497007e-05	0.000143818183482095
-6.61207341969006e-05	-0.000236925140774131	0.000195032812840695	1.8827943707746e-05	-0.000174194194933058	-8.29234695925605e-05	0.000143846383713741
-6.59549236736029e-05	-0.000236940924984441	0.000194885852927706	1.88276944713506e-05	-0.00017422726703584	-8.29217658732551e-05	0.000143874555787789
-6.57891811462613e-05	-0.000236956681274811	0.000194738940105521	1.882744367861e-05	-0.000174260307521552	-8.29200547769297e-05	0.000143902701360034
-6.56233651342986e-05	-0.000236972441303943	0.000194591962350901	1.88271929254429e-05	-0.000174293361195066	-8.29183446509653e-05	0.000143930858057494
-6.5457757495585e-05	-0.000236988142849909	0.000194445142839492	1.88269386510581e-05	-0.00017432633930576	-8.29166191124164e-05	0.000143958951428439
-6.52918776614109e-05	-0.000237003891447648	0.000194298101087453	1.88266872066579e-05	-0.000174359392865649	-8.29149059965477e-05	0.000143987107999264
-6.51262664578406e-05	-0.000237019568382225	0.000194151265254031	1.88264314712023e-05	-0.000174392351928211	-8.29131739752288e-05	0.000144015185476239
-6.49604846632984e-05	-0.000237035270224395	0.00019400428766421	1.88261770796966e-05	-0.000174425354647258	-8.2911448530355e-05	0.000144043299455266
-6.47948423943001e-05	-0.000237050928710621	0.000193857413743198	1.88259201320488e-05	-0.000174458303400359	-8.29097116100685e-05	0.000144071368347095
-6.46292546476607e-05	-0.000237066562696481	0.000193710576306891	1.88256615977253e-05	-0.00017449122507833	-8.29079682907125e-05	0.000144099414470245
-6.44635924848536e-05	-0.000237082200291866	0.000193563673225178	1.88254033027936e-05	-0.000174524160077676	-8.29062258768821e-05	0.00014412747176935
-6.42980104697405e-05	-0.000237097807776789	0.000193416826870657	1.88251430840807e-05	-0.000174557059873411	-8.29044755430632e-05	0.000144155499692648
-6.41323135690958e-05	-0.000237113427733939	0.000193269882823449	1.88248836868407e-05	-0.000174589985716886	-8.29027285081463e-05	0.000144183549315603
-6.39668989253078e-05	-0.000237128973264947	0.000193123155552491	1.88246197021515e-05	-0.000174622812936995	-8.29009618550248e-05	0.000144211516441613
-6.38012564047746e-05	-0.000237144556116363	0.000192976241141299	1.88243579237867e-05	-0.000174655701709429	-8.28992050278107e-05	0.000144239535040339
-6.3635726599634e-05	-0.000237160101570176	0.000192829409266515	1.8824093948232e-05	-0.000174688545003052	-8.28974383685092e-05	0.000144267515636478
-6.34702240522034e-05	-0.00023717562857694	0.000192682592273924	1.88238287274168e-05	-0.000174721369849626	-8.28956668694376e-05	0.000144295480723321
-6.33047440926071e-05	-0.00023719113796802	0.000192535786456421	1.88235624442462e-05	-0.00017475417753458	-8.28938906805412e-05	0.00014432343150737
-6.31392931653429e-05	-0.000237206628440206	0.000192388996995627	1.88232949748228e-05	-0.000174786966136709	-8.28921095544048e-05	0.000144351366300303
-6.29737939416425e-05	-0.000237222116933507	0.000192242162484063	1.88230273408989e-05	-0.000174819759949946	-8.28903278783611e-05	0.00014437930540229
-6.2808394263314e-05	-0.000237237570956117	0.000192095400140466	1.88227576600826e-05	-0.000174852512479368	-8.2888537155843e-05	0.00014440720998805
-6.26429451089372e-05	-0.000237253023282601	0.00019194859198976	1.8822487797039e-05	-0.000174885270566409	-8.2886746001487e-05	0.000144435119293126
-6.24775937530658e-05	-0.000237268441606771	0.00019180185453424	1.88222158672079e-05	-0.000174917987983293	-8.28849458686361e-05	0.000144462994438894
-6.23122874913312e-05	-0.000237283837538262	0.000191655146147482	1.88219425161233e-05	-0.000174950681316142	-8.288313984976e-05	0.000144490849469242
-6.21468142641968e-05	-0.00023729925741978	0.00019150829883019	1.88216706358403e-05	-0.000174983417039563	-8.28813401817065e-05	0.000144518740013283
-6.19816492922198e-05	-0.00023731459732404	0.000191361689012154	1.88213938163116e-05	-0.000175016046114786	-8.28795194104167e-05	0.000144546541232509
-6.1816165264697e-05	-0.000237329994399581	0.000191214819773161	1.88211205473282e-05	-0.000175048765284173	-8.28777137560494e-05	0.000144574417936926
-6.16509419678474e-05	-0.00023734532194784	0.000191068150384721	1.88208429675299e-05	-0.000175081392743068	-8.28758897665222e-05	0.000144602217808706
-6.1485654147958e-05	-0.000237360651089442	0.000190921423250806	1.88205654324007e-05	-0.000175114030497546	-8.28740662299748e-05	0.000144630026289918
-6.13204203369494e-05	-0.000237375955857745	0.000190774732185262	1.88202864287196e-05	-0.00017514664135557	-8.28722362690958e-05	0.000144657812332916
-6.11551340123917e-05	-0.000237391259559194	0.000190627992923895	1.88200073134471e-05	-0.000175179258731385	-8.28704060537545e-05	0.000144685603754423
-6.09899985706125e-05	-0.000237406517777927	0.0001904813664768	1.88197254330253e-05	-0.000175211818875202	-8.2868563856895e-05	0.000144713347315778
-6.08247554319957e-05	-0.000237421786909373	0.000190334648080687	1.88194442714295e-05	-0.000175244402811619	-8.2866724589333e-05	0.000144741110759666
-6.06596688972755e-05	-0.000237437009468697	0.00019018804705076	1.88191600959686e-05	-0.00017527692779129	-8.28648730236657e-05	0.000144768824854574
-6.04944194199791e-05	-0.000237452255035658	0.000190041310386274	1.88188773836114e-05	-0.000175309493909061	-8.28630275550093e-05	0.000144796573432748
-6.03293437012598e-05	-0.000237467450143417	0.000189894704656982	1.88185915468275e-05	-0.000175341995626091	-8.28611688003227e-05	0.000144824268056686
-6.01641753639193e-05	-0.000237482652971563	0.000189748018929181	1.88183062133844e-05	-0.00017537451647235	-8.28593121396642e-05	0.000144851978680412
-5.99991384474946e-05	-0.000237497814500713	0.000189601430684166	1.88180183734556e-05	-0.000175406986159445	-8.28574445943748e-05	0.000144879646502439
-5.98340752690912e-05	-0.000237512969461333	0.000189454815011439	1.88177299900705e-05	-0.000175439454251462	-8.28555753280228e-05	0.000144907313016918
-5.96690266207317e-05	-0.000237528108648112	0.00018930820417859	1.88174406984764e-05	-0.000175471907857237	-8.28537019291259e-05	0.000144934967361877
-5.9503967045349e-05	-0.000237543237748342	0.000189161578095787	1.88171507965848e-05	-0.000175504354990325	-8.28518259400699e-05	0.000144962616278454
-5.93389156509222e-05	-0.00023755835257093	0.000189014951882879	1.88168600010667e-05	-0.000175536789656389	-8.28499461689915e-05	0.000144990254808373
-5.91739881816711e-05	-0.000237573427928992	0.00018886841720786	1.8816566731589e-05	-0.000175569175622694	-8.28480560308804e-05	0.000145017852546704
-5.90090346030969e-05	-0.000237588496461785	0.00018872185521962	1.8816273060306e-05	-0.000175601559891572	-8.28461641209661e-05	0.000145045448803147
-5.88440262211387e-05	-0.000237603564522734	0.00018857524320369	1.88159793558735e-05	-0.000175633951435446	-8.28442721444817e-05	0.000145073051253421
-5.86791177696611e-05	-0.000237618598274755	0.000188428703805019	1.88156835360812e-05	-0.000175666301776168	-8.28423711233661e-05	0.000145100619166217
-5.85141474163109e-05	-0.000237633633124422	0.000188282108688764	1.88153877518507e-05	-0.000175698661687793	-8.28404704353173e-05	0.000145128195053103
-5.83493880608466e-05	-0.000237648609426305	0.000188135674171475	1.88150884179966e-05	-0.000175730945582969	-8.28385543407556e-05	0.000145155707348497
-5.81844196035491e-05	-0.000237663619063501	0.000187989067396144	1.88147910164889e-05	-0.000175763285207436	-8.28366470723586e-05	0.000145183266288002
-5.80196054412313e-05	-0.000237678582397458	0.000187842576255745	1.88144909174319e-05	-0.000175795566518741	-8.28347276398637e-05	0.000145210776415858
-5.78547356012288e-05	-0.000237693545639042	0.000187696034423257	1.88141906338709e-05	-0.000175827855555203	-8.28328081939247e-05	0.000145238292971299
-5.76899525372987e-05	-0.000237708477350291	0.000187549554737237	1.88138885454927e-05	-0.000175860107446465	-8.28308804788841e-05	0.000145265778483863
-5.75251878093958e-05	-0.000237723392792436	0.000187403082996251	1.88135853464849e-05	-0.000175892343834503	-8.28289485047722e-05	0.000145293250995975
-5.73603398008882e-05	-0.000237738313846846	0.000187256538716069	1.88132825823507e-05	-0.000175924596399271	-8.28270180902851e-05	0.000145320737058446
-5.71956866261131e-05	-0.000237753180163357	0.000187110142213509	1.88129763183846e-05	-0.00017595677821074	-8.2825073221323e-05	0.000145348163872305
-5.70308616217735e-05	-0.000237768071380956	0.000186963602976167	1.881267172409e-05	-0.000175989003904208	-8.28231350120728e-05	0.000145375627413295
-5.68662249875868e-05	-0.000237782909229788	0.000186817206433709	1.88123637365678e-05	-0.000176021160838008	-8.28211827304205e-05	0.000145403033407869
-5.67014892417089e-05	-0.000237797756249235	0.000186670724822147	1.88120563560633e-05	-0.000176053338967093	-8.28192329352774e-05	0.000145430457157772
-5.65368833086582e-05	-0.000237812562578574	0.000186524339435695	1.88117464823003e-05	-0.000176085466649552	-8.28172724419863e-05	0.000145457838620321
-5.63721258544508e-05	-0.000237827389556761	0.000186377827497697	1.88114378417903e-05	-0.000176117631951224	-8.28153174420223e-05	0.000145485251671316
-5.62076574363995e-05	-0.000237842141215423	0.000186231537984208	1.88111245324346e-05	-0.000176149696981976	-8.28133426062543e-05	0.000145512580660215
-5.60429237132093e-05	-0.000237856938279605	0.000186085031730898	1.88108140253078e-05	-0.000176181835264896	-8.28113797924452e-05	0.000145539971072202
-5.58783787036471e-05	-0.000237871681809786	0.000185938668448293	1.88105002815124e-05	-0.000176213904640263	-8.2809402946458e-05	0.000145567303715295
-5.57137776798639e-05	-0.000237886425191649	0.000185792254237677	1.88101865019924e-05	-0.000176245981749461	-8.28074260819309e-05	0.000145594642943832
-5.55492867398977e-05	-0.000237901132322995	0.000185645920688232	1.88098704190579e-05	-0.000176278014682191	-8.28054396780509e-05	0.000145621945044517
-5.53847032385563e-05	-0.000237915847102303	0.00018549950726518	1.88095549246282e-05	-0.00017631006670512	-8.28034554059293e-05	0.000145649263252976
-5.52201741711028e-05	-0.000237930537876074	0.000185353130467344	1.88092377955199e-05	-0.000176342092032388	-8.28014647676978e-05	0.000145676559057048
-5.50557844158223e-05	-0.000237945185796538	0.000185206857504852	1.88089181776797e-05	-0.000176374063875964	-8.27994629567629e-05	0.000145703810060151
-5.48912724995798e-05	-0.000237959848018929	0.000185060481192739	1.88085993972772e-05	-0.000176406064221479	-8.27974649420535e-05	0.000145731084946494
-5.47267933696111e-05	-0.000237974490852749	0.000184914124398	1.88082793137992e-05	-0.000176438044558695	-8.27954618223782e-05	0.000145758343133521
-5.45623869314948e-05	-0.000237989105503818	0.000184767818624948	1.88079575694591e-05	-0.00017646999240584	-8.27934513669909e-05	0.000145785574016
-5.43980214571388e-05	-0.000238003698831667	0.000184621538822441	1.88076345762264e-05	-0.000176501917604436	-8.27914353715474e-05	0.000145812785995198
-5.42335903824798e-05	-0.000238018294178733	0.000184475200542406	1.88073116100175e-05	-0.000176533853628574	-8.27894199158198e-05	0.000145840007032688
-5.40692382464125e-05	-0.000238032860025092	0.000184328918233223	1.88069868830643e-05	-0.000176565755199802	-8.27873967332001e-05	0.000145867199206548
-5.39048740279963e-05	-0.000238047416251108	0.000184182619917747	1.88066614768042e-05	-0.000176597650826133	-8.27853710842373e-05	0.00014589438644512
-5.37404815561388e-05	-0.000238061966203063	0.00018403629265494	1.88063358091159e-05	-0.00017662954550357	-8.27833438652413e-05	0.000145921572863601
-5.35763680798579e-05	-0.000238076443270611	0.000183890180041613	1.88060055496958e-05	-0.00017666134322818	-8.27812974213893e-05	0.000145948678090084
-5.34119689934998e-05	-0.000238090970089162	0.00018374383456421	1.88056784076009e-05	-0.000176693220511111	-8.27792642033942e-05	0.000145975849967679
-5.32477068462128e-05	-0.000238105454940848	0.000183597591090282	1.88053486338763e-05	-0.000176725045300877	-8.27772199764104e-05	0.00014600297784011
-5.30834655936702e-05	-0.000238119922870306	0.000183451357721118	1.88050178413811e-05	-0.000176756853783374	-8.27751713098355e-05	0.000146030092105804
-5.29192344458917e-05	-0.000238134376395489	0.000183305125833408	1.88046861737993e-05	-0.000176788649423713	-8.27731189465648e-05	0.000146057195578048
-5.27550383152414e-05	-0.000238148809947065	0.000183158915284531	1.88043532768948e-05	-0.000176820424343648	-8.27710613608007e-05	0.000146084281741222
-5.25908367254163e-05	-0.00023816323248705	0.000183012693846796	1.88040196983524e-05	-0.000176852191321585	-8.276900094863e-05	0.000146111361261272
-5.24267444561299e-05	-0.000238177618896215	0.00018286655264696	1.88036839481802e-05	-0.000176883914347701	-8.27669310642185e-05	0.000146138403919315
-5.22624823782319e-05	-0.000238192030188687	0.000182720270315226	1.88033495601182e-05	-0.000176915680895427	-8.27648677758763e-05	0.000146165483073772
-5.20985061168433e-05	-0.000238206366872436	0.000182574208118166	1.88030107634734e-05	-0.000176947348258603	-8.27627849134564e-05	0.000146192479131071
-5.19343731752303e-05	-0.000238220725446228	0.000182428015251326	1.88026732328244e-05	-0.00017697905495143	-8.27607078932599e-05	0.000146219508196689
-5.17702038269757e-05	-0.00023823507969839	0.000182281786987454	1.88023354647892e-05	-0.000177010763369873	-8.27586297718393e-05	0.000146246538634473
-5.16063123276456e-05	-0.000238249361409187	0.000182135772646211	1.88019931463847e-05	-0.000177042375274807	-8.27565325903614e-05	0.000146273488270138
-5.14420846978864e-05	-0.00023826370376288	0.000181989485257758	1.88016547070116e-05	-0.000177074082492387	-8.27544515039731e-05	0.000146300517755993
-5.12781341416302e-05	-0.000238277973894398	0.000181843411139679	1.88013116663929e-05	-0.000177105693529526	-8.2752351403606e-05	0.000146327466648763
-5.11141613739746e-05	-0.000238292236359305	0.000181697312922821	1.88009683587894e-05	-0.0001771373016996	-8.27502493964526e-05	0.000146354413205728
-5.09501882194757e-05	-0.000238306486973015	0.000181551207975236	1.88006240912605e-05	-0.000177168900490025	-8.27481442791569e-05	0.000146381351842379
-5.07862483508509e-05	-0.000238320717949655	0.000181405122937073	1.8800278795176e-05	-0.00017720047911212	-8.27460340896381e-05	0.000146408273635299
-5.06221746986169e-05	-0.000238334965940029	0.000181258925476685	1.87999343779729e-05	-0.00017723208995974	-8.27439284298076e-05	0.00014643522240794
-5.04584597698504e-05	-0.000238349123726517	0.000181113005891242	1.87995845568351e-05	-0.000177263579031074	-8.27417990907848e-05	0.000146462069180574
-5.0294436369086e-05	-0.000238363336294706	0.000180966835322538	1.87992380781571e-05	-0.000177295154827738	-8.27396842621817e-05	0.000146488988620342
-5.01305643437616e-05	-0.000238377503897561	0.000180820778341792	1.87988887777617e-05	-0.000177326673733713	-8.27375576309538e-05	0.000146515860358683
-4.9966765823875e-05	-0.000238391643156335	0.000180674773253564	1.87985378666483e-05	-0.000177358159922803	-8.27354236474257e-05	0.000146542704789442
-4.98029151339147e-05	-0.00023840578177196	0.000180528720311254	1.87981867761267e-05	-0.000177389652918514	-8.2733289531625e-05	0.000146569554853714
-4.96390565197374e-05	-0.000238419909892509	0.000180382654717606	1.87978350567677e-05	-0.000177421138729435	-8.27311527174619e-05	0.000146596398894593
-4.94753473398446e-05	-0.000238433993348264	0.000180236701136788	1.87974806728464e-05	-0.000177452568197838	-8.27290042258993e-05	0.000146623195783086
-4.93114283260654e-05	-0.000238448110197881	0.00018009057481394	1.87971282781651e-05	-0.000177484053603266	-8.27268646243608e-05	0.000146650039513016
-4.9147833882518e-05	-0.000238462144482466	0.000179944699406701	1.8796770839721e-05	-0.000177515428031062	-8.27247033031086e-05	0.000146676790321182
-4.89840277246439e-05	-0.000238476212555561	0.000179798649734345	1.879641546408e-05	-0.000177546858984821	-8.27225509885407e-05	0.000146703588431354
-4.88203238772911e-05	-0.000238490246259881	0.000179652674760916	1.87960579996964e-05	-0.000177578248365933	-8.27203897093556e-05	0.000146730351723891
-4.86566327333182e-05	-0.000238504265061192	0.000179506703485918	1.87956995836272e-05	-0.00017760962416416	-8.27182245326805e-05	0.000146757103682178
-4.84930068496425e-05	-0.000238518257577539	0.000179360777547918	1.87953396154955e-05	-0.000177640970002845	-8.27160525790913e-05	0.000146783830571109
-4.83293054916178e-05	-0.000238532254363908	0.000179214785348686	1.87949798589188e-05	-0.000177672329851591	-8.27138817712869e-05	0.000146810569094831
-4.81656743777509e-05	-0.000238546223747717	0.000179068842493663	1.87946184068667e-05	-0.000177703658139645	-8.27117038532848e-05	0.000146837281277644
-4.80020900268247e-05	-0.000238560170839029	0.00017892293031202	1.87942556965166e-05	-0.0001777349622205	-8.27095201430409e-05	0.000146863973181106
-4.78385857212438e-05	-0.00023857408860007	0.00017877707523227	1.87938910012906e-05	-0.000177766231833701	-8.27073287471046e-05	0.00014689063617063
-4.76748984092751e-05	-0.000238588033754563	0.000178631068633098	1.87935281846887e-05	-0.000177797548906768	-8.27051447363199e-05	0.000146917338928691
-4.7511407919032e-05	-0.000238601924230138	0.000178485211742296	1.87931619045217e-05	-0.000177828795010562	-8.27029463226683e-05	0.000146943982312804
-4.73478405510486e-05	-0.000238615819188239	0.000178339287528612	1.87927959474199e-05	-0.000177860055502153	-8.27007492068066e-05	0.000146970637630514
-4.71843216443002e-05	-0.000238629691662155	0.000178193395376086	1.87924285487628e-05	-0.000177891291400136	-8.26985462603225e-05	0.000146997272432083
-4.70209297626784e-05	-0.00023864352444343	0.000178047597535272	1.87920587962486e-05	-0.000177922478012023	-8.2696332908967e-05	0.000147023865973255
-4.68574057315568e-05	-0.00023865737382037	0.000177901688585419	1.87916899867463e-05	-0.000177953696385829	-8.26941240635558e-05	0.000147050486053093
-4.66939284616413e-05	-0.000238671200906981	0.000177755810348845	1.8791319895934e-05	-0.00017798489053986	-8.26919094088809e-05	0.000147077085893479
-4.65306127291759e-05	-0.000238684981045036	0.00017761005388639	1.87909468120459e-05	-0.000178016024843328	-8.26896824639069e-05	0.000147103635588647
-4.63672485614963e-05	-0.000238698759416709	0.000177464252593476	1.87905738020463e-05	-0.000178047164606406	-8.26874551804451e-05	0.000147130189869123
-4.62037240845509e-05	-0.000238712560616042	0.000177318317886449	1.87902020461976e-05	-0.000178078344943797	-8.2685233959625e-05	0.000147156778131964
-4.6040382201129e-05	-0.000238726310183932	0.000177172521608621	1.87898271236382e-05	-0.000178109458780999	-8.26829992363678e-05	0.000147183310677656
-4.58770588532276e-05	-0.000238740043618894	0.000177026733647057	1.87894512778536e-05	-0.000178140557267198	-8.26807603523765e-05	0.000147209830376419
-4.5713767932512e-05	-0.000238753758007026	0.000176880965161233	1.87890742765534e-05	-0.000178171636119797	-8.26785165760312e-05	0.000147236333721511
-4.55504612899976e-05	-0.000238767463739756	0.000176735177792944	1.87886967051797e-05	-0.000178202710388389	-8.26762705822756e-05	0.000147262833071968
-4.53872042328191e-05	-0.000238781146731995	0.000176589423431239	1.87883177691479e-05	-0.000178233759665254	-8.26740186905687e-05	0.000147289311590998
-4.5223949706602e-05	-0.000238794817174811	0.000176443664763951	1.87879380195036e-05	-0.000178264798686	-8.26717635946106e-05	0.000147315781497993
-4.50606351919125e-05	-0.000238808488516214	0.000176297852216151	1.87875583497379e-05	-0.000178295846872158	-8.26695088290089e-05	0.000147342259079405
-4.48976238843352e-05	-0.000238822082091264	0.00017615227379357	1.87871740436798e-05	-0.000178326790930671	-8.26672336964526e-05	0.000147368649482289
-4.473426276283e-05	-0.000238835739585237	0.000176006411582372	1.87867934772247e-05	-0.00017835783473405	-8.26649754770165e-05	0.000147395123357465
-4.4571042244132e-05	-0.000238849354606673	0.0001758606545995	1.87864103097144e-05	-0.000178388825166492	-8.26627061260767e-05	0.000147421552620756
-4.44080245111389e-05	-0.000238862913573123	0.000175715052175285	1.87860238538731e-05	-0.000178419742794325	-8.26604221948945e-05	0.000147447920829588
-4.42448477577795e-05	-0.000238876495012915	0.00017556931725983	1.87856387302181e-05	-0.000178450700577103	-8.26581442301853e-05	0.000147474322732388
-4.40817494711671e-05	-0.000238890047504943	0.000175423638292677	1.87852518230235e-05	-0.000178481624427389	-8.26558587599781e-05	0.000147500696139752
-4.3918650360561e-05	-0.00023890358827848	0.000175277952376221	1.8784864103653e-05	-0.0001785125391153	-8.26535702589922e-05	0.000147527061941655
-4.37555170741677e-05	-0.000238917124265048	0.000175132233073277	1.87844762603311e-05	-0.000178543454886979	-8.26512806538547e-05	0.000147553428628266
-4.35925645823898e-05	-0.000238930609252914	0.000174986650874204	1.87840852255788e-05	-0.000178574304859729	-8.26489776902624e-05	0.00014757974026126
-4.34294917528444e-05	-0.000238944108344949	0.000174840966885026	1.87836950244153e-05	-0.000178605182967525	-8.26466785617099e-05	0.000147606075320827
-4.32665532342641e-05	-0.000238957566409473	0.000174695383230519	1.87833022956242e-05	-0.000178636009716664	-8.26443686854613e-05	0.000147632367467239
-4.31035323319312e-05	-0.000238971030189043	0.000174549727839993	1.87829100823712e-05	-0.000178666852632993	-8.26420604874492e-05	0.000147658673173984
-4.29405358874646e-05	-0.000238984476842122	0.000174404085668059	1.87825166452437e-05	-0.000178697678554669	-8.26397478288126e-05	0.000147684964603521
-4.27775988989104e-05	-0.000238997898642252	0.000174258484267331	1.87821218109049e-05	-0.000178728476489618	-8.26374287622158e-05	0.000147711232568754
-4.26146978312753e-05	-0.000239011300776255	0.000174112905225454	1.87817256473342e-05	-0.000178759253800873	-8.263510458469e-05	0.000147737483314689
-4.24518562160831e-05	-0.000239024678033023	0.000173967366986008	1.87813281117056e-05	-0.000178790003124533	-8.26327740118893e-05	0.000147763710602825
-4.22888822571021e-05	-0.000239038071985637	0.000173821717519562	1.87809315310965e-05	-0.000178820784282538	-8.26304479289866e-05	0.000147789964524605
-4.21260224914982e-05	-0.000239051429335585	0.000173676152339861	1.87805327271412e-05	-0.000178851520449188	-8.26281122910102e-05	0.00014781618080115
-4.19631841046264e-05	-0.00023906477017617	0.000173530597894628	1.87801328444047e-05	-0.000178882240548395	-8.26257724128275e-05	0.000147842383608435
-4.18004470932598e-05	-0.000239078077109416	0.000173385117622701	1.87797310241718e-05	-0.000178912919614888	-8.2623423762365e-05	0.000147868552056053
-4.16376162715171e-05	-0.000239091392422678	0.00017323955667399	1.87793296379721e-05	-0.000178943618507534	-8.26210773949071e-05	0.000147894737088494
-4.14747590177927e-05	-0.000239104701499609	0.000173093968441548	1.8778927909788e-05	-0.000178974316242687	-8.2618729484521e-05	0.000147920921152959
-4.13121953816292e-05	-0.000239117935297781	0.000172948607020731	1.87785215504071e-05	-0.000179004913097164	-8.26163619025875e-05	0.000147947020753738
-4.11493081570874e-05	-0.000239131227108141	0.000172802982516956	1.87781187299977e-05	-0.000179035601423176	-8.26140096549591e-05	0.00014797319692738
-4.09865684881244e-05	-0.000239144475002676	0.000172657468884563	1.87777133373729e-05	-0.000179066234282273	-8.26116460207141e-05	0.00014799932664903
-4.08240107049179e-05	-0.000239157671928433	0.000172512093346566	1.87773046649822e-05	-0.000179096801218408	-8.26092690247617e-05	0.000148025401197367
-4.06612204271323e-05	-0.00023917090698081	0.000172366527070519	1.87768984735714e-05	-0.000179127431092479	-8.26069022152138e-05	0.000148051528409306
-4.04986138825836e-05	-0.000239184090576518	0.000172221100359915	1.87764891004881e-05	-0.000179157994413884	-8.26045219759789e-05	0.000148077599927514
-4.03360111665696e-05	-0.000239197261468413	0.000172075670450481	1.87760789255016e-05	-0.00017918854717993	-8.26021384942206e-05	0.000148103662547458
-4.01733944513372e-05	-0.000239210423508013	0.000171930223245853	1.87756681926661e-05	-0.000179219094933493	-8.25997527678386e-05	0.000148129721036158
-4.00108659797532e-05	-0.000239223554577596	0.000171784839816599	1.87752556749356e-05	-0.00017924960582158	-8.25973590823283e-05	0.000148155748570886
-3.9848196830769e-05	-0.000239236704134126	0.000171639338497273	1.87748442469909e-05	-0.000179280151147831	-8.25949703244086e-05	0.000148181805032128
-3.96857575447884e-05	-0.000239249792304431	0.000171494013477894	1.87744290603884e-05	-0.000179310615573518	-8.25925655566174e-05	0.000148207793667417
-3.95231198220547e-05	-0.000239262911479014	0.00017134852462429	1.8774015691234e-05	-0.00017934113249931	-8.25901690104398e-05	0.000148233826257997
-3.93606775905136e-05	-0.000239275976521118	0.000171203184776494	1.87735991438222e-05	-0.000179371579116759	-8.25877583895832e-05	0.00014825980004839
-3.91982460726248e-05	-0.000239289027397904	0.000171057847274045	1.87731817527113e-05	-0.000179402013067258	-8.25853441738375e-05	0.000148285763134238
-3.90357045680634e-05	-0.000239302090245582	0.00017091241620755	1.87727650016864e-05	-0.000179432471977825	-8.258293318999e-05	0.000148311747229322
-3.88733100153971e-05	-0.000239315109557339	0.00017076709561345	1.87723455941763e-05	-0.000179462875795743	-8.25805108611594e-05	0.000148337685080581
-3.8710886277743e-05	-0.000239328123288491	0.000170621745638339	1.87719259256446e-05	-0.000179493279342611	-8.25780872296599e-05	0.000148363622747526
-3.854846178028e-05	-0.000239341125360566	0.000170476388833621	1.87715055610552e-05	-0.000179523673812972	-8.25756606372043e-05	0.000148389552812045
-3.8386158853973e-05	-0.000239354089405768	0.000170331122380241	1.87710828293813e-05	-0.000179554021136584	-8.25732241641975e-05	0.000148415443378645
-3.82237258858553e-05	-0.00023936706973612	0.000170185746509177	1.87706610782327e-05	-0.000179584399642285	-8.25707920685485e-05	0.000148441360032885
-3.80613924908652e-05	-0.000239380016643122	0.000170040443534664	1.87702373957406e-05	-0.000179614737766658	-8.25683513538174e-05	0.000148467242950655
-3.78991040356214e-05	-0.000239392942268102	0.000169895169965448	1.87698122835925e-05	-0.000179645052720764	-8.25659051170279e-05	0.000148493106371869
-3.77368782351201e-05	-0.000239405842414331	0.000169749939986363	1.87693857491608e-05	-0.000179675338783051	-8.25634523457519e-05	0.000148518945633589
-3.75745313890841e-05	-0.000239418756999531	0.000169604607757473	1.87689599921834e-05	-0.000179705653290466	-8.25610034449692e-05	0.0001485448086775
-3.74123891953154e-05	-0.000239431615593495	0.000169459431820229	1.87685308925293e-05	-0.000179735894776864	-8.25585399972292e-05	0.000148570610637461
-3.72500494599109e-05	-0.000239444504938902	0.000169314092902245	1.87681037300735e-05	-0.000179766188416856	-8.25560847662237e-05	0.000148596456199263
-3.70878702939809e-05	-0.000239457348022703	0.000169168875265718	1.87676736640972e-05	-0.000179796422896707	-8.25536174528692e-05	0.000148622252257695
-3.69256848136573e-05	-0.000239470180722016	0.000169023646469715	1.87672429174588e-05	-0.00017982665004258	-8.25511475379716e-05	0.000148648042145282
-3.67635323017534e-05	-0.000239482994324625	0.000168878437678543	1.87668112188908e-05	-0.000179856857569598	-8.25486727890502e-05	0.00014867381563019
-3.66013750991573e-05	-0.000239495797471623	0.000168733219032408	1.87663786461306e-05	-0.000179887057430439	-8.25461953290812e-05	0.000148699582662361
-3.64392588655255e-05	-0.000239508579897782	0.000168588026693353	1.87659449352293e-05	-0.000179917235223429	-8.25437126108402e-05	0.000148725331203248
-3.6277147560243e-05	-0.000239521349369026	0.000168442832224058	1.87655105320377e-05	-0.000179947402121922	-8.25412266266569e-05	0.000148751070657652
-3.6115185425567e-05	-0.000239534075274425	0.000168297749944535	1.8765073302331e-05	-0.000179977513556535	-8.25387292817696e-05	0.000148776763605422
-3.59530237421801e-05	-0.000239546832144204	0.000168152503190674	1.87646381225525e-05	-0.000180007677643909	-8.25362402456656e-05	0.000148802500711878
-3.57909548769075e-05	-0.00023955955750013	0.000168007323912353	1.87642008669876e-05	-0.000180037803740405	-8.25337430041028e-05	0.000148828205922408
-3.56289827033868e-05	-0.000239572250097971	0.000167862215292788	1.87637618014828e-05	-0.000180067890411407	-8.25312373391564e-05	0.000148853878164518
-3.54670245360234e-05	-0.000239584928100715	0.000167717111653615	1.87633217578649e-05	-0.000180097963566311	-8.2528727940543e-05	0.000148879539087123
-3.53050320939935e-05	-0.000239597601770555	0.000167571974699077	1.87628814285869e-05	-0.00018012803816754	-8.25262175592088e-05	0.000148905201156381
-3.51431161324522e-05	-0.000239610247229887	0.000167426892343225	1.87624394231052e-05	-0.000180158079706675	-8.25236998478005e-05	0.000148930835588024
-3.49811757859031e-05	-0.000239622886154083	0.000167281784486939	1.87619970969707e-05	-0.00018018811959045	-8.2521180622846e-05	0.000148956468634057
-3.48191848426743e-05	-0.000239635524408241	0.000167136630327414	1.87615546018362e-05	-0.000180218166073113	-8.2518661285026e-05	0.000148982107170924
-3.465738144387e-05	-0.00023964811050577	0.000166991618992876	1.87611090291125e-05	-0.000180248144954903	-8.25161284172303e-05	0.000149007689126748
-3.44955127552782e-05	-0.000239660698977268	0.000166846549709901	1.8760663609939e-05	-0.000180278134950199	-8.25135963319033e-05	0.000149033280307832
-3.43336529970428e-05	-0.000239673273829885	0.00016670148140184	1.87602173530295e-05	-0.000180308112955954	-8.25110607698652e-05	0.000149058861557624
-3.41717772568001e-05	-0.000239685840421316	0.000166556394285908	1.87597706306991e-05	-0.000180338086712504	-8.25085232071488e-05	0.000149084439156691
-3.40099836019375e-05	-0.000239698377735818	0.000166411366254657	1.87593220500463e-05	-0.000180368025815784	-8.25059780250933e-05	0.000149109987764191
-3.38482732623741e-05	-0.000239710885464612	0.000166266398303819	1.87588717154795e-05	-0.000180397929796551	-8.25034252627298e-05	0.000149135506930399
-3.3686508580863e-05	-0.000239723393142665	0.000166121381074691	1.87584214447181e-05	-0.000180427841468649	-8.25008726085697e-05	0.00014916103255715
-3.35247451674348e-05	-0.000239735889010721	0.000165976358788844	1.8757970336275e-05	-0.000180457743639232	-8.24983169797925e-05	0.000149186550211112
-3.33630756337716e-05	-0.000239748352857949	0.000165831404963859	1.8757517470557e-05	-0.000180487607313266	-8.2495753123764e-05	0.000149212035672943
-3.32012805685789e-05	-0.00023976083207396	0.000165686345388397	1.8757065436151e-05	-0.00018051750089957	-8.24931934289034e-05	0.000149237546101782
-3.30397230963175e-05	-0.00023977324876143	0.000165541468349212	1.87566095436386e-05	-0.000180547311556117	-8.24906174178843e-05	0.000149262987090074
-3.28779761749054e-05	-0.000239785694339419	0.000165396434839704	1.87561555404841e-05	-0.000180577171840068	-8.24880491629224e-05	0.000149288469652748
-3.27163401665082e-05	-0.000239798104480042	0.000165251483316697	1.87556993390284e-05	-0.000180606988484013	-8.24854717500299e-05	0.000149313915693856
-3.25547987786029e-05	-0.000239810482659687	0.000165106600863441	1.8755241209563e-05	-0.000180636766612761	-8.24828860679274e-05	0.000149339329419233
-3.23932142724109e-05	-0.000239822858536052	0.000164961678119496	1.87547829082516e-05	-0.000180666549004158	-8.24802999248222e-05	0.000149364746732886
-3.22316342591528e-05	-0.000239835221711639	0.000164816752868877	1.87543239255463e-05	-0.000180696320780781	-8.24777106245202e-05	0.000149390155172128
-3.20700842756927e-05	-0.000239847566921997	0.000164671845395703	1.87538638065699e-05	-0.000180726074159795	-8.24751167255748e-05	0.00014941554814631
-3.19085641763139e-05	-0.000239859894091664	0.000164526955604566	1.8753402573874e-05	-0.000180755809102168	-8.24725182019649e-05	0.000149440925736096
-3.17470254251884e-05	-0.000239872213503647	0.000164382044968991	1.87529410092225e-05	-0.00018078554061933	-8.24699178722911e-05	0.000149466300414583
-3.15856577490226e-05	-0.000239884484863357	0.000164237264125427	1.8752476322665e-05	-0.000180815210052906	-8.24673049875562e-05	0.000149491623095167
-3.14241421096179e-05	-0.000239896776210117	0.00016409235972098	1.87520129953176e-05	-0.000180844916173283	-8.24646975310962e-05	0.000149516976523725
-3.12626061479276e-05	-0.000239909060297926	0.000163947433186665	1.87515492649181e-05	-0.000180874619483407	-8.2462088352598e-05	0.000149542327558799
-3.11012966734692e-05	-0.000239921284248077	0.000163802680440417	1.87510818152714e-05	-0.000180904243403043	-8.24594634813575e-05	0.000149567612132712
-3.09398869510757e-05	-0.000239933518234037	0.000163657842021381	1.87506149427997e-05	-0.00018093388937622	-8.24568413965165e-05	0.000149592915132425
-3.07785188394943e-05	-0.000239945731508699	0.000163513030651888	1.87501469525427e-05	-0.000180963513221263	-8.24542140547046e-05	0.00014961819959575
-3.06171729965582e-05	-0.000239957928490405	0.000163368230934532	1.87496779653889e-05	-0.00018099312107259	-8.24515825934664e-05	0.000149643470702138
-3.04558444141206e-05	-0.000239970110286342	0.000163223438952309	1.87492079562932e-05	-0.000181022714494921	-8.24489472562055e-05	0.000149668729727912
-3.02944932854821e-05	-0.00023998228531729	0.000163078622925084	1.87487376402328e-05	-0.000181052305828211	-8.24463103349252e-05	0.00014969398693266
-3.01332322844017e-05	-0.000239994429446309	0.000162933872576224	1.87482654082788e-05	-0.0001810818600987	-8.24436654263275e-05	0.000149719213149175
-2.99719049249442e-05	-0.000240006576300578	0.000162789063401156	1.87477933395242e-05	-0.000181111425878646	-8.24410213922473e-05	0.000149744448948302
-2.98107860098595e-05	-0.000240018666821436	0.000162644413900445	1.874731792419e-05	-0.000181140917845241	-8.2438362725883e-05	0.000149769622957013
-2.96495656394724e-05	-0.000240030767652624	0.000162499677717337	1.87468430897441e-05	-0.000181170432272167	-8.24357069348228e-05	0.000149794815774897
-2.9488267343572e-05	-0.000240042873579562	0.000162354873649295	1.87463685900999e-05	-0.00018119996177254	-8.24330526080861e-05	0.000149820021202486
-2.93271234658166e-05	-0.000240054934872933	0.000162210186234468	1.87458914511552e-05	-0.000181229434291583	-8.2430386783819e-05	0.000149845178898291
-2.91659820322865e-05	-0.00024006698414944	0.000162065494791613	1.87454135100907e-05	-0.000181258896999464	-8.24277178893083e-05	0.000149870328379747
-2.90047974579183e-05	-0.000240079031153893	0.000161920763054602	1.87449354573533e-05	-0.000181288364032011	-8.2425048582367e-05	0.000149895481475933
-2.88437386909007e-05	-0.000240091039674806	0.000161776125270213	1.8744455101391e-05	-0.000181317783001442	-8.24223693543253e-05	0.000149920594303549
-2.86826615479574e-05	-0.000240103040639265	0.000161631466889453	1.87439742658049e-05	-0.000181347198604642	-8.24196882760926e-05	0.000149945704302698
-2.85215637548658e-05	-0.000240115034459698	0.000161486786127291	1.87434930724862e-05	-0.000181376611538969	-8.24170054912173e-05	0.000149970812109591
-2.83604916703761e-05	-0.000240127011293719	0.000161342119810171	1.87430108233985e-05	-0.000181406007476476	-8.24143184146361e-05	0.000149995905608484
-2.81994641058297e-05	-0.000240138967173148	0.000161197482882736	1.87425272743253e-05	-0.000181435380600201	-8.24116259914203e-05	0.000150020980031491
-2.80385469338812e-05	-0.00024015088778348	0.000161052927707614	1.87420416798505e-05	-0.000181464710387498	-8.24089244893123e-05	0.000150046018135026
-2.78774847945612e-05	-0.000240162828046061	0.000160908251303077	1.87415572318924e-05	-0.000181494076172475	-8.24062282969761e-05	0.000150071086418846
-2.77165116673722e-05	-0.00024017473777534	0.000160763639756381	1.87410709185374e-05	-0.000181523405301011	-8.2403524246993e-05	0.000150096123954693
-2.75555775454406e-05	-0.000240186627730506	0.000160619053167152	1.87405833834762e-05	-0.00018155271336957	-8.24008151447363e-05	0.000150121143844065
-2.73946620631127e-05	-0.000240198501976884	0.000160474475397257	1.87400951163889e-05	-0.000181582006497389	-8.2398102166782e-05	0.000150146151243861
-2.72337853258336e-05	-0.000240210356731042	0.000160329922494623	1.87396054774605e-05	-0.000181611278744775	-8.23953841861021e-05	0.000150171141158513
-2.70728919976593e-05	-0.000240222203483353	0.000160185350468398	1.87391153797791e-05	-0.000181640547089901	-8.23926642462688e-05	0.000150196127753771
-2.69120669776912e-05	-0.000240234024157567	0.000160040826742078	1.87386237838116e-05	-0.000181669785244334	-8.23899376719856e-05	0.000150221089100129
-2.67512597403735e-05	-0.00024024582951504	0.00015989631118804	1.87381312757048e-05	-0.000181699008864385	-8.23872072396774e-05	0.000150246038238371
-2.65904778039977e-05	-0.000240257618076053	0.000159751809837919	1.87376377145938e-05	-0.000181728215669762	-8.23844725754029e-05	0.000150270973308005
-2.64295375116547e-05	-0.000240269429151174	0.000159607176629731	1.87371454916051e-05	-0.000181757462634855	-8.23817439387503e-05	0.00015029594196839
-2.62688605069672e-05	-0.000240281172354372	0.000159462746746747	1.87366492768279e-05	-0.000181786618936794	-8.23789977363962e-05	0.000150320834752839
-2.61081116795236e-05	-0.000240292919483683	0.000159318253844729	1.87361532496719e-05	-0.000181815788502862	-8.23762526626966e-05	0.000150345738583572
-2.5947408315713e-05	-0.000240304645527864	0.000159173791154654	1.87356559508823e-05	-0.000181844935053053	-8.23735022828032e-05	0.000150370623169718
-2.57866885223362e-05	-0.000240316363604894	0.000159029309453745	1.87351582447851e-05	-0.000181874077691876	-8.23707499761741e-05	0.000150395504447311
-2.56260645776357e-05	-0.000240328049851916	0.000158884898002198	1.87346585173555e-05	-0.000181903181696672	-8.23679894487988e-05	0.000150420353394864
-2.54652781708775e-05	-0.000240339759350304	0.000158740351488551	1.87341603126337e-05	-0.000181932327058577	-8.2365235246659e-05	0.00015044523689724
-2.53047368510562e-05	-0.000240351405107579	0.00015859599388629	1.87336581777603e-05	-0.000181961387533958	-8.23624644663091e-05	0.000150470049398253
-2.51440575374517e-05	-0.000240363068922892	0.000158451520676853	1.87331571787784e-05	-0.000181990481806955	-8.23596985876371e-05	0.000150494890137527
-2.49835753127203e-05	-0.000240374679254078	0.000158307198169783	1.87326529525332e-05	-0.000182019506076922	-8.23569188817012e-05	0.00015051967224922
-2.48228618285329e-05	-0.000240386327620811	0.00015816268597417	1.87321510183457e-05	-0.000182048593064081	-8.23541492973347e-05	0.000150544506886171
-2.46624314078486e-05	-0.000240397903989581	0.00015801839282209	1.87316448549836e-05	-0.000182077583329998	-8.23513610439825e-05	0.000150569260524112
-2.4501880704908e-05	-0.000240409494786046	0.000157873998193891	1.87311394942021e-05	-0.000182106602002012	-8.2348576742222e-05	0.000150594037929067
-2.43414424762334e-05	-0.000240421050273082	0.000157729687031913	1.87306319075807e-05	-0.000182135576952056	-8.23457833006372e-05	0.000150618778686253
-2.4180747284705e-05	-0.000240432649122133	0.000157585165751553	1.87301271157886e-05	-0.000182164622455905	-8.23430014648945e-05	0.000150643578602713
-2.40204750014128e-05	-0.000240444146361925	0.000157440974694889	1.87296160981552e-05	-0.000182193528142343	-8.23401931478391e-05	0.000150668261320822
-2.38599647834487e-05	-0.000240455683008563	0.000157296588662245	1.87291075211965e-05	-0.000182222498553482	-8.23373953494962e-05	0.000150692998307587
-2.36995279408181e-05	-0.00024046719262474	0.000157152255040802	1.87285973452563e-05	-0.000182251437301148	-8.23345906420751e-05	0.000150717708738337
-2.35392025906001e-05	-0.000240478667176518	0.000157008004139647	1.8728084975406e-05	-0.000182280332696773	-8.23317768895888e-05	0.00015074238284311
-2.33787936180369e-05	-0.000240490148142435	0.000156863680888381	1.87275730857488e-05	-0.000182309245035442	-8.23289650331554e-05	0.000150767071133151
-2.32183991165369e-05	-0.000240501614714051	0.000156719363307925	1.87270602988873e-05	-0.000182338143983347	-8.23261495593898e-05	0.000150791748225985
-2.3058099084608e-05	-0.000240513049719338	0.000156575114929058	1.87265456712672e-05	-0.000182367004760396	-8.23233260279421e-05	0.000150816393360877
-2.28977992833973e-05	-0.000240524473589	0.000156430860834278	1.8726030213826e-05	-0.000182395856714208	-8.23204997083601e-05	0.000150841031021712
-2.27374567299266e-05	-0.00024053589492163	0.000156286566879021	1.87255148714999e-05	-0.000182424712827887	-8.23176729449057e-05	0.000150865672219648
-2.25772743174535e-05	-0.000240547271000962	0.000156142394413389	1.87249965978705e-05	-0.0001824535106245	-8.23148344886561e-05	0.000150890264542184
-2.24170292849324e-05	-0.000240558649017113	0.000155998166252724	1.87244785871332e-05	-0.000182482318853306	-8.23119967270549e-05	0.000150914865620737
-2.22568081534313e-05	-0.000240570010676122	0.000155853951258611	1.87239595200847e-05	-0.000182511110859412	-8.23091548635916e-05	0.000150939453054822
-2.2096582300013e-05	-0.0002405813620634	0.000155709726694028	1.87234398189135e-05	-0.000182539895449141	-8.23063104480248e-05	0.000150964034321532
-2.19363361451258e-05	-0.000240592706402063	0.000155565480056824	1.87229198405931e-05	-0.000182568677420305	-8.23034644641596e-05	0.000150988613379938
-2.17763532154441e-05	-0.000240603983341948	0.000155421436873193	1.87223956989093e-05	-0.000182597369096076	-8.2300600913617e-05	0.000151013116787922
-2.16160218214495e-05	-0.000240615323298266	0.000155277110822083	1.87218754218641e-05	-0.000182626159749098	-8.22977541172507e-05	0.00015103770309487
-2.14560426942817e-05	-0.000240626576901784	0.000155133058975243	1.87213498919949e-05	-0.000182654832559751	-8.22948848574079e-05	0.000151062190669599
-2.12958982462319e-05	-0.000240637854481349	0.000154988869878817	1.87208258253108e-05	-0.000182683547681611	-8.22920220537723e-05	0.000151086713711616
-2.11358531596734e-05	-0.000240649099541353	0.000154844753900985	1.87202998567192e-05	-0.000182712223188025	-8.22891509357155e-05	0.000151111203555796
-2.09758303591073e-05	-0.000240660328578151	0.000154700649833764	1.87197729313734e-05	-0.000182740882969604	-8.22862758156516e-05	0.000151135680213476
-2.0815703504623e-05	-0.000240671568607024	0.000154556457210644	1.87192466793171e-05	-0.000182769566128317	-8.22834037565072e-05	0.000151160176442306
-2.06558262230705e-05	-0.000240682744085969	0.000154412457199077	1.87187165160828e-05	-0.00018279816321699	-8.22805149764717e-05	0.000151184600576896
-2.04957704679626e-05	-0.000240693946383305	0.00015426830941162	1.87181880549104e-05	-0.000182826806694337	-8.22776334197164e-05	0.000151209063575363
-2.03358944805138e-05	-0.000240705099249696	0.000154124298809566	1.87176564892335e-05	-0.000182855385828622	-8.22747390655807e-05	0.000151233472626532
-2.01758409163616e-05	-0.000240716278550237	0.000153980141167145	1.87171266587138e-05	-0.000182884010973845	-8.22718518796476e-05	0.000151257920271829
-2.00160345138756e-05	-0.000240727393995173	0.000153836174215938	1.87165929572942e-05	-0.000182912550882996	-8.22689481276475e-05	0.000151282296461264
-1.98560916372242e-05	-0.000240738527307327	0.000153692092981147	1.87160603545237e-05	-0.000182941124221569	-8.22660492737475e-05	0.000151306700689469
-1.96962234334797e-05	-0.000240749633507054	0.000153548065257372	1.87155260622139e-05	-0.000182969665663349	-8.22631434612212e-05	0.000151331078146553
-1.95363831397011e-05	-0.000240760722490518	0.000153404054030817	1.87149908168632e-05	-0.000182998189654678	-8.22602333848529e-05	0.000151355441018949
-1.93765852980754e-05	-0.000240771791268357	0.000153260070651778	1.87144543507822e-05	-0.000183026691748158	-8.22573182082892e-05	0.000151379785513252
-1.92167236394425e-05	-0.000240782862339067	0.000153116030778	1.87139180608841e-05	-0.000183055204740906	-8.22544037985817e-05	0.00015140413917817
-1.90569939863272e-05	-0.000240793894197219	0.000152972090069689	1.87133793648161e-05	-0.000183083668205564	-8.22514793231413e-05	0.000151428451276078
-1.88972200665383e-05	-0.000240804924145875	0.000152828108380271	1.87128406659292e-05	-0.000183112136482345	-8.22485545775176e-05	0.000151452767482244
-1.87375345135632e-05	-0.000240815924318002	0.00015268419119481	1.87122999934419e-05	-0.000183140568797875	-8.22456221602963e-05	0.000151477053444808
-1.8577676143966e-05	-0.00024082694986393	0.000152540130747211	1.87117610761425e-05	-0.000183169045637685	-8.22426966482501e-05	0.000151501376806709
-1.84181412118262e-05	-0.000240837895458621	0.000152396321779005	1.87112172699315e-05	-0.00018319741379013	-8.22397503794786e-05	0.000151525609075245
-1.82583840407924e-05	-0.000240848877204516	0.000152252330258909	1.87106756097902e-05	-0.000183225841901991	-8.22368137559865e-05	0.000151549891540606
-1.80987847347991e-05	-0.000240859814118217	0.000152108458570041	1.8710131351223e-05	-0.000183254212378966	-8.22338656235799e-05	0.000151574125777185
-1.79390781066685e-05	-0.000240870762681453	0.000151964495679821	1.87095878025642e-05	-0.000183282607301664	-8.22309207333715e-05	0.000151598380434929
-1.77794977854889e-05	-0.000240881673325803	0.000151820627512442	1.87090419124082e-05	-0.00018331095449995	-8.22279660982455e-05	0.00015162259508995
-1.76200301363338e-05	-0.000240892548762639	0.000151676843243229	1.87084939189542e-05	-0.000183339258092927	-8.2225002460772e-05	0.00015164677328542
-1.74603446839727e-05	-0.000240903459332396	0.00015153287993841	1.87079481452958e-05	-0.000183367620223713	-8.22220482390524e-05	0.000151671000466445
-1.73008908536249e-05	-0.000240914309581047	0.000151389095072452	1.87073986862444e-05	-0.00018339590210489	-8.22190783895341e-05	0.000151695160381399
-1.71412997459347e-05	-0.000240925177853908	0.000151245195319227	1.87068502943732e-05	-0.000183424217647509	-8.22161134744369e-05	0.000151719348538519
-1.69818144338252e-05	-0.000240936012371653	0.00015110137390438	1.87063000279164e-05	-0.000183452491707686	-8.22131399557616e-05	0.000151743501964306
-1.68223294808034e-05	-0.000240946835814489	0.000150957547075461	1.8705748978991e-05	-0.000183480757024856	-8.2210163715739e-05	0.000151767647962008
-1.66629402862523e-05	-0.000240957627754747	0.000150813790664173	1.87051960709027e-05	-0.000183508984026755	-8.22071794275752e-05	0.000151791761945387
-1.65035208190417e-05	-0.00024096841500388	0.000150670004457273	1.87046428766664e-05	-0.000183537211663996	-8.22041941283928e-05	0.000151815876407984
-1.63440977158508e-05	-0.000240979191850309	0.000150526209538593	1.87040891420638e-05	-0.000183565431686669	-8.22012063028026e-05	0.000151839984494171
-1.61847646396041e-05	-0.000240989938483926	0.000150382480568895	1.87035335797402e-05	-0.000183593615211194	-8.21982108017115e-05	0.00015186406203448
-1.60252162269281e-05	-0.000241000719677139	0.000150238574539441	1.87029801869865e-05	-0.000183621856498107	-8.21952245691395e-05	0.000151888187903317
-1.58661273563787e-05	-0.000241011392320464	0.000150095028406128	1.87024200494653e-05	-0.0001836499472661	-8.21922100473476e-05	0.000151912187693753
-1.57066743881884e-05	-0.000241022131077569	0.00014995118682859	1.87018641220637e-05	-0.000183678141722852	-8.21892131116402e-05	0.000151936274360009
-1.55473455967087e-05	-0.000241032832409317	0.000149807438339783	1.87013058561465e-05	-0.000183706289155587	-8.21862065674079e-05	0.000151960321561305
-1.53881689526209e-05	-0.000241043490260655	0.000149663805191005	1.87007450569909e-05	-0.000183734380894592	-8.21831888619647e-05	0.000151984322187011
-1.52289149017021e-05	-0.000241054153525631	0.000149520104733222	1.87001845572648e-05	-0.000183762487869239	-8.21801727769701e-05	0.000152008335513928
-1.50696099661396e-05	-0.000241064816600221	0.00014937635803812	1.86996240376979e-05	-0.000183790601964058	-8.21771568331386e-05	0.00015203235478661
-1.49104533303523e-05	-0.000241075436932959	0.00014923272368024	1.86990610472071e-05	-0.000183818661484911	-8.21741299634766e-05	0.000152056328374915
-1.47512945886108e-05	-0.000241086046728553	0.000149089081909887	1.86984974060594e-05	-0.000183846713018663	-8.21711005423616e-05	0.000152080295239866
-1.45921107141955e-05	-0.000241096650825147	0.000148945414495116	1.86979333842484e-05	-0.000183874763683752	-8.21680698038325e-05	0.000152104261377968
-1.4432903623976e-05	-0.000241107248787759	0.000148801722827177	1.86973690486422e-05	-0.000183902812865219	-8.21650376786089e-05	0.00015212822627661
-1.42738639831441e-05	-0.000241117800059854	0.000148658158767231	1.86968019453117e-05	-0.000183930801644482	-8.216199358813e-05	0.000152152140567297
-1.41147787954127e-05	-0.000241128350112873	0.000148514552714835	1.86962347199272e-05	-0.00018395879592412	-8.21589493499829e-05	0.000152176059432449
-1.39556806649094e-05	-0.000241138891742508	0.000148370930720329	1.86956670514564e-05	-0.000183986785497452	-8.21559031528992e-05	0.000152199974334626
-1.37966468145845e-05	-0.000241149408682258	0.000148227354123537	1.86950979781035e-05	-0.00018401474656364	-8.21528507186173e-05	0.00015222386542512
-1.36375960194807e-05	-0.000241159918281959	0.000148083758462134	1.86945283499372e-05	-0.000184042704302629	-8.2149796544191e-05	0.000152247753649418
-1.34786650746871e-05	-0.000241170391313689	0.00014794025238532	1.86939566627897e-05	-0.000184070616362445	-8.21467330713215e-05	0.00015227160360615
-1.33195865569674e-05	-0.000241180884777425	0.000147796623290591	1.86933860971952e-05	-0.000184098565416974	-8.21436751047896e-05	0.000152295484551548
-1.31607052773069e-05	-0.000241191325205461	0.000147653145427321	1.86928124695427e-05	-0.000184126444879602	-8.21406035207868e-05	0.000152319307220646
-1.30017184830911e-05	-0.000241201777119535	0.000147509577906602	1.86922395189473e-05	-0.000184154348340394	-8.21375351601171e-05	0.000152343150006898
-1.28427987480806e-05	-0.000241212203787745	0.000147366058123738	1.86916650317121e-05	-0.00018418222252686	-8.21344603854158e-05	0.000152366968154873
-1.26839579828869e-05	-0.000241222602685633	0.00014722259552083	1.86910889304795e-05	-0.000184210063695033	-8.21313786006968e-05	0.000152390758729418
-1.25250589951692e-05	-0.000241233002910585	0.000147079080897033	1.86905129361491e-05	-0.000184237914245024	-8.21282973646927e-05	0.00015241455709027
-1.23662068952923e-05	-0.000241243382234288	0.000146935597945819	1.86899356826263e-05	-0.000184265741695003	-8.21252108970877e-05	0.000152438336177042
-1.22073902809189e-05	-0.000241253743110074	0.000146792137587642	1.86893572836711e-05	-0.000184293549696998	-8.21221197900733e-05	0.000152462098880219
-1.20485353326261e-05	-0.000241264100959201	0.000146648641076094	1.86887788774246e-05	-0.000184321360812388	-8.21190281938668e-05	0.000152485864211935
-1.18898034716375e-05	-0.000241274421876065	0.000146505236860509	1.86881981221185e-05	-0.000184349125442393	-8.21159270743537e-05	0.000152509590624697
-1.17311051497926e-05	-0.000241284724698029	0.000146361853692323	1.86876163377149e-05	-0.000184376871163044	-8.2112821492915e-05	0.000152533301149994
-1.15722567813059e-05	-0.000241295048325832	0.000146218345410676	1.86870358639491e-05	-0.000184404654560589	-8.21097215770832e-05	0.000152557043196517
-1.14136439379603e-05	-0.000241305311099969	0.000146075019080705	1.86864516827539e-05	-0.000184432356757028	-8.21066059399946e-05	0.000152580717285682
-1.12548300609805e-05	-0.00024131560549031	0.000145931526996171	1.86858694779508e-05	-0.000184460112367772	-8.21034988132425e-05	0.000152604436096451
-1.10963278062565e-05	-0.000241325822859361	0.000145788277373937	1.8685282705377e-05	-0.000184487763280582	-8.21003718127393e-05	0.000152628067183122
-1.09375497721331e-05	-0.000241336087833562	0.000145644802570719	1.8684698703807e-05	-0.000184515490776228	-8.20972574336505e-05	0.000152651762404688
-1.07789446552459e-05	-0.000241346305177893	0.000145501459800773	1.8684111876508e-05	-0.000184543156350487	-8.20941308346274e-05	0.00015267540571769
-1.0620420806684e-05	-0.00024135649432603	0.000145358176073876	1.8683523466572e-05	-0.00018457078828759	-8.2090997126057e-05	0.00015269902087613
-1.04617916673461e-05	-0.000241366694873901	0.000145214802974025	1.86829356968031e-05	-0.000184598444165178	-8.20878665961505e-05	0.000152722656096647
-1.03032467679148e-05	-0.000241376866700824	0.000145071491262569	1.86823462046707e-05	-0.000184626065558198	-8.20847287771528e-05	0.000152746262404527
-1.01446486523715e-05	-0.000241387038805302	0.000144928131589478	1.86817567869146e-05	-0.000184653694773954	-8.20815912992452e-05	0.000152769875238871
-9.98619110667565e-06	-0.000241397170240923	0.000144784878225446	1.86811649603323e-05	-0.000184681272128416	-8.20784433995525e-05	0.000152793444657424
-9.82772028167156e-06	-0.000241407293658218	0.000144641608655627	1.86805725908899e-05	-0.000184708845120483	-8.20752936172512e-05	0.000152817010367137
-9.66925267457952e-06	-0.000241417405377406	0.000144498336069124	1.86799796335119e-05	-0.000184736408501314	-8.20721410372746e-05	0.000152840568012121
-9.51080686428796e-06	-0.000241427501632401	0.000144355075214556	1.86793857450481e-05	-0.00018476395669334	-8.20689846354854e-05	0.00015286411301791
-9.35235090239461e-06	-0.0002414375891561	0.000144211800697305	1.8678791321395e-05	-0.000184791499496881	-8.2065826182494e-05	0.000152887653403697
-9.19396014702201e-06	-0.000241447651953483	0.000144068572483294	1.86781954626648e-05	-0.000184819013688328	-8.20626615094348e-05	0.000152911169816038
-9.03563330059698e-06	-0.000241457690394482	0.000143925389583729	1.86775981165176e-05	-0.000184846499693553	-8.20594906849378e-05	0.00015293466264785
-8.87727698468954e-06	-0.000241467724143053	0.000143782177625812	1.8677000558951e-05	-0.000184873986271671	-8.20563188932239e-05	0.000152958155912476
-8.71886576998826e-06	-0.000241477758650566	0.000143638916349706	1.86764030420691e-05	-0.000184901481260161	-8.20531474937745e-05	0.000152981656251303
-8.56064546507496e-06	-0.000241487741869679	0.000143495801527629	1.86758025098042e-05	-0.000184928908916228	-8.20499629748282e-05	0.000153005100177791
-8.40232339954783e-06	-0.000241497735791168	0.000143352600096014	1.86752025895171e-05	-0.000184956359480185	-8.20467814641093e-05	0.000153028563258228
-8.24403193627754e-06	-0.00024150771234157	0.000143209417447984	1.86746017131264e-05	-0.000184983792099729	-8.20435956710086e-05	0.000153052011269122
-8.08578214973876e-06	-0.000241517669279188	0.000143066262447977	1.86739995660507e-05	-0.000185011203440288	-8.20404049549795e-05	0.000153075441497799
-7.92770645657859e-06	-0.000241527578530559	0.000142923240444015	1.86733946582981e-05	-0.000185038552640016	-8.20372020266056e-05	0.000153098819661353
-7.76931711327089e-06	-0.000241537543234534	0.000142779963135595	1.86727931204356e-05	-0.000185065989994487	-8.20340138485854e-05	0.000153122271609202
-7.61125457278411e-06	-0.000241547427993344	0.000142636940543561	1.86721867597166e-05	-0.00018509331821577	-8.20308050049129e-05	0.000153145632175722
-7.45310932068199e-06	-0.000241557319483315	0.000142493846482655	1.86715808141928e-05	-0.000185120663485916	-8.20275981549797e-05	0.000153169006975214
-7.2950020885143e-06	-0.000241567191992375	0.000142350777176253	1.86709738312231e-05	-0.000185147988527885	-8.20243866167395e-05	0.000153192364879366
-7.13680222037827e-06	-0.000241577073310795	0.000142207628525334	1.86703673471218e-05	-0.000185175333674431	-8.2021177586801e-05	0.000153215739543983
-6.97875673048853e-06	-0.000241586911207351	0.000142064597277031	1.86697582578725e-05	-0.000185202622863135	-8.20179574743648e-05	0.000153239067369765
-6.82077643150703e-06	-0.00024159672449859	0.000141921612363191	1.86691477384521e-05	-0.000185229883496122	-8.2014731148908e-05	0.000153262371258098
-6.66264206479472e-06	-0.000241606559558873	0.000141778499270634	1.86685385354971e-05	-0.000185257183163423	-8.20115107817926e-05	0.000153285707785254
-6.50467985550962e-06	-0.000241616347307176	0.00014163551770828	1.86679265900527e-05	-0.000185284421306588	-8.20082782897191e-05	0.000153308992851837
-6.34660429592315e-06	-0.000241626148397237	0.000141492440335414	1.866731534812e-05	-0.000185311686022246	-8.20050495297948e-05	0.000153332300089053
-6.1887542607969e-06	-0.000241635891004132	0.000141349537038579	1.86667006350327e-05	-0.00018533887285923	-8.20018057060739e-05	0.000153355542108474
-6.03073285754263e-06	-0.000241645658919341	0.00014120649171126	1.866608757904e-05	-0.000185366103986305	-8.19985687773367e-05	0.00015337882121368
-5.87280737061879e-06	-0.000241655395884048	0.000141063517351478	1.86654725597469e-05	-0.00018539329719406	-8.19953240091672e-05	0.000153402068537017
-5.71496854874509e-06	-0.000241665103677211	0.000140920606366349	1.8664855930522e-05	-0.000185420455277134	-8.19920718579063e-05	0.000153425286452888
-5.55698898702106e-06	-0.000241674830510699	0.000140777577836357	1.86642403888061e-05	-0.000185447648319657	-8.19888249184051e-05	0.000153448533643519
-5.39926258563694e-06	-0.000241684493109979	0.000140634745376955	1.86636210165497e-05	-0.000185474755022823	-8.19855614530608e-05	0.000153471708430695
-5.24135020801841e-06	-0.000241694184124897	0.000140491759342484	1.86630034524986e-05	-0.000185501910538073	-8.19823056930329e-05	0.000153494924189871
-5.08356242517882e-06	-0.000241703838244414	0.000140348866984816	1.86623835518563e-05	-0.000185529019391863	-8.19790404658601e-05	0.000153518100785063
-4.92575773052006e-06	-0.000241713484984418	0.000140205955687436	1.86617633777511e-05	-0.000185556124949679	-8.19757736406817e-05	0.000153541274638958
-4.76799753672263e-06	-0.000241723111751684	0.000140063074298424	1.86611419339096e-05	-0.000185583208537222	-8.19725018075734e-05	0.000153564430013711
-4.61025770857881e-06	-0.000241732723353996	0.000139920203678576	1.86605196740976e-05	-0.000185610277362701	-8.19692262740831e-05	0.000153587573144785
-4.45255505035491e-06	-0.000241742316412115	0.000139777357070769	1.86598963190516e-05	-0.000185637326446161	-8.19659461659102e-05	0.000153610699573075
-4.29486522908473e-06	-0.000241751896121536	0.000139634515282025	1.86592721004928e-05	-0.0001856643632339	-8.19626627819288e-05	0.000153633815787747
-4.13717733682706e-06	-0.000241761464519694	0.000139491669565867	1.86586473673446e-05	-0.000185691390963347	-8.19593767696246e-05	0.00015365692437961
-3.97954823781743e-06	-0.000241771009964423	0.000139348865104902	1.86580211607656e-05	-0.000185718392330635	-8.1956084931902e-05	0.000153680010881938
-3.82180850334868e-06	-0.000241780567946	0.000139205967095504	1.86573957762558e-05	-0.000185745419331931	-8.19527966715045e-05	0.000153703118820677
-3.66433637946639e-06	-0.000241790058758216	0.000139063276742915	1.86567664075469e-05	-0.000185772355650992	-8.19494911178656e-05	0.000153726150820162
-3.50666874357475e-06	-0.000241799580104601	0.000138920425225841	1.86561388729558e-05	-0.00018579934376586	-8.19461937914779e-05	0.000153749226146967
-3.34917157028547e-06	-0.000241809054830726	0.000138777703950071	1.8655508581103e-05	-0.000185826271121604	-8.19428845388664e-05	0.000153772250589563
-3.19158450015622e-06	-0.00024181853782064	0.000138634905609211	1.86548787799873e-05	-0.000185853217771811	-8.19395777073868e-05	0.000153795291215394
-3.03409474801397e-06	-0.000241827989520479	0.000138492179366928	1.8654247211893e-05	-0.000185880126108481	-8.19362629836742e-05	0.000153818299718483
-2.87654704569928e-06	-0.000241837442880883	0.000138349401497539	1.86536156340951e-05	-0.000185907044022559	-8.19329488974726e-05	0.000153841316204769
-2.71920349952104e-06	-0.00024184684241195	0.000138206780743791	1.86529809667005e-05	-0.000185933890757464	-8.1929621089283e-05	0.000153864273051696
-2.56167509773975e-06	-0.000241856270268882	0.000138064007308356	1.86523479989013e-05	-0.000185960786033834	-8.19263008725686e-05	0.000153887270580924
-2.40425898287433e-06	-0.000241865663819056	0.000137921317894252	1.86517129582972e-05	-0.000185987638465571	-8.1922971982562e-05	0.000153910232199208
-2.24689997337102e-06	-0.0002418750345793	0.000137778668507157	1.86510766402319e-05	-0.00018601446499962	-8.19196374152393e-05	0.000153933172095718
-2.08947072144472e-06	-0.000241884409598291	0.000137635957705648	1.8650440539007e-05	-0.000186041304868056	-8.19163041969892e-05	0.000153956123184664
-1.9320662812683e-06	-0.000241893768612722	0.000137493261217342	1.8649803575733e-05	-0.000186068128734101	-8.19129670800566e-05	0.000153979060797411
-1.77478573157308e-06	-0.00024190309098936	0.000137350657996443	1.8649164365206e-05	-0.000186094906271753	-8.19096206287938e-05	0.000154001959635618
-1.61753023648903e-06	-0.000241912397337587	0.00013720806929865	1.86485243164011e-05	-0.000186121667767117	-8.19062703223249e-05	0.000154024844999361
-1.46019612720649e-06	-0.000241921709646323	0.000137065412544185	1.86478845737477e-05	-0.000186148445141272	-8.1902921766951e-05	0.000154047743686648
-1.30296085552872e-06	-0.000241930990571744	0.000136922829121686	1.86472429510877e-05	-0.00018617518388617	-8.18995653162e-05	0.000154070609959325
-1.14568634093648e-06	-0.000241940269032122	0.00013678020897856	1.86466013117853e-05	-0.000186201926368965	-8.18962084840266e-05	0.000154093479373587
-9.88472763710502e-07	-0.000241949524004779	0.000136637631969333	1.86459582538043e-05	-0.000186228641807853	-8.18928457876206e-05	0.000154116326108074
-8.31324124123123e-07	-0.000241958754876922	0.000136495101273754	1.8645313672465e-05	-0.00018625532912514	-8.1889477042559e-05	0.000154139149278511
-6.74082187637759e-07	-0.000241967994557991	0.000136352490853753	1.86446698229893e-05	-0.000186282036713104	-8.18861109095573e-05	0.000154161989443166
-5.16967031682913e-07	-0.000241977197014062	0.000136209975994464	1.86440236704514e-05	-0.000186308697134371	-8.1882735283173e-05	0.000154184790046152
-3.59900302268623e-07	-0.000241986378739754	0.000136067494329109	1.86433762804322e-05	-0.000186335334442615	-8.18793545218988e-05	0.000154207571308705
-2.02805999424682e-07	-0.000241995555635109	0.000135924985262062	1.86427286562795e-05	-0.000186361971952521	-8.18759727872279e-05	0.000154230352641081
-4.55947935656953e-08	-0.000242004746435574	0.000135782377693947	1.86420819594721e-05	-0.000186388637051036	-8.18725949484206e-05	0.000154253157211379
1.11445186412595e-07	-0.000242013890738076	0.000135639901126944	1.86414324148993e-05	-0.000186415241370912	-8.18692052341301e-05	0.000154275910752184
2.68448286169787e-07	-0.000242023016595698	0.00013549744855984	1.86407818515829e-05	-0.000186441826063258	-8.18658109862482e-05	0.000154298647873398
4.25449373647746e-07	-0.000242032131544945	0.000135354992146855	1.86401306225936e-05	-0.000186468401960557	-8.18624141368232e-05	0.000154321377581704
5.82356624728719e-07	-0.000242041216149975	0.00013521260521128	1.8639477594181e-05	-0.000186494940760361	-8.18590096689263e-05	0.000154344076234124
7.39402825425395e-07	-0.00024205031937943	0.000135070102106477	1.86388257501779e-05	-0.000186521513986619	-8.18556103116333e-05	0.000154366803734561
8.96405413439161e-07	-0.000242059402951432	0.000134927628344522	1.86381727422568e-05	-0.0001865480656533	-8.18522061037281e-05	0.000154389513077214
1.05318418049116e-06	-0.000242068428722448	0.000134785327640316	1.86375163164696e-05	-0.000186574540254458	-8.18487871080643e-05	0.000154412157954507
1.2101857467528e-06	-0.000242077490922223	0.000134642843912375	1.86368621214825e-05	-0.000186601075120776	-8.18453778671843e-05	0.000154434853234624
1.36698184716177e-06	-0.00024208649939501	0.000134500518651423	1.86362046322285e-05	-0.000186627538709908	-8.18419548797049e-05	0.000154457488822039
1.52391960162035e-06	-0.000242095527048201	0.000134358075080596	1.86355484045793e-05	-0.000186654037537346	-8.18385371761932e-05	0.000154480153857252
1.68071253095481e-06	-0.000242104513668677	0.000134215741538074	1.86348897778345e-05	-0.000186680483677763	-8.18351090804952e-05	0.000154502774816611
1.83751026373857e-06	-0.000242113490875242	0.000134073398775497	1.86342305401961e-05	-0.000186706923128218	-8.18316787267294e-05	0.000154525390110797
1.99426039571016e-06	-0.000242122447413878	0.000133931088684702	1.86335701641996e-05	-0.000186733339729763	-8.18282433330498e-05	0.000154547986290065
2.15108077010473e-06	-0.00024213140834917	0.000133788717202044	1.8632909990976e-05	-0.000186759769744624	-8.1824809315548e-05	0.000154570593697764
2.30775738102595e-06	-0.000242140328368407	0.000133646454908085	1.86322475223609e-05	-0.000186786147392953	-8.18213649285198e-05	0.000154593157117647
2.46449223875733e-06	-0.000242149250327499	0.000133504140888141	1.86315850706864e-05	-0.000186812534794332	-8.1817921311492e-05	0.000154615728852926
2.62119884998635e-06	-0.000242158155625439	0.000133361843989918	1.8630921767344e-05	-0.000186838905266978	-8.18144736283808e-05	0.000154638286312299
2.7778078795504e-06	-0.000242167030067852	0.000133219619544156	1.86302565608745e-05	-0.000186865237693234	-8.18110181874778e-05	0.000154660811822836
2.93450468265288e-06	-0.000242175912405426	0.00013307731981313	1.86295918658773e-05	-0.000186891588827183	-8.18075650655748e-05	0.00015468335309984
3.09113359908686e-06	-0.000242184770000639	0.000132935068834772	1.86289257483798e-05	-0.00018691791099602	-8.1804105781934e-05	0.000154705870057323
3.2476801803405e-06	-0.000242193599744867	0.000132792878143259	1.86282580016516e-05	-0.000186944199705944	-8.18006395159228e-05	0.000154728358970832
3.40426464275068e-06	-0.000242202427053976	0.000132650651886446	1.86275901312431e-05	-0.000186970491914806	-8.17971729012322e-05	0.000154750850760079
3.56085446198695e-06	-0.000242211244888893	0.000132508416119878	1.86269217565993e-05	-0.000186996777535187	-8.17937041172698e-05	0.000154773337116606
3.71735788158578e-06	-0.000242220034270876	0.000132366243802556	1.86262516303727e-05	-0.000187023028600745	-8.17902281489502e-05	0.0001547957944395
3.8739082081074e-06	-0.000242228822913432	0.000132224028814507	1.86255815490049e-05	-0.000187049285859265	-8.17867522781004e-05	0.000154818256940543
4.03034947429881e-06	-0.000242237578629637	0.000132081895413971	1.86249091723269e-05	-0.000187075501757641	-8.17832680707117e-05	0.000154840684624818
-0.0020708086611327	-0.00786965540223224	0.00118263596211692	-0.00593538331898275	-0.00439481438936672	-0.000642195618048478	0.000420131529045575
-0.00620587563992213	-0.0230748854492158	0.00327496549634189	-0.0178053910538544	-0.012782368891569	-0.00175892355048027	0.000947985961849331
-0.0103184103157489	-0.0382057901401399	0.0053535049502982	-0.0296184558842791	-0.0211281160337928	-0.00286947980028247	0.00147175796820541
-0.0144084714659917	-0.0532624834168722	0.00741829127854157	-0.0413746516436613	-0.0294321179277429	-0.00397389051834526	0.00199145001998028
-0.0184761246819504	-0.0682450731063883	0.00946936088655134	-0.0530740425848836	-0.0376944300450681	-0.00507218901787498	0.00250705820455501
-0.0225214422898013	-0.0831536610237907	0.0115067496761247	-0.0647166835446691	-0.045915101329922	-0.0061644156499613	0.00301857233186422
-0.0265445027772329	-0.0979883431782862	0.0135304926943448	-0.0763026201004263	-0.0540941744619373	-0.00725061770644783	0.00352597616750435
-0.0305453905734103	-0.112749209904133	0.0155406240648637	-0.0878318887303595	-0.0622316860104631	-0.00833084930461304	0.00402924757419466
-0.0345241971458996	-0.127436345715393	0.017537177967113	-0.0993045169895843	-0.0703276661841528	-0.00940517120071851	0.00452835831429681
-0.0384810193559751	-0.142049829733666	0.0195201874298844	-0.110720523649705	-0.0783821394201465	-0.010473650753961	0.00502327455530107
-0.0424159597898557	-0.156589735701865	0.0214896846985006	-0.122079918862761	-0.0863951243668419	-0.0115363617834975	0.00551395686749579
-0.0463291277069556	-0.17105613186736	0.0234457020940725	-0.133382704332126	-0.0943666336767268	-0.0125933843921092	0.00600036006158855
-0.0502206373464778	-0.185449081418483	0.0253882707650106	-0.14462887344855	-0.102296674608365	-0.0136448049352315	0.00648243370468928
-0.0540906086848036	-0.19976864240641	0.02731742139221	-0.155818411456371	-0.110185248876214	-0.014690715856647	0.00696012200511378
-0.0579391673408199	-0.214014867844637	0.0292331842139809	-0.166951295607834	-0.11803235276072	-0.0157312155713003	0.00743336391564528
-0.0617664445006147	-0.22818780580478	0.0311355890656867	-0.178027495317084	-0.125837977212208	-0.0167664083478117	0.00790209323092489
-0.06557257606459	-0.242287499672821	0.0330246647984849	-0.189046972302641	-0.13360210819176	-0.0177964042339624	0.00836623888298858
-0.0693577034090141	-0.256313988068482	0.0349004399848446	-0.200009680750315	-0.141324726517198	-0.0188213188947202	0.00882572482215158
-0.0731219731109952	-0.270267304978949	0.0367629427964616	-0.210915567460884	-0.149005808025124	-0.0198412735073894	0.00928047016206203
-0.0768655362844949	-0.284147479975256	0.0386122005716846	-0.22176457199325	-0.156645323852512	-0.0208563946784382	0.00973038942477184
-0.0805885492116479	-0.297954538155225	0.040448240414593	-0.232556626821988	-0.164243240319612	-0.0218668142903612	0.0101753924512328
-0.0842911726799903	-0.311688500357648	0.0422710887619561	-0.243291657478231	-0.171799519209361	-0.0228726694195404	0.010615384643788
-0.0879735720475533	-0.32534938322307	0.0440807715293545	-0.253969582699011	-0.179314117822831	-0.0238741022149531	0.0110502670204169
-0.0916359177180956	-0.338937199167501	0.0458773145841657	-0.264590314580091	-0.186786988907904	-0.0248712597549073	0.0114799361627263
-0.0952783833947472	-0.3524519568215	0.047660742445884	-0.275153758700937	-0.194218081268664	-0.0258642940256194	0.0119042847333346
-0.0989011483135509	-0.365893660634713	0.0494310801594979	-0.285659814298527	-0.201607339154045	-0.0268533616829502	0.0123232009706735
-0.102504394849309	-0.379262311448691	0.0511883514782291	-0.296108374381936	-0.208954703063862	-0.0278386240671878	0.0127365693703661
-0.106088309932436	-0.39255790627125	0.0529325800840245	-0.306499325894461	-0.216260109386555	-0.0288202470101896	0.0131442703876967
-0.109653084432584	-0.40578043847572	0.0546637891867402	-0.316832549848941	-0.223523490659024	-0.0297984007541757	0.0135461806608037
-0.113198912900349	-0.418929897924496	0.0563820014072083	-0.327107921467064	-0.230744775716109	-0.0307732598509709	0.0139421731406167
-0.116725993773912	-0.432006270994989	0.058087239031562	-0.337325310323768	-0.237923889697084	-0.0317450030367278	0.0143321171013513
-0.120234529023362	-0.445009540722027	0.0597795238153793	-0.347484580483655	-0.245060754223486	-0.0327138131374111	0.0147158782930683
-0.123724724158706	-0.45793968686396	0.0614588770779991	-0.357585590641168	-0.252155287465015	-0.0336798769549127	0.0150933190010928
-0.127196787883423	-0.470796686041681	0.0631253195129584	-0.367628194255552	-0.259207404313094	-0.0346433851730983	0.0154642981939875
-0.130650932772626	-0.483580511663698	0.0647788718152239	-0.377612239698484	-0.266217016240419	-0.0356045322078466	0.0158286714093832
-0.134087374072885	-0.496291134242178	0.0664195538096508	-0.387537570376327	-0.273184031734499	-0.0365635161605365	0.0161862911189341
-0.137506329955708	-0.508928521405138	0.0680473847382169	-0.397404024870786	-0.280108356285848	-0.0375205386920079	0.0165370067205131
-0.14090802231205	-0.521492637794394	0.0696623839777453	-0.407211437085131	-0.286989892209174	-0.0384758048679055	0.0168806643897853
-0.144292675163958	-0.53398344546202	0.0712645698572791	-0.416959636360377	-0.293828539194841	-0.0394295231338535	0.0172171075431085
-0.14766051557589	-0.5464009037416	0.072853960467481	-0.426648447620732	-0.300624194092416	-0.0403819051550597	0.0175461766568049
-0.151011773514041	-0.558744969341532	0.0744305736313008	-0.436277691507388	-0.307376751017684	-0.0413331657134118	0.0178677093563657
-0.154346680772272	-0.571015596630049	0.0759944261290984	-0.445847184497321	-0.314086101743131	-0.0422835226558286	0.0181815407439626
-0.157665472352502	-0.583212737408205	0.0775455348804664	-0.455356739053952	-0.320752135337218	-0.0432331967092178	0.0184875030945953
-0.160968385113695	-0.595336341253283	0.0790839159476517	-0.464806163742577	-0.327374738639264	-0.0441824114446204	0.018785426252946
-0.164255658331197	-0.60738635546107	0.0806095850616004	-0.474195263368182	-0.333953796148397	-0.0451313931376279	0.0190751375384163
-0.167527533032504	-0.61936272524396	0.0821225571714258	-0.483523839097702	-0.340489190286716	-0.0460803706957586	0.0193564619636196
-0.17078425294745	-0.63126539359167	0.0836228472807909	-0.492791688602804	-0.346980801167665	-0.0470295754981148	0.0196292220371488
-0.174026062748987	-0.643094301696023	0.085110469123786	-0.501998606165604	-0.353428507193226	-0.0479792413834086	0.0198932382613139
-0.177253209652487	-0.65484938867515	0.0865854365168176	-0.511144382828789	-0.359832184622325	-0.0489296044547792	0.0201483287665472
-0.180465942104392	-0.666530591903289	0.0880477623906757	-0.520228806505566	-0.366191708029409	-0.049880903043976	0.0203943096917323
-0.18366451051249	-0.678137846914931	0.0894974594488479	-0.529251662116748	-0.372506950137689	-0.050833377564468	0.0206309950403082
-0.186849166313112	-0.68967108765617	0.0909345394993523	-0.538212731705647	-0.378777782161764	-0.0517872704556558	0.0208581969619098
-0.190020162378134	-0.701130246452703	0.092359013854737	-0.547111794567479	-0.385004073737271	-0.052742826054247	0.0210757256888503
-0.193177752844775	-0.712515254102087	0.0937708932708115	-0.555948627373876	-0.391185693029285	-0.0537002904976347	0.0212833896206443
-0.196322193298744	-0.723826039887562	0.0951701881662798	-0.564723004298297	-0.397322506729853	-0.0546599116081163	0.0214809953160778
-0.199453739641683	-0.735062531869415	0.0965569077939661	-0.57343469712565	-0.403414380459599	-0.0556219388497291	0.0216683478234574
-0.202572649515002	-0.746224656639018	0.0979310614477487	-0.582083475392903	-0.409461178384182	-0.0565866231453497	0.0218452503516955
-0.205679180602908	-0.757312339726538	0.0992926571832184	-0.590669106489725	-0.415462763787695	-0.0575542168652348	0.0220115047445029
-0.20877359176549	-0.768325505415304	0.100641702791169	-0.599191355794483	-0.421418998777616	-0.0585249736605497	0.0221669112242286
-0.211856142052044	-0.779264076999266	0.101978205083697	-0.607649986781606	-0.427329744638867	-0.0594991484141217	0.022311268681777
-0.214927091542475	-0.790127976657295	0.103302170633972	-0.616044761152738	-0.433194861627155	-0.060476997090759	0.0224443744939887
-0.217986700035453	-0.800917125777942	0.104613604801733	-0.624375438938871	-0.439014209422212	-0.0614587767062032	0.0225660248957182
-0.221035228151548	-0.811631444777954	0.105912512681201	-0.632641778632956	-0.4447876468396	-0.0624447451643578	0.0226760147281494
-0.224072936267007	-0.822270853373847	0.107198898320466	-0.640843537293517	-0.450515032207433	-0.0634351612136251	0.0227741377460461
-0.227100085027063	-0.832835270523691	0.108472765198752	-0.648980470668546	-0.456196223258591	-0.0644302843170845	0.0228601865171455
-0.230116934752223	-0.84332461459834	0.109734115821217	-0.657052333303619	-0.461831077361412	-0.06543037458403	0.0229339526054283
-0.233123745977774	-0.853738803316587	0.110982952215578	-0.66505887866429	-0.467419451402516	-0.0664356926394904	0.0229952264628451
-0.236120778722961	-0.864077753944113	0.112219275417	-0.672999859240936	-0.472961202059054	-0.0674464995641538	0.0230437976465178
-0.239108292586988	-0.874341383320633	0.113443085610059	-0.680875026664359	-0.478456185816973	-0.068463056789347	0.0230794548233494
-0.242086546644409	-0.884529607927242	0.114654382111775	-0.68868413181666	-0.48390425905004	-0.0694856260036263	0.0231019858247434
-0.245055799834894	-0.89464234384962	0.115853163745877	-0.696426924948874	-0.489305277946288	-0.0705144690322118	0.0231111775736629
-0.248016309709824	-0.90467950708651	0.117039427910071	-0.704103155776063	-0.494659098940328	-0.0715498478079894	0.0231068164352928
-0.250968333502563	-0.914641013368474	0.118213171491761	-0.711712573601232	-0.499965578429018	-0.0725920242146015	0.0230886879665016
-0.253912127537663	-0.924526778327078	0.1193743904607	-0.71925492741836	-0.505224572999612	-0.0736412600218115	0.023056577094942
-0.256847946565116	-0.934336717676641	0.120523079402588	-0.726729966011405	-0.510435939678887	-0.074697816825614	0.0230102683156336
-0.259776045057218	-0.94407074698611	0.121659232612797	-0.734137438080332	-0.515599535578875	-0.0757619558803134	0.0229495453811452
-0.262696675807764	-0.953728782014468	0.122782843043808	-0.741477092328965	-0.520715218372273	-0.0768339380803644	0.0228741916870267
-0.265610090212212	-0.963310738695322	0.123893902589075	-0.748748677576121	-0.525782846250433	-0.077914023849975	0.0227839902243571
-0.268516538399387	-0.972816533149359	0.124992402248511	-0.755951942861772	-0.530802277925881	-0.079002473041186	0.0226787235677089
-0.271416269084321	-0.982246081757579	0.126078332072007	-0.763086637550224	-0.53577337272127	-0.0800995448483797	0.0225581739371279
-0.274309529075041	-0.991599301305088	0.127151680825961	-0.770152511427279	-0.540695990764256	-0.0812054977422489	0.0224221233474649
-0.277196563768883	-1.00087610891723	0.128212436447872	-0.777149314809593	-0.545569992876863	-0.0823205893497273	0.0222703535022383
-0.280077616460397	-1.01007642224493	0.129260585554037	-0.784076798637352	-0.550395240831728	-0.0834450764003987	0.022102645994875
-0.282952928817536	-1.01920015940398	0.130296113876596	-0.790934714581457	-0.555171597246603	-0.0845792146089114	0.0219187822059583
-0.285822740337685	-1.02824723912841	0.13131900588835	-0.797722815136667	-0.559898925794305	-0.0857232586142374	0.0217185434656562
-0.288687288298391	-1.03721758082036	0.132329244820982	-0.804440853720049	-0.564577091259823	-0.0868774618928694	0.0215017110875603
-0.291546807871145	-1.04611110456285	0.133326812811517	-0.811088584770095	-0.569205959545616	-0.0880420766630769	0.0212680663586357
-0.294401532081972	-1.05492773116762	0.134311690927759	-0.817665763844753	-0.573785397725339	-0.0892173537981756	0.0210173905706968
-0.297251691419961	-1.06366738229342	0.135283858911947	-0.824172147710585	-0.578315274205019	-0.0904035427612086	0.020749465140738
-0.300097513694066	-1.07232998051533	0.136243295122527	-0.830607494438265	-0.582795458809057	-0.0916008915252432	0.020464071669333
-0.302939224459713	-1.0809154492693	0.137189976927639	-0.836971563500509	-0.58722582268686	-0.0928096464637542	0.0201609918479406
-0.305777046447853	-1.08942371301101	0.138123880305142	-0.843264115859867	-0.591606238531231	-0.0940300522961888	0.0198400076274312
-0.308611199582372	-1.09785469724646	0.139044979910435	-0.849484914059215	-0.595936580611575	-0.0952623520030825	0.0195009012324782
-0.311441900918634	-1.10620832858223	0.139953249080432	-0.855633722313655	-0.600216724833975	-0.0965067867450156	0.0191434551968972
-0.314269364798191	-1.11448453472638	0.140848660009026	-0.861710306602287	-0.604446548731277	-0.097763595770523	0.0187674523415698
-0.317093802181475	-1.12268324466658	0.141731183269263	-0.867714434748756	-0.608625931711113	-0.0990330163718788	0.0183726759685812
-0.31991542115364	-1.13080438859577	0.142600788266667	-0.873645876516047	-0.612754754936676	-0.100315283774305	0.0179589097467838
-0.322734426485099	-1.13884789803989	0.143457442941121	-0.879504403686789	-0.616832901502738	-0.101610631080822	0.0175259378457642
-0.325551019708558	-1.14681370587717	0.144301113878975	-0.885289790152857	-0.62086025645159	-0.102919289187292	0.0170735449348204
-0.328365398989568	-1.15470174639672	0.145131766259868	-0.891001811995272	-0.624836706850283	-0.104241486711634	0.0166015162346481
-0.331177758870795	-1.16251195538822	0.145949363704351	-0.896640247568366	-0.628762141910919	-0.105577449929116	0.0161096376047939
-0.333988290665211	-1.17024427008967	0.146753868633789	-0.902204877583322	-0.632636452904761	-0.106927402674351	0.015597695456751
-0.336797181730668	-1.17789862937585	0.147545241744651	-0.907695485184601	-0.636459533428633	-0.10829156630495	0.01506547696608
-0.33960461599367	-1.18547497367825	0.148323442471024	-0.913111856034932	-0.6402312792788	-0.109670159596972	0.0145127699513645
-0.342410773474047	-1.19297324511836	0.149088428656217	-0.918453778388291	-0.643951588637726	-0.111063398698115	0.0139393630197537
-0.345215830302465	-1.20039338753618	0.149840156613703	-0.92372104316963	-0.647620362107401	-0.112471497052376	0.0133450455809549
-0.348019958700606	-1.20773534652586	0.150578581157579	-0.928913444050682	-0.651237502753338	-0.113894665329708	0.012729607871896
-0.350823327114308	-1.21499906943817	0.151303655754598	-0.934030777528488	-0.654802916100781	-0.115333111346233	0.0120928409410126
-0.353626099516488	-1.22218450556051	0.152015332017998	-0.939072842990163	-0.658316510391457	-0.116787040034372	0.0114345368522439
-0.356428436082724	-1.22929160600287	0.152713560287229	-0.94403944279544	-0.661778196409564	-0.118256653334581	0.0107544885258285
-0.359230492465945	-1.23632032388436	0.153398289098949	-0.94893038234025	-0.665187887747644	-0.119742150168435	0.0100524899514331
-0.362032420440576	-1.2432706142235	0.154069465740529	-0.953745470135797	-0.668545500641528	-0.121243726334474	0.00932833603621477
-0.364834366939563	-1.25014243417637	0.154727035532709	-0.958484517865468	-0.671850954311645	-0.122761574497448	0.00858182288247279
-0.367636474895523	-1.25693574288446	0.155370942537366	-0.963147340465348	-0.675104170735977	-0.124295884074904	0.00781274758451887
-0.370438882594519	-1.26365050164359	0.156001129090255	-0.967733756183517	-0.678305074891507	-0.125846841209805	0.00702090842165165
-0.373241723672708	-1.27028667393207	0.156617535839561	-0.972243586644272	-0.681453594792422	-0.127414628708661	0.00620610488035953
-0.376045127385337	-1.2768442253845	0.157220102001615	-0.976676656920167	-0.684549661444815	-0.128999425963178	0.00536813760544695
-0.378849218249933	-1.28332312389354	0.157808765119394	-0.981032795587117	-0.687593208995217	-0.130601408911201	0.00450680851634419
-0.381654115824165	-1.28972333968912	0.158383460928276	-0.985311834787256	-0.690584174840123	-0.132220749989391	0.00362192088962441
-0.384459935440964	-1.2960448452061	0.158944123977166	-0.989513610298171	-0.693522499430839	-0.133857618032221	0.00271327918591603
-0.387266786947241	-1.30228761538459	0.159490686672439	-0.99363796157631	-0.696408126710089	-0.13551217828834	0.00178068940937014
-0.390074775877505	-1.30845162744488	0.160023080243564	-0.997684731831844	-0.699241003779681	-0.137184592296222	0.000823958819068252
-0.392884002402887	-1.31453686114075	0.160541233953225	-1.0016537680721	-0.702021081269925	-0.138875017889999	-0.000157103766801987
-0.395694562031618	-1.32054329863542	0.16104507568809	-1.00554492116557	-0.70474831315636	-0.140583609105954	-0.00116268813280603
-0.398506545029875	-1.32647092465367	0.16153453153998	-1.00935804589085	-0.707422656981399	-0.142310516162839	-0.00219298248649584
-0.401320036863183	-1.33231972641347	0.1620095261918	-1.01309300099507	-0.710044073752518	-0.144055885385344	-0.00324817355065645
-0.404135117429642	-1.33808969381718	0.162469982349558	-1.01674964923631	-0.712612528223071	-0.145819859199516	-0.00432844633162124
-0.40695186208025	-1.34378081925732	0.162915821583731	-1.02032785744688	-0.715127988606942	-0.147602576022794	-0.00543398436683652
-0.409770340185141	-1.34939309795334	0.163346963235049	-1.02382749656466	-0.717590427072444	-0.149404170302942	-0.00656496931172065
-0.412590616825234	-1.3549265276095	0.163763325783186	-1.02724844170463	-0.71999981924184	-0.151224772369542	-0.00772158136767994
-0.415412750983987	-1.36038110883428	0.164164825457159	-1.03059057217955	-0.722356144806015	-0.153064508498208	-0.00890399876640052
-0.418236796725403	-1.36575684490732	0.164551377197945	-1.03385377156261	-0.724659387186369	-0.154923500795734	-0.0101123980594346
-0.421062802845512	-1.37105374188227	0.164922894418062	-1.03703792772657	-0.726909533685406	-0.156801867179273	-0.0113469539941005
-0.423890812557517	-1.37627180867869	0.165279288787314	-1.04014293288242	-0.729106575624437	-0.15869972135305	-0.0126078393987475
-0.426720863887592	-1.38141105702008	0.165620470577485	-1.04316868362567	-0.731250508255732	-0.160617172745681	-0.0138952252600947
-0.429552989191347	-1.38647150156475	0.165946348314343	-1.04611508097033	-0.733341330956129	-0.162554326501311	-0.015209280560243
-0.432387215502449	-1.3914531598519	0.166256829084228	-1.04898203039219	-0.735379047152762	-0.164511283419535	-0.0165501723405227
-0.435223564677914	-1.39635605229493	0.166551818679812	-1.05176944186854	-0.737363664315559	-0.166488139912971	-0.0179180657083912
-0.438062052318056	-1.40118020244007	0.166831220782107	-1.05447722989831	-0.739295194341689	-0.168484988037303	-0.019313123510979
-0.440902689544172	-1.40592563660021	0.167094938387999	-1.05710531356211	-0.74117365302287	-0.170501915349756	-0.0207355067868172
-0.443745481174589	-1.4105923842784	0.167342872407224	-1.05965361653028	-0.742999060670227	-0.172539004988767	-0.0221853742336504
-0.446590426654223	-1.41518047798543	0.167574922422916	-1.06212206710667	-0.744771441853399	-0.174596335587723	-0.0236628824281224
-0.449437520118334	-1.41968995324893	0.167790986769768	-1.06451059826085	-0.746490825418368	-0.176673981240588	-0.0251681858081806
-0.452286749833282	-1.42412084875751	0.167990962123388	-1.06681914764922	-0.748157244705852	-0.178772011509494	-0.0267014364845014
-0.455138098889078	-1.42847320623055	0.168174744072797	-1.06904765765235	-0.749770737365561	-0.180890491355471	-0.0282627843943657
-0.457991544291769	-1.43274707063996	0.16834222643506	-1.07119607538915	-0.751331345688749	-0.18302948116969	-0.0298523770146529
-0.460847057976332	-1.43694249000668	0.168493302076692	-1.07326435275465	-0.752839116316795	-0.185189036686908	-0.0314703596047605
-0.463704605990267	-1.44105951560276	0.16862786230034	-1.07525244643374	-0.754294100545297	-0.187369209014864	-0.0331168749422251
-0.46656414867785	-1.44509820193135	0.168745797014768	-1.07716031792505	-0.755696354301505	-0.189570044600821	-0.0347920633357261
-0.46942564132537	-1.44905860660283	0.168846995265676	-1.07898793357038	-0.757045937972073	-0.191791585173164	-0.0364960627639728
-0.472289033126877	-1.45294079058617	0.168931344450396	-1.08073526456295	-0.758342916778731	-0.194033867786892	-0.0382290085499332
-0.475154267891999	-1.45674481806793	0.168998730897034	-1.08240228696914	-0.75958736058275	-0.1962969247642	-0.0399910335172973
-0.478021284215181	-1.46047075643779	0.169049040018857	-1.08398898175541	-0.760779343869686	-0.198580783666771	-0.0417822679956042
-0.480890014366041	-1.46411867655161	0.169082155471064	-1.08549533478097	-0.761918946147813	-0.200885467353171	-0.0436028394715843
-0.483760385755608	-1.46768865242425	0.169097960319473	-1.08692133683649	-0.763006251505466	-0.203210993874556	-0.0454528729540639
-0.486632320155035	-1.47118076142316	0.169096336451218	-1.08826698364681	-0.764041348905856	-0.205557376510585	-0.0473324907145057
-0.489505733545899	-1.47459508431738	0.169077164479472	-1.08953227587606	-0.765024332269826	-0.207924623771767	-0.0492418122025882
-0.492380536759152	-1.47793170515295	0.16904032426358	-1.09071721914855	-0.765955300305127	-0.210312739350148	-0.05118095418086
-0.495256634994556	-1.48119071138014	0.16898569455398	-1.09182182405457	-0.766834356699983	-0.212721722141427	-0.0531500305454922
-0.498133927877051	-1.48437219385414	0.168913153055887	-1.09284610615085	-0.767661610140802	-0.215151566238579	-0.0551491522988454
-0.501012310198355	-1.48747624668485	0.168822577026752	-1.09379008598304	-0.768437174102521	-0.21760226087808	-0.0571784277123501
-0.503891670575303	-1.49050296755893	0.168713842248432	-1.0946537890715	-0.769161167329141	-0.220073790523849	-0.0592379619026879
-0.506771892776314	-1.49345245745194	0.168586824079789	-1.09543724592819	-0.769833713429452	-0.222566134782902	-0.0613278571608917
-0.509652855090796	-1.49632482078677	0.168441396982168	-1.09614049205524	-0.770454941119783	-0.225079268442223	-0.0634482127269947
-0.512534430655027	-1.49912016537693	0.168277434789491	-1.09676356794902	-0.771024984153545	-0.227613161451621	-0.0655991248356674
-0.515416487229851	-1.50183860248818	0.168094810552077	-1.09730651909448	-0.771543981425787	-0.230167778941371	-0.0677806866065324
-0.518298887134103	-1.50448024687047	0.167893396499783	-1.09776939596504	-0.772012077032869	-0.232743081229204	-0.0699929879764056
-0.521181488268491	-1.50704521653508	0.167673064853536	-1.09815225403234	-0.772429419962778	-0.23533902375932	-0.0722361159432943
-0.524064142416854	-1.50953363315773	0.16743368651867	-1.0984551537386	-0.772796164695208	-0.237955557221755	-0.0745101540345185
-0.526946696850994	-1.51194562172488	0.167175132346223	-1.0986781605155	-0.77311247070104	-0.240592627453635	-0.0768151827134729
-0.529828993904011	-1.51428131063852	0.166897272813823	-1.09882134476627	-0.773378502612582	-0.24325017547774	-0.0791512792120809
-0.532710870493842	-1.51654083184447	0.166599977668377	-1.09888478185824	-0.773594430420563	-0.245928137545186	-0.0815185173414536
-0.535592158916	-1.51872432065328	0.166283116553152	-1.09886855211753	-0.773760429234563	-0.2486264450938	-0.0839169676730886
-0.538472686496011	-1.52083191583827	0.165946558749078	-1.09877274082101	-0.773876679435806	-0.251345024785393	-0.0863466973847833
-0.541352275573718	-1.52286375964431	0.165590173173476	-1.09859743817806	-0.773943366708496	-0.254083798522552	-0.0888077702101858
-0.544230743654332	-1.52481999776358	0.165213828506382	-1.09834273932288	-0.773960682022276	-0.256842683453488	-0.0913002464282028
-0.547107904178001	-1.52670077916747	0.164817393796271	-1.09800874431296	-0.773928821399164	-0.259621591937355	-0.0938241830365843
-0.549983565057546	-1.52850625645282	0.164400737335115	-1.0975955580908	-0.77384798643855	-0.262420431662476	-0.0963796332787725
-0.552857529960149	-1.53023658555343	0.163963727659977	-1.09710329048701	-0.773718383910757	-0.265239105579587	-0.0989666469615718
-0.55572959798042	-1.53189192582162	0.163506233307218	-1.09653205619636	-0.773540225895278	-0.268077511943944	-0.101585270310352
-0.558599564185372	-1.53347243991048	0.163028123237461	-1.09588197477328	-0.773313729623318	-0.270935544300813	-0.104235546077355
-0.561467218181178	-1.53497829411184	0.162529265736955	-1.0951531705824	-0.773039117990301	-0.273813091609405	-0.106917513072265
-0.564332346316879	-1.53640965784846	0.162009530124674	-1.09434577281858	-0.772716618832284	-0.276710038111389	-0.109631206751197
-0.567194729902062	-1.53776670409708	0.161468785378337	-1.09345991545357	-0.772346465557835	-0.27962626348664	-0.112376658647999
-0.570054146603646	-1.53904960906168	0.160906901218769	-1.0924957372361	-0.771928896694821	-0.282561642775705	-0.115153896729552
-0.572910369517884	-1.54025855239989	0.160323747395191	-1.09145338165584	-0.771464156231819	-0.285516046478581	-0.117962945072266
-0.575763168066748	-1.54139371701054	0.159719194380105	-1.09033299692721	-0.770952493332935	-0.28848934051964	-0.120803824074903
-0.578612307156445	-1.54245528923908	0.159093112722046	-1.08913473595643	-0.770394162649096	-0.29148138633682	-0.123676550157321
-0.58145754836661	-1.54344345859425	0.15844537396198	-1.08785875632925	-0.769789423929454	-0.294492040829725	-0.126581136062702
-0.58429864942118	-1.54435841787678	0.157775850227415	-1.08650522027684	-0.769138542222894	-0.297521156428764	-0.12951759064782
-0.587135363640412	-1.54520036331005	0.157084413808573	-1.08507429463747	-0.76844178808845	-0.300568581170568	-0.132485918670729
-0.58996744130356	-1.54596949421479	0.156370938207938	-1.08356615084892	-0.767699437140543	-0.303634158633857	-0.135486121143585
-0.59279462925528	-1.54666601310235	0.155635297833592	-1.08198096491108	-0.766911770203479	-0.306717728001806	-0.138518195164648
-0.595616670165985	-1.54729012585017	0.154877367428884	-1.08031891734423	-0.76607907358392	-0.309819124156025	-0.141582133649117
-0.598433303872478	-1.54784204137798	0.154097023099271	-1.07858019317522	-0.765201638621454	-0.312938177614804	-0.144677925677374
-0.601244266542331	-1.54832197184629	0.153294141667634	-1.07676498189466	-0.764279761992448	-0.316074714633425	-0.147805556194444
-0.604049291518402	-1.54873013244858	0.152468601315042	-1.07487347743365	-0.76331374543101	-0.319228557182336	-0.150965006216193
-0.606848108653399	-1.54906674156752	0.151620281068361	-1.07290587811862	-0.762303895970803	-0.322399523036757	-0.154156252577763
-0.609640444679108	-1.54933202068075	0.150749061074332	-1.07086238664267	-0.761250525830509	-0.325587425791689	-0.157379267996651
-0.61242602387758	-1.54952619419346	0.149854823108475	-1.06874321003989	-0.760153952186871	-0.328792074853351	-0.160634021225774
-0.615204567201516	-1.54964948964276	0.148937449893992	-1.06654855963298	-0.759014497492494	-0.332013275549464	-0.163920476741491
-0.617975792848627	-1.54970213755309	0.147996825532293	-1.06427865100497	-0.757832489283239	-0.335250829131346	-0.16723859486742
-0.620739416655747	-1.54968437133071	0.147032835796292	-1.06193370396745	-0.7566082600452	-0.338504532786627	-0.170588331848258
-0.623495151629336	-1.54959642737046	0.146045367761929	-1.05951394251474	-0.755342147386831	-0.34177417972232	-0.173969639659605
-0.626242708373137	-1.54943854494002	0.145034310122798	-1.05701959478785	-0.754034493891623	-0.345059559181387	-0.177382466093207
-0.628981795006728	-1.5492109661899	0.143999553119188	-1.05445089303477	-0.7526856471506	-0.348360456491344	-0.180826754684804
-0.631712117630467	-1.5489139360288	0.142940988880381	-1.05180807357672	-0.751295959599746	-0.351676653081841	-0.184302444813536
-0.634433379849919	-1.54854770222823	0.141858511047643	-1.04909137675893	-0.749865788690407	-0.355007926566474	-0.187809471509369
-0.637145283382809	-1.54811251525894	0.14075201522612	-1.04630104691533	-0.748395496671161	-0.358354050748525	-0.191347765598196
-0.639847527927825	-1.5476086283111	0.13962139886968	-1.04343733232826	-0.746885450634602	-0.361714795678755	-0.194917253616155
-0.642539811109691	-1.54703629729183	0.138466561224765	-1.04050048517765	-0.745336022533766	-0.365089927712701	-0.198517857752904
-0.645221829173204	-1.54639578063953	0.137287403842563	-1.03749076151557	-0.74374758892902	-0.368479209506004	-0.202149496021606
-0.647893276371117	-1.54568733945859	0.13608383009802	-1.03440842120558	-0.742120531202414	-0.371882400116375	-0.205812082031867
-0.650553845214591	-1.54491123744185	0.134855745364093	-1.03125372788679	-0.74045523546154	-0.375299255035259	-0.209505525023586
-0.653203227297949	-1.5440677406432	0.133603057619419	-1.02802694893506	-0.738752092232522	-0.378729526176281	-0.213229730088044
-0.65584111234826	-1.54315711770214	0.132325676709018	-1.02472835541176	-0.737011496796183	-0.382172962004032	-0.216984597830754
-0.65846718905109	-1.54217963961237	0.13102351495313	-1.02135822202004	-0.735233848875819	-0.385629307521861	-0.22077002459295
-0.661081144848599	-1.54113557975563	0.129696486973002	-1.01791682706306	-0.733419552699621	-0.389098304344401	-0.224585902351053
-0.663682666133578	-1.54002521383073	0.128344509818794	-1.01440445239584	-0.731569016916928	-0.392579690735105	-0.228432118743438
-0.666271438485827	-1.5388488197717	0.1269675031274	-1.01082138338382	-0.729682654496369	-0.396073201642234	-0.232308557107781
-0.668847146320928	-1.53760667781463	0.125565388835201	-1.00716790884772	-0.727760882837658	-0.399578568786377	-0.23621509633787
-0.671409473521581	-1.5362990703143	0.124138091633759	-1.00344432102778	-0.725804123523119	-0.403095520660243	-0.240151611050647
-0.673958103414085	-1.53492628172566	0.122685538928441	-0.999650915534223	-0.723812802308613	-0.406623782590626	-0.244117971544706
-0.676492718504243	-1.53348859864375	0.121207660616227	-0.995787991291908	-0.72178734919548	-0.410163076816045	-0.248114043689138
-0.679013001314066	-1.53198630957044	0.119704389691742	-0.991855850513451	-0.719728198106465	-0.413713122472209	-0.252139689157398
-0.681518633174477	-1.53041970518911	0.118175661315716	-0.987854798618154	-0.717635787301552	-0.41727363575423	-0.256194765013389
-0.684009296397226	-1.52878907778678	0.116621414420426	-0.983785144232141	-0.715510558557023	-0.420844329787076	-0.26027912437991
-0.686484672023785	-1.52709472179813	0.115041589995278	-0.979647199088635	-0.713352957963792	-0.424424914877174	-0.264392615690003
-0.688944441944297	-1.5253369332372	0.113436132648935	-0.975441278026873	-0.711163435122952	-0.428015098386178	-0.268535083342434
-0.691388287373945	-1.52351601005682	0.111804989441001	-0.971167698906622	-0.708942443675031	-0.431614584923773	-0.272706367184725
-0.693815890349073	-1.52163225172941	0.110148110975421	-0.966826782587277	-0.706690440716112	-0.43522307627343	-0.276906302977683
-0.696226932800525	-1.51968595946295	0.10846545067808	-0.962418852866465	-0.704407887110875	-0.438840271532306	-0.281134722068822
-0.69862109717192	-1.5176774359994	0.106756965231436	-0.957944236434527	-0.702095247225365	-0.442465867114515	-0.285391451574343
-0.700998066437961	-1.51560698558356	0.105022614558276	-0.953403262828695	-0.699752988888358	-0.446099556809909	-0.289676314367509
-0.703357523902909	-1.51347491397891	0.103262361642167	-0.94879626437866	-0.69738158342611	-0.449741031857152	-0.293989128990027
-0.705699153942793	-1.51128152823993	0.101476173050889	-0.944123576171629	-0.69498150534969	-0.453389980938163	-0.298329709881476
-0.708022641429579	-1.50902713682888	0.0996640184756023	-0.939385535989157	-0.692553232527926	-0.457046090286885	-0.302697867174318
-0.71032767207832	-1.50671204948744	0.0978258709594532	-0.934582484265645	-0.690097246018678	-0.460709043716763	-0.307093406791855
-0.712613932772832	-1.50433657711296	0.0959617071076418	-0.92971476404316	-0.687614029899142	-0.46437852264801	-0.311516130543456
-0.714881111353538	-1.50190103178394	0.0940715068967271	-0.92478272092375	-0.685104071308507	-0.46805420618623	-0.315965836040868
-0.717128896815425	-1.49940572666046	0.0921552537897913	-0.91978670301307	-0.682567860319533	-0.471735771160553	-0.320442316756958
-0.71935697937206	-1.49685097593555	0.0902129347509911	-0.914727060879389	-0.680005889872048	-0.475422892177835	-0.324945362034153
-0.721565050614492	-1.49423709475177	0.0882445403287205	-0.909604147509374	-0.677418655665202	-0.479115241661325	-0.329474757127451
-0.72375280363568	-1.49156439912745	0.0862500647149725	-0.904418318254108	-0.674806656054933	-0.482812489899877	-0.334030283246096
-0.725919932927768	-1.4888332059465	0.0842295056340328	-0.899169930785509	-0.672170392048144	-0.486514305112505	-0.338611717506095
-0.728066134792468	-1.48604383280215	0.0821828646111675	-0.893859345050818	-0.669510367087678	-0.490220353465541	-0.343218833068943
-0.730191106897621	-1.4831965980785	0.0801101466091775	-0.888486923215109	-0.666827087170169	-0.493930299174695	-0.3478513989888
-0.732294549043971	-1.48029182070403	0.0780113605607854	-0.883053029634595	-0.664121060498568	-0.497643804482098	-0.352509180466618
-0.734376162612752	-1.47732982025223	0.0758865189228533	-0.87755803078915	-0.661392797633942	-0.501360529771067	-0.357191938667178
-0.736435651242581	-1.47431091671907	0.0737356381395118	-0.872002295255803	-0.658642811179805	-0.505080133550953	-0.361899430947329
-0.738472720255651	-1.47123543063454	0.0715587381838398	-0.86638619364332	-0.655871615940801	-0.508802272571711	-0.366631410665112
-0.740487077466059	-1.46810368279832	0.0693558431147448	-0.860710098568557	-0.65307972855333	-0.51252660179589	-0.371387627456754
-0.742478432536886	-1.46491599440773	0.0671269805660041	-0.854974384588369	-0.650267667667181	-0.516252774518847	-0.376167827027096
-0.744446497710452	-1.46167268681885	0.0648721822469195	-0.849179428177999	-0.647435953605308	-0.519980442347565	-0.380971751399603
-0.746390987217863	-1.45837408165544	0.0625914834694596	-0.843325607661843	-0.644585108521389	-0.523709255315509	-0.385799138728899
-0.748311618105915	-1.45502050054447	0.0602849237174505	-0.837413303198253	-0.64171565601992	-0.527438861849368	-0.390649723587405
-0.750208109614597	-1.4516122652305	0.0579525461503541	-0.831442896706974	-0.638828121324014	-0.531168908886631	-0.395523236768575
-0.752080183608533	-1.4481496974208	0.0555943978828646	-0.825414771846389	-0.635923031044039	-0.53489904188106	-0.400419405441478
-0.75392756473823	-1.44463311868537	0.0532105300619368	-0.819329313964889	-0.63300091304333	-0.538628904839814	-0.405337953223523
-0.755749980221529	-1.44106285047324	0.0508009976682086	-0.81318691005286	-0.630062296450795	-0.542358140395042	-0.410278600121081
-0.757547160028196	-1.43743921401535	0.0483658596112796	-0.806987948709315	-0.62710771152158	-0.546086389833847	-0.415241062604141
-0.759318837128098	-1.43376253020261	0.0459051788729986	-0.800732820096434	-0.624137689461013	-0.549813293124868	-0.420225053715882
-0.761064746966439	-1.43003311968731	0.0434190220820543	-0.794421915890631	-0.621152762561	-0.553538489017791	-0.425230282904521
-0.762784628581203	-1.42625130252427	0.0409074602914297	-0.788055629264983	-0.618153463683407	-0.557261614979696	-0.430256456434675
-0.764478223322679	-1.42241739847421	0.0383705680039453	-0.781634354818705	-0.615140326688829	-0.560982307370832	-0.435303276960938
-0.766145276321961	-1.4185317265486	0.03580842420179	-0.775158488566574	-0.612113885777948	-0.564700201343714	-0.440370444066428
-0.76778553496884	-1.4145946053854	0.0332211111992234	-0.768628427870538	-0.609074676018728	-0.568414931042691	-0.445457653747264
-0.769398750825337	-1.41060635266493	0.0306087159918644	-0.762044571438775	-0.606023232507413	-0.572126129455265	-0.45056459911811
-0.770984677888983	-1.40656728554062	0.0279713289578487	-0.755407319244811	-0.602960090974269	-0.575833428631454	-0.455690969820066
-0.772543073653639	-1.4024777203035	0.0253090445838933	-0.748717072522942	-0.599885787288368	-0.579536459624247	-0.460836452424875
-0.774073699099764	-1.39833797232558	0.0226219614206657	-0.74197423371708	-0.596800857372765	-0.583234852529486	-0.46600073046122
-0.775576318469973	-1.39414835607571	0.0199101818775319	-0.735179206450221	-0.593705837214908	-0.586928236551119	-0.471183484364392
-0.777050699314469	-1.3899091850601	0.0171738122170043	-0.728332395481007	-0.59060126276389	-0.590616240042259	-0.476384391521895
-0.778496612687363	-1.38562077171323	0.0144129626557382	-0.721434206672505	-0.587487669767073	-0.594298490524753	-0.481603126378325
-0.779913833327622	-1.38128342730209	0.0116277474533355	-0.714485046969165	-0.584365593614994	-0.597974614705135	-0.486839360530407
-0.781302139011369	-1.37689746205427	0.00881828440722765	-0.707485324336371	-0.581235569513144	-0.60164423859177	-0.492092762531992
-0.782661311651972	-1.3724631847995	0.00598469560503939	-0.700435447756054	-0.57809813195292	-0.6053069874098	-0.49736299832244
-0.783991136271839	-1.36798090321671	0.0031271066428043	-0.693335827174846	-0.574953815042439	-0.608962485752693	-0.502649730893905
-0.785291401814076	-1.36345092354323	0.000245647169418162	-0.6861868734786	-0.571803152086214	-0.612610357531941	-0.50795262062276
-0.78656190073384	-1.35887355065661	-0.00265954944555363	-0.678988998464247	-0.56864667566689	-0.616250226056839	-0.513271325157674
-0.787802429211421	-1.35424908795162	-0.00558834599981989	-0.671742614800463	-0.56548491746683	-0.619881714048948	-0.518605499539665
-0.789012786861304	-1.34957783738526	-0.00854060170549925	-0.664448135999474	-0.562318408298929	-0.623504443710524	-0.523954796133541
-0.790192777597537	-1.34486009917578	-0.0115161716096532	-0.657105976404587	-0.559147677663574	-0.627118036657895	-0.529318864987714
-0.791342208419255	-1.34009617210423	-0.0145149075005888	-0.649716551129054	-0.555973254154601	-0.630722114098092	-0.534697353432506
-0.792460890517654	-1.33528635315094	-0.0175366571575908	-0.642280276058727	-0.552795664916145	-0.634316296732412	-0.540089906525175
-0.793548638623076	-1.33043093763374	-0.0205812648536308	-0.634797567805018	-0.549615435818052	-0.637900204864233	-0.545496166859609
-0.794605271417753	-1.32553021904475	-0.0236485711001683	-0.627268843688439	-0.546433091196646	-0.641473458386027	-0.550915774760595
-0.79563061113247	-1.32058448912031	-0.02673841297339	-0.619694521704572	-0.543249153928088	-0.645035676851008	-0.556348368180137
-0.796624484180858	-1.3155940376115	-0.0298506236990626	-0.612075020510944	-0.540064145076735	-0.648586479436358	-0.561793582981127
-0.797586720285015	-1.31055915249206	-0.0329850333126089	-0.604410759378754	-0.536878584160017	-0.652125485071445	-0.567251052658126
-0.798517153481393	-1.30548011962334	-0.0361414679806646	-0.596702158200152	-0.533692988645335	-0.655652312347946	-0.572720408761003
-0.799415621262706	-1.30035722295918	-0.039319750649601	-0.588949637439162	-0.530507874209302	-0.659166579649983	-0.578201280623865
-0.800281965220917	-1.29519074431583	-0.0425197006228215	-0.581153618123637	-0.527323754380665	-0.662667905107023	-0.583693295653422
-0.801116030442472	-1.2899809635018	-0.0457411340266251	-0.573314521805701	-0.524141140694684	-0.666155906691571	-0.589196079157007
-0.801917665996604	-1.28472815814379	-0.0489838635016268	-0.565432770564006	-0.520960542405163	-0.669630202183913	-0.59470925456917
-0.802686725012436	-1.27943260360786	-0.0522476981811015	-0.557508786972583	-0.517782466350869	-0.673090409193403	-0.60023244354062
-0.80342306387382	-1.27409457320754	-0.0555324442967076	-0.549542994065039	-0.514607417202995	-0.676536145275519	-0.605765265681075
-0.804126543324096	-1.26871433783193	-0.0588379044334161	-0.541535815344552	-0.511435896911411	-0.679967027826717	-0.611307339032419
-0.804797027498139	-1.26329216619819	-0.0621638782454664	-0.533487674743122	-0.508268405015305	-0.68338267421976	-0.616858279753212
-0.805434384540782	-1.25782832462074	-0.0655101620534448	-0.525398996608722	-0.505105438290271	-0.686782701757802	-0.622417702408791
-0.806038486004218	-1.25232307716611	-0.0688765493027377	-0.517270205687842	-0.501947490913257	-0.690166727763702	-0.627985219793556
-0.806609207831988	-1.2467766853097	-0.0722628299067302	-0.509101727124123	-0.49879505395159	-0.693534369486923	-0.633560443366335
-0.807146428847022	-1.24118940836104	-0.0756687913361365	-0.50089398640521	-0.495648615910171	-0.696885244305223	-0.639142982720435
-0.807650032279589	-1.23556150296905	-0.0790942175816003	-0.492647409391755	-0.492508661995794	-0.700218969560643	-0.644732446228147
-0.808119904965265	-1.22989322332451	-0.082538889749996	-0.484362422279505	-0.489375674360942	-0.703535162675545	-0.650328440791735
-0.808555936709032	-1.22418482132725	-0.086002586534531	-0.476039451567822	-0.486250132286925	-0.706833441253871	-0.655930571646264
-0.808958021940309	-1.21843654604686	-0.0894850830910621	-0.467678924092163	-0.483132511386264	-0.710113422891193	-0.661538443063339
-0.8093260579288	-1.21264864423465	-0.0929861523149486	-0.459281266965816	-0.480023284272491	-0.713374725418048	-0.667151657712348
-0.809659945978453	-1.20682135993266	-0.0965055640360854	-0.450846907599251	-0.476922919960709	-0.716616966765685	-0.672769817182103
-0.80995959064048	-1.20095493468464	-0.100043085594366	-0.442376273669054	-0.47383188411676	-0.719839765086092	-0.678392521730665
-0.810224900296946	-1.19504960732525	-0.103598481465031	-0.433869793120739	-0.470750638711354	-0.723042738690477	-0.68401937057485
-0.810455786360659	-1.1891056142076	-0.107171513840765	-0.425327894144484	-0.467679642282837	-0.726225506172781	-0.689649961625759
-0.810652164358161	-1.1831231888334	-0.110761941906366	-0.41675100518701	-0.464619349375639	-0.729387686283098	-0.695283891982437
-0.810813952494854	-1.17710256228221	-0.114369522860362	-0.40813955491259	-0.461570211075207	-0.732528898129067	-0.700920757415374
-0.810941073068339	-1.17104396274137	-0.117994010964753	-0.39949397223038	-0.458532674309259	-0.735648761009428	-0.70656015298879
-0.811033451053822	-1.16494761593444	-0.121635158543493	-0.390814686251573	-0.455507182373277	-0.738746894610676	-0.71220167255278
-0.811091015130078	-1.15881374476706	-0.125292715304232	-0.382102126304684	-0.452494174397994	-0.741822918894006	-0.71784490921558
-0.811113697399668	-1.15264256940634	-0.128966428552021	-0.373356721936169	-0.449494085388746	-0.744876454133056	-0.723489455283624
-0.811101432527328	-1.14643430752742	-0.132656043806821	-0.364578902865759	-0.446507346511582	-0.747907121059058	-0.72913490197847
-0.811054159109592	-1.14018917386566	-0.136361303885509	-0.355769099033565	-0.44353438441519	-0.75091454067816	-0.734780840043275
-0.810971818288098	-1.13390738064095	-0.140081949875769	-0.346927740549841	-0.440575621751593	-0.753898334478115	-0.74042685924313
-0.810854354619583	-1.1275891372643	-0.143817720560852	-0.338055257720987	-0.437631476713746	-0.75685812432294	-0.746072548773
-0.810701715747764	-1.12123465043262	-0.147568352666605	-0.329152081037426	-0.434702363095923	-0.759793532506312	-0.751717497182606
-0.810513851824735	-1.11484412429902	-0.151333581278411	-0.320218641151698	-0.431788690468227	-0.762704181853882	-0.757361292201462
-0.810290716606377	-1.10841776011106	-0.155113139108334	-0.31125536891341	-0.428890863612835	-0.76558969557125	-0.763003521238023
-0.810032266248872	-1.10195575659239	-0.158906757342252	-0.302262695334676	-0.426009282977813	-0.768449697435031	-0.768643770949449
-0.809738460064297	-1.09545830968549	-0.16271416513837	-0.293241051607246	-0.423144344259524	-0.77128381169296	-0.774281627605851
-0.809409259849819	-1.08892561276724	-0.166535090104086	-0.284190869084988	-0.420296438627482	-0.77409166317649	-0.779916676872022
-0.80904463034881	-1.0823578564923	-0.170369257999209	-0.275112579305015	-0.417465952438606	-0.776872877239723	-0.78554850405356
-0.808644538987324	-1.07575522887504	-0.174216392932428	-0.266006613971637	-0.414653267281406	-0.779627079817005	-0.79117669404527
-0.80820895575634	-1.06911791532521	-0.178076217456982	-0.256873404959945	-0.41185875994959	-0.782353897449295	-0.796800831337957
-0.807737853142282	-1.06244609867512	-0.181948452633057	-0.247713384323001	-0.409082802403482	-0.785052957302579	-0.802420500042422
-0.807231206366887	-1.05573995909392	-0.185832817880309	-0.23852698428739	-0.406325761586168	-0.787723887153452	-0.808035284050587
-0.806688993042648	-1.04899967420818	-0.189729031225459	-0.229314637259226	-0.403587999504101	-0.790366315443672	-0.81364476694161
-0.806111192899556	-1.04222541919685	-0.193636809502115	-0.220076775817812	-0.40086987328547	-0.792979871336905	-0.819248531923306
-0.805497788431697	-1.03541736657731	-0.197555867922125	-0.210813832731194	-0.398171734810021	-0.79556418463704	-0.824846162158221
-0.804848764355964	-1.02857568639836	-0.201485920459855	-0.201526240959315	-0.395493930889973	-0.798118885877649	-0.83043724058994
-0.804164107219341	-1.02170054637579	-0.205426680124562	-0.192214433636595	-0.392836803378038	-0.800643606393883	-0.836021349828978
-0.803443806358439	-1.01479211157812	-0.209377858324568	-0.182878844106005	-0.390200688662745	-0.80313797819688	-0.841598072614788
-0.802687852733353	-1.0078505448381	-0.213339165667736	-0.173519905903696	-0.387585918135314	-0.805601634154371	-0.847166991370302
-0.801896239560479	-1.00087600654103	-0.217310311537447	-0.164138052762941	-0.384992817832608	-0.808034207916433	-0.85272768852529
-0.801068962082346	-0.993868654730501	-0.221291004265267	-0.154733718640221	-0.382421708484737	-0.810435333958276	-0.858279746466573
-0.80020601753783	-0.98682864512023	-0.225280951155198	-0.145307337698075	-0.379872905455908	-0.812804647601986	-0.863822747582482
-0.79930740474593	-0.979756131260501	-0.229279858769242	-0.135859344313316	-0.377346718879984	-0.815141785095147	-0.869356274128319
-0.798373124661272	-0.97265126437146	-0.233287432567293	-0.126390173102231	-0.374843453346096	-0.817446383538048	-0.87487990851659
-0.797403179975703	-0.965514193488559	-0.237303377177721	-0.116900258907482	-0.372363408013554	-0.819718080962373	-0.880393233200216
-0.796397574847174	-0.958345065588728	-0.241327396585132	-0.107390036812316	-0.369906876688225	-0.821956516386044	-0.885895830594147
-0.795356315325429	-0.951144025461204	-0.245359193854364	-0.0978599421489479	-0.367474147561331	-0.824161329767287	-0.891387283319819
-0.794279408992071	-0.943911215858906	-0.249398471372363	-0.0883104105060539	-0.365065503323381	-0.826332162073465	-0.896867174085825
-0.793166864798245	-0.936646777579597	-0.253444930963694	-0.0787418777288829	-0.362681221181133	-0.828468655325446	-0.902335085672432
-0.792018693366286	-0.929350849393662	-0.257498273692883	-0.0691547799422376	-0.36032157266741	-0.830570452566556	-0.907790601103672
-0.790834906652105	-0.922023568185215	-0.261558200094356	-0.0595495535444801	-0.357986823742107	-0.832637197934735	-0.913233303550642
-0.789615517717029	-0.914665069066678	-0.265624410321474	-0.049926635214248	-0.355677234846086	-0.834668536717417	-0.91866277627356
-0.788360541535027	-0.907275485133752	-0.269696603625077	-0.0402864619499788	-0.353393060479795	-0.836664115239735	-0.924078603021419
-0.787069993528622	-0.8998549480011	-0.273774479312112	-0.0306294710247235	-0.351134549828824	-0.838623581122619	-0.929480367433996
-0.785743891026119	-0.89240358733933	-0.277857735794043	-0.0209561000540925	-0.348901946042313	-0.840546583062388	-0.934867653723512
-0.784382251878379	-0.884921531388361	-0.281946071496886	-0.0112667869516803	-0.346695486828086	-0.842432771084062	-0.940240046113039
-0.782985095338251	-0.877408906699295	-0.286039184282726	-0.00156196998346569	-0.344515404000378	-0.844281796410731	-0.945597129257097
-0.78155244155137	-0.869865838338091	-0.290136771784633	0.00815791225561302	-0.342361923665158	-0.846093311575938	-0.950938488071193
-0.780084311570284	-0.862292449938518	-0.294238531401304	0.0178924208131259	-0.340235266181155	-0.847866970438663	-0.956263707764027
-0.778580727655381	-0.854688863632103	-0.298344160096546	0.0276411163658286	-0.338135645968296	-0.849602428162566	-0.961572374025541
-0.777041712437809	-0.847055200387747	-0.302453354945699	0.0374035592377586	-0.336063271862946	-0.851299341374623	-0.966864072682011
-0.775467289528015	-0.839391579846915	-0.306565812738462	0.0471793093614337	-0.334018346792336	-0.852957368091101	-0.972138390012742
-0.773857483413187	-0.831698120407065	-0.310681230044591	0.0569679262751865	-0.332001067783083	-0.854576167759719	-0.977394912739432
-0.772212319121501	-0.823974939391126	-0.314799303432436	0.0667689691181139	-0.330011626085064	-0.856155401343761	-0.982633227915072
-0.770531822271436	-0.81622215307936	-0.318919729430111	0.0765819966204728	-0.328050207108105	-0.857694731336706	-0.987852922981994
-0.7688160190992	-0.808439876754219	-0.323042204508878	0.0864065670904135	-0.326116990376601	-0.859193821794696	-0.993053585816792
-0.767064936543882	-0.800628224723043	-0.327166425026844	0.0962422383953276	-0.324212149455771	-0.860652338340456	-0.998234804812342
-0.765278601787128	-0.792787310538556	-0.331292087521629	0.106088567967788	-0.322335852135675	-0.86206994827695	-1.0033961686957
-0.763457042466553	-0.784917246979377	-0.335418888567838	0.115945112790894	-0.320488260299567	-0.863446320585243	-1.00853726666389
-0.76160028668748	-0.777018146104924	-0.339546524769821	0.125811429377898	-0.318669529890625	-0.864781125946984	-1.01365768841938
-0.759708362845501	-0.769090119378257	-0.343674692869153	0.135687073772928	-0.316879810963039	-0.866074036810188	-1.01875702412488
-0.757781299754429	-0.761133277676795	-0.347803089661085	0.145571601533556	-0.315119247594697	-0.867324727401891	-1.02383486449376
-0.75581912623543	-0.753147731515635	-0.351931412253915	0.155464567729302	-0.313387978060686	-0.868532873832706	-1.02889080063071
-0.753821871634364	-0.745133590909608	-0.356059357730157	0.165365526918482	-0.311686134556705	-0.869698154040977	-1.03392442430066
-0.751789565055588	-0.737090965722054	-0.360186623637713	0.175274033160921	-0.310013843540125	-0.870820247964421	-1.03893532761121
-0.749722236092903	-0.729019965472144	-0.364312907513344	0.185189639977268	-0.308371225363785	-0.871898837447732	-1.04392310336954
-0.747619914315323	-0.720920699576466	-0.368437907209303	0.195111900364364	-0.306758394492596	-0.872933606372223	-1.0488873448842
-0.745482629128852	-0.712793277480417	-0.37256132097575	0.205040366783316	-0.305175459556106	-0.873924240719359	-1.05382764592195
-0.74331041029882	-0.704637808530306	-0.376682847123857	0.214974591128458	-0.303622523073754	-0.874870428515251	-1.05874360098111
-0.741103287317163	-0.696454402279889	-0.380802184421363	0.224914124746345	-0.302099681742829	-0.8757718599888	-1.06363480502211
-0.738861289701853	-0.688243168449343	-0.384919031900632	0.234858518410208	-0.300607026277017	-0.876628227555493	-1.06850085363779
-0.73658444677846	-0.680004217086527	-0.389033088989868	0.244807322316132	-0.299144641497662	-0.877439225904747	-1.07334134296963
-0.734272787879492	-0.671737658556604	-0.393144055381125	0.254760086072781	-0.297712606217776	-0.878204552002465	-1.07815586983549
-0.731926342186745	-0.663443603689029	-0.397251631128602	0.264716358689077	-0.296310993310234	-0.878923905167028	-1.0829440316725
-0.729545138550641	-0.655122163912891	-0.40135551675435	0.274675688576864	-0.294939869780991	-0.879596987148873	-1.0877054264798
-0.727129205665339	-0.646773451270954	-0.405455413133735	0.284637623538364	-0.29359929667136	-0.880223502144839	-1.09243965292556
-0.724678572000481	-0.638397578528904	-0.409551021533519	0.294601710748243	-0.292289329082485	-0.880803156856069	-1.09714631033303
-0.722193265815685	-0.629994659245126	-0.413642043599609	0.304567496760833	-0.291010016160387	-0.881335660539218	-1.10182499871513
-0.719673314940023	-0.621564807935182	-0.417728181487213	0.314534527495858	-0.289761401192939	-0.881820725092131	-1.10647531868906
-0.71711874713612	-0.613108140019192	-0.421809137634108	0.324502348225397	-0.288543521428014	-0.882258065037972	-1.11109687167103
-0.714529589435381	-0.604624772152063	-0.425884615162856	0.334470503591366	-0.28735640839142	-0.882647397707381	-1.11568925957832
-0.711905868853918	-0.596114822040361	-0.429954317439436	0.344438537565328	-0.286200087531996	-0.88298844314752	-1.12025208519669
-0.709247612016517	-0.587578408666301	-0.434017948297179	0.354405993464563	-0.285074578404709	-0.883280924252189	-1.12478495201535
-0.706554844868396	-0.579015652485915	-0.438075212213944	0.364372413948405	-0.283979894807301	-0.883524566872879	-1.1292874641077
-0.703827593340589	-0.570426675256197	-0.442125813895864	0.374337340996428	-0.282916044453019	-0.883719099743968	-1.13375922647721
-0.701065882733165	-0.561811600363671	-0.446169458654956	0.384300315918129	-0.281883029274677	-0.883864254658029	-1.13819984476837
-0.698269737814811	-0.553170552874183	-0.450205852346501	0.394260879346298	-0.280880845379	-0.883959766508818	-1.14260892533918
-0.695439183208996	-0.544503659464846	-0.454234701124823	0.404218571225662	-0.279909482851837	-0.884005373269853	-1.14698607546626
-0.692574242824096	-0.535811048747503	-0.458255711795214	0.414172930814943	-0.278968926052892	-0.884000816168934	-1.15133090308089
-0.689674940272861	-0.52709285117658	-0.462268591550234	0.424123496686302	-0.278059153401899	-0.883945839663502	-1.15564301699461
-0.686741298682764	-0.518349199232992	-0.466273048087067	0.434069806712706	-0.277180137487509	-0.883840191543472	-1.1599220268175
-0.683773340694777	-0.509580227503137	-0.470268789605446	0.444011398075705	-0.276331845069783	-0.883683622989906	-1.16416754298057
-0.680771088456877	-0.500786072777148	-0.474255524813271	0.453947807259908	-0.27551423709285	-0.883475888643376	-1.16837917674142
-0.677734563736015	-0.49196687409514	-0.47823296284915	0.463878570049592	-0.274727268635033	-0.883216746644572	-1.17255654025814
-0.674663787757906	-0.483122772906297	-0.482200813391573	0.473803221528735	-0.273970889005881	-0.882905958728725	-1.17669924652475
-0.671558781328269	-0.474253913111122	-0.486158786576301	0.483721296083206	-0.273245041689962	-0.882543290275206	-1.18080690944455
-0.668419564781503	-0.465360441174401	-0.490106593031911	0.493632327397603	-0.27254966438689	-0.882128510375724	-1.18487914381993
-0.665246158071675	-0.456442506185761	-0.494043943825096	0.503535848453446	-0.271884688981011	-0.881661391888749	-1.18891556541117
-0.662038580548086	-0.447500260041034	-0.497970550596734	0.513431391542724	-0.271250041667087	-0.881141711557759	-1.19291579083652
-0.658796851234766	-0.438533857426926	-0.501886125398124	0.523318488251018	-0.270645642824696	-0.880569250013674	-1.19687943772928
-0.655520988895292	-0.429543455887416	-0.505790380651417	0.533196669465996	-0.270071407004385	-0.879943791837895	-1.20080612477738
-0.652211011628046	-0.420529216080712	-0.50968302939979	0.543065465393566	-0.269527243146994	-0.87926512572023	-1.20469547153962
-0.648866937071252	-0.411491301794631	-0.5135637851821	0.552924405552296	-0.269013054500972	-0.87853304448382	-1.2085470985555
-0.645488782941628	-0.402429879825972	-0.517432361722553	0.562773018752794	-0.268528738371937	-0.877747345041091	-1.21236062763089
-0.642076566005151	-0.39334512048117	-0.521288473544166	0.572610833156434	-0.268074186657974	-0.876907828697093	-1.21613568133327
-0.638630303188586	-0.384237197239012	-0.525131835315244	0.582437376220241	-0.267649285317945	-0.876014300972422	-1.21987188356168
-0.635150010875912	-0.375106287112625	-0.52896216227207	0.592252174744012	-0.267253914742749	-0.875066571838501	-1.22356885920383
-0.631635705113459	-0.365952570677008	-0.532779170106937	0.602054754861747	-0.266887949684297	-0.874064455744783	-1.22722623425153
-0.628087401572275	-0.356776232169731	-0.536582574994525	0.611844642056575	-0.266551259293035	-0.873007771708595	-1.23084363579237
-0.624505116211288	-0.347577459318238	-0.540372093209206	0.621621361137858	-0.26624370680936	-0.871896343236173	-1.23442069236115
-0.620888864050234	-0.338356443942811	-0.544147441860581	0.631384436297372	-0.265965150221897	-0.870729998680403	-1.23795703331878
-0.617238660486658	-0.329113381496327	-0.547908338125214	0.641133391078602	-0.265715441614828	-0.869508571023858	-1.241452289547
-0.61355452033604	-0.319848471572737	-0.551654499819141	0.650867748408029	-0.265494427696689	-0.868231898167177	-1.244906092952
-0.609836458651314	-0.310561917645724	-0.555385644933919	0.660587030589438	-0.265301949407881	-0.866899822831724	-1.24831807691492
-0.606084490146958	-0.30125392741337	-0.55910149198248	0.670290759327979	-0.265137842249574	-0.865512192762458	-1.25168787598837
-0.602298629555881	-0.291924712738589	-0.562801759802719	0.679978455731839	-0.265001936136156	-0.864068860729511	-1.25501512610193
-0.598478891555537	-0.282574489773091	-0.566486167617138	0.689649640334633	-0.264894055462706	-0.862569684629222	-1.25829946453274
-0.594625290905787	-0.273203478992068	-0.570154434960825	0.699303833091747	-0.26481401907269	-0.861014527523463	-1.26154052998206
-0.590737842439154	-0.26381190529412	-0.573806281713614	0.70894055340695	-0.264761640303451	-0.859403257733621	-1.26473796258778
-0.586816560828929	-0.254399998185884	-0.577441428239473	0.718559320149942	-0.264736727136838	-0.857735748970384	-1.26789140380981
-0.582861461316253	-0.24496799157242	-0.581059594989137	0.728159651647881	-0.264739081868609	-0.856011880246477	-1.27100049682066
-0.578872558997051	-0.235516124139135	-0.584660502926153	0.737741065730546	-0.264768501513052	-0.854231536126876	-1.27406488614243
-0.574849869336425	-0.226044639238032	-0.588243873254634	0.7473030797229	-0.264824777583827	-0.852394606687956	-1.27708421792885
-0.570793407908554	-0.216553785074625	-0.591809427583499	0.756845210481499	-0.264907696264999	-0.850500987666231	-1.28005813983517
-0.566703190848561	-0.207043814612395	-0.595356887689601	0.766366974389587	-0.265017038227289	-0.848550580427765	-1.2829863012713
-0.562579234637622	-0.197514985748715	-0.598885975662067	0.775867887387371	-0.265152578778127	-0.846543292104623	-1.28586835329311
-0.55842155596933	-0.187967561452895	-0.602396414003877	0.785347465003333	-0.265314087980695	-0.844479035710194	-1.28870394854907
-0.554230172135683	-0.178401809700746	-0.605887925430751	0.794805222354478	-0.265501330500795	-0.842357730131388	-1.29149274148918
-0.550005101132622	-0.168818003504267	-0.609360232839736	0.804240674161655	-0.265714065600831	-0.840179300178018	-1.29423438843326
-0.545746361140909	-0.159216421215247	-0.612813059627767	0.813653334808706	-0.265952047456608	-0.837943676803038	-1.29692854730951
-0.541453971576289	-0.149597346166652	-0.61624612912136	0.823042718303413	-0.266215024664146	-0.835650796915388	-1.29957487821811
-0.537127951861005	-0.139961067278538	-0.619659165303932	0.832408338370005	-0.266502740932179	-0.833300603781117	-1.30217304279115
-0.532768322782873	-0.130307878547675	-0.623051892071519	0.841749708410222	-0.266814934424847	-0.830893046750797	-1.30472270493057
-0.528375105576295	-0.12063807953383	-0.62642403378298	0.851066341566759	-0.267151338296301	-0.828428081586702	-1.30722353032195
-0.523948322410039	-0.110951975213713	-0.629775315017836	0.860357750740309	-0.267511680491522	-0.825905670414739	-1.30967518671532
-0.519487996679502	-0.101249875946452	-0.633105460439152	0.869623448590706	-0.267895683652264	-0.82332578173161	-1.31207734408628
-0.514994152448989	-0.0915320977792344	-0.636414195144647	0.878862947600478	-0.268303065463382	-0.820688390633484	-1.31442967435136
-0.510466814949151	-0.0817989623074777	-0.639701244417085	0.88807576007921	-0.268733538454774	-0.81799347876374	-1.31673185164688
-0.505906010706936	-0.0720507966973094	-0.642966333692097	0.897261398190435	-0.26918680999255	-0.815241034366337	-1.31898355241217
-0.501311767199697	-0.0622879338937343	-0.646209188777998	0.906419373997769	-0.269662582519925	-0.812431052450907	-1.32118445521268
-0.496684113389323	-0.0525107124768054	-0.649429535608823	0.915549199469207	-0.270160553345972	-0.80956353473699	-1.32333424104275
-0.492023079523118	-0.0427194767949057	-0.652627100378696	0.924650386525144	-0.270680414806629	-0.806638489782019	-1.32543259322826
-0.487328697194367	-0.0329145770208705	-0.655801609559869	0.933722447067631	-0.27122185430295	-0.803655933047626	-1.32747919747919
-0.482600999502591	-0.0230963691404962	-0.658952789845842	0.942764893004738	-0.271784554284754	-0.800615886934614	-1.32947374197626
-0.477840021188281	-0.0132652149503754	-0.662080368121935	0.951777236284757	-0.272368192239664	-0.797518380819984	-1.33141591747274
-0.473045798549121	-0.00342148217236105	-0.66518407155702	0.960758988929861	-0.272972440819946	-0.79436345116668	-1.33330541725124
-0.468218369517215	0.00643445554654454	-0.668263627594881	0.969709663079243	-0.273596967854034	-0.791151141563445	-1.33514193718445
-0.463357773930306	0.0163022186663864	-0.671318763863372	0.978628771003576	-0.274241436295286	-0.787881502744142	-1.3369251758949
-0.458464053419427	0.0261814216781509	-0.674349208270721	0.987515825155855	-0.274905504334483	-0.784554592676429	-1.33865483471093
-0.453537251563496	0.0360716730955501	-0.677354688973439	0.996370338199021	-0.275588825406958	-0.781170476602672	-1.34033061776159
-0.448577413710127	0.0459725753387263	-0.680334934521871	1.00519182306297	-0.276291048355221	-0.777729227160184	-1.34195223189559
-0.443584587691059	0.0558837249953203	-0.683289673517481	1.0139797929401	-0.277011817129441	-0.7742309242533	-1.34351938708971
-0.438558823307844	0.0658047125451922	-0.686218634943121	1.02273376135553	-0.277750771134622	-0.770675655266895	-1.34503179617843
-0.433500172356716	0.075735122331555	-0.689121548204646	1.0314532422161	-0.278507545301593	-0.767063515126065	-1.34648917488531
-0.42840868920746	0.0856745327669217	-0.691998142863973	1.04013774981471	-0.279281769854117	-0.763394606209306	-1.34789124215692
-0.423284430730975	0.0956225162681013	-0.694848148737555	1.04878679888204	-0.280073070435177	-0.759669038429278	-1.34923772014167
-0.418127455884321	0.105578639026216	-0.697671296169385	1.05739990465281	-0.280881068404015	-0.755886929415084	-1.35052833397065
-0.412937826438753	0.115542461302409	-0.700467315698655	1.06597658287569	-0.281705380536484	-0.752048404377204	-1.35176281218344
-0.40771560676256	0.125513537288846	-0.703235938231097	1.07451634986366	-0.282545619226832	-0.748153596221601	-1.35294088661972
-0.402460863805965	0.135491415076683	-0.705976895108186	1.08301872255154	-0.283401392578597	-0.744202645626441	-1.35406229243371
-0.397173667499029	0.145475636804338	-0.708689917946904	1.09148321851266	-0.284272304283406	-0.740195700977997	-1.35512676832511
-0.391854090436072	0.155465738487015	-0.711374738874178	1.09990935603579	-0.285157953875848	-0.736132918527976	-1.35613405638921
-0.386502208227335	0.165461250151377	-0.714031090398054	1.10829665414044	-0.286057936637885	-0.732014462341918	-1.3570839023237
-0.381118099560374	0.175461695845924	-0.716658705434688	1.11664463263977	-0.286971843654449	-0.727840504342936	-1.35797605548668
-0.375701846172749	0.185466593600137	-0.719257317391111	1.12495281217423	-0.287899261927488	-0.723611224365761	-1.35881026889656
-0.370253533036602	0.195475455503691	-0.721826660125754	1.13322071427235	-0.288839774359673	-0.719326810163845	-1.35958629935667
-0.364773248341221	0.205487787675818	-0.724366468027232	1.14144786138526	-0.289792959869084	-0.71498745745438	-1.36030390746239
-0.359261083503759	0.215503090261138	-0.726876476069942	1.14963377695065	-0.290758393474311	-0.710593369970397	-1.36096285762466
-0.353717133776132	0.22552085770039	-0.729356419566444	1.15777798540509	-0.291735646068408	-0.706144759326455	-1.36156291843964
-0.348141497378163	0.2355405783252	-0.731806034687185	1.16588001228729	-0.292724284980478	-0.701641845314516	-1.36210386220886
-0.342534276596751	0.245561734861788	-0.734225057953605	1.17393938423499	-0.293723873487084	-0.69708485563047	-1.36258546558837
-0.336895576895313	0.255583804018966	-0.736613226772188	1.18195562908324	-0.294733971388184	-0.692474026167816	-1.36300750909807
-0.331225508011512	0.265606256994622	-0.73897027893817	1.18992827585521	-0.295754134527787	-0.687809600734113	-1.36336977777365
-0.325524183154347	0.27562855912372	-0.741295953114694	1.19785685487986	-0.296783915311821	-0.683091831328281	-1.36367206072371
-0.319791719479046	0.285650170077978	-0.743589988668518	1.20574089779543	-0.297822862579289	-0.678320978031249	-1.36391415142043
-0.314028238238229	0.295670543982773	-0.745852125657191	1.21357993762086	-0.298870521604044	-0.673497308987719	-1.36409584781685
-0.308233864686813	0.3056891293583	-0.748082104956832	1.22137350880244	-0.299926434268044	-0.66862110046928	-1.36421695230235
-0.302408728091064	0.31570536915515	-0.75027966832665	1.22912114728005	-0.300990139154106	-0.663692636898555	-1.36427727173577
-0.296552962194052	0.325718700987077	-0.752444558252477	1.23682239051154	-0.302061171410628	-0.658712210729107	-1.364276617735
-0.290666704700238	0.33572855691788	-0.754576518277358	1.24447677756775	-0.303139063131369	-0.653680122627315	-1.3642148063977
-0.284750098004827	0.345734363818517	-0.756675292715052	1.25208384913977	-0.304223343080195	-0.648596681270819	-1.36409165875123
-0.278803288696616	0.355735543177527	-0.758740626973099	1.25964314763782	-0.305313537062979	-0.643462203514245	-1.36390700047989
-0.272826427896611	0.365731511278389	-0.760772267461726	1.26715421722057	-0.306409167862814	-0.638277014303246	-1.36366066215055
-0.266819671446372	0.375721679334307	-0.762769961576745	1.27461660385045	-0.307509755248264	-0.633041446627791	-1.36335247934166
-0.260783179680202	0.385705453410989	-0.764733457894635	1.28202985536488	-0.308614816214164	-0.627755841604766	-1.36298229253246
-0.254717117825098	0.395682234664463	-0.76666250604665	1.28939352151172	-0.309723864872963	-0.622420548355512	-1.36254994736429
-0.248621655632775	0.405651419207065	-0.768556856989344	1.29670715403757	-0.310836412778875	-0.617035924131676	-1.36205529444122
-0.242496967956862	0.41561239842941	-0.770416262790397	1.30397030670393	-0.311951968724855	-0.61160233413235	-1.36149818970144
-0.236343234618186	0.425564558988456	-0.772240476783016	1.31118253536525	-0.313070038939461	-0.60612015154532	-1.36087849435251
-0.230160640139421	0.435507282735115	-0.77402925377245	1.31834339804163	-0.314190127340769	-0.600589757631331	-1.36019607474469
-0.223949374241861	0.445439947010184	-0.775782349874743	1.32545245495855	-0.31531173539287	-0.595011541557833	-1.35945080268629
-0.217709631984364	0.455361924766029	-0.77749952253367	1.33250926858156	-0.316434362150703	-0.589385900342687	-1.35864255554929
-0.211441613197916	0.46527258436585	-0.779180530875501	1.33951340373531	-0.317557504681432	-0.583713239030337	-1.35777121596242
-0.2051455232292	0.47517129000807	-0.780825135427564	1.34646442760541	-0.318680657782899	-0.577993970431373	-1.3568366722671
-0.198821572772623	0.485057401704014	-0.782433098289396	1.35336190981253	-0.319803314208694	-0.572228515163226	-1.35583881845608
-0.192469977545129	0.494930275212135	-0.784004183365973	1.36020542250265	-0.32092496494579	-0.566417301734179	-1.35477755399288
-0.186090959203022	0.504789262543659	-0.785538156011886	1.36699454033959	-0.322045098859913	-0.560560766218493	-1.35365278438793
-0.179684744286701	0.514633711536372	-0.787034783622249	1.37372884064646	-0.323163203379662	-0.554659352581921	-1.35246442059306
-0.173251565305343	0.524462966467465	-0.788493835193908	1.38040790339078	-0.324278764034347	-0.548713512288024	-1.35121237967645
-0.166791660131393	0.534276367837427	-0.789915081700114	1.38703131128778	-0.325391264910602	-0.542723704472808	-1.34989658448109
-0.160305272237926	0.544073252581545	-0.791298296061033	1.39359864984953	-0.326500188644496	-0.536690395825073	-1.34851696379562
-0.153792650851248	0.553852954234768	-0.792643253150517	1.40010950743452	-0.327605016463645	-0.530614060501255	-1.34707345247154
-0.14725405108873	0.563614803093915	-0.793949729821684	1.40656347530035	-0.328705228243659	-0.524495180033974	-1.3455659915293
-0.140689733403199	0.573358126046586	-0.795217505247088	1.41296014770706	-0.329800302925953	-0.518334243479079	-1.34399452785089
-0.134099964255063	0.583082247003819	-0.796446360682275	1.41929912193264	-0.330889718285515	-0.512131747135908	-1.34235901460844
-0.127485016148676	0.59278648701433	-0.79763607954355	1.42557999832332	-0.331972951041343	-0.505888194487936	-1.34065941131456
-0.120845167154271	0.602470164151769	-0.798786447700275	1.4318023804033	-0.333049477229619	-0.499604096311002	-1.33889568355672
-0.114180701404731	0.612132593862835	-0.79989725333679	1.43796587489331	-0.334118772074121	-0.493279970445015	-1.3370678033256
-0.107491908995172	0.621773089031996	-0.800968287075196	1.44407009177477	-0.335180310158917	-0.486916341764065	-1.33517574897801
-0.100779085947744	0.631390960078471	-0.801999342069842	1.45011464436925	-0.336233565576632	-0.480513742149136	-1.33321950523824
-0.0940425343526896	0.640985515160175	-0.802990214037472	1.45609914936357	-0.337278011980191	-0.474072710329426	-1.33119906331797
-0.0872825622847406	0.650556060247942	-0.803940701367314	1.46202322690256	-0.338313122754397	-0.467593791874304	-1.32911442088723
-0.0804994837984019	0.660101899234322	-0.804850605193697	1.46788650063379	-0.339338371141279	-0.461077539130855	-1.32696558208689
-0.0736936192718973	0.669622334271869	-0.805719729346843	1.4736885977418	-0.340353230187579	-0.4545245109773	-1.32475255778336
-0.0668652950117643	0.679116665669222	-0.806547880578254	1.47942914905134	-0.341357173075291	-0.44793527294909	-1.32247536533586
-0.0600148434256598	0.688584192136854	-0.807334868589277	1.48510778905434	-0.342349673164544	-0.44131039704598	-1.32013402873571
-0.0531426031963877	0.698024211005899	-0.808080506012304	1.49072415596918	-0.343330204016695	-0.43465046160468	-1.31772857873758
-0.0462489190855564	0.707436018273166	-0.808784608589921	1.49627789180479	-0.344298239630975	-0.427956051273159	-1.31525905276197
-0.0393341419878679	0.716818908764683	-0.809446995216928	1.50176864241895	-0.345253254540073	-0.421227756908837	-1.31272549495687
-0.0323986289890166	0.726172176324869	-0.810067487995642	1.50719605756962	-0.346194723898546	-0.414466175452433	-1.31012795625529
-0.0254427434006055	0.73549511397103	-0.810645912294156	1.51255979096949	-0.347122123595611	-0.407671909824769	-1.30746649442537
-0.0184668547005828	0.74478701402797	-0.81118209684658	1.51785950034226	-0.348034930401558	-0.400845568836405	-1.30474117405505
-0.0114713384734566	0.754047168235239	-0.811675873849116	1.52309484749413	-0.348932622132564	-0.393987767132842	-1.30195206654216
-0.00445657657266452	0.763274868012753	-0.812127078977043	1.52826549833179	-0.34981467768086	-0.387099124971868	-1.29909925022093
0.00257704292211391	0.77246940457143	-0.812535551447127	1.53337112295049	-0.350680577156454	-0.380180268198138	-1.2961828103551
0.00962912601726318	0.781630068936279	-0.812901134248978	1.53841139568756	-0.351529802182393	-0.373231828191711	-1.29320283897455
0.0166992722349657	0.79075615239721	-0.813223673951702	1.54338599514411	-0.352361835702641	-0.366254441564684	-1.29015943524952
0.0237870751337854	0.799846946402782	-0.813503021005163	1.54829460426556	-0.353176162386948	-0.359248750227747	-1.28705270519086
0.0308921221742753	0.808901742815671	-0.813739029743438	1.55313691039795	-0.353972268668706	-0.352215401216105	-1.28388276176378
0.038013994486441	0.817919834184555	-0.813931558351785	1.55791260530398	-0.354749642747954	-0.345155046483414	-1.28064972504632
0.0451522674230209	0.826900513650364	-0.8140804691706	1.56262138526508	-0.355507774994768	-0.338068342971565	-1.27735372191612
0.052306509956801	0.835843075425668	-0.814185628496139	1.56726295108421	-0.356246157748569	-0.330955952259238	-1.27399488644719
0.0594762852700326	0.844746814668784	-0.814246906895216	1.57183700816999	-0.356964285743333	-0.323818540644172	-1.27057335956265
0.0666611503826742	0.853611027860079	-0.814264179108529	1.57634326656664	-0.357661656025965	-0.316656778873659	-1.26708928929276
0.0738606562652455	0.862435012927376	-0.814237324152325	1.58078144100014	-0.358337768123274	-0.30947134203374	-1.26354283072522
0.0810743482673182	0.871218069199819	-0.814166225564766	1.58515125096011	-0.358992124391	-0.30226290958324	-1.2599341457602
0.0883017653135476	0.879959498028937	-0.814050771108452	1.58945242068262	-0.359624229676225	-0.295032164891296	-1.25626340363438
0.0955424410334915	0.888658602369863	-0.813890853317317	1.59368467927902	-0.360233592052117	-0.287779795525078	-1.25253078023707
0.102795902715613	0.897314687530681	-0.813686369091599	1.59784776069635	-0.360819722344585	-0.280506492696397	-1.24873645878443
0.110061672259909	0.905927060864675	-0.813437220159099	1.60194140383857	-0.361382134758281	-0.27321295147581	-1.24488062924377
0.117339265523375	0.914495032301843	-0.813143312844225	1.60596535254767	-0.361920346623634	-0.26589987038117	-1.24096348876618
0.124628192970322	0.923017914203239	-0.81280455839032	1.60991935569969	-0.36243387885504	-0.258567951474109	-1.2369852412995
0.131927959207245	0.931495021812223	-0.812420872802963	1.61380316720532	-0.36292225579021	-0.251217900010259	-1.23294609789504
0.13923806332522	0.939925673257902	-0.811992177044654	1.61761654607269	-0.3633850054795	-0.243850424421821	-1.22884627651915
0.146557999055608	0.948309189681695	-0.811518397132074	1.62135925645587	-0.363821659867203	-0.236466236196775	-1.22468600196785
0.153887254403573	0.95664489563152	-0.810999464027393	1.62503106766414	-0.364231754680588	-0.229066049579785	-1.22046550612254
0.161225312317936	0.964932118900252	-0.810435313952099	1.6286317542437	-0.36461482989586	-0.221650581657018	-1.21618502754234
0.168571650188964	0.973170191011452	-0.809825888207605	1.63216109597654	-0.36497042954281	-0.214220551986499	-1.21184481179765
0.175925740253102	0.981358447188552	-0.80917113338691	1.63561887793817	-0.365298102026623	-0.20677668258634	-1.20744511123833
0.183287049505709	0.989496226624753	-0.808471001355671	1.63900489052606	-0.365597400155571	-0.199319697715472	-1.20298618505971
0.190655040099796	0.997582872460545	-0.807725449451985	1.64231892951788	-0.365867881447546	-0.19185032386243	-1.19846829906894
0.198029168830716	1.00561773227692	-0.806934440299056	1.64556079606028	-0.366109107932389	-0.184369289350117	-1.19389172603052
0.205408887731739	1.01360015797874	-0.806097942071565	1.64873029674141	-0.366320646551788	-0.176877324395308	-1.18925674530385
0.212793644163101	1.02152950595347	-0.805215928551831	1.65182724362632	-0.366502069287677	-0.169375160957219	-1.18456364279573
0.22018288027037	1.02940513757954	-0.804288378932552	1.65485145423644	-0.366652952940971	-0.161863532333884	-1.17981271133288
0.227576034048771	1.03722641884424	-0.803315278259137	1.6578027516551	-0.366772879787536	-0.154343173401572	-1.17500424998207
0.234972538621092	1.04499272096376	-0.802296617156889	1.66068096449962	-0.366861437249122	-0.146814820135899	-1.17013856454207
0.242371822593346	1.05270342038799	-0.801232391981696	1.66348592696402	-0.366918218159207	-0.139279209556586	-1.16521596731833
0.2497733104046	1.06035789882003	-0.800122604975306	1.66621747886606	-0.366942821020899	-0.131737079685612	-1.16023677691679
0.257176422092775	1.06795554355804	-0.798967264169406	1.6688754656507	-0.366934849934497	-0.124189169250943	-1.15520131840613
0.264580573442752	1.07549574762544	-0.797766383458728	1.67145973841847	-0.366893914746202	-0.116636217551758	-1.15010992323739
0.271985176264922	1.08297790982204	-0.796519982709062	1.67397015395971	-0.366819631254678	-0.109078964378007	-1.14496292907545
0.279389638423277	1.09040143492595	-0.795228087761932	1.67640657477243	-0.36671162127877	-0.101518149816349	-1.13976067978938
0.286793363839688	1.09776573389353	-0.793890730448402	1.67876886908017	-0.366569512718906	-0.0939545140640763	-1.13450352546579
0.294195752709669	1.10507022395973	-0.792507948648657	1.6810569108559	-0.366392939714688	-0.0863887973029387	-1.12919182228038
0.301596201697174	1.1123143287276	-0.791079786375437	1.68327057984855	-0.366181542807709	-0.0788217395908397	-1.12382593237587
0.308994103805971	1.11949747845952	-0.789606293703962	1.68540976158577	-0.3659349689068	-0.07125408059655	-1.11840622396259
0.316388848769666	1.12661911005457	-0.788087526913936	1.68747434740376	-0.365652871552047	-0.0636865595634584	-1.11293307106819
0.323779822966053	1.13367866732345	-0.78652354843739	1.68946423446394	-0.365334910891912	-0.056119915070485	-1.1074068536075
0.331166409628436	1.14067560106201	-0.784914426927782	1.69137932575007	-0.36498075384972	-0.0485548849014639	-1.10182795725039
0.338547989031213	1.14760936914854	-0.783260237297773	1.693219530114	-0.364590074247551	-0.0409922059482204	-1.09619677330969
0.345923938500359	1.15447943676522	-0.781561060708869	1.69498476225875	-0.364162552842273	-0.0334326139741492	-1.09051369873875
0.35329363258596	1.16128527648163	-0.77981698461041	1.69667494276254	-0.363697877450997	-0.025876843503525	-1.08477913603194
0.360656443127383	1.16802636843527	-0.778028102729506	1.69828999807904	-0.363195743005584	-0.0183256276297672	-1.07899349318036
0.368011739754093	1.17470220024368	-0.776194515229478	1.69982986058599	-0.362655851849081	-0.0107796980323704	-1.07315718335749
0.375358889256827	1.18131226756546	-0.774316328444088	1.70129446851391	-0.362077913408698	-0.00323978448718565	-1.06727062532797
0.382697256604336	1.18785607371491	-0.77239365521227	1.70268376604176	-0.361461644768968	0.00429338489138509	-1.06133424279431
0.390026204486416	1.19433313012962	-0.770426614674871	1.7039977032453	-0.36080677042738	0.0118190840647237	-1.05534846469529
0.397345093607004	1.20074295639466	-0.768415332335626	1.70523623611322	-0.360113022466635	0.0193365891492103	-1.04931372501438
0.404653282905287	1.20708508030615	-0.766359940104558	1.70639932655927	-0.359380140684984	0.0268451785241375	-1.04323046264726
0.411950129687477	1.21335903799774	-0.764260576288228	1.70748694242296	-0.358607872659067	0.0343441329863081	-1.03709912130473
0.419234989634643	1.21956437411858	-0.762117385552236	1.70849905745998	-0.35779597376201	0.041832735949876	-1.03092014952322
0.426507217115957	1.22570064185107	-0.759930518974897	1.70943565135004	-0.356944207316634	0.0493102735225626	-1.02469400044453
0.433766165163607	1.2317674031066	-0.757700133988279	1.71029670968963	-0.356052344582469	0.056776034716377	-1.0184211318448
0.441011185803142	1.23776422851579	-0.755426394434461	1.71108222399459	-0.355120164929001	0.0642293115101777	-1.01210200591223
0.448241630187585	1.24369069755098	-0.753109470551572	1.71179219170397	-0.354147455882359	0.0716693989992745	-1.00573708915414
0.455456848372449	1.24954639881597	-0.750749538841494	1.71242661613497	-0.353134013004297	0.0790955956934125	-0.999326852554661
0.462656190186372	1.25533092973418	-0.748346782294351	1.7129855065418	-0.352079640332237	0.0865072033391368	-0.992871770983839
0.46983900457942	1.26104389710013	-0.74590139010744	1.71346887803995	-0.350984150008837	0.093903527410677	-0.986372323637186
0.477004640415668	1.2666849167885	-0.743413557883515	1.7138767516485	-0.349847362689837	0.101283876958347	-0.979828993504961
0.484152446170838	1.27225361410438	-0.740883487454075	1.7142091542418	-0.348669107344712	0.108647564945219	-0.973242267563512
0.491281770559626	1.27774962358329	-0.738311387021517	1.71446611858163	-0.347449221574869	0.115993908161638	-0.96661263636505
0.498391962138467	1.28317258939764	-0.735697470942931	1.71464768325407	-0.346187551351351	0.1233222276118	-0.959940594286335
0.50548236977932	1.28852216522701	-0.733041959814523	1.71475389268184	-0.344883951247987	0.130631848486829	-0.953226639216376
0.512552342957051	1.29379801426616	-0.730345080485584	1.71478479712665	-0.343538284547473	0.137922100236554	-0.94647127235592
0.51960123153294	1.2989998094961	-0.727607065900193	1.71474045263268	-0.342150423085164	0.145192316859555	-0.939674998354456
0.52662838627715	1.30412723354362	-0.724828155184098	1.71462092104942	-0.340720247482051	0.152441836861972	-0.932838324957386
0.533633158625868	1.30917997896285	-0.722008593477014	1.71442626996984	-0.339247646968743	0.159670003556101	-0.925961763159067
0.540614901301528	1.31415774802879	-0.719148632046168	1.71415657275818	-0.33773251966529	0.166876164967078	-0.91904582678104
0.547572968084553	1.31906025301304	-0.716248528115332	1.71381190849411	-0.336174772402498	0.174059674129035	-0.912091032614692
0.554506714148861	1.32388721612253	-0.713308544881247	1.71339236196041	-0.33457432084899	0.181219889110962	-0.905097900190444
0.561415496196205	1.32863836956559	-0.710328951457895	1.71289802362691	-0.332931089520427	0.188356173144999	-0.898066951673715
0.568298672656009	1.33331345557014	-0.707310022840746	1.71232898962553	-0.331245011819692	0.19546789471292	-0.890998711727209
0.575155603636857	1.33791222653029	-0.704252039791436	1.71168536170441	-0.329516029956733	0.202554427748414	-0.883893707524064
0.581985651372907	1.34243444488918	-0.701155288874156	1.71096724723428	-0.327744095104776	0.209615151611553	-0.876752468445763
0.588788180223787	1.34687988324811	-0.698020062348065	1.71017475915852	-0.325929167339978	0.216649451261708	-0.869575526059152
0.595562556704732	1.35124832448069	-0.694846658073039	1.70930801596132	-0.324071215576149	0.22365671742075	-0.862363414098621
0.602308149816988	1.35553956164269	-0.691635379502814	1.70836714164976	-0.32217021767339	0.230636346582325	-0.85511666821686
0.609024331410024	1.35975339787964	-0.688386535681762	1.70735226574035	-0.320226160545056	0.237587741021117	-0.847835825732168
0.615710475697417	1.36388964682282	-0.685100440985659	1.70626352317431	-0.318239039818202	0.244510309180268	-0.840521425944096
0.622365960115723	1.367948132179	-0.681777415268925	1.70510105434725	-0.316208860212996	0.251403465432842	-0.833174009535476
0.628990164872112	1.37192868811048	-0.678417783611607	1.70386500501563	-0.3141356352096	0.25826663045958	-0.825794118860967
0.635582473643259	1.37583115890749	-0.675021876412857	1.70255552632179	-0.312019387335105	0.26509923107032	-0.818382297467446
0.642142273199253	1.37965539931628	-0.671590029151653	1.70117277469937	-0.309860147867491	0.2719007005475	-0.810939090318152
0.64866895409546	1.38340127420816	-0.668122582483055	1.69971691189389	-0.307657957117513	0.278670478464638	-0.803465043322515
0.655161910250862	1.38706865892596	-0.664619881978079	1.69818810486901	-0.305412864098575	0.285408011040877	-0.795960703592447
0.661620539487651	1.39065743904215	-0.66108227817091	1.69658652581092	-0.303124926724241	0.292112751028584	-0.788426619070748
0.66804424363287	1.39416751036692	-0.657510126450572	1.69491235206925	-0.300794211757383	0.298784157815368	-0.78086333842764
0.674432428444671	1.39759877908674	-0.653903786921706	1.69316576611576	-0.298420794666632	0.305421697595454	-0.773271411109389
0.680784504035109	1.40095116155947	-0.650263624394909	1.69134695551646	-0.296004759754387	0.312024843307002	-0.765651387020228
0.687099884763814	1.40422458446426	-0.646590008222897	1.68945611286874	-0.293546199980399	0.318593074825069	-0.758003816577313
0.693377989518934	1.40741898468144	-0.642883312259979	1.68749343577335	-0.291045217017227	0.325125878951005	-0.750329250501558
0.699618241809224	1.41053430930715	-0.639143914743151	1.6854591267875	-0.288501921173134	0.331622749505711	-0.742628239733423
0.705820069976076	1.41357051556679	-0.63537219823076	1.6833533933814	-0.285916431406297	0.338083187346183	-0.734901335264937
0.711982907041359	1.41652757097188	-0.631568549418704	1.68117644787173	-0.283288875118637	0.34450670056968	-0.727149088223245
0.718106191449908	1.4194054529057	-0.627733359214622	1.67892850743077	-0.28061938844165	0.350892804267533	-0.719372049342359
0.724189366304306	1.42220414914052	-0.62386702238923	1.6766097939537	-0.277908115704939	0.357241021021026	-0.711570769463876
0.730231880422566	1.42492365722297	-0.619969937732362	1.67422053409884	-0.27515520988397	0.363550880493335	-0.703745798785738
0.73623318771518	1.4275639848973	-0.616042507742443	1.67176095916791	-0.272360832143548	0.369821919850966	-0.695897687270464
0.742192747851894	1.43012514972007	-0.61208513867228	1.66923130511075	-0.269525152076566	0.37605368353405	-0.688026984163814
0.748110025987514	1.43260717926486	-0.608098240314825	1.66663181243337	-0.266648347422016	0.382245723508645	-0.680134238157215
0.753984493168824	1.43501011088693	-0.60408222597097	1.66396272617596	-0.263730604167511	0.388397599154433	-0.672219997078671
0.759815626227789	1.4373339918099	-0.60003751228499	1.66122429584245	-0.260772116358665	0.39450887742376	-0.664284807954774
0.765602908026575	1.43957887899576	-0.595964519165076	1.6584167753573	-0.257773086100699	0.400579132808332	-0.656329216799645
0.771345827626391	1.44174483903553	-0.591863669690301	1.6555404230198	-0.254733723526523	0.406607947343873	-0.648353768485599
0.777043880130113	1.44383194827602	-0.587735389923988	1.65259550142385	-0.251654246568311	0.412594910789099	-0.640359006819191
0.782696567104058	1.44584029254141	-0.583580108885706	1.64958227743731	-0.248534881063411	0.418539620479219	-0.632345474225859
0.788303396565854	1.44776996714924	-0.579398258404085	1.64650102212868	-0.245375860609187	0.42444168142855	-0.624313711726332
0.793863882940032	1.44962107692981	-0.575190272964182	1.64335201071092	-0.242177426403867	0.430300706414782	-0.616264258952115
0.79937754740575	1.45139373600406	-0.570956589653671	1.64013552249323	-0.238939827302886	0.436116315892715	-0.608197653859721
0.804843917785486	1.45308806783462	-0.566697647992831	1.63685184081848	-0.235663319617718	0.441888138106222	-0.600114432795729
0.810262528789379	1.4547042050651	-0.562413889851066	1.63350125301101	-0.232348167108321	0.447615809044566	-0.592015130285617
0.815632922002735	1.45624228949204	-0.558105759308314	1.63008405031739	-0.228994640854518	0.453298972491911	-0.583900279024718
0.820954646021638	1.45770247197419	-0.553773702540977	1.62660052785003	-0.225603019170573	0.458937280038235	-0.575770409750154
0.82622725655157	1.45908491232954	-0.549418167702681	1.62305098452571	-0.222173587529406	0.464530391074996	-0.567626051137415
0.831450316483018	1.46038977925744	-0.545039604810366	1.61943572301461	-0.218706638468402	0.470077972801852	-0.559467729728091
0.836623395902181	1.46161725030136	-0.540638465594961	1.61575504966727	-0.215202471445464	0.47557970028736	-0.551295969883792
0.841746072236554	1.46276751171387	-0.536215203404106	1.61200927446901	-0.211661392785889	0.481035256422457	-0.54311129365997
0.846817930446969	1.46384075828621	-0.53177027310336	1.60819871098276	-0.208083715645402	0.486444331869035	-0.534914220637395
0.851838562801688	1.46483719346102	-0.527304130882478	1.60432367627017	-0.204469759738479	0.491806625219887	-0.526705268049821
0.856807569229928	1.46575702903823	-0.522817234203804	1.60038449085012	-0.2008198514033	0.497121842842313	-0.518484950506104
0.861724557222415	1.46660048520231	-0.518310041631859	1.59638147862877	-0.197134323393133	0.502389698967765	-0.510253780028114
0.866589141976931	1.46736779035611	-0.513783012741464	1.59231496684119	-0.193413514826046	0.507609915637391	-0.502012265916063
0.871400946384271	1.46805918108511	-0.509236607964147	1.58818528598666	-0.189657771027862	0.512782222742314	-0.493760914724806
0.876159601234994	1.46867490194658	-0.504671288509451	1.58399276978437	-0.185867443510679	0.517906357923786	-0.485500230092639
0.880864745090637	1.46921520549537	-0.500087516192405	1.57973775508534	-0.182042889755818	0.52298206667134	-0.477230712787879
0.885516024351996	1.46968035216105	-0.495485753321784	1.57542058182009	-0.178184473121568	0.52800910229478	-0.468952860640637
0.890113093605871	1.4700706099639	-0.490866462632716	1.57104159296596	-0.174292562872269	0.532987225750764	-0.460667168253492
0.894655615194889	1.47038625469487	-0.486230107071856	1.56660113443201	-0.17036753383004	0.537916205880312	-0.452374127281496
0.899143259550927	1.47062756964483	-0.481577149728463	1.5620995550322	-0.166409766397257	0.542795819239522	-0.444074226154167
0.903575705379106	1.47079484537715	-0.476908053749725	1.55753720643734	-0.162419646526968	0.547625849990518	-0.435767949921284
0.907952639165988	1.4708883799846	-0.472223282100642	1.5529144430515	-0.158397565314494	0.552406090181062	-0.427455780554364
0.912273755950432	1.47090847847348	-0.467523297606964	1.54823162203795	-0.154343919285371	0.557136339302017	-0.419138196382562
0.916538758603869	1.47085545316605	-0.462808562666311	1.54348910316364	-0.150259109854722	0.561816404690912	-0.410815672547027
0.920747358417739	1.47072962320632	-0.458079539254447	1.53868724881465	-0.146143543523547	0.5664461011817	-0.402488680572022
0.924899274828583	1.47053131464225	-0.45333668874098	1.53382642388136	-0.141997631589286	0.571025251252244	-0.394157688509755
0.928994235565361	1.47026086023891	-0.448580471793775	1.5289069957263	-0.137821790086867	0.575553684919405	-0.385823160805598
0.93303197673783	1.46991859930198	-0.443811348280199	1.52392933411821	-0.133616439713991	0.58003123966982	-0.377485558200719
0.937012242471252	1.46950487783334	-0.439029777066308	1.51889381113665	-0.129382005486511	0.584457760643614	-0.369145337953458
0.940934785533865	1.46902004798541	-0.434236216033501	1.51380080116875	-0.125118916960931	0.588833100248459	-0.360802953360106
0.944799366791538	1.46846446832971	-0.429431121844931	1.50865068079378	-0.120827607798191	0.593157118444348	-0.352458854106508
0.948605755476811	1.46783850355867	-0.42461494988566	1.50344382874709	-0.116508515784097	0.597429682551526	-0.344113486039688
0.95235372932434	1.46714252427205	-0.419788154176981	1.4981806258674	-0.112162082776424	0.60165066714174	-0.33576729103435
0.956043074094276	1.4663769071937	-0.414951187169055	1.49286145499389	-0.107788754313998	0.605819954270309	-0.327420707297688
0.959673584183501	1.46554203462829	-0.410104499751318	1.48748670096216	-0.103388979828201	0.609937433082047	-0.319074168899758
0.963245062101881	1.46463829469967	-0.405248541038905	1.48205675048935	-0.0989632122258555	0.614003000074054	-0.310728106103386
0.966757318920486	1.46366608091339	-0.400383758357103	1.47657199216442	-0.0945119080241752	0.618016558778717	-0.302382945017221
0.970210173655922	1.46262579246931	-0.395510597011289	1.47103281631805	-0.0900355268691477	0.621978020085928	-0.2940391079847
0.973603454092919	1.46151783354168	-0.390629500348905	1.4654396150551	-0.0855345318933609	0.625887301693134	-0.285697012978037
0.97693699595866	1.46034261374528	-0.385740909494059	1.45979278210626	-0.0810093891194241	0.62974432854962	-0.277357074134399
0.980210643382218	1.45910054766377	-0.380845263339619	1.45409271281888	-0.0764605676104035	0.633549032515335	-0.26901970140164
0.983424248731962	1.45779205484348	-0.375942998414952	1.44833980408071	-0.071888539255105	0.637301352406611	-0.260685300609909
0.986577672677125	1.45641755960865	-0.371034548805937	1.44253445427409	-0.0672937786897476	0.64100123388855	-0.252354273396427
0.989670783998448	1.45497749105025	-0.366120346023679	1.43667706319203	-0.0626767630881875	0.644648629525374	-0.244027017300641
0.992703459667788	1.45347228284526	-0.361200818930985	1.43076803199904	-0.0580379720763746	0.648243498662743	-0.235703925670738
0.995675584872069	1.45190237308837	-0.356276393649768	1.42480776316933	-0.0533778876546376	0.651785807350591	-0.227385387607082
0.998587052936123	1.45026820420688	-0.351347493470572	1.41879666043557	-0.0486969940320381	0.655275528303134	-0.219071787987801
1.00143776516806	1.44857022292691	-0.346414538728246	1.41273512870821	-0.0439957774487354	0.658712640926901	-0.210763507529688
1.00422763099567	1.44680888003604	-0.341477946751767	1.40662357404089	-0.0392747261293014	0.662097131160722	-0.202460922664793
1.00695656788388	1.44498463028478	-0.336538131765124	1.40046240357203	-0.0345343301492163	0.665428991437428	-0.194164405559138
1.00962450121928	1.44309793233627	-0.331595504786453	1.3942520254539	-0.0297750812596198	0.668708220684905	-0.18587432415107
1.01223136434916	1.44114924857919	-0.32665047356123	1.38799284881266	-0.0249974728130375	0.671934824209131	-0.177591042097969
1.01477709842934	1.43913904508913	-0.321703442461241	1.38168528367716	-0.0202019995817482	0.675108813702502	-0.169314918839147
1.01726165268076	1.43706779129738	-0.316754812452413	1.37532974095966	-0.0153891578040244	0.678230207002195	-0.161046309379798
1.01968498375046	1.43493596029665	-0.311804980921204	1.36892663233415	-0.0105594447309398	0.681299028391036	-0.152785564706936
1.02204705634001	1.43274402823845	-0.306854341708268	1.36247637026105	-0.00571335888566171	0.684315308122074	-0.144533031307403
1.02434784269423	1.43049247454166	-0.301903284961602	1.35597936788209	-0.00085139969618897	0.687279082629361	-0.136289051495764
1.02658732269539	1.4281817816823	-0.296952197084227	1.34943603898086	0.00402593255766082	0.690190394392859	-0.128053963307895
1.02876548377301	1.42581243509529	-0.292001460660607	1.34284679793178	0.00891813686498821	0.693049291883047	-0.119828100530073
1.03088232100745	1.42338492294769	-0.287051454414183	1.33621205966605	0.0138247115203383	0.695855829402015	-0.111611792590283
1.03293783665695	1.42089973632722	-0.282102553077174	1.32953223957313	0.0187451544665929	0.698610067279865	-0.103405364859199
1.03493204067667	1.4183573687078	-0.27715512741161	1.32280775351332	0.023678963087137	0.701312071448745	-0.0952091382394049
1.03686495017638	1.41575831618918	-0.272209544078805	1.31603901771943	0.0286256345917724	0.703961913677803	-0.0870234295226036
1.03873658945527	1.41310307731576	-0.267266165592639	1.309226448757	0.0335846660654004	0.706559671446866	-0.0788485513256165
1.04054699024864	1.41039215273608	-0.262325350306819	1.30237046350598	0.0385555544167859	0.709105427689677	-0.0706848118765535
1.04229619109444	1.40762604551506	-0.257387452277935	1.29547147906039	0.0435377967953343	0.711599271076641	-0.0625325154383072
1.04398423788624	1.40480526056755	-0.252452821300791	1.28852991273931	0.0485308903634407	0.714041295569817	-0.0543919618695154
1.04561118332955	1.40193030489658	-0.24752180279039	1.28154618199577	0.0535343326568682	0.716431600643413	-0.046263446987882
1.04717708708202	1.39900168734908	-0.242594737757673	1.2745207043908	0.0585476215949066	0.718770291098986	-0.0381472624237378
1.04868201556113	1.39601991857641	-0.237671962754482	1.26745389753435	0.063570255627754	0.721057477062664	-0.0300436957325068
1.05012604202798	1.39298551084072	-0.232753809841446	1.26034617906268	0.0686017337776512	0.72329327382803	-0.0219530302935089
1.05150924652142	1.38989897788494	-0.22784060655151	1.25319796659121	0.0736415557174852	0.725477801779728	-0.0138755453278905
1.05283171530091	1.3867608352067	-0.2229326757823	1.24600967762042	0.0786892221603663	0.727611186635863	-0.0058115162573924
1.05409354173866	1.38357159922586	-0.218030335887659	1.23878172960251	0.0837442344033823	0.729693558761457	0.00223878596156135
1.05529482502509	1.38033178810418	-0.213133900479612	1.23151453975817	0.0888060951215186	0.731725053886439	0.0102750939538487
1.05643567118147	1.37704192082178	-0.208243678539527	1.22420852516911	0.0938743078419124	0.733705812325847	0.0182971446711089
1.05751619227379	1.3737025176187	-0.203359974291578	1.21686410264735	0.0989483774478939	0.735635979382532	0.026304678875988
1.05853650665427	1.37031409966043	-0.198483087213791	1.2094816887373	0.104027810091001	0.737515705066472	0.0342974413405917
1.0594967387178	1.36687718905534	-0.193613311994745	1.20206169966125	0.10911211337078	0.739345144128101	0.0422751807037658
1.06039701901903	1.36339230862839	-0.188750938524995	1.19460455129955	0.114200796327069	0.741124455874209	0.0502376495930545
1.06123748388792	1.3598599820413	-0.183896251845228	1.187110659122	0.119293369686913	0.742853804283405	0.0581846043747891
1.06201827559194	1.356280733536	-0.179049532147507	1.17958043817784	0.124389345833142	0.744533357795452	0.0661158053091859
1.06273954229127	1.35265508779808	-0.174211054763396	1.1720143030679	0.129488238852893	0.746163289203683	0.0740310165424085
1.06340143754305	1.34898357019722	-0.169381090102699	1.16441266785872	0.134589564872944	0.747743775870141	0.0819300057898764
1.06400412073618	1.34526670630133	-0.164559903688244	1.1567759461113	0.139692841844063	0.749274999311961	0.0898125446743281
1.06454775682857	1.34150502192126	-0.159747756133422	1.14910455082812	0.144797589722301	0.750757145251302	0.0976784085678362
1.0650325158354	1.33769904336259	-0.154944903079629	1.14139889436576	0.14990333079995	0.752190403835395	0.105527376259074
1.06545857356902	1.33384929671171	-0.150151595273679	1.13365938850846	0.155009589319632	0.753574969020926	0.113359230511534
1.06582611066758	1.32995630842117	-0.145368078475538	1.12588644432551	0.16011589204129	0.754911039091199	0.121173757393733
1.06613531322439	1.32602060470249	-0.140594593518062	1.11808047223277	0.165221767937374	0.756198816124598	0.128970746767543
1.06638637225698	1.32204271176969	-0.135831376266077	1.11024188190162	0.170326748500538	0.757438506217484	0.136749991929419
1.06657948368047	1.31802315572918	-0.131078657620853	1.10237108225103	0.175430367795437	0.758630319377618	0.144511289622506
1.06671484854273	1.31396246225057	-0.126336663548499	1.0944684814416	0.180532162345703	0.759774469252156	0.152254440233202
1.06679267249249	1.3098611568432	-0.121605615043069	1.08653448681578	0.185631671462849	0.760871173347832	0.159979247439379
1.06681316574636	1.30571976473262	-0.116885728139948	1.0785695048571	0.190728437279741	0.761920652945641	0.167685518213778
1.06677654363083	1.30153881031145	-0.112177213972497	1.07057394125873	0.195822004465274	0.762923132598708	0.17537306323423
1.06668302531895	1.29731881797732	-0.107480278684374	1.06254820074694	0.200911920961833	0.763878840870258	0.183041696015573
1.06653283504049	1.29306031105855	-0.102795123546023	1.05449268721544	0.205997737310004	0.764788009389589	0.190691233794282
1.06632620088218	1.28876381261281	-0.09812194487821	1.04640780357237	0.211079007347792	0.765650873544799	0.198321496697018
1.06606335557383	1.28442984468502	-0.0934609341323445	1.03829395182073	0.216155287778907	0.76646767182123	0.205932308332157
1.06574453570688	1.28005892877836	-0.0888122778585632	1.03015153295347	0.221226138622799	0.767238646219803	0.213523495250223
1.06536998214332	1.27565158541468	-0.0841761577508315	1.02198094699371	0.226291123003541	0.767964041849006	0.22109488726918
1.06493993951318	1.27120833438832	-0.0795527506491922	1.01378259292301	0.231349807430004	0.768644107151467	0.228646317128489
1.06445465673194	1.2667296942433	-0.0749422285910573	1.00555686874029	0.236401761525895	0.76927909342811	0.236177620893063
1.06391438604003	1.26221618289721	-0.0703447587794837	0.997304171331481	0.241446558571556	0.769869255375144	0.243688637283579
1.06331938371254	1.2576683169559	-0.0657605036636366	0.989024896554253	0.246483775105055	0.770414850478213	0.251179208206942
1.06266990959197	1.25308661196541	-0.0611896209335439	0.980719439172772	0.251512991199743	0.770916139212263	0.258649178448866
1.06196622706503	1.24847158230512	-0.0566322635547067	0.972388192849533	0.256533790475466	0.771373384942931	0.266098395675263
1.06120860286031	1.24382374123236	-0.0520885797880843	0.964031550112765	0.261545760217419	0.771786853947437	0.27352671031422
1.06039730729533	1.23914360056113	-0.0475587132468258	0.955649902396244	0.266548491225871	0.772156815116637	0.280933975741915
1.05953261381435	1.23443167092044	-0.0430428028952157	0.947243639956963	0.27154157809739	0.772483540175256	0.288320047990898
1.05861479903559	1.2296884616009	-0.0385409830986894	0.938813151900919	0.276524619180374	0.772767303518385	0.295684785788286
1.05764414295305	1.22491448027545	-0.03405338366963	0.930358826192551	0.281497216459758	0.773008381960538	0.303028050728238
1.05662092816888	1.22011023350591	-0.0295801298714482	0.921881049563866	0.28645897599483	0.77320705515832	0.310349706737323
1.05554544071994	1.21527622597237	-0.0251213424952157	0.913380207617526	0.291409507438667	0.773363604913091	0.317649620690585
1.05441796904165	1.21041296119065	-0.0206771378600534	0.904856684692562	0.296348424626225	0.773478315790249	0.324927661684959
1.05323880475118	1.2055209407838	-0.0162476278875445	0.896310863973404	0.30127534511476	0.773551474447548	0.332183701616195
1.0520082420039	1.20060066488292	-0.0118329201240497	0.887743127401475	0.306189890541597	0.773583369982178	0.339417614736715
1.05072657746882	1.1956526320643	-0.00743311777529065	0.879153855678799	0.311091686644116	0.77357429383898	0.346629277662047
1.04939411065444	1.19067733896139	-0.00304831978056863	0.870543428315079	0.315980363037149	0.773524539459308	0.353818569606812
1.04801114324551	1.1856752807199	0.00132137917815967	0.861912223540179	0.320855553607058	0.773434402654261	0.360985371939515
1.04657797947098	1.18064695059095	0.00567588860383994	0.853260618364077	0.325716896268591	0.7733041812229	0.368129568453723
1.04509492593305	1.17559283997712	0.0100151221466283	0.844588988553524	0.330564033059422	0.773134174973461	0.375251045262037
1.0435622913245	1.17051343856719	0.0143389975597319	0.835897708605565	0.335396610286087	0.77292468581372	0.382349690611739
1.04198038656141	1.16540923413919	0.0186474366446199	0.827187151768466	0.340214278435169	0.772676017555401	0.389425394989706
1.04034952480202	1.16028071244244	0.0229403651968441	0.81845769005498	0.345016692136269	0.772388475784147	0.396478051150229
1.03867002098731	1.15512835749979	0.0272177129694851	0.809709694183508	0.349803510426239	0.772062368100651	0.403507553804638
1.03694219216016	1.14995265124218	0.0314794136030971	0.800943533639187	0.354574396529805	0.771698003771443	0.410513799852685
1.03516635724911	1.14475407361404	0.0357254045870725	0.792159576638862	0.359329017981913	0.771295693796109	0.41749668825164
1.03334283691534	1.13953310260083	0.0399556271958312	0.783358190137196	0.364067046681626	0.770855750903715	0.424456119906158
1.03147195355867	1.13429021415633	0.0441700264429967	0.774539739827163	0.368788158882749	0.770378489459989	0.431391997693931
1.02955403137922	1.12902588206025	0.0483685510160592	0.765704590157457	0.373492035128375	0.769864225314665	0.43830422651564
1.02758939606377	1.12374057809843	0.0525511532280809	0.756853104310506	0.37817836041204	0.769313275931938	0.4451927130803
1.02557837485096	1.11843477193914	0.0567177889579107	0.747985644218019	0.382846824122429	0.768725960248989	0.452057365962433
1.02352129665155	1.11310893094865	0.0608684175922025	0.739102570582295	0.387497119946234	0.768102598489334	0.458898095702598
1.02141849142513	1.10776352063825	0.065003001966657	0.730204242822441	0.392128946207493	0.767443512521476	0.465714814356089
1.01927029082514	1.10239900405894	0.0691215083107599	0.721291019155412	0.396742005474349	0.766749025294305	0.47250743598054
1.01707702769663	1.09701584214091	0.0732239061818629	0.712363256555493	0.40133600481429	0.7660194611121	0.479275876269725
1.01483903596264	1.09161449372756	0.077310168412531	0.703421310744134	0.405910655852326	0.76525514562642	0.486020052488656
1.0125566509479	1.08619541523383	0.0813802710439016	0.694465536255795	0.410465674541893	0.7644564055031	0.492739883707183
1.01023020903027	1.08075906086497	0.0854341932663427	0.685496286400689	0.415000781341934	0.763623568589583	0.499435290553296
1.00786004757975	1.07530588262275	0.0894719173626379	0.676513913271892	0.419515701245599	0.762756963878036	0.506106195189648
1.00544650501444	1.06983633017049	0.093493428636654	0.667518767772546	0.424010163690536	0.761856921363629	0.512752521339421
1.00298992075508	1.06435085083377	0.0974987153614659	0.658511199620904	0.428483902585319	0.760923772004513	0.519374194275224
1.00049063499992	1.05884988971419	0.101487768707609	0.649491557341786	0.432936656392324	0.759957847790982	0.525971140648229
0.997948988907205	1.05333388948679	0.105460582685485	0.640460188302161	0.43736816800688	0.758959481535287	0.532543288636111
0.995365324521214	1.0478032904043	0.109417154084024	0.631417438723858	0.441778184761876	0.757929006834218	0.539090567883482
0.992739984338659	1.04225853060526	0.113357482396687	0.622363653641544	0.446166458658692	0.756866758317737	0.54561290919436
0.990073311775544	1.03670004567016	0.117281569769312	0.613299176976667	0.450532746059662	0.755773071214022	0.552110244879223
0.987365650995484	1.03112826871592	0.121189420933254	0.604224351546057	0.454876807760574	0.754648281396902	0.558582508619676
0.984617346486152	1.02554363070283	0.125081043132552	0.595139519011911	0.459198409209438	0.753492725628607	0.565029635174963
0.981828743498683	1.01994656001365	0.128956446072442	0.586045019964121	0.463497320217332	0.752306741147984	0.571451560698377
0.979000187807527	1.01433748261161	0.13281564184689	0.576941193907277	0.467773315064757	0.751090665775361	0.57784822255974
0.976132025582832	1.00871682210124	0.136658644875554	0.56782837926217	0.472026172550322	0.749844837931113	0.584219559259969
0.973224603451811	1.00308499963582	0.140485471836704	0.558706913396545	0.476255675920412	0.748569596518339	0.590565510468599
0.970278268488362	0.99744243388393	0.144296141611183	0.54957713263748	0.480461612843708	0.747265280852671	0.596886017022291
0.967293367954772	0.991789541204852	0.148090675200774	0.540439372267831	0.484643775531979	0.74593223078831	0.603181020729038
0.964270249817101	0.98612673517029	0.151869095693064	0.531293966601398	0.488801960399243	0.744570786252396	0.609450464749195
0.96120926186849	0.980454427275929	0.155631428155389	0.522141248900709	0.492935968549435	0.743181287842981	0.615694292946112
0.958110752432087	0.974773026309425	0.159377699611968	0.512981551478331	0.49704560533631	0.741764076226836	0.621912450410655
0.954975069926048	0.969082938675675	0.163107938944834	0.503815205677827	0.50113068056773	0.74031949239603	0.628104883117542
0.951802563062598	0.963384568199249	0.166822176857317	0.49464254190168	0.505191008370764	0.738847877453319	0.63427153809098
0.948593580585438	0.957678316321139	0.170520445791161	0.485463889610904	0.509226407312546	0.737349572748597	0.640412363199727
0.945348471418681	0.951964581925799	0.174202779868127	0.47627957736357	0.513236700264708	0.735824919693456	0.646527307256617
0.942067584528986	0.946243761445961	0.177869214827431	0.467089932818798	0.517221714467775	0.734274259809042	0.652616319920141
0.938751269004195	0.940516248756129	0.181519787964157	0.457895282764909	0.521181281441574	0.732697934599846	0.658679351748404
0.935399873882983	0.934782435290216	0.185154538054344	0.448695953130407	0.52511523704607	0.731096285620708	0.664716354056571
0.932013748269636	0.929042709922889	0.18877350530766	0.439492269007302	0.529023421391772	0.729469654331849	0.670727279011296
0.928593241251843	0.923297459014344	0.192376731297267	0.430284554671478	0.532905678846174	0.727818382099565	0.67671207955744
0.925138701808687	0.917547066458385	0.195964258889902	0.421073133593908	0.536761858052071	0.726142810209329	0.682670709336974
0.921650478816136	0.911791913667581	0.199536132190398	0.411858328462245	0.54059181189553	0.724443279803505	0.688603122696696
0.918128921307014	0.906032379306893	0.203092396494103	0.402640461233894	0.544395397301223	0.722720131620225	0.694509274863475
0.914574377871541	0.900268839819668	0.206633098192077	0.393419853089383	0.548172475579367	0.720973706409028	0.700389121503553
0.910987197052307	0.894501669042355	0.210158284731116	0.384196824496585	0.551922912133018	0.719204344567376	0.706242618998709
0.907367727450356	0.888731238099794	0.213668004565348	0.374971695259851	0.555646576360369	0.71741238599432	0.712069724513431
0.903716317171184	0.882957915879709	0.217162307060148	0.365744784460276	0.559343341966168	0.715598170485526	0.717870395587239
0.900033314380488	0.877182068518986	0.220641242468567	0.356516410555507	0.563013086577968	0.713762037235582	0.723644590528594
0.896319066843433	0.871404059800455	0.2241048618426	0.347286891347554	0.566655691991769	0.71190432515314	0.729392268062845
0.892573922310048	0.865624250788288	0.22755321700077	0.338056544048504	0.570271043897341	0.710025372502684	0.735113387607955
0.888798227978292	0.859843000309043	0.230986360435559	0.328825685240008	0.573859032188373	0.708125517288993	0.740807908879093
0.884992331173236	0.854060664311408	0.234404345302336	0.31959463098169	0.577419550481462	0.706205096660126	0.746475792357815
0.881156578564003	0.848277596575124	0.237807225306003	0.310363696737537	0.580952496586185	0.704264447488695	0.752116998722019
0.877291316919417	0.842494148005045	0.241195054700133	0.301133197493975	0.584457771982294	0.702303905719071	0.757731489375135
0.873396892306123	0.836710667356272	0.244567888175479	0.291903447674213	0.587935282301111	0.700323806971034	0.763319225866865
0.869473650821011	0.830927500554579	0.247925780851893	0.282674761272972	0.59138493680877	0.698324485895713	0.768880170388231
0.865521938087518	0.825144991151737	0.251268788195036	0.273447451795139	0.594806648706148	0.696306276547876	0.774414285418301
0.861542099343422	0.819363480230865	0.254596965960863	0.264221832301847	0.598200335024779	0.694269512268558	0.77992153376033
0.857534479708412	0.81358330616272	0.257910370166897	0.254998215474256	0.6015659164193	0.692214525419191	0.785401878719671
0.853499423751215	0.807804804990722	0.26120905700544	0.245776913562534	0.604903317415417	0.690141647706824	0.790855283791247
0.849437275693005	0.80202831024162	0.264493082804101	0.236558238450257	0.608212466235575	0.68805120996708	0.796281712783287
0.845348379579489	0.796254152763902	0.267762503992464	0.227342501699923	0.611493294651044	0.685943541983897	0.801681129922738
0.841233079000608	0.790482660977504	0.271017377023314	0.218130014533746	0.614745738126338	0.68381897268642	0.807053499646881
0.837091716903687	0.784714161053079	0.274257758307667	0.208921087829994	0.617969735911328	0.681677830263766	0.812398786458279
0.832924636410721	0.77894897614169	0.277483704236886	0.199716032264985	0.621165230456022	0.679520441449977	0.817716955480163
0.828732179748076	0.773187427374283	0.280695271035608	0.190515158183691	0.624332168086467	0.677347132375217	0.823007971691825
0.8245146891354	0.767429833034697	0.283892514798711	0.181318775747674	0.627470498380994	0.675158227796069	0.828271800538127
0.820272506145754	0.761676509146256	0.287075491376659	0.172127194864424	0.630580174547979	0.672954051586086	0.833508407463657
0.816005972092047	0.755927769124302	0.290244256368893	0.162940725272231	0.633661153142562	0.670734926389541	0.838717758165297
0.811715427847789	0.750183923937463	0.293398865060246	0.153759676531195	0.636713394142313	0.668501173728964	0.843899818457006
0.807401213988548	0.744445281973136	0.296539372386467	0.144584358064359	0.63973686081456	0.666253113858636	0.849054554347362
0.803063670534662	0.738712149291061	0.299665832865448	0.13541507915249	0.642731519859524	0.663991065946792	0.854181931844389
0.798703137274308	0.732984829320042	0.302778300577788	0.126252148989092	0.645697341145335	0.661715347785197	0.859281917166943
0.7943199535482	0.727263623048799	0.305876829114066	0.117095876682238	0.648634297820583	0.659426275914143	0.864354476574347
0.78991445826964	0.721548829034482	0.308961471522567	0.107946571276996	0.651542366266439	0.657124165600445	0.86939957636617
0.78548699003831	0.715840743283264	0.312032280280261	0.0988045417879002	0.654421525979471	0.654809330704553	0.874417182945952
0.78103788693102	0.710139659455447	0.315089307232619	0.0896700971914632	0.657271759673894	0.652482083827913	0.879407262656284
0.776567486852925	0.704445868545102	0.318132603585097	0.0805435465082716	0.660093053009764	0.650142735987555	0.88436978200418
0.77207612712777	0.698759659261576	0.321162219820953	0.0714251987485315	0.662885394830226	0.64779159694088	0.889304707362482
0.767564144758405	0.693081317802366	0.324178205687226	0.0623153629854545	0.665648776950883	0.645428974934179	0.894212005130568
0.763031876444158	0.687411127830578	0.327180610163708	0.0532143483634728	0.6683831941105	0.643055176667434	0.899091641736183
0.758479658550422	0.681749370518479	0.330169481416509	0.0441224641278271	0.671088643949075	0.640670507286167	0.903943583588696
0.753907826685472	0.67609632495471	0.333144866703883	0.0350400195758827	0.673765127264248	0.638275270731764	0.90876779676563
0.749316716763957	0.670452267135718	0.336106812485137	0.0259673242289926	0.676412647248936	0.635869768797009	0.913564247749798
0.744706663602837	0.664817471316699	0.33905536418985	0.0169046876564716	0.679031210404302	0.633454302310016	0.918332902413554
0.740078002319632	0.659192208684836	0.341990566378625	0.00785241968809247	0.681620825562612	0.63102916991474	0.92307372699646
0.735431067172519	0.653576748469595	0.344912462542063	-0.00118916972824401	0.684181504623987	0.62859466904247	0.927786687260013
0.730766192438215	0.647971357118096	0.347821095193379	-0.0102197703819029	0.686713261930677	0.626151095132504	0.932471749094443
0.726083711872848	0.642376298818997	0.350716505761101	-0.0192390718649627	0.6892161145996	0.623698742084844	0.937128878125359
0.721383958865538	0.636791835360553	0.353598734571137	-0.0282467635219219	0.691690082371132	0.621237902098101	0.941758039793017
0.716667266543118	0.631218226044582	0.35646782083526	-0.0372425344257743	0.694135187505468	0.618768865565264	0.946359199417712
0.711933967788764	0.625655727670985	0.35932380262263	-0.0462260733520847	0.696551454731215	0.616291921034323	0.950932322191789
0.707184395033911	0.620104594752972	0.362166716798507	-0.0551970687987513	0.698938911352559	0.613807355373752	0.955477373018487
0.702418880448731	0.614565079345222	0.364996599020395	-0.0641552089300501	0.701297587076516	0.611315453586156	0.959994316622248
0.697637755917288	0.60903743106849	0.367813483711066	-0.0731001815789112	0.703627513998772	0.608816498814488	0.964483117524617
0.692841353083729	0.603521897082609	0.370617404029772	-0.0820316742068394	0.705928726522032	0.606310772279281	0.968943740042139
0.688030003025104	0.598018722414842	0.373408391804358	-0.0909493739543743	0.708201261567065	0.603798553557341	0.973376148063254
0.683204036995958	0.592528149236167	0.376186477609397	-0.0998529674995363	0.710445157988099	0.601280119900807	0.977780305528586
0.678363785542726	0.587050417748074	0.378951690611695	-0.108742141182949	0.712660457179853	0.598755747011709	0.982156175809212
0.673509579167699	0.581585765533608	0.381704058648041	-0.117616580897706	0.714847202562402	0.596225708430778	0.986503722157916
0.66864174817741	0.576134427721746	0.384443608168056	-0.126475972081042	0.717005439643537	0.59369027566325	0.990822907562583
0.663760622235162	0.570696637432443	0.38717036415209	-0.135319999790162	0.719135216312894	0.591149718556408	0.995113694448324
0.658866531239335	0.565272624932851	0.389884350223246	-0.14414834853993	0.721236582175461	0.588604304512061	0.999376045254408
0.653959804622146	0.559862618324605	0.392585588510824	-0.152960702398064	0.72330958900077	0.58605429908494	1.00360992192827
0.649040771445061	0.55446684347342	0.39527409964879	-0.161756744963659	0.725354290635194	0.583499965895212	1.00781528598742
0.644109760792287	0.549085523619697	0.397949902817607	-0.170536159292578	0.727370742672706	0.580941566258417	1.01199209877029
0.639167101380705	0.543718879785975	0.400613015660856	-0.17929862793914	0.729359002697411	0.578379359524359	1.01614032114605
0.634213121716081	0.538367130620086	0.403263454291786	-0.188043832929252	0.731319130134217	0.575813602918557	1.02025991361537
0.629248150119799	0.533030492392186	0.405901233282324	-0.196771455738154	0.733251186195244	0.573244551514904	1.02435083630864
0.62427251471742	0.527709179004583	0.408526365642148	-0.205481177287914	0.735155233843127	0.570672458227173	1.02841304896645
0.619286543416672	0.522403402031277	0.411138862796839	-0.214172677933	0.737031337774002	0.568097573819648	1.0324465109029
0.614290563951904	0.517113370680666	0.413738734583058	-0.222845637447067	0.738879564347428	0.565520146856485	1.03645118102763
0.609284903800526	0.511839291890206	0.416325989216454	-0.231499735026564	0.740699981603143	0.562940423763023	1.04042701777202
0.604269890390391	0.506581370126567	0.418900633318398	-0.240134649253099	0.742492659082522	0.560358648632714	1.0443739792218
0.599245850795503	0.501339807705198	0.421462671841566	-0.248750058120306	0.744257668000542	0.55777506348556	1.04829202288259
0.594213112137566	0.49611480439149	0.424012108137417	-0.257345638978113	0.745995080925321	0.555189907901016	1.05218110595828
0.589172001126702	0.490906557871925	0.426548943852079	-0.265921068584807	0.747704972064611	0.552603419416819	1.05604118500685
0.584122844579552	0.485715263248216	0.429073179020162	-0.27447602302344	0.749387416856873	0.550015833056028	1.05987221629389
0.57906596886448	0.480541113598274	0.431584811941554	-0.283010177779985	0.751042492335513	0.547427381815194	1.06367415539138
0.574001700503732	0.475384299381695	0.434083839293942	-0.291523207648414	0.752670276651768	0.544838296114014	1.06744695758892
0.568930365561402	0.470245009066159	0.436570256003105	-0.300014786811298	0.754270849483235	0.542248804335468	1.07119057745203
0.563852290245628	0.465123428522561	0.439044055345339	-0.308484588744162	0.755844291546209	0.5396591322748	1.07490496922041
0.558767800399903	0.460019741557021	0.441505228855499	-0.316932286294203	0.757390684948456	0.537069503590434	1.07859008646571
0.553677221916185	0.454934129490544	0.443953766386646	-0.325357551604455	0.758910112829803	0.53448013942041	1.0822458823444
0.548580880376701	0.449866771539119	0.44638965604199	-0.333760056168531	0.76040265959601	0.531891258700082	1.08587230935203
0.543479101298476	0.444817844565118	0.448812884213917	-0.342139470787484	0.761868410695116	0.529303077928506	1.08946931947457
0.538372210174509	0.439787523048199	0.451223435591036	-0.350495465563427	0.763307452551404	0.52671581112769	1.09303686421347
0.533260532217084	0.434775979351949	0.45362129310228	-0.358827709931286	0.764719872717257	0.524129670061588	1.09657489439452
0.528144392633457	0.429783383447763	0.456006437969059	-0.367135872622049	0.766105759626878	0.521544863983467	1.10008336035311
0.523024116364177	0.424809903190515	0.458378849644586	-0.375419621688244	0.767465202747897	0.518961599861534	1.10356221173286
0.517900028371705	0.419855704031712	0.460738505884878	-0.383678624476025	0.768798292343748	0.516380082111925	1.10701139769998
0.512772453486424	0.414920949176481	0.463085382700651	-0.391912547628881	0.770105119526521	0.513800512725912	1.11043086680007
0.507641716255653	0.410005799752637	0.465419454337396	-0.4001210571275	0.771385776350164	0.511223091408025	1.11382056687093
0.50250814131607	0.405110414425112	0.467740693347346	-0.408303818219491	0.772640355480331	0.508648015218993	1.11718044527787
0.497372053018071	0.400234949793094	0.470049070512291	-0.416460495486048	0.773868950442208	0.506075478920565	1.12051044865047
0.492233775760983	0.395379560046265	0.472344554925619	-0.424590752794052	0.775071655332138	0.503505674654223	1.12381052311994
0.487093633575743	0.390544397402187	0.474627113886406	-0.432694253345522	0.776248565080712	0.500938792321021	1.1270806139988
0.481951950609016	0.385729611609134	0.476896713029501	-0.440770659626721	0.777399775064469	0.498375019127223	1.13032066613949
0.476809050711259	0.380935350371504	0.479153316223252	-0.448819633461772	0.778525381363443	0.495814539957701	1.13353062362465
0.471665257720871	0.376161759067761	0.481396885646967	-0.456840835974692	0.779625480516632	0.49325753710476	1.13671042996882
0.466520895301432	0.371408980911753	0.483627381752894	-0.46483392761737	0.780700169598691	0.490704190411778	1.13986002799699
0.461376286940963	0.366677156966211	0.485844763278231	-0.47279856817628	0.781749546184041	0.488154677268093	1.1429793598427
0.456231755957357	0.361966426130903	0.488048987246387	-0.480734416773876	0.782773708306039	0.485609172596602	1.14606836694986
0.451087625751861	0.357276924884388	0.490240009043408	-0.488641131842549	0.783772754219314	0.483067848608451	1.14912699024927
0.445944219184881	0.352608787936113	0.492417782264692	-0.496518371208954	0.784746782835272	0.480530875380733	1.15215516970879
0.440801859454049	0.347962147310812	0.49458225894905	-0.504365791987593	0.785695893019661	0.477998420025397	1.15515284496298
0.435660869056904	0.343337133430897	0.496733389323933	-0.512183050727089	0.786620184335174	0.475470647657225	1.15811995457216
0.430521570751869	0.338733874114169	0.498871122061317	-0.519969803290055	0.787519756277055	0.47294772048298	1.16105643670872
0.425384286986115	0.334152495171141	0.500995404137644	-0.527725704926596	0.788394708660017	0.470429798329938	1.16396222873832
0.420249339980173	0.329593120318302	0.503106180873902	-0.535450410288574	0.789245141524259	0.46791703856354	1.16683726729799
0.41511705173498	0.325055871162949	0.505203395945342	-0.543143573428162	0.790071155081923	0.465409596067626	1.16968148829144
0.409987744290607	0.320540866939505	0.507286991458911	-0.550804847768371	0.790872849482233	0.462907622998207	1.17249482707443
0.404861739171503	0.316048225083644	0.509356907831354	-0.558433886203746	0.791650325199317	0.460411269295774	1.17527721807403
0.399739357915752	0.311578060676043	0.511413083927686	-0.566030341017931	0.792403682578963	0.457920682180243	1.17802859514893
0.394620921727552	0.307130486805135	0.51345545699874	-0.573593863965438	0.793133022074261	0.455436006471188	1.18074889136821
0.389506751658117	0.302705614372076	0.515483962733404	-0.581124106239284	0.793838444057116	0.45295738440633	1.18343803912363
0.384397168397822	0.298303552311455	0.517498535223759	-0.588620718523447	0.79452004894856	0.450484955837459	1.18609597000247
0.379292492637854	0.293924407195999	0.519499107078686	-0.596083350949184	0.795177936887825	0.448018857869541	1.18872261503516
0.374193044478038	0.289568283870704	0.521485609278394	-0.603511653194277	0.795812208159941	0.445559225424788	1.19131790429328
0.369099143946706	0.285235284884938	0.523457971337626	-0.610905274429696	0.796422962750593	0.443106190735169	1.19388176726476
0.364011110777579	0.280925510733058	0.525416121255839	-0.618263863349733	0.797010300471496	0.440659883546191	1.19641413268495
0.358929264406387	0.276639059847839	0.527359985542569	-0.625587068203926	0.797574320935274	0.438220431116278	1.19891492856583
0.35385392374478	0.272376028835666	0.529289489168944	-0.632874536836969	0.798115123680887	0.435787958417935	1.20138408202908
0.348785407878898	0.26813651172664	0.531204555781262	-0.640125916598289	0.798632807590127	0.433362587466103	1.20382151980436
0.343724034937765	0.263920601172919	0.533105107412724	-0.6473408545416	0.799127471741157	0.430944438393338	1.20622716746233
0.338670123093882	0.259728387373557	0.534991064775142	-0.654518997274867	0.799599214571428	0.428533628477369	1.20860095010511
0.333623990096257	0.255559958567362	0.536862347153666	-0.661659991056662	0.800048134210696	0.426130272585548	1.21094279205675
0.328585953293197	0.25141540099571	0.538718872436256	-0.668763481809664	0.800474328422424	0.423734483139558	1.21325261689409
0.323556329437456	0.247294799107524	0.540560557080877	-0.675829115172943	0.800877894718999	0.421346370297691	1.21553034732419
0.31853543521328	0.243198234982613	0.542387316282256	-0.682856536426857	0.801258929898546	0.418966041435626	1.21777590554656
0.313523586667159	0.239125788928506	0.544199063844092	-0.689845390619892	0.801617530460819	0.416593601685014	1.21998921289362
0.308521099249674	0.235077539437021	0.545995712200736	-0.696795322556953	0.801953792532201	0.414229153886954	1.22217018984977
0.303528288314231	0.231053562623765	0.547777172601349	-0.703705976773494	0.802267811431112	0.411872798097679	1.22431875643481
0.298545468448659	0.227053932944935	0.549543354927934	-0.710576997631829	0.802559682154341	0.409524632225905	1.22643483173268
0.293572953730909	0.223078722907053	0.551294167801919	-0.717408029318412	0.802829499138319	0.40718475177532	1.22851833409637
0.288611057861307	0.219128002916081	0.553029518646803	-0.724198715840174	0.803077356111931	0.404853249707904	1.23056918125153
0.283660094031413	0.215201841400553	0.554749313678216	-0.730948701069212	0.803303346157414	0.402530216556118	1.23258729021969
0.278720374490195	0.211300305273681	0.556453457798783	-0.737657628831545	0.80350756202513	0.400215740841016	1.23457257704002
0.273792211378718	0.207423459011682	0.558141854876765	-0.744325142803814	0.803690095416781	0.397909908244176	1.23652495735832
0.268875915989869	0.203571365447994	0.559814407549458	-0.750950886642537	0.80385103754127	0.395612802319451	1.23844434592973
0.263971798918072	0.199744085589243	0.561471017303444	-0.757534504005036	0.803990478961292	0.393324504337697	1.24033065675816
0.259080170264724	0.195941678385808	0.563111584552911	-0.764075638514661	0.804108509376011	0.391045093072438	1.24218380322833
0.254201339441141	0.192164200924925	0.564736008621891	-0.770573933842583	0.804205217749682	0.388774644984359	1.24400369801597
0.249335615018394	0.188411708580883	0.566344187720086	-0.77702903374155	0.80428069238983	0.386513234354006	1.2457902529891
0.244483304997569	0.184684254703841	0.567936019056886	-0.783440582033029	0.804335020685304	0.384260933005767	1.24754337941579
0.239644716554934	0.180981890886237	0.569511398795297	-0.789808222677879	0.804368289281709	0.382017810551076	1.24926298781797
0.23482015612902	0.177304666843154	0.571070222107034	-0.796131599781563	0.804380583960151	0.379783934281883	1.25094898803974
0.230009929346974	0.173652630480558	0.572612383183652	-0.80241035764364	0.804371989665903	0.377559369238827	1.25260128923221
0.225214341053246	0.170025827847502	0.574137775274458	-0.808644140773473	0.804342590443957	0.375344178168979	1.25421979988866
0.220433695212827	0.166424303220492	0.57564629068832	-0.814832593933751	0.80429246947214	0.373138421604975	1.25580442779766
0.215668294867126	0.162848099137392	0.577137820809648	-0.82097536217654	0.804221709064967	0.370942157901219	1.25735508003949
0.210918442340221	0.159297256147965	0.57861225620498	-0.827072090849534	0.804130390465563	0.368755443014825	1.25887166316191
0.206184438759052	0.155771813329262	0.58006948648967	-0.833122425679955	0.804018594192629	0.366578330966538	1.2603540828518
0.201466584601562	0.152271807653551	0.581509400551711	-0.839126012747965	0.803886399562054	0.364410873288271	1.26180224436867
0.196765179096576	0.148797274636802	0.582931886376481	-0.845082498578231	0.803733885127722	0.362253119599344	1.26321605212237
0.192080520771548	0.145348247713301	0.584336831269211	-0.850991530108897	0.803561128203123	0.360105117055358	1.26459541010143
0.187412906725266	0.141924759016344	0.585724121649533	-0.856852754828497	0.80336820541882	0.35796691105356	1.26594022139354
0.182762633263483	0.138526838653357	0.587093643293346	-0.862665820710429	0.803155192158678	0.355838544587879	1.26725038864794
0.178129995646217	0.135154514971108	0.588445281277328	-0.868430376269408	0.802922162723568	0.353720058487855	1.26852581391537
0.173515287907672	0.131807814723786	0.589778919972306	-0.874146070651588	0.802669190454408	0.351611491581597	1.2697663985857
0.168918802788829	0.128486763134011	0.591094443038037	-0.879812553648912	0.802396347742568	0.349512880751204	1.27097204333679
0.164340832135311	0.125191383425226	0.592391733599484	-0.885429475683208	0.80210370566039	0.347424260520812	1.27214264845252
0.159781666419074	0.121921697330756	0.593670674122734	-0.89099648791327	0.801791334322205	0.345345663519292	1.27327811352165
0.155241594846391	0.118677724953277	0.594931146485414	-0.896513242248625	0.801459302759017	0.343277120357872	1.27437833753991
0.150720905477266	0.11545948460176	0.596173032056335	-0.90197939137196	0.801107678779306	0.341218659497163	1.27544321902848
0.146219884909097	0.112266993131976	0.597396211618292	-0.907394588808286	0.800736529193935	0.339170307548028	1.27647265583392
0.141738818607982	0.109100265541251	0.598600565524229	-0.912758488920112	0.800345919501483	0.337132088923456	1.27746654539701
0.137277990519789	0.105959315386359	0.599785973599345	-0.918070747003397	0.799935914182759	0.335104026217906	1.27842478452075
0.132837683198564	0.102844154611807	0.600952315220657	-0.923331019291873	0.799506576548425	0.333086140057219	1.27934726947712
0.128418177791946	0.0997547935448189	0.602099469350553	-0.928538963007042	0.799057968721095	0.331078449103531	1.28023389604356
0.124019754111363	0.0966912407898163	0.603227314592086	-0.933694236362803	0.798590151526113	0.329080969965499	1.28108455955944
0.119642690326268	0.0936535035416294	0.6043357291418	-0.938796498689026	0.798103184738663	0.327093717492663	1.28189915479782
0.115287263017381	0.0906415875127665	0.605424590812406	-0.943845410405292	0.797597126972444	0.325116704705683	1.28267757597084
0.110953747402272	0.0876554966402331	0.606493777179556	-0.94884063306605	0.797072035473301	0.323149942551809	1.28341971697055
0.106642417095296	0.0846952333375742	0.607543165520585	-0.953781829414746	0.796527966278104	0.32119344013444	1.28412547121212
0.102353543834258	0.081760798777291	0.608572632757168	-0.958668663462753	0.795964974413782	0.319247204969966	1.28479473148529
0.0980873979871955	0.0788521922861218	0.609582055679597	-0.963500800458233	0.795383113430082	0.317311242461218	1.2854273903436
0.0938442480857143	0.0759694118555258	0.610571310810923	-0.968277906981618	0.794782435759839	0.315385556353576	1.28602333980679
0.0896243610001915	0.0731124539085255	0.611540274513822	-0.972999650966255	0.794162992538316	0.313470148541675	1.28658247152652
0.0854280016744438	0.0702813135753256	0.612488822931537	-0.977665701776431	0.793524833793802	0.311565019321468	1.28710467663845
0.0812554336174047	0.0674759841131321	0.613416832203548	-0.982275730157661	0.792868007986502	0.309670166873957	1.28758984612407
0.0771069180620469	0.0646964578270501	0.614324178198788	-0.986829408419682	0.792192562704214	0.307785588106589	1.28803787028464
0.0729827147321893	0.0619427251756805	0.615210736841024	-0.991326410352766	0.791498543967512	0.305911277854586	1.288448639303
0.0688830813237104	0.0592147753349908	0.616076383938763	-0.995766411323096	0.790785996630294	0.304047229391619	1.28882204289421
0.064808273540197	0.0565125961210482	0.616920995269485	-1.0001490883583	0.790054964341452	0.302193434381502	1.28915797043033
0.0607585452418041	0.0538361738078846	0.617744446631249	-1.00447412008969	0.789305489348524	0.300349882703645	1.28945631099311
0.0567341482360303	0.0511854933250826	0.618546613842433	-1.00874118688904	0.788537612677387	0.29851656265683	1.28971695334554
0.0527353323060593	0.0485605382013251	0.619327372769124	-1.01294997086579	0.787751374053861	0.296693460907264	1.28993978594319
0.0487623450663027	0.0459612907038054	0.620086599320932	-1.01710015594605	0.786946812011705	0.294880562624847	1.29012469689743
0.044815432309761	0.0433877314129222	0.620824169606571	-1.02119142783397	0.786123963541052	0.293077851108409	1.29027157421999
0.040894837285952	0.0408398400195582	0.621539959712633	-1.02522347418463	0.785282864700004	0.291285308509852	1.29038030539372
0.0370008014372279	0.0383175944477787	0.622233846022474	-1.02919598452975	0.784423549938254	0.289502915061926	1.29045077791576
0.0331335638529863	0.0358209714667358	0.62290570503179	-1.03310865037298	0.783546052533252	0.287730649623202	1.29048287892927
0.0292933613360961	0.03334994656903	0.623555413435603	-1.03696116526036	0.782650404516583	0.285968489591476	1.29047649535519
0.0254804284859807	0.0309044938615888	0.624182848173671	-1.04075322476183	0.781736636553593	0.284216410803485	1.29043151393657
0.0216949975980971	0.0284845861447097	0.624787886449568	-1.04448452655914	0.780804778014829	0.282474387621537	1.29034782124601
0.017937298561619	0.0260901950058252	0.625370405716863	-1.04815477047865	0.779854857026696	0.280742393022095	1.29022530362904
0.0142075589677597	0.0237212906623839	0.625930283771323	-1.05176365853382	0.778886900356268	0.279020398468735	1.29006384734034
0.0105060039213636	0.0213778421581292	0.62646739869969	-1.05531089496411	0.777900933535552	0.277308374089111	1.28986333842085
0.0068328561435467	0.0190598172072291	0.626981628976342	-1.05879618629276	0.776896980755337	0.275606288553755	1.28962366284371
0.00318833590912115	0.0167671822509374	0.627472853454075	-1.06221924133293	0.775875064878279	0.273914109125042	1.28934470646597
-0.000427339163517476	0.0144999026569746	0.627940951348063	-1.06557977130964	0.774835207613386	0.272231801857162	1.28902635497752
-0.00401395389308321	0.0122579424550358	0.628385802327394	-1.06887748980941	0.773777429275896	0.270559331354329	1.28866849402914
-0.00757129566482037	0.0100412644477473	0.628807286524105	-1.07211211287764	0.772701748888688	0.268896660890153	1.2882710092269
-0.0110991544884469	0.00784983025450478	0.629205284538206	-1.07528335904658	0.771608184198594	0.267243752449402	1.28783378610803
-0.0145973230849493	0.00568360038265096	0.629579677443176	-1.07839094939813	0.770496751734295	0.265600566805305	1.28735671013361
-0.0180655967878807	0.00354253409229691	0.629930346853297	-1.08143460756599	0.769367466682283	0.263967063399411	1.2868396667706
-0.0215037736312033	0.00142658946106732	0.630257174938129	-1.08441405981372	0.768220342951056	0.262343200420727	1.28628254150123
-0.0249116544476201	-0.000664276518015997	0.630560044411491	-1.08732903506994	0.767055393229368	0.260728934890035	1.28568521977246
-0.0282890427817928	-0.00273010806865585	0.630838838592232	-1.09017926493968	0.765872628872719	0.259124222556327	1.28504758707951
-0.0316357450499336	-0.00477095047415887	0.631093441400027	-1.09296448380383	0.764672060045921	0.257529018047955	1.28436952893815
-0.034951570438993	-0.00678685021427219	0.631323737405251	-1.09568442879829	0.763453695585545	0.255943274753867	1.28365093094254
-0.0382363310643188	-0.00877785481221902	0.631529611814563	-1.09833883989938	0.762217543130606	0.254366944973286	1.28289167872186
-0.0414898418713665	-0.0107440129725224	0.631710950541264	-1.10092745993476	0.760963609007834	0.252799979798022	1.28209165803514
-0.0447119208070064	-0.0126853744082649	0.631867640170383	-1.10345003465198	0.759691898364931	0.251242329280352	1.28125075469551
-0.047902388749195	-0.0146019899441609	0.631999568021457	-1.10590631273855	0.758402415085402	0.249693942343809	1.28036885465196
-0.0510610695543222	-0.0164939114896939	0.632106622157111	-1.10829604585769	0.757095161804555	0.248154766819459	1.27944584398298
-0.0541877901285778	-0.0183611919749617	0.632188691392088	-1.11061898870249	0.755770139960033	0.24662474950966	1.27848160889565
-0.0572823803502535	-0.0202038854747282	0.632245665365072	-1.11287489902831	0.75442734970152	0.24510383609078	1.27747603582345
-0.060344673315206	-0.0220220469308099	0.632277434448075	-1.11506353769369	0.75306679008387	0.243591971361423	1.27642901125949
-0.063374505068714	-0.0238157325015368	0.632283889911142	-1.11718466868219	0.751688458814209	0.242089098946002	1.27534042200805
-0.0663717148791654	-0.0255849992547852	0.632264923830395	-1.119238059165	0.750292352480114	0.240595161572217	1.27421015501875
-0.0693361452349071	-0.0273299052028306	0.632220429118355	-1.12122347953411	0.748878466522607	0.239110101055207	1.27303809741974
-0.0722676416798212	-0.0290505095048681	0.632150299626225	-1.12314070340552	0.747446795075019	0.237633858114379	1.27182413666449
-0.0751660529757885	-0.0307468723092577	0.632054430106527	-1.12498950768219	0.745997331089904	0.236166372531894	1.27056816045834
-0.0780312312871796	-0.0324190545534335	0.631932716168349	-1.12676967262115	0.74453006649651	0.234707583337254	1.26927005667224
-0.0808630319399858	-0.0340671182638072	0.631785054395595	-1.12848098180324	0.74304499195621	0.233257428544666	1.26792971351553
-0.0836613134323622	-0.0356911265685239	0.631611342387581	-1.13012322219011	0.741542096863404	0.231815845150588	1.26654701958714
-0.0864259378587189	-0.0372911432142548	0.631411478594093	-1.1316961842063	0.740021369716889	0.230382769576716	1.26512186360186
-0.0891567704475391	-0.0388672331334862	0.631185362548414	-1.13319966170267	0.738482797681392	0.22895813716807	1.26365413474436
-0.0918536797886102	-0.0404194621881244	0.630932894789868	-1.13463345201154	0.736926366781229	0.227541882427962	1.26214372253416
-0.0945165380047061	-0.0419478969938651	0.630653976827544	-1.13599735602113	0.735352062050512	0.226133939189473	1.26059051676036
-0.0971452204631996	-0.0434526052687859	0.630348511277135	-1.13729117813272	0.733759867246608	0.224734240302657	1.25899440767793
-0.0997396061251238	-0.0449336554454796	0.630016401748229	-1.1385147263662	0.73214976516911	0.223342717997267	1.2573552858286
-0.102299577296225	-0.0463911169764283	0.629657552968815	-1.13966781233249	0.73052173741138	0.22195930361147	1.25567304221683
-0.104825019791078	-0.0478250601565859	0.629271870741577	-1.14075025129087	0.728875764506032	0.22058392775947	1.25394756823716
-0.107315822960655	-0.0492355561077362	0.628859261958589	-1.14176186218345	0.727211825940821	0.219216520355163	1.25217875568556
-0.109771879573648	-0.0506226769301059	0.628419634669058	-1.14270246762935	0.725529900034716	0.217857010479636	1.25036649685287
-0.11219308598167	-0.0519864955223163	0.627952898036771	-1.14357189398578	0.723829964086126	0.216505326551861	1.24851068445264
-0.114579342222858	-0.0533270854736825	0.627458962318347	-1.14436997139328	0.722111994464369	0.215161396434242	1.24661121158093
-0.116930551731644	-0.0546445214107648	0.626937738997094	-1.14509653372546	0.720375966322934	0.213825147121531	1.24466797190875
-0.119246621528624	-0.055938878802923	0.626389140747571	-1.14575141868728	0.718621853781937	0.212496504934611	1.24268085962728
-0.12152746236788	-0.0572102337721859	0.625813081355647	-1.14633446780196	0.716849630043898	0.211175395680708	1.24064976930885
-0.123772988578182	-0.0584586633202606	0.625209475846891	-1.14684552647226	0.715059267259149	0.209861744475286	1.23857459610879
-0.125983118091137	-0.0596842452801893	0.624578240459417	-1.14728444394746	0.713250736531251	0.208555475775224	1.23645523570606
-0.128157772511305	-0.0608870582572436	0.6239192926491	-1.14765107338655	0.711424007985587	0.207256513449272	1.23429158431229
-0.130296877154004	-0.062067181586507	0.623232551090522	-1.147945271882	0.709579050804557	0.205964780817788	1.23208353866677
-0.132400360896727	-0.0632246955139075	0.622517935749384	-1.14816690043654	0.707715833078132	0.204680200495473	1.22983099613769
-0.134468156431502	-0.0643596809099516	0.621775367797756	-1.14831582404215	0.705834322045282	0.203402694658607	1.22753385459359
-0.136500200141491	-0.0654722194178264	0.621004769682243	-1.14839191167129	0.703934483977445	0.202132184916208	1.2251920125016
-0.138496431989203	-0.0665623935847195	0.620206065172837	-1.14839503625017	0.702016284061482	0.200868592192004	1.22280536899078
-0.140456795948256	-0.0676302863658104	0.619379179213467	-1.14832507479279	0.700079686826491	0.199611837186791	1.22037382363593
-0.142381239352764	-0.0686759818933208	0.618524038204407	-1.14818190827087	0.698124655516247	0.198361839685749	1.21789727686711
-0.144269713617081	-0.0696995646190472	0.617640569692698	-1.14796542174964	0.696151152771107	0.19711851933351	1.21537562950752
-0.146122173677744	-0.0707011199885359	0.616728702649672	-1.14767550433065	0.694159140114267	0.195881795038225	1.21280878318802
-0.147938578414324	-0.0716807339342235	0.615788367275757	-1.14731204920865	0.69214857834024	0.194651585429244	1.21019664005104
-0.149718890297273	-0.072638493297094	0.614819495181454	-1.14687495364191	0.690119427195587	0.193427808484428	1.20753910301996
-0.151463075625437	-0.0735744855441083	0.613822019287294	-1.14636411899838	0.688071645604207	0.192210381789064	1.20483607564863
-0.153171104736206	-0.0744887985096344	0.612795873729394	-1.14577945079083	0.686005191870856	0.190999222771705	1.20208746198193
-0.154842951186476	-0.0753815213768421	0.611740994250973	-1.1451208585618	0.683920022914869	0.189794247828622	1.19929316713059
-0.156478592881679	-0.0762527433205238	0.610657317688105	-1.14438825607424	0.681816095346191	0.188595373546631	1.19645309651759
-0.158078011197875	-0.0771025545550225	0.609544782383918	-1.14358156117937	0.679693364643172	0.187402515768237	1.1935671564855
-0.159641191446042	-0.0779310457696639	0.608403327971026	-1.14270069588555	0.677551785595948	0.186215590099677	1.19063525397604
-0.161168122512607	-0.0787383085561113	0.607232895555358	-1.14174558632384	0.675391311982132	0.185034511534444	1.18765729680292
-0.162658797449752	-0.0795244346864041	0.606033427430437	-1.14071616282561	0.673211897130696	0.183859195101846	1.18463319323328
-0.164113212654495	-0.0802895171027555	0.604804867487443	-1.13961235983002	0.671013493163411	0.182689554989374	1.18156285259138
-0.165531368690304	-0.0810336489020964	0.603547160802562	-1.13843411597213	0.668796051774195	0.181525505447797	1.17844618465368
-0.166913269729885	-0.0817569240131235	0.602260253927997	-1.13718137403886	0.666559523725463	0.180366960196986	1.17528310008085
-0.168258923660587	-0.0824594370467512	0.600944094826798	-1.13585408096087	0.664303858952331	0.179213832556833	1.1720735103196
-0.169568342359962	-0.0831412829545922	0.599598632747215	-1.13445218786404	0.662029006844117	0.17806603575999	1.1688173274276
-0.170841541275505	-0.083802557526531	0.59822381842841	-1.13297565001487	0.659734915861687	0.176923482510492	1.16551446437495
-0.172078539663514	-0.0844433570751212	0.59681960396437	-1.1314244268224	0.657421533769437	0.175786085262541	1.16216483484348
-0.173279360708923	-0.0850637782936446	0.595385942776937	-1.12979848190606	0.65508880778619	0.174653756361793	1.15876835320559
-0.174444031103393	-0.0856639187305254	0.5939227897803	-1.12809778297474	0.652736684179082	0.173526407611695	1.15532493474976
-0.175572581463324	-0.086243876280815	0.592430101205139	-1.12632230193145	0.650365108700833	0.172403950742271	1.15183449544612
-0.176665046078134	-0.0868037494591092	0.590907834688112	-1.12447201478753	0.647974026348912	0.171286297157031	1.14829695206704
-0.177721462846309	-0.0873436374679501	0.589355949321413	-1.12254690168563	0.64556338134282	0.170173357884596	1.14471222227208
-0.178741873658052	-0.0878636397068921	0.587774405445565	-1.12054694692741	0.643133117500118	0.169065044014424	1.14108022431499
-0.179726323837649	-0.0883638564256935	0.586163164916019	-1.11847213888591	0.640683177727433	0.167961266113802	1.13740087742616
-0.180674862495418	-0.0888443882785953	0.584522190924808	-1.11632247005324	0.638213504380584	0.166861934633313	1.13367410156875
-0.181587542537234	-0.089305336285565	0.582851447991271	-1.11409793703783	0.635724039300976	0.165766959939403	1.1298998174316
-0.182464420246744	-0.089746802312495	0.581150902140504	-1.11179854046842	0.63321472342865	0.164676251886813	1.12607794668274
-0.183305555780701	-0.090168888445514	0.579420520669657	-1.10942428508547	0.630685497316069	0.163589720380792	1.1222084116532
-0.184111012908474	-0.0905716972776742	0.577660272246899	-1.1069751796652	0.628136300893131	0.162507275121364	1.11829113547743
-0.18488085890259	-0.0909553320163816	0.57587012696509	-1.10445123700896	0.625567073396754	0.161428825510094	1.11432604218113
-0.185615164732367	-0.0913198962136314	0.574050056225399	-1.1018524739449	0.622977753581201	0.160354280889438	1.11031305652119
-0.186314004789502	-0.0916654940722739	0.572200032859863	-1.09917891127584	0.620368279481899	0.159283550273049	1.10625210416671
-0.186977457202246	-0.0919922300270165	0.570320030959692	-1.09643057380561	0.617738588748376	0.15821654271694	1.10214311146506
-0.187605603589689	-0.092300209014861	0.568410025982909	-1.09360749029165	0.615088618438751	0.157153167083505	1.09798600560324
-0.188198528858062	-0.0925895366877209	0.566469994839662	-1.09070969339674	0.612418304855096	0.156093331848631	1.0937807147339
-0.188756321752671	-0.0928603186958468	0.564499915587151	-1.08773721973013	0.609727584100661	0.155036945739996	1.08952716755373
-0.189279074221525	-0.0931126614436076	0.562499767753008	-1.0846901097768	0.60701639151331	0.153983917070893	1.08522529377481
-0.189766881773103	-0.0933466715992304	0.560469532112279	-1.08156840788608	0.604284662029754	0.152934154168531	1.08087502381052
-0.190219843192022	-0.0935624564039634	0.558409190811168	-1.07837216221365	0.601532329948529	0.15188756509937	1.07647628895952
-0.190638060889911	-0.0937601232161465	0.556318727191814	-1.07510142478259	0.598759329313893	0.15084405808374	1.0720290211801
-0.191021640292485	-0.0939397802033484	0.554198126051814	-1.0717562513311	0.595965593348839	0.149803540867542	1.06753315344958
-0.191370690557663	-0.0941015354326852	0.552047373277437	-1.06833670141752	0.593151055192281	0.148765921541946	1.06298861927355
-0.191685323834304	-0.0942454977197662	0.549866456173345	-1.06484283825709	0.590315647213506	0.147731107775254	1.05839535314317
-0.191965655555529	-0.0943717762421992	0.547655363313325	-1.06127472877486	0.587459301343879	0.146699007168351	1.05375329035033
-0.192211804579581	-0.0944804803060494	0.545414084424621	-1.05763244356633	0.584581949244038	0.145669527453263	1.04906236682842
-0.192423892858291	-0.0945717197126097	0.543142610540191	-1.05391605684139	0.581683522030911	0.144642576169886	1.04432251938093
-0.192602045571158	-0.094645604542077	0.540840933897294	-1.05012564640143	0.578763950442547	0.14361806085518	1.03953368554695
-0.192746390844985	-0.0947022454458922	0.538509048048218	-1.0462612935663	0.575823164609537	0.142595888781006	1.03469580376561
-0.192857060119216	-0.0947417531476074	0.536146947649828	-1.04232308319741	0.572861094452412	0.141575967396768	1.02980881309776
-0.192934187952489	-0.0947642386359753	0.533754628540946	-1.03831110365538	0.569877669544069	0.140558204162006	1.02487265334959
-0.192977911729317	-0.0947698134557886	0.531332087837046	-1.03422544668483	0.566872818856388	0.139542506274024	1.01988726520255
-0.192988371909592	-0.0947585893624906	0.528879323795688	-1.03006620745479	0.563846471060336	0.138528780984467	1.01485259005213
-0.192965711936888	-0.0947306783663608	0.526396335812473	-1.02583348447959	0.560798554474308	0.137516935550296	1.00976857000529
-0.192910078197186	-0.0946861927353763	0.523883124421656	-1.02152737959753	0.557728997076949	0.136506877234072	1.00463514789968
-0.192821619899593	-0.0946252450718084	0.521339691307091	-1.01714799789206	0.554637726431724	0.135498513226723	0.999452267324299
-0.192700489093155	-0.09454794825194	0.518766039286349	-1.0126954476983	0.551524669765234	0.134491750710466	0.994219872621521
-0.192546840676988	-0.0944544153271823	0.516162172231764	-1.00816984050599	0.548389754007284	0.133486496929267	0.988937908776258
-0.192360832260194	-0.0943447596523589	0.513528095134275	-1.00357129094362	0.545232905720602	0.132482659082075	0.983606321527983
-0.19214262413734	-0.0942190948483466	0.51086381406959	-0.998899916720863	0.542054051121392	0.131480144350641	0.978225057333179
-0.191892379344675	-0.0940775346654878	0.508169336127857	-0.994155838587113	0.538853116186032	0.130478860016471	0.972794063281671
-0.191610263455152	-0.0939201931726957	0.505444669482997	-0.989339180266682	0.535630026504537	0.129478713290339	0.967313287205673
-0.191296444655938	-0.093747184590728	0.502689823305473	-0.984450068411524	0.532384707405589	0.128479611455026	0.961782677570758
-0.190951093679691	-0.0935586233203004	0.499904807776917	-0.979488632579031	0.529117083955019	0.127481461843243	0.956202183518232
-0.190574383781256	-0.0933546238870249	0.497089634035802	-0.974455005144099	0.5258270809744	0.126484171875128	0.950571754794981
-0.190166490442198	-0.0931353012423811	0.49424431429761	-0.969349321224278	0.522514622812484	0.125487648789002	0.944891341931688
-0.189727591834327	-0.0929007701249117	0.491368861585271	-0.964171718719979	0.519179633863928	0.124491800211242	0.939160895901382
-0.189257868159241	-0.0926511457887309	0.488463289996938	-0.958922338123232	0.515822037962195	0.123496533493417	0.93338036847819
-0.18875750222707	-0.0923865432315429	0.485527614396786	-0.953601322607404	0.512441759025171	0.122501756407167	0.927549711853437
-0.188226678672734	-0.0921070780713022	0.482561850742327	-0.948208817810756	0.509038720326482	0.121507376347547	0.921668879072253
-0.187665584690638	-0.0918128655770399	0.479566015688167	-0.942744971938879	0.505612845292692	0.120513301202548	0.915737823530868
-0.187074409442947	-0.0915040213088575	0.476540126819022	-0.937209935586464	0.50216405696938	0.119519438769637	0.90975649929162
-0.18645334396682	-0.0911806611633183	0.473484202668444	-0.931603861697806	0.498692277999518	0.118525696715501	0.903724861129065
-0.185802581822136	-0.0908429004871499	0.470398262326057	-0.925926905594142	0.495197431318883	0.117531983359407	0.897642864016702
-0.185122318024753	-0.0904908553196748	0.467282325947609	-0.920179224773679	0.491679439172003	0.116538206561732	0.891510463825108
-0.184412749609002	-0.0901246416068124	0.464136414401413	-0.914360978917748	0.488138223722984	0.115544274416166	0.885327616858847
-0.183674075762447	-0.0897443749632602	0.460960549169165	-0.908472329888194	0.48457370726283	0.114550095463118	0.879094279748478
-0.182906497095152	-0.0893501714794645	0.457754752653319	-0.902513441530875	0.480985811545511	0.1135555779577	0.872810409866684
-0.182110216148551	-0.0889421470123431	0.454519047871818	-0.896484479708408	0.47737445835884	0.11256063050048	0.866475964939717
-0.181285437037033	-0.0885204175371523	0.451253458583337	-0.890385612175998	0.473739569233949	0.111565161715177	0.860090903226654
-0.1804323655427	-0.0880850989559648	0.447958009209753	-0.884217008574856	0.47008106561891	0.110569080422088	0.853655183442263
-0.179551209026178	-0.0876363070930718	0.444632724785538	-0.877978840290484	0.46639886883577	0.109572295621075	0.847168764684755
-0.1786421762047	-0.0871741579053795	0.441277631062137	-0.871671280427373	0.462692899952963	0.108574716313344	0.840631606610062
-0.177705477422938	-0.0866987670398644	0.437892754287229	-0.865294503748205	0.458963080109034	0.107576251881214	0.834043669142685
-0.176741324257827	-0.0862102502343833	0.434478121360691	-0.858848686562184	0.455209330195168	0.106576811726316	0.827404912700773
-0.175749929556403	-0.0857087231779137	0.431033759761799	-0.852334006672374	0.451431570965579	0.10557630538894	0.820715298116559
-0.174731507593867	-0.0851943012164218	0.427559697403945	-0.845750643325517	0.447629723261265	0.104574642802043	0.813974786456742
-0.173686273501998	-0.0846670999701997	0.42405596288447	-0.839098777077322	0.443803707522328	0.103571733736754	0.807183339373019
-0.172614443892388	-0.0841272344558599	0.42052258508745	-0.832378589797511	0.439953444469607	0.102567488574587	0.800340918586447
-0.171516236108327	-0.0835748199236883	0.416959593530736	-0.825590264516542	0.436078854446662	0.101561817558365	0.793447486368684
-0.170391868590898	-0.0830099712996087	0.413367018106708	-0.818733985399042	0.432179857850098	0.100554631280236	0.786503005210902
-0.169241560804619	-0.082432803176618	0.409744889063233	-0.811809937669057	0.428256375134183	0.0995458406829845	0.779507437817122
-0.168065532820755	-0.0818434302308551	0.406093237160721	-0.804818307478708	0.424308326471164	0.0985353566815995	0.772460747325648
-0.166864005642645	-0.0812419667132057	0.402412093440999	-0.797759281887425	0.420335632151519	0.0975230906091274	0.765362897020956
-0.165637200947869	-0.0806285266697119	0.398701489305472	-0.790633048762278	0.416338212406775	0.0965089540151415	0.75821385045579
-0.164385340928271	-0.0800032240239369	0.394961456521556	-0.783439796659194	0.412315987321193	0.0954928585783828	0.751013571467601
-0.16310864847284	-0.0793661722578833	0.391192027086235	-0.776179714814203	0.408268877101998	0.0944747163921658	0.74376202402638
-0.161807346976343	-0.0787174845345634	0.387393233251028	-0.768852993024267	0.404196801962724	0.0934544398434401	0.736459172278249
-0.160481660152648	-0.0780572738172747	0.383565107551323	-0.761459821539426	0.400099682014973	0.0924319414955486	0.729104980597636
-0.159131812083864	-0.0773856527067976	0.379707682727229	-0.754000391014326	0.395977437402432	0.0914071342310099	0.721699413505222
-0.157758027050007	-0.0767027335337265	0.375820991736317	-0.746474892390572	0.391829988206867	0.0903799311554737	0.714242435695362
-0.156360529799124	-0.0760086279251284	0.371905067569414	-0.738883516898374	0.387657254809045	0.0893502459851092	0.70673401182204
-0.154939544887886	-0.0753034474883407	0.367959943493607	-0.731226455825611	0.383459157297324	0.0883179924152256	0.699174106816545
-0.153495296954836	-0.074587303379474	0.363985652880077	-0.723503900540243	0.3792356158401	0.0872830845089906	0.691562685695327
-0.152028010868823	-0.0738603059943087	0.359982229042993	-0.715716042412506	0.37498655090842	0.0862454369606556	0.683899713359207
-0.150537911180791	-0.0731225655260814	0.355949705449159	-0.707863072637781	0.370711882810095	0.0852049645841228	0.676185154878821
-0.149025222241671	-0.0723741917157969	0.351888115611564	-0.699945182213311	0.366411531901829	0.0841615825358574	0.668418975382508
-0.147490168289413	-0.0716152936173393	0.34779749296217	-0.691962561853047	0.362085418755511	0.0831152065109931	0.660601139901788
-0.145932973051227	-0.0708459799703604	0.343677870989267	-0.683915401843621	0.357733463845177	0.0820657524001336	0.652731613564685
-0.144353860026728	-0.0700663587336905	0.339529283028847	-0.675803892023361	0.353355587920991	0.0810131367012436	0.644810361346108
-0.142753052018268	-0.0692765375429733	0.33535176243599	-0.66762822162179	0.348951711625144	0.0799572760986807	0.636837348304324
-0.141130771461933	-0.0684766231796061	0.331145342344661	-0.659388579235823	0.344521755910623	0.0788980879303149	0.628812539287725
-0.139487239946922	-0.0676667220425057	0.326910055848057	-0.651085152672534	0.34006564164984	0.0778354897562165	0.620735899184498
-0.137822678581504	-0.0668469395675125	0.322645935733855	-0.642718128921735	0.335583290087198	0.0767693998672062	0.612607392595492
-0.136137307315989	-0.0660173809459881	0.318353014774208	-0.634287693978875	0.331074622256629	0.0756997366352184	0.604426984230466
-0.134431345517488	-0.0651781502800908	0.314031325345899	-0.625794032840875	0.326539559640387	0.0746264192568527	0.596194638428135
-0.132705011357584	-0.0643293512140944	0.309680899678408	-0.617237329327135	0.321978023649173	0.0735493671782314	0.587910319495406
-0.130958522140201	-0.0634710864092509	0.305301769627141	-0.608617766074238	0.317389936048636	0.0724685005617752	0.579573991438105
-0.129192093863658	-0.0626034579385665	0.300893966800114	-0.599935524336629	0.312775218598772	0.0713837399118639	0.571185618128075
-0.127405941345199	-0.0617265670252421	0.2964575224584	-0.591190783983418	0.308133793290127	0.0702950063134252	0.562745163210305
-0.125600278162827	-0.0608405139539752	0.291992467426997	-0.582383723330915	0.303465582355745	0.0692022214842172	0.554252589981706
-0.123775316307802	-0.0599453983929044	0.287498832241551	-0.573514519064251	0.29877050803589	0.0681053074907496	0.545707861617411
-0.121931266625873	-0.0590413187061707	0.282976646834078	-0.564583346206474	0.294048493109126	0.0670041873496521	0.537110940776865
-0.120068337991571	-0.0581283728292876	0.278425940868281	-0.555590377866923	0.28929946015069	0.0658987842265656	0.528461790043897
-0.118186737942875	-0.0572066573713446	0.273846743374179	-0.546535785320802	0.284523332281839	0.0647890222436392	0.519760371492099
-0.116286672111041	-0.0562762681516522	0.269239082918206	-0.537419737747598	0.279720032670568	0.0636748259702203	0.511006646895839
-0.114368344478612	-0.0553372997771789	0.264602987449401	-0.528242402274583	0.274889484912914	0.0625561208104047	0.502200577577064
-0.11243195671339	-0.0543898462989256	0.259938484524219	-0.519003943706863	0.270031612440916	0.0614328323883871	0.493342124689489
-0.110477709034805	-0.0534340000141241	0.255245600804088	-0.509704524620335	0.265146339499523	0.0603048876191511	0.484431248600651
-0.108505799081686	-0.052469852722697	0.250524362561505	-0.500344305076145	0.260233590107706	0.0591722135697848	0.475467909558035
-0.106516422723118	-0.0514974945838543	0.245774795186643	-0.49092344267352	0.255293288972037	0.0580347384746358	0.466452067073827
-0.104509773078994	-0.0505170151782427	0.240996923607307	-0.481442092279297	0.250325360598111	0.0568923907688255	0.457383680476837
-0.1024860414564	-0.0495285022086417	0.236190771733778	-0.47190040610641	0.245329730333975	0.0557451002437871	0.448262708219856
-0.100445416287854	-0.048532042671938	0.231356362935886	-0.462298533453014	0.240306323407129	0.0545927969878633	0.439089108513053
-0.0983880836497742	-0.0475277220655095	0.226493719689289	-0.452636620687057	0.235255065542821	0.0534354120831255	0.429862838882994
-0.0963142269944286	-0.0465156245656737	0.221602863625369	-0.442914811093412	0.230175882791131	0.0522728774313167	0.420583856249143
-0.0942240268880026	-0.0454958332248459	0.216683815625114	-0.433133244796069	0.225068701384738	0.0511051255774057	0.411252117080759
-0.0921176612835015	-0.0444684294525904	0.211736595546617	-0.423292058629423	0.219933448089668	0.0499320901462307	0.401867577038008
-0.0899953051569191	-0.0434334933407127	0.206761222377105	-0.413391386052404	0.214770049965236	0.0487537055535673	0.392430191207097
-0.0878571303973572	-0.0423911036362004	0.201757714191302	-0.403431357006386	0.209578434347614	0.0475699070125531	0.382939914054439
-0.0857033058762544	-0.0413413375036477	0.196726088038155	-0.393412097837707	0.204358529026	0.046380630735757	0.373396699300873
-0.083533997288227	-0.0402842705637188	0.191666359935574	-0.383333731164995	0.19911026218395	0.04518581388632	0.363800499928853
-0.0813493669035888	-0.039219977053626	0.186578544933297	-0.373196375766641	0.193833562264091	0.0439853944272732	0.354151268288531
-0.0791495737824249	-0.0381485293978506	0.181462656908154	-0.363000146502598	0.188528358283802	0.0427793114903107	0.344448955847581
-0.076934773451881	-0.0370699984527094	0.176318708653925	-0.352745154169554	0.183194579619402	0.0415675051455523	0.334693513325133
-0.0747051177897268	-0.0359844534907618	0.17114671185779	-0.342431505382697	0.17783215599604	0.0403499164029599	0.324884890679794
-0.0724607550415951	-0.034891962019517	0.165946677009571	-0.332059302482143	0.172441017613668	0.0391264873623198	0.31502303701087
-0.0702018297622153	-0.0337925896962883	0.16071861335379	-0.321628643432491	0.167021095198333	0.0378971612789627	0.305107900517405
-0.0679284825043707	-0.0326864005432226	0.155462528954896	-0.311139621651786	0.161572319792946	0.0366618823539658	0.295139428593209
-0.0656408498662425	-0.0315734567377208	0.150178430609752	-0.300592325953486	0.156094622924949	0.0354205959164976	0.285117567743396
-0.0633390646134196	-0.0304538182816293	0.144866323674247	-0.289986840427039	0.150587936826167	0.0341732486987445	0.275042263367122
-0.0610232549113736	-0.0293275438028599	0.13952621240621	-0.279323244253675	0.145052193787911	0.0329197881145911	0.264913460229824
-0.0586935450928921	-0.0281946894211535	0.134158099452705	-0.268601611689769	0.139487327028355	0.0316601632528945	0.254731101809717
-0.056350054869936	-0.027055309567846	0.128761986193815	-0.25782201186394	0.133893270023548	0.0303943241373758	0.244495130766696
-0.0539928995386815	-0.0259094565611823	0.123337872548049	-0.246984508705962	0.128269956824892	0.0291222220924329	0.234205488709757
-0.051622189841075	-0.0247571806008171	0.117885756946217	-0.236089160803649	0.122617322028032	0.0278438097315592	0.223862116176735
-0.0492380318344605	-0.0235985297683252	0.112405636331173	-0.22513602130628	0.116935300765531	0.0265590409496991	0.213464952661045
-0.04684052687589	-0.0224335498602095	0.106897506055167	-0.21412513778202	0.111223828793822	0.0252678710513637	0.203013936487224
-0.0444297711940989	-0.0212622847619026	0.101361360045162	-0.203056552089581	0.105482842194801	0.0239702564127716	0.192509005056552
-0.0420058564277455	-0.0200847755819564	0.095797190394805	-0.191930300300804	0.0997122780120496	0.0226661552300135	0.181950094322822
-0.0395688687131342	-0.0189010616330081	0.0902049877958173	-0.180746412513624	0.0939120734747331	0.0213555266422249	0.171337139386412
-0.037118889317751	-0.01771117944817	0.0845847410845359	-0.169504912797641	0.0880821667337615	0.020038331587174	0.160670073914708
-0.0346559939829712	-0.0165151634209737	0.0789364375015859	-0.158205818988969	0.0822224963241054	0.0187145322167524	0.149948830497582
-0.0321802532087436	-0.015313045282247	0.0732600624708014	-0.146849142656735	0.0763330015779965	0.0173840923570114	0.139173340391143
-0.0296917318628035	-0.01410485439454	0.0675555996975002	-0.135434888907556	0.0704136223452665	0.0160469772260375	0.128343533655884
-0.0271904891464487	-0.012890617604852	0.0618230310842761	-0.12396305625357	0.0644642990739498	0.0147031535476416	0.117459339062024
-0.0246765787797925	-0.011670358851531	0.0560623365769724	-0.112433636587574	0.0584849731348723	0.0133525899010463	0.106520683928889
-0.022150048284089	-0.0104440998419377	0.0502734944031496	-0.100846614885258	0.0524755862016	0.0119952560845736	0.0955274944276351
-0.0196109395572189	-0.00921185917668104	0.0444564807178697	-0.0892019692510927	0.046436080969642	0.0106311238994086	0.0844796951664523
-0.0170592881591452	-0.00797365303376691	0.0386112698633961	-0.0774996706564565	0.0403664005543161	0.0092601665148931	0.0733772095327526
-0.0144951237522858	-0.00672949443255612	0.0327378340417612	-0.0657396828954457	0.0342664890540967	0.00788235911230051	0.062219959291773
-0.0119184694241344	-0.00547939388675185	0.0268361435823462	-0.0539219623722631	0.0281362910013669	0.00649767828818674	0.051007864952847
-0.00932934205908698	-0.00422335875670948	0.0209061666599509	-0.0420464580610005	0.0219757518646023	0.00510610262231424	0.0397408454324089
-0.00672775197203736	-0.00296139349738062	0.0149478693710735	-0.0301131112999783	0.0157848177987062	0.00370761243346758	0.0284188181615642
-0.0041137027952567	-0.00169349960988567	0.00896121570531086	-0.0181218556711932	0.0095634356632613	0.00230218981182992	0.0170416990738708
-0.0014871915311747	-0.000419675383680606	0.00294616742833886	-0.00607261690503571	0.00331155320837644	0.00088981883639757	0.00560940247990634
-0.000169777469063255	0.00021921990151939	-7.08466549947202e-05	-2.86496662399742e-05	0.000175442065688354	0.000181319977146047	-0.000125156190879799
-0.000169762224016927	0.00021919906985704	-7.08440646961933e-05	-2.8646970842575e-05	0.000175425443074695	0.000181305575191158	-0.000125143024581886
-0.000169746949480951	0.000219178201007857	-7.08414564822013e-05	-2.8644272622347e-05	0.000175408791738135	0.000181291139511944	-0.000125129836794219
-0.000169731753376159	0.000219157429932892	-7.08388882050132e-05	-2.86415870624562e-05	0.00017539221928032	0.00018127679025752	-0.000125116702363176
-0.000169716503129781	0.000219136591553259	-7.08362901491282e-05	-2.86388928977949e-05	0.000175375592701733	0.000181262380091751	-0.000125103531954836
-0.000169701292523569	0.000219115802823147	-7.08337116769701e-05	-2.86362049746686e-05	0.000175359006139748	0.0001812480133331	-0.000125090388897447
-0.000169686057663321	0.000219094984044155	-7.08311191713329e-05	-2.86335133496424e-05	0.000175342395426076	0.000181233618835354	-0.000125077229875398
-0.000169670805153996	0.000219074143918523	-7.08285163610045e-05	-2.86308185630827e-05	0.000175325767386852	0.000181219204081241	-0.000125064059857804
-0.000169655617335979	0.000219053383787061	-7.08259459288561e-05	-2.86281346726465e-05	0.000175309204226287	0.000181204860449924	-0.000125050933535292
-0.000169640384028308	0.000219032567850413	-7.08233505700324e-05	-2.86254430944578e-05	0.000175292595795511	0.000181190465537578	-0.000125037777431915
-0.000169625146708222	0.000219011746953324	-7.08207517820941e-05	-2.86227510115731e-05	0.000175275983569159	0.000181176065505197	-0.000125024619073832
-0.000169609926136891	0.000218990947149604	-7.08181605731627e-05	-2.86200616790924e-05	0.000175259388326618	0.000181161683318783	-0.000125011472525312
-0.000169594725690954	0.000218970172404832	-7.08155785842865e-05	-2.86173755950983e-05	0.000175242813476618	0.000181147322799932	-0.000124998340069252
-0.000169579436972746	0.000218949288392431	-7.08129490670228e-05	-2.86146752554719e-05	0.000175226150362154	0.000181132863481641	-0.000124985148784815
-0.000169564303065597	0.000218928596802496	-7.08103995040316e-05	-2.86119999353285e-05	0.000175209642662433	0.000181118575444741	-0.000124972062177063
-0.000169549014679589	0.000218907713719907	-7.08077677051729e-05	-2.86092995984127e-05	0.000175192980376299	0.000181104115103831	-0.000124958872311631
-0.000169533840127002	0.000218886971992127	-7.0805194275856e-05	-2.86066178505767e-05	0.000175176432376349	0.000181089780491341	-0.000124945759401134
-0.000169518626003638	0.000218866181486525	-7.08025988697611e-05	-2.86039295748679e-05	0.000175159844929655	0.00018107540118717	-0.000124932620519224
-0.0001695033763063	0.000218845347033439	-7.07999835368976e-05	-2.86012355551644e-05	0.000175143222052102	0.000181060981660833	-0.000124919458267553
-0.00016948814535872	0.000218824536057233	-7.07973768529317e-05	-2.85985446844177e-05	0.000175126618221812	0.000181046582265094	-0.000124906309117382
-0.000169472978647951	0.000218803805058718	-7.0794802521125e-05	-2.85958640838845e-05	0.000175110078960532	0.000181032253498623	-0.000124893203797168
-0.000169457764279124	0.000218783015031032	-7.07922019351458e-05	-2.85931759052118e-05	0.000175093492171298	0.000181017871100572	-0.000124880066892843
-0.000169442531746875	0.000218762202824907	-7.07895906532953e-05	-2.85904847739313e-05	0.000175076887401655	0.000181003467786961	-0.000124866918378447
-0.000169427326034317	0.000218741423936748	-7.0786992048804e-05	-2.8587797988892e-05	0.000175060309717985	0.000180989093542111	-0.000124853788383526
-0.000169412141226045	0.000218720671338324	-7.07844032611128e-05	-2.8585114593394e-05	0.000175043753214421	0.000180974741808768	-0.000124840673056559
-0.000169396900388807	0.000218699849471524	-7.07817838308325e-05	-2.85824221247502e-05	0.00017502714081373	0.0001809603271943	-0.000124827520595235
-0.000169381740308151	0.000218679127905567	-7.07792054410739e-05	-2.85797427761452e-05	0.000175010609508759	0.000180946001476605	-0.000124814422970253
-0.000169366491461695	0.000218658296529013	-7.07765792826685e-05	-2.85770490543805e-05	0.000174993989520388	0.000180931576520584	-0.000124801266199442
-0.000169351290086814	0.000218637524176425	-7.0773976772881e-05	-2.85743630557131e-05	0.000174977417308902	0.000180917203547286	-0.000124788141908725
-0.00016933611763411	0.000218616787976342	-7.07713881296056e-05	-2.85716817226929e-05	0.000174960874279803	0.000180902861945595	-0.000124775037592048
-0.000169320905178683	0.000218596002497101	-7.07687773742437e-05	-2.85689938556198e-05	0.000174944291476097	0.000180888475323493	-0.000124761907042449
-0.000169305679686808	0.000218575200795594	-7.07661583906546e-05	-2.856630408111e-05	0.000174927695727016	0.000180874073377711	-0.00012474876808161
-0.000169290492131602	0.000218554446583877	-7.07635581112878e-05	-2.85636203089601e-05	0.000174911138268487	0.000180859712960342	-0.000124735655312493
-0.000169275287375745	0.000218533671154757	-7.07609475424087e-05	-2.85609338482058e-05	0.000174894563765432	0.000180845332637021	-0.000124722531463697
-0.000169260159226144	0.000218512991038283	-7.07583759198063e-05	-2.85582597225279e-05	0.000174878066277161	0.000180831036768712	-0.000124709459709514
-0.000169244860317302	0.00021849209932024	-7.07557135234613e-05	-2.85555579842807e-05	0.000174861397899545	0.000180816550492818	-0.000124696273737235
-0.000169229722834889	0.000218471408012198	-7.07531344601962e-05	-2.85528824439359e-05	0.000174844891502601	0.000180802242797165	-0.000124683196722503
-0.000169214492846612	0.000218450602176845	-7.07505056671796e-05	-2.85501919267475e-05	0.000174828292595457	0.00018078783163393	-0.000124670058142869
-0.000169199373926607	0.000218429934336142	-7.07479338554924e-05	-2.85475194377813e-05	0.00017481180524144	0.000180773543159013	-0.000124656994758728
-0.000169184092645158	0.0002184090653716	-7.07452756814643e-05	-2.85448206113759e-05	0.000174795155436641	0.000180759073608455	-0.000124643822770922
-0.000169168972517786	0.000218388396510012	-7.07427007221213e-05	-2.85421478667548e-05	0.00017477866727858	0.000180744782398747	-0.000124630759702066
-0.000169153748174299	0.000218367598578927	-7.07400699224633e-05	-2.85394583434545e-05	0.000174762074981599	0.000180730374693683	-0.000124617627085544
-0.000169138540648955	0.000218346821726466	-7.07374466549747e-05	-2.85367715151556e-05	0.000174745499701388	0.000180715984884894	-0.000124604506339734
-0.000169123422259776	0.000218326155664722	-7.07348688927523e-05	-2.85340991568357e-05	0.000174729013999696	0.000180701693487835	-0.000124591446047737
-0.000169108172998721	0.000218305327435823	-7.07322211873466e-05	-2.85314056416115e-05	0.000174712397343728	0.00018068725594466	-0.000124578298292283
-0.000169093035148546	0.000218284637721992	-7.07296307434283e-05	-2.85287300964962e-05	0.000174695892593904	0.000180672941493126	-0.000124565226053679
-0.000169077824099112	0.000218263857432177	-7.07270006593437e-05	-2.85260427568875e-05	0.000174679314687322	0.000180658544998713	-0.000124552105159985
-0.000169062654546866	0.000218243128816305	-7.07243910992063e-05	-2.85233621465965e-05	0.000174662778656964	0.000180644193931503	-0.000124539012647234
-0.000169047423669542	0.000218222324228218	-7.07217480194408e-05	-2.85206716793898e-05	0.000174646181238212	0.000180629773887352	-0.000124525879428329
-0.000169032283373408	0.000218201632372871	-7.07191513075328e-05	-2.85179957950276e-05	0.000174629674962699	0.000180615453950622	-0.000124512807754811
-0.000169017128432737	0.000218180922518033	-7.07165456414159e-05	-2.85153176260346e-05	0.000174613154180561	0.000180601116972837	-0.000124499726728965
-0.000169001899748104	0.000218160121445363	-7.07139000610466e-05	-2.8512627478776e-05	0.000174596559747268	0.000180586697333743	-0.00012448659669588
-0.000168986782965279	0.000218139459303227	-7.07113118687992e-05	-2.85099555490413e-05	0.000174580077597422	0.000180572401277217	-0.000124473542351382
-0.000168971569914841	0.000218118678108753	-7.07086720095479e-05	-2.85072679021697e-05	0.000174563499301394	0.000180557997666968	-0.000124460423975639
-0.000168956394069886	0.00021809794313165	-7.07060503549184e-05	-2.85045864643072e-05	0.000174546958417281	0.000180543634551236	-0.000124447331015763
-0.000168941225940113	0.000218077218118798	-7.07034315591132e-05	-2.85019061337403e-05	0.000174530425568406	0.000180529279427376	-0.000124434243932697
-0.000168926098874714	0.000218056544055642	-7.07008329914847e-05	-2.8499232600579e-05	0.000174513934005083	0.000180514969133107	-0.000124421184864113
-0.00016891088484676	0.000218035762496009	-7.06981876374968e-05	-2.84965449296381e-05	0.000174497355619717	0.000180500561554678	-0.000124408067942502
-0.000168895699327251	0.000218015016561525	-7.06955559886917e-05	-2.84938618272e-05	0.000174480805964841	0.000180486184951471	-0.000124394970822759
-0.000168880551746145	0.000217994317707436	-7.06929428866826e-05	-2.84911850626825e-05	0.000174464294539801	0.000180471849742236	-0.000124381899559503
-0.000168865390909149	0.000217973602830573	-7.06903217030305e-05	-2.84885059889228e-05	0.000174447770071376	0.000180457499159882	-0.000124368820099245
-0.000168850226249691	0.000217952883307254	-7.06876972112608e-05	-2.84858263917102e-05	0.000174431241988654	0.000180443143567646	-0.000124355738522625
-0.000168835051121176	0.000217932151143872	-7.0685066052515e-05	-2.84831450655205e-05	0.000174414703697952	0.00018042877571612	-0.000124342650523624
-0.000168819885753083	0.000217911431142637	-7.06824386520477e-05	-2.84804654280841e-05	0.000174398175293439	0.000180414417873948	-0.000124329569551988
-0.000168804727389803	0.00021789072019926	-7.06798137825419e-05	-2.84777868522984e-05	0.000174381654263235	0.000180400067269042	-0.000124316493898581
-0.000168789571940858	0.000217870012937833	-7.06771891459228e-05	-2.84751088002909e-05	0.000174365136260124	0.000180385719110963	-0.000124303420703711
-0.000168774425860288	0.000217849317704112	-7.06745682177087e-05	-2.84724322432896e-05	0.000174348627909882	0.000180371380648255	-0.000124290354417377
-0.000168759236029992	0.000217828568302783	-7.06719230796939e-05	-2.846974865025e-05	0.000174332075964304	0.000180356992883837	-0.000124277259220141
-0.000168744095557782	0.000217807880354901	-7.06693025526346e-05	-2.84670730575382e-05	0.000174315573669113	0.000180342659287028	-0.000124264197717307
-0.000168728939781843	0.000217787173746598	-7.06666728467198e-05	-2.84643949835213e-05	0.000174299056306983	0.00018032830792318	-0.000124251126545991
-0.000168713764961241	0.000217766443605036	-7.06640318204332e-05	-2.84617138624627e-05	0.00017428252001208	0.000180313934752124	-0.000124238043096737
-0.000168698631440069	0.000217745764944863	-7.06614112239851e-05	-2.84590394559765e-05	0.000174266025388704	0.000180299606741124	-0.000124224987890949
-0.000168683466135293	0.000217725047158869	-7.06587727902427e-05	-2.84563598419588e-05	0.000174249499113564	0.00018028524270599	-0.000124211911966057
-0.000168668332994025	0.000217704369430242	-7.06561499104648e-05	-2.84536855034521e-05	0.000174233005284692	0.000180270913733085	-0.000124198858177538
-0.000168653160572546	0.000217683643114613	-7.0653505181411e-05	-2.84510048893663e-05	0.000174216472291835	0.000180256540352128	-0.000124185778431485
-0.000168638028278691	0.000217662967011423	-7.06508803652479e-05	-2.84483306400895e-05	0.000174199979820384	0.000180242210934267	-0.000124172726363378
-0.00016862286976449	0.000217642258299768	-7.06482403529073e-05	-2.84456523490153e-05	0.000174183461158946	0.000180227851576814	-0.000124159657026099
-0.000168607716837833	0.000217621557080383	-7.06456022652423e-05	-2.84429747779598e-05	0.00017416694845715	0.000180213497806038	-0.000124146592183055
-0.00016859255592104	0.000217600845967003	-7.06429586156201e-05	-2.84402960108125e-05	0.000174150427906597	0.000180199134451782	-0.000124133522426406
-0.000168577440818295	0.000217580191924291	-7.06403377264374e-05	-2.84376247130591e-05	0.000174133953450249	0.000180184821256188	-0.00012412048399843
-0.00016856230966155	0.000217559518180324	-7.06377072581116e-05	-2.84349508071491e-05	0.000174117463154141	0.000180170489573646	-0.000124107435306095
-0.000168547119424461	0.000217538771508582	-7.0635044539108e-05	-2.8432267280571e-05	0.000174100913980652	0.000180156091537931	-0.000124094347530006
-0.000168531994203074	0.000217518105508421	-7.06324146740323e-05	-2.8429594416254e-05	0.000174084430018887	0.000180141764970221	-0.000124081303910437
-0.000168516861274309	0.000217497430262184	-7.06297795080753e-05	-2.84269202779994e-05	0.000174067938638577	0.000180127429178986	-0.000124068255686043
-0.000168501717581586	0.000217476741934397	-7.06271375086089e-05	-2.84242442765434e-05	0.00017405143669727	0.000180113080769373	-0.000124055200841511
-0.000168486570875648	0.000217456050018335	-7.06244926312362e-05	-2.84215679641382e-05	0.000174034931920558	0.000180098728259741	-0.000124042144420983
-0.000168471484449616	0.000217435433099572	-7.06218781852501e-05	-2.8418901409661e-05	0.000174018487808861	0.00018008444204777	-0.000124029129081743
-0.000168456327720445	0.000217414729246877	-7.06192256161135e-05	-2.84162234394023e-05	0.000174001973469486	0.000180070077013435	-0.000124016067061528
-0.000168441149934334	0.000217393999511241	-7.06165607282719e-05	-2.84135420502204e-05	0.000173985438225825	0.000180055687882923	-0.00012400299144455
-0.000168426076046883	0.00021737339875403	-7.06139491489163e-05	-2.8410877591506e-05	0.000173969007335323	0.000180041413495695	-0.000123989986117699
-0.000168410875463036	0.000217352641131846	-7.06112697917462e-05	-2.84081925900877e-05	0.000173952449704189	0.000180026997600134	-0.000123976896243029
-0.000168395781570754	0.000217332016162232	-7.06086452743893e-05	-2.84055247789117e-05	0.000173935999186157	0.000180012699631076	-0.00012396387869722
-0.000168380652899001	0.000217311348092546	-7.06060011915199e-05	-2.84028515277514e-05	0.000173919514044781	0.000179998362214405	-0.00012395083815505
-0.000168365536151738	0.000217290695171332	-7.06033621844515e-05	-2.84001801251557e-05	0.000173903041109785	0.000179984037455144	-0.00012393780626091
-0.00016835037482555	0.00021726998715877	-7.06006985226257e-05	-2.83975014782464e-05	0.000173886523693011	0.000179969662365484	-0.000123924744989228
-0.000168335293840478	0.00021724937910271	-7.05980758479788e-05	-2.83948358415463e-05	0.000173870087083992	0.000179955375963561	-0.000123911738245542
-0.000168320111422655	0.00021722864520287	-7.05953985486243e-05	-2.83921539903859e-05	0.000173853548909517	0.000179940976031794	-0.00012389866376394
-0.000168305039387022	0.000217208048665374	-7.05927781204443e-05	-2.83894897936147e-05	0.000173837121675811	0.000179926698126547	-0.00012388566415604
-0.000168289881738448	0.000217187346055608	-7.05901113855559e-05	-2.83868119164889e-05	0.000173820608798808	0.000179912324323184	-0.000123872607421961
-0.0001682747767821	0.00021716670900538	-7.05874711481348e-05	-2.83841425237873e-05	0.000173804149013884	0.000179898008458718	-0.000123859586721991
-0.000168259656241863	0.000217146053017175	-7.05848215193546e-05	-2.83814705275909e-05	0.000173787673820279	0.000179883674564403	-0.000123846556147108
-0.000168244534969574	0.000217125396159007	-7.0582170213964e-05	-2.83787985792079e-05	0.000173771198070695	0.00017986933912445	-0.000123833525533194
-0.000168229395833101	0.000217104717478885	-7.05795083211225e-05	-2.83761236718203e-05	0.000173754704722341	0.000179854983118483	-0.000123820483461864
-0.000168214290261794	0.000217084080531872	-7.05768628071063e-05	-2.83734542719629e-05	0.000173738245128237	0.000179840663730793	-0.00012380746449098
-0.000168199152238147	0.000217063403688822	-7.05741990078036e-05	-2.83707795073647e-05	0.000173721753313379	0.00017982630762161	-0.000123794424336954
-0.000168184080697777	0.000217042809435089	-7.05715689128771e-05	-2.83681156433352e-05	0.000173705328327875	0.000179812024642297	-0.000123781429309158
-0.000168168955618636	0.000217022149035483	-7.0568909449082e-05	-2.83654431110008e-05	0.000173688849866918	0.000179797681495834	-0.000123768398873486
-0.000168153863363066	0.000217001529518972	-7.05662659985194e-05	-2.83627759119654e-05	0.000173672404576476	0.000179783374124574	-0.000123755391000929
-0.000168138696227289	0.000216980817443688	-7.05635819628e-05	-2.83600965171734e-05	0.000173655884449196	0.000179768982836066	-0.000123742333457601
-0.000168123602489398	0.000216960196619195	-7.05609353324893e-05	-2.83574290662779e-05	0.000173639438111849	0.000179754672438581	-0.000123729325732062
-0.000168108516803225	0.000216939585930692	-7.05582916143456e-05	-2.83547629428794e-05	0.000173623000047397	0.000179740370291441	-0.000123716323918895
-0.000168093447936064	0.000216918996309538	-7.05556554760761e-05	-2.83520996702822e-05	0.000173606579028339	0.000179726086103026	-0.000123703333919194
-0.000168078237198013	0.000216898231124828	-7.05529437047304e-05	-2.83494131798206e-05	0.000173590016134054	0.000179711643580327	-0.000123690249292496
-0.000168063179130373	0.000216877655198448	-7.05503107141167e-05	-2.8346751732803e-05	0.000173573606356871	0.000179697369983266	-0.00012367726758087
-0.000168048136460139	0.000216857098890924	-7.05476847322195e-05	-2.83440925902571e-05	0.00017355721229368	0.00017968311286521	-0.000123664296902085
-0.00016803292083277	0.000216836328286937	-7.05449667045936e-05	-2.83414053926789e-05	0.000173540645192691	0.000179668662876262	-0.000123651210617425
-0.000168017890952651	0.000216815788064637	-7.05423448335574e-05	-2.83387484848905e-05	0.00017352426432294	0.00017965441849975	-0.0001236382494961
-0.000168002773167156	0.00021679513914543	-7.05396756839338e-05	-2.83360772699703e-05	0.00017350779563715	0.000179640075770489	-0.000123625229928905
-0.00016798769360022	0.000216774537899894	-7.05370253543253e-05	-2.83334122389055e-05	0.000173491365512528	0.000179625774850665	-0.000123612236630193
-0.000167972525475651	0.000216753827012028	-7.05343272972697e-05	-2.83307329002752e-05	0.000173474846818129	0.00017961137485558	-0.000123599184342644
-0.000167957489079912	0.000216733279757159	-7.0531697165914e-05	-2.83280748754333e-05	0.000173458460391192	0.000179597120484459	-0.00012358622110669
-0.000167942367246439	0.000216712626678085	-7.05290209282103e-05	-2.83254030995468e-05	0.000173441988513511	0.000179582770537014	-0.000123573200970506
-0.000167927312152982	0.000216692056597724	-7.05263785284564e-05	-2.83227421458412e-05	0.000173425583738403	0.00017956849395883	-0.000123560226230734
-0.000167912156796846	0.000216671362445603	-7.05236822408188e-05	-2.83200649197788e-05	0.000173409078766534	0.000179554105364348	-0.000123547184694567
-0.000167897116291546	0.000216650810944997	-7.05210450361281e-05	-2.83174062871332e-05	0.000173392689051428	0.000179539843697847	-0.000123534220888757
-0.000167881993996637	0.000216630158244961	-7.05183636692808e-05	-2.83147345100541e-05	0.000173376217663807	0.000179525490381569	-0.000123521202601354
-0.000167866954326606	0.000216609608208462	-7.05157244531782e-05	-2.83120760335336e-05	0.000173359829202906	0.000179511228244091	-0.000123508240426184
-0.00016785177448745	0.0002165888845964	-7.05130104067427e-05	-2.83093948869962e-05	0.000173343300616247	0.000179496809648433	-0.000123495184615845
-0.000167836751511531	0.000216568355628118	-7.0510377459497e-05	-2.83067393033439e-05	0.000173326929308291	0.000179482564629206	-0.000123482234659633
-0.000167821633743383	0.000216547709567735	-7.05076935937805e-05	-2.83040681201907e-05	0.000173310463381579	0.000179468213679958	-0.000123469221736863
-0.000167806580506948	0.000216527143460758	-7.05050422771143e-05	-2.83014076885284e-05	0.000173294062166991	0.000179453933620184	-0.000123456252472745
-0.000167791481340239	0.000216506520862511	-7.05023657419056e-05	-2.82987396190955e-05	0.000173277615309227	0.000179439601909887	-0.000123443253070409
-0.000167776363225146	0.000216485874848966	-7.04996779496425e-05	-2.82960686074632e-05	0.000173261149618437	0.000179425248411462	-0.000123430241412686
-0.000167761303040276	0.00021646530092706	-7.04970193488724e-05	-2.82934069496766e-05	0.000173244742132823	0.000179410958587797	-0.000123417269222523
-0.000167746262803858	0.000216444752062367	-7.04943700449191e-05	-2.82907484844318e-05	0.000173228355005925	0.000179396690339756	-0.000123404311037651
-0.000167731100222598	0.00021642405155075	-7.04916552074497e-05	-2.82880703357134e-05	0.000173211845406682	0.000179382285309636	-0.000123391271062302
-0.000167716060768541	0.000216403504070366	-7.04890038695331e-05	-2.82854120566261e-05	0.00017319545941169	0.000179368016492605	-0.000123378314489421
-0.000167700987300894	0.000216382914559367	-7.04863333898104e-05	-2.82827483135935e-05	0.00017317903956704	0.000179353709161244	-0.000123365335522995
-0.000167685967831718	0.000216362392218596	-7.04836900420301e-05	-2.82800934069171e-05	0.000173162674003621	0.000179339461121863	-0.000123352393334442
-0.000167670821170883	0.000216341712469884	-7.04809786982938e-05	-2.8277417748611e-05	0.000173146181313595	0.000179325071119653	-0.000123339366376891
-0.000167655725164841	0.000216321095735869	-7.04782927656543e-05	-2.82747503582139e-05	0.000173129739564591	0.000179310736656349	-0.000123326373937735
-0.000167640736428894	0.000216300612098513	-7.04756618701528e-05	-2.82721005418667e-05	0.000173113405443036	0.000179296520685067	-0.000123313453970122
-0.000167625565062994	0.000216279902443169	-7.04729338934541e-05	-2.82694209078997e-05	0.000173096888669844	0.000179282101163934	-0.000123300412077903
-0.000167610568139152	0.000216259409195445	-7.04702962828381e-05	-2.82667696718981e-05	0.000173080546811422	0.000179267874752219	-0.000123287487748761
-0.000167595471895453	0.000216238792993123	-7.04676052622547e-05	-2.82641023701888e-05	0.000173064105724215	0.000179253537255751	-0.000123274497285889
-0.000167580404177546	0.000216218212412481	-7.04649280413965e-05	-2.82614396736281e-05	0.000173047693367498	0.000179239230778741	-0.000123261526512996
-0.000167565342898066	0.000216197640102132	-7.04622529880752e-05	-2.82587779954586e-05	0.000173031287753651	0.000179224930780923	-0.00012324856065761
-0.000167550258058438	0.000216177038706543	-7.04595642894192e-05	-2.82561126286164e-05	0.000173014858700221	0.000179210603869738	-0.000123235579442982
-0.000167535236868417	0.000216156516498478	-7.04569078232263e-05	-2.82534574901376e-05	0.000172998493667628	0.000179196347095158	-0.000123222641579095
-0.000167520113248179	0.000216135867548914	-7.04541963610951e-05	-2.82507857731233e-05	0.00017298202625339	0.000179181975723877	-0.000123209635455139
-0.000167505069513692	0.000216115317846349	-7.04515255669537e-05	-2.82481270281543e-05	0.000172965639064042	0.000179167692470478	-0.000123196683513536
-0.000167490002916416	0.000216094739925038	-7.04488415949854e-05	-2.82454646674795e-05	0.000172949229178439	0.000179153383112959	-0.000123183716724436
-0.00016747496029302	0.000216074192174037	-7.04461690218851e-05	-2.82428060755999e-05	0.000172932843587638	0.000179139099725119	-0.00012317076664636
-0.000167459879285396	0.000216053596884674	-7.04434750466339e-05	-2.82401413343424e-05	0.000172916419730572	0.000179124772963987	-0.000123157791300735
-0.000167444845951444	0.000216033060899436	-7.04408048236502e-05	-2.82374844118088e-05	0.0001729000438256	0.000179110498472676	-0.000123144848442145
-0.000167429761630498	0.000216012462013991	-7.04381066377914e-05	-2.82348191648794e-05	0.000172883617088893	0.000179096166685183	-0.000123131871958542
-0.000167414724508777	0.000215991921848069	-7.04354320628202e-05	-2.82321615673216e-05	0.000172867237842843	0.000179081886607195	-0.00012311892772952
-0.00016739966617399	0.000215971355620528	-7.04327450975865e-05	-2.82295005649353e-05	0.000172850837623119	0.000179067582355835	-0.000123105969742406
-0.000167384607278019	0.000215950788816192	-7.0430056568066e-05	-2.82268395761015e-05	0.000172834436981857	0.000179053276691543	-0.000123093011883662
-0.000167369578300824	0.000215930259481016	-7.04273826119574e-05	-2.82241832788273e-05	0.000172818066607183	0.000179039003667808	-0.000123080074754863
-0.000167354505044813	0.000215909675440468	-7.04246842005846e-05	-2.8221519926758e-05	0.000172801652049102	0.000179024680691843	-0.000123067108400744
-0.000167339434249507	0.000215889094616964	-7.04219857354353e-05	-2.82188569735668e-05	0.00017278524018418	0.000179010359774127	-0.00012305414419855
-0.000167324405320017	0.000215868565873328	-7.0419308115157e-05	-2.82162008688469e-05	0.000172768870469568	0.00017899608471296	-0.000123041208649217
-0.000167309347631414	0.00021584800187751	-7.04166142231726e-05	-2.8213539986807e-05	0.000172752472215286	0.000178981777016439	-0.000123028254432958
-0.000167294354989737	0.000215827518525516	-7.04139531773097e-05	-2.82108898295866e-05	0.000172736139262934	0.000178967540853843	-0.000123015344238343
-0.00016727924483529	0.000215806889991912	-7.04112292863185e-05	-2.82082204349334e-05	0.000172719688918375	0.000178953173527938	-0.000123002355917855
-0.000167264214125107	0.000215786359832743	-7.04085457961696e-05	-2.82055642024945e-05	0.00017270331825834	0.000178938893655514	-0.000122989421225909
-0.000167249172717751	0.000215765816974529	-7.04058555783295e-05	-2.82029059885678e-05	0.0001726869371943	0.000178924601345123	-0.000122976480121124
-0.000167234131438765	0.00021574527420392	-7.04031641240652e-05	-2.82002479822657e-05	0.000172670556429499	0.000178910308383344	-0.000122963539489485
-0.000167219113916817	0.000215724761297442	-7.04004839966778e-05	-2.81975937545167e-05	0.000172654199746998	0.000178896041240321	-0.000122950615398434
-0.000167204053300868	0.000215704195245109	-7.03977800237815e-05	-2.81949324924639e-05	0.000172637800070242	0.000178881725460857	-0.000122937662994094
-0.000167188982862047	0.00021568361697772	-7.0395069579933e-05	-2.81922699101782e-05	0.000172621390745822	0.000178867398032724	-0.000122924704336943
-0.0001671739956223	0.000215663142331436	-7.03924017213774e-05	-2.81896205611221e-05	0.000172605065044615	0.000178853162482485	-0.000122911802267339
-0.000167158926549574	0.000215642566265412	-7.03896895744641e-05	-2.81869581050375e-05	0.000172588657534715	0.000178838835250376	-0.000122898845674076
-0.000167143926362717	0.000215622076040443	-7.03870125071289e-05	-2.81843067280897e-05	0.000172572319313141	0.000178824583885531	-0.000122885935970388
-0.00016712884839086	0.000215601489450719	-7.03842932656303e-05	-2.81816428399908e-05	0.0001725559033482	0.000178810245399404	-0.000122872974505153
-0.000167113850329907	0.000215581002162638	-7.03816148361035e-05	-2.81789919217689e-05	0.000172539567644577	0.000178795995035494	-0.000122860067242655
-0.000167098797049237	0.000215560446636606	-7.03789061213406e-05	-2.81763320801294e-05	0.000172523176860881	0.00017878168259277	-0.000122847123431268
-0.000167083736697833	0.00021553988268936	-7.0376192581878e-05	-2.81736710073784e-05	0.000172506779266661	0.00017876736165684	-0.000122834175469121
-0.000167068753758465	0.000215519414832784	-7.03735184271435e-05	-2.81710225611374e-05	0.000172490459362899	0.000178753126036345	-0.000122821279997538
-0.000167053712212331	0.000215498874481246	-7.03708122455106e-05	-2.81683647236457e-05	0.00017247408099462	0.000178738824590033	-0.000122808345622179
-0.000167038678790775	0.0002154783445606	-7.03681091980893e-05	-2.81657080227231e-05	0.00017245771099985	0.000178724531541517	-0.000122795417413762
-0.000167023662934161	0.000215457836681351	-7.03654141277939e-05	-2.81630542740829e-05	0.000172441358857987	0.000178710257297404	-0.000122782501435579
-0.00016700864649468	0.000215437328039692	-7.0362717464155e-05	-2.81604005352007e-05	0.000172425006228667	0.000178695981692401	-0.000122769585559745
-0.000166993620872441	0.000215416808457131	-7.03600148504145e-05	-2.81577452452587e-05	0.000172408644740982	0.000178681695228895	-0.000122756664122821
-0.00016697858445415	0.000215396275753989	-7.0357305353725e-05	-2.81550881316888e-05	0.000172392272610768	0.000178667396088898	-0.000122743736006344
-0.000166963501502769	0.000215375685467568	-7.03545701575409e-05	-2.81524236336178e-05	0.000172375854119201	0.000178653044548109	-0.000122730777132787
-0.000166948581336972	0.000215355297257351	-7.03519193222604e-05	-2.81497854576988e-05	0.000172359598883329	0.00017863887322514	-0.000122717928112762
-0.000166933538097748	0.000215334756656013	-7.03492025340945e-05	-2.8147127373551e-05	0.000172343220578366	0.000178624564448754	-0.000122704996962254
-0.000166918488135603	0.000215314207969129	-7.03464810339859e-05	-2.81444682626638e-05	0.000172326835767324	0.000178610247503555	-0.000122692061838361
-0.000166903477699133	0.000215293708528443	-7.03437791154359e-05	-2.81418154999971e-05	0.000172310490803747	0.000178595973850983	-0.000122679153839473
-0.000166888486394061	0.000215273232978368	-7.0341086036603e-05	-2.81391658754453e-05	0.000172294165171061	0.000178581720692433	-0.000122666259201425
-0.00016687346404351	0.000215252719258305	-7.03383754080064e-05	-2.81365112167259e-05	0.000172277808699328	0.000178567432469051	-0.000122653344247162
-0.000166858409978744	0.000215232166405482	-7.03356469160948e-05	-2.81338514835066e-05	0.000172261420679914	0.000178553108228473	-0.000122640408530862
-0.000166843449111997	0.00021521172925091	-7.03329661789522e-05	-2.81312068366353e-05	0.000172245126202862	0.000178538886896028	-0.000122627535932909
-0.000166828430228291	0.00021519122051384	-7.03302538026217e-05	-2.81285527720587e-05	0.000172228773887527	0.000178524600424716	-0.00012261462495897
-0.000166813379697157	0.000215170672605847	-7.0327523443714e-05	-2.81258936954323e-05	0.000172212390017572	0.000178510278052435	-0.000122601693183094
-0.000166798398855937	0.000215150211457446	-7.03248286141114e-05	-2.81232458271795e-05	0.000172196076218302	0.000178496032500648	-0.000122588808794226
-0.000166783413629336	0.00021512974508666	-7.03221302478414e-05	-2.81205972523521e-05	0.000172179758241818	0.000178481781426369	-0.000122575922033557
-0.000166768364887569	0.000215109200177137	-7.0319397303762e-05	-2.81179384584856e-05	0.000172163376913233	0.000178467459026332	-0.000122562993125613
-0.000166753375455131	0.000215088728987289	-7.03166942879994e-05	-2.81152893010081e-05	0.000172147055129898	0.000178453201853633	-0.000122550104564301
-0.000166738397295793	0.000215068272019572	-7.03139959963225e-05	-2.81126419619544e-05	0.000172130744879005	0.000178438956544708	-0.000122537224100678
-0.000166723371063798	0.000215047755693087	-7.03112712631231e-05	-2.81099868271618e-05	0.000172114386752346	0.00017842465712542	-0.000122524311935851
-0.000166708367373668	0.00021502726751596	-7.03085571043642e-05	-2.81073353913417e-05	0.000172098051372249	0.000178410382125835	-0.000122511415412592
-0.000166693344981483	0.00021500675636589	-7.03058319491932e-05	-2.81046809384039e-05	0.000172081697462703	0.000178396085562769	-0.000122498506877674
-0.000166678378470814	0.000214986314848488	-7.03031349902176e-05	-2.81020354862957e-05	0.000172065399834526	0.000178381850551163	-0.000122485636446391
-0.000166663343435965	0.000214965788369534	-7.03004007117022e-05	-2.80993791042369e-05	0.000172049033677832	0.000178367538561201	-0.000122472720420503
-0.000166648389966946	0.000214945363540171	-7.02977082296143e-05	-2.80967357153654e-05	0.000172032749557079	0.000178353316702268	-0.000122459859887118
-0.000166633392410798	0.000214924883897884	-7.02949912063933e-05	-2.80940854972128e-05	0.000172016421364808	0.000178339045006463	-0.000122446970039075
-0.00016661838256847	0.000214904389541672	-7.02922666397272e-05	-2.8091433098296e-05	0.000172000081215956	0.00017832475909807	-0.000122434072661898
-0.000166603337408908	0.000214883851571042	-7.0289522229993e-05	-2.80887750142567e-05	0.00017198370583834	0.000178310433227719	-0.000122421152094505
-0.000166588415183994	0.000214863466149393	-7.02868412994287e-05	-2.80861368967761e-05	0.000171967453806501	0.000178296243215706	-0.000122408314526257
-0.000166573409243059	0.000214842977286182	-7.0284115146358e-05	-2.8083485184593e-05	0.000171951118209564	0.000178281959634444	-0.000122395421388744
-0.000166558394850552	0.000214822478063204	-7.02813832647968e-05	-2.80808322202647e-05	0.000171934774304168	0.00017826766589811	-0.000122382522988514
-0.000166543429521229	0.000214802039963206	-7.02786760700853e-05	-2.80781870746604e-05	0.000171918479784615	0.000178253426023206	-0.000122369658189011
-0.000166528427845113	0.000214781556964229	-7.0275948492373e-05	-2.80755362410063e-05	0.000171902149077863	0.000178239145075254	-0.000122356769414328
-0.000166513445206719	0.000214761097853261	-7.02732297708578e-05	-2.80728883562736e-05	0.000171885837663838	0.000178224884617856	-0.000122343894029976
-0.000166498456724042	0.000214740631731408	-7.02705067415904e-05	-2.80702395549564e-05	0.000171869520644054	0.000178210616982172	-0.000122331015257708
-0.000166483448948637	0.00021472014185165	-7.0267772350318e-05	-2.80675877015017e-05	0.000171853184471188	0.00017819632723657	-0.000122318124023621
-0.000166468528432426	0.000214699760409456	-7.02650826737115e-05	-2.80649499547099e-05	0.000171836935953032	0.000178182133769855	-0.000122305291952712
-0.000166453454409667	0.000214679188925704	-7.02623110270841e-05	-2.80622873440181e-05	0.000171820533875419	0.000178167769013943	-0.00012229235735791
-0.000166438542994682	0.000214658819122637	-7.02596236884512e-05	-2.80596512002192e-05	0.000171804294877426	0.00017815358430498	-0.000122279532377249
-0.000166423549234108	0.000214638347556355	-7.02568918723757e-05	-2.80570016680413e-05	0.00017178797366655	0.000178139307483935	-0.000122266652705094
-0.000166408578601736	0.000214617904964291	-7.02541710427378e-05	-2.80543558204161e-05	0.000171771675816328	0.000178125055579591	-0.000122253789174541
-0.000166393569538299	0.000214597414784426	-7.02514287077328e-05	-2.80517038680822e-05	0.000171755339698106	0.000178110760340987	-0.000122240900256743
-0.000166378610447909	0.000214576987012972	-7.02487115847653e-05	-2.80490599063182e-05	0.000171739053866915	0.000178096519956941	-0.000122228045561137
-0.000166363612262056	0.000214556510695282	-7.02459724997648e-05	-2.80464097943091e-05	0.000171722729034804	0.000178082235438928	-0.000122215164978252
-0.000166348658209303	0.000214536089547003	-7.02432555888671e-05	-2.80437667203983e-05	0.000171706448713962	0.000178067999312762	-0.000122202314699685
-0.000166333693848823	0.000214515655825448	-7.02405320287744e-05	-2.80411220095591e-05	0.000171690158231111	0.000178053751052204	-0.000122189457996569
-0.00016631872106973	0.000214495211721573	-7.02378027731508e-05	-2.80384760176266e-05	0.000171673859543885	0.000178039492744128	-0.000122176596136555
-0.000166303741480113	0.000214474759616286	-7.0235068777829e-05	-2.80358288890165e-05	0.000171657554282924	0.000178025226209126	-0.000122163730257186
-0.000166288758817433	0.000214454303848997	-7.02323319653163e-05	-2.80331812324e-05	0.000171641246137985	0.000178010955548952	-0.000122150862928889
-0.000166273799398313	0.0002144338771045	-7.02296061982216e-05	-2.80305373898983e-05	0.000171624961534979	0.000177996710114259	-0.00012213801166977
-0.000166258858023786	0.000214413472944368	-7.02268886684614e-05	-2.80278965315546e-05	0.000171608695156977	0.000177982484016528	-0.000122125173023391
-0.000166243862663798	0.000214393002075444	-7.02241415378134e-05	-2.80252469484193e-05	0.000171592374963517	0.000177968197234701	-0.000122112298695052
-0.000166228882618816	0.000214372550463686	-7.02214013252427e-05	-2.80225998116777e-05	0.000171576070329658	0.000177953926791367	-0.000122099435226515
-0.000166213967138507	0.000214352179094164	-7.02186938139442e-05	-2.80199631257777e-05	0.000171559830590071	0.000177939727500319	-0.000122086615598344
-0.000166198939543019	0.000214331668948499	-7.02159261519765e-05	-2.80173083850926e-05	0.000171543478751784	0.000177925402806978	-0.000122073721248693
-0.000166184042214856	0.00021431132051896	-7.02132258189637e-05	-2.80146746779297e-05	0.000171527257647464	0.000177911222352424	-0.000122060914872942
-0.000166169034119396	0.00021429083507489	-7.02104660274365e-05	-2.80120230463027e-05	0.000171510925791457	0.00017789691804989	-0.000122048034705523
-0.00016615406858711	0.000214270402593662	-7.02077273791527e-05	-2.80093783744948e-05	0.000171494636798733	0.000177882660406213	-0.000122035183636356
-0.00016613914962868	0.000214250027961126	-7.02050120646343e-05	-2.80067412713938e-05	0.000171478394647012	0.000177868453819785	-0.00012202236429398
-0.000166124188774944	0.000214229601689341	-7.02022735178318e-05	-2.80040973496369e-05	0.000171462110757845	0.000177854199978622	-0.00012200951744366
-0.000166109223884506	0.0002142091707312	-7.01995316368907e-05	-2.80014527931881e-05	0.000171445823111266	0.000177839941065995	-0.000121996668404553
-0.000166094271781582	0.000214188755693484	-7.01967952940544e-05	-2.7998810353644e-05	0.00017142954840399	0.000177825695616557	-0.00012198382846754
-0.000166079257789796	0.000214168264336609	-7.01940251791877e-05	-2.7996157874171e-05	0.000171413212016018	0.000177811380753026	-0.000121970947565466
-0.000166064391791607	0.000214147956513477	-7.01913317638185e-05	-2.79935293911278e-05	0.000171397023978129	0.000177797229683821	-0.000121958166439048
-0.00016604939425801	0.000214127485965478	-7.01885678692366e-05	-2.79908795699016e-05	0.000171380704506313	0.000177782931772008	-0.00012194529768958
-0.000166034459223897	0.000214107093009924	-7.01858357287678e-05	-2.79882400510897e-05	0.000171364447767303	0.000177768702570857	-0.000121932471266063
-0.000166019483656236	0.00021408665018801	-7.01830810542411e-05	-2.79855937475575e-05	0.000171348150742809	0.000177754427730867	-0.000121919618328165
-0.00016600455998543	0.000214066271605508	-7.01803523845204e-05	-2.79829562063304e-05	0.000171331905804255	0.000177740209827103	-0.00012190680053533
-0.000165989638452671	0.00021404589633893	-7.01776238349293e-05	-2.79803186115438e-05	0.000171315663351559	0.000177725993751737	-0.00012189398501455
-0.000165974656600974	0.000214025446304035	-7.01748622410243e-05	-2.79776714904147e-05	0.000171299360657122	0.000177711709858225	-0.000121881129350101
-0.00016595970324905	0.000214005031771991	-7.01721144095481e-05	-2.79750290111888e-05	0.000171283086655011	0.000177697456993711	-0.000121868293374763
-0.000165944755101295	0.00021398462394899	-7.01693681644765e-05	-2.79723873999752e-05	0.000171266818184065	0.000177683209247499	-0.000121855461379747
-0.00016592985532457	0.000213964276390283	-7.016664618862e-05	-2.79697535326756e-05	0.00017125059833048	0.000177669014608979	-0.000121842662455067
-0.000165914895304368	0.000213943854421479	-7.01638913397536e-05	-2.79671099504908e-05	0.000171234318393013	0.000177654752343132	-0.000121829823672513
-0.000165899975516741	0.000213923482296485	-7.0161156383395e-05	-2.79644730008044e-05	0.000171218078909297	0.00017764053407681	-0.000121817012299456
-0.000165884993208812	0.000213903033135024	-7.01583873796187e-05	-2.79618258391262e-05	0.000171201777086558	0.000177626245688629	-0.000121804159607022
-0.000165870078176061	0.000213882667580295	-7.01556526266564e-05	-2.79591895991586e-05	0.000171185542873799	0.000177612031425183	-0.000121791352562101
-0.000165855102572839	0.000213862227082043	-7.01528847114191e-05	-2.79565436091776e-05	0.000171169248146946	0.000177597749097258	-0.000121778505384352
-0.000165840223939791	0.000213841907012631	-7.01501667024415e-05	-2.79539133376345e-05	0.000171153050784918	0.000177583573947489	-0.000121765723814279
-0.000165825277850286	0.000213821503555062	-7.01474119147241e-05	-2.79512721809184e-05	0.000171136786090466	0.000177569323109132	-0.000121752897473595
-0.000165810320611713	0.000213801086583996	-7.01446501907149e-05	-2.79486291353053e-05	0.000171120510453378	0.000177555059260349	-0.00012174006429333
-0.000165795398653946	0.000213780713573426	-7.01419057818481e-05	-2.79459918560215e-05	0.000171104270412815	0.000177540833929367	-0.000121727255269523
-0.000165780511522488	0.000213760383792165	-7.01391784578391e-05	-2.79433602960125e-05	0.000171088065381575	0.000177526646628727	-0.000121714470077347
-0.000165765510842103	0.000213739913696061	-7.01363902667201e-05	-2.79407102525249e-05	0.000171071746930644	0.000177512332446943	-0.000121701609348372
-0.000165750592188985	0.000213719545383989	-7.0133643984352e-05	-2.7938073669841e-05	0.000171055510800149	0.000177498108770019	-0.000121688804080242
-0.000165735700449234	0.000213699210734226	-7.01309107106751e-05	-2.79354412757553e-05	0.000171039301914352	0.000177483914422932	-0.000121676017488578
-0.000165720725193823	0.000213678772685404	-7.01281322678347e-05	-2.79327955250578e-05	0.000171023009496417	0.000177469626422462	-0.000121663175320277
-0.000165705871106245	0.000213658485074403	-7.01254164276952e-05	-2.79301693645925e-05	0.000171006838682597	0.000177455472555148	-0.000121650415012709
-0.000165690893824677	0.000213638045043658	-7.01226344941575e-05	-2.79275232389778e-05	0.000170990544754585	0.00017744118102625	-0.000121637572593741
-0.000165675991644493	0.000213617698298536	-7.011989098301e-05	-2.79248893227807e-05	0.000170974326236736	0.00017742697234948	-0.000121624781068523
-0.000165661068124608	0.000213597325383376	-7.01171350018029e-05	-2.79222519486292e-05	0.000170958086556129	0.000177412739258212	-0.000121611975797357
-0.00016564610828395	0.000213576907672451	-7.01143587555561e-05	-2.79196086608053e-05	0.000170941810775059	0.000177398465153744	-0.000121599146704968
-0.000165631246354554	0.000213556611419058	-7.01116327633811e-05	-2.7916981392177e-05	0.000170925633161123	0.000177384299187601	-0.000121586383725492
-0.000165616290859379	0.000213536199522059	-7.01088563948363e-05	-2.79143388713177e-05	0.000170909362133195	0.000177370028536968	-0.000121573558589574
-0.000165601399145648	0.000213515866899321	-7.0106112418783e-05	-2.79117066881093e-05	0.000170893155176412	0.000177355828163452	-0.000121560776780109
-0.000165586454153356	0.000213495468538369	-7.0103339201797e-05	-2.79090659015399e-05	0.000170876895184795	0.000177341567870852	-0.000121547959786548
-0.000165571578559544	0.000213475156301234	-7.01006013059495e-05	-2.79064363888299e-05	0.000170860704785079	0.000177327384070884	-0.000121535189806163
-0.000165556666386485	0.000213454798958686	-7.00978429455691e-05	-2.79038010198018e-05	0.000170844477986529	0.000177313158931588	-0.000121522395818939
-0.00016554169115536	0.000213434363805984	-7.00950502146788e-05	-2.79011553498774e-05	0.000170828188296446	0.000177298863022514	-0.000121509560128095
-0.000165526834725038	0.000213414075946917	-7.00923188721829e-05	-2.78985290595246e-05	0.000170812017780998	0.000177284698514406	-0.000121496804612268
-0.00016551190106396	0.00021339369277	-7.00895456534623e-05	-2.78958901423366e-05	0.00017079577017097	0.000177270447515587	-0.00012148399784577
-0.000165497000484058	0.000213373350686948	-7.00867886487683e-05	-2.78932566918043e-05	0.000170779555873704	0.000177256232590343	-0.000121471213788103
-0.000165482123539763	0.000213353038214757	-7.00840429154401e-05	-2.78906270481227e-05	0.000170763365454907	0.000177242043277424	-0.00012145844611967
-0.000165467159174079	0.000213332617592099	-7.0081249927377e-05	-2.78879832696973e-05	0.00017074708776911	0.000177227756141714	-0.000121445620351879
-0.000165452262460009	0.000213312281038477	-7.0078491465949e-05	-2.78853504779263e-05	0.000170730878020289	0.000177213543505438	-0.000121432840467089
-0.000165437415001676	0.00021329200573187	-7.00757576449669e-05	-2.78827256874588e-05	0.000170714717763129	0.000177199385015085	-0.000121420094173486
-0.00016542242910287	0.000213271559133463	-7.00729498332581e-05	-2.7880078440996e-05	0.000170698419150496	0.000177185071886278	-0.000121407255569608
-0.000165407589237422	0.000213251293661003	-7.00702176381456e-05	-2.78774549214303e-05	0.000170682266991892	0.000177170920514363	-0.000121394515399144
-0.000165392671442124	0.000213230931989453	-7.00674432953241e-05	-2.78748187164824e-05	0.000170666037028339	0.00017715668182948	-0.000121381723559074
-0.00016537776179916	0.000213210580479913	-7.00646720129885e-05	-2.78721839346583e-05	0.000170649815387988	0.00017714245146086	-0.00012136893764482
-0.000165362863990479	0.000213190243915015	-7.00619057570143e-05	-2.78695510647162e-05	0.000170633605829119	0.000177128233639495	-0.000121356160223338
-0.000165347956356324	0.000213169895450782	-7.00591331870802e-05	-2.78669165878782e-05	0.000170617386719731	0.000177114004285689	-0.000121343376761548
-0.000165333072360378	0.000213149576520216	-7.00563719132317e-05	-2.78642859554042e-05	0.000170601191449779	0.000177099800506911	-0.000121330609710677
-0.000165318166400232	0.000213129230496739	-7.00535977837813e-05	-2.78616518057783e-05	0.000170584974402976	0.000177085571586785	-0.000121317828373057
-0.000165303308079928	0.000213108943780856	-7.00508476112957e-05	-2.78590254232684e-05	0.00017056880526143	0.000177071395072656	-0.000121305079555864
-0.000165288373326841	0.00021308856264831	-7.00480560222871e-05	-2.78563865381727e-05	0.000170552559861439	0.000177057132840636	-0.000121292280089516
-0.000165273512129499	0.000213068272718851	-7.00453019067751e-05	-2.78537598441715e-05	0.000170536388232299	0.000177042951697397	-0.000121279530290036
-0.000165258608220663	0.000213047930417223	-7.00425242588718e-05	-2.78511259195176e-05	0.000170520174216926	0.000177028722548288	-0.0001212667526348
-0.000165243723721648	0.000213027612040034	-7.00397554810432e-05	-2.7848495359902e-05	0.000170503979697242	0.000177014514151676	-0.000121253988346042
-0.000165228820051336	0.000213007270294385	-7.00369755099114e-05	-2.78458617128038e-05	0.0001704877663029	0.000177000283893211	-0.000121241211762432
-0.000165213928313319	0.00021298694359486	-7.00342006319278e-05	-2.7843229951567e-05	0.00017047156501606	0.000176986066170726	-0.000121228443710191
-0.00016519907197754	0.000212966660887923	-7.00314432282474e-05	-2.78406039670677e-05	0.00017045539941335	0.000176971887168136	-0.000121215699977906
-0.000165184187464647	0.000212946343520343	-7.00286697258995e-05	-2.78379734824788e-05	0.000170439205810467	0.00017695767615903	-0.000121202937802475
-0.000165169255253797	0.000212925967399413	-7.00258700066757e-05	-2.78353351374242e-05	0.00017042296470305	0.000176943411534826	-0.000121190144269749
-0.000165154426667521	0.000212905719856188	-7.00231236982866e-05	-2.78327136942142e-05	0.000170406827565417	0.000176929261378085	-0.000121177420725743
-0.000165139504970831	0.000212885357053598	-7.00203270360793e-05	-2.78300772170231e-05	0.000170390597386758	0.000176915007052067	-0.00012116463522175
-0.000165124631817774	0.000212865054671427	-7.00175548304371e-05	-2.78274486228492e-05	0.000170374416018013	0.000176900806027162	-0.000121151882758602
-0.000165109790180307	0.000212844791605028	-7.00147980894211e-05	-2.78248250984046e-05	0.000170358266460627	0.000176886639423508	-0.000121139152094857
-0.00016509485420077	0.000212824412030264	-7.00119904598583e-05	-2.78221862237173e-05	0.000170342022698215	0.00017687236725239	-0.000121126358674454
-0.000165080051950199	0.000212804197968937	-7.00092519950214e-05	-2.78195692731157e-05	0.000170325912914569	0.000176858243063592	-0.000121113655307883
-0.000165065101062449	0.000212783800346977	-7.00064341162786e-05	-2.78169280337835e-05	0.000170309654676758	0.000176843952997066	-0.000121100852967966
-0.000165050237147663	0.000212763510596195	-7.00036609014611e-05	-2.78143009657325e-05	0.000170293483672986	0.000176829758930137	-0.000121088109426501
-0.000165035425038658	0.00021274328525743	-7.00009137937982e-05	-2.78116823114157e-05	0.000170277364795919	0.000176815621886171	-0.000121075401152398
-0.000165020467070634	0.000212722879396401	-6.99980885953896e-05	-2.7809040091531e-05	0.000170261100033813	0.000176801321939528	-0.000121062595579823
-0.00016500563872722	0.000212702634400617	-6.99953305572341e-05	-2.78064188263469e-05	0.000170244965329129	0.00017678716544671	-0.000121049877482415
-0.000164990761945122	0.000212682329621058	-6.99925458065055e-05	-2.78037897349578e-05	0.000170228782293315	0.000176772954488778	-0.000121037127419257
-0.00016497590618527	0.000212662051088733	-6.99897709510733e-05	-2.78011641069442e-05	0.000170212620578987	0.000176758766186336	-0.000121024391987624
-0.000164961052518363	0.000212641775397017	-6.99869960262521e-05	-2.77985387931324e-05	0.000170196461136279	0.000176744579575248	-0.000121011658478064
-0.000164946153852728	0.000212621444112618	-6.99841961591431e-05	-2.77959062772908e-05	0.00017018025688393	0.000176730342296358	-0.000120998895296928
-0.000164931290624025	0.000212601157097494	-6.9981413875625e-05	-2.77932794021194e-05	0.000170164088338261	0.000176716143753843	-0.000120986156503401
-0.000164916426944293	0.000212580869690324	-6.99786300972088e-05	-2.77906525534026e-05	0.0001701479195532	0.00017670194402044	-0.000120973417831304
-0.000164901574711135	0.000212560596670949	-6.99758512271928e-05	-2.7788027530699e-05	0.000170131762416807	0.000176687756367651	-0.000120960687446849
-0.000164886706785668	0.000212540304476809	-6.99730628873213e-05	-2.77854000267988e-05	0.000170115589850049	0.000176673550657258	-0.000120947946993192
-0.000164871866867311	0.000212520047101171	-6.99702880748235e-05	-2.77827770614773e-05	0.000170099445449996	0.00017665937532968	-0.000120935225895145
-0.000164856995298925	0.000212499750998699	-6.99674955460285e-05	-2.77801488851549e-05	0.000170083269722572	0.000176645164276339	-0.0001209224841669
-0.000164842126913756	0.000212479458672719	-6.99647032852482e-05	-2.77775214833865e-05	0.000170067097220866	0.000176630955941309	-0.00012090974488288
-0.000164827252877725	0.000212459159953417	-6.99619071330496e-05	-2.7774892900922e-05	0.000170050919455142	0.000176616740837389	-0.000120897002612967
-0.000164812402049692	0.000212438890026187	-6.99591218328473e-05	-2.7772268308972e-05	0.000170034765026653	0.000176602550782876	-0.000120884276208402
-0.000164797593927082	0.00021241867324915	-6.99563579443369e-05	-2.77696505516156e-05	0.000170018653583744	0.000176588407578906	-0.000120871579105484
-0.000164782685275512	0.000212398332167033	-6.9953539891688e-05	-2.77670165467307e-05	0.00017000244176453	0.000176574151885926	-0.000120858815081705
-0.00016476785910137	0.00021237809359146	-6.99507641081787e-05	-2.77643958555233e-05	0.000169986312739331	0.000176559987407308	-0.000120846106895639
-0.000164752988258098	0.000212357799716373	-6.99479636352175e-05	-2.77617680790546e-05	0.000169970139138678	0.000176545772396196	-0.000120833369255269
-0.000164738162106506	0.000212337561527644	-6.9945185505061e-05	-2.77591474627656e-05	0.000169954010548028	0.000176531606521993	-0.000120820662123915
-0.000164723294316348	0.000212317272094316	-6.99423842965771e-05	-2.77565200933064e-05	0.000169937840536517	0.000176517393697499	-0.000120807927647248
-0.000164708448771415	0.000212297010306409	-6.99395936152626e-05	-2.7753896438866e-05	0.000169921692936767	0.000176503204948365	-0.000120795208567552
-0.000164693596879997	0.000212276740894392	-6.99367983785643e-05	-2.77512717122581e-05	0.00016990553923079	0.000176489008464099	-0.000120782485739119
-0.000164678769174094	0.000212256501721207	-6.99340147489007e-05	-2.77486508950663e-05	0.000169889409923699	0.000176474838220995	-0.000120769779722325
-0.000164663928567052	0.000212236246756835	-6.99312231473154e-05	-2.77460281221907e-05	0.000169873267999963	0.000176460653033249	-0.000120757065497253
-0.000164649055525018	0.000212215951892955	-6.99284132391932e-05	-2.77433999480367e-05	0.000169857093744452	0.000176446430993904	-0.000120744330131973
-0.000164634215129612	0.000212195697749974	-6.992561945229e-05	-2.77407771165058e-05	0.000169840952467769	0.000176432244742772	-0.000120731617230928
-0.00016461939331136	0.000212175466693561	-6.99228341963232e-05	-2.773815743816e-05	0.000169824829933038	0.000176418078412337	-0.000120718917140383
-0.000164604564280996	0.000212155226928835	-6.99200439148624e-05	-2.77355365259921e-05	0.000169808700393494	0.000176403903427366	-0.00012070621282969
-0.000164589682104775	0.000212134921749423	-6.99172245746151e-05	-2.77329070037411e-05	0.000169792517957894	0.000176389668698519	-0.000120693473458066
-0.000164574883394775	0.000212114720066214	-6.99144480195875e-05	-2.77302909997565e-05	0.000169776419214895	0.000176375526075682	-0.000120680790536513
-0.000164560019872903	0.000212094438313375	-6.99116360718642e-05	-2.77276645787574e-05	0.000169760255826559	0.000176361310801759	-0.000120668064684023
-0.000164545194271219	0.000212074203762361	-6.99088429818862e-05	-2.77250443057268e-05	0.000169744130620354	0.000176347137005942	-0.000120655364761312
-0.000164530391021447	0.000212053997179426	-6.99060604637466e-05	-2.77224276252e-05	0.00016972802803928	0.000176332987414721	-0.000120642680396469
-0.00016451549707773	0.000212033678522079	-6.99032290355124e-05	-2.77197962798631e-05	0.000169711834853599	0.000176318736306615	-0.000120629935766899
-0.000164500676736595	0.000212013451117259	-6.99004351436584e-05	-2.77171769139843e-05	0.000169695715552393	0.000176304566386169	-0.000120617240930831
-0.000164485878298079	0.000211993251234693	-6.98976517304016e-05	-2.77145610255757e-05	0.000169679618459116	0.00017629042021669	-0.000120604561403698
-0.000164471020721972	0.000211972978199707	-6.9894835843555e-05	-2.77119356727326e-05	0.000169663462290699	0.000176276207561332	-0.000120591842692631
-0.000164456219353508	0.000211952775122648	-6.9892048538446e-05	-2.77093194276214e-05	0.000169647362708095	0.000176262056817388	-0.00012057916220316
-0.000164441380600885	0.00021193252585771	-6.98892402509893e-05	-2.77066971037139e-05	0.000169631225848017	0.000176247863820783	-0.00012056645715304
-0.000164426533436589	0.000211912266566069	-6.98864264458109e-05	-2.77040733734878e-05	0.000169615080862495	0.000176233660822631	-0.000120553747085233
-0.000164411738514357	0.000211892071955329	-6.98836389108511e-05	-2.77014583269621e-05	0.00016959898827603	0.000176219515239488	-0.000120541072401881
-0.000164396898402579	0.000211871821847315	-6.98808264765378e-05	-2.76988357505439e-05	0.000169582850760228	0.00017620531875262	-0.000120528368113739
-0.000164382044251683	0.000211851554431097	-6.98780053820514e-05	-2.76962110759777e-05	0.000169566699364902	0.000176191106053027	-0.000120515654846668
-0.00016436727928032	0.000211831397842893	-6.98752302438592e-05	-2.76936007432378e-05	0.000169550637516003	0.000176176991822409	-0.000120503001960551
-0.000164352444477663	0.000211811154877603	-6.987241701591e-05	-2.76909792152431e-05	0.000169534505948567	0.000176162799314997	-0.000120490302686627
-0.000164337623166817	0.000211790928784233	-6.98696097445675e-05	-2.7688359930788e-05	0.000169518388046415	0.000176148621115584	-0.000120477612996616
-0.000164322788972181	0.000211770687197181	-6.98667945876058e-05	-2.76857383202855e-05	0.000169502257573589	0.000176134428032243	-0.000120464915371113
-0.000164307973793583	0.000211750469166806	-6.98639882261258e-05	-2.76831201025769e-05	0.000169486146270326	0.000176120255284198	-0.00012045223081545
-0.000164293159337497	0.000211730252440076	-6.98611810792497e-05	-2.76805018025773e-05	0.000169470035981008	0.000176106082854476	-0.000120439547377383
-0.000164278363044834	0.000211710058269088	-6.98583823197617e-05	-2.76778866208516e-05	0.000169453944008635	0.000176091929844982	-0.000120426876574608
-0.000164263517275255	0.000211689803191958	-6.98555563585085e-05	-2.76752633270169e-05	0.000169437802833433	0.000176077721265357	-0.000120414173198496
-0.000164248721957506	0.000211669610634263	-6.98527557211823e-05	-2.76726483621316e-05	0.000169421712219349	0.000176063568032084	-0.00012040150405802
-0.000164233916737089	0.000211649406314275	-6.98499488635713e-05	-2.76700316048433e-05	0.000169405612100715	0.000176049403222134	-0.00012038882896484
-0.00016421908122146	0.000211629164506046	-6.98471247220431e-05	-2.76674101384313e-05	0.000169389481735442	0.000176035204052516	-0.000120376133989995
-0.000164204321537534	0.000211609016921924	-6.9844339467811e-05	-2.7664800892062e-05	0.000169373427543612	0.000176021088527795	-0.000120363490343448
-0.00016418945885787	0.000211588742070681	-6.98414987384231e-05	-2.76621749001902e-05	0.000169357270526048	0.000176006857885956	-0.000120350778324077
-0.00016417464728663	0.000211568530553326	-6.98386837258771e-05	-2.76595573771299e-05	0.000169341164789512	0.00017599268331038	-0.000120338100924149
-0.000164159885237408	0.000211548380737482	-6.98358936994208e-05	-2.76569478431217e-05	0.00016932510886556	0.000175978563278847	-0.000120325457298853
-0.000164145055352692	0.000211528147065973	-6.98330667341963e-05	-2.76543272791996e-05	0.000169308985266577	0.000175964367063464	-0.000120312768761566
-0.000164130251724751	0.000211507946290893	-6.98302524814592e-05	-2.76517109623143e-05	0.000169292888240087	0.000175950199492701	-0.000120300098346935
-0.000164115461533977	0.000211487762229873	-6.9827444088618e-05	-2.7649096918784e-05	0.0001692768047774	0.000175936046144069	-0.000120287437432084
-0.000164100666009796	0.000211467571831908	-6.98246317288979e-05	-2.76464819890269e-05	0.000169260716264066	0.00017592188623905	-0.000120274773474528
-0.00016408584424879	0.000211447349218394	-6.98218044241014e-05	-2.76438628240509e-05	0.000169244601670032	0.000175907696499389	-0.000120262092483722
-0.000164071032561323	0.000211427139243207	-6.98189811763894e-05	-2.76412453463102e-05	0.000169228497347296	0.000175893517265213	-0.000120249418735386
-0.000164056270675166	0.000211406991247956	-6.98161831029845e-05	-2.76386358761616e-05	0.000169212443168476	0.000175879392891667	-0.000120236778934288
-0.000164041489743479	0.000211386819851285	-6.98133737638516e-05	-2.76360234051582e-05	0.000169196370090711	0.000175865246574737	-0.000120224126841373
-0.000164026647761668	0.000211366573101696	-6.98105311280027e-05	-2.76334010204269e-05	0.00016918023618747	0.000175851031779597	-0.000120211434417438
-0.000164011874623227	0.000211346411795044	-6.98077235413742e-05	-2.76307898324684e-05	0.000169164171308009	0.000175836892866467	-0.000120198788581237
-0.000163997065984536	0.000211326206786371	-6.9804896142469e-05	-2.76281729594957e-05	0.000169148071182436	0.000175822713798825	-0.000120186119520558
-0.000163982298198584	0.000211306052638055	-6.9802089131335e-05	-2.76255625402365e-05	0.000169132012192361	0.00017580857959807	-0.000120173478429259
-0.000163967474258765	0.000211285829099933	-6.97992512707461e-05	-2.7622943251553e-05	0.000169115897124747	0.000175794382220422	-0.000120160800076968
-0.000163952722022874	0.000211265694622514	-6.97964500960893e-05	-2.76203355113573e-05	0.000169099854091526	0.000175780263920143	-0.000120148170411425
-0.000163937892400101	0.000211245464626884	-6.97936070035744e-05	-2.76177151615651e-05	0.000169083733855303	0.000175766059016397	-0.000120135489459217
-0.00016392312687883	0.000211225314084192	-6.97907964358237e-05	-2.7615105361819e-05	0.000169067677962577	0.000175751924694212	-0.000120122851833895
-0.000163908344515129	0.000211205143035333	-6.97879759190001e-05	-2.76124927725292e-05	0.000169051605422577	0.000175737770976951	-0.000120110203543061
-0.000163893535315256	0.000211184938873205	-6.97851400485727e-05	-2.76098758909913e-05	0.00016903550621554	0.000175723586759782	-0.000120097537777922
-0.000163878769411478	0.000211164788658375	-6.97823258040756e-05	-2.76072660113395e-05	0.000169019450617716	0.000175709450088782	-0.000120084901546018
-0.000163863980370826	0.000211144610031376	-6.9779498325373e-05	-2.76046524018154e-05	0.000169003372084246	0.000175695287007484	-0.000120072250353858
-0.000163849227489618	0.000211124476377951	-6.97766886518722e-05	-2.76020445941823e-05	0.000168987329881957	0.000175681163522116	-0.000120059623945259
-0.000163834394580412	0.000211104243772429	-6.97738355916362e-05	-2.7599424039476e-05	0.000168971207884124	0.000175666950358484	-0.000120046944302767
-0.000163819667232598	0.000211084142243481	-6.97710371175102e-05	-2.75968203842288e-05	0.00016895519171483	0.000175652853977304	-0.000120034336058891
-0.000163804854303937	0.000211063934898136	-6.97681922941749e-05	-2.75942030268346e-05	0.000168939090105201	0.00017563866173357	-0.000120021670930396
-0.000163790089932787	0.000211043787984484	-6.97653719525584e-05	-2.75915934406764e-05	0.000168923037350589	0.00017562452286294	-0.00012000903890216
-0.000163775313421176	0.00021102362612966	-6.97625439629798e-05	-2.7588982055393e-05	0.000168906972619447	0.00017561036986212	-0.00011999639918216
-0.000163760541316629	0.000211003470119986	-6.97597172848521e-05	-2.75863712487483e-05	0.000168890912536496	0.000175596221075811	-0.000119983763012272
-0.000163745793651734	0.000210983344500065	-6.97569022146266e-05	-2.75837644868283e-05	0.00016887487715167	0.000175582098907098	-0.000119971143722978
-0.000163730997458818	0.000210963159066879	-6.97540604487415e-05	-2.75811498678035e-05	0.000168858793381937	0.000175567922048626	-0.000119958492447551
-0.000163716190914806	0.000210942961005774	-6.97512120037373e-05	-2.75785336065378e-05	0.000168842699472746	0.000175553733000253	-0.000119945834741071
-0.000163701438391818	0.000210922830077599	-6.97483909278991e-05	-2.75759261446568e-05	0.000168826659847389	0.000175539603478915	-0.000119933213763457
-0.000163686684040432	0.000210902697211739	-6.97455677812348e-05	-2.75733182714295e-05	0.000168810618652107	0.00017552547126095	-0.000119920592105398
-0.000163671896086584	0.000210882522866905	-6.97427256462872e-05	-2.7570705095261e-05	0.000168794544002683	0.000175511300980549	-0.000119907948431097
-0.000163657155000628	0.000210862406734187	-6.97399071387071e-05	-2.75680995452622e-05	0.000168778516473553	0.000175497182185007	-0.000119895336655323
-0.000163642397610006	0.00021084227079006	-6.97370788815474e-05	-2.75654912462687e-05	0.000168762472881751	0.000175483044654451	-0.00011988271455014
-0.000163627606000229	0.000210822092664396	-6.97342314131925e-05	-2.75628774782342e-05	0.000168746395236459	0.000175468868423949	-0.000119870070033629
-0.00016361282984944	0.000210801933774214	-6.97313908303888e-05	-2.75602663118513e-05	0.000168730333236639	0.000175454708665514	-0.000119857436288017
-0.000163598092889523	0.000210781823771142	-6.9728569887257e-05	-2.75576614468514e-05	0.000168714310750349	0.000175440591921282	-0.000119844829439292
-0.000163583338962277	0.000210761693064145	-6.97257388428303e-05	-2.75550537879709e-05	0.000168698271489284	0.000175426455688299	-0.000119832211728163
-0.000163568559845111	0.000210741531213657	-6.9722893293947e-05	-2.75524422044954e-05	0.000168682207208302	0.000175412290712683	-0.000119819577597009
-0.000163553796726432	0.000210721389498104	-6.97200550035804e-05	-2.75498331202143e-05	0.000168666159170404	0.000175398142897819	-0.000119806954769312
-0.000163539046467258	0.000210701263951042	-6.9717222412214e-05	-2.75472261292023e-05	0.000168650124227933	0.000175384008821097	-0.00011979434108491
-0.000163524287711408	0.000210681128109264	-6.97143841530724e-05	-2.75446178510256e-05	0.000168634080963993	0.000175369864571957	-0.000119781722193735
-0.000163509548549261	0.000210661016689789	-6.97115550537045e-05	-2.75420127030489e-05	0.000168618057550494	0.000175355741482107	-0.000119769116998635
-0.000163494786809687	0.000210640877663926	-6.97087129161549e-05	-2.75394039363306e-05	0.000168602011795492	0.000175341592696665	-0.000119756497149025
-0.000163480021805364	0.000210620734734067	-6.97058678686066e-05	-2.7536794703297e-05	0.000168585962910181	0.000175327439584823	-0.000119743875651862
-0.000163465280346442	0.000210600621127106	-6.97030340733422e-05	-2.75341892844866e-05	0.000168569937857369	0.000175313311996834	-0.000119731270425104
-0.000163450512683655	0.000210580475550927	-6.97001853850431e-05	-2.75315795129297e-05	0.00016855388683748	0.000175299154717319	-0.000119718648276118
-0.000163435767800389	0.0002105603580764	-6.96973474264423e-05	-2.75289736807131e-05	0.000168537858737626	0.000175285022033581	-0.000119706041727501
-0.000163421041698107	0.00021054026444825	-6.96945183843202e-05	-2.75263706482317e-05	0.000168521849750088	0.000175270909627025	-0.000119693448474237
-0.000163406273364849	0.000210520118534667	-6.96916657764134e-05	-2.75237609526774e-05	0.000168505798649535	0.000175256749655218	-0.000119680827359581
-0.000163391521630293	0.000210499993375315	-6.96888207978204e-05	-2.75211540013472e-05	0.000168489764373198	0.000175242607425297	-0.000119668217850224
-0.000163376781780328	0.000210479883256016	-6.96859809349269e-05	-2.75185488552137e-05	0.0001684737422512	0.000175228477822427	-0.000119655616856191
-0.00016336206590771	0.000210459803072841	-6.96831526374349e-05	-2.75159476844158e-05	0.000168457744311248	0.000175214374242144	-0.000119643032498156
-0.00016334725557246	0.000210439606088131	-6.96802732193767e-05	-2.75133312447988e-05	0.000168441652043105	0.000175200164901843	-0.000119630385295427
-0.000163332584630048	0.000210419581956472	-6.96774662993158e-05	-2.75107373858604e-05	0.000168425699546837	0.000175186110052544	-0.000119617832047489
-0.000163317808722988	0.000210399428166377	-6.96746028120906e-05	-2.75081264780597e-05	0.000168409642211688	0.000175171937798028	-0.000119605209044586
-0.000163303075598545	0.000210379327434534	-6.96717607348227e-05	-2.75055226042374e-05	0.000168393627845639	0.000175157812395792	-0.000119592615111744
-0.00016328835381399	0.000210359241042783	-6.96689234566672e-05	-2.75029205992544e-05	0.000168377625087493	0.000175143699062894	-0.000119580029349017
-0.000163273602720414	0.000210339118669398	-6.96660696431275e-05	-2.75003137705475e-05	0.000168361593214615	0.000175129552439784	-0.000119567424520378
-0.000163258877756978	0.000210319028743147	-6.96632284067668e-05	-2.74977112662894e-05	0.000168345587739024	0.000175115434273079	-0.000119554837672581
-0.000163244094276115	0.000210298866660207	-6.96603551192214e-05	-2.74950992871885e-05	0.00016832952385356	0.000175101250348211	-0.00011954221214739
-0.000163229436443875	0.000210278860496814	-6.96575470785291e-05	-2.7492507546998e-05	0.000168313586007031	0.000175087205616688	-0.000119529671376017
-0.000163214645374464	0.000210258689451424	-6.96546674804933e-05	-2.74898944074755e-05	0.000168297515010067	0.000175073011928796	-0.000119517041798078
-0.000163199902125308	0.000210238577793426	-6.96518119686594e-05	-2.74872890706308e-05	0.000168281492018973	0.000175058870835985	-0.000119504444747506
-0.000163185226584144	0.000210218550325894	-6.96489910845081e-05	-2.74846945760247e-05	0.000168265537071541	0.000175044804455113	-0.00011949189363588
-0.000163170434432265	0.000210198378657739	-6.96461074627813e-05	-2.74820812584762e-05	0.000168249465632223	0.00017503060767074	-0.000119479264937446
-0.000163155794646354	0.000210178395848061	-6.96433031404688e-05	-2.74794926813371e-05	0.000168233546872856	0.000175016579791187	-0.00011946673874946
-0.000163140990778153	0.000210158210276964	-6.96404110957921e-05	-2.74768774229583e-05	0.000168217464228092	0.000175002368716162	-0.000119454103312492
-0.000163126292757575	0.000210138155783308	-6.96375736749556e-05	-2.74742794440517e-05	0.000168201487579268	0.000174988274774003	-0.000119441539171358
-0.000163111559440578	0.000210118057900749	-6.96347165532983e-05	-2.74716757157293e-05	0.000168185475915052	0.000174974140908918	-0.000119428951980086
-0.000163096852470561	0.000210097992797524	-6.96318721202759e-05	-2.7469076340045e-05	0.00016816949075394	0.000174960035684985	-0.000119416382864633
-0.000163082120230827	0.000210077896746833	-6.96290132647624e-05	-2.74664728508976e-05	0.000168153480592861	0.000174945901729694	-0.000119403797401146
-0.000163067397410642	0.000210057812588538	-6.96261582152323e-05	-2.74638708275916e-05	0.000168137480083784	0.000174931777656255	-0.0001193912188115
-0.000163052661818555	0.00021003771276569	-6.96232952137298e-05	-2.74612668802604e-05	0.000168121466973675	0.000174917638674603	-0.000119378632108987
-0.000163037986948729	0.000210017688509999	-6.96204632130368e-05	-2.74586726262387e-05	0.000168105514886802	0.000174903566719196	-0.000119366086707203
-0.000163023206963334	0.000209997534123159	-6.96175745120396e-05	-2.74560614811062e-05	0.00016808945778584	0.000174889377045455	-0.000119353471311062
-0.000163008530957263	0.000209977508901227	-6.96147395722914e-05	-2.74534671613818e-05	0.00016807350493829	0.000174875302441993	-0.000119340926138262
-0.000162993816923453	0.00020995743662492	-6.96118833674354e-05	-2.74508668123008e-05	0.000168057514302392	0.000174861184961371	-0.000119328355937306
-0.000162979081463205	0.000209937338300874	-6.96090147809907e-05	-2.7448262816831e-05	0.000168041502433477	0.00017484704299426	-0.000119315772012085
-0.000162964409569297	0.000209917318707252	-6.96061785401998e-05	-2.74456692080181e-05	0.000168025554370295	0.000174832971077885	-0.00011930323113446
-0.000162949649502864	0.000209897190237181	-6.9603294612728e-05	-2.74430613998429e-05	0.000168009518268161	0.000174818800406304	-0.000119290631703413
-0.000162934956669976	0.000209877145258483	-6.96004450375515e-05	-2.74404644477842e-05	0.000167993549715292	0.00017480470390456	-0.000119278077834011
-0.000162920240501588	0.000209857071630827	-6.95975820286764e-05	-2.74378637296407e-05	0.000167977558016008	0.000174790580884966	-0.000119265508877284
-0.000162905525055712	0.000209836999063955	-6.95947181689194e-05	-2.74352631883306e-05	0.00016796156722225	0.000174776457940833	-0.000119252940886366
-0.000162890878742036	0.00020981701256452	-6.95918898206867e-05	-2.74326736734651e-05	0.000167945645947534	0.000174762411375706	-0.000119240419826656
-0.000162876098812152	0.000209796860457107	-6.95889895755385e-05	-2.74300628559784e-05	0.000167929590991558	0.000174748215391908	-0.000119227809594353
-0.000162861455405006	0.000209776877870341	-6.95861603855312e-05	-2.74274739689743e-05	0.000167913672958174	0.000174734170728039	-0.000119215291475867
-0.000162846677350358	0.00020975672881951	-6.95832589581689e-05	-2.74248632650036e-05	0.00016789762047071	0.000174719975644562	-0.000119202683670008
-0.000162832008382061	0.000209736715023334	-6.95804139769739e-05	-2.74222702899068e-05	0.000167881677260416	0.00017470590127789	-0.000119190149471936
-0.000162817295493167	0.000209716646989294	-6.95775445890869e-05	-2.74196703064188e-05	0.000167865690356775	0.000174691777400475	-0.000119177586237196
-0.000162802621189728	0.000209696627085157	-6.95746945173457e-05	-2.74170764381562e-05	0.000167849742287521	0.000174677695770516	-0.000119165049524209
-0.000162787905372622	0.000209676555930349	-6.9571821330848e-05	-2.74144759904128e-05	0.000167833752891949	0.000174663567381952	-0.000119152485452464
-0.000162773233869026	0.000209656539936279	-6.95689704433532e-05	-2.74118826780207e-05	0.000167817808027597	0.000174649487648913	-0.000119139951580954
-0.000162758533317486	0.000209636488127107	-6.95661029983564e-05	-2.74092847188465e-05	0.000167801834338212	0.000174635374974343	-0.00011912739874588
-0.000162743817716353	0.000209616418073849	-6.95632265501449e-05	-2.7406684207352e-05	0.000167785845852503	0.000174621244897026	-0.000119114836481284
-0.000162729097430599	0.000209596342239625	-6.95603463874567e-05	-2.74040831680679e-05	0.000167769852785389	0.000174607108981498	-0.000119102271425083
-0.000162714431779093	0.000209576334515849	-6.9557494049733e-05	-2.74014907452637e-05	0.000167753914725489	0.000174593033236588	-0.000119089743638549
-0.000162699759049048	0.00020955631794585	-6.95546366778418e-05	-2.73988974630124e-05	0.000167737969673787	0.000174578948903929	-0.000119077211463599
-0.000162685060514124	0.000209536270031133	-6.9551764699579e-05	-2.73962997561321e-05	0.000167721999151139	0.000174564835375007	-0.00011906466271033
-0.000162670331329239	0.000209516184118165	-6.9548875269998e-05	-2.73936973324302e-05	0.000167705998065266	0.000174550686964266	-0.000119052093768349
-0.000162655656553087	0.0002094961659262	-6.9546013456781e-05	-2.73911035975245e-05	0.000167690051687368	0.000174536598522915	-0.000119039561908684
-0.000162640962492883	0.000209476124037912	-6.95431403539837e-05	-2.73885068419232e-05	0.000167674086215368	0.000174522487980319	-0.000119027017584164
-0.000162626326469587	0.000209456154262946	-6.95402967002857e-05	-2.73859194108942e-05	0.000167658179043954	0.000174508441347539	-0.000119014512649576
-0.000162611582713891	0.000209436051303719	-6.95373950647567e-05	-2.73833146392441e-05	0.000167642164297134	0.00017449427431801	-0.000119001936149405
-0.0001625969383778	0.000209416071732769	-6.95345447557921e-05	-2.73807258937284e-05	0.000167626249248341	0.000174480217149386	-0.000118989426690658
-0.000162582231801565	0.00020939601535	-6.9531660494386e-05	-2.73781271361477e-05	0.000167610272125938	0.000174466090184164	-0.000118976876104654
-0.000162567543536205	0.000209375981771037	-6.95287846724096e-05	-2.73755314008891e-05	0.000167594313567679	0.000174451982912389	-0.000118964338246316
-0.000162552860451595	0.000209355954878566	-6.95259104754355e-05	-2.73729364554717e-05	0.000167578360347163	0.00017443788080402	-0.000118951804441159
-0.000162538217565733	0.000209335978004245	-6.9523056412963e-05	-2.73703480509375e-05	0.000167562447627237	0.000174423822752422	-0.000118939298028153
-0.000162523515185795	0.000209315927693875	-6.95201697654448e-05	-2.73677500788614e-05	0.00016754647556589	0.000174409697918307	-0.000118926752298073
-0.000162508837423317	0.000209295908160101	-6.95172949639195e-05	-2.73651559918068e-05	0.000167530528407366	0.000174395599833628	-0.000118914223619457
-0.000162494114926658	0.000209275833368446	-6.95143953541137e-05	-2.73625548536435e-05	0.000167514536621345	0.000174381451300588	-0.000118901665419752
-0.000162479508690298	0.000209255902714096	-6.95115560697505e-05	-2.7359972454722e-05	0.000167498661400069	0.000174367431516123	-0.000118889185617404
-0.000162464824702765	0.000209235876178979	-6.95086745661211e-05	-2.73573774736344e-05	0.000167482708640122	0.000174353324625988	-0.000118876654301141
-0.000162450145198625	0.000209215855382326	-6.95057943049873e-05	-2.73547832312137e-05	0.000167466760579542	0.000174339222043171	-0.00011886412650897
-0.000162435414201821	0.000209195770912649	-6.95028856264809e-05	-2.73521807701068e-05	0.000167450761132983	0.000174325061544009	-0.000118851564703207
-0.000162420847180621	0.000209175889985883	-6.95000625847673e-05	-2.73496046754957e-05	0.000167434926110453	0.000174311082927134	-0.00011883911330262
-0.000162406075806393	0.000209155755992452	-6.94971302550411e-05	-2.73469957588323e-05	0.000167418886702804	0.000174296876212336	-0.000118826525460827
-0.00016239149857461	0.000209135862795987	-6.94942995289362e-05	-2.73444181158721e-05	0.000167403041853066	0.000174282884923306	-0.000118814068215088
-0.000162376752974903	0.000209115761239283	-6.94913785377962e-05	-2.7341813304757e-05	0.000167387028703059	0.000174268705668314	-0.000118801498742716
-0.00016236208827923	0.000209095760203733	-6.94884993036188e-05	-2.73392215433162e-05	0.000167371096760661	0.000174254615831378	-0.000118788983986557
-0.000162347459732592	0.000209075803991703	-6.94856379323226e-05	-2.73366357715502e-05	0.000167355201143374	0.000174240565475881	-0.00011877649383615
-0.000162332827037363	0.000209055843099389	-6.94827733305377e-05	-2.73340492399753e-05	0.000167339301675867	0.00017422651004545	-0.000118764001551166
-0.000162318106088945	0.000209035773021844	-6.94798608794414e-05	-2.73314484254463e-05	0.000167323314076602	0.000174212355668994	-0.00011875145067286
-0.000162303481952841	0.00020901582324347	-6.94769984168958e-05	-2.73288632258138e-05	0.000167307423673893	0.000174198308354467	-0.000118738965128578
-0.00335837722175943	-0.00563302358549522	-0.00252461440109451	-0.0102812162557449	-0.00274336982300635	0.00512408643345025	0.00214876319044703
-0.00971652463000621	-0.0172549420026308	-0.0074087815450395	-0.0306795591513624	-0.00853355806535155	0.0149708369798873	0.00665949961082147
-0.0160237710341573	-0.0287838328200847	-0.0122538866858888	-0.0509140702611879	-0.01427709893371	0.0247381817937407	0.011133906557778
-0.0222802413626651	-0.0402199262124628	-0.0170600569676832	-0.0709851565193627	-0.0199741329672879	0.0344263307577464	0.0155720685598331
-0.0284860543659361	-0.051563443697937	-0.021827432729436	-0.0908932069297047	-0.0256248094420281	0.0440354903007204	0.0199740628669164
-0.0346413232233532	-0.0628145978574211	-0.026556167351092	-0.110638593151286	-0.0312292856908519	0.053565863973148	0.0243399593727303
-0.0407461557443529	-0.0739735925546778	-0.0312464268882659	-0.130221670014957	-0.0367877268321966	0.0630176525710795	0.0286698208067585
-0.0468006540283246	-0.0850406238162341	-0.0358983894288351	-0.149642775943414	-0.0423003060398492	0.0723910536607466	0.0329637032823946
-0.0528049152823883	-0.0960158792761533	-0.0405122450654586	-0.168902233555357	-0.047767203656208	0.0816862623910597	0.0372216560683954
-0.0587590314645259	-0.106899539067106	-0.045088195253859	-0.188000350072439	-0.0531886074810421	0.0909034710010943	0.0414437221414514
-0.0646630898781812	-0.117691775530064	-0.0496264526780742	-0.20693741787553	-0.0585647121100715	0.100042869387052	0.0456299380996834
-0.0705171728333067	-0.128392754073418	-0.0541272406290572	-0.225713714903778	-0.0638957192082784	0.10910464463103	0.0497803346963157
-0.0763213583302516	-0.13900263276129	-0.0585907929277845	-0.244329505213838	-0.0691818367607377	0.118088981669838	0.0538949366862976
-0.0820757198325239	-0.149521563024645	-0.0630173533725761	-0.262785039386648	-0.0744232792366903	0.126996062950077	0.0579737632787885
-0.087780326545064	-0.159949689741614	-0.0674071754587129	-0.28108055501032	-0.0796202672483678	0.135826068646895	0.0620168282484514
-0.0934352436102371	-0.17028715141508	-0.0717605220591262	-0.299216277144715	-0.0847730272936689	0.144579176792197	0.0660241400984416
-0.0990405322401995	-0.180534080423678	-0.0760776650768699	-0.317192418769874	-0.0898817915632789	0.153255563333253	0.0699957022625318
-0.104596249845959	-0.190690603273408	-0.0803588851000114	-0.335009181230499	-0.0949467977528371	0.161855402187606	0.0739315133073792
-0.110102450131388	-0.200756840886107	-0.0846044710438096	-0.352666754667029	-0.0999682889102466	0.170378865260685	0.0778315671535995
-0.115559183345794	-0.210732908688751	-0.0888147198803852	-0.37016531846994	-0.104946513126657	0.178826122640362	0.0816958531892373
-0.120966496381282	-0.220618916889384	-0.0929899362918741	-0.387505041702179	-0.109881723382986	0.18719734261959	0.0855243564831581
-0.126324432808084	-0.230414970825911	-0.0971304322947536	-0.404686083507574	-0.114774177460185	0.195492691650844	0.0893170580376062
-0.131633033459989	-0.240121170628789	-0.101236527160252	-0.421708593602941	-0.11962413729995	0.203712334913582	0.0930739346692317
-0.136892335647294	-0.249737612578977	-0.10530854661319	-0.438572712543188	-0.124431869739941	0.211856435354979	0.096794959806217
-0.142102374509076	-0.259264387812957	-0.109346823166562	-0.455278572328347	-0.129197645109535	0.219925155112527	0.100480102850548
-0.147263182148114	-0.268701583768267	-0.113351695288299	-0.471826296646281	-0.133921738045533	0.227918654469434	0.104129330021745
-0.152374788191963	-0.278049283859411	-0.11732350732656	-0.488216001341921	-0.138604426881576	0.235837092397874	0.107742604242839
-0.157437220035627	-0.287307567543469	-0.121262609270886	-0.504447794830132	-0.143245993357783	0.243680626749247	0.111319885237215
-0.162450502692979	-0.296476510866221	-0.125169356311015	-0.520521778440652	-0.147846722722662	0.251449414008869	0.114861129884441
-0.16741465905167	-0.30555618650408	-0.129044108613473	-0.53643804682366	-0.1524069034325	0.259143609501185	0.118366292303077
-0.172329710043611	-0.314546663906896	-0.132887231057359	-0.552196688336969	-0.15692682693628	0.266763367501464	0.121835323987571
-0.177195674842433	-0.323448009402476	-0.136699092989602	-0.567797785433139	-0.161406787434674	0.274308841378119	0.125268173924302
-0.182012570695616	-0.332260286750109	-0.140480067790316	-0.583241414982767	-0.165847082005833	0.281780183329619	0.128664788949298
-0.186780413322833	-0.340983556988481	-0.144230532742463	-0.598527648685345	-0.170248010165406	0.289177544751719	0.132025113724812
-0.191499217088706	-0.349617878558828	-0.147950868786232	-0.613656553438379	-0.17460987365361	0.296501076354813	0.135349090863687
-0.196168994849499	-0.358163307827696	-0.151641460105297	-0.628628191649501	-0.178932976549319	0.303750927919031	0.13863666126932
-0.200789758281694	-0.366619899009024	-0.155302693972161	-0.643442621622747	-0.183217624903222	0.310927248586228	0.141887764150899
-0.205361517900309	-0.374987704466636	-0.158934960433268	-0.658099897889125	-0.187464126682222	0.318030186807473	0.145102337243278
-0.209884283378867	-0.383266774638501	-0.16253865215826	-0.672600071582414	-0.191672791413413	0.32505989062733	0.148280316822432
-0.214358063348642	-0.39145715860202	-0.166114164018078	-0.686943190725573	-0.195843930349208	0.332016507388885	0.151421638066357
-0.218782865797355	-0.399558903893846	-0.169661892983468	-0.701129300610821	-0.199977856034891	0.338900184106749	0.154526235013193
-0.223158697970922	-0.40757205693904	-0.173182237765974	-0.715158444093476	-0.204074882372845	0.345711067288132	0.157594040847857
-0.227485566767377	-0.415496662868591	-0.176675598722584	-0.729030661962088	-0.208135324196544	0.352449303302371	0.16062498785745
-0.231763478492272	-0.423332766123127	-0.180142377426743	-0.742745993200969	-0.212159497483671	0.359115038039827	0.163619007811642
-0.235992439206576	-0.431080410318176	-0.183582976557677	-0.756304475343673	-0.216147718977228	0.365708417232089	0.166576031942929
-0.240172454845201	-0.438739638389658	-0.186997799671951	-0.769706144784665	-0.220100306037197	0.372229586517234	0.169495991077894
-0.244303531290894	-0.446310492791776	-0.190387250955214	-0.782951037081512	-0.224017576537976	0.378678691455818	0.172378815796877
-0.248385674268343	-0.453793015911348	-0.193751734884142	-0.796039187220217	-0.227899848945627	0.385055877348117	0.175224436708851
-0.252418889808679	-0.461187249773795	-0.197091656193035	-0.808970629972237	-0.231747441826478	0.391361289686965	0.178032784344458
-0.25640318424639	-0.468493236322491	-0.200407419598028	-0.821745400168789	-0.235560673822846	0.397595074090979	0.180803789357249
-0.260338563961592	-0.475711018011055	-0.203699429390201	-0.834363532931228	-0.239339863885964	0.403757375954323	0.183537382893782
-0.264225036140519	-0.482840637128123	-0.206968089572203	-0.846825064060724	-0.243085330489043	0.409848341232831	0.186233496278478
-0.268062608220854	-0.489882136749574	-0.210213803302476	-0.859130030211944	-0.246797392158622	0.415868115764328	0.1888920615769
-0.271851288636982	-0.49683556007445	-0.213436973031874	-0.871278469272114	-0.250476366704663	0.421816846039423	0.191513011285607
-0.275591086072868	-0.503700951606925	-0.216637999854715	-0.883270420494627	-0.2541225719454	0.427694678309399	0.194096279018082
-0.27928201057106	-0.510478356032882	-0.219817283846366	-0.8951059249282	-0.257736324574752	0.433501759764077	0.196641798945423
-0.282924072734777	-0.517167819456949	-0.222975223395589	-0.90678502553386	-0.261317940939388	0.43923823758483	0.199149506510788
-0.286517284421397	-0.523769388786222	-0.226112215330291	-0.918307767539081	-0.264867736323362	0.444904259661275	0.201619338142775
-0.290061658432197	-0.5302831123533	-0.229228654517129	-0.9296741986239	-0.268386025237594	0.450499974189786	0.204051231636804
-0.293557209002018	-0.536709039544999	-0.23232493388727	-0.940884369234146	-0.271873120910216	0.456025530164637	0.206445125999724
-0.29700395145316	-0.543047221461656	-0.235401444025346	-0.95193833275356	-0.275329335612801	0.461481076938627	0.208800961849402
-0.300401902619709	-0.549297710617843	-0.238458573169788	-0.962836145797237	-0.278754980216905	0.466866764643603	0.211118681296571
-0.303751080738941	-0.555460561298619	-0.241496706935332	-0.973577868414094	-0.282150364283744	0.472182744017047	0.213398228179935
-0.30705150560458	-0.561535829588743	-0.244516228178414	-0.984163564327969	-0.285515795892765	0.477429166523324	0.215639548123531
-0.310303198883061	-0.56752357319291	-0.247517516953144	-0.994593301200289	-0.288851581307172	0.482606184655777	0.217842588481338
-0.313506183438655	-0.573423852482501	-0.250500949947588	-1.00486715072792	-0.292158025631768	0.487713951135754	0.220007298942169
-0.316660484528337	-0.579236729219182	-0.253466900912352	-1.01498518904047	-0.295435431600044	0.492752620197844	0.222133630881114
-0.319766128886007	-0.584962267891551	-0.256415739977856	-1.02494749675091	-0.298684100474227	0.497722346521501	0.224221538119483
-0.322823145387922	-0.590600535085341	-0.259347833812568	-1.0347541592574	-0.301904331362197	0.502623285928146	0.226270976623456
-0.325831564782976	-0.596151600011634	-0.26226354528943	-1.0444052668909	-0.305096421471944	0.507455595035566	0.228281904826242
-0.32879142004559	-0.601615534254824	-0.265163233488059	-1.05390091515731	-0.308260665741774	0.512219431608545	0.230254283529008
-0.331702746311842	-0.606992412037519	-0.268047253478598	-1.06324120491103	-0.311397356889252	0.516914954445332	0.232188076079869
-0.334565580885141	-0.61228231039058	-0.270915956148532	-1.07242624253136	-0.314506785389385	0.521542323342773	0.234083248500034
-0.337379963401142	-0.617485309124307	-0.273769688116775	-1.08145614012457	-0.317589239294975	0.526101699240288	0.235939769503271
-0.340145935856441	-0.622601490962382	-0.276608791580852	-1.09033101569669	-0.320645004192165	0.530593244213434	0.237757610601146
-0.342863542752037	-0.627630941529393	-0.279433604228765	-1.09905099334186	-0.323674363042257	0.535017121596076	0.239536746129044
-0.345532830936803	-0.632573749707495	-0.282244458996541	-1.10761620337867	-0.326677596323707	0.539373495768963	0.241277153470087
-0.348153849926534	-0.637430007395863	-0.285041684081857	-1.11602678255696	-0.329654981697697	0.543662532480924	0.24297881295637
-0.350726651806585	-0.642199809785169	-0.287825602741447	-1.12428287419612	-0.332606794091379	0.54788439870573	0.244641708047342
-0.353251291401067	-0.646883255294252	-0.290596533234499	-1.13238462835891	-0.335533305513485	0.552039262798197	0.246265825324204
-0.355727826108133	-0.651480445919179	-0.293354788592895	-1.14033220196988	-0.338434785205274	0.556127294278445	0.247851154706527
-0.358156316221409	-0.655991486972873	-0.29610067665385	-1.14812575900716	-0.341311499304001	0.560148664160029	0.249397689339442
-0.360536824810433	-0.660416487367067	-0.298834499863071	-1.15576547061767	-0.344163710947844	0.564103544787593	0.250905425771912
-0.362869417799665	-0.664755559645805	-0.301556555187481	-1.16325151526245	-0.346991680183064	0.567992109896442	0.252374364000123
-0.365154164129189	-0.669008819909757	-0.304267134075728	-1.17058407886934	-0.349795663787882	0.571814534765638	0.253804507451844
-0.367391135540296	-0.673176388205125	-0.306966522224096	-1.1777633549209	-0.352575915473302	0.575570995952311	0.255195863218576
-0.369580406934474	-0.677258388192159	-0.309654999651148	-1.18478954463223	-0.355332685508136	0.579261671669173	0.256548441901254
-0.371722056187615	-0.681254947490294	-0.312332840486779	-1.19166285703511	-0.358066220891566	0.582886741552692	0.257862257816368
-0.373816164279603	-0.685166197622419	-0.315000312934806	-1.19838350910937	-0.360776765207248	0.586446386787069	0.259137328987915
-0.375862815288917	-0.688992274126346	-0.31765767916603	-1.2049517258891	-0.363464558615034	0.589940790076869	0.260373677226592
-0.377862096461054	-0.69273331656719	-0.32030519525675	-1.2113677405752	-0.366129837766526	0.593370135704457	0.261571328155557
-0.379814098309991	-0.696389468505275	-0.322943111147774	-1.21763179465131	-0.36877283568899	0.596734609625549	0.26273031121158
-0.381718914449797	-0.699960877795447	-0.325571670465496	-1.22374413794904	-0.371393781937786	0.600034399263597	0.263850659822422
-0.38357664186988	-0.703447696329316	-0.328191110582129	-1.22970502878371	-0.373992902306473	0.603269693802838	0.264932411284165
-0.385387380722361	-0.706850080380815	-0.33080166242164	-1.23551473400638	-0.376570419022514	0.606440683935401	0.265975606962864
-0.387151234573758	-0.710168190368836	-0.333403550515834	-1.24117352912509	-0.379126550481026	0.609547562130379	0.266980292180016
-0.388868310273644	-0.713402191091603	-0.33599699286304	-1.24668169836252	-0.381661511358506	0.612590522475608	0.267946516351869
-0.390538718051666	-0.716552251674586	-0.338582200909373	-1.25203953474591	-0.384175512500987	0.615569760774842	0.268874332974074
-0.3921625714658	-0.719618545696118	-0.341159379458555	-1.25724734016767	-0.386668760958064	0.618485474481595	0.269763799699309
-0.393739987467858	-0.722601251165571	-0.343728726645912	-1.26230542546291	-0.389141459901335	0.621337862763971	0.270614978335946
-0.395271086510975	-0.725500550441557	-0.346290433939446	-1.26721411048798	-0.391593808499215	0.624127126619467	0.271427934813655
-0.39675599234458	-0.728316630539488	-0.348844685979698	-1.2719737241467	-0.39402600210554	0.626853468638514	0.272202739355881
-0.398194832251345	-0.731049682878189	-0.351391660658146	-1.27658460448099	-0.396438232004005	0.62951709326798	0.272939466351187
-0.399587736911854	-0.733699903492764	-0.353931529001442	-1.28104709870165	-0.398830685526891	0.632118206654632	0.27363819447378
-0.400934840499537	-0.736267492950145	-0.35646445518301	-1.28536156324779	-0.401203545941045	0.634657016751777	0.274299006642532
-0.402236280536303	-0.738752656562903	-0.358990596411472	-1.28952836380844	-0.403556992574609	0.637133733155888	0.274921990140727
-0.403492198232824	-0.741155603991142	-0.361510103079467	-1.29354787541362	-0.405891200457406	0.639548567490794	0.275507236404422
-0.404702738042745	-0.743476549824713	-0.364023118500423	-1.29742048240104	-0.408206340748785	0.64190173290804	0.27605484133825
-0.405868047976623	-0.745715713208812	-0.366529779052428	-1.30114657849456	-0.410502580403749	0.644193444444122	0.276564905113755
-0.406988279632294	-0.747873317821085	-0.369030214174764	-1.3047265668383	-0.41278008212298	0.646423919059107	0.277037532158988
-0.408063587829948	-0.749949592341072	-0.371524546159244	-1.30816085996219	-0.415039004699125	0.648593375232008	0.277472831408287
-0.409094131113744	-0.751944769827477	-0.374012890405125	-1.31144987988169	-0.417279502493678	0.650702033532506	0.277870915966438
-0.410080071251862	-0.753859088347443	-0.376495355147097	-1.31459405803462	-0.419501725917773	0.652750116066907	0.278231903443778
-0.411021573693739	-0.755692790403724	-0.3789720416927	-1.31759383536856	-0.421705820953581	0.654737847001818	0.278555915645066
-0.411918807182877	-0.757446123412699	-0.381443044219575	-1.32044966228549	-0.423891929520845	0.65666545214027	0.278843078820225
-0.412771943855417	-0.75911933957281	-0.38390844983005	-1.32316199866629	-0.426060189357518	0.658533159043122	0.279093523588569
-0.413581159453179	-0.76071269558449	-0.386368338671693	-1.32573131390601	-0.428210733784552	0.660341197282956	0.279307384782334
-0.414346632918242	-0.762226453140072	-0.388822783735507	-1.32815808684714	-0.430343692089837	0.662089798002211	0.279484801700564
-0.41506854671787	-0.763660878496726	-0.391271851041167	-1.3304428058289	-0.432459189181604	0.663779194293251	0.279625917872488
-0.415747086606862	-0.765016242749064	-0.393715599531535	-1.33258596863953	-0.434557345803138	0.665409620948722	0.279730881193176
-0.416382441780133	-0.766292821608873	-0.396154081174063	-1.33458808253088	-0.436638278358298	0.666981314649422	0.279799843796124
-0.416974804588612	-0.76749089572993	-0.398587340837513	-1.33644966415679	-0.438702099172447	0.668494513664276	0.279832962214302
-0.417524370960307	-0.768610750142867	-0.401015416542527	-1.33817123962485	-0.440748916048062	0.669949458343956	0.279830397067266
-0.418031339760871	-0.769652675019342	-0.403438339157236	-1.33975334437052	-0.442778832881636	0.67134639042047	0.279792313454277
-0.418495913453734	-0.770616964797632	-0.405856132781407	-1.34119652324004	-0.444791948978951	0.672685553774852	0.279718880475011
-0.418918297596542	-0.771503918771024	-0.408268814519139	-1.34250133038272	-0.446788359535613	0.673967193890249	0.279610271527942
-0.419298700812663	-0.772313841071945	-0.410676394507103	-1.34366832921448	-0.448768155641939	0.675191557844547	0.279466664285417
-0.419637335009215	-0.773047040343922	-0.413078876074936	-1.34469809242001	-0.450731424039119	0.676358894581223	0.279288240502946
-0.419934415345276	-0.773703829726163	-0.415476255776707	-1.34559120191192	-0.452678247128663	0.677469454898737	0.279075185992513
-0.420190159864442	-0.774284527252408	-0.417868523249834	-1.34634824872995	-0.454608703312993	0.678523491063426	0.278827690817531
-0.420404789897605	-0.774789455283822	-0.420255661481354	-1.34696983306598	-0.456522866570101	0.679521257290545	0.278545948970796
-0.420578529551685	-0.775218941083677	-0.422637646596866	-1.34745656413464	-0.4584208069386	0.680463009196011	0.278230158661026
-0.42071160616363	-0.775573316175657	-0.425014448160295	-1.34780906019823	-0.460302590038306	0.681349004338728	0.277880521949672
-0.420804249969084	-0.775852916690106	-0.427386029062851	-1.34802794846464	-0.46216827737771	0.682179501876587	0.277497244914635
-0.420856694042911	-0.77605808335901	-0.429752345558441	-1.34811386501964	-0.464017926386673	0.682954762529206	0.277080537623802
-0.420869174418748	-0.77618916129106	-0.432113347395464	-1.34806745479567	-0.465851590272272	0.683675048746161	0.276630613993918
-0.420841929952988	-0.776246500057143	-0.434468977816654	-1.34788937148597	-0.467669318128444	0.684340624584834	0.276147691810728
-0.420775202176579	-0.77623045379531	-0.436819173556431	-1.34758027746124	-0.469471155059784	0.684951755575966	0.27563199276041
-0.420669235635981	-0.776141380691167	-0.439163865096431	-1.34714084376147	-0.4712571418133	0.685508709145056	0.275083742129218
-0.420524277258354	-0.77597964368975	-0.441502976411531	-1.34657174992475	-0.473027315388563	0.686011753925922	0.274503169154276
-0.42034057687728	-0.775745609739031	-0.44383642532813	-1.34587368400477	-0.474781708485181	0.686461160394093	0.273890506595729
-0.420118386783942	-0.775439650260598	-0.446164123372443	-1.34504734242638	-0.47652034992697	0.686857200392583	0.273245990959178
-0.419857961923197	-0.77506214080561	-0.448485975959541	-1.34409342994446	-0.478243264438877	0.687200147391112	0.272569862285681
-0.41955955964694	-0.774613461263812	-0.450801882353809	-1.34301265952658	-0.479950472867988	0.687490276244457	0.271862364232777
-0.419223439875237	-0.774093995559333	-0.453111735843947	-1.34180575230233	-0.481641991997281	0.687727863412535	0.271123743885021
-0.418849864872339	-0.773504131827307	-0.455415423717603	-1.34047343744531	-0.48331783474214	0.687913186744368	0.270354251817317
-0.418439099249726	-0.772844262304506	-0.45771282735986	-1.33901645209389	-0.48497801012367	0.688046525521041	0.269554142006606
-0.417991409924476	-0.772114783270897	-0.460003822327151	-1.33743554125648	-0.486622523282632	0.688128160447443	0.26872367177003
-0.417507066165376	-0.771316094881805	-0.46228827847089	-1.33573145773558	-0.488251375409358	0.688158373744641	0.267863101644217
-0.416986339192335	-0.770448601559962	-0.464566059828114	-1.33390496197261	-0.489864564117891	0.688137448733986	0.266972695561425
-0.416429502622891	-0.769512711316075	-0.466837024959019	-1.33195682203097	-0.491462082973668	0.688065670387622	0.266052720456739
-0.41583683205134	-0.768508836163084	-0.469101026829837	-1.32988781343493	-0.493043921890902	0.687943324888488	0.26510344645489
-0.415208604930321	-0.767437392151793	-0.471357912856324	-1.32769871905825	-0.494610067224573	0.687770699537321	0.264125146854484
-0.41454510107726	-0.766298798600143	-0.473607525279203	-1.32539032910753	-0.496160501237991	0.687548083373749	0.263118097688975
-0.413846601756203	-0.765093479144385	-0.47584970078917	-1.32296344087901	-0.49769520300063	0.687275766167242	0.262082578244047
-0.413113390427398	-0.763821860658501	-0.478084271031992	-1.32041885878115	-0.499214147607813	0.68695403931926	0.261018870456146
-0.412345752160266	-0.762484373875161	-0.480311062413155	-1.3177573941355	-0.500717306749401	0.686583195232224	0.259927259202021
-0.41154397379662	-0.761081453053689	-0.482529896294978	-1.31497986510642	-0.502204648519133	0.686163527540182	0.258808032089712
-0.410708343939907	-0.759613535862208	-0.484740589108155	-1.31208709659128	-0.50367613740205	0.685695331140462	0.257661479359836
-0.409839152610968	-0.758081063689756	-0.486942952283867	-1.30907992006316	-0.505131734597104	0.685178901840389	0.25648789401389
-0.408936691517273	-0.756484481170716	-0.489136792515582	-1.30595917350568	-0.506571397723199	0.684614536711689	0.255287571526729
-0.408001253935898	-0.754824236201435	-0.491321911812587	-1.30272570128889	-0.507995080913058	0.684002533998473	0.254060809820024
-0.407033134405814	-0.75310078020252	-0.493498107458926	-1.29938035400953	-0.509402735100632	0.683343192807814	0.252807909361254
-0.406032628848453	-0.751314567829758	-0.495665172196277	-1.29592398840211	-0.510794307877399	0.682636813291643	0.251529172975107
-0.405000034505179	-0.749466056916948	-0.497822894313014	-1.29235746721393	-0.512169743532041	0.681883696619701	0.250224905775337
-0.40393565002339	-0.747555708234898	-0.499971057809113	-1.28868165911361	-0.513528982944836	0.681084145120275	0.248895415001685
-0.402839775034927	-0.745583985889656	-0.502109442298761	-1.28489743850332	-0.514871963987966	0.680238461840829	0.247541010189048
-0.401712710289	-0.743551357017244	-0.504237823203565	-1.28100568542946	-0.516198621371554	0.679346950743495	0.24616200296957
-0.400554757707561	-0.74145829157668	-0.506355971902586	-1.27700728547819	-0.517508886569727	0.678409916811423	0.244758706926418
-0.399366220185826	-0.739305262463824	-0.50846365575602	-1.27290312962347	-0.518802687999025	0.677427665864483	0.243331437613965
-0.398147401445517	-0.737092745562939	-0.510560638148923	-1.26869411409028	-0.520079951147084	0.676400504431116	0.241880512547074
-0.396898606182465	-0.734821219418258	-0.512646678696896	-1.26438114026023	-0.521340598407458	0.675328739962899	0.240406250988638
-0.395620139872981	-0.732491165340868	-0.51472153326839	-1.25996511451959	-0.522584549253219	0.674212680653083	0.238908973968111
-0.39431230868562	-0.730103067386342	-0.516784954064167	-1.25544694813279	-0.523811720310352	0.673052635377494	0.237389004230676
-0.392975419557039	-0.72765741211131	-0.518836689785265	-1.25082755712802	-0.525022025262778	0.671848913825518	0.235846666069912
-0.391609780052336	-0.725154688617557	-0.520876485682893	-1.24610786216003	-0.526215374976408	0.670601826378445	0.2342822853134
-0.390215698094006	-0.722595388761377	-0.522904083545078	-1.24128878834562	-0.527391677758365	0.669311683838866	0.232696189390799
-0.388793482472859	-0.719980006348486	-0.524919222091025	-1.23637126522264	-0.528550838822833	0.667978798065155	0.231088706877186
-0.387343442029703	-0.717309038056099	-0.526921636667794	-1.23135622649986	-0.529692761104025	0.666603481061678	0.229460167932238
-0.385865886212582	-0.714582982570669	-0.52891105966852	-1.22624461002399	-0.530817344679455	0.665186045666413	0.227810903814046
-0.384361124755379	-0.711802340861115	-0.53088722049284	-1.22103735760709	-0.531924487079283	0.663726805220213	0.226141246981046
-0.382829467687473	-0.708967616031189	-0.532849845675518	-1.21573541490611	-0.533014083266101	0.662226073615393	0.224451530977068
-0.381271224931139	-0.706079313694583	-0.534798658802793	-1.2103397312338	-0.534086026025671	0.660684164868544	0.222742090586509
-0.379686707047612	-0.703137940876786	-0.536733381030129	-1.2048512595608	-0.535140205206244	0.659101394026626	0.221013261226623
-0.378076224270711	-0.700144007122233	-0.538653730700417	-1.19927095623396	-0.536176508678696	0.657478076083073	0.219265379482018
-0.376440087069926	-0.697098023630632	-0.540559423764263	-1.19359978094571	-0.537194821763301	0.655814526667103	0.217498782619389
-0.374778605758401	-0.694000503624559	-0.542450173700019	-1.1878386965507	-0.538195027610364	0.654111061629298	0.215713808739609
-0.373092090600324	-0.690851962073732	-0.544325691695484	-1.18198866895611	-0.539177007088068	0.65236799720049	0.213910796595551
-0.371380851756663	-0.687652915631873	-0.546185686740835	-1.17605066699564	-0.540140638826625	0.650585649965799	0.212090085523434
-0.36964519914251	-0.6844038826814	-0.54802986568106	-1.17002566228069	-0.541085799356383	0.648764336734289	0.210252015426189
-0.367885442315932	-0.681105383347147	-0.549857933277664	-1.16391462906268	-0.54201236321294	0.646904374444104	0.208396926744556
-0.366101890715981	-0.677757939050561	-0.551669592457608	-1.15771854414892	-0.542920202692407	0.6450060804747	0.206525160188868
-0.364294853187584	-0.674362072995358	-0.553464544185166	-1.15143838670284	-0.543809188325514	0.64306977212529	0.204637056951902
-0.362464638378322	-0.670918309518112	-0.555242487791707	-1.14507513819029	-0.544679188474007	0.64109576711302	0.202732958339329
-0.360611554245133	-0.667427174600041	-0.557003120836883	-1.13862978217524	-0.545530069824579	0.639084383027441	0.200813205994348
-0.358735908337598	-0.663889195367501	-0.558746139377557	-1.13210330424759	-0.546361697102704	0.637035937693667	0.198878141606226
-0.356838007549556	-0.66030490028629	-0.560471237954808	-1.12549669186229	-0.547173933319031	0.634950748913385	0.196928106973783
-0.354918158273813	-0.656674818831735	-0.562178109795988	-1.11881093424276	-0.54796663961669	0.632829134676299	0.194963443798594
-0.352976666111331	-0.652999481739872	-0.563866446776223	-1.11204702221754	-0.548739675561252	0.630671412849212	0.192984493782355
-0.351013835807434	-0.649279420969692	-0.565535939502565	-1.10520594809005	-0.549492899209941	0.628477901127189	0.190991598568876
-0.349029971701734	-0.64551516898334	-0.567186277666706	-1.09828870559164	-0.550226166657466	0.626248917595496	0.188985099342939
-0.347025376863569	-0.641707259760524	-0.568817149702305	-1.09129628962631	-0.55093933291217	0.623984779734688	0.186965337314
-0.345000353772648	-0.637856227779982	-0.570428243260493	-1.08422969626226	-0.551632251214143	0.621685805252736	0.184932653162405
-0.342955203926729	-0.633962608419109	-0.572019245110605	-1.07708992255512	-0.552304773435194	0.619352311646074	0.182887387210201
-0.340890227850832	-0.630026937813277	-0.573589841261615	-1.06987796642674	-0.552956750074732	0.616984616237048	0.180829879315059
-0.338805724979144	-0.626049752902993	-0.575139717006956	-1.06259482653978	-0.553588030387228	0.614583036057395	0.17876046886349
-0.336701993769908	-0.622031591161004	-0.576668557095053	-1.05524150219641	-0.55419846227267	0.612147888008299	0.176679494598014
-0.334579331619428	-0.617972990590424	-0.57817604579305	-1.04781899321174	-0.554787892373121	0.609679488781004	0.174587294584951
-0.332438034767346	-0.613874489736349	-0.579661866942721	-1.04032829978612	-0.5553561661754	0.607178154767296	0.172484206190184
-0.3302783981705	-0.609736627743107	-0.581125703999957	-1.03277042237529	-0.555903128152166	0.604644201928795	0.170370566076182
-0.328100715611179	-0.605559944096778	-0.58256724019802	-1.02514636159107	-0.556428621661872	0.602077945947674	0.168246710039559
-0.325905279839417	-0.601344978330531	-0.583986158722336	-1.01745711811943	-0.556932488816317	0.599479702413724	0.166112972835641
-0.323692381955593	-0.597092270733457	-0.585382142492277	-1.00970369250944	-0.557414571120241	0.596849786109729	0.16396968850476
-0.321462311950196	-0.592802361530725	-0.586754874541753	-1.00188708515034	-0.55787470893752	0.59418851166966	0.161817189929594
-0.319215358368929	-0.588475791224063	-0.588104037944959	-0.994008296114235	-0.558312741846867	0.591496193198121	0.159655808979572
-0.316951808418786	-0.584113100346423	-0.58942931597078	-0.986068325059791	-0.55872850854749	0.588773144410901	0.157485876356528
-0.314671947864206	-0.579714829503419	-0.590730392123553	-0.978068171118285	-0.559121846984659	0.58601967852831	0.155307721592488
-0.312376060845762	-0.575281519509419	-0.592006950144955	-0.970008832751279	-0.559492594546823	0.583236108069748	0.153121673087286
-0.310064430292925	-0.570813710749463	-0.593258674324346	-0.961891307720397	-0.559840587670501	0.580422745362158	0.150928057763268
-0.307737337329306	-0.566311943867609	-0.594485249280227	-0.953716592883569	-0.560165662458867	0.577579901840583	0.148727201385201
-0.305395061730857	-0.561776759069793	-0.595686360291711	-0.945485684172465	-0.560467654239755	0.574707888607404	0.146519428184611
-0.303037881545551	-0.557208696533862	-0.596861693189885	-0.937199576424297	-0.560746397972017	0.571807015986428	0.144305061041156
-0.300666073166075	-0.552608296227913	-0.598010934483945	-0.928859263301357	-0.561001728193886	0.5688775936218	0.142084421367872
-0.298279911632254	-0.547976097412667	-0.59913377161018	-0.920465737233395	-0.561233478740472	0.565919930847439	0.139857828835653
-0.295879669908086	-0.543312639527282	-0.600229892634474	-0.912019989212226	-0.561441483499361	0.562934335826951	0.137625601798835
-0.293465619619265	-0.538618461115109	-0.601298986728172	-0.903523008808554	-0.561625575689437	0.559921116447995	0.135388056730454
-0.291038030413998	-0.533894100595539	-0.602340743914964	-0.894975783973156	-0.56178558853269	0.556880579557745	0.133145508588867
-0.288597170426272	-0.529140095568204	-0.603354855394242	-0.886379301025281	-0.561921354814504	0.553813031526934	0.13089827044907
-0.286143305810255	-0.524356983353264	-0.604341013380735	-0.877734544475151	-0.562032707380436	0.550718777692361	0.128646653750009
-0.283676701198568	-0.519545300301544	-0.605298911421789	-0.869042497012945	-0.562119478701315	0.547598122912829	0.126390967932301
-0.281197619063964	-0.514705582576352	-0.606228244141402	-0.860304139312679	-0.562181501549977	0.544451370802224	0.124131520808632
-0.278706320451169	-0.50983836509938	-0.607128707700813	-0.851520450061927	-0.562218608289033	0.541278824612274	0.121868618017829
-0.276203064384237	-0.504944182272621	-0.607999999562292	-0.842692405778445	-0.56223063150411	0.538080786520734	0.11960256336855
-0.273688107948922	-0.500023567800212	-0.608841818606973	-0.833820980734895	-0.562217403949877	0.53485755772778	0.117333658732004
-0.271161706537168	-0.495077054290693	-0.609653865334944	-0.824907146913356	-0.562178758337611	0.531609438752301	0.115062203826448
-0.268624113479596	-0.490105173690081	-0.610435841742848	-0.81595187386363	-0.562114527740021	0.52833672898378	0.112788496418201
-0.266075580497765	-0.485108456603656	-0.611187451633091	-0.806956128690334	-0.5620245451671	0.525039727230198	0.110512831966392
-0.263516357058458	-0.48008743310865	-0.611908400339922	-0.797920875867997	-0.561908644257467	0.521718730927531	0.108235504015015
-0.260946690976954	-0.475042631877837	-0.612598395117361	-0.788847077256294	-0.561766658700447	0.518374036871758	0.105956803739121
-0.258366827903991	-0.469974580814769	-0.613257144930379	-0.779735691937872	-0.561598422794782	0.515005940586011	0.103677020250811
-0.25577701183141	-0.464883806319483	-0.613884360789532	-0.770587676225731	-0.561403770974869	0.511614736933785	0.101396440216867
-0.253177484629163	-0.4597708338481	-0.614479755567512	-0.761403983503023	-0.561182538313609	0.508200719546686	0.0991153481295914
-0.250568486146657	-0.454636187737389	-0.615043044114999	-0.752185564171809	-0.560934560465839	0.504764180938533	0.0968340262029466
-0.247950254473772	-0.449480390789403	-0.61557394345875	-0.742933365614318	-0.560659673437214	0.501305412819397	0.0945527541572969
-0.245323025625258	-0.444303964656168	-0.616072172693397	-0.733648332071901	-0.56035771394787	0.497824705697619	0.0922718094003433
-0.242687033476643	-0.439107429879848	-0.616537453006577	-0.724331404561934	-0.560028519540623	0.494322348793069	0.0899914670354982
-0.240042510420965	-0.433891304950335	-0.616969508079546	-0.714983520911566	-0.559671927951158	0.490798630831568	0.0877119993872369
-0.237389686147116	-0.428656107929637	-0.617368063500795	-0.705605615491045	-0.559287778396991	0.487253838533486	0.0854336767941999
-0.23472878914621	-0.423402354352564	-0.617732847612296	-0.696198619388577	-0.558875910085674	0.483688258453657	0.0831567665667415
-0.232060045227633	-0.418130559216245	-0.618063590779719	-0.686763460103129	-0.558436163772658	0.480102175141689	0.0808815339563562
-0.229383678774897	-0.412841235220646	-0.618360026107323	-0.677301061681373	-0.557968380521121	0.476495872678895	0.0786082412880529
-0.226699911813802	-0.407534894012018	-0.618621888994961	-0.66781234450014	-0.557472402704137	0.472869633509287	0.0763371485596326
-0.224008964568465	-0.402212045383155	-0.618848917481138	-0.658298225296949	-0.556948073478419	0.469223739117619	0.0740685130477814
-0.221311055284487	-0.396873197483383	-0.619040852198161	-0.648759617071892	-0.556395237013951	0.465558469790767	0.071802589402141
-0.218606400148785	-0.391518856895368	-0.619197436374244	-0.639197429019689	-0.555813738620403	0.461874104505794	0.0695396296831324
-0.215895213403303	-0.386149528454199	-0.619318415940873	-0.629612566484528	-0.555203424682793	0.458170921051493	0.0672798832636601
-0.213177707345372	-0.380765715212061	-0.619403539577582	-0.620005930900225	-0.554564142705785	0.454449196013396	0.0650235968128604
-0.210454092331405	-0.375367918409475	-0.619452558753689	-0.610378419734769	-0.553895741359653	0.450709204760258	0.0627710142785884
-0.20772457677147	-0.369956637460617	-0.619465227770677	-0.600730926433979	-0.553198070537927	0.446951221418468	0.0605223768762944
-0.204989366986388	-0.364532370119269	-0.619441303726889	-0.591064340336789	-0.552470981549161	0.443175518675842	0.0582779231698069
-0.202248667539914	-0.359095612004201	-0.619380546731982	-0.581379546679583	-0.551714326830516	0.439382368175728	0.0560378888390112
-0.199502680972755	-0.353646856947637	-0.619282719804576	-0.571677426501549	-0.550927960270689	0.435572040164811	0.053802506848874
-0.196751607895479	-0.348186596839412	-0.619147588961158	-0.561958856598765	-0.550111737164322	0.431744803589929	0.0515720073734072
-0.193995647005618	-0.342715321595577	-0.618974923258492	-0.552224709486071	-0.549265514249234	0.427900926095848	0.0493466177822199
-0.191234995208331	-0.337233518966501	-0.618764494896451	-0.542475853358315	-0.54838914963172	0.424040674158715	0.0471265625471215
-0.188469847289971	-0.331741674980374	-0.618516079078091	-0.532713151993824	-0.547482503176752	0.420164312652432	0.0449120634610015
-0.185700396417549	-0.326240273235051	-0.618229454306035	-0.522937464783768	-0.54654543604761	0.416272105451504	0.0427033392951873
-0.182926833590197	-0.320729795648372	-0.617904402128056	-0.513149646600264	-0.545577811322459	0.412364314722968	0.0405006061660745
-0.180149348360817	-0.315210721440973	-0.617540707548367	-0.503350547862769	-0.544579493306885	0.408441201808607	0.0383040770487522
-0.177368127922378	-0.30968352840377	-0.617138158574934	-0.493541014348731	-0.543550348526906	0.404503026049635	0.0361139623899567
-0.174583358161937	-0.304148691416373	-0.616696546808293	-0.483721887320099	-0.542490244701169	0.400550046094961	0.0339304694010126
-0.171795222756246	-0.298606683706515	-0.616215666989856	-0.473894003333919	-0.54139905172472	0.396582518731398	0.0317538026674974
-0.169003903790252	-0.293057975975064	-0.615695317360498	-0.464058194297901	-0.540276641087509	0.392600699644169	0.0295841637338104
-0.166209581493826	-0.28750303676614	-0.615135299543643	-0.454215287393978	-0.539122886203156	0.388604843055362	0.0274217512906128
-0.163412434393093	-0.281942332245266	-0.614535418656401	-0.44436610505505	-0.537937662305352	0.384595201893378	0.0252667610699669
-0.160612639103011	-0.276376326493799	-0.613895483223548	-0.434511464898701	-0.536720846720545	0.380572027502857	0.0231193859972778
-0.15781037075864	-0.270805480899416	-0.61321530542803	-0.424652179755958	-0.535472318478711	0.376535570164926	0.0209798159052921
-0.155005802570343	-0.265230254782201	-0.612494700903701	-0.414789057564369	-0.534191958827007	0.372486078509149	0.0188482378426086
-0.152199106073433	-0.259651105042391	-0.611733488888905	-0.404922901369564	-0.532879651030563	0.368423799803036	0.0167248359135425
-0.149390451255449	-0.254068485990216	-0.610931492313505	-0.395054509316706	-0.531535280298034	0.364348980085555	0.0146097912063978
-0.146580006396946	-0.248482849562581	-0.610088537741221	-0.385184674583428	-0.530158734001279	0.360261863941391	0.0125032819059262
-0.143767937906894	-0.242894645571062	-0.609204455300064	-0.375314185326214	-0.528749901903366	0.356162694262085	0.0104054834219394
-0.140954410981428	-0.237304320766213	-0.608279079052462	-0.365443824749734	-0.527308675535063	0.352051713058993	0.00831656795361596
-0.138139588877609	-0.231712319878202	-0.607312246629688	-0.35557437096162	-0.525834949002907	0.347929160510768	0.00623670499677598
-0.135323633406001	-0.226119084922677	-0.606303799513236	-0.345706597020878	-0.524328618536615	0.343795275563469	0.00416606102462275
-0.132506704829477	-0.22052505535175	-0.605253582997164	-0.335841270888981	-0.522789582651964	0.339650295775512	0.00210479957030857
-0.12968896186491	-0.21493066806183	-0.604161446208604	-0.325979155406442	-0.52121774220508	0.335494457292029	5.30812459473284e-05
-0.126870561593828	-0.209336357528012	-0.603027242077406	-0.316121008244186	-0.519613000543775	0.331327994701841	-0.0019889361850059
-0.12405165981734	-0.203742555311026	-0.601850827538941	-0.30626758193969	-0.517975263196441	0.327151141468085	-0.00402109802388056
-0.121232410635816	-0.198149690666366	-0.600632063329012	-0.296419623797728	-0.516304438366422	0.322964129355369	-0.00604325233941744
-0.118412966906317	-0.1925581898993	-0.59937081424144	-0.28657787594083	-0.514600436511317	0.318767188999203	-0.0080552502530265
-0.115593479824913	-0.186968476985017	-0.598066948920215	-0.276743075218688	-0.512863170839983	0.314560549330989	-0.0100569456392002
-0.11277409937159	-0.181380972928386	-0.596720340111767	-0.266915953250124	-0.511092556900905	0.31034443813166	-0.0120481954044918
-0.109954974065601	-0.175796096142239	-0.595330864546245	-0.257097236366632	-0.509288512897693	0.306119081684875	-0.0140288592999985
-0.107136251017922	-0.170214262379786	-0.593898402981768	-0.247287645593119	-0.507450959691555	0.301884704817845	-0.015998799936183
-0.104318076137727	-0.164635884453646	-0.592422840323639	-0.237487896663835	-0.505579820642255	0.297641531142284	-0.0179578828964147
-0.101500593795531	-0.15906137273658	-0.590904065460016	-0.22769869994349	-0.503675022014483	0.293389782590192	-0.0199059764894524
-0.0986839472502526	-0.153491134556427	-0.589341971500928	-0.21792076047078	-0.501736492590721	0.289129679940547	-0.0218429520155161
-0.0958682784545084	-0.147925574504465	-0.587736455683302	-0.208154777921576	-0.499764163932409	0.284861442540751	-0.0237686836018283
-0.0930537280753735	-0.142365094410873	-0.586087419396003	-0.198401446577345	-0.4977579704111	0.280585288305324	-0.0256830482004908
-0.0902404355125203	-0.136810093339657	-0.584394768199839	-0.188661455316264	-0.495717849246569	0.276301433715209	-0.0275859255719907
-0.0874285390286833	-0.131260967419916	-0.582658411904774	-0.17893548761766	-0.493643740428013	0.272010093957442	-0.0294771983464226
-0.0846181756957443	-0.12571810993825	-0.580878264553719	-0.169224221532926	-0.491535586824215	0.267711482834276	-0.0313567519604555
-0.0818094814250825	-0.120181911311634	-0.579054244446736	-0.159528329672809	-0.489393334204807	0.263405812772372	-0.0332244746531277
-0.0790025910182846	-0.114652759037132	-0.577186274177438	-0.149848479204462	-0.48721693124798	0.259093294865897	-0.0350802574690251
-0.0761976380954099	-0.109131037809462	-0.575274280603916	-0.140185331816423	-0.48500632966364	0.254774138756575	-0.0369239941866092
-0.0733947552674086	-0.103617129291744	-0.57331819494788	-0.130539543737929	-0.482761484070171	0.250448552834598	-0.0387555814017615
-0.070594073953073	-0.0981114124038729	-0.571317952706735	-0.120911765693288	-0.480482352240796	0.246116743972763	-0.0405749183781529
-0.0677957247774696	-0.0926142627525328	-0.569273493872702	-0.11130264294823	-0.478168894736675	0.241778918027763	-0.0423819072873782
-0.0649998371322347	-0.0871260533007179	-0.567184762706147	-0.101712815230914	-0.475821075423516	0.237435279237252	-0.0441764528821137
-0.0622065393675042	-0.08164715410372	-0.565051707845377	-0.0921429167444199	-0.47343886131998	0.233086030444196	-0.0459584625967235
-0.0594159591094101	-0.0761779318646516	-0.562874282481585	-0.0825935762127639	-0.471022222319872	0.228731373499574	-0.0477278467286638
-0.0566282228548626	-0.0707187505431806	-0.560652444152793	-0.0730654167930278	-0.468571131666706	0.224371508700333	-0.0494845181422676
-0.0538434562105672	-0.0652699710365634	-0.558386154872442	-0.0635590561154364	-0.466085565755447	0.220006635080955	-0.0512283923885665
-0.0510617838311439	-0.0598319512746248	-0.556075381108329	-0.0540751062477751	-0.46356550424545	0.215636950314124	-0.0529593876451573
-0.048283329617857	-0.0544050459632961	-0.553720093888266	-0.04461417373125	-0.461010929906275	0.211262650946759	-0.0546774248081153
-0.0455082164816795	-0.0489896069403029	-0.551320268686845	-0.0351768595197588	-0.458421828912953	0.206883932070301	-0.0563824273101254
-0.0427365665542773	-0.0435859828918361	-0.548875885536287	-0.025763759012698	-0.455798190672707	0.202500987574683	-0.0580743212252391
-0.0399685012018591	-0.0381945193463629	-0.546386929043768	-0.0163754620423617	-0.453140007861147	0.198114010151601	-0.0597530352514641
-0.0372041407945417	-0.0328155590454682	-0.543853388271009	-0.00701255283208635	-0.450447276713395	0.193723190959061	-0.0614185005191614
-0.0344436052257951	-0.0274494411805493	-0.541275257017748	0.00232438993014172	-0.447719996521212	0.189328720306303	-0.0630706509138768
-0.0316870134002278	-0.0220965021818786	-0.538652533551204	0.0116347931850558	-0.44495817022111	0.184930786940124	-0.0647094226959855
-0.028934483554427	-0.016757075257029	-0.535985220785323	0.0209180894545913	-0.442161804102809	0.180529578463012	-0.0663347546886184
-0.0261861333368529	-0.0114314902955881	-0.533273326322359	0.0301737168343363	-0.439330907770291	0.176125281417389	-0.0679465882933994
-0.0234420794689855	-0.0061200743864398	-0.530516862280922	0.0394011190636423	-0.436465494542043	0.171718080816091	-0.0695448672377239
-0.0207024381398691	-0.000823151257295374	-0.527715845508314	0.0485997454592879	-0.433565581082318	0.167308160654162	-0.0711295378040058
-0.0179673249425388	0.0044589586233601	-0.524870297550467	0.0577690509380169	-0.430631187506747	0.162895703810284	-0.0727005487544605
-0.0152368547142873	0.00972593777659458	-0.52198024457073	0.0669084960436828	-0.427662337599416	0.15848089181128	-0.0742578511928535
-0.0125111417868529	0.0149774720789586	-0.51904571748615	0.0760175469179392	-0.424659058584881	0.154063905158874	-0.0758013987018497
-0.0097902997239635	0.0202132503460406	-0.516066751830996	0.0850956753433718	-0.42162138145066	0.14964492295666	-0.0773311471317234
-0.00707444181703709	0.0254329650605234	-0.513043388025158	0.0941423586684476	-0.418549340460705	0.145224123571458	-0.0788470549030543
-0.00436368038608803	0.030636311302068	-0.509975671003193	0.103157079929472	-0.415442973938696	0.140801683667785	-0.0803490825048367
-0.00165812756140749	0.0358229879093008	-0.506863650633155	0.112139327722804	-0.412302323473279	0.1363777792599	-0.0818371929884668
0.00104210517151704	0.0409926967785135	-0.503707381480756	0.121088596287344	-0.409127434442991	0.131952585080947	-0.083311351627792
0.00373690684631056	0.0461451430312787	-0.500506922873095	0.130004385483495	-0.405918355919327	0.127526274740747	-0.0847715259746154
0.00642616707535737	0.0512800349138365	-0.4972623388734	0.138886200812982	-0.402675140764447	0.123099020635037	-0.0862176857860109
0.00910977577363303	0.0563970841944428	-0.493973698428879	0.147733553366614	-0.399397845376265	0.118670994312287	-0.0876498031750148
0.0117876234581177	0.0614960057014613	-0.49064107521421	0.156545959888454	-0.396086530037365	0.114242366056283	-0.0890678523849317
0.0144596009973297	0.0665765176786071	-0.48726454776582	0.165322942726476	-0.392741258688156	0.109813305217366	-0.0904718099189461
0.0171255997249709	0.0716383416088096	-0.483844199424072	0.174064029860865	-0.389362099075391	0.105383980053941	-0.0918616544372669
0.0197855113832218	0.0766812022785779	-0.48038011836482	0.182768754893869	-0.385949122724383	0.100954557797572	-0.0932373667626857
0.0224392282179436	0.0817048276189614	-0.476872397549372	0.191436657067279	-0.38250240507684	0.0965252045180276	-0.0945989297853819
0.025086642667177	0.0867089491767004	-0.473321134895455	0.2000672812148	-0.379022025180947	0.092096085548582	-0.0959463286432163
0.0277276476882554	0.0916933015896459	-0.469726433098061	0.208660177813957	-0.375508066077251	0.0876673650252457	-0.0972795504684612
0.0303621365600193	0.0966576228858818	-0.466088399741521	0.217214902956731	-0.371960614608952	0.0832392061604625	-0.0985985844920573
0.0329900029920061	0.101601654301259	-0.462407147239746	0.225731018371367	-0.368379761570892	0.0788117710835423	-0.0999034219434161
0.0356111408036097	0.106525140760177	-0.45868279300923	0.234208091361876	-0.364765601390954	0.074385221288803	-0.101194056228139
0.0382254444232372	0.11142783009957	-0.454915459201094	0.242645694900512	-0.361118232689389	0.0699597169336597	-0.102470482571997
0.0408328084660486	0.116309473705667	-0.451105272929964	0.251043407551776	-0.357437757850521	0.0655354174296796	-0.103732698268168
0.0434331278413858	0.121169826341055	-0.447252366215262	0.25940081349235	-0.35372428316327	0.0611124812886499	-0.104980702580464
0.0460262977054066	0.126008646208875	-0.443356876007411	0.267717502502818	-0.349977918790045	0.056691066193354	-0.106214496743529
0.0486122137140083	0.130825694547781	-0.439418944050918	0.275993070008862	-0.346198779062584	0.0522713286395526	-0.10743408376504
0.0511907715186194	0.135620736414266	-0.435438717157788	0.284227116997826	-0.342386981956544	0.0478534246489137	-0.108639468737307
0.0537618673607104	0.14039353974013	-0.431416346883928	0.29241925011575	-0.338542649755108	0.0434375089329309	-0.109830658408493
0.0563253974253802	0.145143876340847	-0.427351989878505	0.300569081557289	-0.334665908366533	0.0390237358074974	-0.111007661587635
0.0588812584007004	0.149871521034572	-0.423245807582934	0.308676229163252	-0.330756887945594	0.0346122584102826	-0.112170488745608
0.0614293470294486	0.154576252329675	-0.419097966469134	0.316740316335273	-0.326815722429985	0.0302032293342247	-0.113319152284359
0.06396956056412	0.159257851714611	-0.414908637794781	0.3247609721167	-0.322842550040309	0.0257967999927888	-0.11445366620659
0.0665017961792025	0.163916104571726	-0.410677997918191	0.332737831092722	-0.318837512663012	0.0213931214571861	-0.115574046484941
0.0690259514857239	0.168550799365785	-0.406406228021183	0.340670533469867	-0.314800756417544	0.0169923437373098	-0.116680310688379
0.0715419243295518	0.173161727951565	-0.402093514212803	0.348558725042414	-0.310732431452271	0.0125946160687285	-0.117772478091076
0.0740496126752643	0.177748685759677	-0.397740047592521	0.356402057169081	-0.306632691827208	0.00820008709501163	-0.118850569725847
0.0765489147753068	0.182311471526753	-0.393346024157526	0.364200186802166	-0.302501695707613	0.00380890462978178	-0.119914608247604
0.0790397290987843	0.186849887400892	-0.388911644835788	0.371952776468509	-0.298339605293851	-0.00057878422718427	-0.120964617951094
0.081521954305705	0.191363738979766	-0.384437115500708	0.379659494259776	-0.294146586805266	-0.00496283304493583	-0.122000624766812
0.083995489365038	0.195852835129406	-0.379922646901898	0.387320013856884	-0.289922810608606	-0.0093430962176122	-0.123022656156407
0.0864602332266012	0.20031698850137	-0.37536845484179	0.39493401446522	-0.285668450868526	-0.0137194284797471	-0.124030741311863
0.0889160853762699	0.204756014642704	-0.370774759870157	0.402501180903792	-0.281383686158321	-0.0180916856927782	-0.125024910753065
0.0913629452173742	0.209169732990289	-0.366141787617152	0.410021203498423	-0.277068698786409	-0.0224597239395774	-0.12600519672562
0.0938007125635548	0.213557966080608	-0.361469768519029	0.417493778160583	-0.272723675334402	-0.0268234002208934	-0.126971632843698
0.0962292873646214	0.217920539992783	-0.356758937970658	0.42491860633953	-0.26834880636098	-0.0311825720416548	-0.127924254255729
0.0986485697484774	0.222257284273386	-0.352009536285447	0.43229539501316	-0.263944286446383	-0.0355370974601255	-0.128863097584475
0.101058460121442	0.226568031795632	-0.347221808651654	0.439623856717808	-0.259510314297245	-0.03988683520742	-0.129788200852146
0.103458859045294	0.230852618940874	-0.342396005180601	0.446903709504454	-0.255047092613814	-0.0442316445016522	-0.130699603527962
0.105849667410049	0.235110885333345	-0.337532380816657	0.454134676973139	-0.250554828273131	-0.0485713852728664	-0.131597346398907
0.108230786195762	0.239342674228621	-0.332631195456928	0.461316488223784	-0.246033732060807	-0.052905917799051	-0.132481471706525
0.110602116726935	0.243547832102398	-0.32769271380792	0.468448877893268	-0.241484018946275	-0.0572351030591056	-0.133352022956397
0.112963560458729	0.247726209002819	-0.322717205497286	0.475531586110634	-0.23690590784084	-0.0615588023968605	-0.134209045040322
0.115315019136308	0.25187765830037	-0.317704944977931	0.482564358523785	-0.232299621760801	-0.0658768777338226	-0.135052584111284
0.117656394711077	0.256002036822661	-0.312656211569257	0.489546946268737	-0.227665387730058	-0.070189191425013	-0.135882687619056
0.119987589448631	0.260099204691888	-0.307571289389824	0.496479105990377	-0.223003436884001	-0.0744956063920554	-0.136699404218975
0.122308505816016	0.264169025510685	-0.302450467410925	0.503360599811875	-0.218314004334363	-0.0787959859387399	-0.137502783831685
0.124619046486169	0.268211366361765	-0.297294039449836	0.510191195325138	-0.213597329164122	-0.0830901937266815	-0.138292877617678
0.126919114531596	0.272226097499745	-0.29210230404908	0.51697066562012	-0.208853654621588	-0.0873780940423841	-0.1390697378316
0.129208613161277	0.276213092789246	-0.286875564619815	0.523698789230531	-0.20408322781798	-0.0916595513779928	-0.139833417982828
0.131487445916192	0.280172229392084	-0.281614129318958	0.530375350156598	-0.199286299925661	-0.0959344306983578	-0.140583972683635
0.133755516740941	0.284103387655832	-0.276318311004164	0.537000137871058	-0.194463126240024	-0.100202597517862	-0.141321457587211
0.13601272962302	0.288006451721418	-0.27098842742343	0.543572947249382	-0.189613965760976	-0.1044639173374	-0.142045929614427
0.138258989104412	0.291881308681213	-0.265624800918379	0.550093578642163	-0.184739081740132	-0.108718256379564	-0.142757446588669
0.140494199894939	0.29572784923404	-0.260227758632769	0.556561837805891	-0.179838741230093	-0.112965480980165	-0.143456067486253
0.142718267077832	0.29954596734863	-0.254797632383535	0.562977535924436	-0.17491321529256	-0.117205457870501	-0.144141852279144
0.144931096093051	0.303335560306955	-0.249334758662595	0.569340489598058	-0.169962778953425	-0.121438054116851	-0.144814861933476
0.147132592724766	0.307096528727568	-0.243839478627605	0.575650520825366	-0.164987711168491	-0.125663137077736	-0.145475158400063
0.149322663016288	0.31082877672739	-0.238312138140989	0.581907456986663	-0.159988294698626	-0.129880574239322	-0.146122804661281
0.151501213540781	0.314532211471874	-0.232753087605203	0.588111130871011	-0.154964816388714	-0.134090233595618	-0.146757864532242
0.153668151161149	0.318206743591176	-0.227162682082171	0.594261380626793	-0.149917566871743	-0.13829198325177	-0.147380402809198
0.155823383106227	0.321852287064578	-0.221541281239274	0.600358049762828	-0.14484684062277	-0.142485691508681	-0.14799048520589
0.157966817118896	0.325468758981734	-0.215889249252421	0.606400987162248	-0.139752936097776	-0.146671227051698	-0.148588178241239
0.160098361189978	0.329056080000112	-0.21020695493823	0.612390047019462	-0.134636155404183	-0.150848458516678	-0.149173549401201
0.162217923993763	0.332614173627149	-0.20449477149867	0.618325088909577	-0.129496804755241	-0.155017255114742	-0.149746666842067
0.164325414358638	0.336142967119951	-0.198753076798369	0.624205977676096	-0.124335193847386	-0.159177485795414	-0.150307599724869
0.166420741795723	0.339642390609241	-0.192982253057444	0.630032583514212	-0.119151636417125	-0.163329020012787	-0.150856417855776
0.168503816246515	0.343112377532734	-0.187182686969323	0.635804781908472	-0.113946449922409	-0.16747172731299	-0.151393191838448
0.170574548067293	0.346552864678329	-0.181354769701381	0.641522453620286	-0.108719955492609	-0.171605477265885	-0.151917993079759
0.172632848104259	0.349963792065783	-0.175498896827525	0.647185484679402	-0.103472477973487	-0.175730139549635	-0.152430893720662
0.174678627932134	0.353345102556385	-0.169615468181172	0.652793766418497	-0.0982043461576765	-0.179845584279997	-0.152931966472598
0.176711799333776	0.356696742746215	-0.163704888126587	0.658347195358455	-0.0929158921633422	-0.183951681171912	-0.153421284952278
0.178732275009821	0.360018661768713	-0.157767565142547	0.663845673319091	-0.0876074521946046	-0.188048300597987	-0.153898923195138
0.180739967792901	0.363310812658835	-0.151803912243925	0.669289107271209	-0.0822793656062859	-0.192135312335084	-0.154364956177454
0.182734791564512	0.366573150780147	-0.1458143464457	0.674677409466723	-0.0769319759131304	-0.196212586948435	-0.154819459184941
0.184716660479201	0.369805635176634	-0.1397992891774	0.680010497297878	-0.0715656298564959	-0.200279994551106	-0.15526250832875
0.186685489389701	0.373008227856603	-0.133759166027814	0.685288293348657	-0.0661806778501361	-0.204337405422361	-0.155694180250784
0.18864119386805	0.376180893758127	-0.127694406705042	0.690510725377347	-0.0607774739608546	-0.208384690005947	-0.156114552097596
0.190583689963025	0.379323601191028	-0.121605445152773	0.695677726263083	-0.0553563755806008	-0.212421718495337	-0.156523701679616
0.192512894600025	0.382436321145679	-0.115492719305665	0.700789234046539	-0.0499177438479936	-0.21644836141152	-0.156921707188805
0.194428725141998	0.385519028072101	-0.109356671307625	0.705845191840332	-0.0444619430919613	-0.220464488887684	-0.157308647488454
0.196331099940467	0.388571698935053	-0.103197747180706	0.710845547905348	-0.0389893414163012	-0.224469971485286	-0.157684601737845
0.198219937815491	0.391594314123861	-0.0970163970927251	0.715790255534476	-0.0335003100588593	-0.228464679344315	-0.158049649726551
0.20009515841897	0.394586856833329	-0.0908130751275382	0.720679273098268	-0.0279952237593473	-0.232448482713088	-0.158403871630249
0.201956682186477	0.397549313160633	-0.0845882392849773	0.72551256401468	-0.0224744606512894	-0.236421251831875	-0.158747348030806
0.203804430245841	0.400481672270914	-0.0783423515074433	0.730290096710773	-0.0169384021109498	-0.240382856753624	-0.159080159975032
0.205638324627458	0.403383926040779	-0.0720758775337726	0.735011844635508	-0.0113874329445707	-0.244333167631894	-0.159402388821173
0.207458288050383	0.406256069441557	-0.0657892869909693	0.739677786199461	-0.0058219410961069	-0.248272054348159	-0.159714116378468
0.209264244070237	0.409098100293631	-0.0594830532849588	0.744287904782009	-0.000242317759052701	-0.252199386702678	-0.160015424805017
0.21105611720347	0.411910019045947	-0.0531576534982536	0.748842188718291	0.00535104252677443	-0.256115034576565	-0.16030639650854
0.212833832669582	0.414691829251773	-0.0468135685106896	0.753340631241967	0.0109577422295892	-0.260018867478562	-0.160587114324214
0.214597316679971	0.417443537055417	-0.0404512827988923	0.757783230500214	0.016577380546029	-0.263910754970703	-0.160857661303353
0.216346496284103	0.420165151477442	-0.0340712845009472	0.762169989507122	0.0222095536295264	-0.267790566380183	-0.161118120821084
0.21808129949287	0.422856684201417	-0.0276740653080421	0.76650091613667	0.0278538545069318	-0.271658170961225	-0.161368576480019
0.219801655178056	0.425518149758802	-0.0212601204933605	0.770776023078901	0.03350987324785	-0.275513437692526	-0.161609112174131
0.221507493167405	0.428149565368852	-0.0148299488255399	0.774995327830902	0.0391771969117938	-0.279356235392048	-0.161839812023161
0.223198744399494	0.430750950659864	-0.00838405244535378	0.779158852689504	0.0448554094213405	-0.283186432928739	-0.162060760254275
0.224875340590736	0.433322328277669	-0.00192293702164226	0.783266624675039	0.0505440920111067	-0.287003898650523	-0.162272041429615
0.226537214650491	0.435863723140223	0.00455288851813895	0.787318675563919	0.0562428227975087	-0.290808501010514	-0.162473740154233
0.228184300274312	0.438375163176713	0.0110429117909649	0.791315041798052	0.0619511773122527	-0.294600107877713	-0.162665941350899
0.229816532490476	0.440856678343399	0.0175466173085725	0.795255764542313	0.0676687279237698	-0.298378587381021	-0.162848729880934
0.231433847125109	0.443308301587703	0.024063486204845	0.799140889562039	0.0733950445152842	-0.30214380700852	-0.163022190902293
0.233036181225194	0.445730068096839	0.0305929965173923	0.802970467272041	0.0791296940571007	-0.305895634254705	-0.16318640958031
0.234623472908438	0.448122015554886	0.0371346231381187	0.80674455266716	0.0848722408328673	-0.309633936342812	-0.163341471179586
0.236195661282385	0.450484184305239	0.043687837805173	0.810463205288575	0.0906222466014461	-0.313358580056516	-0.163487461119445
0.237752686799222	0.452816616688778	0.0502521093436181	0.814126489237454	0.0963792702286526	-0.317069432283518	-0.163624464721929
0.239294490779876	0.455119357931022	0.0568269034358915	0.817734473078285	0.102142868325023	-0.320766359202557	-0.163752567536861
0.240821015966522	0.457392455106564	0.0634116829758002	0.821287229877732	0.107912594632942	-0.32444922715541	-0.163871854953625
0.242332206056295	0.459635958008769	0.070005907841425	0.8247848371086	0.1136880006537	-0.328117901847919	-0.163982412520539
0.243828006071312	0.461849918459739	0.0766090351505266	0.828227376666713	0.119468635262826	-0.331772248921058	-0.164084325682413
0.245308362186697	0.464034390619705	0.0832205192035085	0.831614934809238	0.125254044976097	-0.335412133642632	-0.16417767989612
0.24677322178146	0.466189430895741	0.0898398115539711	0.834947602128239	0.131043773949957	-0.339037420951149	-0.164262560589726
0.248222533538997	0.468315097739952	0.0964663611120742	0.838225473526133	0.136837363920728	-0.342647975596633	-0.164339053088269
0.249656247244837	0.470411452025643	0.103099614068264	0.841448648148446	0.14263435450998	-0.346243661769663	-0.164407242746183
0.251074314094324	0.472478556462347	0.109739014118426	0.844617229392969	0.148434282912474	-0.349824343585076	-0.164467214734662
0.252476686540909	0.474516475873848	0.116384002421144	0.84773132484986	0.154236684147296	-0.35338988479991	-0.164519054137578
0.253863318259939	0.476525277250728	0.123034017618706	0.850791046251853	0.160041091150032	-0.356940148721091	-0.164562845972376
0.255234164181328	0.478505029677834	0.129688495906388	0.853796509438981	0.165847034801964	-0.360474998236077	-0.164598675157973
0.25658918083632	0.480455803684054	0.136346871280058	0.856747834381638	0.171654043577468	-0.363994296361692	-0.16462662628166
0.257928325637174	0.482377672563511	0.143008575160336	0.859645145011745	0.177461644459309	-0.367497905011949	-0.164646784074685
0.25925155774835	0.484270710738727	0.149673036953291	0.862488569329051	0.183269361960947	-0.370985686432984	-0.16465923281965
0.260558837499023	0.486134994844845	0.156339683753698	0.865278239262135	0.189076718890263	-0.374457502192976	-0.164664056742737
0.261850126521329	0.48797060345164	0.163007940475912	0.86801429064326	0.194883236241672	-0.377913213387648	-0.16466133991061
0.263125388062391	0.489777616462156	0.169677230082627	0.870696863221415	0.200688432882568	-0.38135268114331	-0.164651166018888
0.264384586484923	0.491556116031036	0.176346973348285	0.873326100530092	0.206491826211769	-0.384775765753381	-0.164633618718192
0.265627687663611	0.493306185804537	0.183016589136942	0.875902149912483	0.21229293174535	-0.388182327321629	-0.164608781343195
0.266854658979354	0.495027910899185	0.189685494453945	0.878425162468416	0.218091263177067	-0.391572225738573	-0.164576736907937
0.268065469021167	0.496721378456216	0.196353104319175	0.880895292964617	0.223886332801154	-0.394945320147611	-0.164537568301846
0.269260087984419	0.498386676855353	0.203018832057117	0.883312699850508	0.229677651088667	-0.398301469609869	-0.164491358014336
0.270438487465191	0.500023896081364	0.209682089226865	0.885677545174518	0.235464726991208	-0.401640532732839	-0.16443818826338
0.271600640393166	0.50163312783047	0.216342285634219	0.887989994527855	0.241247068083483	-0.404962367537842	-0.164378141038094
0.272746521233228	0.503214465095672	0.22299882950913	0.890250217026295	0.247024180373867	-0.408266831789766	-0.164311297952215
0.273876105934712	0.504768002239864	0.229651127525127	0.892458385255229	0.252795568425251	-0.41155378289448	-0.16423774027257
0.274989371845474	0.506293835122129	0.236298584807504	0.894614675198302	0.258560735510643	-0.414823077738075	-0.164157548965933
0.276086297763503	0.507792060981574	0.242940605015313	0.896719266203189	0.264319183613054	-0.418074572759747	-0.164070804662127
0.277166864158976	0.509262777965591	0.249576590535067	0.898772340962362	0.270070413204537	-0.421308124328335	-0.163977587490614
0.27823105263422	0.510706086146132	0.256205942207849	0.900774085370232	0.275813923962365	-0.42452358779152	-0.163877977439487
0.279278846515019	0.512122086338496	0.262828059745035	0.90272468856839	0.281549214099924	-0.427720818492794	-0.163772053945122
0.280310230682146	0.513510880400345	0.269442341683052	0.904624342871724	0.287275780630147	-0.430899671470863	-0.163659896002522
0.281325191233944	0.514872571831582	0.276048185238187	0.906473243642486	0.29299311982306	-0.434060000866238	-0.163541582375238
0.28232371602803	0.516207264708302	0.282644986690256	0.90827158934581	0.298700726606482	-0.437201660853731	-0.163417191232626
0.283305794242517	0.517515064471064	0.289232141176793	0.910019581399302	0.30439809514185	-0.440324504876771	-0.163286800422258
0.284271416613663	0.51879607744669	0.295809042899914	0.911717424178143	0.31008471860075	-0.443428386056266	-0.163150487312875
0.285220575410666	0.520050410830655	0.302375085161705	0.913365324936244	0.31576008922754	-0.446513157142114	-0.163008328792388
0.286153264370911	0.521278172789352	0.308929660392587	0.914963493749449	0.321423698482842	-0.449578670400408	-0.162860401306059
0.287069478629505	0.522479472546147	0.315472160166391	0.916512143443016	0.327075037176078	-0.452624777486477	-0.16270678089372
0.28796921500264	0.523654419773589	0.322001975431335	0.91801148957546	0.332713595157824	-0.455651329946405	-0.162547542982019
0.288852471666948	0.524803125188669	0.328518496380187	0.919461750336387	0.338338861773896	-0.458658178652704	-0.162382762598928
0.289719248361589	0.525925700094659	0.33502111262862	0.920863146510048	0.343950325652154	-0.461645174162251	-0.162212514219578
0.290569546241452	0.527022256627638	0.341509213194757	0.922215901398155	0.349547474938622	-0.464612166465456	-0.162036871855065
0.291403368017813	0.528092907422437	0.347982186640422	0.923520240776521	0.355129797161763	-0.467559005235901	-0.161855908947139
0.292220717834149	0.529137765809901	0.354439421063668	0.924776392819793	0.360696779434955	-0.470485539620896	-0.161669698439657
0.293021601378493	0.530156945535626	0.360880304223599	0.925984588051626	0.366247908357958	-0.473391618445895	-0.161478312689034
0.293806025671584	0.531150561129665	0.367304223481801	0.927145059252427	0.37178267032692	-0.476277089850013	-0.16128182359678
0.294573999386365	0.532118727207792	0.373710566053703	0.928258041443725	0.377300551170329	-0.479141801863314	-0.161080302377919
0.295325532473863	0.533061559170753	0.380098718848532	0.929323771771712	0.382801036669184	-0.481985601750862	-0.160873819806256
0.296060636558002	0.533979172335455	0.386468068771906	0.930342489494945	0.388283612086399	-0.484808336737766	-0.160662445924737
0.296779324385377	0.534871683000079	0.392818002455581	0.931314435842656	0.393747762912455	-0.487609853027718	-0.160446250414815
0.297481610472029	0.535739207065983	0.399147906716441	0.932239854047723	0.399192974079643	-0.490389996989457	-0.160225302135792
0.29816751053454	0.536581861125554	0.405457168272283	0.933118989189574	0.404618730719147	-0.493148614144498	-0.159999669500675
0.298837041824436	0.537399761721277	0.411745174014128	0.933952088182866	0.410024517774499	-0.495885549791811	-0.159769420232971
0.299490222920189	0.538193025701308	0.418011310940575	0.934739399678142	0.415409820300416	-0.498600648649983	-0.159534621493915
0.300127073836899	0.538961769928958	0.424254966293947	0.935481174010017	0.42077412335792	-0.501293755076931	-0.159295339792004
0.300747615957969	0.539706111349847	0.430475527581159	0.936177663119653	0.426116912131097	-0.503964712970664	-0.159051641013902
0.301351872139144	0.540426166714084	0.436672382704645	0.936829120504051	0.431437671831403	-0.506613365978847	-0.15880359033878
0.301939866279126	0.54112205337678	0.442844919764984	0.937435801076386	0.436735888271006	-0.509239556745908	-0.158551252512962
0.302511624075609	0.541793887684244	0.448992527590841	0.937997961220766	0.442011046932533	-0.5118431283134	-0.158294691320109
0.303067172165404	0.54244178665426	0.455114595275752	0.938515858581568	0.447262634091644	-0.514423922582372	-0.158033970149532
0.303606538723661	0.543065866676296	0.461210512615218	0.938989752091557	0.45249013608098	-0.516981781435444	-0.157769151569974
0.304129753095295	0.543666244193677	0.467279669946252	0.939419901844429	0.457693039791762	-0.519516546092433	-0.157500297566421
0.304636845990816	0.544243035211847	0.473321458329679	0.939806569047408	0.462870832436485	-0.522028057502039	-0.157227469384097
0.305127849347255	0.544796355519933	0.479335269540138	0.940150015936614	0.46802300176868	-0.524516156119051	-0.156950727609833
0.305602796365614	0.54532632052702	0.485320496147496	0.940450505708845	0.473149036046838	-0.526980682006836	-0.156670132127688
0.306061721434561	0.545833045331762	0.491276531541435	0.940708302431315	0.478248424154615	-0.529421474733741	-0.156385742148667
0.306504660221814	0.546316644460657	0.497202770053023	0.940923670992078	0.48332065551035	-0.531838373577578	-0.156097616134547
0.306931649509568	0.546777232117282	0.503098606919494	0.941096876993369	0.488365220292802	-0.534231217259276	-0.155805811886324
0.307342727320102	0.547214921843842	0.508963438432403	0.941228186707194	0.493381609305066	-0.536599844216903	-0.155510386444735
0.307737932724636	0.547629826825033	0.514796661881173	0.941317866960473	0.498369314231667	-0.538944092288343	-0.155211396194694
0.308117306061499	0.548022059348549	0.52059767575946	0.941366185104237	0.503327827377664	-0.541263799163097	-0.154908896700608
0.308480888667001	0.548391731282419	0.526365879663426	0.941373408893303	0.508256642032773	-0.543558801919919	-0.154602942869043
0.30882872295325	0.548738953814396	0.532100674406955	0.941339806422442	0.513155252380659	-0.545828937220522	-0.154293588873353
0.309160852507991	0.549063837156388	0.537801462150683	0.941265646068667	0.518023153385061	-0.548074041538962	-0.153980888065834
0.309477321828365	0.549366491016709	0.543467646306944	0.941151196378193	0.522859841153855	-0.550293950712905	-0.15366489314075
0.309778176480528	0.549647024160771	0.54909863169833	0.940996726006366	0.527664812729173	-0.55248850028683	-0.153345655998251
0.310063463009796	0.549905544511411	0.554693824577207	0.940802503635541	0.53243756622498	-0.554657525399363	-0.153023227789276
0.310333228927678	0.550142159085068	0.560252632677533	0.940568797894115	0.537177600849481	-0.556800860802009	-0.15269765889948
0.31058752264914	0.550356974024072	0.565774465247276	0.940295877272013	0.541884416994737	-0.558918340797174	-0.152368998973033
0.310826393559602	0.550550094352689	0.571258733152863	0.939984010048134	0.546557516149737	-0.561009799418435	-0.15203729683845
0.31104989188048	0.550721624180225	0.576704848865073	0.939633464204753	0.551196401095327	-0.563075070225308	-0.151702600585744
0.311258068684026	0.550871666551947	0.582112226533538	0.939244507339287	0.555800575873788	-0.56511398639375	-0.151364957525792
0.311450975923347	0.551000323298703	0.587480282068953	0.938817406601289	0.560369545761469	-0.567126380822014	-0.151024414152184
0.311628666211407	0.551107695398845	0.592808433073799	0.938352428572792	0.564902817555946	-0.569112085773427	-0.150681016264045
0.31179119310349	0.551193882284806	0.598096099086787	0.937849839244775	0.569399899214063	-0.571070933470044	-0.150334808754243
0.311938610797799	0.551258982367436	0.603342701455345	0.937309903882771	0.573860300232987	-0.573002755581364	-0.149985835785973
0.312070974211674	0.551303092776886	0.60854766345253	0.936732886964636	0.578283531556367	-0.574907383432577	-0.149634140717742
0.312188338947014	0.551326309337158	0.613710410322182	0.936119052101059	0.582669105619132	-0.576784647997861	-0.149279766105147
0.312290761245004	0.551328726546382	0.618830369310291	0.935468661940997	0.587016536395729	-0.578634379877194	-0.148922753701416
0.312378297926102	0.551310437617275	0.623906969698163	0.934781978095184	0.59132533948511	-0.580456409244284	-0.148563144480432
0.312451006492645	0.551271534133438	0.628939642925375	0.934059261064241	0.595595031957441	-0.582250566107556	-0.148200978536576
0.312508944872669	0.551212106506202	0.633927822497965	0.933300770125822	0.599825132696546	-0.584016679886293	-0.147836295236715
0.312552171655198	0.551132243358898	0.638870944199538	0.932506763293373	0.60401516207742	-0.58575457992513	-0.147469133034161
0.312580745773394	0.551032032094778	0.643768445951765	0.931677497181843	0.608164642372094	-0.587464094955678	-0.147099529658141
0.312594726700886	0.55091155837908	0.648619768008341	0.930813226969612	0.612273097490457	-0.58914505353827	-0.146727521956009
0.312594174262291	0.550770906422804	0.653424352888732	0.92991420627847	0.616340053205877	-0.590797283768207	-0.146353145993854
0.312579148697478	0.550610158753947	0.658181645494721	0.928980687118885	0.62036503707695	-0.592420613469341	-0.145976436990276
0.312549710653226	0.550429396105126	0.662891093153761	0.92801291979705	0.624347578424236	-0.594014870246476	-0.14559742929279
0.312505921009454	0.550228697700245	0.667552145584255	0.927011152820581	0.628287208569264	-0.595579881223107	-0.145216156471107
0.312447840862935	0.550008141164515	0.672164254934077	0.925975632806345	0.632183460823083	-0.597115473077031	-0.144832651301215
0.312375531782982	0.54976780186787	0.676726876017969	0.924906604456072	0.636035870144144	-0.598621472614858	-0.144446945566982
0.312289055222639	0.549507754088505	0.681239465991884	0.923804310369716	0.639843973896617	-0.600097705695801	-0.144059070430035
0.312188473110951	0.549228069617588	0.685701484800572	0.922668991076736	0.643607311050842	-0.601543998460949	-0.143669056003898
0.312073847298124	0.548928818849742	0.690112394876347	0.921500884856277	0.647325422896403	-0.602960176325662	-0.143276931701943
0.311945239847622	0.548610070045349	0.694471661395551	0.920300227719356	0.65099785264737	-0.604346064625963	-0.142882726014409
0.311802712785691	0.548271889750679	0.698778752164508	0.919067253277686	0.654624145737276	-0.605701488202118	-0.142486466647319
0.311646328261944	0.547914342350658	0.703033137795545	0.917802192703945	0.658203849603842	-0.607026271791156	-0.142088180390562
0.311476148316898	0.547537490451555	0.707234291607101	0.916505274609292	0.661736513962244	-0.608320239648852	-0.1416878932455
0.311292235035357	0.547141394445366	0.711381689785046	0.915176724998398	0.665221690589454	-0.60958321592415	-0.141285630297111
0.311094650235481	0.546726113067553	0.71547481123807	0.913816767132467	0.668658933707822	-0.610815024130448	-0.140881415891417
0.310883455851181	0.546291702456944	0.719513137906733	0.912425621528754	0.672047799457731	-0.612015487973211	-0.140475273356398
0.310658713429279	0.545838217136801	0.723496154487704	0.911003505788405	0.675387846538325	-0.613184430438771	-0.140067225309102
0.310420484414403	0.545365709285761	0.727423348681408	0.909550634577122	0.678678635805785	-0.614321674434509	-0.139657293438521
0.310168829999742	0.544874228950207	0.731294211150882	0.908067219523551	0.681919730448635	-0.615427042575487	-0.139245498579212
0.309903811083145	0.544363824024882	0.735108235543486	0.906553469131294	0.68511069601053	-0.616500357174241	-0.138831860710252
0.30962548821125	0.543834540278884	0.738864918518503	0.90500958870636	0.688251100455908	-0.617541440211672	-0.138416398972351
0.309333921577497	0.543286421226766	0.74256375978965	0.903435780266887	0.691340514120981	-0.618550113412039	-0.137999131632111
0.309029171083289	0.542719507902092	0.746204262231515	0.901832242496986	0.694378509624852	-0.619526198447309	-0.137580076023072
0.308711295938076	0.542133839621164	0.749785931660321	0.900199170591573	0.697364662365377	-0.620469516217872	-0.137159248781771
0.308380355144383	0.541529452798103	0.753308277212331	0.898536756274049	0.700298549839662	-0.621379887903534	-0.136736665495577
0.308036407042182	0.540906381849351	0.756770811093793	0.896845187643699	0.703179752229499	-0.622257134132567	-0.13631234098339
0.307679509459979	0.540264658741962	0.760173048734339	0.895124649128096	0.706007852163057	-0.623101075367061	-0.135886289163835
0.307309719504753	0.539604313362071	0.763514508698521	0.893375321379924	0.708782434974603	-0.623911531559482	-0.135458523174281
0.306927093878681	0.538925372682478	0.766794712944927	0.891597381253773	0.711503088229745	-0.624688322872755	-0.13502905512461
0.30653168839874	0.538227861746815	0.770013186563237	0.889791001660395	0.714169402363657	-0.625431268793816	-0.134597896398723
0.306123558282183	0.537511802902138	0.773169458005415	0.887956351538946	0.716780970238307	-0.626140188790647	-0.134165057432559
0.305702757999515	0.536777216038203	0.776263059047835	0.886093595769466	0.719337387330737	-0.626814902096776	-0.133730547787238
0.305269341089022	0.536024118885467	0.779293524704724	0.884202895065397	0.721838251934365	-0.627455227416238	-0.133294376248736
0.304823360444843	0.535252526265947	0.782260393477674	0.882284405960485	0.72428316474335	-0.628060983587406	-0.132856550604412
0.304364867998771	0.534462450698311	0.785163207184678	0.880338280681833	0.72667172924451	-0.628631989021772	-0.132417077832025
0.303893914760878	0.533653902204806	0.788001511035044	0.878364667091458	0.72900355162879	-0.629168061862584	-0.13197596404704
0.303410550792325	0.532826888273011	0.790774853661219	0.876363708620029	0.73127824080095	-0.629669020012741	-0.131533214495614
0.302914825291427	0.531981413539218	0.793482787213459	0.874335544204935	0.733495408208232	-0.630134681389269	-0.13108883346476
0.302406786204391	0.531117480594201	0.796124867153317	0.872280308173046	0.735654668361327	-0.630564863208283	-0.130642824529272
0.301886480702854	0.530235088767983	0.798700652610007	0.870198130243638	0.737755638119758	-0.630959383042182	-0.130195190191786
0.301353954578885	0.529334235425262	0.801209706019379	0.86808913537112	0.739797937501563	-0.631318057657843	-0.129745932276288
0.300809252699354	0.528414914821015	0.803651593475216	0.865953443756631	0.741781189017438	-0.63164070402838	-0.129295051588808
0.300252418649456	0.527477118815553	0.806025884529035	0.863791170726561	0.743705018125873	-0.631927138680502	-0.128842548137329
0.299683494896771	0.526520836393596	0.808332152334543	0.861602426692018	0.745569052959624	-0.632177178105514	-0.128388420991915
0.299102522499688	0.525546054251098	0.810569973506703	0.859387317051818	0.74737292471222	-0.632390638242192	-0.127932668462798
0.298509541431246	0.524552755937421	0.812738928363838	0.857145942175036	0.749116267131325	-0.632567335214759	-0.127475287850894
0.297904590245326	0.523540922536834	0.814838600751641	0.854878397293618	0.750798716956186	-0.63270708472557	-0.127016275653874
0.297287706145729	0.522510532407157	0.816868578120078	0.852584772449733	0.752419913775448	-0.63280970227024	-0.126555627492017
0.296658924956745	0.521461561167239	0.818828451550194	0.850265152441368	0.753979500044175	-0.632875003152247	-0.126093338108318
0.29601828109492	0.520393981652573	0.820717815758473	0.847919616752998	0.755477121066467	-0.632902802498198	-0.125629401360499
0.295365807474697	0.519307764054844	0.822536269080965	0.845548239489305	0.756912425105116	-0.632892915137309	-0.125163810263066
0.294701535598279	0.518202875621931	0.824283413560431	0.843151089336192	0.758285063212655	-0.632845155856973	-0.124696556905836
0.294025495373312	0.51707928098265	0.82595885485931	0.840728229471205	0.759594689441631	-0.632759339100689	-0.124227632549533
0.293337715183879	0.515936941911065	0.827562202343798	0.838279717531601	0.760840960723028	-0.632635279183114	-0.123757027562479
0.292638221825962	0.514775817373789	0.829093069065298	0.835805605542209	0.762023536902148	-0.632472790225921	-0.123284731435686
0.291927040425063	0.513595863649033	0.830551071742597	0.833305939859502	0.763142080828505	-0.63227168605838	-0.122810732822807
0.291204194525423	0.512397034031553	0.831935830849798	0.830780761132383	0.764196258189215	-0.632031780468056	-0.122335019454616
0.290469705900548	0.511179279191636	0.833246970514984	0.828230104221617	0.765185737735458	-0.631752886873935	-0.121857578247907
0.28972359473909	0.509942546662666	0.834484118679771	0.825653998187084	0.766110190987435	-0.631434818782847	-0.121378395159646
0.288965879231471	0.508686781730432	0.835646906841944	0.823052466168178	0.766969292778516	-0.631077388987725	-0.120897455446601
0.288196576113408	0.507411926085388	0.836734970456013	0.820425525435403	0.767762720455756	-0.630680410770273	-0.120414743277576
0.287415700114146	0.506117919032899	0.837747948577466	0.817773187246351	0.768490154612528	-0.63024369680912	-0.119930242086836
0.286623264093976	0.504804697106197	0.838685483987286	0.815095456831283	0.76915127886866	-0.629767059529211	-0.119443934464255
0.285819279179596	0.503472193673665	0.839547223305787	0.812392333374448	0.769745779638981	-0.629250311446727	-0.118955802044348
0.285003754570096	0.502120339321184	0.840332816880285	0.80966380993594	0.770273346368477	-0.628693264820949	-0.118465825617508
0.284176697428216	0.500749062048972	0.84104191874057	0.806909873402054	0.770733671661125	-0.628095731485548	-0.11797398519202
0.283338113155212	0.499358286547423	0.84167418679898	0.804130504485218	0.771126450843637	-0.627457523481922	-0.117480259782756
0.282488005030602	0.497947934990861	0.842229282630363	0.801325677633968	0.771451382451341	-0.626778452358062	-0.116984627646709
0.281626374423048	0.496517926469271	0.842706871631418	0.798495361025914	0.771708167886881	-0.62605832966689	-0.116487066117414
0.280753220637978	0.495068177299225	0.843106622939419	0.795639516516719	0.771896511613912	-0.625296966698365	-0.115987551698263
0.279868540980815	0.493598600802579	0.843428209485964	0.79275809960927	0.772016121020888	-0.624494174664238	-0.115486060000239
0.278972330540014	0.492109107771574	0.843671307869762	0.789851059389959	0.772066706704835	-0.623649764291176	-0.11498256587617
0.278064582628617	0.490599605368638	0.843835598672363	0.786918338574888	0.772047981811658	-0.622763546802442	-0.114477043107635
0.277145288017408	0.489069998887308	0.843920765943793	0.783959873345952	0.771959663089086	-0.621835332342842	-0.113969464911337
0.276214435766003	0.487520189736065	0.843926497792719	0.7809755934719	0.771801469681713	-0.620864931786223	-0.113459803361355
0.275272012432708	0.485950077260468	0.843852485845772	0.777965422140828	0.771573124215094	-0.619852155103448	-0.112948029914784
0.274318002645112	0.48435955734543	0.843698425658665	0.774929276037999	0.771274351959964	-0.618796812617298	-0.112434115010272
0.273352388720456	0.482748523272535	0.843464016459947	0.771867065255789	0.770904881340809	-0.617698714237461	-0.111918028315857
0.272375150725333	0.481116865540115	0.843148961203743	0.768778693285219	0.770464443823976	-0.616557669626872	-0.111399738678792
0.271386266645812	0.479464471412248	0.842752966691063	0.765664057021213	0.769952773642057	-0.615373488603174	-0.110879213997148
0.270385712053626	0.477791225680667	0.842275743347262	0.762523046689105	0.769369608243684	-0.614145980464317	-0.110356421438701
0.269373460397185	0.476097009942611	0.841717005429163	0.759355545879914	0.768714687856567	-0.612874954641761	-0.10983132723506
0.268349482757523	0.474381703141541	0.841076470860666	0.756161431490633	0.767987755803154	-0.611560220217716	-0.109303896837899
0.267313747923485	0.472645181359671	0.84035386128109	0.752940573721404	0.767188558363316	-0.610201586112302	-0.108774094859902
0.266266222434065	0.470887317698787	0.839548902086637	0.749692836077967	0.766316844702561	-0.608798861207536	-0.108241885041563
0.265206870515507	0.469107982391526	0.838661322377574	0.746418075342148	0.765372366920578	-0.607351854240309	-0.1077072302834
0.264135653932934	0.467307043147347	0.83769085486031	0.743116141543702	0.764354880251783	-0.605860373509806	-0.107170092745768
0.26305253228797	0.465484364410261	0.836637236047932	0.739786878001032	0.763264142607932	-0.60432422754142	-0.106630433637822
0.261957462733338	0.463639808033378	0.83550020606242	0.736430121269137	0.762099914970095	-0.602743224496917	-0.106088213409569
0.260850400053435	0.46177323306934	0.834279508685171	0.733045701150368	0.760861961250622	-0.601117172368971	-0.105543391693283
0.259731296708806	0.459884495640869	0.832974891375141	0.729633440692871	0.759550048195411	-0.599445879094572	-0.104995927267169
0.258600102702584	0.457973449272196	0.831586105180762	0.726193156178737	0.758163945576575	-0.597729152286321	-0.104445778149121
0.257456765796055	0.45603994434857	0.83011290487213	0.722724657156185	0.756703425846238	-0.595966799711071	-0.103892901445387
0.256301231206457	0.454083828844182	0.828555048723909	0.719227746389883	0.755168264556232	-0.59415862865364	-0.103337253555279
0.25513344188095	0.452104947661312	0.826912298693853	0.715702219916736	0.753558239945731	-0.592304446516603	-0.102778789985756
0.253953338264435	0.4501031431976	0.825184420253429	0.712147867014172	0.751873133263761	-0.590404060332034	-0.102217465511513
0.252760858443075	0.448078254989069	0.823371182462972	0.708564470226242	0.750112728529061	-0.588457277075176	-0.101653234074453
0.251555938159821	0.446030119696392	0.821472357980156	0.704951805387211	0.748276812510162	-0.58646390370784	-0.101086048780449
0.250338510661564	0.443958571479934	0.819487722930175	0.701309641603504	0.746365174923339	-0.584423746848119	-0.100515862004486
0.249108506792387	0.441863441774173	0.817417056947635	0.697637741278505	0.74437760827116	-0.58233661297484	-0.0999426253279817
0.247865855136885	0.439744558978414	0.815260143269311	0.69393586016625	0.742313907643517	-0.580202308738127	-0.0993662894520362
0.246610481611549	0.437601749445297	0.81301676841479	0.690203747307411	0.740173871274084	-0.578020640070578	-0.0987868044746857
0.245342310020069	0.435434836172845	0.810686722563431	0.686441145155321	0.737957299740959	-0.575791413386928	-0.0982041195243316
0.244061261586836	0.433243639948809	0.808269799195106	0.68264778951109	0.735663996617619	-0.57351443456493	-0.0976181830807587
0.242767255130933	0.431027978970822	0.805765795196131	0.67882340958636	0.733293768225569	-0.571189509314757	-0.0970289428688506
0.241460207269069	0.428787668354632	0.803174510957586	0.674967728048918	0.730846423299056	-0.568816443608788	-0.096436345721056
0.24014003202487	0.426522521161606	0.800495750096893	0.671080461007889	0.728321773586275	-0.566395042818857	-0.0958403378644272
0.238806641196141	0.42423234749844	0.797729319660906	0.667161318083621	0.725719633264094	-0.563925112500287	-0.095240864670389
0.23745994410344	0.421916955204906	0.794875029938261	0.663210002417196	0.723039819330182	-0.56140645782729	-0.0946378708451909
0.236099847844272	0.419576149251626	0.791932694588028	0.659226210733818	0.720282151199576	-0.558838884126063	-0.0940313002632462
0.234726257063859	0.417209732366475	0.788902130458999	0.655209633354525	0.717446451054468	-0.556222196356183	-0.0934210961420325
0.23333907406786	0.414817504788244	0.785783157615363	0.651159954239332	0.714532543649379	-0.553556199328183	-0.0928072009723909
0.231938199013071	0.412399263876831	0.782575599451427	0.647076851078947	0.711540256057137	-0.550840698098146	-0.0921895564111761
0.23052352949989	0.409954805142668	0.779279282346869	0.642959995252094	0.708469418229184	-0.548075497046292	-0.0915681035679903
0.229094960998421	0.407483921287699	0.77589403594245	0.638809051960447	0.705319862400161	-0.545260400778985	-0.090942782737872
0.227652386708372	0.404986402585485	0.772419692980406	0.634623680237221	0.702091423259839	-0.542395213788734	-0.0903135335081706
0.226195697480303	0.402462037161166	0.768856089218714	0.63040353299592	0.698783938088011	-0.539479740248126	-0.0896802948352803
0.224724781989849	0.399910610629106	0.765203063501994	0.626148257111825	0.695397246495637	-0.536513784352485	-0.0890430049456502
0.223239526694362	0.397331906261421	0.761460457677839	0.621857493462205	0.691931190474344	-0.533497150186728	-0.088401601382156
0.22173981583011	0.394725705086685	0.75762811655216	0.617530876992969	0.688385614417447	-0.530429641676124	-0.0877560210320438
0.220225531385135	0.392091786022623	0.753705887811228	0.613168036765831	0.684760365146038	-0.527311062484149	-0.0871062001639626
0.218696553333439	0.389429925392693	0.749693622137004	0.608768596065994	0.681055291576999	-0.524141216478476	-0.0864520742942
0.217152759399973	0.386739897593306	0.745591172988148	0.604332172428702	0.677270245072671	-0.520919907167898	-0.0857935783726846
0.215594025215872	0.384021474785556	0.741398396640509	0.599858377722518	0.673405079197463	-0.517646937991181	-0.0851306466976565
0.214020224373699	0.381274426877461	0.737115152183415	0.595346818243438	0.669459649667851	-0.514322112386494	-0.0844632129109544
0.212431228309646	0.378498521885238	0.732741301356386	0.590797094751148	0.665433814500072	-0.510945233475203	-0.083791210099788
0.210826906555968	0.375693525437981	0.728276708683091	0.58620880260259	0.661327433673767	-0.507516104561775	-0.0831145706586813
0.209207126555221	0.372859201314295	0.723721241255401	0.581581531781655	0.657140369380978	-0.504034528662201	-0.082433226440257
0.20757175373407	0.369995311391976	0.719074768736297	0.576914867005861	0.652872485950237	-0.500500308607016	-0.0817471087411663
0.205920651687884	0.367101615284599	0.714337163404834	0.572208387828128	0.648523649560126	-0.496913247379903	-0.0810561482027733
0.204253681994105	0.364177870934679	0.709508299968332	0.56746166870111	0.644093728540948	-0.493273147643223	-0.0803602749754407
0.202570704443053	0.36122383414634	0.704588055636647	0.562674279092651	0.639582593023227	-0.489579812173707	-0.0796594185917057
0.200871576845721	0.358239259194548	0.699576309922192	0.557845783551489	0.634990115243237	-0.48583304337009	-0.078953508134208
0.199156155388538	0.355223898068975	0.694472944807213	0.552975741856629	0.630316169023256	-0.482032643959598	-0.0782424720287746
0.197424294258106	0.352177501536374	0.689277844403119	0.548063709051742	0.625560630338168	-0.478178416096063	-0.0775262383386766
0.195675846104186	0.349099818119633	0.683990895187846	0.543109235615392	0.620723376632968	-0.474270162300002	-0.0768047344842761
0.193910661707914	0.345990595074536	0.678611985700586	0.538111867518096	0.615804287342075	-0.470307684648705	-0.0760778875138956
0.192128590293197	0.342849577733777	0.673141006657944	0.533071146361461	0.610803243412589	-0.46629078537842	-0.0753456239242891
0.190329479479616	0.339676509796733	0.667577850849983	0.527986609493915	0.60572012741519	-0.46221926669596	-0.0746078697419043
0.188513175176099	0.336471133721733	0.661922412961393	0.522857790089697	0.60055482369099	-0.45809293045598	-0.07386455063336
0.186679521836837	0.333233190255305	0.656174589666453	0.517684217310369	0.595307217997575	-0.453911578636293	-0.0731155917765786
0.184828362445904	0.329962418620417	0.650334279518213	0.5124654164134	0.589977197537537	-0.44967501321137	-0.0723609179150574
0.182959538487962	0.32665855675394	0.644401382833643	0.507200908867127	0.584564651019217	-0.445383035993676	-0.071600453425389
0.181072890014322	0.323321341305844	0.63837580163837	0.501890212481423	0.579069468570826	-0.441035448682093	-0.070834122318494
0.179168255845109	0.319950507307836	0.63225743970946	0.496532841567095	0.573491541457839	-0.436632053210723	-0.0700618481514429
0.177245473265466	0.316545789098793	0.626046202254055	0.491128307008832	0.567830762544182	-0.432172650973967	-0.0692835542832806
0.175304378539374	0.313106919218379	0.619741996163051	0.485676116479192	0.562087025541433	-0.427657043861693	-0.0684991635746656
0.173344806584823	0.309633629404043	0.613344729675513	0.480175774520194	0.55626022551199	-0.423085033431905	-0.0677085986632909
0.17136659107371	0.306125650531291	0.606854312342451	0.474626782698169	0.550350258742945	-0.418456421026041	-0.0669117819503567
0.169369564803342	0.302582711856288	0.600270655159042	0.46902863979228	0.544357022186623	-0.413771008478938	-0.0661086353960427
0.167353559283355	0.299004542260338	0.593593670171807	0.463380841880101	0.538280414114099	-0.409028597092007	-0.0652990808636842
0.165318405152274	0.295390869393791	0.586823270643154	0.457682882542264	0.532120333497171	-0.404228988440711	-0.06448303988772
0.163263932055092	0.291741420191807	0.579959370849491	0.451934252996458	0.525876680216395	-0.399371983985923	-0.0636604338190546
0.161189968708684	0.288055920909218	0.573001885998299	0.446134442253755	0.519549354973288	-0.394457385099344	-0.0628311838372282
0.159096343102038	0.284334096833028	0.565950732243206	0.440282937308264	0.513138259011944	-0.38948499338497	-0.0619952108764496
0.156982882359366	0.280575672836214	0.558805826457311	0.434379223269747	0.50664329433793	-0.384454610251371	-0.0611524357794595
0.154849412829789	0.27678037337165	0.551567086163402	0.428422783539106	0.500064363602087	-0.379366036983761	-0.0603027793009761
0.152695760365874	0.272947921997771	0.544234429597027	0.422413100018882	0.493401369704102	-0.3742190752351	-0.0594461619817018
0.15052175008841	0.26907804219431	0.536807775400605	0.416349653239863	0.486654216159524	-0.369013526369772	-0.0585825043748329
0.148327206676866	0.265170456865128	0.529287042689029	0.410231922579931	0.479822806684769	-0.363749191977743	-0.0577117269161208
0.14611195423973	0.261224888890403	0.521672150809553	0.404059386411169	0.472907045399675	-0.358425873449517	-0.0568337500778792
0.143875816621108	0.257241060612302	0.513963019421426	0.397831522335296	0.465906836403563	-0.353043372520472	-0.0559484942339612
0.141618617164736	0.253218694653815	0.506159568169169	0.391547807315127	0.45882208412722	-0.347601490604945	-0.0550558798884386
0.139340179063105	0.249157513302191	0.498261716784578	0.385207717922255	0.451652692841063	-0.342100029430908	-0.0541558275122284
0.137040325282826	0.245057238942595	0.490269384875454	0.378810730506695	0.444398566778493	-0.33653879072889	-0.0532482576662112
0.134718878617456	0.240917594183751	0.482182491806147	0.372356321397828	0.43705961007575	-0.330917576202673	-0.0523330910423996
0.132375661776636	0.236738301893264	0.474000956598088	0.365843967110382	0.42963572665403	-0.325236187578094	-0.0514102484780164
0.130010497630121	0.232519084850379	0.4657246979383	0.359273144581444	0.422126819871914	-0.3194944269947	-0.0504796508672756
0.127623208879441	0.228259666845119	0.457353633785121	0.352643331319725	0.414532793039633	-0.313692096121672	-0.0495412194673308
0.125213618597304	0.223959771588516	0.448887681571379	0.345954005692498	0.406853548618153	-0.307828997201803	-0.0485948756071468
0.122781550042178	0.219619123466185	0.440326757908397	0.339204647107311	0.399088988524567	-0.301904932481354	-0.0476405408995368
0.120326826555055	0.215237448069815	0.431670778328999	0.332394736199905	0.391239014290608	-0.295919703818738	-0.0466781373935458
0.117849272281132	0.210814470683556	0.422919657625155	0.325523755173126	0.383303526012152	-0.289873114129664	-0.0457075871674497
0.115348711397347	0.206349918506032	0.414073309115573	0.318591187882535	0.375282423510679	-0.283764965501759	-0.0447288129428356
0.112824968851652	0.201843519098208	0.405131644985022	0.311596520183603	0.367175605251095	-0.277595060673477	-0.0437417376686084
0.110277870153908	0.197295001199711	0.396094575943931	0.304539240116533	0.358982968660488	-0.271363202399396	-0.0427462847506748
0.107707241550897	0.192704094609523	0.38696201116821	0.297418838172734	0.350704409897	-0.265069193668418	-0.0417423780277352
0.105112909953688	0.188070530659946	0.377733858041317	0.290234807503564	0.342339823953669	-0.258712837367353	-0.040729941908632
0.102494703300137	0.18339404163877	0.368410022223432	0.282986644227281	0.33388910415027	-0.252293936913139	-0.0397089012228739
0.099852450283211	0.178674361773358	0.358990407247077	0.275673847613064	0.325352142535375	-0.245812295469139	-0.0386791814976002
0.0971859808210425	0.173911226394034	0.349474914655041	0.268295920413585	0.316728829217957	-0.239267716810471	-0.0376407087380793
0.094495125851245	0.169104372762297	0.339863443638296	0.260852369068841	0.308019052671528	-0.232660004684832	-0.0365934096630269
0.0917797174598736	0.164253540083986	0.330155890915532	0.253342703979923	0.299222699557598	-0.225988962912385	-0.0355372117170369
0.089039589174441	0.159358469126028	0.320352150735981	0.245766439821305	0.29033965431692	-0.219254395853479	-0.0344720429757122
0.0862745758386035	0.154418902849446	0.310452114554534	0.238123095763453	0.281369799341806	-0.212456107937173	-0.0333978323278728
0.0834845136764011	0.149434586616821	0.300455670869975	0.230412195759271	0.272313014915766	-0.205593903613861	-0.0323145095425714
0.0806692406437664	0.14440526765326	0.290362705242199	0.222633268863168	0.263169178690431	-0.198667587944114	-0.0312220051320723
0.0778285962638813	0.139330695819175	0.280173099946625	0.214785849474814	0.253938165944045	-0.191676966034138	-0.0301202505729534
0.0749624219115526	0.134210623257565	0.26988673394429	0.206869477660871	0.244619849167993	-0.184621843471711	-0.0290091782208048
0.0720705605559782	0.129044805403634	0.25950348245759	0.19888369938717	0.235214098455228	-0.177502025548792	-0.0278887215971185
0.069152857490161	0.123832999535084	0.249023217257396	0.190828066929387	0.225720780434151	-0.170317318687178	-0.0267588150042548
0.0662091598258641	0.118574966416136	0.238445806057953	0.182702139073568	0.216139759028991	-0.163067529103986	-0.0256193939859203
0.0632393166967564	0.113270470154853	0.227771112404806	0.174505481431463	0.206470895150054	-0.155752463055401	-0.0244703953002996
0.0602431798973979	0.107919277008094	0.216998995891127	0.166237666855003	0.196714045772247	-0.148371928052154	-0.0233117566055375
0.0572206031262159	0.102521157661507	0.206129311359028	0.157898275600531	0.186869065060069	-0.140925730957011	-0.0221434170943729
0.0541714427824392	0.0970758856242704	0.195161909202641	0.149486895763113	0.176935803181942	-0.133413679544439	-0.0209653170690421
0.0510955578408081	0.091583237961075	0.184096635029515	0.141003123571476	0.166914106522526	-0.1258355820054	-0.0197773981530202
0.0479928097324147	0.0860429959835614	0.172933329297842	0.132446563669867	0.156803817848971	-0.118191246457552	-0.0185796034939384
0.0448630628592414	0.0804549443783878	0.161671827418406	0.123816829522947	0.146604775558211	-0.110480481871522	-0.0173718775380255
0.0417061843883139	0.074818872147454	0.150311959336262	0.115113543704026	0.136316813994274	-0.10270309738359	-0.0161541663007708
0.038522044537479	0.0691345723127031	0.138853549456539	0.106336338266002	0.125939763026938	-0.0948589027060034	-0.014926417300432
0.035310516544138	0.0634018424091067	0.127296416331183	0.0974848550546787	0.115473448086975	-0.0869477078234504	-0.0136885797064252
0.0320714768894238	0.0576204843870205	0.115640372553348	0.0885587460981037	0.104917689870615	-0.0789693232619232	-0.012440604327152
0.0288048054364679	0.0517903046781619	0.103885224548183	0.0795576739489553	0.0942723041074598	-0.0709235601568791	-0.011182443642725
0.0255103852743028	0.0459111150428607	0.092030772176612	0.0704813120070265	0.0835371018090352	-0.0628102296678021	-0.00991405205154989
0.0221881033803085	0.039982731370096	0.0800768089162603	0.0613293449815683	0.0727118882971377	-0.0546291442129962	-0.00863538555721951
0.018837850007841	0.03400497565012	0.0680231211110416	0.0521014691267348	0.0617964640967947	-0.0463801158565803	-0.00734640232323211
0.0154595195405602	0.0279776743148771	0.0558694882898861	0.0427973927526153	0.0507906236912035	-0.0380629579690456	-0.00604706223493944
0.0120530099917891	0.0219006599490095	0.0436156824910974	0.0334168364920412	0.0396941562548026	-0.0296774838563312	-0.00473732738326524
0.00861822360820894	0.0157737702510385	0.0312614683821722	0.0239595337674389	0.0285068447596327	-0.0212235078548698	-0.00341716179709257
0.00515506663741928	0.00959684910648365	0.0188066027824349	0.0144252311251305	0.0172284663342574	-0.012700844554179	-0.00208653175220444
0.00166344964973037	0.00336974626169613	0.00625083457013399	0.00481368866067481	0.00585879178283317	-0.0041093092563952	-0.000745405699491383
